tree
version=v4
num_class=1
num_tree_per_iteration=1
label_index=0
max_feature_idx=91
objective=regression
feature_names=unique_id month quarter year month_sin month_cos quarter_sin quarter_cos year_idx item_type_month_sin item_type_month_cos Status_month_sin Status_month_cos name_cluster_id_month_sin name_cluster_id_month_cos name_tok_0_month_sin name_tok_0_month_cos name_tok_1_month_sin name_tok_1_month_cos name_tok_2_month_sin name_tok_2_month_cos name_tok_3_month_sin name_tok_3_month_cos name_tok_4_month_sin name_tok_4_month_cos name_tok_5_month_sin name_tok_5_month_cos name_tok_6_month_sin name_tok_6_month_cos name_tok_7_month_sin name_tok_7_month_cos name_tok_8_month_sin name_tok_8_month_cos name_tok_9_month_sin name_tok_9_month_cos name_tok_10_month_sin name_tok_10_month_cos name_tok_11_month_sin name_tok_11_month_cos name_tok_12_month_sin name_tok_12_month_cos name_tok_13_month_sin name_tok_13_month_cos name_tok_14_month_sin name_tok_14_month_cos name_tok_15_month_sin name_tok_15_month_cos lag_1 lag_2 lag_3 lag_6 lag_12 lag_24 roll_mean_3 roll_std_3 roll_mean_6 roll_std_6 roll_mean_12 roll_std_12 diff1 diff12 zero_ratio_12 nonzero_run_length mean_nonzero_12 median_nonzero_12 last_nonzero_value same_month_mean_3y same_month_max_3y same_month_nonzero_rate_3y item_month_nonzero_rate seasonal_amplitude_ratio rolling_12_slope name item_type Status name_cluster_id name_tok_0 name_tok_1 name_tok_2 name_tok_3 name_tok_4 name_tok_5 name_tok_6 name_tok_7 name_tok_8 name_tok_9 name_tok_10 name_tok_11 name_tok_12 name_tok_13 name_tok_14 name_tok_15
feature_infos=-1:6:21:30:37:38:39:40:53:88:95:109:141:227:251:329:331:333:348:361:362:364:365:366:369:370:371:396:398:399:400:404:417:418:419:420:421:422:423:424:425:426:453:479:482:484:575:577:578:579:582:583:584:36:86:138:140:142:144:349:360:367:96:143:165:431:416:395:397:376:265:375:97:363:379:382:380:381:330:372:377:347:250:351:373:378:220:254:350:352:368:122:354:355:427:428:429:356:216:217:255:106:405:406:297:298:299:301:306:340:341:342:343:344:345:346:581:302:132:357:358:219:580:87:90:247:248:435:436:437:438:439:407:408:463:246:359:104:105:440:441:464:465:466:47:221:244:245:110:467:2:10:193:194:196:197:202:311:503:504:510:511:512:513:531:534:544:545:547:548:549:550:560:561:566:569:570:171:442:444:445:243:274:64:174:273:483:485:62:480:481:586:179:546:181:409:410:411:412:443:623:624:625:16:3:4:537:100:126:469:413:414:470:153:468:28:307:84:415:51:332:446:23:514:172:92:101:52:335:336:447:133:135:147:155:334:184:190:472:473:489:491:536:338:593:125:474:475:11:94:199:540:146:530:604:287:288:487:603:605:123:270:339:476:102:103:173:290:291:293:294:31:205:430:615:1:12:56:58:156:203:195:505:403:449:492:502:551:136:192:210:206:207:401:572:450:451:616:272:292:535:15:57:249:402:556:558:559:592:608:59:60:61:204:316:318:319:529:610:612:317:506:508:571:516:517:518:519:520:521:522:93:185:383:598:9:17:19:20:22:27:29:33:35:66:71:73:74:208:211:268:276:308:320:328:384:448:454:462:486:488:490:493:523:532:533:602:634:642:643:644:649:669:682:684:693:711:5:75:76:115:159:256:260:310:323:541:568:594:645:646:647:699:700:137:163:164:175:186:269:455:557:563:591:601:573:574:701:7:82:83:266:459:461:553:564:704:77:177:191:385:539:691:169:388:542:626:638:639:705:113:124:145:209:386:589:590:665:697:45:67:69:78:112:118:198:200:201:433:434:456:460:543:567:661:41:42:108:187:189:224:391:393:629:683:694:698:68:99:116:117:127:130:131:158:160:180:509 [1:12] [1:4] [2009:2022] [-1:1] [-1:1] [-1:1] [-1:1] [1:14] [-25:25] [-25:25] [-1:1] [-1:1] [-1:1] [-1:1] [-2:2.598076211353316] [-2.598076211353316:2] [-3:3] [-3:3] [-5:5] [-5:5] [-3:3] [-3:3] [-3:3] [-3:3] [-3:3] [-3:3] [-3:3] [-3:3] [-3:3] [-3:3] [-2:2] [-2:2] [-2:2] [-2:2] [-2:3] [-3:3] [-3:3] [-3:3] [-2:2] [-2:2] [-2:2] [-2:2] [-2.5980762113533151:3] [-3:3] [-2:2] [-2:2] [-2078.099154440155:8282.9432640239247] [-2078.099154440155:8282.9432640239247] [-2078.099154440155:8282.9432640239247] [-2078.099154440155:8282.9432640239247] [-2523.4232419562427:8282.9432640239247] [-2523.4232419562427:8282.9432640239247] [-1986.8896653796662:4198.9412639621942] [0:4197.1470017007423] [-1638.4728609593574:2094.4812447633271] [0:3634.7992111561171] [-883.79501685864216:1072.3486682314444] [0:2902.9487079622404] [-7761.8332499974285:8969.1667500025724] [-5001.9840731504064:4997.8459268495944] [0:1] [0:29] [0:4499.0683333333336] [0:4429.6750000000002] [0:9991] [0:8165] [0:8440] [0:1] [0:1] [0:1624.9400000000001] [-482.66541782959581:564.68423252005425] -1:27:30:34:36:64:97:103:105:106:259:265:266:268:274:275:278:282:287:288:289:299:305:316:323:325:328:331:332:334:356:362:369:377:384:408:409:411:426:445:494:513:514:531:538:541:550:591:622:625:640:672:714:203:204:206:366:379:495:267:270:301:205:355:378:508:28:26:41:90:393:76:348:88:89:294:81:83:273:626:74:276:281:526:146:87:261:512:269:292:297:23:284:304:373:466:374:286:7:9:509:38:398:25:50:52:54:55:56:57:62:108:449:450:451:452:154:183:291:306:491:150:370:357:358:595:14:684:687:689:690:691:66:49:272:262:271:341:340:682:688:277:293:295:392:8:511:594:104:280:93:399:412:424:427:440:517:518:592:615:618:619:623:628:629:630:631:634:635:636:641:643:644:645:646:649:650:666:692:695:696:95:663:96:413:423:540:543:0:533:668:324:457:418:421:31:32:33:40:479:481:482:686:665:400:675:520:285:345:463:29:43:283:300:403:111:667:42:528:432:620:693:653:603:420:344:360:107:433:676:697:490:337:401:485:487:290:303:414:422:522:607:610:60:330:279:298:465:364:436:516:525:486:713:321:536:677:678:319:329:464:51:405:302:425:504:505:506:507:616:703:527:638:148:654:229:307:515:530:674:708:648:712:35:604:605:683:710:410:489:617:39:431:443:627:318:694:702:404:503:523:1:37:442:673:320:600:602:606:704:110:112:115:312:458:524:529:551:552:671:114:642:647:709:656:657:658:659:661:662:664:85:314:389:611:2:3:4:5:12:18:20:21:22:44:63:78:102:119:130:134:159:161:166:170:211:235:313:317:368:381:428:444:470:473:477:478:484:535:544:545:567:579:588:597:599:685:17:92:113:165:232:252:350:402:407:467:468:472:510:547:549:633:639:61:263:322:419:459:488:498:499:554:652:681:383:447:448:10:59:65:126:141:264:382:429:707:79:212:385:416:546:613:84:101:376:453:480:483:521:72:260:326:327:352:372:406:493:586:15:45:48:58:181:339:343:353:387:456:548:587:621:651:699:701:19:46:82:86:94:125:198:310:347:391:415:589:11:69:71:136:139:179:219:256:309:335:349 -1:7:25:20:21:12:18:4:10:16:24:23:13:6:9:17:11:2:22:3:19:1:14:5:8:15 -1:0:1 none [0:3] [0:3] [0:5] [0:3] [0:3] [0:3] [0:3] [0:3] [0:2] [0:2] [0:3] [0:3] [0:2] [0:2] [0:3] [0:2]
tree_sizes=6603 6636 6594 6602 6617 6627 6633 6762 6757 6606 6606 6622 6867 6626 6626 6628 6644 6776 6634 6635 6767 6639 6786 6886 6589 6732 6634 6950 6773 6867 6762 7057 6859 6873 6860 6775 6741 6905 6872 6850 6862 7010 6963 6969 6892 6886 7002 6874 6632 6970 6934 6863 6891 7021 7160 6928 6886 6960 7199 6950 6960 6978 6898 7104 7005 7001 6656 7188 6773 7007 6891 7100 7014 7014

Tree=0
num_leaves=63
num_cat=0
split_feature=66 85 49 47 67 47 39 70 64 8 70 66 56 57 66 10 66 1 70 66 47 57 56 47 59 47 80 47 28 64 57 66 63 7 47 60 89 49 49 47 3 70 56 56 57 57 3 70 59 47 63 59 49 70 71 90 70 3 56 70 47 47
split_gain=1.59466e+06 1.31701e+06 429129 420090 419195 255237 152034 147018 115821 92280.4 92884.4 74917.3 84456.4 62036.9 61619 58989 55427 73485.9 53602.7 61661 53588.9 53273 46258.8 42555.9 41058.3 29551.8 25143.7 26751.5 24626.5 22087.7 21507 20964.8 19978.9 34710.3 19153.6 17242.7 19184.7 16913.4 18600.8 16503.7 15391.5 20389.6 17964.9 14615.5 13630.5 12123.6 11931.9 11780.1 10876.2 10808.6 8940.68 8551.93 8094.8 8048.67 7786.37 7497.2 7305.46 7143.03 7714.34 6447.41 6366.69 5978.09
threshold=1822.7566666666671 1.0000000180025095e-35 -372.29852931020093 -529.98381173502253 845.37000000000012 -130.8568707203452 0.68301270189221941 0.86663939824656311 122.52250000000002 1.5000000000000002 5.8339180929716985 219.84833333333333 454.66401873799265 -126.52703654010882 108.35333333333335 5.7500000000000009 967.9000000000002 10.500000000000002 2.0685901606526205 410.00000000000006 -52.394192459073452 27.978367706303104 777.47411393108996 -781.12072549953359 9.2173300165837482 -262.84657038398183 1.0000000180025095e-35 -167.99102826874665 -1.0000000180025095e-35 1038.8325000000002 -136.66980336287736 46.765000000000008 1009.6858333333336 1.0000000180025095e-35 -15.252948051835832 0.88642467601492492 1.0000000180025095e-35 132.89048283963584 -140.75705334723094 56.105174787514748 2017.5000000000002 1.1593231588277544 285.90056679857429 124.0497701567422 -151.93452976905363 122.45963464750284 2019.5000000000002 13.409823073722587 -84.189957668836598 100.30226401074184 1265.8083333333336 -0.20960335732476129 -60.276165885754544 1.1593231588277544 15.201731773464138 1.0000000180025095e-35 1.5508948194662484 2017.5000000000002 175.7025479797725 0.25853322488877567 -230.07474487059281 2.0136423963702836
decision_type=2 2 2 2 2 2 2 2 2 2 2 2 2 2 2 2 2 2 2 2 2 2 2 2 2 2 2 2 2 2 2 2 2 2 2 2 2 2 2 2 2 2 2 2 2 2 2 2 2 2 2 2 2 2 2 2 2 2 2 2 2 2
left_child=3 2 -2 7 5 14 8 23 15 -8 -11 12 20 -9 25 -6 24 28 21 39 56 30 -14 29 26 -5 27 -10 -18 50 -13 34 55 -34 -22 36 -25 38 -26 52 42 44 -16 54 -42 47 -28 -33 60 -21 -1 -49 -20 57 61 -23 -7 -32 -59 -47 -43 -36
right_child=1 -3 -4 4 6 11 9 13 16 10 -12 18 22 -15 40 -17 17 -19 19 49 31 32 -24 35 37 -27 46 -29 -30 -31 53 45 33 -35 43 -37 -38 -39 -40 -41 41 48 -44 -45 -46 59 -48 51 -50 -51 -52 -53 -54 -55 -56 -57 -58 58 -60 -61 -62 -63
leaf_value=-40.526739231852545 170.73691516294221 6.909086439062202 75.87375113473891 -15.400550416979305 12.77952444809036 -2.9476480510939527 47.751881006351894 -15.738867031477421 -5.8216528986320863 4.5287195583697422 41.548611763511012 -11.587226254548334 -7.2960594234625766 16.498029198730393 -1.5637108035947425 35.818726537079485 17.383224501123493 33.244737935026343 7.1764048477335365 13.585744543001576 -0.66507666328336268 3.5289855527990173 -30.243910347898758 -5.2035362383791171 -4.0883090396250186 -7.8636970424487735 9.1281269348146257 10.776077979487265 2.7673533176732823 -29.174501967910327 1.3646925793123543 1.0850041598726212 22.569897828013215 0.35949060132224364 0.27729214407331126 -30.938347532882215 -26.958368030239694 -9.0112265712996766 5.0161849295571734 10.531880682089342 -15.616314561763557 -3.3127955842220551 14.297619779519882 -3.5697557800088311 -6.4124640008081872 13.642293000287301 22.077507128793716 7.7230892125947026 -4.8474363719040419 23.678871384270181 -55.719537619539636 2.3297367929155146 2.563530772062494 1.1266770050363109 3.9252816106153627 11.744739025382597 -0.69669540620094073 -2.4124377913088764 -10.012801920456907 3.2759808777606545 3.4344180949672221 0.76449947621634839
leaf_weight=0.19099009456112992 0.24040494463406503 0.48887990415096283 0.23648951528593798 2.1837839209474623 0.59183227200992206 13.818668274907397 0.40055181132629492 0.34473638073541224 0.40153097035363305 0.46859781327657402 0.26540568913333118 0.45657603186555284 0.79982573981396743 0.2631666138768195 0.95083044958300866 0.52364838263019919 0.45507542556151737 0.38046818785369385 1.2621410936117166 0.64176314231008269 49.028974989661947 2.5062893931753942 0.30273026018403471 0.20063088275492114 0.95190020604059067 3.2159013396594656 0.31617086753249157 0.6139898458495735 0.78592905472032715 0.25034546037204564 0.95927723124623421 38.741941956570372 0.44063689257018257 0.29279503715224564 239.68496084073558 0.38792707910761237 0.20477485051378608 0.48261015838943411 1.3661034456454226 1.0686134549323467 0.49643396772444237 0.55872672004625201 0.21978381089866161 2.3089907886460415 2.1206563313025986 0.30146657768636842 0.40673286584205925 1.1358416888397189 1.8215007013641296 0.45212339563295245 0.1964285762514919 2.0827160475309929 3.8585254964418705 3.9212148883379996 1.5786722349002946 0.3122780336998402 4.8766512915026388 1.8461046461015942 0.40757305687293399 0.29852729686535895 0.93422209005802892 85.392723782453686
leaf_count=42 60 54 52 414 52 1790 21 57 55 58 72 74 131 58 233 64 63 50 96 98 3119 397 73 47 109 472 85 80 108 46 217 3423 89 50 5802 96 57 88 95 107 80 62 52 243 260 89 33 32 179 26 61 153 110 493 57 67 521 226 47 53 82 4672
internal_value=0.367197 64.5773 123.695 0.263993 0.360258 0.162802 11.4246 -22.3831 8.77001 28.4486 17.9146 0.354884 0.224185 -1.78323 -6.88602 23.595 6.08566 14.0207 3.47841 6.8141 0.258877 1.29813 -13.5969 -31.1335 3.25104 -10.9118 9.28687 4.21343 8.12698 -40.7499 -1.06682 0.375318 6.3521 13.7032 0.25686 -23.4028 -16.1921 -0.495586 1.27738 4.87998 -3.82526 -4.8593 1.41427 0.394265 -8.15834 1.42739 16.4139 1.32648 -2.25439 17.7574 -48.2298 4.23307 3.70051 -0.393529 0.422285 4.43923 -2.36049 -2.24885 -3.78695 8.48453 0.909316 0.405274
internal_weight=0 0.965774 0.476894 481.73 479.691 471.28 8.41055 2.039 7.27599 1.13456 0.734004 458.779 440.353 0.607903 12.5018 1.11548 6.16051 1.62147 18.4259 7.28317 439.25 11.1427 1.10256 1.4311 4.53904 5.39969 1.73842 1.01552 1.241 0.637764 7.59075 420.555 3.552 0.733432 377.994 0.793333 0.405406 2.80061 2.318 6.18928 7.10215 5.93154 1.17061 328.965 2.61709 42.5605 0.722904 41.9605 3.31445 1.09389 0.387419 3.21856 5.12067 7.13417 326.656 2.81857 18.6953 3.21295 2.25368 0.599994 1.49295 325.078
internal_count=25752 166 112 25586 25122 24089 1033 464 882 151 130 22255 20158 115 1834 116 766 221 2097 437 19954 1660 204 349 545 886 253 135 171 149 1057 17643 603 139 13893 200 104 292 204 313 948 663 285 10774 340 3750 118 3608 323 124 103 185 206 983 10531 464 2311 490 273 142 144 10474
is_linear=0
shrinkage=1


Tree=1
num_leaves=63
num_cat=0
split_feature=66 85 58 47 66 47 49 58 66 51 66 50 65 10 66 47 55 66 44 57 50 66 45 65 51 57 9 51 66 54 50 54 66 32 47 54 63 47 50 51 51 63 51 14 63 66 81 49 10 55 65 60 51 10 1 52 58 87 49 50 47 52
split_gain=1.39805e+06 1.24081e+06 528430 398410 390476 172506 148496 130469 116752 107146 89025.3 65843.3 62908.9 68448.6 56624 50789.2 37785.2 52232.9 36409.7 30731.7 33585.2 30713.3 27954.5 33327.1 26966.6 23843.8 23488.9 20484.6 19990.9 31869 18256.4 16857.9 16770.4 20981.8 15408.2 13862.9 13277 15239.1 12037.3 23702.6 12966.5 11786 12720.1 10407.7 9900.21 10099.2 9182.83 8319.68 7839.92 7183.73 6424.91 6291.27 6191.58 5894.98 5892.54 5493.58 5233.79 5129.65 5009.92 4928.91 4765.66 4672.62
threshold=1822.7566666666671 1.0000000180025095e-35 1077.3570009173429 -529.98381173502253 967.9000000000002 -167.99102826874665 -155.4004929622063 1176.6498103167032 305.89500000000004 469.868118748521 209.16333333333338 -326.93214275172556 250.24500000000003 8.8301270189221963 96.466666666666683 -50.763500255838338 -327.902060316122 714.5100000000001 0.6830127018922193 17.687229601139475 498.60993117261683 78.683333333333351 0.68301270189221941 1227.7300000000002 -711.52698824384913 -232.03305432101476 -8.8301270189221892 -312.45659620627055 162.92333333333337 7.3603425160323983 -160.75782815448761 183.57112532746012 459.84666666666675 -1.0000000180025095e-35 -6.1386993281019757 0.29105016599285544 313.63097222222228 78.224160215578493 -81.083484910465089 414.87536936936948 -141.35274982738056 912.95833333333337 125.73486527804668 1.0000000180025095e-35 942.01875000000018 651.89166666666677 1.0000000180025095e-35 -94.409909817455528 -8.5801270189221945 -54.96341928912959 679.92000000000019 -245.90812848089601 146.98202491641473 -3.9494859272502133e-15 3.5000000000000004 -98.703740958351702 567.30010566292719 1.0000000180025095e-35 58.864622802213489 -244.25908376546539 -30.420357100835982 -273.18230557481246
decision_type=2 2 2 2 2 2 2 2 2 2 2 2 2 2 2 2 2 2 2 2 2 2 2 2 2 2 2 2 2 2 2 2 2 2 2 2 2 2 2 2 2 2 2 2 2 2 2 2 2 2 2 2 2 2 2 2 2 2 2 2 2 2
left_child=3 2 -2 7 5 10 9 16 11 -6 27 14 13 26 -7 28 -1 -18 19 22 38 31 23 36 46 -12 -10 61 47 -30 -8 34 48 -34 60 -23 37 -14 39 40 -21 49 -43 -40 45 -35 -9 -13 -27 -37 -36 -38 56 59 -50 -33 -29 -55 -45 -53 -17 -5
right_child=1 -3 -4 4 6 8 30 24 12 -11 25 15 18 -15 -16 21 17 -19 -20 20 -22 35 -24 -25 -26 32 -28 52 29 -31 -32 55 33 44 50 41 51 -39 43 -41 -42 42 -44 58 -46 -47 -48 -49 54 -51 -52 53 -54 57 -56 -57 -58 -59 -60 -61 -62 -63
leaf_value=-23.108620372056539 68.908677733466462 7.489137515801648 175.59603199131044 -17.279677643664012 16.987840417376724 -28.845991268903415 -1.2254990216494175 -37.387697264719698 14.120955796524379 46.222044749778604 -12.177060411621362 -4.8398703868003441 0.27610810096087013 21.659867449846161 -4.4221844523825151 -1.2873472692634234 -14.147791812732326 13.43863779918601 17.269869489253761 14.268392954058607 -9.3231520056407557 6.3084936997567214 12.518638104814521 -13.944039150041547 -26.739054054022933 1.5240752265306801 3.5524599663330001 -8.4084072815739113 10.570474007028885 -1.1889119362663796 12.098773577907153 -9.2460482534198718 14.367600019587025 -1.2190186083475156 0.11665003274666297 -1.743022330584636 -5.0942342317198293 12.515947133922857 0.27591334485721908 21.152836304099424 3.309442087396997 -0.4554819225610654 15.003082998799602 3.4976794617253439 -6.6850862188899889 8.4967115371960595 -51.052176878721873 -2.448721114165588 -1.836678623792825 1.3740502973600235 2.7615613671872898 -3.2754018491160033 -2.4486173574911092 -3.5254514230024543 -7.3081749530790674 -3.0817185110796572 -13.701171638929623 1.2084876975746912 10.181997905170947 2.7697006832260205 -0.41118782718998637 -12.307844625810814
leaf_weight=0.36620862619020045 0.24922805442474671 0.54480805853381753 0.2172274871263653 1.0899729770608244 0.60672042728401743 0.35469098761677631 0.43070145207457244 0.28580652736127388 0.68898758455179709 0.64836319861933589 0.48805344896391023 4.9097909994889095 0.61437149997800211 0.92687721783295263 0.71706882258877158 18.528259097831324 0.43991058995015853 0.28132231300696731 0.40103492350317616 0.39540872769430269 0.35056746751070011 1.4479263639077569 0.42320008832029987 0.44575596461072553 0.48595052212476708 0.69303873181343068 2.2189993362408122 2.4877595517318687 0.68997315899468858 3.4926749325823039 0.63773714122362324 0.43448024173267219 0.34100837050937105 0.62556395423598565 268.33783301059157 1.9813538871239931 0.73748230794444403 0.4339040273334831 0.89321295870468054 0.373157707042992 0.85044726915657554 0.22798177460208435 0.3196577406488359 0.47342568752355851 0.35408737673424173 0.46725006145425141 0.21577381435781717 14.040961210150272 0.95400465279817614 27.546190701890737 2.3158843470737329 0.41043493244796758 0.35750198573805381 1.5901236527133789 1.0162568038795141 2.1496710067149243 0.57504581357352424 0.89395787473767985 0.68725500558502972 1.8896858808584509 95.596654339926317 0.83428712608292688
leaf_count=63 51 52 58 229 78 75 44 66 104 69 92 615 91 83 90 1315 99 52 54 47 61 40 71 61 125 83 141 356 34 403 93 82 36 108 8792 224 62 47 162 62 106 61 90 76 54 74 69 1813 140 2357 37 62 63 247 118 167 126 21 119 272 5143 102
internal_value=0 58.7368 118.593 -0.115409 -0.0191816 -0.120462 20.4274 -21.9767 0.0230942 32.0899 -6.52491 -0.127038 4.26065 9.82776 -12.5051 -0.0970253 -10.0288 -3.3875 2.46107 1.94296 5.46326 0.0289273 0.0389376 -0.713859 -35.1333 -1.6857 6.05645 -10.9971 -2.3777 0.750926 6.72759 -0.093208 -0.535373 3.21039 -0.0661768 1.52975 0.183776 5.34244 6.87457 10.0986 6.78758 1.29969 8.5677 4.33322 0.580834 2.9351 -43.266 -3.06822 -3.04995 1.16489 0.139282 -0.795581 -8.67533 -0.132946 -4.65887 -4.11814 -9.40213 -1.82183 7.45556 1.69101 -0.553433 -15.1241
internal_weight=0 1.01126 0.466456 473.472 471.397 469.073 2.32352 2.07497 458.789 1.25508 10.2838 443.091 15.6983 3.83486 1.07176 442.019 1.08744 0.721233 11.8634 11.4624 4.02347 418.886 7.43892 7.01572 0.987531 4.93926 2.90799 5.34457 23.1334 4.18265 1.06844 387.363 4.45121 1.78791 384.779 31.5231 6.56996 1.04828 3.67291 1.61901 1.24586 30.0752 0.54764 2.05389 1.4469 1.09281 0.50158 18.9508 2.6633 29.5275 270.654 5.52168 3.42031 4.7842 1.97026 2.58415 3.06281 2.48408 1.16068 2.30012 114.125 1.92426
internal_count=25787 161 109 25626 25152 24868 284 474 23287 147 1581 21338 1949 328 165 21173 214 151 1621 1567 633 18308 934 863 260 705 245 876 2865 437 137 15536 613 272 15287 2772 802 138 572 215 153 2732 151 357 236 182 135 2428 341 2581 8829 664 545 602 258 249 482 268 195 334 6458 331
is_linear=0
shrinkage=0.05


Tree=2
num_leaves=63
num_cat=0
split_feature=66 85 58 53 66 71 59 48 47 66 70 66 50 70 64 70 47 46 59 37 50 9 47 71 3 57 70 48 9 5 66 57 47 70 50 19 66 53 20 65 48 58 57 8 70 54 33 54 63 47 57 59 58 45 64 70 65 20 70 3 59 9
split_gain=1.31424e+06 1.22389e+06 667673 418960 371018 192766 132868 100158 93341.5 96951 75263.4 71807.2 69265.8 59215.5 56117 44043.2 55671.4 43557.3 42230.5 44302.6 31704.5 26623 24512.3 24362.3 23630 21506.9 20933.5 20469.9 19671 19612.8 19277.8 17730.4 16861 16679.3 16206.3 15391.8 14863.7 13987.2 13957.7 13956.2 13704.6 13097.5 12101.8 11994.7 11620 11339.9 10843.2 8651.48 8550.69 8443.34 8289 8239.24 7543.37 7082.67 6771.03 6666.96 6616.98 6587.82 6338.1 8148.9 7235.53 6456.39
threshold=1822.7566666666671 1.0000000180025095e-35 1077.3570009173429 -302.75740553098314 867.34833333333347 94.760674435438474 948.71422681475394 -781.8855438512586 -77.943637781088412 219.84833333333333 2.6574305449574562 206.43000000000004 -546.48864085393154 3.0795512920936914 979.64250000000004 1.7627139568947481 490.19785214016338 0.25000000000000017 30.877995905234176 0.25000000000000022 -228.65692284345579 8.5801270189221945 -654.3842804098889 34.636875919229787 2017.5000000000002 25.783832869263492 0.28410607515722303 -28.376733283638568 15.29422863405995 -0.5 37.696666666666673 -13.929252862093309 -42.844383302330641 1.365286164347598 -133.52751556579204 1.0000000180025095e-35 435.50166666666672 -386.3633192692194 -0.93301270189221908 811.86000000000013 -127.54776642298629 280.7772867504637 -120.24016100084661 1.5000000000000002 1.8651921019157525 198.66296092764108 -1.0000000180025095e-35 1027.6011679050578 270.82083333333338 -8.0178428284838521 92.194415516158742 195.38572956609769 402.14543594199171 0.25000000000000017 946.69500000000005 1.3520435010287528 451.02000000000004 1.0000000180025095e-35 1.2058000216218865 2018.5000000000002 -169.25343112824316 8.2500000000000018
decision_type=2 2 2 2 2 2 2 2 2 2 2 2 2 2 2 2 2 2 2 2 2 2 2 2 2 2 2 2 2 2 2 2 2 2 2 2 2 2 2 2 2 2 2 2 2 2 2 2 2 2 2 2 2 2 2 2 2 2 2 2 2 2
left_child=3 2 -2 7 5 8 14 36 11 27 22 20 -7 23 17 16 25 21 32 28 -5 -6 -9 39 -18 41 47 44 34 -15 45 48 -17 35 -20 37 -1 -24 -27 42 -22 -11 -13 -16 52 49 -36 -14 -31 -29 -32 55 -10 -46 -52 -40 -51 -55 59 61 -60 -44
right_child=1 -3 -4 4 6 12 -8 10 9 15 -12 13 26 29 43 18 24 -19 19 -21 40 -23 33 -25 -26 38 -28 30 -30 31 50 -33 -34 -35 46 -37 -38 -39 51 -41 -42 -43 58 -45 53 -47 -48 -49 -50 56 54 -53 -54 57 -56 -57 -58 -59 60 -61 -62 -63
leaf_value=-41.201398408013944 59.785319790640557 3.9989562488263424 175.5171460800843 -11.568478747033524 20.709148209222555 -43.044060187150066 39.860007297972047 -27.973848662400169 -1.5491203393540893 -0.77938975747964412 13.480599219564363 -7.2621711303648642 -13.277590621181023 0.62200272317261307 -2.4790853637820955 9.2369663697849322 25.843703160838984 33.245737605155064 1.0571715296148094 24.499252158320985 -6.9752549872779994 5.5924182459440122 -22.941477347051201 -14.452244234936956 6.6628834577068137 11.307916989915135 -1.6043591017267336 -0.55037351187647809 18.405112820397679 9.5725169279861007 0.88444751403625321 3.5902452700789151 2.0964108211669639 -2.4057763248020478 15.921413192621465 -7.6576242914544865 -25.640998617608865 -13.863066126885299 2.7449382164087464 7.8082139605001091 -3.3952925701672614 -9.639081842846247 -2.098916619931257 8.4163416068187935 -0.25798627244311723 -4.3724098800306583 6.9252674199452473 -26.490397416503608 19.021505501817607 0.034364654417500827 3.0605308411570604 -2.1141279858765332 -7.4464346239666419 -0.40980220859993088 12.261489718909344 11.016338532404514 2.0352739408930161 6.1757079092646654 4.1386340240505275 -5.2628317377142348 -1.1471605866914314 7.2223006784019592
leaf_weight=0.36607154249213669 0.27537755691446253 0.54480805853381753 0.22764415433630347 1.7153225424699474 0.63062384002841987 0.28015011223033071 0.53660426358692337 0.32907158019952554 28.28206599899568 5.5194244892336428 0.24947781581431616 0.85473794396966685 0.25649660918861517 0.69710359908640418 0.47069753194227792 1.018435923149809 0.29832631722092706 0.37804193445481349 0.87210498657077629 0.48747838311828662 3.6531461291015139 0.54123659478500485 0.66071549081243719 0.36374006932601322 0.34774029417894781 0.49693697225302491 0.23733399668708444 70.120004932396114 0.40775193623267103 0.43107323045842361 47.566027040127665 0.55127394478768077 4.3917201068252307 0.3000501978676765 0.46851469296962145 0.56141848652623583 0.26425775699317455 1.1856358780059946 1.71542702941224 0.40725281182676543 9.9670871482230741 0.45125377201475192 0.55272774468175923 0.5451782641466707 8.6316352372523379 1.5324410120956589 1.1749747248832125 0.23964083660393953 0.53853944945149124 265.45531921018846 0.81869467254727968 0.78908689902164031 0.55284654558636148 0.65562174306250998 0.26457022153772414 0.28394255228340615 4.1971875329036257 0.9025187820661813 1.0070154147688302 1.3420365161728112 1.8130845497362313 0.27982321032322943
leaf_count=95 57 52 60 291 95 75 78 73 2675 776 52 150 44 59 18 98 63 50 95 51 508 64 167 49 50 83 43 4038 49 61 3241 47 167 46 62 101 46 176 314 68 1268 52 125 94 735 148 155 64 46 7769 148 119 86 69 83 38 46 47 110 162 219 57
internal_value=0 55.9229 112.16 -0.134905 -0.000895354 -0.113962 17.2336 -16.421 -0.0671747 0.0962331 -12.9193 -3.09349 -21.8952 0.496084 12.5016 3.61816 1.32933 18.4881 6.18753 10.5447 -5.16228 13.7273 -15.088 -1.87277 15.5198 0.338846 -13.8173 -0.0574842 8.21768 7.5668 0.0517788 10.75 3.44059 -13.5221 6.5664 -14.9074 -34.6779 -17.1118 3.58795 -1.14144 -4.35549 -1.44899 -1.76454 3.36804 -1.1493 -0.080948 9.48983 -19.6595 14.8206 -0.0615926 0.98294 2.21216 -1.66219 0.302085 5.30772 3.91961 0.0655092 3.40471 -0.823736 -2.85207 0.740317 1.03398
internal_weight=0 1.04783 0.503022 479.909 475.992 472.89 3.10238 3.9167 471.876 447.702 3.28637 24.174 1.01362 8.83841 2.56578 18.7231 9.90214 1.5499 8.82098 3.41082 15.3356 1.17186 3.03689 6.62042 0.646067 9.25607 0.733471 428.979 2.92335 2.21799 389.954 1.52089 5.41016 2.70782 2.51559 2.40777 0.630329 1.84635 3.28539 6.25668 13.6202 5.97068 5.84943 1.01588 39.0247 341.305 1.64349 0.496137 0.969613 339.773 48.6493 2.78846 28.8349 10.1898 1.08326 1.99937 269.653 1.55814 4.99469 2.17459 2.8201 0.832551
internal_count=26027 169 117 25858 25102 24703 399 756 24477 21257 615 3220 226 1153 321 2172 1495 209 677 412 2067 159 563 940 113 1382 151 19085 361 213 15473 154 265 490 312 444 141 343 554 891 1776 828 823 112 3612 12001 217 108 107 11853 3472 471 2761 851 231 352 7815 116 673 344 329 182
is_linear=0
shrinkage=0.05


Tree=3
num_leaves=63
num_cat=0
split_feature=66 70 53 67 71 59 58 51 48 58 70 6 46 67 10 63 67 47 34 50 70 70 51 70 51 53 47 51 67 66 3 50 68 53 3 14 63 48 48 63 3 70 22 58 47 67 47 58 47 59 3 65 70 70 50 53 54 51 66 70 47 66
split_gain=1.32937e+06 1.26736e+06 346207 307894 175069 111539 89587.1 88350.7 100782 85618.6 65287 78308 58435.4 53331.9 49837.5 47762.1 34987.5 54414.3 28927.5 28285.5 25068.1 23919.3 22450.7 21391.2 20160.1 21845.9 18675.7 25293.1 18510.2 14704.9 14235.8 14138.6 13939.3 20399.9 13729.9 13181.8 18887.7 12337.5 11911.3 11817.1 12799.9 11009.7 10891.3 10391.1 9629.73 8833.59 8391.05 7980.53 7686.19 6864.39 6707.59 11690.6 6334 5714.71 5593.55 5544.13 5219.98 4996.34 4967.39 4879.11 5213.88 4869.54
threshold=1822.7566666666671 3.6669496321448789 -302.75740553098314 960.48000000000013 78.444212472643969 948.71422681475394 1263.9405585573315 288.55254010975119 -138.98559235708933 1520.0928040080537 3.9188472645529191 0.50000000000000022 1.0000000180025095e-35 1735.2800000000002 12.124355652982141 400.67208333333338 222.18000000000004 -55.519854871194418 0.25000000000000017 -228.65692284345579 1.1963001323251612 0.3404328896523327 -638.37108322465497 1.4573301347426915 366.08093507427947 -547.27980752752467 -167.99102826874665 -69.138586581890408 1462.4950000000001 416.5841666666667 2019.5000000000002 -112.7931665894002 0.41666666666666669 101.21375983652415 2021.5000000000002 -0.68301270189221908 1009.6858333333336 -781.8855438512586 -16.106769546962795 702.01666666666677 2020.5000000000002 1.0526687805440611 1.0000000180025095e-35 310.38565454307729 6.6949632492940134 612.35000000000014 -94.810680660328515 794.22466189021009 70.169967270437766 2.5747872198574275 2018.5000000000002 344.97000000000008 0.60956537523516985 1.8394956353055287 -259.86403657735667 -386.3633192692194 162.08570560700585 -281.7737420340348 82.291666666666671 16.011126564673162 5.3564535963151281 459.84666666666675
decision_type=2 2 2 2 2 2 2 2 2 2 2 2 2 2 2 2 2 2 2 2 2 2 2 2 2 2 2 2 2 2 2 2 2 2 2 2 2 2 2 2 2 2 2 2 2 2 2 2 2 2 2 2 2 2 2 2 2 2 2 2 2 2
left_child=2 -2 6 4 7 10 13 8 20 21 26 14 18 24 15 -12 17 46 32 -7 43 47 37 30 25 -1 28 31 -5 -14 35 -28 -9 61 45 -18 -37 -8 53 -29 -41 -32 54 48 -40 59 57 -6 -4 -36 -47 -52 -27 -19 -22 -54 -46 -10 -55 60 -25 -34
right_child=1 -3 3 5 9 19 22 12 16 -11 11 -13 29 -15 -16 -17 23 38 -20 -21 42 -23 -24 34 -26 52 27 39 -30 -31 41 -33 33 -35 49 36 -38 -39 44 40 -42 -43 -44 -45 56 50 -48 -49 -50 -51 51 -53 55 58 -56 -57 -58 -59 -60 -61 -62 -63
leaf_value=-26.075135699248417 17.928473693968996 134.68998973674928 -6.5476536999942567 -5.5542132224227458 -12.704997008880921 40.066982988531493 -42.670447289741887 -3.8003113198232081 -9.803845102829813 -42.976217812674349 17.5343849028283 -2.442522828831251 11.384324075259897 7.1543148522119084 7.3892832389336141 37.895833450207498 -2.5711158986779914 -1.0325541194738814 13.980944942511286 18.826639199763257 -8.0716809112672578 -1.2012658941295009 -18.774829647560793 0.16293537471639274 -1.1863954338538851 -14.868504817591706 20.945219986240609 10.440864477882908 7.0332994663472697 24.061797849998722 -4.5393377095333207 7.2548310073159605 1.0780172751226365 11.417081808425509 7.3800770463511318 2.1016895798904316 14.106942098205423 -26.892257912973562 -0.068383095844075661 5.3849914903909717 -6.0266791416575956 -0.15210965799965667 5.9513033332969947 -9.7624777939260365 0.68467564504622291 -0.014429810057865883 -2.193929623412763 -22.99001479570218 -0.33848118581345749 3.1567539879588056 11.929414345874738 2.7726545861877616 -13.536739616838569 -0.30069718696550152 -2.0259800171723228 -5.2231061718568421 -2.3408656864391251 -4.1980103432020739 2.0937091657512434 4.6804915103170845 2.1814149919001067 5.4122917203007912
leaf_weight=0.3624475998803981 0.71233466360717901 0.34494119882583618 2.9901613940019147 0.72007387620396934 0.50938919186591991 0.36345293000340462 0.2925724727101624 0.74147399421781202 0.429897563997656 0.26824534940533329 0.66348442411981545 0.46466821315698315 0.48307710187509645 0.36085231672041107 0.49031391739845265 0.50892713665962219 1.321459685452284 41.648173804860562 0.61941027105785895 0.27558908588252951 0.44602821976877827 0.37250964273698628 0.3022069097496568 6.1651781622786093 0.30920339655131091 1.3867836918216196 0.41069399961270392 0.41459985566325375 0.49134960677474737 0.43444860866293311 2.2874214639887214 0.3487194960471246 2.7469932297244672 0.702350967330858 1.9076114266645157 3.5863139803987001 0.36056295409798611 0.21489554992876947 288.7321340222843 0.56242959364317358 0.43637639284133911 3.8149093354586512 0.39226700551807869 2.4006637795828283 61.417771667940542 0.47380814980715413 9.4940125888679159 0.29950434854254127 0.59809925081208337 1.9411974060349164 0.6298310311976818 0.78056800574995577 0.39233191264793277 16.040994536364455 2.6899820247199386 0.41020947438664723 1.4594930282328267 5.2705143608618519 2.5042254540603599 1.0999030652455974 6.6503151461947709 0.84810269018635143
leaf_count=71 83 85 417 96 70 65 80 41 52 74 74 41 87 59 45 74 263 3101 82 43 73 49 79 481 41 245 48 47 70 24 245 52 168 136 93 711 74 51 8339 100 30 390 43 374 4264 122 1275 78 100 93 49 59 61 939 316 69 186 736 245 75 298 63
internal_value=0 56.0225 -0.10445 0.0176667 -0.126093 11.1329 -14.6958 -0.0730457 -0.153994 -17.4753 8.84021 15.7038 5.68223 -10.9593 20.775 26.373 -0.0481734 -0.165958 3.78422 30.907 -5.2466 -11.6852 -29.5638 1.5732 -13.2439 -14.705 4.52565 7.29906 -0.448757 17.3871 -0.152808 14.6587 2.53079 3.62315 2.57206 1.75124 3.19842 -35.9889 -0.0575372 3.3448 0.399255 -1.79664 -1.90335 -7.21622 0.0537255 1.91971 -3.1044 -16.5132 -5.5127 5.24999 5.13262 6.86172 -12.8226 -0.707459 -2.88585 -9.28732 0.614447 -4.62078 0.0226278 1.48467 1.21038 2.1005
internal_weight=0 1.05728 485.741 481.71 475.559 6.15068 4.0315 474.109 467.533 1.44965 5.51164 2.12739 6.57586 3.22183 1.66273 1.17241 458.016 426.997 5.65833 0.639042 9.5172 1.1814 0.809675 31.0191 2.86098 2.55177 3.38424 2.17282 1.21142 0.917526 11.3707 0.759413 5.03892 4.29745 19.6484 5.26834 3.94688 0.507468 411.803 1.41341 0.998806 6.10233 3.52828 5.98892 351.609 15.7996 15.1944 0.808894 3.58826 3.84881 1.88421 1.4104 2.18933 60.1934 3.13601 0.802541 62.8773 5.70041 18.5452 13.9154 12.8155 3.5951
internal_count=25994 168 25826 25070 24285 785 756 24014 23413 271 677 234 601 546 193 148 22090 19137 490 108 1323 197 210 2953 487 446 443 277 166 111 1683 100 408 367 1270 1048 785 131 17074 177 130 635 432 891 12789 1084 2063 148 517 186 230 108 375 4285 389 130 4450 788 1184 854 779 231
is_linear=0
shrinkage=0.05


Tree=4
num_leaves=63
num_cat=0
split_feature=66 85 67 53 66 71 59 53 70 67 48 51 66 39 41 48 66 56 63 70 66 53 66 51 52 70 13 51 53 20 65 52 70 66 51 49 10 9 51 10 56 67 66 48 49 52 51 65 65 34 8 49 53 52 56 51 48 55 59 67 71 55
split_gain=1.1296e+06 1.17067e+06 527590 323448 335999 187479 91006.7 87054.9 85049 75526.9 102595 67900.8 57801.2 47369.3 49480.1 30789.5 30204.8 37025.9 27457.2 26729.7 27290.2 26036.1 25164.6 24645.6 23049 18092.6 18045.5 16956 15144.9 14765 19280.1 13158.9 12897.2 28871.4 16626.9 16418.2 13552.1 12159.3 12063.7 12005.7 11615.1 11141 10975 9999.77 9731.37 9643.83 7942.32 7716.08 7175.18 7069.76 6772.64 9164.3 6470.01 6450.27 9911.38 6335.53 6300.59 5978.74 5782.69 5273.51 5141.15 5363.78
threshold=1822.7566666666671 1.0000000180025095e-35 4214.1650000000009 -302.75740553098314 867.34833333333347 94.760674435438474 948.71422681475394 -892.38831261473922 8.0998348958135669 612.35000000000014 -127.54776642298629 -854.11216025768647 752.93666666666672 0.68301270189221941 -1.0000000180025095e-35 -354.04934247279652 159.7416666666667 137.8377094339647 847.31142857142868 2.0685901606526205 248.22166666666669 -32.106197221450593 1246.2700000000002 201.3062640129485 -468.36638479411232 0.28410607515722303 -0.93301270189221919 -211.63819666520212 -224.51311315058493 -2.7554552980815443e-16 811.86000000000013 58.269291418447033 1.4409964584121309 651.89166666666677 288.55254010975119 -54.016417581070428 10.196152422706634 12.062177826491073 -178.4592185274422 14.361215932167728 530.9234500182032 1636.1500000000003 32.166666666666679 -654.90526585011173 240.98772818340723 -424.05570873208541 -32.236459271719653 640.30500000000018 457.61000000000007 0.25000000000000017 1.5000000000000002 -434.50755614965993 -88.848302711732273 3.4162703594379535 226.61579308084657 288.55254010975119 -10.408106218938526 27.27474255340567 128.96556198292657 479.24500000000006 34.636875919229787 -74.544789517271951
decision_type=2 2 2 2 2 2 2 2 2 2 2 2 2 2 2 2 2 2 2 2 2 2 2 2 2 2 2 2 2 2 2 2 2 2 2 2 2 2 2 2 2 2 2 2 2 2 2 2 2 2 2 2 2 2 2 2 2 2 2 2 2 2
left_child=3 2 -2 7 5 9 8 -1 18 10 28 -7 24 14 -11 -16 17 21 23 29 59 52 41 -6 43 45 -17 -19 -5 30 57 -29 39 34 36 -35 38 49 -34 44 58 -20 48 -9 53 -13 50 -33 56 -22 -26 -52 -12 54 -28 60 -23 -18 -30 -21 61 -31
right_child=1 -3 -4 4 6 11 -8 12 -10 13 16 25 -14 -15 15 26 19 27 22 20 37 42 -24 -25 46 -27 32 31 40 55 -32 47 33 35 -36 -37 -38 -39 -40 -41 -42 -43 -44 -45 -46 -47 -48 -49 -50 -51 51 -53 -54 -55 -56 -57 -58 -59 -60 -61 -62 -63
leaf_value=-36.273290134122469 59.524822871574386 4.9215539350596957 167.16733347075228 -9.9428088369865222 6.1055780106128612 -42.366301352618862 36.268281987048589 -30.854804006882375 32.754618510660762 13.818030525156557 -3.9286561827882154 -26.743501724561426 3.4563337771057308 16.852897175990702 -9.9537457560087184 -6.2919095841841788 0.45874254572199924 -8.3590180497905902 5.2080429781496136 2.9830726542889376 4.3449023209933397 -0.59106705666148185 13.500837001455309 22.961387678931469 -7.5072311387766293 -1.6846624629674611 1.247474001719109 -2.7946077408469887 -4.8134479351387744 -4.4529232942726988 12.552782483029233 0.37707239063525311 12.00249982620171 17.259683247676858 0.5506342173244978 4.5998769839642923 12.55273530602302 15.0683847379632 2.023759945221602 -7.4536315273530667 -10.397301087866854 -5.8803141863267854 0.64540338943210618 -18.03239660743575 9.076089057595679 -12.994306745137715 -6.166330399706295 11.567103622312398 1.9397468894647885 11.134633710058916 -20.921352810579961 -12.539163569066408 -1.3575420578842481 4.1910651274632604 -8.7709048161462135 5.897496532348832 -0.0082539824558862229 6.1081404396782144 -1.9552407468186239 -0.61455725858600363 -5.869745557361834 -0.24876379685252403
leaf_weight=0.39968240843154479 0.23282144148833939 0.57674222579225898 0.2227342592086643 1.4300869882572431 0.38332216721028123 0.28067029756493866 0.47829451737925399 0.23460922040976584 0.43965083360671986 0.98312854114919623 2.7572219846770194 0.21570911607705057 0.53702472895383824 0.66247218684293407 0.50554108829237421 0.52827615151181539 2.2592330973129719 1.3080120550002892 0.43594317277893402 4.9548929147422296 1.1717368257232013 55.793842916144058 0.49068230111151934 0.49937935033813119 0.39043671963736537 0.22513963747769594 0.72393347136676378 8.9089283309876883 5.0706109420862031 0.84533145464956483 0.47071062121540297 0.41631829249672669 0.3750443416647572 0.61125266016460955 3.205284679774195 0.44077574717812218 0.59720301255583752 0.55443307361565519 1.5740990168415052 0.43011983344331373 0.73352877818979312 0.47158290282823145 61.734174179146066 0.43209436954930502 0.36994211608543981 0.31201123190112301 0.46267452090978478 0.24454617337323725 4.3396386683452866 0.56983814481645811 0.44905717414803903 1.1906975221354501 21.73465966549702 0.62571554328314949 0.37463407311588526 0.34816953865811306 274.62997635803185 0.59078866709023703 2.7183148609474301 1.2821966970805077 0.50647482159547585 7.4003401950467387
leaf_count=97 47 56 61 273 85 71 72 57 29 95 362 60 88 90 96 47 249 146 63 297 147 3304 53 52 45 38 106 956 657 125 97 66 58 76 84 78 59 31 185 71 139 41 3910 110 57 64 77 62 51 61 94 205 2044 116 47 77 8385 95 374 19 71 1087
internal_value=0 52.2437 112.154 -0.115521 0.00411676 -0.104462 16.1546 -14.1059 12.6185 -0.058155 -0.159736 -21.3767 -11.7091 3.85686 3.09798 2.08086 -0.049366 -0.139317 8.73723 1.80453 3.95908 -0.0648979 4.37844 15.6416 -14.2867 -13.5516 2.69813 -3.01945 -5.18138 0.324375 3.17814 -2.28963 3.20726 4.33974 2.94674 11.9555 5.9629 8.6195 3.94382 0.155009 -4.3824 -0.553863 0.0328288 -22.5445 1.7177 -18.6144 -12.0782 4.51783 -0.0801369 6.56648 -13.4255 -14.8347 -1.64699 0.13897 -2.169 -0.716973 -0.106665 1.62982 -3.81594 2.24349 -0.980104 -0.679767
internal_weight=0 1.0323 0.455556 483.11 479.014 475.815 3.19886 4.09628 2.72056 474.781 462.774 1.03353 3.69659 12.0074 11.345 10.3618 452.821 431.867 2.28091 20.9541 8.5331 420.99 1.39821 0.882702 3.15957 0.75286 9.85628 10.8778 9.95254 12.421 3.32073 9.56979 9.328 6.80366 5.75163 1.05203 2.54635 2.29601 1.94914 2.52435 8.52245 0.907526 396.498 0.666704 2.09423 0.52772 2.49287 0.660864 334.763 1.74157 2.03019 1.63975 24.4919 1.72428 1.09857 9.10032 330.424 2.85002 7.78893 6.23709 8.75215 8.24567
internal_count=25915 164 108 25751 24978 24583 395 773 323 24350 23085 233 676 1265 1175 1080 21642 19286 294 2356 555 18056 157 137 588 162 984 1230 1443 1801 441 1084 937 540 386 154 302 239 243 397 1170 104 15650 167 326 124 421 128 11740 208 344 299 2406 269 153 1360 11689 344 1031 316 1283 1212
is_linear=0
shrinkage=0.05


Tree=5
num_leaves=63
num_cat=0
split_feature=51 41 53 66 56 48 39 52 66 47 51 51 70 49 57 70 65 57 70 66 10 23 48 70 48 57 58 70 70 57 47 66 10 70 3 70 67 78 70 48 13 65 5 64 53 10 58 56 47 63 48 70 56 52 53 70 63 51 3 67 48 10
split_gain=1.06211e+06 1.22771e+06 319266 246683 154139 85465.7 84914.2 74568.7 64448.5 89236 60075.1 58142.3 45241 40007 37397.6 36252.7 35680.5 29131.1 31221.6 26836.4 22696.5 34092.3 21990.9 20977.9 20766.7 20149.2 16082.9 14676.8 17404.2 14660.2 12597.3 12458.7 18775.6 13148.3 11949.5 12089.8 11325.5 10534.3 15861.7 11837.4 9928.98 9453.36 8318.23 9862.29 8055.95 7606.51 7575.52 7525.27 10768.4 7454.58 7096.64 10820.7 7079.55 6567.08 6484.23 6198.13 5956.69 5834.88 5577.69 5985.45 5386.46 5321.73
threshold=1374.5528624259966 -1.0000000180025095e-35 -282.42969358483441 967.9000000000002 701.56819402954818 -654.90526585011173 1.0000000180025095e-35 -857.68707665835075 402.7383333333334 -77.943637781088412 169.27337496087338 544.16612634051569 4.3328245541936097 -193.63849651927742 92.194415516158742 1.1593231588277544 547.10500000000013 -82.131913260413384 1.7828626636343683 80.110000000000014 8.8301270189221963 -1.0000000180025095e-35 -160.95606902531128 11.335429170239118 -25.984317169355574 122.45963464750284 749.79385276230471 1.6539053300994524 0.21349898803422859 -30.572155193701004 -781.12072549953359 289.06500000000005 5.8170722959499284e-16 5.2761060928600205 2019.5000000000002 0.93399679941061209 1045.3550000000002 1.0000000180025095e-35 1.365286164347598 -370.88017723148602 -0.93301270189221919 457.61000000000007 -0.93301270189221919 254.91750000000002 559.25034240768787 8.2500000000000036 10.312858986720229 157.92875128307236 16.870670306062596 1083.5641666666668 181.92669143992745 1.2421980060282867 309.12716212818242 271.23262660593787 36.840860035586957 1.2058000216218865 457.41250000000008 -63.185013083394246 2018.5000000000002 80.030000000000015 18.907324895906573 15.79422863405995
decision_type=2 2 2 2 2 2 2 2 2 2 2 2 2 2 2 2 2 2 2 2 2 2 2 2 2 2 2 2 2 2 2 2 2 2 2 2 2 2 2 2 2 2 2 2 2 2 2 2 2 2 2 2 2 2 2 2 2 2 2 2 2 2
left_child=2 -2 5 4 8 15 11 -6 9 22 37 17 25 -3 26 30 20 -5 -19 24 21 -14 -4 53 56 40 -9 28 -21 -28 -1 46 -33 -34 54 41 -23 39 58 -7 -10 -36 -42 -44 -16 49 -29 48 -26 -27 52 -52 -45 55 -30 -24 -11 -50 59 -39 -48 -56
right_child=1 13 3 6 7 10 -8 14 12 19 -12 -13 16 -15 44 -17 -18 18 -20 27 -22 36 23 -25 47 45 29 31 34 -31 -32 32 33 -35 35 -37 -38 38 -40 -41 42 -43 43 50 -46 -47 60 -49 57 -51 51 -53 -54 -55 61 -57 -58 -59 -60 -61 -62 -63
leaf_value=-39.434023932282372 115.62893125918427 20.539122960414467 -6.6579303587864604 -4.6436155456800021 -39.145030101647407 -19.732810184569491 35.191997699274509 -9.397989102962411 -6.3573154529460956 -1.2333105386870118 7.1187534802601142 28.263950690673639 20.698093431281539 -2.3664980715443233 -4.7038569667224044 -10.594247625190969 1.7161236014849575 3.115034710502294 22.777309570874507 10.831978949552102 22.614120773851326 8.8592330724481894 -3.8920426337944463 6.2658035645811969 -0.068762661277831025 6.8804694869945777 -30.32450255584957 5.6476564197255588 -0.1429826215083842 -14.468176062415418 -25.768390224367263 2.1739135301752395 5.0965290213543319 15.732183674830168 -2.8649113460247224 -0.35791261567398502 -3.3605117683535299 -12.108747463696425 0.20845492443612823 -11.090686097490934 7.1772704904861984 -10.785795037302776 8.8918856422176731 0.26893710843425106 7.6990213914376966 2.9271814262584357 0.9719100867705317 -2.8254623118329061 2.3087808956840412 18.521261294171861 -0.6941937714115054 10.167831131943579 -6.3662633606908781 3.3821313158939135 3.8132975511567881 -1.7089576038486687 -5.5718115413348475 0.56815118531138065 -14.962428956098961 -0.96923545649894405 3.2463447335999427 -2.6851888905364381
leaf_weight=0.35397405177354813 0.42235756758600473 0.39117879956029356 4.1762219688389477 0.41422398807480931 0.25464875460602376 0.75524460687302053 0.49195325537584711 0.6413252125494171 0.42924047331325699 30.33822721242905 0.4542090999893843 0.39219743898138393 0.4661792314145714 0.37183346971869358 0.28751606610603619 0.24862128798849881 0.9763759160414337 0.46702863881364398 0.35563854197971523 0.36598884407430787 0.50295561738312233 0.43862523697316669 9.3012111182324535 0.64419879671186286 343.21322605269961 0.27787204226478923 0.24116009450517595 1.0869164392352164 3.1977964269462964 0.36854421207681298 0.32208527415059496 2.2259268506895746 0.63049788540229179 0.53902217256836593 1.56225406937301 6.2619382375851274 0.33400158956646919 0.34014874952845253 0.33596307598054398 0.83356707729399182 0.5860232957638799 0.4963679912034421 0.36628218274563362 4.3347925441339612 0.24038002383895218 0.31792716402560472 15.517241511028262 2.3476262751501045 5.8516848487779489 0.27230550674721599 0.48415593104436982 0.4355521141551435 0.44310405687429 0.39804572891444046 2.7420650795102124 4.9986337684094897 0.81234691292047401 27.16570855001919 0.70365191390737891 0.18681783741340041 3.1278538182377806 0.35593657684512425
leaf_count=90 91 55 557 50 62 165 52 105 59 2809 78 52 57 48 62 39 45 63 69 106 50 78 1310 71 10967 55 50 55 655 99 73 87 67 51 167 618 42 100 61 99 91 51 55 575 46 40 904 260 188 52 79 69 71 69 527 477 86 2343 117 38 266 70
internal_value=0 47.2353 -0.151449 -0.0272658 -0.102439 -13.3571 16.9868 -13.8389 -0.0440027 -0.131706 -9.88272 11.4892 3.79916 9.37669 -10.2164 -26.9198 9.36743 6.17015 11.615 0.0125307 13.6565 10.0197 -3.44115 -2.56552 -0.105513 1.89468 -14.9256 1.28165 0.0625428 -20.7399 -32.9235 2.0714 4.86897 9.99841 -0.20712 -1.4507 3.57672 -12.33 -9.42061 -15.1987 1.01305 -4.77477 1.4888 0.939056 0.943853 9.08411 1.59 -0.00340457 0.0142047 12.642 0.427792 4.44981 -0.346414 -2.9526 1.43641 -3.12893 -1.34645 0.876644 -12.0494 -8.15962 1.35346 3.06667
internal_weight=0 1.18537 486.711 482.177 480.056 4.53428 2.12104 2.03357 478.022 467.357 3.6096 1.62909 10.6654 0.763012 1.77893 0.924681 2.71814 1.23689 0.822667 447.839 1.74176 1.23881 19.5183 15.3421 409.729 7.94726 1.25103 38.1098 14.9823 0.609704 0.676059 23.1275 3.39545 1.16952 14.6164 8.32056 0.772627 3.15539 1.56658 1.58881 7.07915 2.05862 6.64991 6.06389 0.527896 0.868105 19.732 378.578 376.231 0.550178 5.6976 0.919708 4.7779 14.6979 6.2958 14.2998 31.1506 33.0174 1.23062 0.526967 18.6451 3.098
internal_count=25943 194 25749 24889 24603 860 286 424 24179 22761 658 234 1418 103 362 202 272 182 132 20277 227 177 2484 1927 16653 1146 254 3624 2194 149 163 1430 205 118 2088 836 120 580 316 264 999 218 940 849 108 147 1225 13758 13498 107 794 148 646 1856 1252 1787 2895 2531 255 138 1170 597
is_linear=0
shrinkage=0.05


Tree=6
num_leaves=63
num_cat=0
split_feature=67 1 51 67 89 47 1 41 57 80 51 39 58 46 47 55 58 56 53 51 70 53 84 67 51 1 55 48 50 53 57 56 48 51 56 3 50 63 48 67 3 64 47 48 63 47 70 48 47 10 70 64 47 70 86 67 64 57 55 56 1 70
split_gain=927185 1.05358e+06 252717 207536 164715 145434 137635 123429 73667.7 58396.4 56776.5 52223.6 55263.4 48218.5 46277.2 45114.7 38869.2 26408.6 22420.6 21546 20222.3 19820.1 19796.4 19612.3 18020.2 17562.9 15229.3 14034.7 13862.9 13703.4 13502.6 13289.9 12832.2 12117.2 10364.5 10186.8 10681.6 9624.73 9546.78 9529.92 9388.38 9491.3 8776.24 8584.82 8388.77 8260.52 7661.64 6977.1 6784.82 6747.28 6551.92 6335.68 6579.81 7766.44 5914.33 5444.11 5241.37 6342.62 4330.12 4224.95 4198.12 3972.86
threshold=2625.9500000000003 10.500000000000002 -501.73779365149136 960.48000000000013 1.0000000180025095e-35 -230.07474487059281 9.5000000000000018 -1.0000000180025095e-35 -136.66980336287736 1.0000000180025095e-35 288.55254010975119 1.0000000180025095e-35 469.96838695465505 0.25000000000000017 -52.394192459073452 121.43614686401141 1520.0928040080537 162.85832056785011 -73.090246508399701 -255.0576305151564 1.1386244184411998 -27.712442314749151 1.0000000180025095e-35 222.18000000000004 -1114.3738620596841 10.500000000000002 -29.033529454453078 -66.480912920280886 53.000454242808821 195.09002879373398 73.990104869467288 309.12716212818242 -107.19157346885409 -199.06877316178728 571.16159362242661 2021.5000000000002 -97.750405907072462 981.90000000000009 -17.603446478789916 520.88000000000011 2019.5000000000002 849.74000000000012 -130.8568707203452 -160.95606902531128 313.63097222222228 12.938883907133979 0.49635113928204405 219.01407223045734 -426.40151055609266 1.2552629691260372e-15 1.5508948194662484 30.015000000000004 88.087881520958447 1.3520435010287528 1.0000000180025095e-35 793.47500000000014 1.0250000000000001 43.3559826353654 -74.544789517271951 2313.2034548618581 11.500000000000002 1.4248539662168749
decision_type=2 2 2 2 2 2 2 2 2 2 2 2 2 2 2 2 2 2 2 2 2 2 2 2 2 2 2 2 2 2 2 2 2 2 2 2 2 2 2 2 2 2 2 2 2 2 2 2 2 2 2 2 2 2 2 2 2 2 2 2 2 2
left_child=2 -2 4 5 8 19 11 -8 37 -9 14 18 -13 21 20 -10 34 -11 22 46 43 44 42 31 -18 30 -20 -28 -21 32 -23 38 49 -33 -6 55 -37 -1 -16 -30 41 -31 -5 -7 -12 -40 48 -32 -4 61 -29 54 60 -54 -34 58 -47 -58 -22 -26 -53 -25
right_child=1 -3 3 6 16 10 7 9 15 17 13 12 -14 -15 23 -17 24 -19 26 28 35 25 -24 29 59 -27 27 50 39 40 47 33 51 -35 -36 36 -38 -39 45 -41 -42 -43 -44 -45 -46 56 -48 -49 -50 -51 -52 52 53 -55 -56 -57 57 -59 -60 -61 -62 -63
leaf_value=-9.1430235987830599 13.794551365295943 127.11107264343212 -20.081871863923659 4.1651167452232523 -11.577605108321789 -6.2410169685633896 42.376047603270052 4.5926487332157198 18.419019561064069 37.391373802669861 3.0817406673574972 25.628771985746653 4.641108500529632 15.364242462502441 -0.66177501009540551 -4.4525726768339871 -49.069055551310214 16.172519660519299 11.111364250506446 -7.0829940671768643 -2.8897158775117728 1.7214309125056979 -13.077094003857091 -1.6045685506835405 -27.382536669580521 13.697654643610381 -7.9380416385176478 10.305397983035299 -3.870584742345085 5.4529036103901181 5.1903718091581155 -10.240735788756856 6.0351917496398109 -0.76871360143930145 -23.881450331640593 7.7769977646560466 0.40501770477470589 -21.337837194968007 -0.036788324972558545 7.2208496145358225 1.775524128795265 16.293402683935767 -5.4258748852876266 -2.7414512559170312 -3.0862875278807276 1.8545781222770978 -6.8728537981937512 15.893774081062825 -11.512544731698769 -4.3657435074904329 0.73003334683751631 0.97411602022317778 1.0524195104834349 5.7448662838237636 0.83068266981294903 4.1035227690636793 0.2656698201071907 3.1583834251466389 -0.61571045065107377 -36.725274900928106 -2.480147447993581 3.6995330914345526
leaf_weight=0.28890553629025817 0.65638266620226104 0.29836831986904144 0.26335212844424005 0.51933710603043437 0.29429702251218259 1.9820722825825239 0.46966160903684784 0.86482421890832462 0.40466523682698519 0.24753572093322873 0.91500885528512332 0.48945278837345518 0.87325746729038656 0.90270897885784496 53.986875156639144 0.46149605303071439 0.17850673315115273 0.35974303400143981 0.55451918439939563 2.0521970738191153 3.4179565717931819 1.9402925537433473 0.4369386516045779 0.91806085268036175 0.34122671908698976 0.5387626951560377 0.31622038828208987 0.30243990803137455 0.47268043365329493 0.54411715292371698 0.32239319593645621 0.60796694573946297 1.4572836707811831 0.75937199033796676 0.40907931630499661 0.66929020965471897 1.8483671080321062 0.36776408762671053 310.27302842237987 0.32809142069891095 0.72974098101258278 0.32105259480886161 0.44110714783892013 15.126114842016252 1.3866038285195825 8.0844858475029451 0.81611072574742127 0.28850642079487443 1.879432781599462 1.4368253799621014 0.43646068265661597 10.002787316916507 1.9804286209400737 1.5895209698937831 0.87279469054192294 0.45638249837793488 31.865534284384921 2.0147615014575413 5.4020579599309695 0.18750000582076609 0.96440140716731626 0.57361855730414391
leaf_count=63 91 71 59 77 45 252 50 100 67 21 72 72 95 86 3831 69 53 80 63 310 451 88 57 119 93 76 54 50 85 98 73 73 58 107 100 32 131 56 9616 39 55 68 37 2044 89 40 122 68 359 182 63 984 329 163 76 58 2916 463 647 53 67 67
internal_value=0 49.207 -0.114966 -0.0248589 -14.7457 -0.145806 8.9816 20.058 -3.3425 12.9376 -0.0473888 4.05962 12.1794 4.66908 -0.112223 6.23289 -27.056 24.8216 0.379947 -8.00618 -2.04878 2.87839 -4.25379 0.0182498 -35.3332 5.49479 4.40265 0.876889 -4.90582 1.49401 3.76251 -0.0591988 1.13479 -4.98031 -18.7334 -0.45587 2.36477 -15.9727 -0.0426345 0.673786 5.95252 9.47566 -0.239777 -3.14689 -0.634181 0.0522601 -10.9955 10.2452 -12.5657 -1.92036 4.64933 1.66523 1.27727 3.14173 4.0857 -1.22141 0.710653 0.437691 -1.49694 -30.6957 0.670365 0.4351
internal_weight=0 0.954751 479.236 476.303 2.93344 469.991 6.3115 1.94176 1.52283 1.4721 464.179 4.36973 1.36271 6.29428 457.885 0.866161 1.41061 0.607279 3.00702 5.81186 28.9022 5.39157 1.39738 428.983 0.707233 3.08995 1.60964 1.05512 2.85297 21.3906 2.55119 407.592 19.7957 1.36734 0.703376 11.7941 2.51766 0.65667 406.225 0.800772 1.59491 0.86517 0.960444 17.1082 2.30161 352.238 2.9589 0.6109 2.14278 2.9285 0.738901 16.8672 14.5371 3.56995 2.33008 9.2764 41.9648 33.8803 8.82001 0.528727 10.9672 1.49168
internal_count=26033 162 25871 25272 599 24453 819 251 255 201 23479 568 167 552 22927 136 344 101 401 974 3615 466 171 19312 199 305 230 167 434 2266 229 17046 2045 180 145 1319 163 119 16866 124 221 166 114 2296 161 13035 540 141 418 368 113 1677 1543 492 134 1156 3419 3379 1098 146 1051 186
is_linear=0
shrinkage=0.05


Tree=7
num_leaves=63
num_cat=1
split_feature=51 1 58 66 47 51 55 9 1 10 58 66 47 58 49 47 64 60 48 9 50 39 9 9 9 51 71 48 51 56 64 47 80 66 47 3 60 66 0 64 53 20 51 71 8 78 14 71 56 48 67 55 71 71 51 78 48 1 34 71 51 66
split_gain=950302 1.18307e+06 279464 243664 192734 138745 73838.8 60114.1 49027.3 38586 49501.6 36988.5 49429.5 34843.2 34770.8 30087.4 29709.2 28745.3 24520.5 22980.6 22959.4 21097.8 24883 21432.6 20885.2 18858.6 18344.2 18172.1 14514.1 14239.5 12141.1 11503.3 11179.4 10439.5 13047.5 10372.9 10330.2 9321.88 8551.81 8557.91 8523.01 8481.42 8039.96 8036.21 7838.38 7782.34 7019.09 6988.51 6947.46 6895.21 7780.32 6594.55 6415.74 5943.62 5787.62 5601.67 4913.67 4886.67 5331.82 4751.65 4578.52 4541.54
threshold=1374.5528624259966 10.500000000000002 1520.0928040080537 714.5100000000001 -214.49386856940177 544.16612634051569 -327.902060316122 -5.0980762113533169 8.5000000000000018 16.727241335952172 794.22466189021009 219.84833333333333 -71.63634780158857 794.22466189021009 -182.76188152679023 59.299298908362822 43.980000000000011 92.071073574394887 292.86898106747066 -5.5000000000000027 -228.65692284345579 1.0000000180025095e-35 15.29422863405995 15.79422863405995 -16.227241335952161 -1114.3738620596841 -1.5624344146554112 -138.98559235708933 -161.33686699200453 571.16159362242661 244.77250000000004 -654.3842804098889 1.0000000180025095e-35 37.696666666666673 -16.951481359331257 2017.5000000000002 -329.08168475738427 289.06500000000005 0 16.030000000000005 -386.3633192692194 -0.68301270189221941 135.56703729759357 -22.176454845637732 1.5000000000000002 1.0000000180025095e-35 0.93301270189221952 7.6049959228816961 118.32519146273567 -127.54776642298629 175.50000000000003 85.566327828846809 -27.288936562214655 -0.44441586357387963 -126.24791880729714 1.0000000180025095e-35 5.4108605676516897 11.500000000000002 0.6830127018922193 13.860766467645911 -711.52698824384913 380.59833333333341
decision_type=2 2 2 2 2 2 2 2 2 2 2 2 2 2 2 2 2 2 2 2 2 2 2 2 2 2 2 2 2 2 2 2 2 2 2 2 2 2 9 2 2 2 2 2 2 2 2 2 2 2 2 2 2 2 2 2 2 2 2 2 2 2
left_child=2 14 3 4 13 6 -5 -7 25 10 15 12 49 24 -2 17 26 32 21 -17 29 27 -23 -24 -1 -4 -13 36 40 -14 37 -15 -8 34 -22 43 -18 -29 39 -35 -26 -20 -39 -30 -42 -33 52 -47 59 -6 -51 -41 -32 54 -38 -43 -40 58 -54 -36 -27 -37
right_child=1 -3 8 5 11 7 9 -9 -10 -11 -12 16 20 31 -16 19 18 -19 41 -21 33 22 23 -25 28 60 -28 30 35 -31 46 45 -34 38 48 61 53 42 56 51 44 55 -44 -45 -46 47 -48 -49 -50 50 -52 -53 57 -55 -56 -57 -58 -59 -60 -61 -62 -63
leaf_value=2.1886631289350063 18.530070561959516 112.41470102533188 -45.518188142017912 -11.641990590922152 -4.8849355053629973 36.279938381761362 2.6879672992698671 15.56357434450201 -5.4616591076739649 -7.5695793445710784 25.634838581680629 15.235451609835401 -3.2063816416249136 -26.063252596071766 -2.5910554645912365 3.9288104674189377 -10.201068667705059 -10.055056035773026 14.518539311843311 20.005754670734166 -0.95553294174784209 2.2911327399639769 20.311317153344547 3.7842752673972324 -15.964138522752959 -31.598519468355633 4.0296832448233335 1.3436000326877844 9.5597443895772098 -15.24154035486896 -5.3683693217700075 -17.24165306714519 13.113258087899894 7.4404415530105759 -0.020264482874831416 -7.6027420824919778 5.2284851591223411 2.7094404154367941 -0.20787305936995898 2.1645049215337595 -2.1343035408722768 8.7786438455651368 10.008070689128175 -4.2153643000585026 -9.3837290601897703 -2.5389815332802197 4.6328313203486395 -15.310756654604241 -2.6732606884021735 -3.1443234980455461 -0.31482863889725388 7.1747632167395246 0.15887179329830173 -4.6922543520664313 -1.6055642935433156 1.6594054243735661 0.8321338149620694 -3.6970822937368713 6.2170237613814914 2.6627270083524759 -22.294960694629971 -2.0966429827122002
leaf_weight=0.62148467241786409 0.39495361689478159 0.41742191673256457 0.21019999519921839 0.53292803443037007 3.4833021152298889 0.57952228933572769 0.65209015877917431 0.88485575560480334 0.2094607672188431 0.33488760795444239 0.44755790522322048 0.62083532428368926 0.72628647601231822 0.2200171852018683 0.38461944158188888 0.34506162279285491 0.43310828111134503 0.33068488212302316 0.34472120786085714 0.62466150731779624 43.252204695250839 3.378292530309408 0.39842561958357681 0.38642368442378938 0.4268385306932031 0.33504307037219405 0.88704194081947452 2.0646248052362348 0.21694894134998322 0.37147736293263733 0.5777427766006501 0.57756486651487626 0.42457601986825466 1.0988454073667506 298.48144449666142 1.1999499241355804 0.3854953495319936 0.72442730912007369 34.02638228610158 6.2308937832713127 0.42703180643729899 0.60822239331900962 0.78748765075579286 0.20680146105587471 2.9399294934701174 0.23470373428426683 0.79395439126528877 0.19701798702590168 2.4603397201281032 8.7787296944297832 3.3591655602212986 0.73413830390200008 7.2909480836242331 1.2337472194340171 1.5777689248789104 0.50631940830498934 17.047270761337131 0.77839881903491903 0.38223124761134375 1.6594086848199356 0.21847193129360576 0.54441422224044789
leaf_count=97 54 95 58 80 452 72 99 82 55 66 63 67 93 47 48 58 42 45 47 94 3047 157 53 53 65 89 96 141 58 71 43 125 84 12 10395 133 47 97 2710 314 57 83 77 56 473 73 114 62 262 1160 321 185 998 190 191 84 1680 112 35 66 53 69
internal_value=0 44.4833 -0.125339 -0.0685709 -0.191414 10.7388 5.57397 23.762 -26.8909 8.47785 10.3804 -0.0549966 -0.164001 -7.97674 8.1095 7.50832 1.84764 2.83889 1.39527 14.285 -0.0578304 0.963605 4.15431 12.1742 -6.53385 -32.7683 8.64341 0.183604 -7.4431 -7.27901 1.03372 -15.704 6.79911 -0.0382568 -0.143228 -4.17972 -2.95441 3.52801 0.575648 1.49082 -9.30809 7.66442 6.51096 2.83713 -8.46428 -13.4457 0.125578 -8.36743 -0.027122 -2.924 -2.36126 2.6926 -0.270748 -1.97269 -0.263669 5.54448 0.116457 0.0777207 0.460652 -0.00543085 -27.9264 -5.88429
internal_weight=0 1.19699 459.813 458.84 453.683 5.15683 3.69245 1.46438 0.973176 3.15952 2.82463 445.87 421.71 7.8127 0.779573 2.37707 24.1602 1.40735 22.6523 0.969723 406.089 21.1931 4.16314 0.784849 6.5834 0.763715 1.50788 17.0299 5.96191 1.09776 13.3998 1.2293 1.07667 404.991 345.853 2.16811 3.63012 3.57654 59.1375 8.06388 3.7938 1.45926 1.51191 0.42375 3.36696 1.00929 9.82328 0.431722 302.601 15.6212 12.1379 6.96503 9.02932 3.19701 1.96326 1.11454 51.0737 8.45158 7.67318 300.141 0.553515 1.74436
internal_count=26005 197 25808 25553 24810 743 589 154 255 509 443 23495 20768 1315 102 380 2727 228 2564 152 18835 2350 263 106 1008 200 163 2087 911 164 1617 307 183 18671 13770 316 470 315 4901 511 595 214 174 114 530 260 1302 135 10723 1933 1481 499 1188 428 238 167 4390 1145 1033 10461 142 202
cat_boundaries=0 23
cat_threshold=0 1074266176 25616 2149580808 0 67108880 8192 1073741824 1025 0 3072 0 128 0 4096 1 2052 524288 64 262144 0 33556480 1
is_linear=0
shrinkage=0.05


Tree=8
num_leaves=63
num_cat=1
split_feature=66 85 67 53 66 49 52 66 53 53 54 51 64 39 51 56 57 49 63 66 56 64 50 51 53 63 67 53 67 8 53 49 24 51 51 54 63 77 0 51 57 66 63 10 64 24 50 20 1 3 66 54 51 63 10 55 45 53 86 66 63 50
split_gain=776192 789722 482128 216144 233793 95100.5 83112.8 67560.7 67665.5 55153 51111.1 49774.1 46095.4 36971.4 29382.8 27278.6 27260.3 26224.5 25888.9 23705.8 24939.3 18241.1 16816.8 16148.2 15282.3 14496.4 16736.2 14412.4 14290.6 14183.7 13339.7 12135.4 11967.1 10747.7 10396.8 8137.66 7853.38 7731.32 7495.6 7218.59 6735.04 7210.57 7818.9 6642.62 6595.56 5268.19 5231.72 4802.87 4670.7 4666.86 4521.99 4806.99 4166.38 3975.35 3692.35 3974.02 3882.57 3671.01 3594.81 3585.96 3550.03 3980.18
threshold=1822.7566666666671 1.0000000180025095e-35 4214.1650000000009 -302.75740553098314 967.9000000000002 -193.63849651927742 -529.25015569571633 402.7383333333334 -92.299749893253207 -654.16705019156871 1341.1710444964249 469.868118748521 204.73500000000004 0.68301270189221941 414.87536936936948 571.16159362242661 9.9182225234712948 -89.115780699882677 847.31142857142868 78.683333333333351 145.51514918527383 1091.0025000000003 -272.10650120732271 -239.22996428010069 -206.09589072127588 981.90000000000009 1220.7950000000003 236.09739842496032 497.71000000000004 2.5000000000000004 -17.454572801741325 -71.694816157375655 -1.0000000180025095e-35 -501.73779365149136 72.061545634273628 0.29105016599285544 732.83766233766244 1.0000000180025095e-35 0 240.95955233744507 -87.360849700436617 192.63833333333335 232.87500000000003 -11.379165124598847 685.04500000000019 -1.0000000180025095e-35 -160.75782815448761 0.25000000000000028 6.5000000000000009 2018.5000000000002 17.696666666666669 34.302649247948985 -67.226465691297165 392.45166666666671 15.79422863405995 107.3438805801717 1.0000000180025095e-35 -386.3633192692194 1.0000000180025095e-35 60.013333333333343 445.45333333333343 -94.701734255010365
decision_type=2 2 2 2 2 2 2 2 2 2 2 2 2 2 2 2 2 2 2 2 2 2 2 2 2 2 2 2 2 2 2 2 2 2 2 2 2 2 9 2 2 2 2 2 2 2 2 2 2 2 2 2 2 2 2 2 2 2 2 2 2 2
left_child=3 2 -2 9 6 11 10 8 24 21 31 -6 17 16 29 19 25 -9 -7 20 30 49 -18 -17 -8 26 53 35 -26 -11 -10 -5 43 -31 -19 -21 39 44 -37 -34 -40 60 47 -24 -29 -35 -22 58 -38 -1 51 52 -32 -14 55 56 -44 -47 -43 -59 61 -42
right_child=1 -3 -4 4 5 18 7 12 15 14 -12 -13 13 -15 -16 23 22 34 -20 27 46 -23 32 -25 28 -27 -28 37 -30 33 50 -33 36 45 -36 38 48 -39 40 -41 41 42 54 -45 -46 57 -48 -49 -50 -51 -52 -53 -54 -55 -56 -57 -58 59 -60 -61 -62 -63
leaf_value=-24.852536284242635 42.741729153284595 2.7391158999955452 143.29906908767074 1.0596826373403732 15.304723161523905 15.782102926651053 -7.7550929477975536 20.320860724332523 -0.9125396020648131 -4.7499967415267337 -29.254586241577535 37.660769487263664 2.5927174939698046 14.086244499736621 5.1209117661357215 -11.689700919841227 13.37999944367634 0.35784945462203543 1.4298658002870899 4.9567353409032942 -6.4264549182504602 -12.370401970900396 14.721630201172509 -1.3038448314362581 -3.721802311133668 -8.2260682075172493 10.251829874744857 5.0865552141714767 2.2021410573071094 -19.167236565272901 1.2704105588562475 -11.160375757156643 1.3835978129963671 -4.2090058817196567 11.054481964120495 -0.57887753985158774 -5.3629601641781122 0.17098492370551427 -2.2777897766034823 9.2134287673606678 -1.8021565473638621 5.5292611231526969 1.1199324193870595 5.3624951283791917 14.126888913540004 -15.647878981453999 -2.4731532765821496 8.5949413854564813 1.5977634878431899 -34.273190575643291 0.38383181535537814 -1.0772517629059917 -0.051538486634164882 -1.0038668907698369 -1.9163985940567518 6.0589948508202598 4.7159228877894845 -12.219284849481951 1.3001847428273132 -5.018946553994434 3.7244503854500772 0.94342507108200169
leaf_weight=0.32239907840266857 0.25152603769674786 0.55546563072130084 0.22657450567930937 0.32335543143562973 0.45898058032616995 0.51432976825162657 2.0696702869608989 0.57009699521586299 42.480709128081799 0.77488903421908606 0.34957299171946943 0.5441434127278626 0.94290158315561345 0.64544633589685041 0.33793147653341282 0.78895766101777554 0.53434937121346626 0.38077948545105644 0.80752529948949814 1.2338218605145801 0.95841376180760551 0.24962104484438896 0.31002121441997588 0.71204780368134268 8.7062294094357622 0.52929251291789103 0.40260103321634222 0.43546422850340494 1.1528539662249375 0.4882865466643137 6.0961480867117634 0.54657744267023989 0.73599524353630819 0.26335196406580674 0.56311160651966929 5.9638167740777135 0.43368191295303393 0.32725380291230977 1.3035004043485958 0.49057471356354654 1.409738556947558 1.1214606075081963 5.1454721242189407 0.48803192307241339 0.37592231412418187 0.44294935697689752 6.5998137290589503 0.64216466713696707 0.54242434585466981 0.22197719942778349 70.389322126051411 11.237004568101836 267.51761703751981 4.1492389861959964 0.65571015048772086 0.55694537283852685 0.87882831483148027 0.55697223404422014 0.91041059768758703 0.250772874802351 1.064669809071346 20.736469427356504
leaf_count=90 51 54 63 56 62 69 338 66 3318 87 96 56 128 70 53 145 75 71 90 44 87 45 55 97 1129 48 68 59 90 117 69 100 117 59 72 558 74 28 166 47 147 100 545 78 88 101 737 61 78 52 4736 574 7504 485 107 103 94 99 72 55 239 1630
internal_value=0 43.2871 90.3964 -0.089161 0.00685294 15.8235 -0.0706612 -0.037064 -0.13227 -11.7984 -13.1069 27.4317 3.7121 2.50422 -8.80001 -0.0336435 1.72218 11.8535 7.01428 -0.0110996 -0.129237 -23.5621 5.20773 -6.76285 -3.84907 -0.323239 0.438017 1.10857 -3.0291 -10.4939 -0.0751673 -6.61816 3.75246 -12.7168 6.7393 0.956742 1.85186 6.65845 0.834549 4.51519 0.966742 1.3863 2.51528 8.99826 9.27502 -10.6365 -2.97445 4.82563 -1.49487 -28.6939 0.0249683 -0.0637103 -0.0220853 -0.337894 1.66161 2.0181 1.64452 -11.9898 3.63436 -9.98386 0.904233 0.768652
internal_weight=0 1.03357 0.478101 480.643 476.733 2.32498 474.408 473.189 461.47 3.90915 1.21951 1.00312 11.7185 10.2046 3.11515 449.542 9.55911 1.51399 1.32186 448.041 405.279 0.793997 3.53508 1.50101 11.9288 6.02403 5.49474 42.7616 9.85908 2.77722 397.721 0.869933 3.00073 2.00233 0.943891 41.623 2.20268 1.13864 40.3892 1.22657 34.4254 33.1219 9.91099 0.798053 0.811387 1.51405 7.55823 2.67404 0.976106 0.544376 355.24 284.851 273.614 5.09214 7.23696 6.58125 6.0243 1.25069 2.03187 0.807745 23.2109 22.1462
internal_count=25852 168 114 25684 24926 277 24649 24397 22865 758 252 118 1532 1323 571 21308 1253 209 159 21066 17025 187 524 242 1557 729 681 4041 1219 518 16201 156 449 431 143 3866 316 175 3822 164 3264 3098 1082 133 147 314 824 233 152 142 12883 8147 7573 613 849 742 639 255 172 154 2016 1777
cat_boundaries=0 19
cat_threshold=2092 128 128 269484032 4 536870913 0 0 1 2685665353 0 0 0 524288 0 33554496 536871168 1081352 8194
is_linear=0
shrinkage=0.05


Tree=9
num_leaves=63
num_cat=0
split_feature=51 1 53 66 71 49 71 59 66 53 70 51 6 65 51 57 54 57 70 20 9 53 66 3 51 63 51 54 58 63 70 66 51 54 70 3 66 53 20 66 49 53 20 70 70 66 3 49 66 70 54 64 66 53 65 63 60 64 53 53 51 64
split_gain=760192 870074 221854 206982 126675 76275.4 73940.8 64394.1 61364.7 63954.2 60946.8 59200.4 43123.9 34191.2 32583.3 24754 21244.6 20757.5 27722.6 19793.2 19935.3 19622.8 23984.8 17803 20577.3 16557.4 15313 14362.9 13713.7 13178.6 10984.5 9609.8 12340.6 9405.56 9157.2 10885.1 15005.2 8912.78 8499.27 8525.66 7576.97 6928.5 6901.35 9427.02 7587.68 10901.3 8144.63 7440.17 7453.88 6963.3 6415.26 6077.18 6069.29 5495.69 6048.63 4758.13 4705.03 6120.83 4683.24 4620.88 4587.38 4541.49
threshold=1374.5528624259966 10.500000000000002 -302.75740553098314 967.9000000000002 94.760674435438474 -656.83205996241293 -43.570854423939572 948.71422681475394 390.18000000000006 -136.83959539518892 4.1707719947405026 -455.04989542373829 1.0000000180025095e-35 811.86000000000013 414.87536936936948 70.068579162089236 518.72198362686856 -82.131913260413384 2.0340606325576966 1.0000000180025095e-35 8.5801270189221945 -32.106197221450593 86.490000000000009 2018.5000000000002 72.061545634273628 1047.0491666666669 -501.73779365149136 144.39615469037622 490.17625387172967 1265.8083333333336 1.740977746705983 192.63833333333335 -51.540262734168365 0.31844571708272995 1.7146759343942446 2019.5000000000002 589.25166666666678 195.09002879373398 -1.0000000180025095e-35 245.26333333333335 -1048.388812485249 -224.51311315058493 1.6160254037844388 0.28934520146470338 1.3520435010287528 320.78166666666669 2019.5000000000002 -32.446734332804624 235.38500000000002 0.86663939824656311 46.290875339553061 788.0825000000001 73.543333333333351 -4.1182633053221194 377.21500000000009 232.87500000000003 -46.349646823764466 685.04500000000019 -105.90009422049577 195.09002879373398 -169.71993777006762 109.05000000000001
decision_type=2 2 2 2 2 2 2 2 2 2 2 2 2 2 2 2 2 2 2 2 2 2 2 2 2 2 2 2 2 2 2 2 2 2 2 2 2 2 2 2 2 2 2 2 2 2 2 2 2 2 2 2 2 2 2 2 2 2 2 2 2 2
left_child=2 12 5 4 8 26 -5 17 9 41 15 29 -2 23 38 25 21 -8 -19 20 28 30 27 24 -12 34 40 53 51 -6 -11 58 -33 -24 -10 -36 -37 -18 39 -7 -1 -4 43 59 46 47 -45 48 61 -48 -25 -17 -39 -23 -55 -47 -40 -58 -32 -35 -29 -46
right_child=1 -3 3 6 11 14 7 -9 10 16 13 -13 -14 -15 -16 19 37 18 -20 -21 -22 22 33 50 -26 -27 -28 60 -30 -31 31 32 -34 42 35 36 -38 52 56 -41 -42 -43 -44 44 45 55 49 -49 -50 -51 -52 -53 -54 54 -56 -57 57 -59 -60 -61 -62 -63
leaf_value=-34.729220967727798 18.848074399763728 94.271663385859526 -8.3094725390401525 35.132429635147297 -21.173768012192387 -10.293840871628886 -2.4272579409635986 28.012548595543446 -0.71908957738305468 -1.708223631838552 -3.1998392751807341 -4.2985096800342655 -4.4162465817930032 1.4883261850855574 7.7645122518926488 2.9092971015898184 -12.494825756155798 3.0046988615017427 19.525852854643869 -4.1687891273365558 -0.62692746579550251 -0.29806758964093227 5.531277691655494 11.993310617782569 16.931842994008878 -10.708781604336306 -14.868431304048503 -6.4207087222261823 19.075231113542081 -36.307466327768672 -4.3504747098878678 7.8773505002680499 0.33450445108108062 4.1322275796423549 -2.2911770817291717 1.2246420899587249 11.77337576129006 -6.6298141161797517 -14.260863256686841 1.2072730348393637 -23.831669474200549 -4.3698115000592486 -1.9392905920585037 1.6490131594977637 0.14147245160756991 11.359475021427357 -5.2136815970431192 1.0912459433957895 8.4702498062185789 -0.4165709650869589 18.011119488339812 13.018552094097572 0.89020613949624916 0.0868803154725757 2.0329663815475718 4.0406773711837909 -11.406622957135673 -3.8774099354465763 -0.21033724403213638 13.373193250189999 -1.9876713010067772 4.477600199326389
leaf_weight=0.2538181918207556 0.40831884997896739 0.45305351843126118 1.5568382379133252 0.37738571176305447 0.31397294346243143 0.31918220361694727 0.48428336880169798 0.43104425910860289 4.5770128772128356 25.773180402815342 0.32656097202561785 0.47518282360397168 0.38893083436414599 0.98271374637261022 0.30372721375897516 0.31857722601853289 0.38857217482291062 0.59016883210278936 0.44566191337071359 0.34835379477590311 0.38597788685001422 115.32200014521368 1.3142569242045308 0.87519472138956167 0.20763889770023525 0.34648957918398071 0.33794028800912179 0.65429418976418663 0.46537783765234053 0.26549337594769895 0.75694586359895755 0.84350505215115879 1.51834947662428 0.34278454212472453 0.59438799438066769 0.77565881307236828 0.5962644403334707 0.69269966660067417 0.73929884703829962 0.32541570370085537 0.42927314853295684 3.9411058551631859 1.6444505176041264 4.0096022929064947 1.1114420415833643 0.38688367535360058 0.9662017140071838 15.208711325190961 0.6650788104161619 3.4850964266806841 0.89654721203260124 0.27873418177478015 0.43794753681868315 251.26017964887433 4.0572320404462507 0.52130582765676081 0.95973806898109504 0.37555721215903759 6.9975123130716366 0.2234710524789989 5.3998368487227699 1.322246881900355
leaf_count=64 64 98 285 56 76 77 56 52 659 2702 97 97 45 40 45 57 60 89 59 65 76 6127 28 60 51 49 60 65 50 63 96 83 125 92 135 76 56 110 119 56 106 505 186 789 125 53 99 832 58 341 52 55 68 8497 88 68 173 57 670 62 453 77
internal_value=0 38.9414 -0.0978163 0.00334061 -0.0713094 -11.7585 14.8732 10.9547 -0.0318633 -0.125705 3.5007 -17.3801 7.49879 9.29792 -7.76767 1.30599 -0.0595319 6.11778 10.1129 6.53223 9.10545 -0.0393255 0.0592965 12.6261 4.62517 -0.0571368 -23.574 -0.0510497 12.6403 -28.1076 -1.16019 0.236012 3.02833 1.3915 0.506901 3.36066 5.80933 -5.96211 -9.50258 -4.48767 -27.8809 -5.48539 1.20946 1.39279 1.26213 1.81148 0.0144936 1.54623 3.77928 -1.45783 15.0385 7.62676 -3.71699 -0.0115907 0.117805 7.15844 -11.0608 -9.289 -0.614474 7.77915 -2.46677 2.49733
internal_weight=0 1.2503 470.204 466.16 463.832 4.04395 2.32854 1.95116 462.777 450.802 11.9755 1.05465 0.79725 3.28866 3.02292 8.68683 445.304 1.52011 1.03583 1.79702 1.44867 443.785 407.895 2.30594 0.5342 6.88981 1.02103 376.694 1.06269 0.579466 35.8895 10.1163 2.36185 31.2015 6.54332 1.96631 1.37192 1.51922 2.71919 0.644598 0.683091 5.49794 29.8873 28.2428 27.6766 19.2157 8.4609 18.3075 3.09877 4.4513 1.77174 0.597311 1.13065 370.639 255.317 0.90819 2.07459 1.3353 7.75446 0.566256 6.05413 2.43369
internal_count=25834 207 25627 24870 24558 757 312 256 24322 22744 1578 236 109 300 527 1278 21954 204 148 303 238 21716 18040 260 148 975 230 15230 162 139 3676 974 208 2810 926 267 132 238 482 133 170 790 2782 2596 2442 1213 1229 1092 260 440 112 112 178 14712 8585 121 349 230 766 154 518 202
is_linear=0
shrinkage=0.05


Tree=10
num_leaves=63
num_cat=0
split_feature=66 85 58 51 66 70 59 52 57 51 52 47 10 51 70 66 51 24 66 47 70 63 64 70 1 47 66 66 47 53 10 3 53 57 49 70 54 8 70 66 54 55 47 47 66 58 71 47 68 10 57 3 59 63 3 47 5 49 50 51 65 50
split_gain=778134 682250 402019 174418 152859 106262 81736.5 75998.5 49433.9 45657.6 62964.3 54073.4 37160.8 44237.1 37156.9 35379.1 28740 26831.7 20488.1 23196 19890.9 17240.8 16781.5 20482.5 16059 14580.2 14167.7 12805.2 17020.8 12072.3 11894.8 11449.7 11178.1 10569.7 10171.9 17700.4 9382.73 9180.78 8712.28 8530.3 8054.72 8024.6 7844.75 7420.94 7270.99 6870.28 6793.99 6657.38 5631.75 5840.95 6012.34 5267.31 6742.68 4864.04 4723.68 4582.41 4436.69 4422.12 4161.92 4286.86 4101.93 3877.06
threshold=1822.7566666666671 1.0000000180025095e-35 1077.3570009173429 -312.45659620627055 967.9000000000002 0.85718691491967014 948.71422681475394 -424.05570873208541 -126.52703654010882 323.76323324943735 165.8247645453215 -125.77594041845087 1.0103336092965665e-15 645.12524931448809 3.1710962131296858 714.5100000000001 -854.11216025768647 -2.7554552980815443e-16 88.291666666666671 -44.180122500351509 1.2421980060282867 872.99625000000003 1173.7050000000002 1.7146759343942446 5.5000000000000009 -426.40151055609266 192.63833333333335 589.25166666666678 -137.47439533271501 -246.05679121409261 1.2552629691260372e-15 2018.5000000000002 -42.12674472120208 10.749193431942214 -28.146652344000838 3.7831962397179795 0.70018283148830562 1.5000000000000002 6.4419441108955384 488.0916666666667 209.9529872233029 -118.09686390532543 -3.676052659374839 -654.3842804098889 425.73166666666668 267.2189544221356 122.8328636334211 20.956176496810453 0.58333333333333337 8.8301270189221963 62.074674445855031 2018.5000000000002 210.07791232362686 981.90000000000009 2019.5000000000002 19.181307700859758 1.0000000180025095e-35 -33.498886234193002 -49.741674242887278 -10.953336780920884 1298.1400000000001 -303.7887476128243
decision_type=2 2 2 2 2 2 2 2 2 2 2 2 2 2 2 2 2 2 2 2 2 2 2 2 2 2 2 2 2 2 2 2 2 2 2 2 2 2 2 2 2 2 2 2 2 2 2 2 2 2 2 2 2 2 2 2 2 2 2 2 2 2
left_child=3 2 -2 5 9 7 14 16 21 11 27 20 -12 -14 24 44 46 -9 19 -13 29 41 23 33 -6 -19 36 32 -29 -5 -24 55 -11 56 35 -33 -25 -27 58 45 42 -7 -21 -18 -10 54 -1 -36 -34 50 -50 53 -53 -35 57 -28 -20 -31 -22 -60 -39 -45
right_child=1 -3 -4 4 6 8 -8 17 15 10 12 18 13 -15 -16 -17 43 25 22 40 38 -23 30 26 -26 37 31 28 -30 39 -32 34 48 51 47 -37 -38 60 -40 -41 -42 -43 -44 61 -46 -47 -48 -49 49 -51 -52 52 -54 -55 -56 -57 -58 -59 59 -61 -62 -63
leaf_value=-25.384829889566394 43.682094357883294 3.6928038397882639 135.19887236829777 -9.2202343122121793 -4.8710972394924186 -6.7377586485257019 33.021395078790782 1.0756061853528056 -1.6722529424979009 -2.5261513250909933 2.034983937267306 -1.9222776143475517 11.564178037967501 35.384792731276981 17.575176330155287 18.462260362639732 -23.477057535067214 -18.65935643202009 -0.31695530269585936 -0.32151221446560363 -3.3005300079442659 -16.04407911960929 16.356201665356998 4.5470671520827102 7.9884579772641535 -3.9032087073260247 -2.8200830347464514 12.77779316835958 1.3605334538005627 -3.6953229424510603 1.4356279217043333 2.6796982669369305 0.78031625763699464 2.2431006851226178 0.35146458840777084 10.277730830645826 0.71364619151163533 -9.2160165126016853 4.9828172950214116 3.6709985090357922 -3.3107745084999132 4.2451543351384364 0.1484802203114659 -16.897706603797182 6.5578387629818709 -6.7439251140456271 -37.869036991847246 6.0732491908377408 -0.89341529832042532 9.7917990208988854 7.1960528651857603 0.89081950462834003 -4.3207385562972913 10.046218197804649 -4.829084717768513 3.495583048563077 -2.3548531015302734 2.1005746504879874 3.2748661570206496 -2.6254989123173171 -15.353054583020858 -9.8700439176178723
leaf_weight=0.21353573980741192 0.25377830304205318 0.50314139062538743 0.22764415410347283 1.4686282151378689 0.43370890058576994 0.47790993889793754 0.42797551816329349 0.70617069466970894 0.65897087263874687 1.810651627602055 0.44664822635240831 17.06187776918523 0.56320294109173119 0.29804757726378739 0.67211385723203421 0.43763629207387555 0.29354296973906446 0.39948636130429838 5.3944161236286181 139.50004177121446 1.6974835169967268 0.37957702088169754 0.303396200761198 1.7964911602903217 0.55147573631256819 0.78809270495548789 0.76760387630201765 0.5613552953582257 0.78002822608686961 0.66224247543141213 0.23864139290526509 1.425686428556219 2.3129301862791172 2.5296974179800595 1.463489721529186 1.6578603060916064 14.319516896735875 1.4008895813021807 0.58633805019780982 0.33049815148115147 1.8712735269218672 0.25508353905752323 244.21400336967781 0.51756324595771719 0.45274193352088332 2.1843268843367696 0.22256729402579367 0.77895482582971443 0.52372642257250823 0.41379283578135073 0.40911705000326037 4.2695236867293715 0.72619982063770283 0.21682805311866094 1.6534934104420242 0.45891567668877542 5.2896461344789714 0.65421096980571625 0.65771474852226675 0.57868626597337425 0.33796361461281765 0.31612789677456021
leaf_count=47 54 50 61 255 46 105 54 81 64 131 93 2130 95 83 75 79 79 86 749 7197 236 46 67 51 93 62 188 45 74 138 53 135 43 583 71 97 856 186 77 50 178 33 7995 136 78 330 60 74 57 37 80 472 71 51 182 120 685 138 81 62 87 63
internal_value=0 44.4063 86.9565 -0.0903407 0.0345014 -7.47745 13.5415 -11.6392 0.646023 -0.0263478 3.69002 -0.092702 13.7383 19.8076 8.51103 6.41998 -20.8569 -7.67221 -0.0089896 -0.118176 -3.64373 -7.39471 1.04689 0.931604 2.32728 -9.78312 1.93801 1.76065 6.13854 -5.19409 9.78716 3.89836 0.687127 -0.306508 4.90136 6.76476 1.14097 -8.37987 -0.581325 -4.11604 -0.0383453 -2.91568 -0.0223865 -16.6402 1.67943 -4.61535 -31.7562 2.33903 2.27697 4.84756 2.65438 1.10024 0.133245 2.85913 -3.04983 -0.457008 -1.32591 -0.815054 -1.69332 0.513254 -10.4088 -14.2329
internal_weight=0 0.984564 0.481422 472.82 464.962 7.85786 2.08527 5.19594 2.66192 462.877 8.1195 454.758 1.3079 0.861251 1.6573 1.54935 1.56334 3.6326 444.284 402.647 10.4736 1.11257 41.6369 41.0948 0.985185 2.92643 22.6685 6.8116 1.34138 6.9534 0.542038 6.55251 5.47022 18.4263 5.32599 3.08355 16.116 2.52695 3.52022 5.48477 385.585 0.732993 383.714 1.12723 1.11171 5.15427 0.436103 2.24244 3.65957 1.34664 0.932843 7.74225 4.99572 2.74653 2.96995 1.22652 10.6841 1.31645 2.93388 1.2364 1.73885 0.833691
internal_count=25835 165 115 25670 24378 1292 268 887 405 24110 738 23372 271 178 214 221 385 502 21823 17500 1549 184 4323 4203 139 421 1592 467 119 1093 120 685 348 2611 377 232 907 335 456 838 15370 138 15192 278 142 788 107 145 217 174 137 1177 543 634 458 308 1434 276 379 143 273 199
is_linear=0
shrinkage=0.05


Tree=11
num_leaves=63
num_cat=0
split_feature=66 1 53 66 56 1 59 47 64 71 47 70 70 66 63 66 70 57 52 56 70 66 70 90 56 56 57 55 59 60 70 47 39 3 55 49 39 60 83 50 58 49 47 56 66 58 14 58 14 3 71 70 49 47 1 20 50 23 71 57 55 47
split_gain=615816 575281 170699 144095 79724.3 81456.4 73621.1 51028.4 47479.8 44855.2 41611.3 41061.9 34378.3 31735.8 23973.1 20891.7 19617 18070.3 17752.7 17045.8 16220 20814.7 13873.4 13284.7 12495.5 12162.5 11977.6 11357.8 10919.8 11059.9 10622.6 9611 17802 9236.06 8848.32 8134.86 8061.05 7646.31 7427.93 8890.08 13078.9 7135.97 7076.36 7002.72 6215 6143.28 5490.33 8793.61 5166.13 5128.75 6956.29 6651.17 5910.02 5127.03 4837.5 4835.26 4559.15 4538.22 4432.41 4125.94 6567.01 3949.52
threshold=1822.7566666666671 10.500000000000002 -302.75740553098314 714.5100000000001 651.91156539308429 9.5000000000000018 948.71422681475394 -781.12072549953359 1007.9150000000001 189.89644389148319 -80.709453622430971 5.8339180929716985 2.1967031057350312 92.551666666666691 1009.6858333333336 459.84666666666675 12.013317919075147 -22.46470264009211 29.02752666350602 298.38139595615701 7.7750329014187116 187.3116666666667 1.2562951834236229 1.0000000180025095e-35 12.881373111603228 114.54083279156742 65.820421545646823 -161.02397081929277 -89.638397864013584 287.77452203136664 2.9498091603053438 88.087881520958447 1.0000000180025095e-35 2018.5000000000002 -27.250246719595438 -656.83205996241293 1.0000000180025095e-35 41.828505200777812 1.0000000180025095e-35 4.6867443700081131 381.36559081454203 73.81096917431644 0.20878316959572987 454.66401873799265 526.91166666666675 280.7772867504637 0.68301270189221974 228.34688633194668 1.0000000180025095e-35 2019.5000000000002 -39.059083534911458 1.2058000216218865 -6.0701569734566911 -32.194996121462331 1.5000000000000002 -1.0000000180025095e-35 -188.88736770133053 1.0000000180025095e-35 14.480017976095942 -49.240419952476628 -63.670742398474189 -201.24752286078794
decision_type=2 2 2 2 2 2 2 2 2 2 2 2 2 2 2 2 2 2 2 2 2 2 2 2 2 2 2 2 2 2 2 2 2 2 2 2 2 2 2 2 2 2 2 2 2 2 2 2 2 2 2 2 2 2 2 2 2 2 2 2 2 2
left_child=2 -2 7 4 10 9 8 33 11 36 15 23 28 25 16 20 22 -10 41 -20 27 -22 26 38 -18 42 45 -4 -9 35 55 44 34 -1 -33 -30 37 -6 39 40 -5 -16 53 49 59 48 47 -36 -15 50 -29 61 -53 -12 -27 -17 -19 -28 -44 -24 -61 -51
right_child=1 -3 3 6 5 -7 -8 12 17 -11 13 -13 -14 14 18 30 24 56 19 -21 21 -23 31 -25 -26 54 57 43 29 -31 -32 32 -34 -35 46 -37 -38 -39 -40 -41 -42 -43 58 -45 -46 -47 -48 -49 -50 51 -52 52 -54 -55 -56 -57 -58 -59 -60 60 -62 -63
leaf_value=-16.815023591464335 9.9168954436993584 85.953020540268142 -6.3191676385478566 3.5313637768594881 -9.4950494270052594 15.450799773861593 26.396104528434364 -2.3048560232057129 -9.0121992180445769 -31.372591288977659 -1.0324868268928327 20.696071521740055 8.4421735533492779 -2.2657860155367895 -1.5639776409076669 4.7679308065573522 2.8513093676253165 7.4655674514980808 6.1895704261542726 25.787046175338606 -4.6840609828238504 10.390082901208689 -1.1519905538235908 15.565424172288074 10.54906768379545 -4.8868833481349352 1.0533572935885651 6.3317868371589139 -19.905321412964579 -1.504090539115075 7.7947509351783157 -2.5086459093638918 10.80084006484914 -29.396097641990021 4.1389628963312051 -11.057189170489984 -5.7047858029699441 -18.620109651462815 -0.42299613962700611 1.0434073640165307 16.947186119764975 8.3971500335462537 0.26082400997946248 -6.7966371965330197 5.6069640691008082 -6.3758763076711098 8.0508821268482489 -2.6385412519901119 0.2112302608104463 -7.4576993827202163 -1.3949954814338812 -2.546697631878474 1.2904775669110424 -0.10826153393332767 -1.3350128346556476 -1.6102317580544963 -0.62019700108051778 5.7215612076273104 2.4949138607045995 5.4647947100609109 0.96921250400390546 -3.4871982628581559
leaf_weight=0.25150484684854779 0.67608790937811025 0.3935693297535181 2.2427743354346665 0.36224725097417809 0.61515449220314555 0.28313993290066708 0.53471173183061171 0.41203421610407609 0.49422867316752672 0.2906314784195273 15.912370780948548 0.7010474707931279 0.28287927852943529 4.2652832516469026 0.34651729511096963 0.41262908536009502 1.4242852365132415 0.35410801321268082 0.21479371446184814 0.22952428762800992 0.40762663492932816 0.52260550344362855 2.1277691484428969 0.34169733989983786 0.83699402189813543 1.0519505531992752 1.5251347527373575 0.31307663372718586 0.30171009409241545 0.26705531589686859 0.66307587479241181 0.77780716097913716 0.72375006927177299 0.34734836011193693 1.9786050419788805 1.8686789651401321 0.64501369162462652 0.36625888640992343 0.49033364420756687 0.40893166977912188 0.36442599026486278 0.37368469010107219 113.01081021362916 0.91006373055279333 0.7370478983502825 0.57711105281487185 0.53705227305181313 0.63129476085305203 4.1560524255037308 0.70442984509281803 4.1851243914570624 3.6643405258655548 1.3819041780661789 263.29370107245632 10.804945666110141 1.06171616539359 0.34339164150878765 0.79045993159525085 2.2646189122460774 0.85011135903187707 18.281354649225253 5.6481295339763147
leaf_count=63 86 85 350 51 130 52 90 72 30 83 1909 89 63 616 52 61 91 44 58 52 87 41 231 52 64 119 267 76 73 40 57 78 76 67 195 359 113 81 74 58 55 77 6040 143 95 64 68 68 626 69 949 296 104 8011 757 157 57 157 103 86 1102 424
internal_value=0 37.8936 -0.086518 -0.00308991 -0.0869948 -9.58254 9.00838 -10.7394 6.59998 -13.2798 -0.0425285 10.3055 -8.18272 0.0620551 1.38111 -2.15961 1.17635 -1.6979 8.45342 16.3132 -2.66222 3.78461 0.906829 6.60344 5.70057 -0.0722881 -0.560078 -2.97703 -9.83314 -11.1058 2.53871 1.52971 3.59541 -24.1123 2.26668 -12.2872 -10.0468 -12.9005 4.72004 6.94071 10.2594 3.60446 -0.0248628 -2.53105 1.09317 -1.38534 3.44696 2.49959 -1.04334 -2.28685 -0.857208 -2.85102 -1.49589 -0.160935 -1.65014 0.174842 3.4848 2.64691 0.304713 0.936677 1.16897 -3.92748
internal_weight=0 1.06966 480.167 476.436 472.041 2.2002 4.39512 3.73121 3.86041 1.91706 469.841 2.66868 3.13236 447.723 41.3846 22.1175 40.2201 1.19173 1.16452 0.444318 19.9801 0.930232 37.9588 1.96764 2.26128 406.338 11.314 19.0498 2.84948 2.43744 2.13742 26.6448 4.64851 0.598853 3.92476 2.17039 1.62643 0.981413 1.62594 1.1356 0.726673 0.720202 394.482 16.8071 21.9963 8.99845 3.14695 2.6099 8.42134 15.897 4.4982 11.3988 5.04624 279.206 11.8569 1.47435 0.6975 2.31559 115.275 21.2592 19.1315 6.35256
internal_count=25843 171 25672 24935 24335 459 600 737 510 407 23876 379 607 21062 4123 2814 3884 131 239 110 2539 128 3729 290 155 16939 1730 2411 544 472 275 1999 485 130 409 432 324 211 238 164 106 129 16063 2061 1514 1306 331 263 1242 1918 1025 893 400 9920 876 218 101 424 6143 1419 1188 493
is_linear=0
shrinkage=0.05


Tree=12
num_leaves=63
num_cat=2
split_feature=66 85 67 53 66 71 49 66 47 49 66 64 39 58 6 53 55 71 9 54 65 53 67 53 86 64 53 66 53 66 56 5 8 20 41 60 66 67 71 56 72 67 58 47 64 65 65 4 64 71 64 69 47 45 47 9 67 72 67 53 63 78
split_gain=545474 643015 357269 135011 140289 87911.5 80304.2 57362.5 52307.8 40088.8 45416.1 35536.9 43116.3 29108.8 19951.8 19121.6 28536.9 26467.2 18714 14537.3 21049.7 13148.8 11444.9 11863.1 12626.6 11152.2 10941.2 9464.38 9233.94 10533 9080.25 7863 7687.08 6654.54 6157.28 7160.04 8306.46 6075.83 9611.81 5752.03 5558.45 11198.1 5283.5 4665.26 4523.85 6728.83 4081.41 4222.48 4074.82 3718.01 3644.43 6374.72 4314.89 3389.19 3383.34 3197.25 3147.39 3021.67 9888.5 2933.59 2907.47 5932.98
threshold=1822.7566666666671 1.0000000180025095e-35 4214.1650000000009 -302.75740553098314 1079.0400000000002 94.760674435438474 -252.26548709977581 402.7383333333334 -94.810680660328515 -656.83205996241293 752.93666666666672 157.00250000000003 0.68301270189221941 1520.0928040080537 1.0000000180025095e-35 61.190138799082497 -17.535172862883051 25.557120674474536 8.5801270189221945 651.41114002024938 1227.7300000000002 -52.357742913079655 576.33000000000004 -42.12674472120208 1.0000000180025095e-35 772.42000000000019 -224.51311315058493 176.66166666666669 -20.692914445775564 28.374166666666671 114.54083279156742 0.93301270189221952 5.5000000000000009 -0.5 0.25000000000000017 -297.62066683487069 617.76666666666677 1735.2800000000002 -27.288936562214655 429.7054116583285 0 145.14500000000001 356.64059973691957 16.870670306062596 598.37500000000011 283.91500000000008 874.79000000000008 1.0000000180025095e-35 356.06750000000005 15.996246867219964 685.04500000000019 0.83333333333333337 -426.40151055609266 1.0000000180025095e-35 -4.3909859657831039 -9.0000000000000018 447.03500000000003 1 180.21500000000003 123.75711578546652 457.41250000000008 1.0000000180025095e-35
decision_type=2 2 2 2 2 2 2 2 2 2 2 2 2 2 2 2 2 2 2 2 2 2 2 2 2 2 2 2 2 2 2 2 2 2 2 2 2 2 2 2 9 2 2 2 2 2 2 2 2 2 2 2 2 2 2 2 2 9 2 2 2 2
left_child=3 2 -2 9 5 7 -6 8 26 25 50 14 15 31 21 17 -17 34 -8 20 46 -9 28 -24 -25 48 -5 39 57 30 49 32 -7 -29 35 36 -13 38 -37 -28 41 -31 43 -42 45 56 47 59 -1 54 52 -52 -11 -43 -30 -40 -35 58 -10 -18 -45 -62
right_child=1 -3 -4 4 6 13 18 11 22 10 -12 12 -14 -15 -16 16 19 -19 -20 -21 -22 -23 23 24 -26 -27 27 33 29 40 -32 -33 -34 44 -36 37 -38 -39 55 -41 42 53 -44 60 -46 -47 -48 -49 -50 -51 51 -53 -54 -55 -56 -57 -58 -59 -60 -61 61 -63
leaf_value=-18.749306614851786 38.852959231589487 1.7408378655699597 126.27383586984091 -6.9445357186855734 28.325506824846514 -1.0872442817351737 1.0451836156647818 21.325466815831394 -0.0034908905195615509 -13.755878780653738 9.2914644452571871 0.30067929914460134 14.248277436300331 -28.370738634567967 1.4760081114367778 19.171381689774233 -1.3810149163632286 -12.098811477244501 14.516132898801416 -6.6626468538603625 15.506308591548587 9.7378577794586931 -1.5632799772546597 9.3992266449681061 1.9974483355098425 -13.110830651567785 -3.0088400356273048 3.2852397040202108 -0.3105674183828912 1.4892188052985573 -2.090803791326096 -16.938052251692866 -13.103366008049983 -2.1620579853252737 -4.1218304313922793 6.7388836323777817 9.8349028117657902 -5.0076948323394674 -2.3294454957331427 -6.988953403134075 -0.004786146271125849 4.5364798828177983 -4.1647644960701911 1.0365715268155122 2.159088739348348 -6.1763950209269476 -1.4884255019642203 7.4356899650167598 -28.235918352694245 2.4050657324736715 -2.5546198307019683 -11.314665147598378 -8.4177037679541655 9.0461134201108013 0.058224252636670117 1.0254289348344896 1.8225703050925794 -0.72414381208618717 5.5442712980075894 4.752958159895762 -5.2169461572747551 1.6553855248325793
leaf_weight=0.20833334070630405 0.25157218216918298 0.61364863999187946 0.2182699735276401 1.547774479491635 0.63590258825570334 0.31506571592762955 0.69705675984732696 0.42515967413783062 3.7227660501375794 0.58523341640830118 0.39559209207072843 0.4232362930197241 0.71670171618461687 0.27584275603294373 0.40267422841861833 0.31697039608843658 0.40179979032836921 0.4148219390772282 0.40914517547935247 0.32252875203266729 0.37371728196740139 0.5771486097946753 1.0745709789916875 0.91302978666499202 1.5616830033250151 0.50350845558568835 8.2150081580039096 0.85674253082834173 87.333451002603397 5.0951689910143596 5.4700401078443965 0.24553977744653821 0.23045212798751891 1.6939901674631985 0.55425738589838136 0.66679334547370395 0.4963674652390182 0.43355542118661095 0.92105015413835367 1.0205269344151009 39.669199045747519 3.0496454418171202 0.66339250677265127 21.175957747036595 0.67046061041764904 0.84927232423797239 0.47998377145268012 0.51267853751778603 0.24787228577770293 1.5526274610310782 0.48889124346896995 0.3610463181976229 1.0718845787923772 0.48255840432830144 216.01587986107916 3.1018458337057426 0.70051987725310016 42.751743637258187 1.0242006084881721 0.3785711438395083 0.56943991966545471 0.70025414973497391
leaf_count=55 51 59 59 277 84 56 94 52 246 136 66 61 72 74 68 49 61 56 48 65 63 69 67 94 46 95 1083 87 4363 220 438 41 63 211 42 66 72 38 153 188 2641 411 81 1838 86 96 80 85 62 34 94 60 171 34 6000 420 75 3900 53 59 93 125
internal_value=0 35.445 79.4652 -0.0728933 0.00474834 -0.048727 14.1668 -0.0154985 -0.106506 -9.38235 -6.45329 3.40785 2.4099 -14.3847 10.8765 1.54397 5.048 0.151612 6.02761 3.23504 4.72207 14.6531 -0.00412961 2.82347 4.72829 -18.2413 -2.9553 -2.51448 -0.0275084 0.0542874 -0.0716823 -9.5078 -6.16341 -0.706146 0.921911 1.38453 5.44689 0.655349 1.17889 -3.44864 0.601828 1.3844 0.236144 0.321163 -1.57977 -2.35256 2.44899 3.91057 -23.9037 -0.0354586 -8.93768 -6.27581 -10.303 5.15257 -0.0479499 0.257324 -0.996345 -0.684953 0.384177 1.59468 0.897227 -1.42676
internal_weight=0 1.08349 0.469842 466.971 463.109 461.367 1.7421 460.3 448.38 3.86236 2.90265 11.9199 10.5149 1.0669 1.40498 9.79818 2.78625 7.01193 1.1062 2.46928 2.14675 1.00231 432.826 3.54928 2.47471 0.959714 15.5543 14.0065 429.276 381.778 310.372 0.791058 0.545518 4.77099 6.59711 6.04285 0.919604 5.12324 4.68969 9.23554 71.4056 8.62737 62.7782 62.1149 3.91424 3.24378 1.77303 1.29305 0.456206 304.902 2.50706 0.849938 1.65712 3.5322 303.349 4.0229 2.39451 47.4987 4.74697 0.780371 22.4457 1.26969
internal_count=25786 169 110 25617 24878 24652 226 24418 22787 739 527 1631 1442 234 189 1370 462 908 142 413 348 121 20684 207 140 212 2103 1826 20477 16278 10835 160 119 555 852 810 133 677 639 1271 5443 665 4778 4697 468 382 285 205 117 10397 461 154 307 445 10363 573 286 4199 299 120 2056 218
cat_boundaries=0 23 44
cat_threshold=0 0 311296 32 0 0 0 0 144 16777216 561152 1073741824 150994944 128 0 537395200 2129921 20 136323072 1328128 268435456 8704 8 131080 67108864 2147483648 1 4194304 0 0 32 16 2147500032 16385 0 2147483904 131072 32768 0 0 1048 807403520 33554944 20480
is_linear=0
shrinkage=0.05


Tree=13
num_leaves=63
num_cat=0
split_feature=51 42 53 66 56 51 47 65 66 47 65 52 34 47 67 54 57 70 49 70 66 66 56 52 80 59 70 70 47 66 53 51 54 58 57 53 59 10 13 51 64 47 56 57 3 5 56 57 3 52 1 52 70 58 88 70 47 49 71 69 57 3
split_gain=517059 684769 153293 141267 86841 54663.5 49084.3 47717.6 45230.1 55587 41449 36020.3 32223 27033.3 25366.1 23998.2 20774.9 16043.5 14714.9 12802.3 18020.7 12620.3 12014.3 11619.7 10813.5 12119.2 10310 14401.4 11174.8 11720 9999.64 9347.53 9312.75 9230.11 8940.81 8505.82 8097.12 7512.7 8822.75 8404.48 7107.23 6741.18 6234.91 6137.29 5882.04 6810.64 5593.24 5065.33 4972.45 4845.04 4783.82 4693.33 4670.32 4639.76 4584.14 4268.16 4117.85 3472.48 3416.5 3408.66 5426.43 3391.91
threshold=1374.5528624259966 0.25000000000000017 -361.38199707633561 967.9000000000002 701.56819402954818 544.16612634051569 -781.12072549953359 1124.5050000000003 390.18000000000006 -94.810680660328515 214.52000000000001 -857.68707665835075 1.0000000180025095e-35 327.15482127008318 1839.6750000000002 401.38583818959978 237.08215660809586 0.86663939824656311 -44.239703017487351 7.7750329014187116 187.3116666666667 78.683333333333351 91.878830316427909 -9.8786323159676837 1.0000000180025095e-35 195.38572956609769 1.4119091335809113 0.21349898803422859 197.80532870128903 240.22500000000005 -246.05679121409261 -199.06877316178728 1027.6011679050578 868.2895308685471 18.979286141169005 214.37825931566195 42.705876168329972 16.727241335952172 -0.93301270189221919 -312.45659620627055 120.51750000000001 -35.266312614601304 0.82920869714346257 111.27479206406552 2021.5000000000002 -0.93301270189221919 254.75529059574018 15.28272937143659 2019.5000000000002 165.8247645453215 5.5000000000000009 271.23262660593787 1.0617426820966647 274.23978065392095 1.0000000180025095e-35 0.92317252776519509 2.3226171215825819 -113.13792035603618 15.996246867219964 0.41666666666666669 -37.207014120975074 2015.5000000000002
decision_type=2 2 2 2 2 2 2 2 2 2 2 2 2 2 2 2 2 2 2 2 2 2 2 2 2 2 2 2 2 2 2 2 2 2 2 2 2 2 2 2 2 2 2 2 2 2 2 2 2 2 2 2 2 2 2 2 2 2 2 2 2 2
left_child=2 7 6 4 8 12 50 -2 9 19 18 -6 15 37 24 36 17 32 40 30 -21 22 41 -15 25 33 27 -23 42 -30 -4 -24 47 -8 53 -25 -5 38 -12 -40 -10 -11 -28 44 45 -41 54 -13 49 -36 -1 59 -39 -29 57 -50 -43 -47 -58 -32 -61 -62
right_child=1 -3 3 5 11 -7 14 -9 10 21 13 16 -14 23 -16 -17 -18 -19 -20 20 -22 26 31 35 -26 -27 28 34 29 -31 51 -33 -34 -35 48 -37 -38 52 39 43 -42 56 -44 -45 -46 46 -48 -49 55 -51 -52 -53 -54 -55 -56 -57 58 -59 -60 60 61 -63
leaf_value=-29.670200467228206 17.706112847146663 86.444391456274218 -6.7972646741714335 9.8993782205997629 -27.732836910922998 21.670578072039756 -4.4703271246364116 -6.199940715382759 16.452740653925677 -1.1026639281093222 -5.5413914584066726 -12.465562994075096 -7.1457081295586464 1.2632506671146704 6.5401224466186569 22.122791524992021 5.7769344150338018 -1.4966979710396222 3.4177420674893639 -5.0366779112542659 11.481527069181919 9.5422132993686279 -7.5556511007154388 15.861954216265122 -3.8820798195198911 -23.249981616101802 4.7195770011198919 -1.4101992185649999 1.9718972681249125 10.609011493019196 -4.090155356839591 -1.1803241381064458 -18.732628301455222 -13.825088861162369 1.4951365302721107 5.9816886940328686 -0.35016137308459871 -7.3127942455466242 7.1063945160042721 5.2111220697300054 9.2411755874339718 -0.09190159014321507 0.94405711174111906 6.9007281040751653 4.7296921405523937 -3.2075531445404666 -4.694076569264527 -4.8939304837763622 -3.5689645393229341 7.3143374020083591 -20.584482578905465 2.33309787753437 -0.16953585896782139 -7.0908848796616724 3.447879154705964 0.85176624131413969 0.2658417826354787 0.36440653723069549 2.5143131373770817 -3.8084659524634534 3.1280651710502085 -1.6793112324230066
leaf_weight=0.27295743115246329 0.45444022677838691 0.39642735291272402 1.8075099885463721 0.47008712566457622 0.24921397212892804 0.92070665559731413 0.40198879153467648 0.38607446243986487 0.60473993048071883 14.437145450152455 0.46336791082285067 0.57819810905493729 0.34891965845599759 0.3929026669356972 0.2490872184280305 0.30852138646878302 0.25419716560281802 0.46457514958456148 0.68338241917081077 0.30901234643533904 0.35457590618170798 0.35996480076573689 0.59590465342626231 0.50392179307527729 0.46914370357990254 0.22622971003875125 1.1422753250226438 7.3524860246106964 1.0057252317201335 0.64442728669382621 4.6720725791528794 16.352457214146852 0.39450753340497613 0.76639654231257737 2.6965704576577996 0.38368744752369821 0.32654310041107237 0.44581919256597746 0.62721302360296061 0.57315326109528264 0.78531840816140175 278.09162537124939 25.605818619485945 0.41923409420996893 0.77150393347255874 0.96920024929567938 0.6976976697333156 0.35743517847731709 0.86649376619607243 0.41239654691889871 0.30874831834807992 0.42496721330098886 0.47010461636818945 0.3779224264435469 0.8376804501749574 1.4761723445262758 78.859466469148174 2.2834265294950535 1.7264407298061986 3.8116145832464072 0.40139629598707038 4.2714807584416121
leaf_count=56 60 90 292 77 60 96 67 50 82 1748 56 102 38 69 33 53 60 84 99 76 30 108 64 60 95 46 47 1019 91 82 529 1099 100 197 524 62 49 69 93 87 71 8687 1631 78 63 123 90 63 93 99 72 75 46 52 53 154 5216 336 46 519 126 467
internal_value=0 32.2745 -0.095291 -0.0263304 -0.0888184 12.1374 -11.9867 6.72532 -0.0403778 -0.121223 3.00042 -9.78416 6.10101 1.64648 -8.44574 10.2833 -7.60102 -9.49583 9.42516 -3.01031 3.78951 -0.0138683 -0.102484 8.42211 -10.4486 -12.6575 0.810294 -0.324944 1.35164 5.34491 -3.30353 -1.40448 -12.2897 -10.6065 -0.594389 11.591 5.69804 0.632702 1.14554 1.57715 12.3785 -0.0433417 1.10529 1.04783 0.647721 0.0603005 -0.556284 -9.57301 0.95623 2.26704 -24.8478 -2.83856 -3.64646 -1.68792 0.149513 -0.783352 -0.000702884 -0.699947 0.314012 -3.00561 -2.40839 -1.26636
internal_weight=0 1.23694 467.336 464.641 462.266 2.37478 2.69455 0.840515 459.968 448.056 11.9124 2.29813 1.45407 9.83891 2.11285 1.10515 2.04891 1.79472 2.07344 16.0526 0.663588 432.003 390.063 1.28051 1.86376 1.39462 41.9403 13.542 28.3982 1.65015 15.389 16.9484 1.33014 1.16839 13.182 0.887609 0.79663 8.5584 7.64248 7.17911 1.39006 373.115 26.7481 6.5519 6.13266 5.36116 4.788 0.935633 5.45163 3.10897 0.581706 13.5815 0.915924 7.73041 4.09031 2.34267 358.678 3.25263 80.5859 13.1566 8.48449 4.67288
internal_count=25959 200 25759 25193 24880 313 566 110 24411 22874 1537 469 217 1285 438 179 409 349 252 2114 106 20760 16860 191 405 310 3900 2049 1851 173 2008 1163 265 264 1941 122 126 1094 979 923 153 15697 1678 830 752 689 602 165 870 623 128 1716 115 1071 512 247 13949 459 5262 1641 1112 593
is_linear=0
shrinkage=0.05


Tree=14
num_leaves=63
num_cat=0
split_feature=52 51 48 66 53 67 71 51 66 70 71 1 47 53 66 51 67 63 3 49 63 70 70 51 66 53 48 10 63 3 50 66 48 51 20 52 65 47 19 47 65 66 65 48 47 57 64 48 70 54 18 54 48 57 48 58 51 47 49 60 3 70
split_gain=415049 646871 137395 117091 71115.3 63405.3 63195.2 62641.5 40789.4 61408.7 39408.7 35818.3 27566.9 24774.5 21793.6 21281.4 21068.9 16750.5 31487.7 18436.6 15343.4 14116.2 13128.5 13120.7 11677.3 11515.4 11500.7 10734.3 10508.6 10200.2 9710.16 9102.3 8962.57 8893.59 8350.86 8261.94 8053.81 7154.64 7380.97 13414.2 6623.92 6482.9 6461.15 6436.22 6400.86 5757.5 5251.96 8404.86 4793.55 6049.91 4187.3 5435.01 4133.89 3838.21 3683.44 3549.57 3426.1 3383.34 3864.57 4436.51 3294.72 2989.15
threshold=1075.5133012198596 1374.5528624259966 -654.90526585011173 1246.2700000000002 -224.51311315058493 1924.5000000000002 -55.719192217767898 125.73486527804668 538.73333333333346 4.0019010776457593 78.444212472643969 4.5000000000000009 -52.394192459073452 94.570421462932316 82.291666666666671 -455.04989542373829 1585.1500000000003 1132.1491666666668 2019.5000000000002 -316.70323151414453 1009.6858333333336 6.4419441108955384 1.2421980060282867 -88.117130700173703 192.63833333333335 236.09739842496032 -1052.3723028383176 8.5801270189221945 409.32500000000005 2019.5000000000002 -546.48864085393154 459.84666666666675 -127.54776642298629 469.868118748521 -1.0000000180025095e-35 -1.0000000180025095e-35 181.05500000000004 -46.769896192947151 1.0000000180025095e-35 100.30226401074184 517.03000000000009 67.158333333333346 640.30500000000018 -16.106769546962795 -150.98190105211407 30.2196257344531 880.65750000000014 494.65923762470692 2.0000978760888719 84.235252610334229 1.0000000180025095e-35 0.31844571708272995 -216.17826982430148 -73.226485885352204 -248.19217084300419 159.24306744131391 -15.873060920205186 6.6949632492940134 -30.673005682485194 264.30927853412203 2021.5000000000002 0.96263450823937402
decision_type=2 2 2 2 2 2 2 2 2 2 2 2 2 2 2 2 2 2 2 2 2 2 2 2 2 2 2 2 2 2 2 2 2 2 2 2 2 2 2 2 2 2 2 2 2 2 2 2 2 2 2 2 2 2 2 2 2 2 2 2 2 2
left_child=2 7 5 4 23 26 -5 -2 10 17 12 15 21 -8 43 -12 28 19 -19 -10 22 32 29 30 -23 -22 -1 34 -11 56 -4 61 45 40 -25 -27 -26 -24 50 -40 55 44 -31 -14 -34 54 47 48 -43 60 51 -39 -47 -28 -6 -21 -16 -45 -59 -60 -50 -32
right_child=1 -3 3 6 8 -7 13 -9 9 16 11 -13 14 -15 20 -17 -18 18 -20 33 25 24 37 27 36 35 53 -29 -30 42 31 -33 41 -35 -36 -37 -38 38 39 -41 -42 46 -44 57 -46 52 -48 -49 49 -51 -52 -53 -54 -55 -56 -57 -58 58 59 -61 -62 -63
leaf_value=-30.071501186598717 -7.7370427841942773 81.478873700399447 -14.848747958295144 31.159234061838461 -7.4207728358131266 4.0489586862672224 1.7669665141556274 18.728361443141651 11.714890345792234 10.966807956168747 -23.83061787394254 1.9006220146448127 -0.54694480115747612 17.45041501931151 -0.44445060676037562 -7.2768069275962066 3.9768610026212268 3.5448601718521253 -16.209794017556998 2.5581738532043374 2.6130101085328858 -1.818858641278319 6.3574346998411642 0.87326429323309496 9.4508110916873331 6.5493792489674831 -22.804056380064893 5.1556845698154845 20.560208543477291 -1.4693372086654335 -8.4623612931874845 0.91992155328254166 -7.6331993078962102 -5.8121706765950822 -8.5898607573204 20.504268533394846 1.5686215296367807 5.3946996786723505 1.9497891540547714 8.3143748097182897 0.28408506013654361 -1.075922724983134 -7.3090946911407473 -0.046106557766273738 -1.8922354330547784 5.1707009140798137 4.8240420749882631 -7.2912495087776641 -1.0787149224231838 5.6975170743795722 -1.5200451025177566 1.0648745113947182 -2.6899643181143063 -15.30092384929819 -3.5254091501152276 8.2478463374919606 2.2575550602824097 -1.4983664000319363 0.41050964197245321 4.2074092499940612 3.0237668834301807 -3.9644071795781941
leaf_weight=0.31984008941799391 0.47299973177723476 0.39627566351555288 0.42265456053428385 0.39539117948152114 0.69632694148458529 0.29687755974009622 0.65932503924704977 0.42402007197961211 0.46552358916960646 0.54635970899835207 0.38824791344814003 0.47301794867962599 57.511109580984339 0.40739146899431944 2.007590149063617 0.38836317835375556 0.53738439176231612 0.43986640451475967 0.3725739058572799 0.60610126890242122 0.54199745622463424 0.97579202754422967 0.78479761397465964 0.39288994437083602 0.6340052015148101 0.20959154632873833 0.30460234149359156 0.38233295525424182 0.59777524066157639 4.4164760096464306 2.2744426550343642 0.34232659568078805 0.50692771142349258 0.40851556509733189 0.57333857333287486 0.21472775982692838 0.66294615133665502 0.75771710928530822 4.5428533933591089 1.0123654140625147 1.9409731598570941 7.2705858182161993 0.53055271599441756 282.7867085840553 11.497829300817097 0.30578406434506178 0.45122260390780944 0.46043463004753071 1.6396896978840239 0.62111566169187415 1.4765086576808233 16.667809395119548 0.36919461772777129 0.38699196651577861 4.723998529603711 0.50046332133933902 2.8227086469996703 2.6276255671400568 54.039361152797937 0.78045949107035895 0.69762308849021781 0.44098078785464156
leaf_count=81 80 98 99 45 98 35 89 71 58 77 99 82 3773 56 405 48 62 88 35 71 97 131 68 64 61 50 65 65 43 450 415 67 79 42 66 56 44 17 218 89 301 978 54 8076 1483 51 93 38 174 58 104 1351 59 99 564 59 600 338 3653 47 44 82
internal_value=0 28.2764 -0.0868153 -0.0426377 -0.0858759 -16.2679 14.0853 4.77312 -0.0242314 3.93546 -0.0786877 -8.94602 -0.0548704 7.75666 0.0488732 -15.5525 12.1434 1.02002 -5.51435 2.37375 1.22719 -1.48273 1.05569 -6.12284 2.31304 7.44246 -22.2314 -1.93585 15.9791 -0.499831 -7.74518 -6.7633 -1.77776 1.11552 -4.74194 13.6113 5.42177 1.65821 1.50741 3.10965 2.04416 -1.32854 -2.09563 -0.0577341 -2.13466 -3.48355 -0.459892 -0.682937 -0.38548 1.31134 1.03652 1.25315 0.871135 -18.6056 -4.02583 5.13143 1.13454 0.0249591 0.374782 0.464565 0.145762 -7.7319
internal_weight=0 1.2933 480.509 479.201 477.739 1.30831 1.46211 0.89702 472.91 6.41554 466.494 1.24963 465.244 1.06672 433.731 0.776611 1.68152 4.73402 0.81244 3.92158 35.9857 31.5135 35.0194 4.82897 2.27274 0.966317 1.01143 1.34856 1.14413 9.77733 3.4804 3.05775 29.2407 3.45605 0.966229 0.424319 1.29695 25.2421 24.4573 5.55522 3.04754 23.1454 4.94703 397.745 12.0048 6.0953 11.1407 10.6894 10.229 2.95843 18.902 17.4255 0.674979 0.691594 5.42033 1.10656 4.8303 340.234 57.4474 54.8198 2.33731 2.71542
internal_count=26043 249 25794 25514 25324 280 190 151 24466 836 23630 229 23401 145 19446 147 182 654 123 531 3559 3955 3356 858 236 203 245 195 120 1509 663 564 3719 473 130 106 105 1847 1779 307 431 2947 504 15887 1562 772 1385 1292 1254 276 1472 1368 110 164 662 130 1005 12114 4038 3700 218 497
is_linear=0
shrinkage=0.05


Tree=15
num_leaves=63
num_cat=0
split_feature=66 85 58 51 66 89 47 70 57 42 70 66 53 56 47 49 65 66 10 51 66 49 53 65 65 53 19 65 9 56 8 58 9 66 47 70 63 14 51 54 83 47 19 58 14 70 70 53 70 53 58 51 25 57 54 60 49 47 70 63 10 66
split_gain=363607 471852 304788 130908 73090.4 68814.5 64489.9 51879.4 36080.9 27861 27051 24697.4 21022.9 24030.1 19802 18057.3 16883.2 17628.6 19860.9 16831.6 15412.4 15056.7 11110.3 10139.2 21742.7 9694.94 9322.59 9773.25 8509.79 10816.4 8361.38 9216.31 8037.27 7629.26 7449.48 6690.51 6686.46 6776.92 6639.29 6274.42 6174.83 5758.54 5449.37 5387.28 5367.39 8551.13 5297.17 7650.02 5574.23 5529.36 5193.67 5029.67 5006.33 3996.56 3874 5463.38 3737.45 3649.48 3673.42 4977.9 3511.29 3294.67
threshold=1822.7566666666671 1.0000000180025095e-35 959.65304179985299 -501.73779365149136 651.89166666666677 1.0000000180025095e-35 -130.8568707203452 3.9188472645529191 -232.03305432101476 0.25000000000000017 0.94466514877914742 219.84833333333333 -3.4831448943417938 58.515710335158758 589.24420463001684 -63.650475559346617 237.48000000000005 338.21333333333342 8.8301270189221963 -1114.3738620596841 78.683333333333351 -52.517043561864305 236.09739842496032 1835.2950000000003 1084.0700000000004 -282.42969358483441 3.0616169978683831e-16 486.50000000000006 -16.227241335952161 429.7054116583285 6.5000000000000009 337.9241684705251 -8.8301270189221892 46.765000000000008 -9.6284884052149966 1.740977746705983 232.87500000000003 0.93301270189221952 -239.22996428010069 289.69995577759033 1.0000000180025095e-35 -781.12072549953359 0.25000000000000033 469.96838695465505 -0.68301270189221908 1.9167333333333334 12.013317919075147 -10.82135295381668 0.27157773605475138 266.13467365414539 299.9101235827012 57.659147658718496 1.0000000180025095e-35 -26.112905482666562 46.290875339553061 114.43066156887126 -656.83205996241293 -83.677147536283357 1.1825680694624425 313.63097222222228 -1.0000000180025095e-35 284.01166666666671
decision_type=2 2 2 2 2 2 2 2 2 2 2 2 2 2 2 2 2 2 2 2 2 2 2 2 2 2 2 2 2 2 2 2 2 2 2 2 2 2 2 2 2 2 2 2 2 2 2 2 2 2 2 2 2 2 2 2 2 2 2 2 2 2
left_child=3 2 -2 5 6 8 20 9 -1 23 -10 21 13 -9 16 -16 17 -13 32 -7 38 43 36 24 30 -22 28 35 61 -30 31 40 -19 34 -23 -28 60 39 -5 42 -6 -21 53 57 -44 -46 48 -48 49 -35 -32 -24 -50 -38 55 -36 -43 -8 -59 -60 -18 -27
right_child=1 -3 -4 4 7 19 11 12 10 -11 -12 14 -14 -15 15 -17 22 18 -20 41 25 33 51 -25 -26 26 27 -29 29 -31 50 -33 -34 46 54 -37 37 -39 -40 -41 -42 56 44 -45 45 -47 47 -49 52 -51 -52 -53 -54 -55 -56 -57 -58 58 59 -61 -62 -63
leaf_value=-13.357813300796199 29.623475366790906 -1.5994943695465662 110.04362917652776 -7.6543224118282653 7.1911824190811933 -29.294066891168917 -2.4496288688617582 16.063416881873785 -4.3179410356433259 15.2537816910937 13.162140241043373 1.9430880345356021 20.310477325920743 1.4800255861250016 16.419355865967781 0.87104338803724846 1.38583283004145 9.5779469993011066 17.006911270028088 -21.49717392850118 -6.351792592513636 -0.50629835060523487 3.1354122932498947 8.7080426159502604 -7.430431232022535 -0.91365389687045284 -2.8761253146326005 8.2595315743059299 -2.7181257190015167 -11.339906790952764 3.4818324040779376 -3.9795778359861531 1.3504979149331298 1.8830030375440203 0.055137321838872336 3.631935408016937 -2.4856766497840233 4.0262678189526069 -3.9208922702055951 -5.6049221372080327 -0.51747406403098695 -18.618194098303444 -3.0344100481371235 -6.4593742618517345 1.2279446133620371 9.3495744279705537 4.3906150643334563 -0.096174286069066903 0.12190786110217487 12.602204650768975 15.132117890003833 11.945336278042987 1.6030079263964074 -0.11414883229901614 -1.1439260502653272 1.9569111865291344 -11.332565095221803 -1.503547733129811 -0.38479633092904325 4.4535118041946573 7.2029064392708086 6.0263707450952451
leaf_weight=0.52957554999738932 0.25869131204672047 0.55635215295478702 0.21635097707621753 2.4040380034130067 0.58654226129874654 0.28739648731425416 4.7732284250669226 0.57014396856538929 0.52389886928722174 0.37444683187641192 0.38322839583270252 4.3020960111171069 0.61757955327630032 0.55984458071179688 0.42869057157076895 0.33085250062867899 0.58672164753079414 0.50107393180951465 0.4474284779280423 0.31638199789449561 1.2182397106662382 74.091082738479599 0.39668673695996481 0.3614984496962278 0.75637110299430776 0.35001180903054674 1.0364316159393641 0.40497140982188273 3.8729632184840739 0.40148116927593935 0.19646328478120256 0.60189531045034517 0.72825805516913522 0.35222668875940044 292.7223006405402 0.63800537749193598 2.5620517281349731 0.87956719985231835 2.3596531257499 0.57802080386318344 0.46631192276254296 0.25388199556618918 0.43611177755519781 0.50737442052923043 1.3694085339084257 0.42458569281734515 2.1654758686199789 1.6925612003542472 30.003061255440116 0.1827147884760052 0.18644788977690041 0.27384700509719551 7.0451916656456879 5.7941981577314401 6.6130210934206834 3.8258095234632483 0.57402707170695066 9.1273333532735688 5.5941197907086471 0.58744311193004239 0.46502446103840778 0.33439779002219439
leaf_count=93 53 56 59 430 75 68 568 46 86 36 64 252 78 98 51 64 54 69 46 84 222 5034 66 66 95 46 131 74 523 44 51 62 93 97 8554 63 339 122 366 81 71 68 44 70 184 41 90 106 2917 57 52 56 297 659 469 97 132 1251 565 52 62 54
internal_value=0 29.6506 66.2496 -0.0687066 -0.00481148 -10.7183 -0.0701277 5.84678 -2.98742 2.35873 3.06676 0.0281384 12.8924 8.83818 1.72428 9.6466 1.41953 3.63807 7.98692 -18.4763 -3.54024 -0.0510334 0.455992 0.828553 -0.190914 -2.23356 -1.52074 1.28939 -2.69912 -3.52793 2.49636 0.955636 4.70399 0.0138804 -0.0568593 -0.39638 0.134572 -0.199296 -5.805 -0.5322 3.777 -15.7594 -0.255227 -1.37108 1.94068 3.1501 0.657846 2.42221 0.476728 5.54426 9.15461 6.7334 0.403558 -0.841267 0.0529814 0.0796724 -13.5667 -1.24252 -0.86615 0.0749953 3.95782 2.47719
internal_weight=0 1.03139 0.475042 480.954 478.085 2.86839 472.808 5.27755 1.4367 3.52998 0.907127 459.788 1.74757 1.12999 20.5046 0.759543 19.7451 5.97886 1.67676 1.43169 13.0202 439.283 13.7662 3.15553 2.79403 8.2565 7.03826 2.07941 4.95885 4.27444 2.03766 1.65475 1.22933 418.693 377.252 1.67444 13.0957 12.0439 4.76369 11.1644 1.05285 1.14429 10.5864 20.5895 2.23011 1.79399 41.4412 3.85804 37.5832 0.534941 0.382911 0.670534 37.0483 8.35625 303.161 296.548 0.827909 20.0821 15.3089 6.18156 1.05175 0.68441
internal_count=25953 168 112 25785 25190 595 24460 730 243 508 150 22507 222 144 2283 115 2168 460 208 352 1953 20224 1708 472 406 1157 935 268 667 567 311 208 162 17718 14154 194 1586 1470 796 1348 146 284 1267 2506 269 225 3564 196 3368 154 103 122 3214 998 9120 8651 200 2436 1868 617 116 100
is_linear=0
shrinkage=0.05


Tree=16
num_leaves=63
num_cat=0
split_feature=66 85 58 53 66 71 53 49 50 51 5 63 67 65 66 57 48 56 53 66 3 60 20 67 57 56 71 63 63 34 53 3 52 67 56 32 71 51 77 34 57 53 60 58 65 49 53 63 19 24 57 54 64 57 51 49 60 48 58 54 65 64
split_gain=322583 334874 258566 92742.9 87603.8 64894.9 46743.8 44223.8 48321.7 33546.1 31002.8 23652.6 30902.3 23393.7 23375.6 29655.7 22167 21623 17591.5 19794.8 12303.2 12342.9 11108.2 10468.2 10428.7 9336.26 8709.84 9520.01 8455.72 8295.86 10414 7937.97 7899.38 7884.18 17246.7 8462.3 7677.99 7336.17 7215.89 6585.96 6309.06 6136.55 7019.89 5894.59 5882.1 5857.97 5627.35 5549.21 4871.15 4684.18 5165.49 7995.5 4406.26 4339.67 6565.69 4148.12 4081.19 3859.24 3708.37 3686.75 3572.13 3789.26
threshold=1822.7566666666671 1.0000000180025095e-35 959.65304179985299 -246.05679121409261 651.89166666666677 78.444212472643969 -892.38831261473922 -155.4004929622063 -45.726009647726592 -638.37108322465497 -0.24999999999999997 1318.4662500000002 649.85500000000013 1084.0700000000004 617.76666666666677 -232.03305432101476 -190.66469380490068 490.00967654937762 -70.798586772682654 219.84833333333333 2016.5000000000002 -53.666340998178931 0.25000000000000028 1101.6700000000003 136.22882783547934 91.878830316427909 -23.827406041845322 76.912878787878796 1265.8083333333336 -1.0000000180025095e-35 -547.27980752752467 2019.5000000000002 68.344944593529419 471.28000000000003 27.657729986396458 -2.7554552980815443e-16 -64.473617666942673 22.699198284546675 1.0000000180025095e-35 -2.7554552980815443e-16 38.876906895637596 34.96071945736751 264.30927853412203 123.67752508050778 959.67000000000019 -120.63385258123719 152.55290604183006 246.07166666666672 1.0000000180025095e-35 1.6160254037844388 34.601370286748114 218.78233200284458 435.84250000000003 -13.284162592415788 102.92402627682067 -120.63385258123719 -14.906498001650759 -107.19157346885409 244.15582393543505 52.147267824865175 237.48000000000005 277.33000000000004
decision_type=2 2 2 2 2 2 2 2 2 2 2 2 2 2 2 2 2 2 2 2 2 2 2 2 2 2 2 2 2 2 2 2 2 2 2 2 2 2 2 2 2 2 2 2 2 2 2 2 2 2 2 2 2 2 2 2 2 2 2 2 2 2
left_child=3 2 -2 6 5 11 -1 8 10 28 -6 17 32 20 22 -16 -12 18 33 25 -9 -22 29 -23 -15 41 40 -28 -7 -8 -31 37 48 57 -35 -36 -24 -27 44 52 -21 -20 59 -33 -19 -11 -40 53 -13 50 60 58 -29 -41 -55 -45 -37 -5 -52 -43 -49 -62
right_child=1 -3 -4 4 7 9 14 13 -10 45 16 12 -14 24 15 -17 -18 38 19 26 21 23 36 -25 -26 31 27 39 -30 30 -32 43 -34 34 35 56 -38 -39 46 47 -42 42 -44 55 -46 -47 -48 49 -50 -51 51 -53 -54 54 -56 -57 -58 -59 -60 -61 61 -63
leaf_value=-23.495647524314521 24.367786142555602 2.3811989751911673 100.48485479269753 -2.987873136202833 5.1498938878334855 -15.711516469069389 0.2319518522745718 -2.6132349682911062 -0.072545998387565439 -0.81489964543278226 28.437208716642996 -3.9818326187751385 22.358287253472493 -10.68856043293775 -8.3652891533680087 9.1807645236978725 13.992675773506924 -5.3547477379539332 -0.019571600310486326 11.100703196859296 1.7436327132122447 4.7354523152391854 5.9015325657574351 14.347790447857504 0.76130127955818239 -0.39221763258509657 7.3831621639458165 2.4691326431271894 -29.98185452855428 -15.262639329478057 -7.4997647370029261 -0.78409757272646941 10.68914408459181 8.1782794958205383 4.8266051452703156 -4.1061681979135569 -4.8368089305304629 3.7847054377480895 -5.7789777183171243 1.2661996405661076 2.5831783942940088 1.6432270513548812 7.4784421899174438 -6.138046827400057 2.6115733249932966 -8.8563734361726745 -14.427973963063259 2.0883945843155884 4.8983976077083646 -3.3417019888428943 2.6137173464758212 9.4851304193585335 8.7726627766025285 0.81004867703246131 8.1745830399941219 -2.1816458148243454 -0.19517417652942351 -1.2967881084580766 -3.0891874646571145 -0.27162185430254587 -4.3516202306084155 -0.068141015066279495
leaf_weight=0.37547950958833087 0.23504120856523403 0.55567762395367026 0.21238646819256246 6.9589265431277463 0.39782387786544871 0.20912130665965378 0.28071129275485907 0.40054361661896098 0.57295590103603888 0.36654024734161794 0.55385263962671161 0.3637735464144487 0.25909346505068243 0.37646392709575582 0.41941246367059648 0.56553900591097761 0.51035263785161078 0.7010771061759431 390.82352690864354 0.40601269761100667 0.68602991802617941 0.49727471987716787 0.24670271994546056 0.65806274977512658 0.42156466492451727 3.9911613888107267 0.64290190837346273 0.77291782386601215 0.2061239080503583 0.51320395013317499 2.7313105310313395 12.193921396275984 0.22545370436273515 0.60156361805275027 0.51320608006790358 1.3572524900082508 0.51178510487079609 1.4271110272966323 0.5013375924900173 1.9725872494746002 0.46802335139364004 6.6663804142735863 0.4243401978164919 0.73729712329804975 0.34611131390556693 0.59265339886769541 0.30096954898908734 1.7881847289390806 0.26834174618124962 0.79099381435662586 1.375221670838074 0.37476371391676355 0.43228372489102185 0.52657970110885333 0.71165048750117421 6.5312444283626956 1.3116867900826024 6.5484873538371184 0.35959243634715665 4.0353171662427485 0.56303703226149071 6.219639636343345
leaf_count=92 49 54 58 916 58 50 51 114 80 49 60 75 47 42 78 76 66 78 16071 48 76 60 71 70 68 779 86 76 53 132 452 295 56 50 44 155 116 313 92 141 66 980 22 43 75 117 57 67 62 150 247 60 67 70 87 433 143 787 47 345 57 663
internal_value=0 28.3043 60.4993 -0.0796832 -0.00332502 -0.0745008 -6.45093 6.53045 12.2352 -10.923 17.0585 -0.0423998 7.22578 2.71161 -5.23621 1.7093 21.5102 -0.059915 -0.0382933 0.0226083 5.32851 7.05603 -6.83318 10.2105 -4.64008 -0.0447888 1.67547 1.41827 -22.7952 -8.01422 -8.72766 -0.984692 2.65386 -1.60294 0.414325 -1.0534 -1.3441 0.707936 -5.45543 1.1769 6.53979 0.0133914 1.17128 -1.45591 -2.72176 -5.78346 -9.02348 0.885232 -0.212051 0.370966 0.645926 2.86231 4.73009 2.72257 5.04268 -2.58297 -2.18406 -2.16802 1.43162 0.92119 0.100398 -0.423717
internal_weight=0 1.00311 0.447428 476.585 470.941 465.866 5.64414 5.07492 2.03499 1.37444 1.46203 464.492 1.11666 3.03994 5.26867 0.984951 1.06421 463.375 461.526 444.235 2.24191 1.84137 4.28371 1.15534 0.798029 426.83 17.4044 16.5304 0.415245 3.52523 3.24451 24.8807 0.857569 17.2911 3.78371 3.18215 0.758488 5.41827 1.8495 15.8875 0.874036 401.95 11.126 19.4625 1.04719 0.959194 0.802307 14.6823 0.632115 11.4714 10.6804 2.10958 1.2052 3.21082 1.23823 7.26854 2.66894 13.5074 1.73481 10.7017 8.57086 6.78268
internal_count=26042 161 107 25881 24813 24119 1068 694 264 269 184 23850 240 430 976 154 126 23610 23308 21213 320 206 822 130 110 19281 1932 1818 103 635 584 1863 193 2095 392 342 187 1092 302 1732 114 17418 1347 771 153 166 149 1589 137 1291 1141 354 143 298 157 476 298 1703 294 1325 787 720
is_linear=0
shrinkage=0.05


Tree=17
num_leaves=63
num_cat=2
split_feature=66 85 58 48 66 53 52 1 70 71 68 56 1 52 66 47 39 89 71 57 70 51 58 49 51 51 50 66 20 57 50 66 66 72 70 47 56 19 54 48 66 70 47 47 77 64 56 57 52 55 77 47 52 58 48 70 24 44 48 58 47 74
split_gain=343403 430202 224467 103411 63176.8 59461.8 37293.2 50914.2 28686.8 28458.9 30522.4 26809.3 49695.8 26427 24970.2 21824 21434.2 16819.9 19003.9 16104.7 20509.6 20051.4 15128 13745.2 12718.7 10641.7 10382.1 9687.35 8996.92 13460.3 7574.68 11412.8 7418.67 7276.08 8934.66 6925.32 6886.97 6716.86 13286.6 5741.31 6661.47 9876.5 5304.97 5122.32 5110.81 4685.02 7430.19 4089.12 3860.86 3832.94 3575.09 4379.03 3395.22 4423.16 3448.64 6118.7 3263.76 3263.5 3214.36 3146.4 3123.02 3108.26
threshold=1822.7566666666671 1.0000000180025095e-35 1077.3570009173429 -599.95403764046239 714.5100000000001 -224.51311315058493 475.88500195307819 5.5000000000000009 1.4409964584121309 49.375791297016697 0.83333333333333337 651.91156539308429 8.5000000000000018 -299.61159208011514 380.59833333333341 -55.519854871194418 1.0000000180025095e-35 1.0000000180025095e-35 -29.427945715762082 151.47865547824071 3.0795512920936914 645.12524931448809 1077.3570009173429 -94.409909817455528 -130.84599645839938 157.38511805804853 -326.93214275172556 82.291666666666671 -0.5 -3.4785278835845799 -546.48864085393154 366.76583333333332 488.0916666666667 0 97.000000000000014 -781.12072549953359 170.57974573097388 1.8369701987210299e-16 198.66296092764108 -127.54776642298629 162.92333333333337 9.0140186915887863 0.20878316959572987 -262.84657038398183 1.0000000180025095e-35 772.42000000000019 254.75529059574018 46.865417963747085 153.98759785308667 69.658714973807733 1.0000000180025095e-35 -391.03014949535464 -212.20041860451451 181.86068629236215 83.901123726981055 2.1967031057350312 -1.0000000180025095e-35 9.1848509936051497e-17 132.79253343105745 71.753954503633125 -16.951481359331257 1
decision_type=2 2 2 2 2 2 2 2 2 2 2 2 2 2 2 2 2 2 2 2 2 2 2 2 2 2 2 2 2 2 2 2 2 9 2 2 2 2 2 2 2 2 2 2 2 2 2 2 2 2 2 2 2 2 2 2 2 2 2 2 2 1
left_child=3 2 -2 9 5 30 8 -8 24 10 13 14 22 -1 15 39 17 18 -10 20 28 23 43 -22 -6 59 -20 36 29 -16 -5 50 -33 -29 37 -12 42 52 -39 48 -41 -42 60 -13 -28 -30 -47 -45 -7 61 51 -32 53 -35 57 56 -56 -54 -26 -25 -17 -44
right_child=1 -3 -4 4 6 11 7 -9 16 -11 35 12 -14 -15 19 27 -18 -19 26 -21 21 -23 -24 25 58 -27 44 33 45 -31 31 32 -34 34 -36 -37 -38 38 -40 40 41 -43 49 47 -46 46 -48 -49 -50 -51 -52 -53 54 -55 55 -57 -58 -59 -60 -61 -62 -63
leaf_value=-10.255792936494288 32.441166325966591 -1.4604999836522954 101.21052360923267 -12.525620096278638 -9.5865200178021919 -3.3409542313975091 0.077892328103728481 25.187007275016068 10.528687820491783 -25.154741843868877 -20.811001316473334 -10.826612080394295 12.494947563607699 15.439527292140902 0.11272642434747798 -0.50292360988947926 13.743650547047583 12.630493724939313 -10.907568437211108 11.295327873884533 13.612220801192036 -0.64518140971718219 -18.788162042477875 -3.8378465233715775 -2.0681641261989974 9.1874297012817348 3.3079248711760325 -0.5706499627635867 0.090276820131563351 10.259284476801243 -11.21491414676178 5.8407973386362233 -4.4246928897438549 1.0655408982883994 7.2669456723486308 -11.274013373525641 -2.3894888167078951 2.0032889884235554 10.235422905154635 -1.5678464076926133 -0.20876926466999382 7.3463209760638755 0.098525414006538858 -8.2787099652589635 -5.2539730978389425 0.079784323008514957 -9.5389291347898801 -0.49505632793090709 1.6438561379106336 3.1179731500320966 -2.533890227019739 -6.2074651025156236 0.47179035182366624 -6.9486961055864107 3.7600136474172987 7.1853484318119092 -0.091948964393190058 3.1935183350251797 4.7679520643996645 3.3848224001804468 -0.058648302882358852 0.72784706423025514
leaf_weight=0.20670437789522111 0.2629261128604401 0.54527059430256486 0.21625699009746313 0.39288626215420652 0.44292795658111572 4.7503595191519734 0.3330421324353664 0.5126742753200233 0.39554782607592653 0.35912174428813148 0.2918810846749692 0.5007440769113598 0.30148125835694362 0.19395862100645789 0.86231373040936887 48.103356067091227 0.74218433373607684 0.41099396650679398 0.2639407638926059 0.49305638554506082 0.73967318353243228 0.94440103438682843 0.35332140373066057 0.2644742529373616 0.35151165956631236 0.7369624157436192 0.53826694609597325 5.6549901557154953 4.1198293110355708 0.52638098504394182 0.54368863557465452 0.33957629837095726 0.36535658454522491 0.37682973989286495 0.63804166531190176 0.54723287583328795 3.0835711397230616 4.9367260832805178 0.54418016388081003 16.598220041021708 4.679878828348591 0.4766343506053089 87.631542367162183 0.31866308138705701 0.25776397995650768 0.46771129756234575 0.35178154613822699 0.35863211168907583 0.42303416202776123 1.1684163436293591 0.48373549967072893 2.216638539684936 14.65211340738461 0.31699610105715692 0.90150865446776207 0.57220434863120306 1.4100078239571294 1.1908900837879617 0.33663099887780845 0.35076995985582471 222.61096462327987 25.28093691682443
leaf_count=62 55 54 59 87 59 596 46 85 50 95 62 94 56 46 120 3258 44 31 58 87 75 38 91 51 49 68 93 478 581 68 104 60 59 55 19 107 311 443 92 2106 566 38 5860 56 76 64 53 46 64 209 60 395 1381 60 176 42 219 145 52 52 6059 136
internal_value=0 28.9137 63.477 -0.0664554 -0.0229584 -0.0809178 5.81702 15.2991 3.67274 -12.7605 -9.17031 -0.0256713 -6.06069 2.18316 -0.00140665 -0.0564212 6.55625 3.69832 1.17615 2.48776 2.02401 5.40212 -9.71377 8.13224 -2.97778 5.13462 -2.31392 0.0322386 0.403147 3.95875 -5.90463 -5.2459 0.520341 0.879928 1.02372 -14.5914 -0.0359353 1.27486 2.82063 -1.4362 -1.08018 0.489574 -0.017075 -6.99215 0.535484 -0.596515 -4.04922 -4.15722 -2.93334 0.268912 -6.49891 -7.19376 0.838606 -2.59601 0.965859 2.55625 1.41035 0.676378 1.27598 0.280023 -0.137592 0.23943
internal_weight=0 1.02445 0.479183 468.218 466.619 462.033 4.58548 0.845716 3.73977 1.5989 1.23978 457.692 1.83284 0.400663 455.859 446.001 2.6087 1.86651 1.45552 9.85735 9.3643 3.03628 1.53136 2.09188 1.13107 1.35221 1.05997 419.073 6.32802 1.38869 4.34188 3.949 0.704933 31.1945 25.5395 0.839114 387.879 24.9015 5.48091 26.9281 21.7547 5.15651 384.795 1.17804 0.796031 4.93932 0.819493 0.677295 5.17339 114.081 3.24406 2.76033 19.4206 0.693826 18.7267 2.88372 2.31152 15.843 0.688143 0.615244 270.714 112.912
internal_count=25861 168 114 25693 25321 24678 643 131 512 372 277 23913 343 108 23570 22313 352 308 277 1257 1170 284 287 246 160 171 227 18943 886 188 765 678 119 3110 2632 169 15833 2613 535 3370 2710 604 15522 196 169 698 117 102 660 6205 559 499 2078 115 1963 437 395 1526 101 103 9317 5996
cat_boundaries=0 22 23
cat_threshold=44 0 0 8388608 262144 524288 0 0 256 268435456 192 1048576 2156199936 1048576 4194312 134217736 0 3 0 1073750016 21168192 37888 1
is_linear=0
shrinkage=0.05


Tree=18
num_leaves=63
num_cat=1
split_feature=67 1 9 51 67 53 41 10 58 39 19 58 57 63 56 45 63 80 60 47 63 57 47 57 58 67 52 53 51 63 50 60 50 51 54 58 47 47 1 53 60 63 51 3 60 49 4 67 47 3 52 67 67 56 50 5 54 65 58 49 47 74
split_gain=271378 259419 108739 102186 45129.5 47301.5 47296.4 65731.9 44088 33750.5 31967.1 31733.6 31612.2 30792.3 19340 18691.2 16612.3 14850.9 12990.3 11319.5 12911.3 9808.24 9705.69 9504.29 10253.6 20887.1 9109.62 8795.17 8653.7 8349.4 8260.8 7095.62 9825.48 6975.66 9157.73 5634.48 5537.68 5213.18 4914.74 7283.71 7318.2 6126.6 4341.03 4109.76 3926.18 3750.84 3556.68 3399.95 7171.98 4645.36 4590.6 4225.65 3382.48 5242.7 3358.09 3225.21 3871.12 3217.57 3034.26 2940.79 2904.41 2902.47
threshold=2155.0000000000005 10.500000000000002 8.2500000000000018 -501.73779365149136 612.35000000000014 -153.20494521102833 -1.0000000180025095e-35 5.7500000000000009 1520.0928040080537 1.0000000180025095e-35 1.0000000180025095e-35 749.79385276230471 7.1721939684359119 1528.8295833333336 530.9234500182032 0.68301270189221941 50.286363636363639 1.0000000180025095e-35 231.61796148511678 16.870670306062596 1009.6858333333336 70.068579162089236 -50.763500255838338 -136.66980336287736 513.40618892037844 1263.8200000000004 102.50385977396523 -57.627037794663302 -1114.3738620596841 981.90000000000009 -343.5009233524882 -245.90812848089601 265.71395785572878 60.916113789520189 37.446908224941296 607.01536080716596 106.89343704103585 93.245220370586495 3.5000000000000004 -92.299749893253207 96.014980394570117 421.97791666666677 240.95955233744507 2019.5000000000002 120.16888340991527 -104.97489076751006 1.0000000180025095e-35 96.910000000000011 -21.369708182103466 2021.5000000000002 20.960394233721285 222.18000000000004 344.75000000000006 27.657729986396458 -287.56338951929314 0.6830127018922193 198.66296092764108 88.020000000000024 680.18775870044112 -86.161624617428473 -73.536501577468798 0
decision_type=2 2 2 2 2 2 2 2 2 2 2 2 2 2 2 2 2 2 2 2 2 2 2 2 2 2 2 2 2 2 2 2 2 2 2 2 2 2 2 2 2 2 2 2 2 2 2 2 2 2 2 2 2 2 2 2 2 2 2 2 2 1
left_child=3 2 13 8 5 21 7 -6 12 11 -11 16 17 -2 19 22 -8 29 -13 27 33 35 -12 -18 30 -26 -22 52 -10 58 -25 59 38 34 36 -5 61 -35 42 -40 57 -42 60 55 -34 -45 -19 48 -29 -49 51 -51 -7 -54 -16 56 -36 -41 -1 -32 -33 -21
right_child=1 -3 -4 4 6 14 9 -9 28 10 15 18 -14 -15 54 -17 23 46 -20 20 26 -23 -24 24 25 -27 -28 47 -30 -31 31 32 44 37 43 -37 -38 -39 39 40 41 -43 -44 45 -46 -47 -48 49 -50 50 -52 -53 53 -55 -56 -57 -58 -59 -60 -61 -62 -63
leaf_value=-5.7096078844721978 -8.7289838954760146 54.887310754853594 29.671411695282309 -4.1765929272111455 3.3479854780329363 -1.6143337474622292 10.363903543581749 25.929161638693174 -29.370632051204826 0.57180483826120188 3.0110907990740547 -3.7639576270827853 3.5411861858712914 8.9875496939561739 -8.1708620862111427 19.734417706687054 -5.8855740906920815 2.8835865654846033 -17.804993148687501 1.4514774610503243 3.0151954721685041 3.5948214791327424 13.279390765994686 -6.0618821479414429 -1.3425005603651456 15.914981294912824 14.95336350515209 -0.80690730170589797 -16.901762547707477 -19.091860352378674 -5.8468328699191758 -2.3570542815910485 10.663686990162077 0.99034962079092625 0.69135461933094922 -7.9828676572052846 5.302067148927458 3.4270813556326232 6.2647503716202015 -4.5139947421524722 8.9334404451155045 1.2510153448068309 -5.5608038894543563 -3.7398279142540964 3.3226181050284405 -0.88261595801535087 -6.4752887491161877 0.12308577296163881 -0.032274777973910013 1.364931098327582 -0.9441322954578889 4.4522861339933515 4.7029605220694446 -0.72475806159667067 -3.5519633461975979 -1.759456106396607 5.8522560812038797 0.10580696773107937 -12.699897284714822 -0.19000066055939988 3.6168861766263101 0.37381737707816204
leaf_weight=0.27307265531271674 0.49982061283662804 0.39891502051614214 0.44896199088543653 4.3444908210076383 0.88561313948593923 12.85386564908549 0.47589554544537982 0.50663642189465463 0.1846807450056076 1.0969607089646154 0.50106831430457532 0.36885703448206264 0.62794902059249569 0.48155326768755913 0.67901324341073632 0.49842862389050424 0.50537606049328587 0.20003154128789891 0.29765127855353057 9.0378236370161176 0.42647361964918573 0.35039710230194021 0.425590904895216 0.43383747758343272 0.36468266509473313 0.33768482715822756 0.25554636167362332 33.07352863624692 0.56444101152010251 0.37587935058400035 0.46259099245071411 0.43217007373459637 0.37721240520477284 7.1147949497681093 3.123783885268494 1.2526176287792621 0.67052894574589927 3.1742353476583958 0.74199056113138251 0.49587546382100045 0.40440545533783712 0.72433736058883369 0.47381114773452282 1.30863677849993 0.35218270984478295 9.3948115410748851 0.20612668828107417 28.401006267871708 309.50260734255426 4.0290697421878567 1.4508575284853575 1.5288662137463687 0.54084169538691584 2.5079297786578536 0.93588325940072425 1.1472125290893016 0.41117769828997541 1.5708104253280906 0.35976116405799985 0.45645506586878948 0.38445242075250774 20.24123285221868
leaf_count=38 67 75 66 641 80 1643 33 73 52 78 58 65 91 43 120 82 87 48 53 32 98 67 57 55 54 72 65 2872 157 46 47 62 50 441 648 269 71 440 80 29 40 107 29 102 50 495 52 2346 9814 137 64 76 46 299 161 247 91 199 92 65 53 2134
internal_value=0 19.2329 9.289 -0.0626681 -0.00617323 -0.0904256 2.83496 11.5652 -9.60005 1.83722 6.98789 0.49252 -5.79519 -0.0356053 -0.0321108 11.9267 1.27265 -9.93887 -10.0344 -0.0125182 0.650602 -4.52039 7.72706 0.76472 1.18418 6.95457 7.48831 -0.107311 -19.9757 -13.1894 0.62975 1.05194 1.6828 0.566764 0.300017 -5.02843 0.809357 1.7421 0.924318 1.80197 0.765692 4.00347 -1.7536 -0.691464 7.11911 -1.23195 -1.86607 -0.058849 -0.107061 0.40758 1.5604 2.21419 -1.25919 0.238101 -5.49407 0.544083 1.29166 -1.00266 -9.68353 -3.0373 0.455378 0.706468
internal_weight=0 1.82925 1.43034 474.124 471.332 457.757 13.5746 1.39225 2.79194 12.1823 2.52205 9.66028 2.04282 0.981374 451.81 1.42509 8.99377 1.41487 0.666508 450.195 56.3063 5.94751 0.926659 8.51788 8.0125 0.702367 0.68202 393.889 0.749122 1.00871 7.31013 6.87629 5.95725 55.6242 45.3352 5.59711 29.9496 10.289 5.22785 3.93742 3.19543 1.12874 1.29043 15.3856 0.729395 10.7034 0.406158 377.986 342.576 35.4098 7.00879 5.55794 15.9026 3.04877 1.6149 4.68217 3.53496 2.06669 0.632834 0.919046 0.816622 29.2791
internal_count=25904 251 176 25653 25077 23419 1658 153 576 1505 275 1230 367 110 22442 197 1112 276 118 22161 4864 977 115 1079 992 126 163 17297 209 176 866 811 699 4701 3820 910 2237 881 599 455 375 147 144 1583 100 597 100 15309 12686 2623 277 213 1988 345 281 986 739 228 130 112 115 2166
cat_boundaries=0 1
cat_threshold=2
is_linear=0
shrinkage=0.05


Tree=19
num_leaves=63
num_cat=0
split_feature=66 85 58 47 66 53 71 53 49 56 5 66 51 47 58 42 48 70 65 51 70 48 10 77 54 66 48 70 51 57 47 70 10 8 57 40 47 56 68 10 48 51 51 8 54 70 64 70 48 20 57 52 60 48 59 51 49 52 64 10 53 51
split_gain=258183 309515 189110 81112.4 69598.1 43186.9 34896.7 40047.2 38949 24834.4 30079.1 23880.2 22872 20813 24380.9 19750.7 17180.9 16210.8 21702.9 18844.7 15727.9 15364.5 14019.5 13099.4 10472.8 10439.3 9898.72 9160.12 15006.5 9067.01 8735.59 8606.27 8157.13 7412.53 7173.97 6567.98 5458.23 4879.54 4644.57 4546.35 4516.08 4879.45 4396.19 4356.89 6912.61 4182.11 5266.33 3975.34 3965.36 3942.38 3861.02 5010.91 3649.21 3571.13 4338.93 3829.95 3440.93 3007.93 2721.16 2677.47 2642.74 2631.97
threshold=1822.7566666666671 1.0000000180025095e-35 1077.3570009173429 -654.3842804098889 1079.0400000000002 -224.51311315058493 -39.059083534911458 11.797175666197917 -45.466648700751996 490.00967654937762 0.93301270189221952 402.7383333333334 -408.61213910056898 -1045.8962176780105 868.2895308685471 0.6830127018922193 -90.388596290251655 4.3328245541936097 662.04000000000008 81.029096871959837 1.9167333333333334 -354.04934247279652 -19.95929214352104 1.0000000180025095e-35 130.52417770615219 92.551666666666691 -76.658728469218815 0.60244035244035254 -332.52874171087524 70.068579162089236 -33.244250516786337 12.013317919075147 6.0621778264910704 5.5000000000000009 -47.559807918252581 -1.0000000180025095e-35 88.087881520958447 609.1836694654445 0.83333333333333337 7.0417190950972819e-16 330.37089295787285 -12.893226991824312 544.16612634051569 3.5000000000000004 130.52417770615219 1.7146759343942446 189.96250000000003 2.4936668270001605 199.31425678604623 -0.5 41.639404406940187 32.771056033965372 67.267766145732139 2.053762707392409 4.3193579467782373 -73.34095880411563 65.803735741074817 271.23262660593787 788.0825000000001 15.79422863405995 -50.728733764626803 -111.1853754983955
decision_type=2 2 2 2 2 2 2 2 2 2 2 2 2 2 2 2 2 2 2 2 2 2 2 2 2 2 2 2 2 2 2 2 2 2 2 2 2 2 2 2 2 2 2 2 2 2 2 2 2 2 2 2 2 2 2 2 2 2 2 2 2 2
left_child=3 2 -2 13 5 20 -6 -8 -9 11 15 16 -13 -1 -15 21 45 22 19 -19 29 33 24 -22 -14 30 -21 37 -29 43 -18 34 -33 -11 -27 -24 57 -23 -30 -16 41 -38 47 49 61 50 -47 48 58 -5 -7 60 -39 -32 55 -55 -50 59 -37 -36 -52 -45
right_child=1 -3 -4 4 6 9 7 8 -10 10 -12 12 17 14 39 -17 25 18 -20 26 23 27 35 -25 -26 31 -28 28 38 -31 53 32 -34 -35 36 42 40 52 -40 -41 -42 -43 -44 44 -46 46 -48 -49 56 -51 51 -53 -54 54 -56 -57 -58 -59 -60 -61 -62 -63
leaf_value=-22.467031384682105 23.738801441350333 0.14841365440195547 86.914991693835248 -0.93980380980545974 20.712250123877325 -2.4962220391595702 -5.5322949208172156 21.499237409126351 0.78886613853076104 -4.6517011348646111 -14.624225498652748 13.627511468793239 2.1458219532173808 4.4136334064661078 -10.454273559408804 8.6485065377147841 -0.99108453592920398 0.62344357198882694 -0.47371238719028441 16.801724426253656 9.6749599062770013 -0.88542163082643455 4.9508045077485612 -4.2430972004070373 14.674394207803244 -1.4990483744794005 7.9096130162949496 9.4995896137746083 -6.636690167010058 -0.0075970055936426476 -0.079910128760419905 0.47370341803703203 5.7915265585425191 -16.252876644530733 0.67342591065723034 -0.7746311473985017 -0.38203479341418589 -5.0014036687951453 1.3828471148823427 -19.345752222840158 7.0351421396416143 3.1376043378597691 -5.7456235330909182 -7.799163069497661 -14.591752307010569 -1.5853519076240654 2.2514775117516037 4.7544338684829075 -0.080612677928740384 -6.3193960662338586 -4.326730910381765 6.8505647886645225 -12.741094175963383 -2.3496538927453154 0.82323277808650364 0.11201953696445471 7.3497009022378368 4.0985962902725852 -4.9386985900253881 -1.1099360220856291 1.6613297115030414 -1.9760641602981099
leaf_weight=0.38622057135216892 0.24190668016672023 0.57718548690900207 0.23210844025015831 0.45303054410032917 0.50495892111212004 10.119844725122672 0.52733204676769563 0.48371661081910122 0.42778804618865263 0.24963726568967226 0.5730772865936159 0.43247995781712134 0.40009720949455996 0.25656170514412113 0.35992049798369408 0.37190942023880769 23.663910799892619 0.55289195338264141 1.1274455073289571 0.54188247048296023 0.32214868813753117 0.45239688153378599 0.5734216955024739 0.35574490367434919 0.28606190020218492 3.4814438507892254 0.74088947195559729 0.38136312714777887 0.37336447229608871 0.57997747603803862 294.7957745033782 1.2790178232826286 1.6532347125466911 0.30704226484522223 16.632783562876295 3.9520649102050811 1.5028873917181043 0.45814522192813456 0.34959869715385139 0.23938478040508926 0.47976872674189497 2.8561076463665804 0.39575588004663576 1.3061885021161284 0.364780839299783 2.7333870329894117 1.3292637665290383 0.36474162084050465 0.37299852864816774 1.3718494751956307 0.36545027070678771 0.25277021224610507 0.22813314851373434 1.631754342233761 26.313679864862934 49.871633201604709 0.26759450999088585 0.58141321665607293 0.43557753926143039 2.4095803590025744 0.37162741995416659 0.22790826484560978
leaf_count=88 53 57 61 68 64 1255 87 56 58 37 97 48 71 45 92 51 2615 100 34 51 57 86 57 65 45 447 69 56 62 100 9128 90 38 96 1665 549 195 99 50 56 93 402 40 293 71 314 102 65 64 169 64 54 44 210 1445 3844 53 85 72 256 60 55
internal_value=0 24.7355 54.6739 -0.0719762 -0.0377771 -0.0775432 9.4035 5.4347 11.7794 -0.0270165 -4.08212 0.00652154 2.36966 -12.8321 -8.48428 -2.17726 -0.0492755 1.88334 4.98642 8.33998 -4.70779 -3.61535 0.578804 2.37104 7.36902 0.00945413 11.6659 -1.77007 1.4745 -5.82279 -0.0595424 0.894981 3.47195 -11.0504 0.624571 -0.153522 0.926799 -4.91676 -2.75873 -14.0059 2.43087 1.92411 -0.659148 -6.72851 -8.40514 -1.70271 -0.329975 -0.285884 -0.651502 -4.9839 -2.2047 0.775684 -7.57424 -0.000382019 0.300896 0.0340277 3.02325 0.55593 -1.18801 0.447763 -1.30761 -6.93407
internal_weight=0 1.0512 0.474015 464.681 463.439 461.496 1.9438 1.43884 0.911505 456.514 3.74467 452.769 10.4439 1.24209 0.855867 3.17159 442.325 10.0114 2.96311 1.83566 4.98163 2.79968 7.04831 0.677894 0.686159 427.153 1.28277 2.243 1.10433 4.30374 396.277 30.8762 2.93225 0.55668 27.944 6.36215 24.4625 1.13868 0.722963 0.599305 4.83876 4.359 5.78873 3.72376 1.89888 15.1723 4.06265 5.39298 5.02824 1.82488 11.1097 0.989848 0.686278 372.613 77.8171 51.5034 0.640593 19.6238 4.38764 19.0424 0.737078 1.5341
internal_count=25953 171 114 25782 25501 25236 265 201 114 24358 678 23680 1318 281 193 581 22362 1270 254 220 878 530 1016 122 116 20513 120 397 168 756 17242 3271 128 133 3143 900 2696 229 112 148 690 597 843 656 419 1849 416 803 738 237 1433 178 143 14627 5499 4054 117 2006 621 1921 124 348
is_linear=0
shrinkage=0.05


Tree=20
num_leaves=63
num_cat=1
split_feature=66 85 66 53 48 66 70 56 48 54 55 67 70 46 70 5 47 63 65 3 79 56 53 65 70 10 65 57 66 57 54 7 70 47 40 58 47 53 57 0 68 53 65 48 3 54 48 70 64 3 4 54 60 66 54 9 54 54 4 58 66 55
split_gain=277360 224372 273378 70821 45466.7 37676.9 41258.8 31813.9 29945.2 26900.9 35156.2 27037.3 26675.6 24143.2 23289.3 19397.7 16038.9 16824.4 15844.7 12466.5 11235.1 12442.2 10560.9 10481.9 9979.74 9505.68 12724.2 9316.94 8746.18 8275.55 8794.53 10009.5 7344.81 9346.06 11730 6564.31 6374.48 6035.58 5889.48 5803.41 5800.98 5800.84 5521.47 5310.41 4707.72 7293.44 5678.41 5813.71 5167.16 4453.49 4073.55 3739.41 3356.89 3213.23 5025.56 3204.22 3146.86 3106.27 2968.5 2886.93 2792.92 2684.33
threshold=1246.2700000000002 1.0000000180025095e-35 2329.1133333333337 -224.51311315058493 -232.0271464575074 538.73333333333346 1.5904815125536971 609.1836694654445 -781.8855438512586 579.01686534539442 90.143985924124976 1839.6750000000002 2.6574305449574562 0.25000000000000017 0.30884358288770059 0.25000000000000017 -58.658504886144129 942.01875000000018 1786.1250000000002 2018.5000000000002 1.0000000180025095e-35 188.39234890728514 236.09739842496032 2149.5250000000005 6.4419441108955384 9.4910126933919898e-16 1124.5050000000003 -92.659989549875135 313.00000000000006 -314.68834277090247 149.99035102559699 1.0000000180025095e-35 1.7146759343942446 56.105174787514748 1.0000000180025095e-35 280.7772867504637 -426.40151055609266 142.17909516417464 -24.624683605228807 0 0.41666666666666669 40.399928591210802 97.965000000000018 -23.844279140834434 2017.5000000000002 328.91518954548832 -127.54776642298629 2.0685901606526205 87.52500000000002 2020.5000000000002 1.0000000180025095e-35 838.04154964613247 383.11750381184618 58.346666666666671 0.31844571708272995 1.1634144591899857e-15 12.444021886507969 149.99035102559699 1.0000000180025095e-35 260.0814953668401 114.05833333333335 -47.061951181532756
decision_type=2 2 2 2 2 2 2 2 2 2 2 2 2 2 2 2 2 2 2 2 2 2 2 2 2 2 2 2 2 2 2 2 2 2 2 2 2 2 2 9 2 2 2 2 2 2 2 2 2 2 2 2 2 2 2 2 2 2 2 2 2 2
left_child=3 2 15 8 -3 7 25 16 19 11 -11 13 29 20 23 -2 24 32 -16 -1 21 38 58 51 44 37 61 -26 -24 -10 36 -32 35 53 40 39 -31 59 -8 41 -35 -18 -29 -41 45 -5 57 -48 -49 55 -50 -9 -43 -34 -55 -37 -56 -46 -19 -7 -38 -27
right_child=1 4 -4 5 -6 6 9 14 12 10 -12 -13 -14 -15 18 -17 17 22 -20 -21 -22 -23 28 -25 27 26 -28 42 -30 30 31 -33 33 34 -36 49 60 -39 -40 43 -42 52 -44 -45 46 -47 47 48 50 -51 -52 -53 -54 54 56 -57 -58 -59 -60 -61 -62 -63
leaf_value=-9.722518117617966 8.3677995946546329 -10.816640315599782 68.472461984357992 -0.50060986713419164 10.079813294082033 2.019984639229591 0.43330877775830628 -4.6796208634310119 -12.201576176108516 33.396842780045453 5.0574535588207983 -5.0867701958185947 7.2405231283184053 15.558891749788566 -5.0901540632709104 23.515737760577991 0.6208983180438209 -1.4689948685936223 9.0978487528925136 -25.057517560307861 -2.6210325024881325 12.823644258722195 5.9149075627709715 -18.724277574176412 -2.6141821175617896 3.2044645617852603 -10.797624859681072 8.2862003181708701 19.25198759294539 -10.328431818923015 7.5514827065081223 -4.4800225613791715 0.10660233216994633 -1.3835594321459641 7.5833760546032325 -2.7890986753266103 -6.1611102434835887 7.8228650743509327 7.5252412342589299 -0.82437147542638189 2.2639746436204242 2.4623039386756442 1.6582254441212225 -0.099534341728447537 -2.7756065684510971 8.1300504360895065 -1.7854792520345375 -2.4804437876527334 -0.78052062473924932 -5.3454476188112032 3.8062407831637994 -10.959691376526338 7.3992604848578694 2.9205391601145614 0.067183519519099955 4.1319509610458951 1.2495718058555874 -6.3574035489853991 5.515609103300311 -3.2922355120235061 -3.0021437717635919 -2.259655259744707
leaf_weight=0.28313406580127765 0.38760418351739556 0.47960994020104408 0.36236058780923486 4.3144983525853666 0.56929211178794503 0.82954473840072684 0.63001583376899462 0.45049188542179697 0.4253358005080371 0.21273871068842698 0.22536985343322158 0.49946208205074061 0.44616415537893761 0.70386360143311311 0.52637447742745269 0.46473682764917612 11.356046751840038 0.32991975895129033 0.3142654683906585 0.24915869394317269 0.40455334284342814 0.55261798598803569 0.29238520306535065 0.29849113128148019 0.64240754093043495 0.3251509282272308 0.42787734745070327 0.59462883020751067 0.21209110133349895 0.66546799754723895 0.27900197962298978 0.45442130765877664 121.2032382786274 1.4692416072357435 0.86132996319793154 0.44391295686364074 1.7612812363076953 0.35269210697151709 0.5468391464091843 28.261666734237224 4.2234523291699588 2.2168989034835245 0.66632540640421212 238.62750555668026 3.8820836502127412 0.25950788636691857 13.570060577942057 0.90717205521650557 0.78386156796477768 1.009316600160673 1.2656338361557571 0.50025720847770572 0.4076274512335657 2.3510900365654406 15.392509520752357 0.26830923510715365 8.8700017139781249 0.71712671080604184 0.28227871051058173 0.36975248414091766 1.1608638428151605 0.72804951691068698
leaf_count=71 68 53 97 1139 60 122 62 98 70 52 53 36 97 59 77 61 628 64 62 53 88 68 80 82 99 36 58 66 42 162 54 80 3937 46 95 66 323 70 57 2576 299 433 43 9909 357 79 1321 112 63 72 79 102 17 87 477 64 835 77 65 45 178 90
internal_value=0 17.4652 32.0933 -0.0781457 0.52492 -0.0114621 3.68123 -0.0652101 -5.60612 7.16988 18.8186 5.6407 -4.44831 7.52871 -6.22046 16.6272 -0.0375867 0.0360707 0.2139 -16.9006 4.88013 6.63478 6.16553 -10.5503 -1.20657 -0.661326 -3.52667 2.28688 11.5221 -5.54707 -4.89205 0.0968894 0.0204066 0.297761 2.14537 -0.131103 -5.91194 2.07309 3.72866 -0.112237 1.32257 0.647431 4.78378 -0.169923 -1.4653 -0.0109463 -1.78018 -1.34774 0.661318 -3.20918 2.05196 -7.98402 3.22909 0.21584 0.71333 -0.181792 0.499447 -3.33409 1.75154 0.382187 -4.90617 -0.572736
internal_weight=0 2.2636 1.2147 480.305 1.0489 474.581 6.80853 467.772 5.72483 3.77546 0.438109 3.33735 5.19254 2.83789 2.08988 0.852341 465.682 438.079 0.84064 0.532293 2.13403 1.72947 1.11667 1.24924 27.6033 3.03307 1.48108 1.90336 0.504476 4.74637 4.32104 0.733423 436.962 154.371 6.55402 282.591 3.58761 1.55199 1.17685 280.87 5.69269 13.9806 1.26095 266.889 25.6999 4.57401 21.1259 16.5267 2.95667 1.72154 2.0495 0.950749 2.62453 147.817 26.6136 0.712222 24.2625 4.59921 0.612198 1.1993 2.92215 1.0532
internal_count=25971 339 226 25632 113 24544 896 23648 1088 475 105 370 964 334 421 129 23227 19792 139 124 275 187 251 282 3435 421 184 208 122 867 797 134 19541 5776 440 13765 663 237 119 13563 345 1078 109 12485 3227 1218 2009 1575 254 202 142 200 450 5336 1399 130 1312 434 129 167 501 126
cat_boundaries=0 20
cat_threshold=65536 1073751104 0 0 1073741824 538990593 0 3221225472 0 262144 4608 512 2064 0 0 1073741859 134217728 8454144 0 2097152
is_linear=0
shrinkage=0.05


Tree=21
num_leaves=63
num_cat=0
split_feature=66 41 58 53 39 52 57 48 51 3 71 51 70 66 70 51 71 66 48 68 3 70 57 63 60 3 50 51 54 57 50 3 51 3 51 57 50 79 65 51 48 70 66 80 66 65 55 57 58 3 70 48 51 24 66 3 50 70 3 54 57 14
split_gain=210904 177252 158456 79183.8 71639.2 48016.8 39660.4 37064.2 35563.8 34329.8 33960.9 29372.6 18840.2 16882.2 18826.7 17304.8 16712.4 15872 15407.6 13979.8 24879.5 23033.2 13710.7 13702.9 13578.5 13529.9 12683.1 11433 9064.31 8984.88 8914.41 8669.16 8555.89 8517.05 7529.81 14882.1 7476.29 6793.54 5822.18 5735.58 5648.09 7003.31 6163.53 5609.26 5495.52 5103.67 4525.34 4438.26 4560.26 4007.77 7289.94 4789.28 3966.11 3895.77 3641.43 11842.3 3817.57 3330.68 3488.25 6703.26 3259.04 3232.19
threshold=1246.2700000000002 -1.0000000180025095e-35 749.79385276230471 -224.51311315058493 1.0000000180025095e-35 425.813114834087 -114.26476910927845 -781.8855438512586 645.12524931448809 2019.5000000000002 49.375791297016697 -455.04989542373829 2.6574305449574562 300.00500000000005 1.7146759343942446 -224.82254080594348 -39.059083534911458 714.5100000000001 -293.90231732954641 0.58333333333333337 2019.5000000000002 4.0019010776457593 151.47865547824071 1083.5641666666668 202.9088301859845 2018.5000000000002 -91.935486480569608 -638.37108322465497 373.38374259860205 -45.958686446005792 498.60993117261683 2016.5000000000002 90.944915926760245 2019.5000000000002 366.08093507427947 -21.81169435695417 121.32397098342594 1.0000000180025095e-35 1084.0700000000004 60.916113789520189 -28.376733283638568 17.373007206813721 58.346666666666671 1.0000000180025095e-35 557.1016666666668 811.86000000000013 -105.7063339598201 122.45963464750284 244.15582393543505 2018.5000000000002 0.31508092497142065 -391.59641078894987 33.838815906026817 -2.7554552980815443e-16 183.80500000000004 2021.5000000000002 -228.65692284345579 1.1063157908382404 2015.5000000000002 174.65306313076741 62.074674445855031 -0.25000000000000006
decision_type=2 2 2 2 2 2 2 2 2 2 2 2 2 2 2 2 2 2 2 2 2 2 2 2 2 2 2 2 2 2 2 2 2 2 2 2 2 2 2 2 2 2 2 2 2 2 2 2 2 2 2 2 2 2 2 2 2 2 2 2 2 2
left_child=3 2 -2 7 6 10 -3 25 17 -8 13 23 27 26 16 29 -15 33 -14 -17 46 34 37 -12 -25 -1 54 -9 -10 -16 31 32 -18 36 35 -22 39 -13 47 -7 41 57 -42 -23 49 -34 -21 48 -33 50 -29 -51 -48 60 56 -56 -5 58 59 -28 -44 -54
right_child=1 4 -4 5 -6 8 9 12 28 -11 11 22 18 14 15 19 30 -19 -20 20 21 43 -24 24 -26 -27 40 44 -30 -31 -32 38 45 -35 -36 -37 -38 -39 -40 -41 42 -43 53 -45 -46 -47 52 -49 -50 51 -52 -53 61 -55 55 -57 -58 -59 -60 -61 -62 -63
leaf_value=-10.569894945875848 13.250983459516494 -9.5665702557784389 63.87926585077301 -4.8693942384624762 25.179611061668837 -1.9646190032680602 -3.5604000338372082 -13.658662528939212 26.329431686414985 17.888710566094563 -5.9809390457343206 -5.2438027708270099 11.767809627304024 10.66009179831166 6.6359877008675401 -0.42376988670654603 0.75115164682675983 13.073367930827352 -5.0891257196485888 -7.5126022927790252 -0.19417201223472499 7.1572286181669673 6.7884089191649331 -25.559591032014559 -9.3625554389705492 -25.802392543719204 -0.058126435110650576 -5.7026899227259049 12.277538650535442 19.788839635468136 -8.4523328366738664 -0.24891537445993328 4.1382162822682922 -1.764322269166323 -2.6567842927988288 11.193272369784673 13.453413283104604 2.0430385639243887 -6.5906479393232704 7.3205513009144658 -0.007588757350783808 2.947295776159319 1.5140789365746583 12.420446900977327 0.92126585473536027 14.487605367629008 -3.0450731290416218 4.3872448764322174 -3.8108472014199624 -10.107636527006358 2.0702293610252562 -5.2223364630069184 5.7340607887112007 0.48544419628645008 -1.6143416030309616 5.3500483222905064 -1.6688125424377613 -0.16826608578479393 -1.3247212272593911 10.401819111822125 5.1557198631184971 -1.4015549317545686
leaf_weight=0.30824915459379543 0.31629594229161773 0.52886072150431573 0.30221475381404161 1.0287078721448768 0.39942587376572181 0.32872178475372471 0.33762679249048122 0.39587133051827539 0.23435421404428769 0.41689793905243278 0.4412880644667897 1.5436977131757879 0.30439208121970296 0.35062545537948508 0.32570746191777289 2.5247596295084787 1.1055226486641911 0.39669920364394773 0.24439115892164398 0.24919280782341924 0.72251032013446104 0.97580960812047157 0.36810526368208218 0.27588063920848072 0.24369637272320688 0.27657735301181674 2.8133708271198006 0.91357723623514109 0.22489613527432084 0.21591363963671018 0.33649536757730025 4.9379894859157503 0.26846114569343615 0.80392575147561729 0.56910653389058996 0.47589559992775332 0.21525327861309052 0.40345550701022137 0.42502751597203303 0.33664238103665411 371.27710799290799 1.3711286270990957 4.3992957074660834 1.0519472516607491 0.3847651183605193 0.2141421134583652 0.60342725180089474 0.42534676194190968 1.098476253217086 0.6749410347547381 0.45033674198202789 1.9543123692274096 0.36089173238724426 21.251066754572093 2.9060526965185995 0.77268789941444982 9.8783885240554792 17.53179786214605 19.81148742348887 0.16198661504313339 0.71410398161970068 0.28325966885313436
leaf_count=79 37 50 68 148 61 75 74 91 60 41 95 202 57 49 61 39 252 58 46 53 74 52 69 59 47 61 825 250 47 39 54 666 66 70 42 54 57 47 56 72 13266 92 475 51 64 49 137 58 123 120 97 244 74 1836 330 40 1106 1462 1743 51 156 69
internal_value=0 15.1001 37.9888 -0.0723344 6.68743 -0.00112034 0.932142 -5.82565 6.85453 8.29089 -0.0378092 -5.11094 -4.51284 -0.00255498 1.5204 3.23641 -0.045085 4.07559 4.26086 2.63755 4.09806 6.25102 -2.06099 -12.46 -17.9627 -17.7737 -0.0613387 -5.52144 19.4482 11.8793 -0.471065 -0.154172 3.17593 1.95667 2.07894 4.32786 5.35361 -3.73395 -0.922103 2.73323 -0.0131811 -0.566857 0.0448677 9.88765 -4.78564 8.73048 -1.36106 -0.549252 -0.897092 -5.33553 -3.13623 -6.47641 -0.132344 0.783585 -1.51186 -0.151531 -1.97068 -0.686364 -1.08498 0.511342 2.02265 2.59624
internal_weight=0 2.30132 0.618511 483.162 1.68281 477.254 1.28339 5.90741 2.54049 0.754525 474.714 3.27612 5.32259 471.438 17.5205 8.35842 9.16209 2.08124 0.548783 7.8168 5.29204 3.79527 2.31526 0.960865 0.519577 0.584827 453.917 4.7738 0.45925 0.541621 8.81146 8.47497 1.58813 1.68454 1.76751 1.19841 0.880617 1.94715 6.88684 0.665364 439.331 41.6898 397.642 2.02776 4.37793 0.482603 1.49677 6.46181 6.03647 3.99317 1.36391 2.62925 1.24758 26.3645 14.5858 3.67874 10.9071 40.3186 22.7868 2.97536 5.1134 0.644151
internal_count=26046 331 105 25715 226 24606 165 1109 439 115 24167 519 969 23648 2118 745 1373 332 103 645 606 273 318 201 106 140 21530 866 107 100 1324 1270 367 274 170 128 204 249 903 147 19906 4173 15733 103 775 115 333 847 789 711 347 364 280 2467 1624 370 1254 4081 2619 876 631 143
is_linear=0
shrinkage=0.05


Tree=22
num_leaves=63
num_cat=1
split_feature=51 41 47 66 19 81 53 80 80 54 53 39 66 70 59 39 51 50 6 3 66 47 5 71 64 70 3 53 52 64 70 9 47 50 49 50 3 51 50 47 65 66 72 38 10 64 70 10 47 66 54 47 9 1 66 50 71 47 50 70 50 49
split_gain=190190 368788 60297.1 56337 55631.2 54371.2 54088 35779.8 32688.1 32149.8 27506.2 21977.1 19705 21794.6 21061.4 32529.2 17124.7 15110.2 14854 11956.7 11122 10870.5 10597.2 10352.1 8844.98 8248.34 7981.24 13183.9 10547.1 7285.78 6832.34 6446.03 5835.84 6260.31 6352.23 5744.48 5254.3 8177.46 4997.11 4550.46 4522.92 4517.19 5258.96 4466.77 8424.62 6944.59 6940.71 5981.69 4595.15 4351.26 4272.41 4118.03 4109.37 3759.37 3740.82 3812.43 3699.38 3590.4 3035.65 3003.93 3484.36 3430.57
threshold=1374.5528624259966 -1.0000000180025095e-35 -529.98381173502253 923.94166666666672 1.8369701987210299e-16 1.0000000180025095e-35 195.09002879373398 1.0000000180025095e-35 1.5000000000000002 726.76149590294881 -144.72374668226846 1.0000000180025095e-35 219.84833333333333 1.7146759343942446 57.352966242349289 0.25000000000000017 -188.3125538515236 -396.99301886316374 -1.0000000180025095e-35 2019.5000000000002 634.05666666666673 -55.519854871194418 1.0000000180025095e-35 -97.656987281081044 1173.7050000000002 5.8339180929716985 2018.5000000000002 195.09002879373398 6.1750425394985422 648.20500000000015 0.6410090011542483 -5.7500000000000018 -1045.8962176780105 498.60993117261683 219.01407223045734 -326.93214275172556 2017.5000000000002 17.455385797229663 -188.88736770133053 -230.07474487059281 828.80000000000007 28.374166666666671 0 0.25000000000000022 5.7500000000000009 76.02000000000001 5.5542088157600569 -12.500000000000002 -44.180122500351509 357.77000000000004 45.121125488394604 -6.8808720734684892 6.735557395310444e-16 6.5000000000000009 65.813333333333347 198.64085801788099 7.9064316224687055 -150.98190105211407 -101.32451734513347 0.23258762031356955 -169.11454241393756 240.98772818340723
decision_type=2 2 2 2 2 2 2 2 2 2 2 2 2 2 2 2 2 2 2 2 2 2 2 2 2 2 2 2 2 2 2 2 2 2 2 2 2 2 2 2 2 2 9 2 2 2 2 2 2 2 2 2 2 2 2 2 2 2 2 2 2 2
left_child=2 -2 7 9 -3 6 11 18 -9 10 20 19 21 22 16 25 -15 -11 -1 -5 23 54 26 -4 35 38 27 52 -29 -28 -19 49 -20 34 53 -24 37 -33 -16 -38 -37 50 -43 44 46 -46 47 -18 -49 -25 51 -23 -14 -34 57 -56 -53 -12 -52 61 -61 -44
right_child=1 4 3 5 -6 -7 -8 8 -10 17 12 -13 13 14 15 -17 43 30 32 -21 -22 41 24 31 -26 -27 29 28 -30 -31 -32 36 33 -35 -36 40 39 -39 -40 -41 -42 42 59 -45 45 -47 -48 48 -50 -51 58 56 -54 -55 55 -57 -58 -59 -60 60 -62 -63
leaf_value=-0.15153948267235978 60.238484828378255 -10.924349191867488 4.4976325890827189 -10.217284420394876 14.675164228921114 23.16367362110304 19.231939656725835 18.715047168938476 -8.4803151900873974 -18.216230719455925 -4.6375837004801825 10.127868921433853 -0.52516091224907335 10.430137858470582 -3.2274993915738044 16.490908400087218 6.9730377855268975 -8.107660937761791 -20.008074606681415 0.0469960305333465 3.1505469070291778 -0.36496576552383547 4.5561050465030011 -5.0175749507251552 -9.1389467253982204 7.9055923428276635 0.84029167339674449 4.2374429865572338 18.412084484587933 -5.2554918048039507 1.3117371418088699 -1.9562836716347123 -16.891336993773908 -18.878226628934215 -3.6621153683401566 -0.99298176782717507 -5.2416539874873367 9.6444034068111755 3.3311675045492501 -2.0457938744908417 -5.6562305438497127 -0.4820590744460348 1.6383162027301421 -0.54540356889446417 9.4860367681682618 2.4760781850447375 -2.2741687564020232 -2.1787249272047493 3.7861508598015208 -11.15297229392274 -3.5962564709838802 0.02200275194165879 3.9697946275795091 -8.9737606653830166 -0.6391285717789319 3.6744102670784295 1.4250739500447798 -1.4820114335489143 -0.77235206736943196 -2.9492909874663891 0.5083788528386578 9.3271048918007988
leaf_weight=0.23265190538950276 0.38442470505833626 0.4468783838674415 0.40284439898095925 0.41370835970155873 0.40416212403215468 0.44734996929764737 0.46151113742962468 0.20569221442565311 0.2387422404717654 0.29048842657357454 0.97928351140581149 0.4060222622938453 1.0257639042101825 0.51780138653703023 0.36767213512212071 0.64190935809165228 0.52866952726617422 0.59601956396363565 0.29739864356815826 0.90300189447589219 0.72369905235245902 79.073727145092562 0.41913254256360222 2.0624762161169197 0.36198478075675655 0.87199671217240382 3.3517997842282061 0.29476454015821207 0.23655075998976827 0.5741471864748745 0.28436394059099257 0.60456832288764228 0.30021996935829409 0.26392282708548009 0.26667189877480268 4.4740096691530198 1.9522412971127763 0.20289307204075158 1.3822366367094221 2.5935628116130842 0.58835303806699801 11.483814262319354 0.55309359473176201 2.8142961969133466 0.55479876557365038 0.97283719130791724 1.3151052473112939 0.6781532727181907 0.61630961159244091 0.33606923953630019 1.0462907084729511 246.63436469552107 1.0082631292752919 0.29947584611363709 7.3117733818944535 0.55083056073635805 4.7891875039786092 11.336709782248363 10.524638599948956 0.73585057258605857 74.052212835755199 0.19665667717345059
leaf_count=42 83 49 90 99 64 66 76 69 46 73 126 50 214 67 50 60 53 116 73 66 88 4656 37 355 64 62 383 57 51 55 56 165 52 53 62 670 259 54 199 250 98 816 150 68 67 78 113 88 69 60 95 6628 212 80 846 72 142 1467 652 88 4750 59
internal_value=0 19.593 -0.0495832 -0.0129773 1.23295 7.2829 4.03039 -8.49412 4.10618 -0.0527354 -0.0326227 -0.0420252 0.019147 1.42752 3.01783 6.40267 1.63655 -8.32791 -11.8669 -3.17803 -2.7899 -0.0548239 -0.0244518 -3.31709 -1.5691 3.93281 1.36605 3.53495 10.5482 -0.0511816 -5.06519 -3.72321 -13.776 -12.1363 -10.0825 -1.06921 -2.75809 0.958653 1.95313 -3.41829 -1.53495 -0.00148879 0.320153 1.02783 1.97675 5.02192 0.494415 2.49152 0.661225 -5.87723 -0.083314 -0.0502504 1.70298 -12.9375 -1.18897 -0.336935 0.0487289 -1.73292 -1.0277 0.446782 0.474358 3.65506
internal_weight=0 1.23547 487.651 485.546 0.851041 2.63159 2.18424 2.10478 0.444434 482.914 481.743 1.72273 472.865 23.5966 11.2618 3.26381 7.99797 1.17087 1.66034 1.31671 8.87835 449.268 12.3348 8.15466 5.84348 2.62191 6.49129 2.56534 0.531315 3.92595 0.880384 7.75181 1.42769 1.13029 0.866368 5.4815 5.35327 0.807461 1.74991 4.5458 5.06236 429.09 87.0216 7.48017 4.66587 1.52764 3.13824 1.82313 1.29446 2.39855 342.068 330.497 2.03403 0.599696 20.1786 7.8626 251.424 12.316 11.5709 75.5378 74.7881 0.74975
internal_count=25958 196 25762 25285 113 357 291 477 115 24928 24683 215 23362 2815 974 371 603 245 362 165 1321 20547 1841 1233 869 311 972 534 108 438 172 1143 320 247 194 805 728 219 249 509 768 18036 5863 536 468 145 323 210 157 415 12173 11426 426 132 2511 918 6770 1593 747 5047 4838 209
cat_boundaries=0 23
cat_threshold=12 0 16384 545259584 0 524288 1048576 0 0 0 73 1048576 0 35328 4194304 8388617 0 0 16777216 2147484160 322 25203712 1024
is_linear=0
shrinkage=0.05


Tree=23
num_leaves=63
num_cat=2
split_feature=66 85 52 48 66 85 70 88 71 52 51 10 51 46 53 0 66 63 70 51 3 59 65 89 60 51 65 64 10 64 53 91 56 48 63 64 53 66 70 13 65 51 66 48 70 66 82 48 68 59 56 57 48 56 23 63 68 53 71 0 48 59
split_gain=210417 262823 151165 47381.4 45642.2 45247.6 34508.5 54842 20749.5 20483.4 27345.8 17237.1 17549.6 17005.9 16043.6 14532.6 19320.6 24778 15995.1 14340.1 13783.7 27259.4 14521.2 13618 12902.9 12231.6 11119.8 10780.7 10666.7 13904.3 12289.9 10235.7 9726.15 9356.19 8969.55 8661.48 7124.5 5921.98 8350.82 5897.99 5689.96 5508.75 5224.04 4725.96 4702.06 5374.84 5740.48 5063.82 4612.62 4337.75 5015.84 3813.05 3687.98 3269.73 3020.34 3283.28 2800.21 2690.94 2641.09 2866.31 2829.53 2614.03
threshold=1822.7566666666671 1.0000000180025095e-35 2508.5350190935255 -336.12094607575602 1170.1450000000002 1.0000000180025095e-35 1.8906789990784818 1.0000000180025095e-35 78.444212472643969 271.23262660593787 183.89508221193088 1.2552629691260372e-15 -408.61213910056898 1.0000000180025095e-35 -892.38831261473922 0 230.99333333333337 69.00500000000001 1.5311119081162807 366.08093507427947 2017.5000000000002 647.97860271154548 1298.1400000000001 1.0000000180025095e-35 85.07762838769402 -126.24791880729714 874.79000000000008 399.86500000000007 14.722431864335457 829.56250000000011 214.37825931566195 1.0000000180025095e-35 16.985019248577888 -115.53045673311105 1265.8083333333336 356.06750000000005 -75.401748069802437 471.60000000000008 3.3537351209409452 -0.93301270189221919 1004.0100000000001 -294.82999230634135 538.73333333333346 -391.59641078894987 2.3571951379075249 157.25833333333335 1.0000000180025095e-35 -25.984317169355574 0.58333333333333337 -256.15218996074628 402.91150007500329 79.002775656321887 88.320408937770779 360.27334236571784 0.25000000000000022 872.99625000000003 0.83333333333333337 -110.86048364095471 1.9559650320152195 1 39.723876422797673 28.424233844073296
decision_type=2 2 2 2 2 2 2 2 2 2 2 2 2 2 2 9 2 2 2 2 2 2 2 2 2 2 2 2 2 2 2 2 2 2 2 2 2 2 2 2 2 2 2 2 2 2 2 2 2 2 2 2 2 2 2 2 2 2 2 9 2 2
left_child=3 2 -2 6 8 19 14 24 9 15 26 48 34 35 -1 41 33 -18 28 -6 21 23 42 31 -8 27 57 -20 30 -30 39 -16 -27 -17 -13 -12 56 61 -39 -19 -41 -5 43 54 47 58 -47 -35 -10 50 -49 -51 -37 -32 55 -22 -34 -11 59 -46 -60 -38
right_child=1 -3 -4 4 5 -7 7 -9 11 10 13 12 -14 -15 20 16 17 18 25 -21 22 -23 -24 -25 -26 32 -28 -29 29 -31 53 -33 36 44 -36 52 37 38 -40 40 -42 -43 -44 -45 45 46 -48 49 -50 51 -52 -53 -54 -55 -56 -57 -58 -59 60 -61 -62 -63
leaf_value=-17.381010012939957 24.053936768340222 -0.49030186950854393 82.135451802247459 -6.9763043940143392 9.7004267391567858 -3.6137252024326885 1.5484680885282525 24.344351100549119 -3.2199531007887714 -4.6116678962460176 10.418605072405462 -10.133902548959091 -3.6082779068479143 16.608609273883324 9.8871199391090911 -2.0083217107692275 12.553816741472119 -4.8812973112478355 2.3922637644117248 24.235028386321989 -8.282167261830768 15.128899860658354 -15.547471886689369 -10.026826220997563 -14.62318728128097 7.7196295153797223 8.5344235052078599 11.712080385069376 -0.96528321809828543 -11.720620952715569 3.6979610281578488 -5.6876322663117556 -4.1714541754271108 -0.6926641742612939 -24.23785530846714 -3.9958015188560787 0.79838261842450153 1.491313942423899 9.8483486691941859 0.056562001537346043 6.7198132753751452 -2.2923628069515893 -0.66392143877806076 -4.6200414439532649 0.6322492399316092 4.3456362219821134 -0.24581981168900319 -0.98020748696374693 6.2021462013166868 -0.034413251172242199 -6.2886032538933305 2.7767384252353717 4.5774207311624258 11.178181033666997 -4.760358534930929 -14.924488000316376 0.36084042650409531 -0.065847605130003636 0.60281736799890562 -0.023977699296709148 2.8127893315410155 3.3896654834878661
leaf_weight=0.31320171477273095 0.23924524569883843 0.54004780482500792 0.21066888771019876 0.67009093915112217 0.29975392343476304 0.37661117035895586 0.35924078966490913 0.24792125192470849 0.26153169199824222 0.39941148646175939 0.42304154904559232 0.22995575261302292 0.52633070270530879 0.49488131026737392 0.20921941613778361 5.9707603892311445 0.50021623237990098 0.57607033778913574 0.58459962159395107 0.39114091382361948 0.47304419078864179 0.21331533952616155 0.46599776949733485 0.52546550403349102 0.18783843354322016 0.68789003556594064 0.36453753453679372 0.66129937511868775 1.0175403826870022 0.42643086169846345 0.28678724216297258 0.21277511073276401 0.63915281207300612 33.43800669326447 0.22112614195793867 0.22761914320290089 3.7221742409747103 0.64201311231590785 0.55937755852937698 6.4158353013917795 0.33722857921384264 9.9289534636773151 0.39531417959369708 1.0943969441577799 11.334842063486574 1.6360551284160458 1.1658509364351628 2.5543420366011556 0.25807131454348564 284.08595278020948 0.53887549554929126 1.2114117618184526 0.27944292337633669 0.29778233938850462 0.27022340032272041 0.30663615767844021 0.73006678908132017 1.7604638121556484 9.9739716295152885 79.607667008880526 1.6944347545504559 1.3178118667565284
leaf_count=80 50 53 59 90 58 44 84 33 60 73 67 56 60 93 54 847 48 91 80 54 102 54 92 139 57 38 76 78 151 62 53 70 27 3350 49 44 129 71 42 927 60 918 47 126 83 81 136 299 40 11625 80 250 62 52 45 55 82 222 384 3342 70 127
internal_value=0 23.0245 51.2502 -0.0510954 0.00182196 10.3288 -4.76363 4.83642 -0.0217007 -0.00286755 3.58273 -5.89883 -9.81072 9.12038 -6.46737 -0.0334387 0.0258234 1.57001 1.27934 17.929 -5.64696 -1.01926 -7.43419 -4.65493 -4.00403 2.71953 0.456836 7.33904 -0.189579 -4.14153 0.531512 2.03413 2.02598 -0.0427402 -17.0478 5.1361 1.51135 2.22788 5.38242 -0.0249641 0.389306 -1.33188 -5.94547 -6.91915 -0.0152709 0.274559 2.43517 -0.110203 1.45972 -0.0426682 -1.90499 -0.0224767 0.728918 7.50842 -9.31569 -10.8945 -1.75484 -0.906476 0.215561 0.124698 0.92374 1.47593
internal_weight=0 0.989962 0.449914 475.002 469.727 1.06751 5.27459 0.795 468.66 467.163 3.9494 1.49702 0.977413 1.42498 4.47959 463.213 452.614 19.4023 18.9021 0.690895 4.16639 1.16078 3.00561 0.94746 0.547079 9.54439 2.52441 1.2459 9.35768 1.44397 7.9137 0.421995 8.29849 433.212 0.451082 0.930104 7.6106 6.24138 1.20139 7.32913 6.75306 10.599 2.53961 2.1443 427.241 105.413 2.80191 321.829 0.519603 288.391 3.09322 285.297 0.507062 0.58457 1.0499 0.77968 1.36922 2.15988 102.611 90.9425 11.6684 5.03999
internal_count=25931 162 109 25769 24731 156 1038 174 24575 24310 637 265 165 266 864 23673 22665 2118 2070 112 784 317 467 263 141 674 371 158 1396 213 1183 124 516 20547 105 173 478 369 113 1078 987 1008 375 328 19700 4096 217 15604 100 12254 379 11875 106 105 202 157 109 295 3879 3425 454 256
cat_boundaries=0 22 45
cat_threshold=2 768 536870920 1052674 16416 0 129 0 0 1342178304 0 0 0 0 0 67108864 1350567600 4325376 32770 131076 0 2097152 0 134217728 28672 2147483656 0 68288512 0 33554432 1 0 0 0 641 0 4096 0 2048 1048576 0 0 2097152 536871936 1
is_linear=0
shrinkage=0.05


Tree=24
num_leaves=63
num_cat=0
split_feature=51 1 57 56 51 46 49 3 53 49 63 10 70 64 65 56 60 70 55 10 57 10 58 51 58 60 54 49 50 51 58 69 70 56 51 3 49 51 70 60 52 50 58 52 3 57 53 69 60 54 70 51 51 70 49 50 71 50 58 51 9 56
split_gain=137533 285690 49944.4 35364.6 28666.2 63825.8 28746.7 19343.8 18969.7 16633.4 13305 13010.9 12075 53642.6 30016.2 12569.7 16155.2 10168.1 12911 10127.1 9736.34 12448 10203.7 9303.17 9212.81 8499.31 8270.76 8108.74 10342.7 7395.52 7050.71 6759.46 16634.3 6710.33 6536.35 6019.26 5812.11 5791.03 5759.76 5624.69 6465.6 5292.32 4740.04 4725 5187.97 7942.86 4722.57 4698.86 4584.63 4205.04 3788.71 4808.65 4021.24 3613.09 3417.38 3407.88 3835 3301.81 3171.43 4457.24 3372.3 5187.52
threshold=1374.5528624259966 9.5000000000000018 -232.03305432101476 1359.133684541908 323.76323324943735 0.25000000000000017 -117.3665645701157 2018.5000000000002 -206.09589072127588 -656.83205996241293 1528.8295833333336 4.7500000000000018 2.0340606325576966 435.84250000000003 900.04000000000008 490.00967654937762 989.018127577678 1.2562951834236229 -239.09260255379095 6.4293956955236061e-16 122.45963464750284 15.79422863405995 356.64059973691957 -455.04989542373829 155.20727639677116 -208.20508665254695 15.471688609003857 330.28388888296109 -178.32277173797104 -136.52156096895462 166.61474291574581 0.83333333333333337 1.8651921019157525 210.33185592708239 -455.04989542373829 2019.5000000000002 -13.732938151982788 -188.3125538515236 13.409823073722587 383.11750381184618 208.72217624004955 -272.10650120732271 215.50989628593126 -176.88514585903974 2019.5000000000002 32.21057845656938 -68.653118069807974 0.41666666666666669 -85.89702836585316 121.19284317698784 1.1593231588277544 102.92402627682067 -267.82774299613135 0.45930769860904724 -101.0732763302392 17.697195406867717 1.6087234352019404 -628.46130491548979 53.480148244139421 -88.117130700173703 9.7631397208144151 111.79520292112636
decision_type=2 2 2 2 2 2 2 2 2 2 2 2 2 2 2 2 2 2 2 2 2 2 2 2 2 2 2 2 2 2 2 2 2 2 2 2 2 2 2 2 2 2 2 2 2 2 2 2 2 2 2 2 2 2 2 2 2 2 2 2 2 2
left_child=2 -2 9 4 8 7 -7 10 17 -1 39 34 15 26 -15 20 19 43 -19 27 24 22 48 57 36 -9 -14 53 -29 30 -28 -27 -33 -13 -11 49 -10 41 46 40 54 -21 -36 -4 45 -45 -31 -48 -22 -26 52 55 -37 -17 -6 56 -52 -5 -49 -60 61 -61
right_child=1 -3 3 23 5 6 -8 25 12 11 -12 33 13 14 -16 16 -18 18 -20 37 21 -23 -24 -25 35 31 29 28 -30 38 -32 32 -34 -35 42 50 -38 -39 -40 -41 -42 -43 -44 44 -46 -47 47 58 -50 -51 51 -53 -54 -55 -56 -57 -58 -59 59 60 -62 -63
leaf_value=-16.278590133624053 -2.4689437059586918 47.485899676309195 -6.2517086572063931 -18.094595533969343 -1.8298121891937531 23.945129899247409 7.6795577060223614 -4.1653617030542218 -0.53381709668971211 2.6722848085784965 17.462427354327414 -5.9307265463586951 0.13039109226183401 5.2682344677132882 21.130735696428907 -2.1480857552518429 7.1951452923945496 7.5175170818357433 -3.7470137410650106 -6.7765073410390464 -2.4663279284852275 -5.7465536336395058 12.430818718362389 -1.048132905899555 -1.1091949317702992 -0.27854259523975172 1.5417764380355399 -2.915477975158177 10.313490250102291 -2.4301309020729271 9.2857849172002922 -3.13945910732809 8.0251469843586491 -16.159162456878711 -2.0193761547338571 -5.2655547310931716 0.016794701048677949 -3.1708292066517179 5.0410485408637271 -2.2844344414315341 11.328241581547633 -14.534060425994895 -9.8063469427402126 -3.4386757644573325 -5.6753320360998432 7.139427319949295 -0.59767655766558503 0.70140190239722078 5.0252193910060328 1.7240020086539323 1.8651523965992955 -3.9607060386453328 -1.9660135321863512 -9.973763214109276 5.4650593007921193 3.6397141323892477 -3.0898791580691327 -10.44150012123775 -1.8994163171774592 2.5152698394332025 1.3628117216198481 7.0537703607411588
leaf_weight=0.42568651586771045 0.7392355806659896 0.46702074958011508 1.9237940344028173 0.19457981456071138 0.23320604441687309 0.43297446286305785 0.72898446791805216 1.037619022419676 58.848853552248329 0.42374149314127862 0.22277494962327171 0.31516919517889608 106.08091939031146 0.97005781973712035 0.43061845400370657 0.34196703718043842 0.3179867963772266 0.44125252403318882 0.60062632500193991 0.52417558524757624 0.2826712809037415 0.29249781160615373 0.39296276518143702 0.23404853465035458 2.9035311823245165 3.9778365043457597 0.64472990878857916 0.34971526428125799 0.25583173078484833 1.0589635027572573 0.54020404466427863 0.54075473546981789 0.87098726467229426 0.32642293139360845 0.51801308197900542 1.0331929943058629 258.24679582496174 0.46676803450100102 0.84161580982617934 0.26306117558851827 0.3624231384601444 0.37868842738680542 0.3138202338013798 0.49935557576827638 0.67524456605315208 0.27529418328776956 3.5682395261246738 6.8641053487081063 0.73585297190584154 2.3857686778064817 0.81888529658317544 0.68319870484992851 8.6900749811902624 0.25935780466534197 0.51527490396983877 0.72971404693089414 0.7464365076739341 0.51119307917542756 0.5872290686238556 2.2473133297171448 2.6551595123019069 0.87466371431946743
leaf_count=75 92 98 418 50 50 59 77 68 5144 68 43 60 4032 103 74 82 53 65 79 74 55 57 65 52 637 76 62 66 41 118 53 55 74 60 83 65 10048 57 54 71 87 52 52 94 51 43 89 545 151 523 59 47 625 31 115 58 63 140 50 196 78 106
internal_value=0 16.8718 -0.032355 0.0029228 0.0218691 2.7882 13.7405 1.20218 -0.0320295 -7.3464 6.12758 -5.3422 -0.00119131 0.413999 10.1449 -0.156866 -3.43772 -3.29388 1.0237 -4.75001 -0.128669 3.64126 5.58667 -9.68671 -0.14784 -0.0214607 0.305793 -1.4106 2.6735 1.24165 5.07222 0.776337 3.74865 -11.1346 -2.38228 -1.24851 -0.0853917 -7.69258 0.998884 4.28974 5.8465 -10.0303 -4.95711 -4.62725 -2.47185 0.320559 0.808359 1.01253 2.94609 0.168735 -1.8387 -0.27837 -2.31662 -5.52338 3.19218 0.817808 -0.497695 -12.5514 1.44687 2.25087 2.67274 3.78679
internal_weight=0 1.20626 483.913 481.59 480.65 9.1859 1.16196 8.02394 471.464 2.32285 1.59674 1.89717 467.049 127.364 1.40068 339.685 2.89449 4.41557 1.04188 2.5765 336.79 1.70398 1.41149 0.939821 335.086 6.4272 125.963 1.20687 0.605547 19.8822 1.18493 5.38958 1.41174 0.641592 1.25557 17.9908 317.096 1.36963 18.6973 1.37397 1.1109 0.902864 0.831833 3.37369 1.44989 0.77465 17.8557 16.7967 1.01852 5.2893 12.7015 2.97823 9.72327 0.601325 0.748481 2.29504 1.56532 0.705773 13.2285 6.36437 5.77714 3.12198
internal_count=25968 190 25778 25380 25138 775 136 639 24363 398 366 323 23613 5560 177 18053 456 750 144 403 17597 328 271 242 17269 273 5383 220 107 1351 115 205 129 120 203 2077 15192 183 1236 323 252 126 135 606 188 137 1182 1064 206 1160 917 227 690 113 165 180 122 190 975 430 380 302
is_linear=0
shrinkage=0.05


Tree=25
num_leaves=63
num_cat=1
split_feature=66 70 53 53 52 59 56 66 54 48 1 49 67 9 66 58 50 59 3 53 52 66 55 51 70 20 78 56 59 57 54 66 0 70 56 77 59 67 3 70 51 56 70 3 3 48 48 56 10 56 60 70 67 54 66 51 51 70 59 67 57 51
split_gain=198803 227083 69623.9 55996.1 46518.2 37519.1 31350.8 23839.1 23063.6 22532.2 20290.5 21129.1 19493 18040.1 18224.7 15113.3 14559 13857.9 12784.1 12180.4 11762.5 11394.8 10927.1 10331.8 9128.22 9062.12 7441.21 7036.95 6909.11 6875.94 6819.68 6545.25 9822.54 12830.2 6710.67 6151.77 5780.25 5417.05 4914.36 10552.8 9636.32 6529.88 4648.03 4466.5 4394.46 4379.79 4116.03 4105.67 3975.96 5469.98 3971.43 3965.25 7022.07 3888.08 3856.08 5253.53 3831.45 5123.61 3500.63 3301.16 3236.77 4423.74
threshold=1513.7783333333334 4.0019010776457593 58.225869761761921 -246.05679121409261 829.37041389590297 146.80430920275975 490.00967654937762 503.28166666666669 306.76866524976589 -654.90526585011173 9.5000000000000018 -282.26762591008878 1323.4600000000003 1.4083438190194564e-15 923.94166666666672 749.79385276230471 -376.71482540700151 252.1501053824816 2018.5000000000002 -92.299749893253207 370.88187962421176 366.76583333333332 -1.0000000180025095e-35 1027.6701116014503 4.1707719947405026 -6.4293956955236032e-16 1.0000000180025095e-35 181.84754324039133 3.1151259812545669 48.707169847772882 651.41114002024938 73.543333333333351 0 13.409823073722587 137.8377094339647 1.0000000180025095e-35 -0.28058797337832692 1009.9950000000001 2019.5000000000002 1.1593231588277544 81.029096871959837 309.12716212818242 1.4409964584121309 2019.5000000000002 2017.5000000000002 14.579938678960014 -6.6344252815796922 210.33185592708239 20.892304845413268 170.57974573097388 176.35664118792349 7.7750329014187116 497.71000000000004 82.128534761044548 305.89500000000004 116.49329221457417 469.868118748521 3.7831962397179795 -89.638397864013584 1045.3550000000002 -41.256544436491531 -115.36208143282877
decision_type=2 2 2 2 2 2 2 2 2 2 2 2 2 2 2 2 2 2 2 2 2 2 2 2 2 2 2 2 2 2 2 2 9 2 2 2 2 2 2 2 2 2 2 2 2 2 2 2 2 2 2 2 2 2 2 2 2 2 2 2 2 2
left_child=3 2 -2 9 6 -6 7 19 20 18 13 -12 -10 15 16 -8 58 21 22 51 23 35 -1 24 25 27 -23 -9 -26 44 -31 34 53 38 46 -11 -35 -28 40 47 48 42 -42 59 -18 -45 -21 -40 49 -34 -48 -5 -53 -33 55 60 57 -56 -15 -27 -41 -62
right_child=1 -3 -4 4 5 -7 10 8 12 17 11 -13 -14 14 -16 -17 29 -19 -20 31 -22 26 -24 -25 28 43 37 -29 -30 30 -32 32 33 36 -36 -37 -38 -39 39 54 41 -43 -44 45 -46 -47 50 -49 -50 -51 -52 52 -54 -55 56 -57 -58 -59 -60 -61 61 -63
leaf_value=-0.81332641565231933 -6.9004675423332564 46.271535693327081 20.392731047546025 -1.9357698712044542 2.2995693374636654 21.943231511606029 -6.2429155737354698 1.4647192583890387 3.6946904538008463 -5.3864218437464038 15.425160228654665 -3.6705716140426667 17.594456412654552 -8.2987179351816742 7.9757160803420666 -17.977070021287169 -0.17581044164996837 -13.864335365897658 -19.444403757673996 -0.27047092264126105 9.3328120783712123 -3.4011338256069963 -15.896572308302177 -6.0101665165175779 0.86682099604547036 -1.5692494937399284 0.5915391722391069 10.596917032442899 10.599925707417436 6.2000317037562098 -3.8546145590571785 -1.0270621842324841 0.35993047336244066 7.1740605392100711 -1.5287854235334006 0.71983515225029882 2.1192565242054719 9.9630641763988663 -1.2814671089417959 -0.50303663102570118 1.8973273395291554 11.323452079984817 6.1351357916343545 2.8214486965166046 -7.159173091842721 -2.1118132494593964 0.061798858337591647 -6.142718226410377 -3.8747524593420941 4.2598976007378608 2.5714642939306813 -2.9018270372005159 6.1849523407505114 -3.5989029351590163 2.1416817555633183 -0.51017772150705321 0.66046488186531604 7.8655832330318169 -16.475468371466658 -8.039761443606352 5.3837075689986165 1.2842397781231911
leaf_weight=0.28379004471935332 0.56462877336889394 0.48758031520992517 0.39862923300825059 10.340774717973542 0.56056255893781681 0.42919030087068677 0.70371376606635683 0.5118465707637373 0.56378627358935751 2.7096348751801993 0.2491689519956708 0.34603441366925825 0.45644516567699611 0.27659780974499881 0.31460525817237783 0.44980504247359931 0.31722960504703202 0.31303246272727836 0.3756816943641752 124.83964722161181 0.46534132445231069 0.44671934377402045 0.20814441563561548 0.47296311752870668 0.30182745493948449 0.77729878155514531 0.32273869751952589 0.35883293906226754 0.46053359680809081 0.34478206350468088 0.33011220442131162 4.5997764060739428 5.8744047805666906 1.1194146901834758 7.6419722365681073 0.48652853746898461 1.1430681175552297 0.29527806770056486 4.1005836687982109 2.3072551947552773 2.0306731506716469 0.27325583365745831 0.94960661162622262 1.1379380796570329 0.77718850015662611 0.7441104499157517 269.6097180689685 0.48579439474269737 0.45364683307707299 1.0615670003462581 1.5856300585437555 0.4276322789955892 0.42283756192773581 2.159478004090488 1.2277790892403566 7.2682346177753052 1.7110172638203947 0.57361483247950662 0.24848895287141282 0.26409191568382084 0.7082196914125295 9.2942081561777652
leaf_count=72 59 94 63 1262 91 95 120 76 68 520 54 62 56 66 48 89 99 51 81 7195 64 71 55 18 54 154 67 54 54 37 69 518 1227 37 847 63 75 45 442 202 442 68 167 106 80 61 8742 39 91 233 80 87 26 251 144 147 18 35 58 55 49 527
internal_value=0 18.468 4.3944 -0.0685589 -0.0106711 10.8177 -0.0333256 0.0059205 3.00935 -5.11179 -4.25471 4.32344 9.91336 -5.61171 -3.3096 -10.8186 -4.85703 -3.7105 -12.4992 -0.0364139 1.72746 -2.96453 -7.19526 1.02379 1.75392 0.75075 1.51534 5.22837 6.74648 -2.68726 1.28199 0.00401794 0.560218 0.771369 -0.061211 -4.45691 4.62024 5.0691 0.745421 0.39429 1.65851 3.92589 3.24762 -0.582807 -5.13497 0.870972 -0.0328924 -1.79638 0.66022 0.95683 0.0764724 -1.66586 1.61595 -0.745618 0.829417 0.555734 2.3549 3.96433 -12.1682 -3.21014 1.1851 1.5745
internal_weight=0 1.45084 0.963258 479.514 474.072 0.989753 473.083 468.725 6.51502 5.44155 4.35773 0.595203 1.02023 3.76252 2.609 1.15352 2.2944 4.57393 0.867616 462.21 5.49478 4.2609 0.491934 5.02944 4.55648 3.79412 1.06474 0.87068 0.762361 1.76931 0.674894 451.019 47.3416 40.5823 403.677 3.19616 2.26248 0.618017 38.3199 27.6767 10.6432 3.25354 2.98028 2.92344 1.09442 1.88205 396.035 4.58638 7.38962 6.93597 271.195 11.1912 0.85047 6.75925 23.0903 19.5779 3.51241 1.80139 0.525087 1.04139 12.3097 10.0024
internal_count=25980 216 122 25764 24739 186 24553 23771 820 1025 782 116 124 666 457 209 409 817 208 22951 696 766 127 632 614 506 183 130 108 285 106 21576 4712 3943 16864 583 112 112 3831 1603 2228 677 609 376 179 167 16017 481 1551 1460 8822 1375 113 769 1122 925 197 179 124 209 778 576
cat_boundaries=0 20
cat_threshold=1082408 256 0 8 1073741824 0 0 0 16385 3759144960 0 2097152 0 270008320 0 67108864 401 17 139266 65536
is_linear=0
shrinkage=0.05


Tree=26
num_leaves=63
num_cat=0
split_feature=51 1 58 47 57 67 49 58 19 56 52 57 52 59 8 67 48 58 52 51 47 10 70 70 24 67 85 47 39 59 3 54 47 58 47 57 49 56 64 51 33 13 55 70 70 48 47 56 50 70 49 1 48 51 36 70 70 51 80 58 56 51
split_gain=145985 248536 189348 61152.1 30559.5 54626.8 37495.2 28708.6 26698.7 20834.8 21142.8 19711 18944 16567.2 15943.5 15303.3 14735.2 14529.5 13102.6 16918.5 11421.6 15084.6 10276.8 9301.91 9059.3 7451.19 7255.04 7034.75 6511.64 6231.57 5724.05 7804.84 5614.01 5604.37 7057.31 4580.75 4376.06 4364.75 4200.58 4200 4165.07 4793 4565.46 4082.98 3889.24 4449.09 3826.32 3701.94 3650.95 3565.41 3820.59 3396.09 3188.26 3119.46 2913.63 2881.53 2869.57 2970.51 2812.4 2712.09 2664.9 2652.74
threshold=1374.5528624259966 9.5000000000000018 1263.9405585573315 -781.12072549953359 -232.03305432101476 1735.2800000000002 -393.68588673629915 680.18775870044112 1.0000000180025095e-35 265.18431390380073 2.6700391693087391 269.68847890024051 -95.185441010616714 772.67817881966891 3.5000000000000004 869.22500000000002 -138.98559235708933 422.24866601664434 370.88187962421176 366.08093507427947 -36.139063644623889 8.8301270189221963 1.3337023272976465 0.80222121848379657 -1.0000000180025095e-35 387.02500000000003 1.0000000180025095e-35 -71.63634780158857 1.0000000180025095e-35 44.479694263283562 2017.5000000000002 306.76866524976589 -335.09877780072549 422.24866601664434 291.01445699917275 -77.313036639757101 -69.423777828900739 79.296663560732256 496.12750000000005 85.850556678757997 -0.6830127018922193 -1.0000000180025095e-35 -13.835430309892908 0.5871133645062897 7.7750329014187116 2.3599851041516406 -80.709453622430971 175.7025479797725 -120.21789467419639 1.1593231588277544 -17.075771003190365 4.5000000000000009 9.3125093881498149 90.944915926760245 0.25000000000000022 2.0340606325576966 1.2202499413653733 -178.4592185274422 1.5000000000000002 155.20727639677116 162.85832056785011 52.383833284448251
decision_type=2 2 2 2 2 2 2 2 2 2 2 2 2 2 2 2 2 2 2 2 2 2 2 2 2 2 2 2 2 2 2 2 2 2 2 2 2 2 2 2 2 2 2 2 2 2 2 2 2 2 2 2 2 2 2 2 2 2 2 2 2 2
left_child=3 8 -3 23 14 7 -7 15 -2 -8 -11 13 -13 22 29 16 30 47 20 -20 21 24 35 51 -17 27 36 -18 33 -5 31 39 -32 34 40 -9 -22 -30 -26 -6 42 44 -27 46 45 -42 -37 -16 59 50 -29 -1 -51 -52 -50 58 -34 -58 -47 -43 -55 -36
right_child=1 2 -4 4 5 6 9 11 -10 10 -12 12 -14 -15 17 18 25 -19 19 -21 26 -23 -24 -25 38 28 -28 49 37 -31 32 -33 56 -35 61 43 -38 -39 -40 -41 41 48 -44 -45 -46 55 -48 -49 54 52 53 -53 -54 60 -56 -57 57 -59 -60 -61 -62 -63
leaf_value=-20.570052577011083 -10.40404612081162 14.429990762045769 75.839404980928009 -5.1918359472252167 -1.8113599818815502 24.614811263900677 15.327625167830725 -12.294289149019274 8.1321846235699677 8.033049874803206 -8.5296376824331794 -5.3008833630395626 14.845543547024441 -17.818797583680716 -3.6137113702050301 6.1296585578215179 -1.1664402153038158 -20.369022007027795 2.6281867320963554 16.803129010633285 4.0307100728074641 9.648131620837578 5.2068632387105493 -6.0180083538280522 -5.2867830330737782 7.5718998469251311 -5.7394583828290839 -0.58961725822727584 1.839613431656947 2.4877574254138368 -7.133303388479554 9.622660521874792 -2.9544638685901248 -3.7294276472543268 2.2667939104811023 -5.2592143520468362 -1.111221408384836 6.2636292046258406 1.36105598824462 4.8169878029930757 -0.41556334786274757 -0.78549938830211052 0.36542013070943108 -0.069373857418132817 4.6286543920233667 -0.4083986032677574 -12.251518585598044 -10.86305674372352 0.57758612385114805 0.087413050965123668 -0.057634457428967494 -12.836547256891841 0.70467884442681816 1.2619772728087404 -2.5477716693993813 6.6923212391407265 2.0669369878345116 -1.7650926370842677 4.1108727605817164 -5.7218180147933442 6.8393051300984968 8.2548236748102468
leaf_weight=0.31348872417583962 0.37736510485410579 0.25846900418400764 0.24404471041634679 0.615596667164936 1.3078307737596322 0.32475751568563271 0.35941177722997852 0.255370090948419 0.4003616888076067 0.44038223382085562 0.34256594558246434 0.23190472763963044 0.2348554569762199 0.27911649970337737 0.38919570180587459 0.56893953471444558 13.327748306095598 0.27838855213485658 0.53755010827444483 0.34599334583617747 0.635024197632447 0.79197647864930321 0.22533554513938714 0.28528572828508914 0.45906276628375065 0.43089658580720425 0.58019253448583175 37.072608885122463 1.5092161586508148 0.46270633931271732 0.60897669265977938 0.21137105859816063 4.4224848847370586 0.69515665480867106 0.33329843194224018 1.5246494405437274 1.1876604491844764 0.88414283166639496 0.49261113256216049 0.29242678079754103 2.7669146561529452 0.55583644937723409 0.44855786580591939 0.32698084041476239 0.79349336470477272 0.72169218864291884 0.22445337590761316 0.32164351968094707 3.6356113324873212 153.51640879432671 213.87835647538304 0.25944876531139016 24.219758099643514 1.5623204519506533 0.93814509874209751 0.37456738250330079 0.64005159121006761 2.4096791790798306 0.65824538585729897 0.55717336665838957 0.24820021539926518 0.41555960080586374
leaf_count=75 38 45 63 70 353 63 42 63 66 68 57 57 46 63 94 72 1713 54 59 71 61 73 47 45 55 57 70 3122 55 53 80 59 452 86 41 361 92 93 53 76 294 66 55 42 45 99 45 69 419 6219 7856 67 1327 341 69 33 57 211 113 63 66 73
internal_value=0 16.8465 44.2533 -0.0599523 -0.0362027 -0.0100648 9.62324 -0.0396112 -0.861882 5.36134 0.786322 -4.68519 4.83601 -6.25227 -6.10194 -0.00731308 -0.0383063 -10.6861 2.59125 8.17906 1.54425 4.0526 -4.98959 -13.3948 1.1383 0.00279505 -0.869851 -0.0350945 1.07264 -1.89648 -1.94756 0.592625 -2.51701 0.64134 0.881907 -5.97508 0.68023 3.47391 -1.84569 -0.600113 0.585179 0.320494 3.8963 -5.19779 1.40001 0.833394 -6.1565 -6.89393 -0.688432 -6.9209e-05 -0.120732 -17.068 0.171527 -0.0401395 -0.063471 2.80304 -2.14079 -0.960859 1.74734 -3.25662 2.02656 5.5897
internal_weight=0 1.28024 0.502514 482.731 481.873 479.806 1.46712 478.338 0.777727 1.14236 0.782948 3.30267 0.46676 2.83591 2.06753 475.036 469.437 0.989228 5.59901 0.883543 4.71547 2.31259 2.55679 0.858223 1.52061 459.544 2.40288 443.825 15.7185 1.0783 9.89282 1.81163 8.08119 13.3251 12.63 2.33145 1.82268 2.39336 0.951674 1.60026 11.8811 11.0017 0.879454 2.07608 5.31491 4.52142 1.7491 0.710839 5.68677 430.498 252.761 0.572937 177.736 215.689 4.57376 1.7545 7.47222 3.04973 1.37994 1.11301 1.81052 0.748858
internal_count=25892 212 108 25680 25493 25153 230 24923 104 167 125 724 103 621 340 24199 23593 217 606 130 476 253 558 187 180 22305 223 20644 1661 123 1288 488 800 1513 1427 511 153 148 108 429 1313 1201 112 448 584 539 406 163 617 18931 11385 142 7546 8263 488 245 720 268 212 129 407 114
is_linear=0
shrinkage=0.05


Tree=27
num_leaves=63
num_cat=3
split_feature=67 85 67 66 52 57 50 50 53 53 80 47 67 70 72 67 68 67 70 47 52 10 66 0 67 64 53 58 8 57 58 6 57 59 57 64 53 9 57 63 56 57 66 47 52 67 65 0 66 66 66 67 39 71 67 70 50 63 70 49 5 63
split_gain=150308 210068 129496 41105.3 42835.7 38826.6 33386.9 22328.1 19542.5 35295.8 15855.6 15410.4 17384.7 20924.8 16842.6 35266.7 18801.7 17937.1 9053.08 8572.15 8505.25 8246.66 7892.64 11186.9 10869.3 11880.9 7549.91 7418.09 6433.32 5299.04 5071.89 4731.18 4632.29 4339.65 4264.71 4902.39 7633.39 4233.6 3925.59 3881.06 3750.75 3722.23 3655.96 3457.35 3339.77 2991.09 3917.68 2891.03 5631.76 2750.16 2579.46 3432.65 2529.72 4819.52 4383.79 3293.21 2280.37 2187.34 2096.45 3172.8 1950.76 1922.77
threshold=2625.9500000000003 1.0000000180025095e-35 4214.1650000000009 967.9000000000002 -318.70666696075631 -232.03305432101476 113.64915369815698 -628.46130491548979 236.09739842496032 -163.31995739075811 1.0000000180025095e-35 -80.709453622430971 960.48000000000013 6.4419441108955384 0 507.61500000000007 0.83333333333333337 1323.4600000000003 0.67656991682932099 -426.40151055609266 -727.51161008991471 1.0715659492539343e-15 94.168333333333337 1 640.33000000000004 472.91500000000008 -38.698737298433947 749.79385276230471 5.5000000000000009 41.639404406940187 11.861220434185968 0.50000000000000022 -9.101110655501893 166.75994139097358 -50.772221314266382 805.25000000000011 165.17721103422897 1.898202538678398e-15 -44.519185078586048 487.46958333333339 429.7054116583285 -170.58548396087323 410.00000000000006 -9.6284884052149966 85.175597941775138 690.71500000000015 344.97000000000008 2 23.060000000000006 90.343333333333348 526.91166666666675 507.61500000000007 1.0000000180025095e-35 -22.176454845637732 649.85500000000013 11.335429170239118 -62.222310656835056 601.40875000000017 1.170744157435903 -39.415574379534412 0.6830127018922193 847.31142857142868
decision_type=2 2 2 2 2 2 2 2 2 2 2 2 2 2 9 2 2 2 2 2 2 2 2 9 2 2 2 2 2 2 2 2 2 2 2 2 2 2 2 2 2 2 2 2 2 2 2 9 2 2 2 2 2 2 2 2 2 2 2 2 2 2
left_child=3 2 -2 4 7 -5 8 28 9 -7 18 14 22 21 15 38 -17 27 20 -12 -9 -14 39 50 30 26 -26 40 -1 61 -25 33 -29 56 -32 58 -37 -38 -6 43 41 -16 52 47 45 -44 -47 48 -13 -40 51 -24 54 -54 55 -43 -21 -20 60 -60 -36 -27
right_child=1 -3 -4 5 11 6 -8 10 -10 -11 19 12 13 -15 17 16 -18 -19 57 31 -22 -23 23 24 25 29 -28 32 -30 -31 34 -33 -34 -35 35 36 37 -39 49 -41 -42 42 44 -45 -46 46 -48 -49 -50 -51 -52 -53 53 -55 -56 -57 -58 -59 59 -61 -62 -63
leaf_value=-8.1872203034278659 18.42317782335104 -4.3990756136988836 69.993925989531476 -7.9661662578749137 -2.5135721019325414 20.218506773098639 -1.6108823041738096 -15.190972588970205 20.994664380775646 3.1208814592631251 8.8324930016025469 -0.31564755317788645 4.9188050667498304 11.983488053399961 -3.9141761224680347 18.855840826590011 5.2964439242839241 -10.557198692787329 -3.857401549474595 -4.2742915005235131 -6.1846537153649379 -4.0652105106787184 -1.4411633807807129 4.3643764756445798 3.8619089278820109 1.4538416895517492 11.086729810365815 -12.689734469134834 -17.893009810488419 5.8082876783822392 -1.0839194679814976 3.45520670221104 -3.9328282581476781 -8.8292488834055245 0.55075541326428146 -0.64500032609160851 4.5327113564536452 13.299030587045488 -0.19295317317530178 -2.5366857793059925 -3.9386565152798427 -1.7287712887074187 2.0725681012386583 0.052788219109975158 4.5020098494898413 0.65749766138715737 -5.4396272991280803 -0.37766731210770393 1.8222906312737253 3.7642501687489403 0.54932923706589754 -4.0718204842332515 5.4046173900806007 -1.1805054935720016 -5.9461357800504029 2.5558025957122994 1.3045206263949118 1.604399687566155 2.2639156920470804 0.76289986951328914 -1.553656225231588 -2.5355293050934247
leaf_weight=0.33550890721380699 0.25836397451348503 0.45854533882811666 0.23017473565414548 0.42471378576010499 0.62792105204425785 0.45560203981585834 0.61613767920061935 0.31994767300784577 0.44288198091089714 0.89444769872352381 0.25680505181662727 7.5794623293913883 0.53275990998372325 0.66885090642608691 1.4372781217098367 0.5027318652719257 0.52019164059311152 0.60730933584272762 0.37779835145920504 0.32162120053544629 1.4508458152413362 0.49070069566369057 4.0627433725167066 1.0386144211515809 0.74976608506403863 0.59420574293471851 0.69844924123026364 0.2353860333096236 0.34763199766166508 0.4449843494221567 2.7006090639624771 0.40284713846631348 0.42135507706552644 0.23966980376280844 4.9654922934714767 0.41852403036318619 0.32300984812900424 0.24010049854405224 0.7646368048153821 1.5467793247662474 1.6757428694982071 12.387483961181717 0.75338127487339024 312.66661545843817 0.44272621721029271 0.59510273765772559 0.47276232182048261 81.939265556167811 5.189213000703603 1.031141633633524 0.96241137059405435 1.7848349937703458 0.36323581007309247 1.1820530972909171 0.5999950210098185 0.46532850549556393 0.42551890714094032 0.35608260473236442 4.6666547309141722 14.335093280300487 1.4150771151762453 0.61427193484269083
leaf_count=86 48 39 63 54 58 52 93 80 66 95 68 351 93 71 247 64 77 59 51 67 294 71 342 53 68 73 70 50 98 82 373 73 94 62 829 84 75 58 64 194 251 1527 88 10507 73 70 45 5823 222 99 115 166 75 202 35 66 77 55 420 800 219 30
internal_value=0 19.9069 42.7207 -0.0315472 -0.0669541 5.9727 8.4301 -4.74982 11.8807 8.89083 -3.37134 -0.0193662 0.0477779 5.10598 -1.22551 1.07017 11.9604 -1.42649 -5.87674 0.439998 -7.81192 0.611397 0.0287105 0.698901 0.938791 4.03976 7.34632 -1.84109 -13.1262 1.14365 0.931141 -1.11091 -7.07144 -2.97495 0.808456 1.0023 4.46935 8.27052 0.889389 -0.0368707 -1.67251 -1.46943 -1.26587 -0.027379 0.606995 -0.339843 -2.0418 -0.292041 0.310243 2.07929 -0.749193 -2.24411 -1.54858 0.367394 -1.76866 -1.57365 -1.09699 -1.20731 0.868218 1.13154 0.0840408 -0.573965
internal_weight=0 0.947084 0.488539 483.382 480.549 2.83378 2.40907 4.83428 1.79293 1.35005 4.15114 475.714 450.628 1.69231 25.0858 3.44662 1.02292 21.6391 2.50467 1.64646 1.77079 1.02346 448.936 40.0148 33.2049 3.10168 1.44822 21.0318 0.683141 1.65346 30.1032 1.38966 0.656741 0.98681 29.0646 26.364 0.981634 0.56311 2.4237 408.921 20.3751 18.6993 17.2621 407.375 2.26397 1.82125 1.06787 94.7079 12.7687 1.79578 6.80999 5.84758 14.9981 1.54529 13.4528 12.8528 0.74714 0.733881 25.3823 19.0017 6.38057 1.20848
internal_count=25954 150 111 25804 25444 360 306 1011 213 147 827 24433 21189 235 3244 362 141 2882 480 347 374 164 20954 3857 3234 323 138 2823 184 185 2911 279 144 206 2858 2485 217 133 221 17097 2679 2428 2181 16903 276 203 115 6396 573 163 623 508 1905 277 1628 1593 144 106 2268 1220 1048 103
cat_boundaries=0 21 41 63
cat_threshold=32812 0 2952790144 0 8192 0 0 0 0 0 1536 2 2097152 0 22 134217728 603979776 1155 0 134217728 2056 524344 0 524288 0 1073741824 536870913 0 0 2147483648 806356036 0 0 0 1572864 0 67109184 671089169 1 4341762 69206016 0 32784 1073152 2147483656 4 84934656 33619968 33554432 1536 0 0 4 4 0 0 4198400 2048 0 280 0 128 301989888
is_linear=0
shrinkage=0.05


Tree=28
num_leaves=63
num_cat=1
split_feature=67 1 39 48 59 51 64 71 67 8 6 48 9 48 67 5 51 47 54 70 7 9 17 3 49 63 47 48 19 9 67 70 49 66 70 48 53 58 71 56 47 51 54 60 54 47 42 51 3 4 3 48 51 56 51 47 3 53 0 70 3 51
split_gain=135771 206564 82653.2 44237.5 36797.8 28806 27279.4 15666.4 19646.7 20572.8 20452.3 23288.5 15524 14148.8 13917.8 13408 16808.4 13179.7 13088.3 11405.3 10434.5 14689.1 9295.07 9844.36 23021.1 6892.38 9417.05 6402.46 5972.33 5828.09 5569.19 5556.89 7955.29 6878.29 5721.39 4414.04 4628.94 5230.36 4354.81 4475.84 4113.23 3780.09 4810.66 4030.92 3305.49 3052.71 3009.81 2968.57 2819.81 2743.11 2576.98 2543.89 3539.66 2506.29 2434.23 2356.61 2348.97 2118.42 2101.69 4043.18 2066.57 2052.78
threshold=2155.0000000000005 10.500000000000002 1.0000000180025095e-35 -354.04934247279652 948.71422681475394 645.12524931448809 1383.5825000000002 49.375791297016697 845.37000000000012 7.5000000000000009 0.50000000000000022 -190.66469380490068 8.2500000000000018 -138.98559235708933 750.51500000000021 -1.0000000180025095e-35 -854.11216025768647 -781.12072549953359 130.52417770615219 2.0000978760888719 0.50000000000000011 -7.2500000000000027 -1.0000000180025095e-35 2017.5000000000002 -235.93924029127663 942.01875000000018 372.56791118127899 -599.95403764046239 1.8369701987210299e-16 -14.861215932167726 1263.8200000000004 1.1491996723086271 -65.615590452376765 248.22166666666669 2.0000978760888719 -103.01034216001243 42.152521258023533 178.16870130213678 15.996246867219964 309.12716212818242 -230.07474487059281 57.659147658718496 46.290875339553061 189.07328142334634 258.8443746390185 -262.84657038398183 1.0000000180025095e-35 323.76323324943735 2019.5000000000002 0.68301270189221941 2019.5000000000002 6.3452780669303221 -17.356612967693607 102.927715715914 -364.83231196738791 -8.503339543762225 2016.5000000000002 195.09002879373398 0 4.0019010776457593 2019.5000000000002 -103.31893529103505
decision_type=2 2 2 2 2 2 2 2 2 2 2 2 2 2 2 2 2 2 2 2 2 2 2 2 2 2 2 2 2 2 2 2 2 2 2 2 2 2 2 2 2 2 2 2 2 2 2 2 2 2 2 2 2 2 2 2 2 2 9 2 2 2
left_child=3 2 6 5 7 17 -2 8 13 10 11 -10 20 44 -6 28 -17 49 -11 -20 21 29 -19 24 54 31 38 -25 -9 -13 -12 32 40 51 46 -36 37 47 39 -27 -15 42 43 55 45 -5 -35 50 -44 -1 -37 58 -53 -54 -24 -34 -42 60 59 -33 -43 -50
right_child=1 -3 -4 4 14 -7 -8 15 9 18 30 12 -14 25 -16 16 -18 22 19 -21 -22 -23 23 27 -26 26 -28 -29 -30 -31 -32 33 41 34 35 36 -38 -39 -40 -41 56 57 48 -45 -46 -47 -48 -49 61 -51 -52 52 53 -55 -56 -57 -58 -59 -60 -61 -62 -63
leaf_value=-9.7221715975478791 -11.698041472545459 46.271523561789195 23.379145411740922 -4.2423634594600985 3.3585002749732507 9.2335643472154718 5.1934881990779491 4.1138638810545878 11.823309911671771 2.7955980789106332 -0.64204166886378222 2.3530706302032427 7.4012960631927855 -6.2679410975824403 15.149479116647871 -16.73794587051648 -4.1089634342588912 -13.416508661214113 9.3579841764013576 27.679575347343054 -4.1872562686160286 9.1919107786082161 -7.6346851716942998 -12.240680886769269 11.078523906983024 0.44718898396421763 11.952273969886349 -4.9170117830286291 -3.4815802946622498 -3.8770345959886345 -7.5936666007882385 0.046732502893484955 -0.40311134312371133 0.82333453292631786 7.5681113336917889 -1.4948836503774969 6.216793103022443 -2.9074992353608375 -4.1219768646265589 8.9415323346107751 0.27992756831614124 1.5250661892974262 0.038919477490067023 2.4309549008857467 1.6083324928278637 -1.7860945706507652 -3.725823621935743 5.6724379815705666 -2.8181215723806545 -16.891144907794839 2.971471104379646 1.2231671336448793 0.24808536642042603 -2.4769502420729439 -0.75093606059555551 -0.0019953308167892894 -1.6625094521472317 5.421653593908708 -0.03890235222804303 1.4141664094895368 -1.1190871106725322 -1.0670857258596662
leaf_weight=0.25389953469857562 0.48053144849836715 0.38442419236525882 0.41706462018191814 1.5393101284280408 0.47565281181596109 0.3276458648033439 0.47558161173947155 0.56337460875511192 0.68773528211750035 0.24085552734322835 0.57742719980888046 0.84848443907685611 0.95982145750895131 0.43392988736741145 0.5281769479624927 0.32865485479123879 1.3283694433048356 0.30505319568328593 0.17960346979089081 0.16116111190058291 0.96510694851167489 0.54056426952593062 0.42908029514364898 0.35183574841357845 0.31392443459480945 0.43026039982214459 0.27269439515657723 1.9656672314740711 0.47873221593908966 0.67323332489468146 0.57501975866034627 13.632364187389614 46.496428973972797 3.941253046039491 0.47802018886432085 0.49622055352665551 0.6392386839725076 0.54043570673093189 0.25893153459765017 0.24247599462978542 1.9166376967914391 3.7618324733339241 5.1284424844197956 1.6008036001585413 0.60191385517828244 7.0970832910388681 0.40054577449336637 0.57399152335710812 2.014933817787095 0.2812374287750572 0.92493237159214914 11.905738458270209 17.528749169083316 0.88644729065708716 0.18328305124305189 172.34465619502589 8.2811236365232599 0.28830436966381956 131.91217809170485 8.9577153325080854 0.91959339682944108 9.8850384175311756
leaf_count=58 69 75 55 255 58 74 46 80 80 71 54 91 72 71 76 63 183 74 51 53 58 65 123 67 83 100 71 310 96 87 59 81 3236 514 38 112 70 31 59 59 534 859 1050 63 92 907 38 48 147 69 67 558 1043 64 55 5457 846 56 6314 67 125 418
internal_value=0 13.8752 4.80583 -0.0474221 -0.000289565 -5.03078 -3.296 -0.0209139 0.00124081 2.75034 1.85538 3.32609 1.86045 -0.0373693 9.56246 -3.81913 -6.6138 -6.17516 11.7172 18.023 0.103741 2.11184 -5.07218 -4.28746 0.0694088 0.00265154 3.78003 -6.02887 0.624602 -0.403232 -4.11059 -0.00755128 -0.161623 0.194667 1.63054 3.08882 2.41439 1.45577 1.38805 3.50883 -1.5003 -0.102918 -0.13148 -0.0689326 -1.9742 -2.22389 0.403659 2.63768 -0.941187 -13.4898 1.41196 0.132558 0.551291 0.116911 -5.57435 -0.0872191 -1.29743 1.26184 0.0503815 0.408246 1.00566 -1.36358
internal_weight=0 1.7576 1.37318 470.856 466.444 4.41163 0.956113 465.44 462.741 6.40901 5.82739 4.67495 3.98721 456.332 1.00383 2.69913 1.65702 4.08398 0.58162 0.340765 3.02739 2.06228 3.54884 3.24379 0.926288 447.094 1.20436 2.3175 1.04211 1.52172 1.15245 445.89 253.072 192.818 7.99464 3.65284 3.17482 2.53558 0.931668 0.672736 10.6317 242.44 237.47 220.442 9.23831 8.63639 4.3418 1.99514 17.0284 0.535137 1.42115 184.823 30.3209 18.4152 0.612363 218.841 10.1978 4.96973 154.502 22.5901 4.68143 11.9
internal_count=25905 245 170 25660 24747 913 115 24613 24191 741 566 453 373 23450 134 422 246 839 175 104 301 243 712 638 261 22196 289 377 176 178 113 21907 12862 9045 918 366 328 258 218 159 1451 11411 10371 8756 1254 1162 552 227 1615 127 179 8127 1665 1107 178 8693 1380 1040 6462 148 984 565
cat_boundaries=0 22
cat_threshold=0 134217728 12312 2283798536 0 68288528 65536 33554432 9217 0 0 0 644 0 14336 0 2048 524288 0 262144 35651584 536871936
is_linear=0
shrinkage=0.05


Tree=29
num_leaves=63
num_cat=2
split_feature=67 70 48 66 51 32 52 8 71 8 57 54 0 67 65 67 51 48 47 60 80 51 70 63 50 56 23 53 48 64 47 58 63 9 64 66 48 63 48 0 66 53 60 66 48 14 48 71 64 63 48 5 54 51 68 47 67 57 63 50 50 58
split_gain=113589 143405 39472.6 42096.6 22924.9 26737.9 18828.1 16407.6 16407.6 12149.5 11812.1 15341.1 10864.9 11026.6 10923.4 19968.5 10403.6 10039.2 9449.6 9055.52 10820.7 8377.71 7872.33 9630.4 9611.47 7822.99 7674.59 7618.11 6710.79 6444.8 5647.17 5588.92 4891.9 4205.71 4110.74 3884.82 3880.61 3517.74 3477.66 3474.07 8134.06 4543.8 3146.94 3043.81 3006.3 2828.89 5183.58 4476.23 2806.02 2791.33 2715.83 2650.49 2524.42 2367.99 2364.22 2191.82 2104.5 1956.5 1798.75 1737.21 1725.73 1715.39
threshold=2625.9500000000003 3.1710962131296858 -532.42287500028897 923.94166666666672 366.08093507427947 1.0000000180025095e-35 -273.18230557481246 1.5000000000000002 29.60773367560115 5.5000000000000009 122.45963464750284 430.71314251328738 0 447.03500000000003 254.75500000000002 845.37000000000012 -154.28585978222137 219.01407223045734 -97.996737082895365 231.61796148511678 1.0000000180025095e-35 -455.04989542373829 0.66674250927807954 777.14166666666677 265.71395785572878 141.34500564703231 0.25000000000000022 -55.763783660306821 -138.98559235708933 122.52250000000002 180.18090159257943 127.9052037602506 1009.6858333333336 -6.5000000000000027 409.03750000000008 17.35166666666667 -132.76800157501637 74.37541666666668 -93.079407133149218 1 58.346666666666671 6.3669182606683075 100.01806469567556 435.50166666666672 -248.19217084300419 -0.68301270189221908 430.16591300524334 14.480017976095942 1173.7050000000002 1641.4695833333333 -169.66118056733299 -1.0000000180025095e-35 89.056024550709296 201.3062640129485 0.83333333333333337 16.870670306062596 387.02500000000003 -73.226485885352204 511.80250000000001 -112.7931665894002 35.348648428960274 123.67752508050778
decision_type=2 2 2 2 2 2 2 2 2 2 2 2 9 2 2 2 2 2 2 2 2 2 2 2 2 2 2 2 2 2 2 2 2 2 2 2 2 2 2 9 2 2 2 2 2 2 2 2 2 2 2 2 2 2 2 2 2 2 2 2 2 2
left_child=2 -2 7 6 9 -6 8 -1 17 16 12 27 31 18 15 -15 -5 26 44 20 49 32 -16 24 30 -25 50 -12 -27 -17 36 -8 -10 -32 -28 37 -24 42 -38 40 -37 57 -20 -33 54 -29 47 53 -23 -9 52 60 -4 -47 -14 -43 58 -41 -57 -39 -40 -58
right_child=1 -3 3 4 5 -7 10 19 21 -11 11 -13 13 14 22 29 -18 -19 35 -21 -22 48 23 25 -26 28 34 45 -30 -31 33 43 -34 -35 -36 39 38 59 51 41 -42 55 -44 -45 -46 46 -48 -49 -50 -51 -52 -53 -54 -55 -56 56 61 -59 -60 -61 -62 -63
leaf_value=5.4913984771135071 3.6537605615033253 43.571996278067367 -3.7405731046983202 -6.7724307345902917 16.424600176902651 1.6865538667508351 -1.1586266858987393 -7.7975402308402906 -7.7391319188199974 9.896781247865972 -5.8069350538253728 11.410140682284833 -1.5273020649381968 1.7178201811684755 6.8821604389724413 14.685147319171264 3.4081966806043624 5.3183518846458853 -0.057322061497379534 -15.648014731336147 2.571126720925291 -6.2943082268817419 -2.5425755966203054 0.056310641128660355 7.2516519662817238 -1.5506202859139542 -1.4064814127595846 -1.0486642426603285 -9.8442747665159569 6.3013840768078708 0.18556913045294732 -4.0250920327538262 -17.581874493613725 6.1365490430964833 6.0545041949141343 0.56354039608447637 3.7085999666459828 -3.1832744974935863 0.55541953167366298 -1.8562412490734563 3.1771727861789643 -0.015934928002005484 1.3191638537918022 -1.0245835498540765 -1.2534384195999533 6.4603923460704014 9.6905275556531461 -3.775020751782598 -0.17137719356451689 -14.187023998109495 -1.5464439333085065 -1.1601398425847371 -8.4106337399193603 1.4566085449480699 -6.1655876890773742 0.86264849533962273 1.2737286981349059 -0.074035956827239111 -1.9259219419062674 -0.56914471647470666 4.1103449374787555 5.8661482230069382
leaf_weight=0.2254691468551745 0.69326983275823184 0.33308697841130197 1.0467962208203978 0.44571767188608635 0.82700146501883842 0.49012703471817076 6.9677102419082058 0.86216882569715358 0.25131323793902982 0.33805546117946494 0.30466757481917817 0.47874762048013497 0.51069326628930756 3.901100556831806 0.45470213401131232 0.39630433148704458 0.57425340171903316 0.50402950029820193 267.94569493061863 0.38146344874985505 0.24541788804344822 0.76812043786048867 1.3166210229974211 1.0683400244452053 0.55797405773773778 0.44271856709383439 0.3871337727177887 0.39429676812142167 0.54313179780729093 0.54373847437091172 0.51787155866622925 3.8218100790400058 0.25364443589933217 0.69578815181739606 0.35291009955108166 10.103447257541118 0.72455120552330843 0.65107194543816405 1.7744124275632169 1.5725981546565879 4.2203290117904535 9.902438011486085 4.2176175867207339 1.0852202028036115 8.6563266855664533 0.44637364288791859 0.29170521721243847 0.24465172900818288 0.24737837421707809 0.21319876192137599 0.91100697498768513 2.4167296858504494 0.39992515090852965 0.50273579824715853 0.59461816819384694 20.466628944035627 0.44632274541072448 74.149602869525552 0.59510708483867247 26.630540740443394 0.42271950934082259 0.37350099696777761
leaf_count=38 73 81 212 54 97 38 254 196 55 85 46 88 96 287 86 37 72 98 7953 96 63 141 166 44 67 42 64 81 78 69 61 272 60 93 67 88 73 58 244 223 70 1180 48 77 1267 90 66 44 67 58 129 206 71 112 104 2124 55 5823 107 1827 56 53
internal_value=0 16.6086 -0.0432221 -0.0138836 6.2404 10.9403 -0.049751 -7.18334 -3.06446 1.68203 -0.0162795 3.30401 -0.0355574 0.018078 1.31679 3.29416 -1.04064 -1.22585 -0.0290377 -8.86216 -6.9023 -7.41992 0.441415 0.161989 0.910307 -2.90775 -2.29063 1.52744 -6.11982 9.83582 0.460638 -1.12312 -12.6832 3.59725 2.15149 0.00659902 -0.111377 -0.0902491 0.488234 0.244641 0.785339 0.091078 -0.0359912 -3.36151 -1.56698 2.71617 3.7155 2.25545 -4.80274 -9.0643 -3.68493 -0.017486 -5.03154 3.80993 -4.02253 0.60128 0.880599 -0.111049 0.783856 -0.631531 1.23937 3.36598
internal_weight=0 1.02636 471.076 469.149 2.67516 1.31713 466.473 1.92772 5.12226 1.35803 461.351 2.66318 458.688 446.813 15.7767 4.84114 1.01997 3.6018 431.037 1.70225 1.32079 1.52046 10.9356 10.4809 8.42667 2.05419 3.09777 2.18443 0.98585 0.940043 7.86869 11.8747 0.504958 1.21366 0.740044 421.275 6.65503 299.445 5.33841 121.83 14.3238 107.506 272.163 4.90703 9.76164 1.87976 1.48547 1.19376 1.0155 1.07537 2.35773 4.61386 1.44672 0.949109 1.10531 31.784 21.8816 75.7222 21.0617 27.2816 2.19713 0.819824
internal_count=25730 154 25576 25125 346 135 24779 451 964 211 23815 527 23288 22685 1609 393 126 641 21076 413 317 323 1216 1130 966 164 543 439 120 106 899 603 115 154 131 19609 745 9886 579 9723 158 9565 8001 349 1467 393 312 246 208 254 412 506 283 202 200 3519 2339 6046 2231 1885 300 108
cat_boundaries=0 22 45
cat_threshold=2 0 536871944 273809450 0 0 0 0 0 268435456 0 0 0 0 0 67108864 545260432 128 71352322 65536 64 2097152 0 536870912 18448 2149580928 268435464 605159440 8192 33554432 1024 0 0 0 644 0 4096 4608 2048 524288 0 262144 0 838860800 1
is_linear=0
shrinkage=0.05


Tree=30
num_leaves=63
num_cat=2
split_feature=67 85 49 52 59 67 47 65 46 71 3 65 55 19 55 14 55 49 47 65 9 57 55 71 57 49 54 1 9 60 63 59 60 47 3 54 54 47 71 59 54 57 71 71 47 47 47 31 54 74 67 52 3 47 58 3 0 67 49 65 67 47
split_gain=90069.2 106282 106486 33150.5 23633.4 20063 35059.8 26932.5 20966.9 18615.9 17851.8 14809.3 14304.1 12345.3 11594.1 11049.8 14487.7 10899.6 10639.3 14932 13047.1 9162.15 7617.47 6845.21 6426.85 6386.96 5993.98 5073.97 4945.03 4789.27 4391.19 3929.66 5108.37 3849.45 3788.65 6796.66 3621.45 3434.66 3445.93 3377.34 3367.23 3155.66 3069.58 2955.33 3304.71 2775.99 2675.57 3267.4 2693.11 2515.21 2600.62 2436.53 2414.24 2292.16 2244.39 2376.71 2240.27 14813.4 2317.34 2158.59 2114.95 2829.67
threshold=2068.4500000000003 1.0000000180025095e-35 -252.26548709977581 -260.9654140254562 70.28117419201881 640.33000000000004 741.75595917431849 230.04000000000005 0.25000000000000017 29.60773367560115 2019.5000000000002 1441.2700000000002 -290.28756949008431 3.0616169978683831e-16 -74.544789517271951 0.93301270189221952 150.6004536362577 -129.41983195759457 73.982546869204256 767.50000000000011 -14.861215932167726 11.482278333354008 -33.497674563280704 189.89644389148319 92.194415516158742 -282.26762591008878 518.72198362686856 10.500000000000002 -16.227241335952161 -208.20508665254695 1221.8975000000003 420.63575820164021 -63.107491562920146 0.80620534415397327 2016.5000000000002 89.056024550709296 125.50189501881802 -159.21853940250804 -20.701903477280869 166.75994139097358 100.28974254057125 84.875407033111983 1.8260791990427057 11.912593179642348 -159.21853940250804 -370.34620656406736 -159.21853940250804 1.8369701987210299e-16 73.298186851336581 0 387.02500000000003 29.02752666350602 2018.5000000000002 180.18090159257943 123.67752508050778 2019.5000000000002 1 92.765000000000015 -18.897522509670655 547.10500000000013 452.93000000000006 -97.996737082895365
decision_type=2 2 2 2 2 2 2 2 2 2 2 2 2 2 2 2 2 2 2 2 2 2 2 2 2 2 2 2 2 2 2 2 2 2 2 2 2 2 2 2 2 2 2 2 2 2 2 2 2 1 2 2 2 2 2 2 9 2 2 2 2 2
left_child=3 2 4 9 -2 17 7 8 14 12 -8 15 40 28 -7 16 18 26 20 36 -9 -15 -16 31 33 -22 30 42 -14 -30 34 32 -11 43 35 -5 -20 -27 -39 46 -1 -31 52 56 -45 -34 47 48 -36 50 54 -37 -26 59 -35 -56 57 -19 60 -52 -58 -62
right_child=1 -3 -4 5 -6 6 10 11 -10 23 -12 -13 13 21 22 -17 -18 24 19 -21 25 -23 -24 -25 27 37 -28 -29 29 41 -32 -33 45 49 39 51 -38 38 -40 -41 -42 -43 -44 44 -46 -47 -48 -49 -50 -51 53 -53 -54 -55 55 -57 58 -59 -60 -61 61 -63
leaf_value=-5.0575531894971411 25.891708488866978 -0.80040610749134555 1.4716822544283554 -1.8393010702171204 46.551531405497357 7.5148338105249799 20.1091713191596 6.6679351512342411 13.821886162932309 -10.752488232124362 5.4897172548559396 -7.1834787327802845 3.8350934513985351 0.44335733645031494 -2.4674155634349852 6.7814050432847441 -8.346338341363511 -0.075455297398856924 5.2581924544333587 -0.94767308260891392 -6.7779285514612475 9.6846063895440277 4.9877773567989721 -15.026910557570472 3.6649205962819296 2.0310368099926057 -7.1183421154594697 -2.2648589042879408 -8.4904645214808223 -2.9687839615178748 3.6691193811406428 -11.859358532738298 -6.9556562757109077 0.11117665003913801 -2.8112951135178399 3.0190664094047279 11.673763348494832 -4.8465245285135481 -0.72271988498252604 -5.1957148672521125 -11.232216425798663 2.8174428367975577 5.819207492834277 -3.9132624946271424 -0.69203922684134822 -1.8389173362800197 -0.86762236237965884 0.64177349389946292 -7.0037127598417444 0.64458106576559082 1.6129083546240133 10.456681571666353 -0.86054361321667749 3.7262472833426488 0.60852331437933804 -1.9155673510225175 -0.49008331435181235 3.3208665514713172 -0.057242549070175536 -1.7380174475383869 4.2335703213558622 -0.1296637617909695
leaf_weight=0.76888148719444849 0.26059635961428285 0.92504241759888828 0.34402540582232066 0.89864875911734443 0.29526327131316066 0.96566172852180954 0.36916698818095106 0.51799740060232391 0.58598654833622266 0.34024315304122854 0.48073462070897222 0.69744639215059567 0.29183831764385137 0.68269951804541029 0.88017505453899547 0.62835779692977656 0.49928060919046391 21.486193024087701 0.44976827106438555 0.83152433950453997 0.54883935046382104 0.44176623574458063 0.56103822146541971 0.26572205731645215 0.77582548814825691 0.74640794424340029 0.48002571379765946 0.45992277958430339 0.34577581589110273 1.4994997440371651 0.41013198764994818 0.27849048539064813 0.42494172486476589 86.632630936335772 1.8743480141274615 0.34224852290935814 0.43051010463386774 0.68959775357507092 1.9088032890576927 0.77115664840675879 0.30973915802314878 0.2795667303726076 0.86526337382383633 0.93288086121901859 5.4350933495443305 0.70460613910108838 3.9946441657375567 0.54069045092910517 0.48145194584503759 28.233443325385451 1.7823741489555684 0.16234760615043342 0.47523449151776731 0.84852153458632518 1.3998286405112583 2.794301823945716 48.388612335314974 3.7745424332097164 252.75440645287745 0.65802472410723556 0.55569390393793572 1.1215577488765109
leaf_count=177 50 97 57 257 57 98 80 79 60 69 39 90 70 99 72 77 83 323 48 105 72 86 66 72 187 99 67 82 54 273 70 63 101 6609 188 93 58 50 189 92 76 61 188 119 525 140 395 49 74 185 203 49 58 110 277 171 4053 88 8196 103 52 115
internal_value=0 11.1008 23.3347 -0.0279595 36.8659 0.020443 2.05748 1.2976 5.34031 -3.5384 11.8399 -0.224595 -1.78955 -0.254038 3.27535 0.444746 -0.15647 -0.0307348 0.511298 3.85712 -0.786945 4.07395 0.434756 -7.54995 0.00473736 -1.77872 -1.66749 2.49505 -2.26782 -3.10603 -1.39136 -6.41352 -5.38166 -0.00930749 -1.6203 0.768221 8.3958 -0.958411 -1.81715 -2.05772 -6.83068 -2.05952 3.52948 -0.0970971 -1.16393 -3.76386 -1.70656 -2.86357 -3.66809 0.230671 0.106503 5.41203 1.94585 1.48771 0.0564886 -1.07313 -0.07639 0.309509 -0.115004 0.709371 -0.42958 1.31593
internal_weight=0 1.82493 0.899885 487.755 0.55586 481.121 11.7913 10.9414 2.99286 6.63377 0.849902 7.94853 4.61977 3.54115 2.40688 7.25109 6.62273 469.33 6.12345 1.7118 4.41165 1.12447 1.44121 2.014 459.374 3.89365 9.95569 2.57625 2.41668 2.12484 9.47567 1.74828 1.46979 456.798 9.06554 1.40324 0.880278 3.34481 2.5984 7.66229 1.07862 1.77907 2.11632 334.449 6.36797 1.12955 6.89113 2.89649 2.3558 122.349 94.1157 0.504596 1.25106 3.28892 90.8268 4.19413 328.081 25.2607 302.82 2.4404 50.0659 1.67725
internal_count=25945 261 164 25684 107 24343 1365 1246 296 1341 119 950 896 643 236 860 783 22978 700 211 489 185 138 445 21644 410 1334 515 458 388 1267 373 310 21129 1197 399 106 338 239 798 253 334 433 13471 644 241 706 311 262 7658 7473 142 245 416 7057 448 12827 411 12416 306 4220 167
cat_boundaries=0 1 24
cat_threshold=1 0 268468224 1079296 3221225480 2147483648 604110864 8192 0 140289 0 0 0 128 0 0 4096 2048 524288 0 0 2097280 570427392 1
is_linear=0
shrinkage=0.05


Tree=31
num_leaves=63
num_cat=4
split_feature=66 1 52 51 66 57 49 64 57 1 47 48 67 66 23 0 64 47 9 57 10 47 48 47 57 67 47 46 67 59 77 67 51 23 48 80 67 48 9 55 56 48 48 72 67 48 49 54 3 66 0 66 66 67 52 67 51 47 55 0 66 9
split_gain=105018 150939 32438.6 21072.2 16098.4 28013.8 37450.8 16444.5 23617.9 15456.6 13371.2 10350.7 8758.42 8564.16 15425.6 9413.25 8707.09 10173 13057.7 7969.68 7703.13 7501.31 7387.86 7802.02 20271.9 8157.34 7357.85 6527.82 7750.8 6462.56 10356.7 5691.25 5144.83 4955.39 4904.03 4836.22 4609.49 4434.35 4486 4216.29 3925.15 3877.41 3793.46 3232.1 7477.38 3624.55 3187.87 3827.04 3566.21 3304.57 3311.79 7654.25 3142.75 3721.54 3121.52 3107.06 2860 2755.9 2692.93 2352.94 2298.76 2259.23
threshold=1822.7566666666671 10.500000000000002 -260.9654140254562 -711.52698824384913 676.48500000000001 -232.03305432101476 -393.68588673629915 1131.0450000000003 -99.087256000924782 9.5000000000000018 -276.88112634331253 -153.15765778351667 1585.1500000000003 219.84833333333333 -2.2990381056766571 0 137.53000000000003 372.56791118127899 -6.0310889132455356 -114.26476910927845 1.0103336092965665e-15 -53.924579084423364 -336.12094607575602 -391.03014949535464 -5.503876556486019 1323.4600000000003 100.30226401074184 0.25000000000000017 541.00000000000011 -772.53534486818523 1.0000000180025095e-35 750.51500000000021 -281.7737420340348 3.0616169978683831e-16 292.86898106747066 1.0000000180025095e-35 726.95000000000016 330.37089295787285 8.5801270189221945 -161.02397081929277 170.57974573097388 -122.50827380429392 292.86898106747066 1 188.77500000000003 -248.19217084300419 -140.75705334723094 349.92302206296108 2019.5000000000002 17.696666666666669 2 65.813333333333347 526.91166666666675 690.71500000000015 71.771413063816794 387.02500000000003 -161.33686699200453 -472.10032895017667 -327.902060316122 3 776.4383333333335 8.2500000000000018
decision_type=2 2 2 2 2 2 2 2 2 2 2 2 2 2 2 9 2 2 2 2 2 2 2 2 2 2 2 2 2 2 2 2 2 2 2 2 2 2 2 2 2 2 2 9 2 2 2 2 2 2 9 2 2 2 2 2 2 2 2 9 2 2
left_child=2 -2 3 20 10 -6 -7 8 -8 12 29 -11 33 21 -15 52 31 19 -19 39 -1 43 26 24 -24 32 35 34 -29 -4 41 54 42 60 36 -5 -21 38 40 -18 -34 57 61 44 -12 -45 47 48 -23 56 51 -51 53 -16 -17 -47 -48 -31 -59 -52 -10 -25
right_child=1 -3 4 22 5 6 7 -9 9 11 13 -13 -14 14 15 16 17 18 -20 27 -22 46 23 25 -26 -27 -28 28 -30 30 -32 -33 37 -35 -36 -37 -38 -39 -40 -41 -42 -43 -44 45 -46 55 49 -49 -50 50 59 -53 -54 -55 -56 -57 -58 58 -60 -61 -62 -63
leaf_value=-5.9975382648223885 1.7872966954015586 41.661189122867292 -8.2622015762439265 -5.2399311540431359 -9.0938863859827634 17.19363289385597 14.448642516642 -4.7123871735892662 -3.0021750130342348 14.511587306414183 -0.083957401257656286 2.8946117225337225 -5.0887309980651114 10.154453594850324 -1.6731349066927135 1.5822037979167194 -7.8712488356193937 0.31034490935634396 12.865494290228657 1.0255759801254765 -15.909634241212878 3.2518551257804607 -5.5319351512774881 -4.2522987049912286 17.115203949665585 -9.7606438218522502 -13.30033811486382 1.551559254469532 10.716512265493538 -9.0328611400053411 3.9308205539808263 9.0588490355965785 -0.42350804131158803 6.4995337067649892 4.983918493322486 1.5435596629410184 -1.9825498254394536 5.4746951923533409 2.5849157820597859 -0.46509007986427842 -5.8402306251907801 0.4672251610188129 -8.2520947784164758 -6.3759347092015828 4.6430834607820115 -1.1916642036613809 2.0231495056096764 -6.4694338269042237 -3.2359616322676787 0.67897288074913875 -0.40939646867235191 3.4522425197388764 0.32119975772076825 -5.2154549003016673 5.8164968845031675 -4.6158409229181236 -0.084624632609568762 -0.25117969315776745 -5.3877587738864996 0.18105516672383962 2.1590352642625978 0.86634967174578803
leaf_weight=0.37876179884187866 0.67167525994591304 0.36702555697411299 0.54146374785341356 1.3054578804876653 0.44130870979279269 0.48688140115700651 0.4594253345858309 0.659465025179088 0.37512299604713895 0.35085824900306761 2.2899084503296767 0.42281358363106836 0.62153570353984822 0.44638685462996619 3.7956918855197728 1.1389991932082986 0.37139746360480785 0.41267370874993503 0.41570659005083221 8.9676081305369575 0.40623631747439504 0.35489022964611538 0.20509715471416712 0.53240280225872927 0.19067489332519461 0.31072504213079799 0.23707611183635879 0.58796157827600914 0.37964266026392579 0.33588188351132009 0.5355100871529429 0.5348004912957548 0.92731939908117123 0.43235340435057878 0.67885721311904568 0.32895689108408976 1.484291993314401 0.32259060395881523 0.66403339523822058 0.39821532391943648 0.52310420502908528 0.40542422747239371 0.36096764705143869 0.36080653266981855 1.3181553864851592 18.138093206100169 1.6178966001607467 0.40986785292625427 0.52537635201588273 10.683246751781551 11.068618516204877 3.2434097565710536 1.4154979456216095 0.92145813861861814 0.70445495913736511 0.6876022273208936 305.70284152636304 0.35580285219475649 0.90210628928616599 85.275158607400954 0.50776606099680066 0.36224305839277804
leaf_count=93 85 83 83 290 59 75 51 75 56 40 224 70 57 67 519 115 58 70 68 935 94 80 52 99 48 55 59 70 58 69 73 41 151 43 76 85 95 71 94 64 91 64 69 57 110 2382 47 47 48 155 695 85 179 105 102 45 9466 61 134 7216 73 49
internal_value=0 15.8768 -0.038978 -3.40419 0.0113091 2.90513 4.13196 2.47123 3.96572 2.18885 -0.0181459 8.16288 -0.197561 0.00362122 0.951782 0.7668 1.0635 1.24019 6.6109 0.894452 -11.127 -0.0450101 -2.43739 -1.318 5.37899 -1.98006 -5.06865 1.20829 5.14746 -3.30374 -2.24453 4.51771 -1.32535 2.11383 0.865857 -3.87463 0.598387 0.014271 -0.818795 -4.03913 -2.37708 -3.89866 -3.92545 -0.928327 0.435628 -0.92813 0.00305793 -2.47855 -0.620319 0.0107248 0.245536 0.771135 -0.663367 -2.3651 3.20029 -1.31673 -0.0735282 -5.00924 -3.93486 0.0811015 -0.0338662 -2.17975
internal_weight=0 1.0387 479.219 7.05565 472.163 4.75753 4.31622 3.82934 3.16988 2.71045 467.406 0.773672 1.93678 464.33 22.6536 22.2073 16.0746 13.6964 0.82838 12.868 0.784998 441.676 6.27065 4.39916 0.395772 4.00339 1.87149 12.0984 0.967604 3.07619 2.53473 2.37825 3.69266 1.31524 11.1308 1.63441 10.4519 2.43705 2.11446 0.769613 1.45042 1.99922 1.25561 22.7946 3.60806 19.1865 418.881 1.29013 0.880267 417.591 110.27 13.9267 6.13265 4.71715 1.84345 18.8257 307.321 1.59379 1.25791 96.3438 0.882889 0.894646
internal_count=25930 168 25762 1400 24362 599 540 465 390 339 23763 110 229 23279 2622 2555 1752 1494 138 1356 187 20657 1213 779 100 679 434 1234 128 484 401 258 624 172 1106 375 1030 407 336 122 242 328 217 2818 334 2484 17839 175 128 17664 8151 240 803 624 217 2427 9513 264 195 7911 129 148
cat_boundaries=0 22 43 66 87
cat_threshold=60 256 524288 0 0 0 0 0 2147483648 805315652 0 0 0 0 0 256 1082131072 1086324748 4194306 65536 16 2097152 34828 1073741824 2415919104 1 0 0 0 0 0 0 1082135553 16777216 256 134217728 17301504 0 0 9 16777216 1310720 4192 0 1610612736 24600 8 0 604110864 8192 33554432 5120 0 0 0 644 0 4096 4129 0 524288 0 0 160 301991936 1 1048576 128 1152 268435456 1073741824 33554433 262144 1 0 9437200 0 0 0 840564736 10 16777216 1048577 268435488 16384 3288334336 64
is_linear=0
shrinkage=0.05


Tree=32
num_leaves=63
num_cat=2
split_feature=66 70 47 66 26 64 63 0 51 85 67 59 51 67 70 63 52 39 50 60 66 50 47 54 59 56 67 55 66 0 51 71 66 70 70 63 59 47 6 5 70 55 54 53 51 10 59 64 53 25 54 52 59 65 55 67 55 70 63 9 87 54
split_gain=111269 105853 30917.3 23567.1 26151.3 19113.5 24440.1 18241.4 14903.6 21878.3 32835.8 17605.2 15295.1 10123.4 16249.8 14255.1 15603.8 11032.9 10559.6 9905.88 8471.45 7877.41 7790.31 7741.22 6334.33 15901.2 6495.4 5323.57 5219.28 5346.89 5109.76 4938.88 4490.55 4736.21 4435.76 4374.63 4156.62 3962.29 3945.71 3425.71 3678.3 3333.17 2881.25 2878.7 2847.03 2771.23 2514.7 2422.08 2383.6 2773.91 2338.14 2257.67 2232.54 2219.14 2064.38 1985.6 1950.77 1924.65 3514.59 1894.22 1870.14 1854.03
threshold=1822.7566666666671 4.0019010776457593 -781.12072549953359 714.5100000000001 1.0000000180025095e-35 449.25000000000006 339.9233333333334 0 1027.6701116014503 1.0000000180025095e-35 1839.6750000000002 19.217224438363118 -332.52874171087524 497.71000000000004 0.50359777495898228 190.93708333333336 1.0000000180025095e-35 0.68301270189221941 -303.7887476128243 -270.05930539954363 634.05666666666673 -65.960854109173155 -1045.8962176780105 430.71314251328738 -0.68272079698142274 360.27334236571784 921.8950000000001 -66.149981253823526 58.346666666666671 1 -40.215768151559075 5.5750783909181276 479.73500000000007 1.8394956353055287 12.013317919075147 981.90000000000009 -18.295636696605857 -9.6284884052149966 1.0000000180025095e-35 0.6830127018922193 0.22557758860462254 -21.167264876666902 209.9529872233029 -386.3633192692194 263.67346323603175 10.446152422706634 -157.21889465692621 722.69500000000005 45.919750008281369 0.25000000000000022 156.05015100023084 -41.031709304564792 -0.28058797337832692 426.91500000000002 -194.77631568341479 726.95000000000016 24.336135006297361 0.96263450823937402 145.53458333333336 -1.0000000000000002 1.0000000180025095e-35 46.290875339553061
decision_type=2 2 2 2 2 2 2 9 2 2 2 2 2 2 2 2 2 2 2 2 2 2 2 2 2 2 2 2 2 9 2 2 2 2 2 2 2 2 2 2 2 2 2 2 2 2 2 2 2 2 2 2 2 2 2 2 2 2 2 2 2 2
left_child=2 -2 20 7 5 6 -5 30 9 10 11 21 -11 18 -15 16 -16 19 23 31 22 -7 -1 47 25 38 32 54 37 -30 43 36 41 -34 39 -14 -17 -29 55 40 42 -26 -31 -4 48 57 -40 -9 50 -50 -42 53 -36 -41 -20 -21 -32 -45 -59 -60 -46 -39
right_child=1 -3 3 4 -6 8 -8 13 -10 12 -12 -13 35 14 15 17 -18 -19 27 24 -22 -23 -24 -25 26 -27 -28 28 29 34 56 -33 33 -35 52 -37 -38 61 46 51 44 -43 -44 45 60 -47 -48 -49 49 -51 -52 -53 -54 -55 -56 -57 -58 58 59 -61 -62 -63
leaf_value=-19.597114719009337 4.3593993131117967 37.379050216039793 -6.8497319007044375 -0.13607749182787426 13.351113132347818 12.733111979075424 18.2487906209854 -3.8770012355853964 -5.4978590240126968 -10.688698021480695 18.712151224157875 -3.2489118919345756 -2.5626188927464195 9.927159984347627 9.9192591943551403 1.4237530123546593 -0.27639168303086692 6.5914024288832982 -3.2342474940578385 0.35634498620003729 -2.6499229663568085 2.8513331613805928 -7.781650183812066 -11.622393123108106 -1.9236700120826542 11.30517692301334 -4.1428209359575305 -0.33768237112741462 -0.47513157512700571 2.1638244218268006 -2.1300852978707119 -7.4155596575984992 0.98334911741409836 7.5520487553329945 4.3609640966724461 5.6125217218120644 -4.595977404223258 0.064366616214029768 5.3106455087952016 -0.52601439426663055 0.69675414902983346 0.94538346223903025 10.610266397222896 -3.7701381582537601 1.9639612367138903 -5.790599025150267 1.0653827193012535 1.5052262619224781 1.5353445376357238 6.206757611031164 -2.7122553244559628 0.34294843070821629 1.4615345386228671 -4.3417397422338606 -0.88771671968588017 -4.0185751461953645 0.73451413463629955 -5.8497840039448965 -2.5297924948306099 1.311665415780533 6.4222616315061138 -0.68091825339904133
leaf_weight=0.25355738052166998 0.67462205397896358 0.37911441037431359 0.73011958482675243 0.34389678039587934 0.5812218019273131 0.3707391950301826 0.38108465075492859 0.78601528075523563 0.7790126020554452 0.4345546558033675 0.3756846794858576 0.75414746883325279 0.33680290100164711 0.53153496002778311 0.87486308882944175 0.56571272131986905 0.65714234858751297 0.68123771436512548 1.0400825550314028 0.77213675947859506 0.29597078636288643 0.44225339102558814 0.31014780607074399 0.29261599737219501 1.8913925830274774 0.44258336047641922 0.90947889070957888 87.83426275709644 7.9548903005197644 0.23839898849837737 3.1763769034296261 0.54304154915735114 0.89553635939955689 0.39565926836803555 1.2290684219915422 0.31828279001638293 0.58156583271920403 296.68158156750724 0.59001037455163929 1.6181587621103966 16.504529180470865 2.1781139762606543 0.17514019971713424 2.7634173398837447 0.65837059728801139 1.0721213440410791 0.85337492194957976 0.28475429932586849 3.9406217213254413 0.34566210536286224 0.51879468210972746 12.341696356656028 1.4438558928668488 0.49840383138507593 9.4843243835493904 0.39052894548512995 0.73111276514828194 0.38076924206688989 0.575594828929752 0.72524754470214237 0.36597448866814375 8.5862440285272879
leaf_count=69 86 90 167 58 90 48 60 132 63 41 80 95 69 98 67 67 71 75 208 121 45 68 74 58 148 48 65 6164 699 70 177 50 144 33 30 34 48 9011 67 253 1808 136 49 353 102 160 116 51 587 53 74 668 85 99 1228 51 125 55 76 75 38 726
internal_value=0 16.2392 -0.0261852 -0.0092832 3.36567 2.08631 9.52788 -0.0455131 0.670851 2.25554 5.4361 2.25348 -3.41539 0.018657 1.35542 1.01084 5.54591 0.416521 -0.0215333 0.0344236 -9.49981 7.3576 -13.0963 -4.41523 0.673193 2.5427 -0.235784 -0.00826459 0.0182615 0.511406 -1.51771 -3.48714 0.427071 2.99619 0.661471 1.40939 -1.6277 -0.0417454 1.05458 0.686 1.0685 -0.388072 5.74102 -3.89932 0.981982 -3.50887 2.80071 -2.44568 0.858211 1.91206 0.592863 0.0842045 2.79475 -1.42453 -1.11961 -1.11315 -1.5941 -2.95853 -1.62479 -0.388097 3.55681 0.043404
internal_weight=0 1.05374 482.709 481.85 5.11768 4.53646 0.724981 476.732 3.81148 3.03247 1.94282 1.56714 1.08964 466.577 13.7539 13.2224 1.53201 11.6904 452.823 11.0091 0.859676 0.812993 0.563705 1.36339 9.31882 3.04863 6.27018 451.46 440.936 47.8336 10.1548 1.69032 5.3607 1.2912 39.8787 0.655086 1.14728 393.102 2.60605 37.2058 22.7475 4.06951 0.413539 6.24727 22.334 5.51715 1.44339 1.07077 21.3096 4.28628 17.0233 14.4583 2.67292 2.11656 10.5244 1.16267 3.90749 4.44503 1.68161 1.30084 1.02435 305.268
internal_count=25856 176 25680 25492 706 616 118 24786 498 435 291 211 144 23598 1405 1307 138 1169 22193 1094 188 116 143 241 929 403 526 21952 20516 4615 1188 165 461 177 3916 103 115 15901 355 3801 2781 284 119 886 2662 719 183 183 2522 640 1882 1020 115 352 1436 172 302 559 206 151 140 9737
cat_boundaries=0 22 42
cat_threshold=2 256 4034920452 1183792 8192 0 5 0 2147483648 268435456 0 0 0 0 0 4 50332320 128 4210690 65536 0 2097152 2281702496 1024 0 268435456 0 0 16512 1 0 2685665297 0 0 0 303824896 0 268435456 132416 36864 134225920 2214592512
is_linear=0
shrinkage=0.05


Tree=33
num_leaves=63
num_cat=2
split_feature=67 85 58 0 66 50 64 67 48 57 67 70 66 65 50 70 51 40 67 65 53 53 5 57 67 70 51 53 53 63 54 57 67 65 66 0 52 9 58 48 65 6 5 70 67 53 54 54 60 65 70 88 53 64 70 52 67 68 66 67 48 66
split_gain=81372.3 122110 137398 24859.1 41347 31671.2 33254.8 39582.2 27519.2 11852 10466.5 13933.5 10293.8 24116.5 13635.8 11746.9 16217.5 9815.98 19791.4 12318.5 7703.99 6885.99 6758.44 6024.05 5823.01 7832.34 5265.2 4913.9 4580.93 4378.62 6574.69 3959.8 3520.89 3155.22 3149.39 4004.04 3071.92 3050.91 5400.24 3920.64 2969.06 2953.78 2920.35 2893.11 5027.38 3617.76 2856.36 2822.28 3947.98 2713.25 2620.25 2611.77 2376.18 4587.38 2375.71 2324.98 2235.66 2192.86 1951.57 1929.44 1863.04 1810.41
threshold=2625.9500000000003 1.0000000180025095e-35 868.2895308685471 0 634.05666666666673 -200.80594713844297 979.64250000000004 1323.4600000000003 -532.42287500028897 -232.03305432101476 1735.2800000000002 4.1707719947405026 245.26333333333335 1535.4350000000002 -272.10650120732271 4.1707719947405026 469.868118748521 -1.0000000180025095e-35 1009.9950000000001 2005.4600000000003 -92.299749893253207 -92.299749893253207 1.0000000180025095e-35 84.875407033111983 750.51500000000021 0.98224605998983228 366.08093507427947 165.17721103422897 -361.38199707633561 795.8835714285716 246.02331170220825 1.0545917511873326 896.2600000000001 569.11000000000013 17.35166666666667 1 -21.622566357578489 6.735557395310444e-16 280.7772867504637 66.015306465858117 748.24000000000012 0.50000000000000022 0.25000000000000017 3.2547290345889777 828.54500000000019 6.7440824882196031 125.50189501881802 52.147267824865175 141.32137218581462 234.49500000000003 1.5508948194662484 1.0000000180025095e-35 266.13467365414539 623.46750000000009 123.50000000000001 -340.93611545452387 793.47500000000014 0.41666666666666669 42.965000000000011 405.04500000000007 -7.7559049085288274 94.168333333333337
decision_type=2 2 2 9 2 2 2 2 2 2 2 2 2 2 2 2 2 2 2 2 2 2 2 2 2 2 2 2 2 2 2 2 2 2 2 9 2 2 2 2 2 2 2 2 2 2 2 2 2 2 2 2 2 2 2 2 2 2 2 2 2 2
left_child=3 2 -2 8 12 6 7 -6 28 -10 11 33 14 15 51 22 20 18 36 23 -17 55 27 26 -25 -26 43 37 41 31 -31 -24 -21 -7 47 -36 -11 38 49 46 -29 -1 -22 44 45 -19 -39 48 60 -14 -33 57 54 -54 59 -16 -45 -5 -53 61 -23 -37
right_child=1 -3 -4 4 5 10 -8 -9 9 17 -12 -13 13 -15 21 16 -18 19 -20 32 42 34 29 24 25 -27 -28 40 -30 30 -32 50 -34 -35 35 52 -38 39 -40 -41 -42 -43 -44 56 -46 -47 -48 -49 -50 -51 -52 58 53 -55 -56 -57 -58 -59 -60 -61 -62 -63
leaf_value=-6.4367281498126276 6.7109305052133639 -3.6861165885814935 58.188797027495106 -7.1486773857349135 5.5779607580028703 3.4717948740635332 1.1177073383594849 25.993474874392845 -9.6066021325813757 -4.955827073058618 -4.7460597014909736 11.205979287054355 4.0220182230826316 12.526972109451812 2.1398476216523021 10.904105557704794 0.14848853091843345 -1.6619272565780283 13.118080801173958 -15.033433411880788 1.5669380344610264 -0.29890304329977541 -1.6479619960619847 8.6849303301373144 -6.9966915115976356 4.5249340635463238 -7.3424586381300605 7.9317224243190667 -16.774701395191002 -1.2011978148685425 -10.734980688163857 0.16820607651270111 -6.3003949249846762 -1.7499858436442777 -0.49967719270554944 0.21363819281995811 1.2413393352660806 0.021582060734371428 -5.9387358784289974 5.3865315560160454 1.840069062410211 -12.639655781352202 5.855367145536114 -1.836291697992839 2.6393722690266084 -5.4770571949245159 3.9549295355109226 -0.88769171081967269 1.9245575313049503 -0.32104196804119467 4.4916983105632529 -3.8111916816321378 0.12552221345708123 7.5568446808929428 2.0680981719772258 -1.6393505879544286 -6.570490768483781 -3.4704569351046204 1.3517567821908356 -1.1088526227094675 0.0025446194935563071 0.75787873228593439
leaf_weight=0.43198697408661246 0.27400942775420734 0.49204055732116103 0.24598983861505985 0.59936685953289215 0.44144116574898384 0.52919720020145111 0.54924929910339415 0.51371212489902973 0.56194776901975174 0.39854663726873696 0.51827293634414662 0.42335709440521885 0.42616014508531108 0.45580653892829914 0.42914424324408162 0.59595457441173527 2.413805220508948 3.2589427544735372 0.30527243111282587 0.23112817085348059 0.62105595832690497 66.550231794128194 3.3055373523384333 0.22299815760925401 0.27389219030737877 0.31965184095315635 0.57207065052352835 0.39462341181933869 0.26785042136907466 0.50787514052353788 0.28082866733893752 1.4582154073286799 0.23053149972110987 0.63812307128682733 9.8302359210792911 94.822011960903183 0.40133976982906261 2.0106492429040381 0.38916537980549026 0.6067657007370143 0.40563562209717929 0.34535487974062562 1.1003523401450364 0.41401482513174392 0.56699188868515182 0.76777739217504848 0.59908441314473737 10.403441890841348 2.5106915177311739 2.3029862900730222 0.46129875304177392 0.35318619431927789 0.55711431731469829 0.33108419459313154 1.8689574818126846 7.8752234124112857 0.62709826836362481 1.2508425929117946 0.37991735525429249 2.4787513019982717 223.01511447434314 18.215928872348741
leaf_count=95 42 47 67 102 44 64 63 85 94 105 37 55 57 88 90 44 66 246 38 52 71 3668 451 61 47 83 52 51 54 93 54 228 51 109 799 7243 65 292 41 100 64 78 81 41 82 71 83 740 49 337 54 75 58 85 82 1086 98 244 55 77 5669 1606
internal_value=0 14.1684 31.0629 -0.02455 0.0497409 5.37848 10.9209 16.5581 -1.7416 -2.57171 1.42485 3.43545 0.00894731 1.16979 -0.0392663 0.880263 3.01678 -2.11151 2.28715 -2.76096 6.00444 -0.0179471 0.111508 -2.24092 1.79634 -0.791745 -2.77204 1.1522 -11.1356 -1.12323 -4.59583 -0.599057 -10.6726 0.617275 0.00955725 0.217346 -1.84642 0.685831 -0.428591 1.76623 4.84398 -9.19254 4.30817 -2.30804 -1.76868 -2.38936 0.924512 -0.0784439 -0.0496193 0.357133 1.20723 -3.66126 0.294304 2.89562 0.299693 -1.44405 -4.68786 -4.662 -1.13559 0.271082 -0.0667365 0.301342
internal_weight=0 1.01204 0.519999 473.618 463.42 3.61335 1.5044 0.955153 10.1974 9.1522 2.10895 1.59068 459.807 18.3358 441.471 17.88 4.73117 8.59026 1.10516 7.4851 2.31736 438.888 13.1488 7.02344 0.816542 0.593544 6.2069 7.13507 1.04519 6.01376 0.788704 5.22505 0.46166 1.16732 430.584 128.104 0.799886 6.33481 3.11831 3.2165 0.800259 0.777342 1.72141 5.63483 4.59371 4.02672 2.60973 302.479 292.076 2.72915 1.91951 2.58331 118.274 0.888199 117.386 8.30437 1.04111 1.85021 0.733104 115.517 289.565 113.038
internal_count=26009 156 109 25853 24440 457 192 129 1413 1186 265 228 23983 2255 21728 2167 262 1092 208 884 196 21252 1905 781 191 130 590 1025 227 880 147 733 103 173 20076 9950 170 910 435 475 115 173 152 538 399 317 375 10126 9386 394 282 476 9151 143 9008 1176 139 346 130 8926 9337 8849
cat_boundaries=0 22 43
cat_threshold=524288 256 1426063872 5242880 8192 512 1 0 2147483648 0 0 0 0 0 2147483648 67108864 579338754 536870912 272629890 98304 0 2097152 131072 128 128 268435456 0 8193 642 0 0 1048576 0 0 0 840433664 0 318767104 134219120 102400 0 3288334336 512
is_linear=0
shrinkage=0.05


Tree=34
num_leaves=63
num_cat=2
split_feature=51 41 56 48 66 70 65 47 45 52 0 52 51 64 67 56 57 63 67 66 63 64 51 59 48 70 48 54 64 51 9 51 64 55 52 65 51 32 9 54 51 44 66 3 52 56 66 54 0 51 47 3 56 51 3 70 47 65 66 3 51 47
split_gain=67813.2 207281 56419.9 33352.2 28633.7 26962 29484.8 17960.7 16112.7 12057.5 11275.9 10592.2 10666 17786.3 12045.3 9099.77 9034.52 14058.2 11925.3 18656.5 8188.52 8103.48 6463.73 6038.15 5121.78 4778.1 7658.52 4913.51 6523.78 4757.59 6735.87 4627.24 4649.7 6087.02 4074.5 5029.18 3589.98 3514.23 3447.22 3399 2993.67 2993.33 2821.25 4088.58 4320.75 3624.44 2804.76 4018.37 2753.4 3528.87 2702.3 2629.37 2584.67 2510.59 3128.73 2465.86 2634.13 2296.7 4566.37 2476.16 2292.11 2241.85
threshold=1374.5528624259966 -1.0000000180025095e-35 402.91150007500329 -354.04934247279652 651.89166666666677 6.0276546975771312 335.03000000000003 -781.12072549953359 1.0000000180025095e-35 829.37041389590297 0 -390.92239721084405 -332.52874171087524 1238.2525000000003 1735.2800000000002 609.1836694654445 73.990104869467288 1380.577777777778 896.2600000000001 488.0916666666667 1745.6995833333335 416.52250000000004 -854.11216025768647 948.71422681475394 -1052.3723028383176 1.1593231588277544 -66.480912920280886 190.07813238190678 344.03000000000003 -25.607025999642747 -5.0980762113533169 263.67346323603175 685.04500000000019 -327.902060316122 143.22630983498706 696.8850000000001 -364.83231196738791 1.0000000180025095e-35 4.2862637970157366e-16 156.05015100023084 201.3062640129485 0.6830127018922193 116.35166666666667 2021.5000000000002 96.24411659052987 13.286006601182434 29.716666666666672 198.66296092764108 1 -154.28585978222137 -353.14007092811511 2019.5000000000002 42.427045819968328 -88.117130700173703 2017.5000000000002 38.250000000000007 88.087881520958447 191.04000000000005 326.77500000000003 2019.5000000000002 -126.24791880729714 -130.8568707203452
decision_type=2 2 2 2 2 2 2 2 2 2 9 2 2 2 2 2 2 2 2 2 2 2 2 2 2 2 2 2 2 2 2 2 2 2 2 2 2 2 2 2 2 2 2 2 2 2 2 2 9 2 2 2 2 2 2 2 2 2 2 2 2 2
left_child=3 -2 -3 7 10 11 -7 24 9 20 40 -6 -13 14 21 16 18 38 25 -20 23 -14 -17 31 -1 26 36 42 -29 30 -24 32 37 -34 35 -23 -12 50 39 -18 41 -5 -27 55 45 -45 -40 -48 49 -28 -9 -38 -50 -54 61 56 57 58 60 -60 -44 -55
right_child=1 2 -4 4 5 6 -8 8 -10 -11 15 12 13 -15 -16 22 17 -19 19 -21 -22 34 29 -25 -26 27 48 28 -30 -31 -32 -33 33 -35 -36 -37 51 -39 46 -41 -42 -43 43 44 -46 -47 47 -49 52 -51 -52 -53 53 54 -56 -57 -58 -59 59 -61 -62 -63
leaf_value=-17.603915112126924 40.990848254226542 9.4241710269111163 -17.231327682443919 -1.7467609806923674 8.7454532813825558 2.5037122796245868 20.175041293770164 -5.6897669866099028 8.5397034915155725 -13.71117518984398 -6.1001785667339563 -4.8530855565173852 8.1311370725677925 11.432010458745225 -7.04936893813937 -10.746145404735532 1.3587698153334802 11.677937287464859 11.496210487454391 -0.95295929191165474 4.6461480862749509 2.1243113152504143 6.2264686303959538 -10.242937410135974 -8.2591295283659534 0.081711607133329089 4.7470002032051317 -0.020100074719180721 5.7032759637661785 -8.5475549930121044 -2.898568711934761 2.9544752179018223 -6.6954329442213982 1.7593036294153528 4.9086370653916696 -4.018420526636131 -0.31692091928255295 -10.771226438446547 -2.006366307801827 -3.119216616880895 -4.8551864593178138 -4.9574371619560091 3.86664607816645 5.6244851157301934 -1.1622903548320187 1.8967449177468105 2.300144025333998 8.0220257502783721 -0.071041238028575829 0.60645903972426896 -0.92367348117308967 -1.804211097112546 -1.5999291814912775 5.8558249424271871 -0.5707785961266475 3.7108085511456297 2.0281311624982865 -0.64389656231779624 1.1534947024908646 6.7571030513462293 0.044167881666365053 0.70979682331153193
leaf_weight=0.2582967143971473 0.4047746486030519 0.42819840623997041 0.37009996571578085 8.9261234041769022 0.51103617274202395 0.47214965126477171 0.47204189165495336 1.0733747589401912 0.2806293643079697 0.28794766403734673 0.38547026109881599 0.63141735619865391 0.45456271199509535 0.45293851592577983 0.42071555298753072 0.26684948499314476 1.3667072416283184 0.36642871936783183 0.57399005722254404 0.63264477881602943 0.31322039267979551 0.72287111077457644 0.25476047559641279 0.32875695824623097 0.33916868874803174 171.45783613016829 0.53616380644962092 1.0706893126480275 0.93067266256548453 0.25263804337009688 0.98097412567585707 0.2851117094978689 0.31465319055132568 0.65820845053531218 0.4254658413119613 0.61813646927475929 5.0048071204218996 0.25052448571659613 0.24976884643547226 0.61420909012667824 1.0200714808888722 0.79020609846338707 0.41183077800088419 0.89076212467625682 0.81724135973490764 2.4333341270685196 1.2803090976085512 0.40355716692283738 193.81318642711267 12.788516977569087 0.41139167360961426 7.315073802601546 4.8814440008718512 0.22687365463934872 23.743605364114046 0.53284707642160256 1.8869764762930561 6.8264066856354466 0.3639628719538458 0.43012531427666545 8.2188511812128144 3.1523877528961775
leaf_count=66 88 56 51 722 87 61 56 242 59 53 63 81 58 62 43 52 247 86 61 50 68 86 61 72 74 6896 19 110 63 48 177 51 46 99 68 79 1171 32 45 108 98 68 56 16 48 190 255 71 6890 1629 75 600 614 56 1067 43 211 566 68 58 724 804
internal_value=0 11.8448 -2.93361 -0.0410245 0.0012162 3.69769 11.3384 -4.18724 -3.03435 -3.86226 -0.0398753 1.99507 1.06925 2.2776 0.708038 0.0126268 0.0268079 2.31289 0.00502711 4.96905 -3.08212 2.17747 -3.58029 -3.81079 -12.2991 -0.00833934 -0.152471 0.176605 2.64138 -2.29553 -1.01734 -3.10434 -3.7422 -0.975217 0.645426 -0.707176 -1.34868 -5.29346 1.43626 -0.0296886 -1.17966 -2.00788 0.151213 0.673587 2.09488 2.89567 2.93805 3.67146 -0.0889181 0.44163 -4.3692 -1.20002 -0.133853 -0.556057 -0.368186 0.358335 0.259849 0.054528 0.5604 4.18874 0.226565 1.05529
internal_weight=0 1.20307 0.798298 476.081 471.28 5.18134 0.944192 4.80128 4.20382 3.92319 466.098 4.23714 3.72611 3.09469 2.64175 455.362 453.607 4.28098 449.326 1.20663 3.63524 2.22104 1.75522 3.32202 0.597465 448.119 251.848 196.272 2.00136 1.48837 1.23573 2.99326 2.70815 0.972862 1.76647 1.34101 12.7054 1.73529 3.91455 1.98092 10.7364 9.71633 194.27 22.8123 4.14134 3.3241 1.93364 1.68387 239.142 13.3247 1.48477 12.3199 225.817 32.0043 27.1229 18.671 18.1382 16.2512 9.42477 0.794088 8.63068 3.37926
internal_count=25924 195 107 25729 24792 681 117 937 797 738 24111 564 477 396 334 23223 22885 812 22073 111 685 291 338 617 140 21962 12913 9049 173 286 238 545 494 145 233 165 1834 349 726 355 888 790 8876 1980 254 206 371 326 11079 1648 317 1771 9431 2541 1927 1726 1683 1472 906 126 780 860
cat_boundaries=0 22 42
cat_threshold=524290 256 536871940 1052720 0 0 5 0 0 268435456 0 0 0 0 0 67108868 1610613680 541098117 16386 1 0 2097152 1075838976 2106368 0 0 1073741824 572522497 587202560 2156396544 0 0 16777216 131077 1075200 512 2097152 32 134217728 8388608 0 2097152
is_linear=0
shrinkage=0.05


Tree=35
num_leaves=63
num_cat=1
split_feature=51 52 6 53 47 78 0 66 56 39 66 57 57 70 56 60 67 49 70 51 58 49 63 66 67 51 53 34 56 6 54 70 52 51 52 1 3 71 54 52 66 71 54 64 23 10 3 3 13 63 50 52 67 59 57 70 78 51 81 66 64 47
split_gain=53090.2 178737 39829.7 32955.6 20542.5 18258 14495.5 37869 17865.8 16817.6 15152.8 12488.5 9857.69 6995.33 13076.7 15847.2 6048.37 5293.5 4958.51 7575.64 10505 7448.36 5782.52 6662.59 10655.3 4864.45 5608.53 4768.29 4311.39 8789.23 4291.82 4223.86 4053.75 4561.95 3952.27 3914.25 3830.35 4090.17 3943.89 3674.77 13349.9 4084.19 3645.41 3555.6 3547 3479.61 3512.64 3414.18 3311.55 3206 3172.72 3156.3 3531.57 2737.63 2695.37 2685.84 2627.85 2612.52 2501.99 2704.89 2491.55 2302.84
threshold=1027.6701116014503 1444.3794855341851 -1.0000000180025095e-35 -386.3633192692194 -1045.8962176780105 1.0000000180025095e-35 0 923.94166666666672 651.91156539308429 1.0000000180025095e-35 518.1400000000001 -92.659989549875135 -202.47868045031973 1.5111279016076902 166.97524241252805 9.7856351739269929 960.48000000000013 -42.937749574816053 1.1593231588277544 -63.185013083394246 252.36432372737656 -65.615590452376765 532.17541666666682 338.21333333333342 828.54500000000019 57.659147658718496 303.87690728032334 0.25000000000000017 454.66401873799265 0.50000000000000022 37.446908224941296 1.4119091335809113 1.3431882989840884 157.38511805804853 -48.830953974754415 8.5000000000000018 2018.5000000000002 -64.473617666942673 92.00207106198458 -89.264472457549672 518.1400000000001 1.8873673500368102 77.665096612590801 399.86500000000007 -1.0000000000000002 15.79422863405995 2018.5000000000002 2019.5000000000002 -0.25 650.43666666666672 -287.56338951929314 1.0000000180025095e-35 460.72000000000008 -215.79665890633865 -37.207014120975074 2.7569997569997571 1.0000000180025095e-35 -154.28585978222137 1.0000000180025095e-35 320.78166666666669 710.25000000000011 50.855523352397938
decision_type=2 2 2 2 2 2 9 2 2 2 2 2 2 2 2 2 2 2 2 2 2 2 2 2 2 2 2 2 2 2 2 2 2 2 2 2 2 2 2 2 2 2 2 2 2 2 2 2 2 2 2 2 2 2 2 2 2 2 2 2 2 2
left_child=3 2 -2 4 -1 -4 12 8 10 -9 18 -10 -5 34 16 -16 -15 27 21 20 43 36 23 -21 44 30 47 32 31 -30 61 48 33 56 -12 50 37 -8 -38 40 -19 -41 -34 51 -25 46 60 53 -6 -40 -13 52 -20 -27 -31 -46 -14 -43 59 -39 -32 -23
right_child=1 -3 5 6 28 -7 7 9 11 -11 13 35 17 14 15 -17 -18 39 19 22 -22 25 -24 24 -26 26 -28 -29 29 54 45 -33 42 -35 -36 -37 38 58 49 41 -42 57 -44 -45 55 -47 -48 -49 -50 -51 -52 -53 -54 -55 -56 -57 -58 -59 -60 -61 -62 -63
leaf_value=-18.796172902004745 13.144974267193588 39.673433554782001 -12.622102814870701 -8.7095423905456801 0.16675216519383212 0.89287602734760874 6.4090462205562053 4.1298616515791284 -15.125073227247112 15.956685269913272 -2.9783400920168406 -7.2365124770125906 -3.268507016287614 4.0784516487019848 14.963383710296995 2.0411174333990116 -3.1984257621297494 -2.2287710619014809 0.88367373376353509 0.10804318429127829 6.4556638071644308 -0.058454529322270091 -2.7133731412936037 -2.5354820648554277 9.4278915538354315 6.4665830332350653 7.5495960882994986 -6.8420342833089087 5.786148025323377 -1.410672473336307 0.32659846538555359 -11.988114781414566 -2.4158109730844206 -7.3256181333362491 2.2045733427695438 1.8552581144547784 -1.2549715237406041 -0.27447962142122811 -2.6258721106227192 -0.71697077897641881 11.160692202515776 -6.3455953945304806 5.4574098054413378 4.7993861854606275 0.43806538461145178 -2.3259308034802699 -0.87634515161915749 -1.539900257859562 -6.4410777852874777 -7.1191086305740843 -2.2496711760540085 -0.83646976639794579 4.406223180253237 1.2681841930068174 -8.9794583722287733 4.2555255975408866 -0.48210087628110099 -2.0051560686254506 -2.6135292396142873 4.144976538329022 4.2509334743475362 1.4502897150033602
leaf_weight=0.27939402288757298 0.44676956394687284 0.36700300686061371 0.42823780374601372 0.54645154485478897 0.26003636862151325 0.60006379545666277 0.23093792656436463 0.78725987928919383 0.25654621794819843 0.48623541928827763 0.50659014983102668 0.56914058187976457 2.6656537682283665 0.84449168969877086 0.54438914428465057 0.42052762885577977 0.43143986025825143 0.57340516964904953 6.2795493097510136 179.76425788225606 0.96411249972879964 213.34163240622729 1.7855107067152847 0.50406325887888725 0.47003610525280226 0.26991210971027602 0.34377938788384188 0.70749307214282442 0.27513861935585726 0.22018101019784808 3.9193952288478675 0.24655331019312143 0.3000420881435274 0.53048155759461213 1.3427919116802502 0.30489085870794963 7.358055782504378 3.1054390252102171 1.7670615233946594 5.1591465431265524 0.27565691131167114 0.57309665414504707 0.28827928006649017 0.57733773835934776 1.0014100079424668 3.0794993995223185 15.244376642862333 1.0889288957696406 0.70005671284161397 0.51202975213527668 0.72555040591396258 2.3365091306623071 0.80245737032964815 4.1064466638490549 0.25254163960926235 0.85342369112186145 1.2396665813867001 0.87752058589830972 1.0041287005878983 0.38966181711293746 0.45100309303961683 2.5594767839647821
leaf_count=66 63 94 41 93 42 95 55 97 54 60 81 158 350 111 73 56 38 92 485 7645 84 8004 78 53 37 64 75 63 47 50 951 41 43 54 185 71 666 810 170 142 57 58 59 62 146 425 770 137 175 47 139 299 84 922 63 96 67 84 229 83 116 376
internal_value=0 8.44893 0.680167 -0.0557836 -6.11455 -4.73546 -0.0272935 0.0345373 0.0114518 8.64548 0.0312831 -4.88408 -1.23204 3.06096 4.93944 9.33163 1.61787 -1.8563 0.00399447 0.194159 1.47129 -0.139555 0.118243 0.145932 2.55356 -0.0745154 1.35507 -2.99893 -4.30173 -1.31882 -0.109321 -6.15049 -2.45775 -2.97499 0.784849 -3.24159 -1.24595 -0.0806459 -1.81791 -0.978254 2.11826 -1.37602 1.44209 0.990543 1.18378 -0.763399 -0.518083 0.96542 -4.65138 -3.63534 -4.44187 0.757068 1.28281 1.5888 -5.45413 2.19451 -2.38402 -3.71994 -0.413751 0.218237 0.73157 -0.0405686
internal_weight=0 1.84207 1.47507 477.301 2.2339 1.0283 475.067 461.33 460.057 1.2735 458.201 1.85613 13.7369 4.09023 2.24085 0.964917 1.27593 13.1904 454.11 195.339 10.96 258.772 184.379 182.593 2.82893 244.404 5.80907 5.73162 1.95451 0.747861 238.595 1.20665 5.02412 4.4358 1.84938 1.59958 14.3673 4.73017 9.63715 7.45883 0.849062 6.60976 0.588321 9.99585 2.3589 22.6943 19.6148 5.46529 0.960093 2.27909 1.29469 9.41852 7.08201 4.37636 0.472723 1.85483 3.90532 1.45062 4.49923 3.4951 4.3704 215.901
internal_count=26031 293 199 25738 484 136 25254 24092 23935 157 23513 422 1162 544 278 129 149 1069 22969 9069 1014 13900 8055 7977 332 11840 1198 636 418 160 10642 258 573 471 266 368 2060 1177 883 433 149 284 102 930 295 2262 1837 1123 217 217 297 868 569 986 113 242 417 142 1122 893 1067 8380
cat_boundaries=0 22
cat_threshold=524288 524544 1342177288 5373986 0 134217728 0 0 2147483648 805306369 0 0 0 0 2147504128 8192 536871570 163840 268443778 0 0 2097152
is_linear=0
shrinkage=0.05


Tree=36
num_leaves=63
num_cat=1
split_feature=67 50 57 51 57 8 53 58 1 59 50 67 53 1 67 78 58 65 54 48 63 0 67 65 10 70 54 60 63 67 10 3 51 69 70 56 51 48 3 57 57 53 10 59 19 3 51 53 56 53 57 59 3 56 78 65 10 71 67 65 9 60
split_gain=59839.1 105985 90110.4 24920.1 16405.1 22600.1 13843.8 19574.2 85530.9 19111.8 10367.8 17288.5 17779.7 13349.2 9892.36 10565.4 9531.97 13641.3 8171.85 7437.55 6863.7 6442 8703.19 11576 12557.3 16329.2 6438.37 5637.31 5573.25 4868.92 4659.9 4394.38 4078.44 4179.83 4126.68 3910.61 3797.04 3522.97 3448.02 3391.09 3343.31 3105.76 2998.31 2682.48 2610.8 2597.19 2324.75 2162.97 2127.72 2036.98 1995.7 1943.42 3260.43 1892.17 1840.79 1805.44 1712.45 2251.69 1678.04 2028.24 1655.11 1709.18
threshold=2155.0000000000005 -259.86403657735667 -37.207014120975074 -711.52698824384913 7.1721939684359119 2.5000000000000004 -246.05679121409261 794.22466189021009 10.500000000000002 195.38572956609769 -376.71482540700151 1220.7950000000003 61.190138799082497 6.5000000000000009 750.51500000000021 1.0000000180025095e-35 274.23978065392095 662.04000000000008 579.01686534539442 -248.19217084300419 1009.6858333333336 0 576.33000000000004 811.86000000000013 8.2500000000000036 4.0019010776457593 100.28974254057125 60.043025275669322 1265.8083333333336 439.96500000000009 12.312177826491075 2018.5000000000002 -141.35274982738056 0.83333333333333337 3.6669496321448789 530.9234500182032 -147.5262941020699 2.7139234202314584 2018.5000000000002 24.907430231281808 79.002775656321887 -92.299749893253207 -6.2810889132455339 8.1528903852068222 0.93301270189221952 2020.5000000000002 102.92402627682067 195.09002879373398 298.38139595615701 28.223292856235734 34.601370286748114 420.63575820164021 2019.5000000000002 233.95678659985046 1.5000000000000002 0.29500000000000004 4.7500000000000018 9.4695248780041243 230.11500000000004 451.02000000000004 1.6532731788489271e-15 -208.20508665254695
decision_type=2 2 2 2 2 2 2 2 2 2 2 2 2 2 2 2 2 2 2 2 2 9 2 2 2 2 2 2 2 2 2 2 2 2 2 2 2 2 2 2 2 2 2 2 2 2 2 2 2 2 2 2 2 2 2 2 2 2 2 2 2 2
left_child=3 2 -2 4 28 -6 9 10 18 14 19 21 16 -14 30 -16 -13 -18 -9 -8 -11 26 35 24 32 49 45 -20 -1 -28 54 -21 -24 -34 39 37 -31 41 -32 46 43 60 47 56 -44 -12 -35 -42 -25 -26 -38 -43 53 -53 -5 -45 58 -58 -39 -60 61 -23
right_child=1 -3 -4 6 5 -7 7 8 -10 20 11 12 13 -15 15 -17 17 -19 27 31 -22 22 23 48 25 -27 29 -29 -30 36 38 -33 33 34 -36 -37 50 40 -40 -41 42 51 44 55 -46 -47 -48 -49 -50 -51 -52 52 -54 -55 -56 -57 57 -59 59 -61 -62 -63
leaf_value=-7.9033401983408842 7.9435596866996949 -5.6520773714287476 38.408948856429859 -2.8825929858191093 9.6267181489653186 -9.4290435434001871 -10.007617944340398 6.9304033696860419 33.648975960128048 -5.6410116903033574 -2.4307096683061014 -4.8766642257544444 4.2681309921444974 18.038553081706141 -3.056821052578131 8.1821394994130312 9.028795117209695 -2.1268271449390168 0.6900437745043736 2.603493897683355 -16.607061330516675 -4.1380442241186772 4.8694766086371519 -0.55623756776004851 -1.0739713014657692 10.652494412626503 -5.6557881539723667 -8.8363745806550522 -16.245216190671169 1.9019802013615981 5.6600766133258755 -4.274759918363304 -0.8337160579653452 1.3969911729105697 5.8686472719438072 -2.6848373337312914 -1.5075389166390667 0.19555539986071968 -2.3746688943661005 5.2667254714245724 2.7269610036373382 -0.040160211173747302 0.08165240477363199 2.4011966491829324 5.6716546337288634 -0.45738668686883166 -2.9129909455932186 8.6194577800979584 -4.0212405535597782 3.8231796346476674 -5.2381380936524966 2.0736611387894341 -0.03699475805886894 8.3190281946019358 -5.9776154460481763 0.61787204753893143 -0.054724390246633309 -1.4812241373337409 0.89312271948340261 4.6405801908356814 -0.36287680402680256 -1.3039618160307687
leaf_weight=0.54482897161506005 0.6408119627740233 0.70676275133155186 0.39070225949399162 2.2018180848099291 0.2980580369476229 0.32553538866341114 0.40134315588511515 0.26641303347423562 0.23205383541062474 0.27792937890626479 1.8780940887518287 0.43606840190477614 0.36150782415643323 0.34296032227575779 0.37018972542136896 0.48057205462828279 0.59106698865070917 0.51090918038971722 0.35174909443594515 0.34652282507158705 0.29324736050330102 0.64014607784338329 0.68516307813115318 1.1343098480720071 0.47250432288274147 0.94567260332405567 1.1900717299431556 0.27804867294616997 0.31656465097330511 0.55358368135057423 0.26004756218753744 0.70391333336010575 2.1925725226756176 0.86367706325836502 0.57905272720381606 1.3426701240241516 0.93638185085728742 44.503852658206597 0.27444402943365276 0.36484843376092602 0.39077876647934351 334.27946620923467 1.255618453491478 1.5368360728025461 0.25055793672800053 14.865344453603027 0.4905905444175005 0.25892679230310023 0.72699912241660047 0.38565994659438729 0.58087754994630814 0.24690512637607642 0.81362342927604914 0.23836082755587995 0.61448961379937816 18.550738503690809 20.397018885472793 3.2003958008717737 2.5946426698938008 0.4194339143577962 4.4777589177247137 3.1487238444387895
leaf_count=96 80 77 81 393 28 88 86 46 55 46 367 67 60 52 56 89 65 53 92 81 54 72 86 69 73 58 81 63 68 59 69 68 37 111 73 221 96 3354 54 66 80 13126 261 9 62 236 60 54 75 49 73 46 49 54 136 1386 1484 383 323 72 539 448
internal_value=0 9.26326 19.4828 -0.0304753 -6.49756 -0.320989 -0.0103416 0.0167391 6.59464 -2.6897 0.000984804 0.0140265 4.3937 10.9721 -1.52311 3.29176 1.38062 3.85671 -0.410473 -4.21784 -11.2711 -0.00698688 0.0398588 1.59393 2.52824 6.12071 -0.716448 -3.51576 -10.969 -3.10718 -2.7456 -2.00573 1.27624 0.728007 2.21797 0.00943772 -1.64254 0.0177119 1.5345 0.98831 0.290099 -0.056245 2.23623 0.244096 1.01157 -0.678732 -0.164322 5.07529 -1.90962 1.12681 -2.93579 -0.0326598 1.89764 5.14136 -3.5579 0.754309 0.0999784 -0.248193 0.272881 1.41461 -1.01367 -1.78279
internal_weight=0 1.73828 1.03151 478.472 1.48499 0.623593 476.987 472.214 1.12826 4.77274 471.086 469.634 2.24251 0.704468 4.20156 0.850762 1.53804 1.10198 0.896211 1.45178 0.571177 467.392 447.388 8.84105 6.97974 1.80384 20.0044 0.629798 0.861394 3.26091 3.3508 1.05044 5.1759 4.49074 2.29817 438.546 2.07084 437.204 0.534492 1.71912 93.3588 343.845 2.15588 91.2029 1.50618 16.7434 1.35427 0.649706 1.86131 0.858164 1.51726 335.578 1.29889 0.485266 2.81631 20.0876 71.1153 23.5974 47.5179 3.01408 8.26663 3.78887
internal_count=25895 238 161 25657 280 116 25377 24480 256 897 24224 23989 297 112 797 145 185 118 201 235 100 23692 22780 757 613 180 912 155 164 309 652 149 433 347 310 22023 228 21802 123 237 7468 14334 457 7011 323 603 171 134 144 122 169 13275 149 100 529 1395 5616 1867 3749 395 1059 520
cat_boundaries=0 20
cat_threshold=559120 0 536870940 268439562 0 0 1 0 2147483648 3489678336 0 0 0 0 4160 256 928 1 8194 2147549188
is_linear=0
shrinkage=0.05


Tree=37
num_leaves=63
num_cat=2
split_feature=66 51 57 66 50 49 56 48 51 65 71 71 3 57 50 57 57 72 66 65 45 71 55 3 64 60 66 3 66 48 55 50 59 66 66 72 66 48 8 70 71 47 66 35 64 8 70 49 43 70 71 70 59 55 60 48 57 60 51 24 54 3
split_gain=71494.8 139779 29232.1 19999.1 39229.8 27434.9 17995.9 16426.7 12361.1 16788.2 12130.2 11716.4 10919.8 9031.47 8937.07 11534.3 8228.72 7530.02 8508.35 11254.8 8127.21 11426.9 7349.6 7017.84 6720.67 6341.58 7934.43 5705.54 5466.25 5452.03 4167.81 7586.04 3795.8 3717.61 3967.73 3604.02 5549.17 4235.01 2878.04 2727.78 3562.62 2665.28 2527.24 3790.84 2405.15 2303.88 2229.53 6568.61 2193.21 3047.96 3596.57 2770.93 2080.33 2080.28 1978.8 1890.24 1800.93 2292.25 2118.74 2218.78 1804.74 2274.83
threshold=1822.7566666666671 2318.6927878734041 -314.68834277090247 714.5100000000001 121.32397098342594 -252.26548709977581 490.00967654937762 -202.79771337885464 -711.52698824384913 2684.5500000000006 -25.48529903719794 -35.453617253050872 2016.5000000000002 11.840556900900337 -396.99301886316374 -3.0391023565912296 -18.976023306377886 0 380.59833333333341 1227.7300000000002 1.0000000180025095e-35 -15.173089299778942 -140.77478630304176 2019.5000000000002 124.55500000000002 570.16779560081409 173.51333333333335 2019.5000000000002 61.228333333333346 -119.01382376810544 25.298514279366447 752.86082666397317 -2.2070959944026316 305.89500000000004 149.65666666666669 1 63.135000000000012 -33.818324317924777 1.5000000000000002 0.28410607515722303 -77.760990419031415 -3.676052659374839 479.73500000000007 1.0000000180025095e-35 137.53000000000003 3.5000000000000004 7.7750329014187116 -52.517043561864305 1.0000000180025095e-35 1.0000598604195867 -14.286145149046394 1.9474187436578889 -0.81544727343673784 -10.900677964508596 20.730408646247945 -90.388596290251655 23.879465648266528 -180.6861177433976 -141.35274982738056 -0.68301270189221941 42.958207644893868 2017.5000000000002
decision_type=2 2 2 2 2 2 2 2 2 2 2 2 2 2 2 2 2 9 2 2 2 2 2 2 2 2 2 2 2 2 2 2 2 2 2 9 2 2 2 2 2 2 2 2 2 2 2 2 2 2 2 2 2 2 2 2 2 2 2 2 2 2
left_child=2 10 27 6 5 7 17 -5 13 25 -2 -6 16 -8 -14 -16 -7 28 22 20 24 -22 39 32 -20 30 -27 -1 -4 54 31 -10 -13 34 -32 36 -24 44 -39 -19 -41 46 -31 53 -38 -46 55 -48 49 -30 -51 -50 -49 -44 -26 -37 -43 -58 -59 -60 -61 -62
right_child=1 -3 3 4 11 12 8 -9 9 -11 -12 23 14 -15 15 -17 -18 18 19 -21 21 -23 35 -25 29 26 -28 -29 48 42 33 -33 -34 -35 -36 41 37 38 -40 40 -42 56 43 -45 45 -47 47 52 51 50 -52 -53 -54 -55 -56 -57 57 58 59 60 61 -63
leaf_value=-3.5893263664664228 7.2858346613016938 40.813766212032078 -0.63839667158168034 19.748770859225449 -12.018746569264232 -11.619855373422405 -15.265479353765157 6.6623713074622746 8.5233430727648489 9.7990726139685354 -5.5462260360095428 -1.1719720284924018 -1.4844480492120875 -4.2748838120034653 3.2500992881856079 11.943063877647612 2.5721068400142251 -3.7802081653818185 5.0857650265584144 10.023901072861165 13.113774120903532 1.6926587715360577 0.31197173241283016 2.9179176675324854 -4.0961501948432941 -2.0586709116516189 -14.100957614625944 -11.201874526881518 -6.2996155956416011 -0.20290817872612701 -2.936001558004532 -4.0985114036111874 -10.715488529006254 -7.0383378476868161 2.0392950772319982 -1.05580251739006 -1.6726864725240553 5.4886690898720696 2.3045241186714973 3.420318389893406 -1.8391465353917422 0.055557688018426546 2.9609754390701912 6.4860196275586297 3.5969692164659772 -0.42150383259754443 5.1754570455280309 1.7622360010811395 1.8232311641732999 -5.472420656180855 -1.8505261475505304 -3.2359479889895009 -0.034908664359013096 -0.80797455600197976 -0.49522656981204538 -0.20512896542325032 -3.3254388303729012 4.478827617722378 2.7280837771672855 1.1508139419366026 1.45196726333893 -1.5748029266178769
leaf_weight=0.39256693772040196 0.38054851139895618 0.31617274414747953 9.7646303121000546 0.47378510446287692 0.36047459091059864 0.1975672475527972 0.32010000525042404 0.48555899015627835 0.24288801173679475 0.28320454526692618 0.3568863731343288 0.2049518080893904 0.46574125159531909 0.44926573545671999 1.0693866051733498 0.5932935837190586 0.2114562655333424 1.501578902825712 0.73193924431688984 0.38338767713867117 0.32607776764780283 0.66694804932922114 14.014300406211989 0.46335612935945392 0.87665792042389401 0.28727033641189326 0.26111621083691716 0.65987268835306168 0.60454367636702855 2.1859790571033964 2.0992309893481442 0.23347563133575022 0.21192556805908658 0.42358810314908613 0.49526343587785948 6.8639771584421387 0.80040188063867512 1.0609536096453651 2.1432830411940813 0.37176054040901352 2.40443600085564 253.37429427867755 0.73966189823113293 0.41956674307584751 0.7751255636103449 0.66070655174553394 0.67827845760621386 1.8029338703490836 0.59049971471540608 0.84102249960415099 3.7046452292706813 0.49966206168755889 15.070878954138603 0.72495452058501608 0.67548685683868825 134.31832415354438 0.32287581544369448 0.40862264577299345 1.2272206279449163 3.5551639345940185 0.93809239892289076 1.8351610049139706
leaf_count=79 55 77 282 74 42 58 70 79 53 71 45 53 52 84 87 70 55 323 83 70 63 99 638 46 107 55 52 104 65 238 375 48 50 71 58 812 85 42 341 68 359 7953 101 55 80 140 58 86 79 52 303 44 1162 116 105 8501 54 64 206 725 256 201
internal_value=0 13.0005 -0.0385113 -0.0201726 3.21231 5.92252 -0.0525514 13.1253 -3.00794 -1.96939 1.07568 -4.4261 3.19935 -8.8476 4.63723 6.35201 -4.28292 -0.0203649 0.0270912 1.6722 1.2364 5.44299 -0.000934243 -1.31675 0.57901 -2.79378 -7.79265 -8.36234 -0.847542 -0.00770156 -2.0093 2.33711 -6.02355 -2.69533 -1.98627 0.0191245 0.553572 2.19342 3.35883 -2.06342 -1.13485 -0.0183399 0.953805 2.29579 0.523555 1.74785 -0.180415 0.35104 -2.53296 -2.96422 -2.52064 -0.495581 0.157113 1.09542 -2.52904 -0.246487 0.0792807 0.804597 0.972031 0.782377 0.405061 -0.550955
internal_weight=0 1.05361 478.749 477.697 4.7375 3.49679 472.959 0.959344 5.0954 4.32604 0.737435 1.24071 2.53744 0.769366 2.12842 1.66268 0.409024 467.864 451.859 7.73066 7.34727 0.993026 444.128 0.880234 6.35425 4.04283 0.548387 1.05244 16.005 5.62231 3.49445 0.476364 0.416877 3.01808 2.59449 439.851 19.4548 5.44047 3.20424 4.27778 2.7762 420.396 4.07016 1.88418 2.23623 1.43583 158.734 17.5521 6.24037 5.15021 4.54567 1.09016 16.8738 1.46462 1.55214 141.182 261.661 8.28714 7.96426 7.55564 6.32842 2.77325
internal_count=25979 177 25802 25619 666 475 24953 153 937 783 100 191 322 154 209 157 113 24016 23191 1037 967 162 22154 149 805 712 107 183 825 722 605 101 103 504 433 21404 1326 688 383 750 427 20078 510 272 305 220 10619 1306 543 420 355 123 1248 217 212 9313 9459 1506 1452 1388 1182 457
cat_boundaries=0 23 46
cat_threshold=4112 0 49152 65536 0 8388608 0 0 0 335544320 813727872 1048576 109051904 2147483648 1 67108868 2048 0 8388608 2147483656 2293888 32 64 131072 0 0 1 0 2621440 64 0 144 2097152 5632 1073741824 2147483912 1024 557056 0 2097152 17 65536 134366212 268435970 0 40
is_linear=0
shrinkage=0.05


Tree=38
num_leaves=63
num_cat=2
split_feature=52 51 63 47 72 66 66 64 70 70 67 70 47 67 51 88 52 66 47 50 64 3 66 57 54 58 65 55 60 52 65 51 51 63 3 65 72 67 56 46 54 53 48 3 10 65 48 70 70 48 57 66 3 70 70 64 47 53 66 63 26 70
split_gain=54204.3 150174 28596.4 26244.5 17674.7 42483.6 13185.4 15608.8 13499.3 12106.2 18694.8 8937.99 15326.5 8787.61 27705.6 12106.8 10190.1 16251.1 8065.62 7216.82 12908.1 6082 5885.08 5617.02 7770.16 7346.29 5398.36 5098.01 4451.39 4171.68 6028.27 3931.64 3760.8 3519.6 12982.6 7569.21 3392.16 6808.91 3371.81 5499.6 4676.85 3125.97 3056.41 3293.8 3591.24 2936.89 2862.21 2790.92 2423.89 2359 2344.9 2020.31 1913.43 2241.31 1709.59 5356.79 1671.62 1658.79 1657.13 1588.64 1530.12 1453.03
threshold=1075.5133012198596 1374.5528624259966 1047.0491666666669 -781.12072549953359 0 651.89166666666677 1246.2700000000002 788.0825000000001 3.9188472645529191 2.7072964323142341 1924.5000000000002 1.7828626636343683 18.397100115377178 750.51500000000021 135.56703729759357 1.0000000180025095e-35 1.0000000180025095e-35 471.60000000000008 -143.27789632462031 498.60993117261683 979.64250000000004 2018.5000000000002 488.0916666666667 92.194415516158742 328.91518954548832 469.96838695465505 1124.5050000000003 -31.097020980298108 -24.15366537987202 -340.93611545452387 727.97000000000014 -294.82999230634135 146.98202491641473 981.90000000000009 2016.5000000000002 1595.2500000000002 1 129.32500000000002 868.95041000998697 -1.0000000180025095e-35 469.29052056651011 195.09002879373398 -127.54776642298629 2019.5000000000002 -8.5 167.39000000000001 -36.644133646527123 4.1707719947405026 1.1963001323251612 -4.5714212727740113 -47.559807918252581 13.776666666666667 2019.5000000000002 1.3974163737784988 1.6121716996413284 435.84250000000003 46.340034991250945 7.8662197500816822 578.23333333333346 601.40875000000017 0.6830127018922193 1.0000598604195867
decision_type=2 2 2 2 9 2 2 2 2 2 2 2 2 2 2 2 2 2 2 2 2 2 2 2 2 2 2 2 2 2 2 2 2 2 2 2 9 2 2 2 2 2 2 2 2 2 2 2 2 2 2 2 2 2 2 2 2 2 2 2 2 2
left_child=3 2 -2 21 9 13 7 8 27 11 45 19 -13 18 16 -16 17 -15 38 23 -21 28 29 25 -25 -5 -27 -7 -1 30 -20 -32 -24 36 35 41 37 49 40 -40 42 -35 60 44 -44 50 54 52 -45 -31 -11 -48 53 -39 -38 -56 -51 -53 -47 -46 -6 -59
right_child=1 -3 -4 4 5 6 -8 -9 -10 10 -12 12 -14 14 15 -17 -18 -19 22 20 -22 -23 32 24 -26 26 -28 -29 -30 33 31 -33 -34 34 -36 -37 46 47 39 -41 -42 -43 43 48 59 58 51 -49 -50 56 -52 57 -54 -55 55 -57 -58 61 -60 -61 -62 -63
leaf_value=1.1432448101872579 6.3797718552804481 36.160594826473613 -12.637164280426749 -1.7216890625466719 -1.8606144582357804 -1.5608935972995566 12.256193658884486 -2.0422351642181917 12.228130229687062 1.7267987562283906 -17.419553689390202 -2.6406064045256876 9.5835492311834312 17.058394316418454 -5.58869630649375 2.4586274169041822 1.5843661456854443 4.3893429184685209 0.038592626744942835 -1.675446949791541 -14.999372881717333 -12.29628699503345 0.9936326933813957 -3.2185160726833453 6.089018149453711 -4.0581207699201656 -11.211109649847614 6.4659288129108692 -9.1592644405031134 -0.15936946972706739 -11.663670121190975 -2.5683881379675766 5.654206718198008 0.36438252975697794 -3.5242226182314007 15.402009381817308 -0.74021140650238337 1.976052028497393 -2.6966575110063511 7.5012098486894345 -5.8273040653866195 8.5081325267531582 6.7427591025426743 -3.2552238760918346 1.9156473901827651 -4.8295310056712717 -0.07496680683429939 4.7219519245261585 0.49967288949725436 0.59209706394179673 -4.0029325565876652 0.061187742505134771 0.58884294808973103 6.818162142444506 -0.23328646951148777 4.7497286889440851 2.3357995405857404 -0.032913808270701686 -9.4499409955249032 -2.5105344825311833 -5.3803264664279951 0.68640582019379948
leaf_weight=0.20612466754391789 0.46846652613021322 0.38863742281682789 0.34200196340680122 3.7832696940749866 5.0685878144577128 0.37559680710546717 0.67309354478493322 0.6780894468538462 0.6902325158007443 0.26117979711852968 0.32484663766808797 0.65620041196234502 0.42087807576172054 0.48714280361309581 0.91884378204122164 0.95121945114806294 0.47238853038288642 0.52691463800147176 0.67502277065068372 0.42128928704187263 0.31973498524166644 0.49078004108741879 1.0745065954979498 0.44660365628078569 0.45034686289727688 0.93548472505062796 0.36734897457063198 0.41790846711955898 0.21338251139968534 11.112996272277091 0.24813458556309342 0.22798853297717869 0.72485411074012507 0.27805581944994517 0.48156974907033145 0.19912405707873404 21.605108999414369 0.93510100385174133 0.26336854021064937 0.26546480599790889 0.63354880525730628 0.2044983881060034 0.29493700386956334 0.90032373205758609 0.5846896865405109 0.59366606990806758 260.92995653208345 1.1122455135919151 0.8223692961037159 6.6984467550646514 0.56451560487039409 96.285808778367937 1.5526055055670438 0.32103359093889594 9.8684501114767009 0.5705169574357577 1.7292974786832926 10.038226593052967 0.28830040874890983 0.31031963205896318 0.32881232863292087 23.353511617518961
leaf_count=50 80 96 61 275 791 46 72 97 62 59 55 77 61 28 65 65 56 85 85 70 52 93 148 67 64 172 60 59 56 372 52 54 70 76 77 48 2811 197 87 41 97 62 55 101 113 71 7764 30 77 187 63 5320 132 36 1012 32 105 1992 86 72 61 1554
internal_value=0 10.608 -1.64501 -0.0359525 -0.0197229 0.0420281 6.14511 4.2424 7.11457 -1.48149 -6.42504 -2.09257 2.13609 0.00557142 2.55464 -1.49537 7.64987 10.4754 -0.0130407 -2.76993 -7.42442 -8.51769 0.0173378 -2.19345 1.45467 -2.83681 -6.07499 2.66652 -4.09713 0.00588683 -3.0002 -7.30845 2.8711 0.0136235 2.76035 7.20007 0.00646141 0.491225 -1.45694 2.42249 -1.68633 3.81557 -1.37063 -0.0652876 1.9578 -4.33356 -0.0313294 2.60212 -1.46273 0.319044 -2.19053 0.00519707 1.76268 3.21356 -0.486353 0.0390484 0.949889 0.166498 -6.33987 0.380992 -2.07504 0.470164
internal_weight=0 1.19911 0.810468 476.635 475.725 465.891 2.83492 2.16183 1.48374 9.83367 2.03251 7.80116 1.07708 463.056 3.35651 1.87006 1.48645 1.01406 459.699 6.72408 0.741024 0.910287 450.227 5.98305 0.896951 5.0861 1.30283 0.793505 0.419507 448.428 1.15115 0.476123 1.79936 447.277 1.16325 0.681678 446.113 23.4617 9.47242 0.528833 8.94359 0.482554 8.31004 2.91264 1.18995 1.70766 422.652 3.92099 1.72269 19.5407 0.825695 390.608 2.80874 1.25613 32.0441 10.439 8.42774 129.678 0.881966 0.895009 5.3974 33.3917
internal_count=26014 237 141 25777 25578 24346 336 264 167 1232 334 898 138 24010 299 130 169 113 23711 760 122 199 22216 638 131 507 232 105 106 21998 191 106 218 21807 263 186 21544 1059 1495 128 1367 138 1270 418 240 279 20485 395 178 664 122 16630 365 233 3855 1044 292 8866 157 185 852 3546
cat_boundaries=0 22 45
cat_threshold=2101248 0 1610612736 65536 0 0 0 0 0 268435456 679479362 16778528 0 0 2717909008 16 67635712 0 0 8 6291472 32 67108864 0 268468224 536870912 8192 2621440 64 0 0 0 37376 1073741824 2147483912 0 1090552832 2 65536 1024 73728 1180672 268435968 512 8
is_linear=0
shrinkage=0.05


Tree=39
num_leaves=63
num_cat=2
split_feature=51 1 63 56 48 67 52 49 1 50 59 71 3 49 63 60 0 67 70 78 50 70 67 70 47 39 56 58 47 48 65 52 63 51 67 48 48 3 3 3 51 52 54 49 9 0 67 36 57 3 71 36 65 57 51 58 49 3 57 70 51 58
split_gain=40351.8 135846 73378.5 28256.3 18059.2 28836.7 18621.9 47286.1 18389.1 21893.5 10076.1 9562.58 11580.7 15587 11510.9 10605.3 6887.34 8823.91 6584.37 5878.15 6417.4 5620.1 16869.8 7108.37 9755.47 11292.2 5743.2 4610.72 4157.02 4077.08 4009.85 3669.62 3495.64 3436.24 3497.31 9015.91 3243.38 3105.54 5537.33 3011.82 2789.45 2757.83 2434.27 2433.58 2409.81 2385.2 4436.8 2287.6 2275.38 2230.53 2884.1 2497.99 3793.43 2150.77 2138.38 2120.34 2097.23 1915.78 2162.1 1869.8 3247.05 2289.18
threshold=1374.5528624259966 9.5000000000000018 1083.5641666666668 344.54694195901931 -336.12094607575602 1363.7000000000003 -105.91559399315987 -37.404531149795432 5.5000000000000009 -112.7931665894002 -991.63495345693286 10.342165083516155 2018.5000000000002 -162.82175898926224 1265.8083333333336 312.96386480142115 0 316.70000000000005 1.5311119081162807 1.0000000180025095e-35 -272.10650120732271 0.4370258369144252 479.24500000000006 1.2421980060282867 88.087881520958447 1.0000000180025095e-35 571.16159362242661 280.7772867504637 -121.40983729971002 219.01407223045734 605.0250000000002 -424.05570873208541 1184.0262500000003 544.16612634051569 869.22500000000002 -76.658728469218815 22.392488044616297 2019.5000000000002 2017.5000000000002 2016.5000000000002 116.49329221457417 -38.661150799721206 174.65306313076741 -476.85662414731814 6.735557395310444e-16 1 129.32500000000002 0.6830127018922193 79.002775656321887 2018.5000000000002 -6.2974393861262206 1.0000000180025095e-35 77.715000000000018 -63.388515998824715 157.38511805804853 210.00425509544354 -97.595792133949445 2019.5000000000002 10.749193431942214 1.1825680694624425 -90.88481854965265 105.11655759991751
decision_type=2 2 2 2 2 2 2 2 2 2 2 2 2 2 2 2 9 2 2 2 2 2 2 2 2 2 2 2 2 2 2 2 2 2 2 2 2 2 2 2 2 2 2 2 2 9 2 2 2 2 2 2 2 2 2 2 2 2 2 2 2 2
left_child=4 3 -3 -2 11 10 7 -7 -8 -10 31 12 13 19 18 32 27 28 43 -1 -21 22 -19 26 29 37 36 47 54 33 -29 -6 53 34 49 -36 39 38 -26 44 -39 -38 -41 -14 -23 46 -30 57 -43 50 -25 52 -51 -13 -18 -50 -33 58 -12 60 -47 -61
right_child=1 2 -4 -5 5 6 8 -9 9 -11 16 15 14 -15 -16 -17 17 21 -20 20 -22 23 -24 24 25 -27 -28 30 45 -31 -32 56 -34 -35 35 -37 41 40 -40 42 -42 48 -44 -45 -46 59 -48 -49 55 51 -52 -53 -54 -55 -56 -57 -58 -59 -60 61 -62 -63
leaf_value=-4.2377442621671007 6.103662711240581 10.39208831546399 50.94104806132426 -12.534544555135739 -8.7110013555168901 0.59777487442908428 -2.2684915632018483 29.824569378338023 12.506450313484365 -1.1398217988281441 -4.235090516224556 0.29256612695490269 -7.1308406927282633 10.957426330435124 -10.531856593731414 -12.384270078288516 -1.5805937599951267 -1.1677392634550867 4.0973803889169735 -2.060658701607053 9.7924193752640658 -1.2094804596961639 14.927528205798945 1.5107265122726155 0.64963522072316271 10.395206100972636 -6.0278760659373098 -1.4577985933872153 0.40206346832996404 4.5556155383983556 -7.4051645028014308 -5.5699943828534071 -8.4925656568464163 -1.2973691891050583 9.6470302722277026 -0.49760901292516335 -1.1500821188477248 3.4998305685678561 9.5987190808370464 -1.3628278000558076 -0.8175509557340046 0.98214100894843992 -5.8033219453617377 -2.2017673365658257 4.5776300144871236 -1.0244656644218471 2.8322004793085114 -3.2610282734876144 1.8110469397629285 3.9919400451998843 -3.3182004867461767 -0.018781736285354098 0.96058437078228742 -4.4146284724847895 2.2520490002203211 7.6366737440896477 -0.8984011197657138 -0.76040428070861588 1.3004382298893338 0.068232403706599984 -0.082956709164058118 1.2644382266601901
leaf_weight=0.60814520018175222 0.40625314321368822 0.21848585200496018 0.22799916076473892 0.40715436195023358 0.35306286835111678 0.32008742447942495 0.93095880141481702 0.24380101286806199 0.73560455720871731 0.48950682487338715 0.8089518283959467 0.46617830637842406 0.33527904073707759 0.36501177842728738 0.48600183869712044 0.46996952197514463 5.5575840880628666 0.39535683137364941 0.36968416953459371 0.25513803167268634 0.20670931087806821 0.35749719035812022 0.27676666714251041 0.5419531730003655 0.33703196072019626 0.56465750047937024 0.44527986855246116 0.54225423047318944 16.75950929988176 0.70625346619635898 0.59372764732688665 0.40234464569948614 0.28062069648876786 1.9290796963032342 0.39319342956878245 0.49441518494859416 0.94419183419086072 0.69978422229178228 0.35484902327880263 2.4341841503046457 0.80393236689269543 1.3546551917679606 0.35344998445361842 0.98929188912734412 0.36207982921041548 9.5482017470058036 2.1152857206761828 1.2371275704354037 0.32298446376807977 1.3159109451808015 0.71999034355394254 3.7989361700601876 4.7842237902805209 0.50612703850492824 0.3894421684090047 0.3024585482198745 0.59631038596853503 9.3446902837604267 0.22559259133413434 163.18752221227624 223.83982452191412 4.1000009030103675
leaf_count=154 51 47 54 54 88 72 92 47 86 64 201 82 68 92 75 93 884 81 60 70 48 86 50 111 84 50 52 60 755 70 53 63 72 73 62 62 190 67 43 353 64 204 56 131 88 881 238 80 57 90 144 86 440 82 69 57 91 304 54 6922 10457 256
internal_value=0 8.93821 31.0986 -3.22577 -0.0218888 0.0111435 5.14441 13.2342 3.02865 7.05393 -0.0189091 -2.91361 -1.45271 2.03543 -3.74854 -5.97912 -0.00633091 0.0358901 -1.80272 -1.00817 3.24443 0.94974 5.45996 0.825097 1.3618 4.08899 -0.536339 -0.855288 -0.0169446 0.849146 -4.56622 -4.32954 -3.57656 0.661869 0.975558 3.99627 -0.156137 2.46717 5.2394 -1.18142 1.19163 1.07352 -1.92585 -3.44943 1.7025 0.00166215 0.440845 -1.22867 2.13382 0.735328 -1.24437 0.987703 1.6145 -2.15773 -1.32961 4.62827 -2.78052 -0.986427 -3.02801 -0.0292979 -0.121475 0.0975499
internal_weight=0 1.25989 0.446485 0.813408 472.653 467.315 2.71996 0.563888 2.15607 1.22511 464.595 5.33816 3.61526 1.435 2.18026 1.7229 463.243 450.49 1.69426 1.06999 0.461847 24.9931 0.672123 24.321 17.4442 2.76026 6.87678 12.7523 425.497 14.684 1.13598 1.35172 1.25293 13.9777 12.0486 0.887609 6.4315 2.1956 0.691881 3.50721 1.50372 2.92429 2.78763 1.32457 0.719577 419.55 18.8748 11.6164 1.9801 11.161 1.26194 9.89907 6.10013 0.972305 5.94703 0.625443 0.998655 10.3792 1.03454 400.676 233.388 167.288
internal_count=25770 206 101 105 25564 24537 361 119 242 150 24176 1027 698 364 334 329 23934 23182 259 272 118 2720 131 2589 1446 308 1143 752 20462 1138 113 242 236 1068 995 124 1091 258 127 583 131 508 409 199 174 19509 993 639 318 871 255 616 530 164 953 114 154 559 255 18516 11338 7178
cat_boundaries=0 22 44
cat_threshold=0 0 4096 5247010 0 512 1 0 2147483648 1879048225 0 0 0 0 4096 8448 25166416 4325376 71303170 2214592512 0 2097152 0 1075880960 1048576 8 3221225472 603979777 0 0 1024 0 2048 5 0 0 0 2147483651 0 8388610 64 2097152 160 33554432
is_linear=0
shrinkage=0.05


Tree=40
num_leaves=63
num_cat=2
split_feature=67 85 58 0 67 7 46 50 58 51 71 60 58 52 51 67 70 70 49 70 5 51 70 9 70 58 71 59 3 79 53 56 9 54 47 70 59 3 65 64 9 70 67 65 60 47 0 50 56 63 67 52 47 59 50 85 70 51 51 49 70 51
split_gain=41715.2 79992.7 96717.3 17506.5 23857.3 19499.8 29566.9 16029.9 17053.6 15967.5 12297.3 7073.36 6907.46 5725.05 9065.53 7418.48 10127.6 6473.59 10703.4 7644.11 7540.74 5897.6 4430.61 5416.2 5190.51 8176.4 4068.63 3798.8 4001.94 7267.69 3679.29 6045.67 3474.72 3381.01 3206.28 3164.89 3126.91 3666 3126.57 3087.92 3155.76 5448.18 3893.07 2958.5 2788.64 2576.65 2437.22 2272.24 2139.41 2139.35 2098.68 1977.28 2366.36 2208.38 1948.48 2271.06 1839.91 1757.78 1507.25 1422 1541.64 2114.38
threshold=2625.9500000000003 1.0000000180025095e-35 959.65304179985299 0 1045.3550000000002 1.0000000180025095e-35 1.0000000180025095e-35 -376.71482540700151 422.24866601664434 -501.73779365149136 -17.049751164560693 -225.73125477435184 127.9052037602506 -75.607059160183766 -255.0576305151564 489.00500000000005 0.55107863764223064 2.4000224345192476 -55.592538145847676 7.7750329014187116 -0.93301270189221919 -711.52698824384913 2.1967031057350312 -10.750000000000002 1.2421980060282867 325.58120237310328 78.444212472643969 82.283181531244409 2019.5000000000002 1.0000000180025095e-35 179.57538635677153 360.27334236571784 -6.0310889132455356 190.07813238190678 262.0732356075161 1.2807891197699461 -1.815447273436736 2020.5000000000002 848.17000000000019 1305.9725000000003 10.446152422706634 1.0000598604195867 439.96500000000009 640.30500000000018 -481.29368346390828 16.870670306062596 1 948.21567825664135 530.9234500182032 232.87500000000003 360.50000000000006 115.64172968951256 428.6831724976451 155.52151954079611 -259.86403657735667 1.0000000180025095e-35 1.2421980060282867 -88.117130700173703 -54.565318052624143 -124.37405307309761 0.19311208046898759 -267.82774299613135
decision_type=2 2 2 9 2 2 2 2 2 2 2 2 2 2 2 2 2 2 2 2 2 2 2 2 2 2 2 2 2 2 2 2 2 2 2 2 2 2 2 2 2 2 2 2 2 2 9 2 2 2 2 2 2 2 2 2 2 2 2 2 2 2
left_child=3 2 -2 9 13 7 10 -6 -9 11 -7 -1 -11 14 21 45 -17 20 19 32 -18 -5 23 33 27 -26 -13 28 29 -25 31 54 -19 -14 35 47 -24 43 -12 40 44 -42 -43 -38 -16 59 -47 50 57 -20 -23 53 -53 -48 -22 -56 58 -46 -55 60 -15 -62
right_child=1 -3 -4 4 5 6 -8 8 -10 12 38 26 22 15 39 16 17 18 49 -21 30 34 36 24 25 -27 -28 -29 -30 -31 -32 -33 -34 -35 -36 -37 37 -39 -40 -41 41 42 -44 -45 48 46 51 -49 -50 -51 -52 52 -54 56 55 -57 -58 -59 -60 -61 61 -63
leaf_value=-15.772342729172436 4.6152368188132078 -4.6927338007840289 46.519649044415729 -10.668403109248302 15.737008448215333 -6.9331727489479364 9.1805130258315213 11.17272632804672 -0.52215989862359102 -0.52170315072768469 5.0652100327639937 -3.2365487130147352 -3.2542833855268309 -3.0902818525398272 -5.6388618277958411 8.7925926544068673 5.1340038967833443 0.53662485838923313 1.1728865371166892 8.4214030561739683 -3.4754716641402283 -2.769620914659674 -7.9231777139481423 -2.349811101799467 -1.665455582594991 6.9981285564415137 -10.744891096234944 -6.2685795087449918 -3.5734668680367485 7.6023447262342776 3.386781053082546 -7.1987263667780441 5.1663599153374955 -9.1809891615750843 -7.5710287493951505 2.7573802821991453 -3.3814733867133842 -1.2359079479945123 -1.380698194459766 4.1265187456550469 -1.1057209776883317 1.2389044045278661 6.3596321258644766 -12.290343557311767 -1.5335808165790934 -0.34255562567793552 0.61654345421558365 1.4539489769184755 -4.8108954128870778 -2.5727065182757993 -7.7374435252488034 1.3481855068197439 6.112150319399416 -2.4299925597590857 -0.86476528134579744 2.7423922080953549 1.0810164063975511 -0.1186736536164367 -0.25840175560882073 -0.024225305865469504 2.0587534879986915 -1.0540710871324752
leaf_weight=0.25577712501399219 0.31605819589458295 0.49656954314559698 0.244000748032704 0.25803125905804369 0.47198209445923556 0.87006436381489027 0.73901428887620557 0.58350800396874436 0.66923621203750372 4.5002220885362458 0.37080668727867339 0.46368786995299049 0.62690260517410779 0.68995168781839211 0.30944532458670337 0.4451861223205914 0.59148604981601138 0.91841109027154733 0.74368431256152667 0.84932441916316737 0.5380829819478089 1.5040756098460444 0.67113487725146104 0.54366947733797344 0.80378981004469074 0.41189352562651038 0.29535046918317676 0.57726567843928922 1.1370848638471214 0.27686106669716537 0.45048678666353215 0.4010983824264257 0.72535459790378842 0.39054597751237452 0.30422815890051413 0.29174136789515603 0.20390237891115226 0.64325101394206285 0.38184305792674422 0.37107924418523985 1.9430381304118793 1.2990004080347715 0.5196465344633906 0.17162908776663244 3.6184730182867471 6.8208992732688785 34.343965672655031 0.27024689898826171 0.32371983560733575 0.78218824788928032 0.24759164103306819 1.5693076553288836 0.31258750287815917 1.3908087930176405 2.365946175996215 0.53502860968001176 1.2379060827661303 5.5801735366694585 1.8779693541582667 371.351968140807 0.65737475571222637 3.2061626482754946
leaf_count=58 51 45 68 54 78 74 87 56 70 233 53 99 102 103 27 77 97 81 75 51 60 327 101 120 89 71 70 99 105 61 58 27 39 71 54 48 52 43 52 95 316 150 69 49 717 192 3056 63 60 37 48 300 75 104 350 67 93 943 193 15315 67 409
internal_value=0 9.91762 22.8717 -0.0283649 0.0381568 3.84214 0.890546 7.88387 4.92513 -1.40647 -2.88486 -8.58133 -2.0255 0.00443419 -0.900034 0.0396271 1.433 1.06491 2.55108 4.56975 -0.158502 -3.45635 -3.07343 -2.29375 -1.41602 1.26991 -6.15813 -2.70415 -1.65306 1.00822 -0.8881 -1.38958 2.57962 -5.52924 -2.7455 -2.11098 -5.27327 -3.52761 1.795 -0.373576 -0.496421 0.735213 2.70206 -7.45309 -0.967649 0.00887362 0.355642 -2.81343 -0.81585 -0.747168 -3.4718 0.446934 2.13949 0.479987 -0.712062 -0.199495 -0.560662 -0.675256 -1.18238 -0.0349939 -0.913211 -0.524429
internal_weight=0 1.05663 0.560059 465.705 453.732 4.08645 2.36173 1.72473 1.25274 11.973 1.62271 1.01482 10.9582 449.646 16.8405 432.805 9.34628 8.90109 4.01896 2.49309 4.88213 2.87591 6.45793 4.76801 3.75056 1.21568 0.759038 2.53488 1.95762 0.820531 4.29064 3.84016 1.64377 1.01745 2.61788 2.31366 1.68992 1.01878 0.75265 13.9646 13.5935 3.76169 1.81865 0.375531 9.83181 423.459 47.5534 2.02191 9.52237 1.52587 1.75167 40.7325 1.8819 38.8506 3.43906 2.90097 4.50668 9.19865 3.26878 375.905 4.55349 3.86354
internal_count=25954 164 119 25790 24367 470 266 204 126 1423 179 227 1196 23897 2971 20926 1019 942 283 171 659 594 963 718 545 160 169 385 286 181 562 504 120 173 540 486 245 144 105 2377 2282 535 219 101 1747 19907 4013 438 1720 112 375 3821 375 3446 477 417 390 1660 297 15894 579 476
cat_boundaries=0 22 44
cat_threshold=0 256 1426063364 5373960 8192 0 0 0 2147483648 1342177280 0 0 0 0 0 4 553649090 131076 67108994 98304 8 2097152 0 1006632960 28680 2097152 0 67108864 0 0 136192 2048 0 0 0 2684354560 0 5120 2080 1572864 134218752 262144 0 838862848
is_linear=0
shrinkage=0.05


Tree=41
num_leaves=63
num_cat=3
split_feature=47 71 52 0 52 66 48 66 39 67 47 52 50 40 51 53 9 54 56 59 48 58 8 67 67 66 60 55 51 66 67 0 67 59 50 20 9 68 67 31 67 58 50 18 51 70 47 51 47 0 66 8 54 54 70 55 51 5 58 58 53 14
split_gain=25381.4 34417.8 94819.7 15685.6 38337.8 22715.4 23618.1 8755.14 13718.5 17794.4 8852.27 8386.81 7870.24 7140.91 10456.7 7120.37 6846.59 11731.2 6715.12 6043.53 7061.82 7133.21 5999.33 10548 8067.82 5724.72 5929.27 4607.19 4313.19 4133.7 8162.03 3693.27 5975.67 6727.45 5403.66 4652.99 4447.95 3641.87 3380.98 3133.77 3041.63 2953.36 2756.27 2443.24 2427.21 4777.43 2401.91 3000.04 2374.68 2158.43 5207.77 2133.25 2517.92 2258.63 2086.07 1952.89 1944.22 1904.85 1867.63 1823.24 3144.92 2326.01
threshold=-781.12072549953359 -97.656987281081044 248.33157547699346 0 660.14453921408483 1079.0400000000002 -169.66118056733299 402.7383333333334 0.68301270189221941 1585.1500000000003 291.01445699917275 -646.04634770892051 -112.7931665894002 -2.7554552980815443e-16 -501.73779365149136 -153.20494521102833 -7.8971143170299731 42.958207644893868 429.7054116583285 229.42954209984387 -354.04934247279652 402.14543594199171 6.5000000000000009 1263.8200000000004 1045.3550000000002 776.4383333333335 -663.13995917586124 -86.174300943726692 -211.63819666520212 209.16333333333338 960.48000000000013 1 148.81500000000003 4.9758244026485601 -287.56338951929314 1.0000000180025095e-35 8.8301270189221963 0.83333333333333337 690.71500000000015 1.0000000180025095e-35 314.04500000000002 1263.9405585573315 69.968318033012778 9.1848509936051497e-17 645.12524931448809 3.0795512920936914 -1.046575655135183 469.868118748521 -31.26776050398669 2 24.725000000000005 5.5000000000000009 130.52417770615219 110.39818867982656 0.55107863764223064 -26.353628884293453 -103.31893529103505 -0.93301270189221919 73.222517097383374 274.23978065392095 266.13467365414539 -0.25000000000000006
decision_type=2 2 2 9 2 2 2 2 2 2 2 2 2 2 2 2 2 2 2 2 2 2 2 2 2 2 2 2 2 2 2 9 2 2 2 2 2 2 2 2 2 2 2 2 2 2 2 2 2 9 2 2 2 2 2 2 2 2 2 2 2 2
left_child=18 2 16 4 11 7 -7 15 9 10 25 -3 -12 29 -15 43 17 -2 -1 22 -21 38 24 42 -16 26 -9 -26 -28 -13 -31 32 -17 36 35 37 48 -33 -22 40 -35 -20 -24 51 45 57 49 59 -34 50 -36 52 54 -53 -5 -52 -56 -30 -51 -48 -61 -62
right_child=1 3 -4 5 -6 6 -8 8 -10 -11 12 13 -14 14 19 31 -18 -19 41 20 21 -23 23 -25 27 -27 28 -29 44 30 -32 34 33 39 46 -37 -38 -39 -40 -41 -42 -43 -44 -45 -46 -47 47 -49 -50 58 55 53 -54 -55 56 -57 -58 -59 -60 60 61 -63
leaf_value=-0.81924892344209987 -3.4093441930599617 5.1862086017306295 30.628690509368887 -3.1031201258923597 -16.06187031345311 14.769753266989518 0.090947996677560886 -4.984283008978629 8.1538609782854046 -7.7819596785560767 10.768085288492413 -0.91810194394571276 0.99344451188659777 -10.449529109892955 -1.5413024071834585 0.41025023469474703 -5.1059380733825961 12.319675443348107 -13.864845905668222 -10.688625307876517 -2.3902549018006214 2.4729447261603918 -3.4001517761903055 12.264653783137243 -11.071549120011795 6.6322685032235462 5.4937039635655687 -3.7482220548632625 3.5508451080383487 -2.1631451693851478 9.0312995358802493 -8.1725634714941702 0.58645002483083952 2.6874242269931332 -0.12579524759847091 1.0804468416313544 8.8406034724886506 -1.5109686872004997 -9.8598807028938946 4.2128758499033125 -2.0624422866025007 -7.4645337882619804 3.6997980254491161 2.1483601574887707 -1.9252348441101834 4.6902437124860468 0.099380827458668788 2.3663971114167626 5.1422469136126612 -0.12131975179031679 3.6675709253727775 -2.7629082532280105 2.1639202371238606 -7.9517059488263531 1.1829382954140699 1.3008395512139335 -2.3680773583497596 -0.053796450254408303 -0.55500205503377698 -5.3734595782279015 -3.0657917201310809 2.0571253109911765
leaf_weight=0.23598257708363135 0.26099345576949418 0.41282952460460265 0.34417409962043166 1.8537757294252513 0.49189176852814931 0.53360815462656319 0.56333027407526859 0.4365304633975019 0.73086663475260127 0.53830273705534626 0.46925776707939804 1.8553249845281219 0.36698346724733699 0.41863406472839138 5.3158040377311409 18.952113388571892 0.40402408596128114 0.21719518164172769 0.34639360569417477 0.42941857106052339 0.28721920493990161 0.37035368522629142 0.4003948951140045 0.19985608477145433 0.35743997758254409 0.42506020423024882 0.50078659062273789 0.53803314804099489 0.41231360519304816 0.3104767040349542 0.34240231662988663 0.49545286316424497 0.48971168976277102 0.50727192568592716 10.672018597833814 0.40928044985048473 0.50916375941596914 0.3501742584630847 0.32057173876091838 0.46822226606309403 1.0043530946131793 0.37576677091419697 0.20755294244736433 0.36272845021449018 0.78585406253114332 0.7632786554750054 221.74341448908672 1.4546674990560848 0.68772109271958415 160.9824872885365 1.0893683629110462 0.91487754718400516 0.41252597188577045 0.27210140833631158 0.76168349431827664 4.3602673627901805 0.78038416011258938 3.298564814729616 29.351003356510773 0.41418827907182165 0.38470891257748008 0.52251523174345493
leaf_count=51 52 61 78 266 87 66 46 32 66 57 56 84 54 57 385 679 80 49 56 93 40 60 130 60 60 38 64 103 69 65 43 86 72 101 258 53 48 67 62 48 65 94 63 50 22 99 8283 61 71 9097 108 243 71 63 78 198 63 468 2514 60 45 70
internal_value=0 0.00423688 8.36982 -0.0170355 -1.31403 0.0438135 7.23149 0.0279343 1.59674 0.997464 1.63109 -1.81426 6.4785 -2.06881 -2.73655 -0.00181806 -0.313943 3.73484 -8.14174 -2.35337 -5.34353 -2.99696 -1.75374 2.29965 -2.28091 1.01899 0.633983 -6.67143 1.05971 0.286003 3.70778 0.0195279 0.532349 2.61543 -0.0191805 -3.29587 4.93594 -5.414 -6.33002 0.638634 -0.46848 -10.5345 -0.976234 -1.81388 0.637569 1.08771 -0.0100845 0.103105 3.24742 -0.133178 0.318696 -2.10159 -1.52475 -3.95238 -1.97285 1.77394 -0.614101 0.346713 -0.178803 0.0883459 -1.7634 -0.115251
internal_weight=0 483.516 1.22639 482.289 12.2582 470.031 1.09694 468.934 8.7278 7.99693 7.45863 11.7663 0.836241 11.3535 8.84528 460.206 0.882213 0.478189 0.958143 8.42664 1.40756 0.978145 7.01908 0.807804 6.21128 6.62239 6.19733 0.895473 5.7608 2.5082 0.652879 454.848 22.6186 3.66644 432.23 1.25491 1.6866 0.845627 0.607791 1.97985 1.51163 0.72216 0.607948 5.35808 5.26001 4.47416 430.975 224.519 1.17743 206.455 16.1217 4.99535 3.80837 1.18698 3.39584 5.44964 1.54207 3.71088 190.333 223.065 1.32141 0.907224
internal_count=25868 25667 259 25408 1453 23955 112 23843 1025 959 902 1366 110 1305 1113 22818 181 101 201 1056 255 162 801 253 548 792 754 163 722 192 108 21984 1084 405 20900 206 191 153 102 214 166 150 193 834 658 636 20694 8519 143 12175 564 784 478 306 407 306 141 537 11611 8458 175 115
cat_boundaries=0 20 42 64
cat_threshold=524288 256 1342177280 1048576 8192 0 0 0 2147483648 1073742848 0 0 0 0 2147504128 67108868 579340434 131072 272629890 98308 0 1075848224 278528 1073741832 1073774592 536870929 8192 0 1024 0 2048 0 0 0 0 2147491840 0 142671936 67240000 2097152 96 301989888 131072 32768 14352 0 2147483648 84017152 0 0 393216 8390656 0 4 128 0 0 1077941248 131072 1056800 0 256 128 2048
is_linear=0
shrinkage=0.05


Tree=42
num_leaves=63
num_cat=3
split_feature=66 26 53 56 48 34 47 80 57 0 66 55 51 48 59 51 9 24 51 51 3 70 8 55 51 55 58 56 0 64 70 9 66 9 58 65 65 47 51 64 0 66 55 66 70 54 55 70 48 70 66 64 49 57 66 54 50 56 47 80 70 47
split_gain=52053.1 81653.4 25682.5 28424.3 18033.2 16600.4 11306.4 17518.3 10134 7368.21 9860.56 11603.3 13663.7 11999.3 9189.57 8823.46 7327.92 7274.98 6728.25 6019.16 8482.58 15374.5 5987.61 6939.9 5465.22 4909.85 4702.81 4641.77 4431.43 6984.92 15686.2 4301.34 3753.85 3470.81 3659.04 3327.02 3263.59 3193.5 3922.17 2995 2807.36 2666.91 2050.02 4268.93 3308.88 2573.1 2339.68 2137.39 2047.14 2034.33 1899.67 2999.81 2348.01 1812.9 2015.71 6348.01 1755.6 1640.3 1674.14 2780.26 1569.92 1538.36
threshold=1079.0400000000002 1.0000000180025095e-35 236.09739842496032 153.7538679831035 -532.42287500028897 1.0000000180025095e-35 93.245220370586495 1.0000000180025095e-35 -136.66980336287736 0 402.7383333333334 242.01263879013146 -408.61213910056898 494.65923762470692 336.86936122738462 -408.61213910056898 -10.44615242270663 -0.5 288.55254010975119 645.12524931448809 2019.5000000000002 2.0000978760888719 3.5000000000000004 -265.15057190383521 81.029096871959837 -1.0000000180025095e-35 155.20727639677116 242.61960494573924 1 1131.0450000000003 0.33451147636091139 -11.500000000000005 634.05666666666673 -10.44615242270663 174.15391842221345 727.97000000000014 1693.6950000000004 16.870670306062596 469.868118748521 416.52250000000004 2 173.51333333333335 69.658714973807733 578.23333333333346 1.170744157435903 144.39615469037622 -30.027021038953844 0.60956537523516985 25.814415911327846 1.2562951834236229 230.99333333333337 250.03750000000002 -17.502160536783531 -92.659989549875135 144.33333333333334 4.6888892428289983 65.650665114944786 325.20942347569775 -118.05181888517453 1.5000000000000002 0.2399404434642298 -41.57903770257802
decision_type=2 2 2 2 2 2 2 2 2 9 2 2 2 2 2 2 2 2 2 2 2 2 2 2 2 2 2 2 9 2 2 2 2 2 2 2 2 2 2 2 9 2 2 2 2 2 2 2 2 2 2 2 2 2 2 2 2 2 2 2 2 2
left_child=4 2 3 -2 6 22 7 8 -1 18 15 12 -12 -13 19 17 -16 -11 42 20 24 49 -5 -24 31 27 -23 -10 35 37 36 -14 -33 -26 -35 50 56 38 53 -19 -39 -41 43 46 47 -45 -6 -44 -42 -22 51 -17 -52 -30 61 -56 -31 58 59 -57 -37 -55
right_child=1 -3 -4 5 9 -7 -8 -9 25 10 11 13 14 -15 16 28 -18 39 -20 -21 21 26 23 -25 33 -27 -28 -29 29 30 -32 32 -34 34 -36 60 -38 40 -40 41 48 -43 44 45 -46 -47 -48 -49 -50 -51 52 -53 -54 54 55 57 -58 -59 -60 -61 -62 -63
leaf_value=-12.706025191962432 12.996539416554558 24.986280568130891 11.908105440346546 3.4147817253752111 -2.3859738205337568 -10.343828258194577 -15.187175726634997 8.2200582325306666 -4.1199220679519089 2.8912110637315784 9.2649591937247298 -10.478849625445397 1.774715974012073 2.6018361380769761 0.69350742254056152 -0.83265621903993192 9.5073069166293269 -3.148971202087246 -5.9255403077771867 -1.7314405986538557 -1.4754635229457416 4.2016807527819493 -9.5765774185628292 1.8511155239604962 -1.8628258783208076 -7.1906939131794054 9.6805826788468607 6.0690306552676443 -1.1725290890416598 -0.32544792350106122 16.366080050912871 -2.6438157771410506 -9.8391054191296856 0.96135876998271075 8.116685779240834 -2.17414458542047 -4.1180014906550975 -0.38174619496439077 -2.8753633593505938 -12.080616005280771 0.35759205232085761 -5.1960766902531388 -3.0298955945210864 -0.055268140049111063 -7.1818378335893884 4.9300242018202427 -0.78213575628330401 1.770267197436052 1.0829170917565218 1.7501026963034745 -1.0996669060209829 -3.271797946287871 2.3395186297835329 -0.44667581823237773 3.5745175627504269 3.5037233763554134 5.3092508389022646 -2.7930514181699113 -0.008110625893390639 -0.62305807809471436 -5.5694373495620795 -0.0018335173285433431
leaf_weight=0.38886938150972106 0.36893600155599449 0.49541499465703953 0.62074387003667642 0.78133817715570308 3.5560130381491009 0.4674480331595986 0.24184956750832487 0.261204637819901 0.24107143655419327 0.29687499348074187 0.61145869456231494 0.38993471022695381 0.4085322518367297 0.31854558270424604 0.38691145763732493 7.9533608676865679 0.60393081768415857 0.50190557609312125 0.82875415496528226 1.6457595371175555 0.87431692262180183 0.77941095014102735 0.24797706073150105 0.28617226937785678 0.36168551025912166 0.3668734943494194 0.78727248311042786 0.20842110877856612 3.3645693745929739 0.23437153827398904 0.20959343039430678 0.79178250697441288 0.23508812626823783 0.40279416902922072 0.32109960820525885 0.89101787423714884 0.22440445469692349 6.1968713342212141 1.2040102849714447 0.26735205622389913 31.67472773604095 0.29686722904443741 0.83158053946681387 0.64108914369717129 0.3600823851302265 0.43408595328219235 6.3069275822490427 0.32158934813924134 14.039965587668119 1.1086630993522701 1.0823055850341914 1.4979639505036173 0.91656792489811678 20.599526414182037 1.5959306962322433 0.9572311593219609 0.33701457176357508 0.44589973357506174 7.4414000161923459 0.71149209584109485 0.55099207069724798 343.80213041231036
leaf_count=82 62 81 98 78 409 36 60 64 66 36 94 61 79 64 50 233 86 115 100 87 91 55 48 65 71 97 49 46 523 59 42 170 59 81 71 106 50 233 77 58 2452 55 138 73 60 53 216 48 1788 143 83 99 52 2826 73 115 86 42 853 97 42 12460
internal_value=0 6.28918 2.94835 0.363755 -0.0429214 -2.2503 -5.17081 -3.51888 -6.063 -0.0243071 0.0199456 1.57104 2.04003 -4.59754 1.53266 -0.0143801 6.06563 -4.03117 -0.891747 0.950597 1.6777 3.2528 0.625674 -3.45415 -0.540114 -2.89865 6.95488 0.604501 -0.00210265 0.033039 4.19655 -2.56468 -4.29108 2.13687 4.13527 -0.680372 0.991368 0.0241149 -0.0261211 -5.95878 0.391968 -8.45828 -1.27289 -1.03426 -2.99775 1.95747 -1.36039 -1.69125 0.476189 0.327916 -0.923067 -1.21924 0.477345 -0.0170677 -0.00671595 0.655444 2.99801 0.167936 0.312863 1.74419 -3.47149 -0.0269803
internal_weight=0 3.26803 2.77262 2.15187 472.31 1.78294 1.70829 1.46644 1.20524 470.602 457.322 10.0272 9.31871 0.70848 8.70725 447.294 0.990842 1.363 13.2801 7.71641 6.07065 3.54966 1.31549 0.534149 2.52098 0.816366 1.56668 0.449493 445.931 433.039 1.00538 1.4354 1.02687 1.08558 0.723894 12.8922 0.795791 432.034 380.122 1.06612 51.9116 0.564219 12.4514 10.9381 1.51325 1.07518 9.86294 1.15317 45.7147 1.98298 11.4502 9.45132 1.99887 378.918 375.554 11.152 0.571386 9.55602 9.11012 1.66872 1.44201 364.402
internal_count=25946 468 387 289 25478 227 415 355 291 25063 23966 1311 1186 125 1092 22655 136 264 1097 956 869 338 191 113 531 209 104 112 22391 21776 237 308 229 223 152 615 195 21539 17066 228 4473 113 997 751 246 126 625 186 4240 234 467 332 135 16989 16466 1180 145 1107 1065 212 148 15286
cat_boundaries=0 22 42 64
cat_threshold=527364 256 268443652 5373992 8192 0 4 0 2147483648 1342177280 0 0 0 0 2147483648 0 813695488 524288 4194306 65536 4 2097152 1081346 512 1610612736 270532608 16384 0 128 0 1048576 113 0 0 0 0 0 268435776 1168 536871044 33579008 3221225477 2281701376 1007681536 4112 0 0 83886080 0 0 267264 8388608 0 0 0 0 2 4096 2048 1114112 671285248 256 0 704645120
is_linear=0
shrinkage=0.05


Tree=43
num_leaves=63
num_cat=3
split_feature=66 26 60 49 50 63 85 0 3 67 50 58 50 58 65 71 47 71 53 50 58 71 51 57 63 51 68 57 48 59 3 48 70 4 57 20 36 63 0 47 58 63 0 47 63 67 49 57 65 57 66 63 3 60 47 3 52 57 9 70 5 55
split_gain=24173.5 68901.3 42534.2 19086.2 18608.9 21895.2 25683.7 10970 8422.29 8315.42 15389.4 18640.1 23451.2 14320.3 11390.3 8843.04 8400.72 8342.15 7336.71 5398.16 5093.41 4965.41 7232.73 4763.33 5283.33 4414.9 3873.47 4980.54 3865.74 3541.91 3399.42 5314.19 3750.33 3171.72 3005.91 2937.3 2501.59 2397.45 2358.13 2471.04 2250.02 2250 2194.91 2123.49 2086.14 1843.67 1832.73 1817.39 1698.98 1495.34 2076.37 2679.03 2433.79 1704.54 1568.66 1543.7 1956.65 1426.11 1372.07 1350.27 1336.62 1284.58
threshold=1079.0400000000002 1.0000000180025095e-35 -418.9964612396405 -656.83205996241293 132.25174798525745 872.99625000000003 1.0000000180025095e-35 0 2019.5000000000002 640.33000000000004 -86.451132748320035 567.30010566292719 -628.46130491548979 238.39566966965762 230.04000000000005 13.213255549847068 166.08827250122815 -16.128247498531358 61.190138799082497 -303.7887476128243 280.7772867504637 -97.656987281081044 544.16612634051569 70.068579162089236 1454.6483333333338 -573.33001359353125 0.41666666666666669 51.17175809610017 -473.26846659807404 0.18506124442253838 2018.5000000000002 -145.22786192453088 0.70982984483257583 0.25000000000000011 -77.313036639757101 1.0000000180025095e-35 1.0000000180025095e-35 445.45333333333343 1 12.938883907133979 174.15391842221345 1009.6858333333336 2 -29.470088411507913 227.29166666666666 439.96500000000009 265.141887871081 -10.747231343056365 1.9850000000000001 -87.360849700436617 149.65666666666669 585.23500000000013 2021.5000000000002 -329.08168475738427 -44.180122500351509 2019.5000000000002 143.22630983498706 -73.226485885352204 10.446152422706634 8.0998348958135669 0.6830127018922193 -194.77631568341479
decision_type=2 2 2 2 2 2 2 9 2 2 2 2 2 2 2 2 2 2 2 2 2 2 2 2 2 2 2 2 2 2 2 2 2 2 2 2 2 2 9 2 2 2 9 2 2 2 2 2 2 2 2 2 2 2 2 2 2 2 2 2 2 2
left_child=3 2 -2 8 5 -4 -7 20 25 19 11 14 -13 18 -11 17 33 -15 29 26 36 -22 28 38 30 34 -9 46 -23 -12 31 -25 37 -16 -1 41 43 -32 44 49 -37 60 -41 59 -21 -46 -28 -31 -44 61 54 52 53 -52 55 56 -51 -30 -54 -5 -33 -40
right_child=1 -3 4 7 -6 6 -8 9 -10 10 13 12 -14 15 16 -17 -18 -19 -20 23 21 22 -24 24 -26 -27 27 -29 57 47 32 35 -34 -35 -36 40 -38 -39 39 42 -42 -43 48 -45 45 -47 -48 -49 -50 50 51 -53 58 -55 -56 -57 -58 -59 -60 -61 -62 -63
leaf_value=-11.696551726554688 -11.993867339288247 21.23943060985124 -1.0383544070292761 -1.421544259682761 -4.2060098494206661 19.795672400910963 4.3426555766068686 -5.9706238478527389 -14.704889451617809 6.4977684903927742 3.5300630547934801 -1.0941623544219492 18.105515110377194 -4.650975870909944 0.53086447451998853 -8.7344121155643393 5.244639753811362 3.1860739393468993 7.3084763783839835 -0.41712882826192699 3.0628193288583554 -8.4573681544358941 -10.804543218346526 9.9921524142666893 8.0957052463997332 1.5464580835171011 -1.5354584002192901 4.3483737992210116 0.50889986997962733 -2.9671022610062554 -0.4347320480941515 2.6758971300539227 1.8852001982864284 -3.4911668925838857 -3.5220284288459989 1.8165394582467105 -3.1663495802442636 -5.5007261439928454 -3.2994600810256665 -0.33794598671798504 -4.0788721403700974 6.8713263927161767 1.8348907480120165 -0.21017221121081131 -2.3986553197996603 0.80082375609025558 -5.6609996915760652 0.71096815577075545 0.41436327922254634 -0.043469758667457462 3.2567278177154666 4.1638013496716955 0.6410872529874525 -0.036778706182437192 -0.012523782745454876 -0.838433567975301 4.7621223059293474 -3.0910336561695675 3.4538645305875573 -4.0033369097675573 -1.6793466305649958 -0.64525316456326198
leaf_weight=0.19599759974516928 0.502168607432396 0.50600280263461161 0.6020342949777836 2.5726133123971526 0.51561253587715317 0.4626056950073687 0.64211159734986722 0.56254606042057198 0.26454613311216235 1.1088325995951893 0.69691422930918534 0.24907127674669027 0.44001388386823226 0.84635538514703523 1.1731588505208499 0.60407016286626447 0.68939075083471824 0.5670620701275767 0.51221900130622078 19.440365410875533 0.26025691931135897 0.32345913746394206 0.35969778476282943 0.21042897761799384 0.29422229854390014 0.22457947977818449 1.2911275387741623 0.32897754386067402 0.31184569234028492 0.58209302811883434 0.53765866043977417 1.0628894658293573 0.88698600046336651 0.84194823401048768 0.26384576316922903 0.32111563254147757 1.570002867374569 0.41287827817723155 0.53277351590804789 6.5535768368281424 0.32630420522764325 0.28459935123100866 2.1990830712020388 4.0845185196958465 2.5032688067294653 0.54901090962812293 0.34011472947895516 0.79393132263794475 49.139659615233541 6.559121415019038 0.41389028239063641 0.52371387183666307 0.78969823033548958 7.7293470965232673 328.08529369579628 11.575055627617983 0.21888480731286097 2.3352682653348902 0.96136148134246469 0.63055634265765537 0.21116546750999976 3.1577725948300204
leaf_count=44 73 79 97 218 75 84 50 94 59 89 93 60 84 81 92 84 80 62 64 567 51 75 46 49 70 46 204 58 55 64 59 261 93 84 76 73 112 57 111 264 75 77 12 200 286 49 57 60 4443 1519 38 90 65 884 11884 979 59 372 63 44 61 397
internal_value=0 4.29543 1.14857 -0.0445608 4.11826 6.63303 10.8137 -0.0302446 -7.12835 0.0228942 1.51929 3.59765 11.1658 -0.513803 2.23006 -3.67084 0.480316 -1.50676 1.94999 -0.00700703 -1.10902 -3.58849 -4.10828 0.00605398 1.61587 -4.19984 -2.31337 -1.26381 -3.29745 0.625914 1.1677 2.40022 -0.453176 -1.14961 -7.00623 1.67606 -1.356 -2.63521 -0.0105514 0.0210567 -1.15479 2.85191 0.324785 -0.965994 -0.420832 -1.82317 -2.39564 -0.844948 0.397738 -0.0271283 -0.0167731 0.678726 0.494257 0.130618 -0.0376879 -0.487531 0.111719 -2.66694 2.18535 -1.92978 1.95405 -1.02842
internal_weight=0 3.23054 2.72453 470.505 2.22236 1.70675 1.10472 469.556 0.948969 457.108 9.10506 4.50242 0.689085 4.60265 3.81333 2.01749 2.7045 1.41342 2.58516 448.003 12.4482 3.59053 3.33027 445.48 4.54825 0.684423 2.52277 1.96022 2.97057 2.07294 4.25403 2.4165 1.83752 2.01511 0.459843 2.20607 8.85769 0.950537 440.932 418.439 0.64742 1.55865 57.8923 7.28769 22.4926 3.05228 1.63124 1.37602 51.3387 360.547 356.856 10.418 9.8943 8.14324 346.438 18.3531 6.77801 2.64711 1.75106 3.20317 1.27405 3.69055
internal_count=25851 458 379 25393 306 231 134 25168 225 23995 997 489 144 508 345 227 256 143 281 22998 1173 599 548 22585 875 166 413 319 502 217 805 596 209 176 120 547 574 116 21710 20808 148 399 4719 462 902 335 261 124 4455 16089 15581 1140 1050 922 14441 2557 1578 427 128 262 322 508
cat_boundaries=0 22 42 64
cat_threshold=131072 0 2952798208 3280928 8192 0 4 0 2147483648 805306368 0 0 0 0 2147483648 8192 1115685664 4325381 272629762 65536 0 2097152 135266310 524288 4248 2 16416 0 130 1 1048577 1 0 2097152 0 536870912 4288 0 1088 557184 24576 1140850688 0 805306368 16384 0 4 100663296 0 0 267264 8398912 0 0 4 0 32 4198400 2048 1048576 134283264 0 128 973604864
is_linear=0
shrinkage=0.05


Tree=44
num_leaves=63
num_cat=2
split_feature=51 1 49 67 52 51 0 66 65 60 49 3 52 8 67 60 72 67 6 67 56 51 42 49 51 3 59 49 60 59 71 67 67 71 51 66 60 51 60 67 60 51 60 66 64 49 1 19 56 3 53 60 70 56 56 52 56 56 49 66 60 51
split_gain=40192.1 83299.4 18518.6 17171.1 36319.8 11996.2 9840.21 9461.74 22527.7 10132.4 13640.8 7265.23 8010.98 6819.96 5775.62 4572.45 4521.93 22090.2 11721.5 7170.58 6202.09 6135.26 5987.28 4372.33 4254.78 6551.27 3732.5 3624.42 3508.83 3660.58 3470.99 3386.19 3293.67 3263.23 3104.01 3077.03 3068.97 2936.68 2836.48 4389.52 2467.78 2465.21 2461.99 2204.81 4714.18 4089.3 3651.62 3301.58 2498.76 3222.42 2397.86 2195.91 2239.18 2187.71 2056.43 2018.71 1905.23 1818.11 1823.01 1721.72 1669.09 1658.71
threshold=1374.5528624259966 9.5000000000000018 -656.83205996241293 2068.4500000000003 2.6700391693087391 -141.35274982738056 0 634.05666666666673 478.71000000000009 -12.556896959361614 -91.821047308774993 2016.5000000000002 -468.36638479411232 2.5000000000000004 1363.7000000000003 189.07328142334634 1 447.03500000000003 1.0000000180025095e-35 117.83000000000001 530.9234500182032 -16.964389472464351 0.25000000000000017 -101.0732763302392 -169.71993777006762 2018.5000000000002 647.97860271154548 -129.41983195759457 69.824753606789272 252.1501053824816 -7.3904566577864577 1045.3550000000002 452.93000000000006 -1.6231929282265847 90.944915926760245 526.91166666666675 29.243845427328029 544.16612634051569 12.381511775054786 267.73500000000007 383.11750381184618 20.93494313661731 -90.178385168122205 219.84833333333333 120.51750000000001 -28.146652344000838 10.500000000000002 1.0000000180025095e-35 42.427045819968328 2019.5000000000002 17.489541413170816 53.976923793711045 1.5712907018701141 166.97524241252805 114.54083279156742 39.267563015779182 130.71555674376285 114.54083279156742 12.335969419918303 326.77500000000003 -3.1640519858260538 -39.132163083234524
decision_type=2 2 2 2 2 2 9 2 2 2 2 2 2 2 2 2 9 2 2 2 2 2 2 2 2 2 2 2 2 2 2 2 2 2 2 2 2 2 2 2 2 2 2 2 2 2 2 2 2 2 2 2 2 2 2 2 2 2 2 2 2 2
left_child=2 -2 5 6 -5 11 26 16 13 10 -10 -1 -13 -9 15 -11 17 19 -19 40 27 22 38 -15 36 41 28 32 31 30 -30 -4 34 -27 -18 37 -21 43 39 60 -8 -26 -34 48 45 46 -45 -46 50 55 -29 52 -51 -49 -36 -50 -37 -32 -59 -44 -22 -54
right_child=1 -3 3 4 -6 -7 7 8 9 14 -12 12 -14 23 -16 -17 20 18 -20 24 21 -23 -24 -25 25 33 -28 35 29 -31 57 -33 42 -35 54 56 -38 -39 -40 -41 -42 -43 59 44 47 -47 -48 53 49 51 -52 -53 61 -55 -56 -57 -58 58 -60 -61 -62 -63
leaf_value=-3.0998574547078288 -0.91357616302642364 26.074058277743678 -2.1076064553840257 13.636840385507547 -5.3273990157795028 2.5246500501003131 -0.16708275363116701 11.224054353336866 9.8525033271828413 -4.6758470940768566 -1.8078056353451615 -7.1967959063237572 -18.735659165322399 -0.24778868056277062 -7.3282903549258709 2.2735129434591186 -0.79366876977929668 12.906750976830864 2.2455559584851637 -5.9088013691140313 -2.6728535961191633 -8.1695711301985128 -6.4846502588263704 8.8705524231597437 3.9978938448689494 0.22867735228702801 -6.2019437531257378 -0.0090761365243222196 3.9763804776597969 -4.1680783416502516 1.3054027932744212 -5.5034680612057132 -4.422497665383581 3.7775130681479894 -0.025419264378113385 1.1018523334877846 2.2423469303053785 -2.4939535633648426 -2.5548774388904487 6.2862165817412041 2.7020088269490898 10.86652452938122 -4.1998659861547774 7.2500460342368429 -0.15365719195095934 -1.0145812940004173 1.7053278658537516 1.1421120964522422 0.060403344970184916 -0.61957414469812122 0.66155078760527797 -1.4199500502725053 1.8971314599893772 4.8228157191602392 5.642672100003093 1.8475639707527229 5.0875478410822375 -4.1290548523972959 0.32958515718636522 -0.31268775419023559 2.4280268840592321 -0.0773588588976033
leaf_weight=0.36174812098033726 0.77667456562630721 0.45251315995119512 6.5019708217587286 0.65478530409745761 0.41091009159572423 0.31233710865490028 12.982702603330839 0.71082509495317869 0.46931357984431088 0.41001359000801996 0.53873957204632505 0.35978039284236729 0.25848649092949927 0.30010650656186044 0.48901050351560116 0.55997127573937178 5.4205295357387495 0.5630179198924441 0.47560643800534308 0.23934281733818386 0.41559256170876357 0.40159429446793993 0.46201300551183511 0.23395949206314981 0.2165890247561032 1.2185504229273654 0.53768187924288291 357.6444736525882 0.54542917059734541 0.51365777989849437 0.68937194556929149 0.82752359635196615 1.0367961637675764 1.3828825976233923 0.31145495106466103 0.97540869284421094 0.22313340427353978 1.1903799821156997 0.68267061142250884 0.33606180478818715 0.79539363132789809 0.32916554459370673 0.37781069497577835 0.63548873737454392 9.2924634621012938 0.43279088754206796 0.55738023202866316 1.9209871042985462 9.4271004903130216 23.431885556783531 13.84512480557896 6.7578440548386416 1.5689782309345899 0.51112558622844506 0.32912121037952602 1.8982824934646476 0.4329050004016608 0.50078703393228352 0.4228260840754956 1.157882895786315 0.26114616822451386 3.3025152781046918
leaf_count=101 99 99 620 81 64 43 939 47 73 52 71 84 42 56 75 71 706 75 35 54 89 65 85 51 55 90 70 13260 61 67 59 109 116 74 46 107 47 59 101 56 40 86 27 56 1100 56 73 210 1939 871 1592 428 95 58 61 481 73 62 50 179 54 140
internal_value=0 9.02165 -0.0312188 -0.0150842 6.32462 -6.00843 -0.0292275 0.0180891 2.53281 -0.234163 3.62082 -8.72798 -12.021 8.01622 -2.89766 -0.663989 -0.00166212 0.610212 8.02478 0.51826 -0.0398147 -2.49511 -1.43886 3.7467 2.50201 3.16006 -1.1 -0.0265138 -1.92555 -0.374482 0.528315 -2.49101 -1.04093 2.11518 -0.404695 -0.00632583 -1.97607 -0.0139252 -0.0638941 1.61513 -0.0014534 8.14063 -2.53997 -0.00707919 0.625452 3.14871 4.65922 0.275591 -0.0272872 -0.373295 0.0159176 -0.610147 -0.416795 1.91564 2.88679 0.359955 2.32703 -0.637645 -2.08791 -1.26901 -0.704479 0.558572
internal_weight=0 1.22919 480.053 478.761 1.0657 1.29235 477.695 467.156 3.71194 2.46705 1.00805 0.980015 0.618267 1.24489 1.459 0.969985 463.444 18.4264 1.03862 17.3878 445.018 2.55908 2.15748 0.534066 3.60966 3.14719 10.5392 442.459 10.0016 2.67207 2.15841 7.32949 8.6336 2.60143 6.06111 433.825 0.462476 432.417 1.69547 1.0128 13.7781 0.545755 2.57249 431.226 13.3502 1.62566 1.19287 11.7246 417.876 46.3866 371.49 35.0612 28.3034 2.43211 0.640576 11.3254 1.40831 1.61299 0.923613 1.53569 0.676739 4.87149
internal_count=25885 198 25687 25417 145 270 25272 24174 496 342 144 227 126 154 198 123 23678 1495 110 1385 22183 450 385 107 406 305 1098 21733 1028 299 232 729 1135 164 813 20598 101 20418 300 199 979 141 322 20359 1553 185 129 1368 18806 3954 14852 1534 1106 268 107 2420 180 171 112 206 143 235
cat_boundaries=0 22 45
cat_threshold=557056 0 2961178624 1703936 0 0 5 0 0 1342178304 0 0 0 0 0 64 525952 67108869 339738754 0 8 270532608 0 0 268435584 0 8192 2097152 30784 0 128 0 4608 1073741824 134217994 1024 1073741824 0 98304 20 136380416 33554432 268435464 0 56
is_linear=0
shrinkage=0.05


Tree=45
num_leaves=63
num_cat=2
split_feature=71 52 57 66 57 64 54 60 51 32 63 8 50 50 71 58 78 10 70 48 60 60 66 0 65 67 70 8 67 60 0 66 19 51 47 64 63 51 9 54 64 71 66 70 50 57 55 65 48 71 54 57 67 50 51 64 9 66 51 66 47 58
split_gain=20814.6 79136 23063.8 16528.8 21604.8 22017.8 20770.5 16222.9 12617.6 11646.3 10096.9 8359.72 8543.4 7614.98 7323.39 9173.6 8178.29 6885.54 6997.7 6088.76 14018.9 5398.09 5222.05 5132.75 5883.62 23217.5 3793.67 6433.3 3670.31 3263.28 3154.98 14663.9 8337.93 6082.08 6178.04 4799.49 2996.95 2701.53 2541.26 2979.26 2226.99 6050.71 3698.92 5898.73 4352.59 3004 2994.34 2981.46 3197.25 2713.59 2189.38 2069.94 2775.48 2056.38 2024 1865.33 1858.73 1697.25 1686.48 2369.41 3206.24 2094.96
threshold=-97.656987281081044 227.56527903626153 -232.03305432101476 676.48500000000001 -114.26476910927845 1779.9500000000003 838.04154964613247 -663.13995917586124 -711.52698824384913 0.25000000000000017 1454.6483333333338 3.5000000000000004 -440.13684616871996 -358.48377729394571 -55.719192217767898 325.58120237310328 1.0000000180025095e-35 -5.0980762113533169 0.95397444368767237 -431.47361442225576 419.48839000278537 -245.90812848089601 300.00500000000005 0 1535.4350000000002 507.61500000000007 97.000000000000014 1.5000000000000002 1263.8200000000004 -56.156223880732007 1 96.466666666666683 0.68301270189221941 544.16612634051569 -69.446962059861946 91.555000000000021 53.679166666666674 -178.4592185274422 12.312177826491071 100.28974254057125 788.0825000000001 34.636875919229787 320.78166666666669 1.8105538175942799 -94.701734255010365 -12.126470075743621 -48.679014381432388 900.04000000000008 199.31425678604623 -6.0465558869569787 86.602604914119425 53.397036282956343 690.71500000000015 -303.7887476128243 -501.73779365149136 537.51250000000016 2.0206672185931331e-15 166.91166666666672 288.55254010975119 192.63833333333335 197.80532870128903 99.26165001257904
decision_type=2 2 2 2 2 2 2 2 2 2 2 2 2 2 2 2 2 2 2 2 2 2 2 9 2 2 2 2 2 2 9 2 2 2 2 2 2 2 2 2 2 2 2 2 2 2 2 2 2 2 2 2 2 2 2 2 2 2 2 2 2 2
left_child=1 17 7 8 -5 6 9 -2 10 13 -4 53 -13 -6 -15 21 -17 29 -19 20 22 -16 54 36 26 -26 30 -28 50 -1 31 37 35 40 -35 -33 -21 -25 39 -14 42 47 46 51 56 -46 -32 49 -49 -42 -23 52 -44 -9 -10 -53 -45 -37 59 61 -61 -48
right_child=2 -3 3 4 5 -7 -8 11 19 -11 -12 12 38 14 15 16 -18 18 -20 23 -22 28 -24 24 25 -27 27 -29 -30 -31 33 32 -34 34 -36 57 -38 -39 -40 -41 41 -43 43 44 45 -47 58 48 -50 -51 -52 55 -54 -55 -56 -57 -58 -59 -60 60 -62 -63
leaf_value=-0.82257479902649033 -15.550352460425742 25.681232991992445 -2.328333802027073 11.630166367470505 -5.8287846858133063 -8.6181492478826733 14.473653358919371 2.1691022695800819 -1.0804686982147964 7.636298534954749 -14.821992869598461 -11.842237240863488 -0.90631945116156654 -4.3883319221630357 6.3706302192595423 11.802948313589432 2.2244895560573421 7.9539943779061124 -3.5884560657402789 -0.32958115057101905 -14.888422247976514 3.831441266614009 4.9172387759566289 2.5559972820086378 -0.15581149318328325 16.290122928256469 4.4440110880079109 -0.14474541285175299 -5.0068922005469876 -8.4034680612409129 -0.80812114979914629 6.0473415915101345 8.712359596384303 -6.7036675636692413 -0.62212283558179704 3.1715468655343302 -1.8879161086380034 -0.038626093139805029 1.4693380023325491 -9.371103540678563 0.25480642283779981 -5.8762555295857624 0.10870906834744105 3.4519785800194884 -1.1736863101121131 3.258736418782787 -0.00037972859901170891 0.19394284864547551 7.5480971897894591 -4.2192707620088514 -1.6552606409090567 5.0365603427998522 -3.8375661955500413 -2.30464948200036 -7.3912564328648465 0.25011156437770671 7.7376929574589539 0.24129362180814501 -1.543842615526116 0.53802632275133833 4.0182766377072099 -0.61310441345219402
leaf_weight=0.27925915992818762 0.31162282312288914 0.3771412766072898 0.46320189698599179 0.60812393971718837 0.41886150953359935 0.47279620962217439 0.34728070278652001 0.50629943702369928 0.31113257049582899 0.68539423309266556 0.24845431721769273 0.43238071259111199 0.21039986796677057 0.45806912588886994 0.27525077294558364 0.40108305448666204 0.50148211722262204 0.31892030825838347 0.22321613831445575 4.9153491179458788 0.22552496776916087 0.32403693860396587 0.26806781254708767 1.0693172835744977 0.98330569872632512 0.27451641182415187 1.2942901775240891 1.8635649718344209 0.44228843646124005 0.28872289229184389 12.219551089918239 0.71114547760225821 0.66369970003142942 0.68017292395234097 1.0817729786504049 0.77588816988281939 8.2868364970199746 16.232999369734898 0.2291426258161664 0.2054510354064405 0.86661812034435615 0.6019420907832681 3.7500571648124597 0.51039301860146247 0.66678516915999353 0.89581743208691456 380.74558433936909 0.46637158910743881 0.21635407162830234 0.55655403668060832 0.41426495229825377 0.36635810299776483 0.5056325455661862 0.52136692171916299 0.21474431757815071 0.4580345768481493 0.50165926851332188 1.3609988135285673 1.7927120032254595 6.1078836561646304 0.74219807959161688 14.480898642679675
leaf_count=55 46 87 88 72 66 64 70 62 87 74 65 87 55 37 41 41 86 72 36 239 54 43 45 113 178 55 14 154 78 65 1491 32 88 59 64 73 866 850 43 48 89 82 583 63 79 102 15996 96 57 66 67 46 72 60 43 88 43 187 90 644 93 1423
internal_value=0 5.89349 -0.0308125 -0.0059576 2.75774 1.61964 2.75375 -4.90298 -0.0375195 1.71565 -6.69014 -3.32678 -6.40414 0.461384 1.39685 2.52049 6.48098 -0.829007 3.20157 -0.0273961 -3.88727 0.0651461 -0.762328 -0.0189635 0.018159 3.43347 0.00906032 1.73602 -1.40496 -4.67618 -0.00308478 0.486085 3.66545 -0.0373412 -2.96981 2.48933 -0.744105 0.121727 -2.75864 -5.08834 -0.0261009 -1.45544 -0.016967 1.07217 3.02184 1.36736 -0.0370038 -0.191805 2.52446 -1.49485 0.752825 0.084056 -0.360161 -0.10057 -3.65751 2.3772 5.57634 1.30525 -0.0136727 -0.00685025 0.915107 -0.0228297
internal_weight=0 1.48726 476.142 473.725 5.34893 4.74081 4.26801 2.41666 468.376 3.92073 0.711656 2.10504 1.07737 3.23534 2.81648 2.35841 0.902565 1.11012 0.542136 467.665 1.01947 1.45584 0.793945 466.645 453.443 1.25782 452.185 3.15786 1.18059 0.567982 449.027 20.814 3.51173 428.213 1.76195 2.84803 13.2022 17.3023 0.644994 0.415851 426.451 2.70784 423.744 7.65474 2.57465 1.5626 416.089 2.1059 0.682726 1.42317 0.738302 5.08008 4.25569 1.02767 0.525877 0.824393 1.01205 2.13689 403.869 402.077 6.85008 395.226
internal_count=26012 315 25697 25296 739 667 603 401 24557 533 153 355 233 459 393 356 127 228 108 24404 229 229 175 24175 23070 233 22837 168 188 120 22669 1343 380 21326 123 292 1105 963 146 103 21203 390 20813 1076 287 181 19737 308 153 155 110 789 655 122 130 134 106 260 18246 18156 737 17419
cat_boundaries=0 22 43
cat_threshold=32770 256 1879050248 1183760 24576 0 4 0 0 805322788 0 2097152 1 0 0 67108864 1680 128 67108866 0 0 2097152 0 1073782816 278544 1610612736 2181141504 17 8192 0 0 8388608 0 0 0 0 4096 4202496 268435456 9506816 131136 2097152 96
is_linear=0
shrinkage=0.05


Tree=46
num_leaves=63
num_cat=3
split_feature=66 51 66 49 49 72 67 3 51 49 56 55 57 71 48 66 66 56 64 5 60 59 57 51 70 57 63 39 20 49 3 0 51 19 66 65 3 64 51 70 70 63 51 53 5 51 52 65 70 55 48 20 0 66 9 9 71 70 59 67 3 56
split_gain=35444.5 57394.4 57699.9 15994.9 15196.7 9996.01 57339.8 25243.7 14293.9 11555.2 9233.27 8731.37 8441.92 7441.27 7438.6 8618.44 7271.22 7153.88 9225.33 6824.83 6462.67 6216.94 6048.08 5151.75 6028.46 4742.18 6398.92 22668.4 6957.2 6308.5 4516.03 4039.2 3573.06 3534.62 3525.95 4849.91 4928.15 5772.08 3965.3 7143.8 3385.88 2810.32 2722.13 2666.17 2124.04 1909.8 1879.11 1802.89 1986.07 1749.55 1681.76 2011.39 1777.68 2105.24 2306.48 3274.36 1579.8 1571.09 5637.25 2504.23 2019.32 2150.03
threshold=1326.2433333333336 -13.844645013801093 2329.1133333333337 -393.68588673629915 -656.83205996241293 0 649.85500000000013 2019.5000000000002 800.63399126501326 -18.897522509670655 490.00967654937762 -14.524636989400628 40.179057095471983 -49.230862316166899 -431.47361442225576 313.00000000000006 56.303333333333342 571.16159362242661 685.04500000000019 -1.0000000180025095e-35 -567.15220205050434 66.687907486227417 -50.772221314266382 2.0320835905718955 0.6410090011542483 -170.58548396087323 981.90000000000009 0.25000000000000017 1.6160254037844388 -25.805497774411617 2018.5000000000002 1 157.38511805804853 -1.0000000180025095e-35 425.73166666666668 848.17000000000019 2019.5000000000002 290.48000000000008 109.66888289910615 1.5311119081162807 1.3063726570063052 1.0000000180025095e-35 157.38511805804853 -206.09589072127588 0.6830127018922193 -239.22996428010069 -1.0000000180025095e-35 119.03000000000002 2.2344997866243985 -105.7063339598201 0.51088471992972029 2.5490381056766584 2 219.84833333333333 8.2500000000000018 18.09326673973661 -16.128247498531358 13.409823073722587 -0.68272079698142274 588.85000000000014 2018.5000000000002 0.95771458459839665
decision_type=2 2 2 2 2 9 2 2 2 2 2 2 2 2 2 2 2 2 2 2 2 2 2 2 2 2 2 2 2 2 2 9 2 2 2 2 2 2 2 2 2 2 2 2 2 2 2 2 2 2 2 2 9 2 2 2 2 2 2 2 2 2
left_child=4 -2 -3 -4 12 6 16 -8 10 13 25 19 30 -10 15 -13 41 18 22 -12 -16 -14 -18 24 -22 44 31 28 29 49 -1 32 47 -31 43 36 40 -38 39 -39 -36 -6 -42 -33 56 -43 -24 -27 -49 -28 57 52 -52 -54 -55 -56 -7 59 -59 -45 -60 -62
right_child=1 2 3 -5 5 8 7 -9 9 -11 11 14 21 -15 20 -17 17 -19 -20 -21 23 -23 46 -25 -26 26 27 -29 -30 33 -32 34 -34 -35 35 -37 37 38 -40 -41 42 45 -44 50 -46 -47 -48 48 -50 -51 51 -53 53 54 55 -57 -58 58 60 -61 61 -63
leaf_value=-4.8491382809462396 -4.5896417406446472 5.2853439529904689 37.823352024800734 18.498501617471916 2.1247690413948508 -5.3271163874959147 20.386946603849026 6.621859721991564 -6.1815314806983608 -11.474930644015254 10.881302519094753 -2.7839001311813596 -6.6594056252028793 2.1839143096892424 -7.8953083962830011 -16.362866669489271 -1.4418629888870358 -3.6267230625334292 11.599302800173959 -2.0885573858367326 -2.0043338861452598 5.2933538361126766 1.8811416119581861 -6.9435515027728334 4.218075943651292 -0.32963366261957894 -3.1917299166807074 13.831462343053355 -6.9202615206501807 1.7437219014914196 -13.260499247627596 -2.3131255663472583 -3.8676925355377025 9.5047687506244714 2.5440098010631043 -1.6230862524537117 7.6389546313681116 0.93052280936626008 -0.12935832498129787 8.7019088818497572 -3.5232798263712781 -3.028267837307494 1.8539155900776405 -0.07697038688384221 -5.8125901776948128 -0.41428570573121332 5.6828269220240992 -1.0227820085566215 -3.1475993523333989 1.3452095009669955 -0.32125599138868205 -1.8535625035455396 0.21082472541042896 0.74733325422855323 6.6094720729519114 0.62861009709230964 -0.86837479484340518 3.7712623184561282 -0.43308195837598956 -2.2251997266649455 1.5970347928552406 -0.14279540306352254
leaf_weight=0.28474051482044049 0.69792084558866929 0.77351614134386049 0.21414485573768605 0.21415507001802336 0.96212579752318372 0.24238406727090467 0.48657932365313072 1.0557248180266467 0.53419391997158516 0.464023323263972 0.20295638870447874 0.24700679001398462 0.21317618666216731 0.52916246047243465 0.45215139235369939 0.22176015446893871 0.66683508036658246 0.3868483374826609 0.32031627022661258 0.20275893528014455 1.5243230538908381 0.22216057940386236 0.50429317331872958 0.35455607739277173 0.52273575635626901 6.8344611113425326 0.44878231571055949 0.37763766502030183 0.27925373730249692 0.28835798357613385 0.36301793600432575 1.2538631677161891 1.0926537967752654 0.29863867303356462 0.73019296210259099 1.1986399663146583 0.58899537916295264 0.74227245571091793 1.0731994376983491 0.49153895978815854 0.75611421139910795 0.82120766933075984 0.34173917002044618 307.986086292658 0.40265694609843183 4.6858850298449406 0.91445620707236175 4.8689937246963382 1.420608351472765 0.40357685042545199 8.8297165543772262 1.2234184381086368 97.521267875097692 3.6906656317878506 0.4474483118392526 0.46840652800165117 1.101380650885402 1.1670343976002175 7.1981526543386263 1.3626060704700638 3.6686590642202646 3.4414103135932237
leaf_count=69 85 96 53 47 66 43 89 73 51 62 50 63 54 55 80 48 144 63 88 51 267 48 79 59 73 206 94 83 71 66 74 154 98 46 161 90 44 96 75 61 179 152 73 12047 67 366 87 352 132 48 316 124 6905 409 41 64 178 42 909 80 84 102
internal_value=0 6.81479 13.4376 28.1607 -0.0283676 -0.0149713 1.05859 10.9646 -0.0611188 -4.89147 -0.0465972 -2.52488 -5.94426 -2.0186 -3.37042 -9.20772 0.551986 2.68421 3.69895 4.39953 -2.41157 -0.559687 2.48557 -1.37915 -0.415383 -0.0266084 -0.0167459 2.73946 0.302164 1.70341 -9.56305 -0.02935 -0.657824 5.69221 0.0054524 1.21738 1.9381 3.22116 2.09327 4.02657 -0.0945426 -0.368489 -1.84947 -0.0108014 -2.62714 -0.804078 4.33152 -0.891819 -1.50271 -1.04357 -0.00419553 0.162711 0.184942 0.236961 1.30467 3.55061 -1.67263 -0.0618382 0.429806 -0.0864328 0.157264 0.754924
internal_weight=0 1.89974 1.20182 0.4283 479.384 478.301 10.8043 1.5423 467.496 1.52738 465.969 3.72825 1.0831 1.06336 3.32253 0.468767 9.26197 2.79275 2.4059 0.405715 2.85377 0.435337 2.08558 2.40161 2.04706 462.241 460.494 2.09625 1.71861 1.43936 0.647758 458.398 14.2167 0.586997 444.181 5.92269 4.72405 2.89601 2.30701 1.23381 1.82805 6.46922 1.09785 438.259 1.74642 5.50709 1.41875 13.1241 6.2896 0.852359 437.005 112.181 110.958 102.128 4.60652 0.915855 1.34376 324.824 15.4753 309.349 14.3082 7.11007
internal_count=26132 281 196 100 25851 25606 1207 162 24399 168 24231 691 245 106 590 111 1045 461 398 101 479 102 310 399 340 23540 23252 408 325 254 143 22844 788 112 22056 779 689 276 232 157 413 584 252 21277 288 518 166 690 484 142 21123 7859 7735 7419 514 105 221 13264 1137 12127 1095 186
cat_boundaries=0 23 45 67
cat_threshold=32768 0 128 0 8192 2097152 18432 0 128 0 33558528 1024 134742026 0 0 265218 256 130 0 0 268435464 0 24 655360 0 16388 1052674 0 67108864 0 0 2147483648 805307396 0 0 0 0 64 268435456 1680 163968 4210690 65536 512 2097152 1048576 536870912 4104 2147483648 8 16777216 69632 33554432 278528 8912896 16384 0 512 570425344 2049 4194304 0 16777216 537010176 0 0 671088640
is_linear=0
shrinkage=0.05


Tree=47
num_leaves=63
num_cat=2
split_feature=52 58 39 49 3 55 1 1 71 51 64 58 72 70 58 3 58 69 49 71 63 57 0 63 70 56 57 50 64 53 8 49 58 65 57 70 23 52 60 10 49 50 54 57 64 49 70 10 56 71 7 52 60 10 54 64 54 50 6 10 10 70
split_gain=13706.5 59134.1 26633.9 22042.8 20401.8 13332.5 11405.2 9070.3 8902.74 7963.33 9724.25 7318.63 7192.6 21118.9 19042.2 8671.37 9305.69 7510.41 7107.43 6408.16 4923.62 4809 4674.29 5450.08 16079.4 6482.63 4408.54 4117.48 4056 3888.6 3531.35 3519.38 4046.3 3401.05 3046.01 4893.67 3310.79 2902.78 2590.23 2537.77 2304.51 3731.99 3577.15 8474.03 3181.71 3191.15 2797.69 2894.46 2220.8 3016.34 2165 2099.72 2066.47 1998.16 3873.43 1935.09 1896.43 1885.9 2589.51 1709.28 1698.82 1638.28
threshold=425.813114834087 1077.3570009173429 1.0000000180025095e-35 -656.83205996241293 2018.5000000000002 -265.15057190383521 5.5000000000000009 3.5000000000000004 4.6088721184583443 1027.6701116014503 979.64250000000004 1077.3570009173429 0 1.5311119081162807 198.29133407053379 2019.5000000000002 645.36680356504121 0.83333333333333337 -162.82175898926224 94.760674435438474 1318.4662500000002 -63.388515998824715 1 1265.8083333333336 0.57207091130324916 490.00967654937762 -170.58548396087323 752.86082666397317 240.78000000000003 48.240326512242731 2.5000000000000004 -113.13792035603618 238.39566966965762 120.16000000000001 92.194415516158742 1.5311119081162807 0.25000000000000022 -14.230339132911253 133.41461179503406 14.361215932167728 265.141887871081 -145.89294159384522 183.57112532746012 -77.313036639757101 484.40000000000003 -129.41983195759457 0.5871133645062897 2.7990381056766584 153.7538679831035 -0.30010247724933675 -0.5 -118.57660563998813 36.886234180848064 -3.0310008278896985e-15 94.662700719849468 16.030000000000005 246.02331170220825 -97.750405907072462 1.0000000180025095e-35 1.5001923289555077e-15 6.2810889132455374 1.1825680694624425
decision_type=2 2 2 2 2 2 2 2 2 2 2 2 9 2 2 2 2 2 2 2 2 2 9 2 2 2 2 2 2 2 2 2 2 2 2 2 2 2 2 2 2 2 2 2 2 2 2 2 2 2 2 2 2 2 2 2 2 2 2 2 2 2
left_child=3 2 5 7 18 -2 52 -1 11 12 -11 -9 13 15 33 16 57 -16 -4 22 -21 -8 29 26 25 38 53 34 55 39 -31 -23 -33 -15 40 36 48 -29 -25 51 42 -42 61 -44 45 -45 -46 -48 -36 -50 -13 -14 -7 -24 -55 -17 -30 -5 -59 -32 -38 -28
right_child=1 -3 4 9 -6 6 21 8 -10 10 -12 50 19 14 17 28 -18 -19 -20 20 -22 31 23 24 -26 -27 27 37 56 30 59 32 -34 -35 35 -37 60 -39 -40 -41 41 -43 43 44 46 -47 47 -49 49 -51 -52 -53 -54 54 -56 -57 -58 58 -60 -61 -62 -63
leaf_value=-14.850467891727309 -11.231974123630259 21.975003944590508 24.181069686368019 4.3926142571097717 1.6430440784138811 -2.3149464090505929 8.462459537598253 -14.956419971420264 2.2588537664972463 0.80383905542841283 -8.2005254145281512 -7.2959346746562392 -2.6553983458021424 4.3682879449753793 6.1423109083466656 1.5255384703307366 10.565713244852226 14.076016002497298 10.095050010380159 -1.180959967970634 -8.387226789070052 -3.35873956453392 -0.63382849349590364 -0.63805869403707405 10.910095319312406 -8.1857651171765315 -0.088187075876202156 -0.3889952438624007 -1.1038404854739332 -5.0946434342257243 1.8911325926145051 -0.25062697758145791 7.0334926408272764 0.92149262604553506 1.5854683137378087 6.9380394235466216 1.7353077111125552 -5.6882950148751403 5.9531074359804093 -3.3383781256579619 -4.0098646201310748 -0.31933794305489521 7.0577322829904094 -4.1681542442679556 -0.92137971811402497 0.42173201049390574 7.5029900521094168 1.3764436512226241 -5.4011731174431645 0.57079717740518165 -0.14363316855243033 -0.41844914097459407 -7.3332692599446041 -1.2313804286687704 -7.9120874330283009 -0.35419099546009375 -4.6605915279451633 -2.6451293693113733 2.995831724848534 -3.0408636342136268 6.7526780855736988 0.10861368995638471
leaf_weight=0.26567165204323717 0.31530167069286186 0.37075119419023383 0.19399417843669653 0.3829581937752663 0.44124663807451725 0.39888357091695059 0.27532179025001946 0.23173822532407939 0.32990256324410439 0.5548106136266131 0.65244680782780051 0.22337122284807265 1.2030319760087866 1.1690242958720767 0.66692156181670703 1.7875757669098655 0.3706521161366253 0.53968983888626099 0.16633704886771727 0.59225786244496603 0.39519244316034019 0.31822313438169758 0.68408168572932482 0.40890536829829105 0.44782153679989278 0.21953107323497534 245.70952027989551 0.4966530476231128 0.80853192135691621 1.1840431236196298 0.34492428484372784 0.44315169588662429 0.33460934669710696 1.8455397044308481 0.7144406314473597 0.3814868724439292 0.44618817581795145 0.53871374903246649 0.23456246126443148 1.0133832325227548 0.91835601115599308 2.6960836774669579 0.5823477383237331 0.46320799295790527 0.35063168685883261 2.0754455067217346 0.38882513297721744 0.38237392716109753 0.39397181407548487 0.45636041485704482 0.20102485059760511 8.1949277208186668 0.42234923830255866 0.48184624360874184 0.39468454336747527 5.8491240721195936 0.69858425762504339 0.41239323676563699 0.40154015668667853 0.35801748000085354 0.27128132851794362 185.64805868221447
leaf_count=33 55 99 51 63 74 57 42 37 71 47 70 61 221 76 61 35 72 52 49 124 76 55 118 100 60 52 12223 109 64 95 70 61 67 50 145 60 101 44 56 105 121 299 77 49 57 213 68 43 59 84 53 486 43 77 81 151 57 74 71 61 57 8498
internal_value=0 3.03895 0.917556 -0.0242163 8.85149 -1.61836 -0.235853 -6.65067 -4.44136 -0.00676218 -4.06245 -7.81021 0.00356742 0.830959 4.38276 0.207024 3.64296 9.69088 17.6786 -0.040563 -4.06502 2.55485 -0.0327734 0.00320866 3.22257 -0.766583 -0.00621352 0.00313368 -0.382007 -0.738863 -3.42804 1.0708 2.88316 2.25813 0.0105131 1.6962 0.820006 -3.14628 1.76461 -0.961139 0.000289807 -1.25703 0.0107225 1.45545 0.564177 -0.415748 2.78171 4.46534 -0.469524 -2.19611 -3.90808 -0.704801 -4.8958 -2.65902 -4.23957 0.0858104 -2.75248 1.49913 0.137743 -0.620798 3.63242 -0.00348779
internal_weight=0 3.68017 3.30942 476.463 0.801578 2.50784 2.19254 1.25171 0.986037 475.211 1.20726 0.656134 474.004 14.9325 4.22118 10.7114 1.56754 1.20661 0.360331 459.071 0.98745 1.37131 458.084 445.785 1.31082 0.862999 444.475 442.914 9.14382 12.2983 1.88698 1.09598 0.777761 3.01456 441.879 2.66373 2.28224 1.03537 0.643468 10.4113 439.215 3.61444 435.6 4.24283 3.66048 2.53865 1.12183 0.771199 1.56477 0.850332 0.424396 9.39796 0.821233 1.56061 0.876531 7.6367 1.50712 1.19689 0.813933 0.702942 0.71747 431.358
internal_count=25940 653 554 25287 174 380 325 255 222 25032 117 151 24915 826 239 587 280 113 100 24089 200 225 23889 22851 268 208 22583 22307 307 1038 226 183 128 126 22154 506 446 153 156 812 21648 420 21228 507 430 262 168 111 288 143 114 707 100 276 158 186 121 208 145 131 158 20721
cat_boundaries=0 23 43
cat_threshold=32768 0 128 536870912 8192 2097152 0 0 0 1075838976 38400 1 524554 0 3239051264 525312 545292544 128 134217728 0 24 0 32 2148008960 0 805830656 1048578 8192 134218240 5 0 2147483648 1088 0 0 5 0 0 67117056 12583824 65536 4194306 131072
is_linear=0
shrinkage=0.05


Tree=48
num_leaves=63
num_cat=0
split_feature=67 60 48 67 8 50 6 50 47 9 70 3 41 56 63 49 57 50 66 10 63 70 67 70 49 10 54 47 9 60 10 14 8 3 17 67 66 51 48 65 10 53 49 3 60 58 49 47 58 53 58 9 42 52 3 58 51 47 66 65 58 66
split_gain=31772.2 48450.7 11725.3 12600.4 15036.2 16604.9 14595.7 16419.3 14334.2 13285.4 12199.6 11239.9 13437.4 10223.5 8524.46 7729.32 6966.56 4817.39 4184.25 6889.25 11735.6 10474.3 26319.7 5438.26 9665.93 6513.89 6003.39 4127.9 4087.48 3993.04 3659.86 3354.98 2971.58 2894.66 6063.63 3728.05 6727.41 3081 2607.74 3187.47 4738.81 4448.26 4843.51 3885.73 3132.51 3657.01 2364.23 2302.99 2245.75 2150.33 1955.42 1945.1 2217.71 2075.53 2668.85 2212.98 1804.83 1723.65 1457.36 1376.79 1425.49 1355.86
threshold=2625.9500000000003 40.391546162402719 -599.95403764046239 1220.7950000000003 8.5000000000000018 -81.083484910465089 0.50000000000000022 -200.80594713844297 -11.106982641662245 3.0003846579110155e-15 1.5904815125536971 2016.5000000000002 1.0000000180025095e-35 254.75529059574018 1641.4695833333333 -296.98033654515575 -170.58548396087323 -484.68170739230555 219.84833333333333 19.485571585149874 777.14166666666677 0.4370258369144252 520.88000000000011 4.1707719947405026 -108.79967999973368 -2.2962127484012868e-15 28.429083629401799 -114.23314635717033 10.196152422706634 -663.13995917586124 14.361215932167728 0.93301270189221952 5.5000000000000009 2019.5000000000002 1.0000000180025095e-35 154.50000000000003 120.04833333333333 109.66888289910615 430.16591300524334 767.50000000000011 -8.5 33.488046846834727 -94.409909817455528 2018.5000000000002 176.35664118792349 198.29133407053379 -89.115780699882677 -246.92461793398638 170.8461797484139 -0.57172644388888927 469.96838695465505 -14.722431864335453 1.0000000180025095e-35 -17.35993517270234 2021.5000000000002 299.9101235827012 -255.0576305151564 -189.061452948469 159.7416666666667 385.02000000000004 125.78606139506117 17.045000000000005
decision_type=2 2 2 2 2 2 2 2 2 2 2 2 2 2 2 2 2 2 2 2 2 2 2 2 2 2 2 2 2 2 2 2 2 2 2 2 2 2 2 2 2 2 2 2 2 2 2 2 2 2 2 2 2 2 2 2 2 2 2 2 2 2
left_child=2 -2 11 16 6 -6 7 9 -8 15 -9 12 -1 -12 28 -5 17 -4 27 21 -21 22 -20 29 -25 48 -27 33 -13 -23 32 38 57 34 35 -18 -37 47 39 44 43 -42 -43 -41 51 -46 -33 -35 -26 -28 61 59 53 54 -53 -55 -52 -19 -49 60 -31 -29
right_child=1 -3 3 4 5 -7 8 10 -10 -11 13 14 -14 -15 -16 -17 18 30 19 20 -22 23 -24 24 25 26 49 50 -30 31 -32 46 -34 37 -36 36 -38 -39 -40 40 41 42 -44 -45 45 -47 -48 58 -50 -51 56 52 -54 55 -56 -57 -58 -59 -60 -61 -62 -63
leaf_value=9.4481966219581714 0.30443335273008904 23.148829022963312 -8.291187326741186 -1.7326595279028236 21.921359953145917 0.54768030031883441 -8.2566597494067846 -7.2341945731521697 3.7372015112880259 14.676921154624466 -1.0446140473710483 -8.5623714978049659 -6.0578729164524896 8.6701222851005042 -14.99058670027277 7.9550494766622393 -1.4950460992082442 2.5468809430493557 -1.033825372555311 -0.20076880447163534 -8.8571320196790282 -3.8373168651032006 18.020166101006165 5.9181606267276869 -0.066965888687332512 0.56663853380796536 7.0046444816180289 -0.062968408719934379 -0.64599359165613635 0.99004983834611826 -6.6268794816745746 0.8014920115034434 -4.1059888624046748 -3.0407853655761565 7.417159153292002 8.1610321320305932 -0.81203519355816622 -5.0297173315180626 3.4171206687284155 -1.5745729981905221 -4.6541480152481771 6.4732437384303099 -1.3771514232506761 -9.1670982760910125 0.42951933882921378 4.735411671710958 5.0028783095820888 -1.1279397008288841 -4.5434363127452686 2.8114627380502073 -4.6700229404933804 0.22222977928435328 -2.8338613626977023 -0.35767349215734789 4.1685414162999797 -4.1403234948595093 -0.48215077411208079 -1.0704278759355808 1.5255624621664703 -0.13202012872035335 5.1803787040640898 0.13185875845044903
leaf_weight=0.26189372153021284 0.61073250253684719 0.3743842535186559 0.3238862864673141 0.34194204420782626 0.20366584323346615 0.16407392127439369 0.60317308222874999 0.41076519549824198 0.4243845578748735 0.45365574955940247 0.67938312212936558 0.32745100231841207 0.29949534963816404 0.4503316986374557 0.28464670316316187 0.51747823785990499 2.5689069291111073 0.51673463406041298 0.44650330836885288 2.056206278968602 0.48362969560548652 0.5840080082416631 0.30506542092189193 1.2377653855364767 0.54393136198632397 2.4937214378733183 0.59280106588266768 307.14393761125393 0.32479185611009598 0.42564311623573725 0.33286406565457571 0.71809685183688998 0.54278683336451639 1.4564084324520079 0.25907246093265701 0.3137383919674902 0.62501181336119771 0.63378587784245599 0.58554038289003152 0.34688110090792168 0.35337097500450798 0.35153866047039617 0.44544295803643774 0.3277247219812125 1.2991939680650824 0.79474962875246991 0.62739862152375347 3.2980117220431571 0.57779496256262064 0.6313889401499182 0.42600793740712106 1.9544666358269798 0.81618363084271539 4.6456457998137735 0.54871237603947509 0.42175974277779449 0.64952503843232878 0.90798586816526849 0.61374432081356634 0.62528333556838334 0.38794204243458807 125.9078218168579
leaf_count=78 93 64 66 50 68 52 62 48 61 50 82 62 86 55 62 67 661 83 87 193 87 70 54 92 89 102 53 10089 68 56 55 88 136 184 70 69 131 42 96 74 59 42 84 32 160 91 92 267 24 51 90 354 68 608 58 38 88 61 47 99 53 9707
internal_value=0 8.98623 -0.00247309 0.0114161 2.72211 12.3851 1.80653 3.64652 -3.30316 7.75459 0.144878 -4.41872 1.17587 2.82792 -7.77102 4.10055 -0.0129774 -2.58199 0.00138127 0.622579 -1.84909 0.894473 6.70028 0.699126 1.97522 0.966793 1.97437 -0.0344836 -4.62032 0.222154 -1.77815 0.373394 -0.957836 -1.05093 0.0355335 -0.509667 2.18684 -1.73278 0.149253 0.0100368 -1.93591 0.0152233 2.08556 -5.26304 0.307973 2.06381 2.76058 -1.34353 -2.37277 4.84197 -0.0116117 -0.0662127 -0.357602 -0.090637 1.08729 -0.672503 -2.14093 0.241541 -0.711612 1.63222 2.98813 -0.0063233
internal_weight=0 0.985117 477.896 476.397 4.24885 0.36774 3.88111 2.85356 1.02756 1.31308 1.54048 1.49828 0.561389 1.12971 0.93689 0.85942 472.149 2.62426 469.524 25.6284 2.53984 23.0886 0.751569 22.337 6.0774 4.83964 3.71791 443.896 0.652243 16.2596 2.30037 15.6756 1.96751 9.76868 3.76673 3.50766 0.93875 6.00195 14.3301 13.7445 1.82496 1.15035 0.796982 0.674606 11.9196 2.09394 1.3455 5.36816 1.12173 1.22419 434.127 9.82564 8.38677 7.57058 2.50318 5.06741 1.07553 1.42472 3.91176 1.43887 0.813585 433.052
internal_count=26008 157 25851 25495 595 120 475 352 123 167 185 356 164 137 192 117 24900 401 24499 3054 280 2774 141 2633 411 319 206 21445 130 2222 335 2152 280 1471 931 861 200 540 1972 1876 291 185 126 106 1585 251 180 498 113 104 19974 1334 1126 1058 412 646 178 144 314 208 109 19796
is_linear=0
shrinkage=0.05


Tree=49
num_leaves=63
num_cat=3
split_feature=66 57 66 0 66 89 50 66 63 47 50 47 58 47 19 66 33 49 53 63 3 19 63 71 50 47 66 60 3 63 84 48 66 59 53 60 50 20 5 50 0 51 68 65 71 51 63 58 49 51 4 0 66 51 8 59 24 51 53 59 3 21
split_gain=14860.6 54544.9 49521.6 12758.3 17815.8 14421 16525 14314.1 14577.1 14236.9 11946.7 7817.58 6528.26 6199.67 5154.27 4253.75 11127.9 9052.56 8943.63 6461.68 5116.83 8626.83 5993.17 8574.91 4772.56 4107.87 3950.36 4059.98 3750.74 3565.61 5057.96 5461.39 3647.37 3734.93 3038.52 3904.82 2936.04 2676.14 2644.61 2584.79 2532.78 2496.82 2488.63 2475.08 2269.85 2197.62 2386.74 3573.92 2090.32 2131.4 1999.57 1903.04 5354.93 2162.03 1912.25 1903 1793.62 2003.58 2023.67 1809.95 1601.69 1689.34
threshold=1822.7566666666671 -50.772221314266382 2329.1133333333337 0 676.48500000000001 1.0000000180025095e-35 132.25174798525745 1170.1450000000002 1132.1491666666668 217.21652551155452 -376.71482540700151 -595.91277181888972 274.23978065392095 -1045.8962176780105 -1.0000000180025095e-35 219.84833333333333 -0.6830127018922193 -80.57810815199467 -361.38199707633561 64.253000000000014 2016.5000000000002 1.8369701987210299e-16 981.90000000000009 5.4035885154949161 -244.25908376546539 -14.964470948811583 538.73333333333346 -49.721096330133634 2017.5000000000002 755.65750000000014 1.0000000180025095e-35 181.92669143992745 97.693333333333342 -449.20721973584131 165.17721103422897 -297.62066683487069 -55.83131341673937 -0.5 -0.24999999999999997 -200.80594713844297 1 29.699552839536981 0.83333333333333337 498.00500000000005 -11.744382540152115 414.87536936936948 301.49125000000004 123.67752508050778 -140.75705334723094 146.98202491641473 -0.6830127018922193 2 40.00833333333334 90.944915926760245 1.5000000000000002 195.38572956609769 0.6830127018922193 157.38511805804853 -66.369578548231303 -10.748981798121802 2021.5000000000002 1.0000000180025095e-35
decision_type=2 2 2 9 2 2 2 2 2 2 2 2 2 2 2 2 2 2 2 2 2 2 2 2 2 2 2 2 2 2 2 2 2 2 2 2 2 2 2 2 9 2 2 2 2 2 2 2 2 2 2 9 2 2 2 2 2 2 2 2 2 2
left_child=3 -2 -3 9 15 6 7 8 12 11 -11 13 -6 -1 -12 24 17 -17 -18 -20 21 39 26 -24 55 -19 34 -28 -16 32 31 36 -13 -34 35 -22 42 -35 -15 -21 -26 -23 -31 -29 -38 46 47 -37 -41 50 -50 52 -42 54 -54 -5 57 58 -39 -60 61 -48
right_child=1 2 -4 4 5 -7 -8 -9 -10 10 14 29 -14 38 28 16 18 25 19 20 22 41 23 -25 40 -27 27 43 -30 30 -32 -33 33 37 -36 45 44 56 -40 48 51 -43 -44 -45 -46 -47 60 -49 49 -51 -52 -53 53 -55 -56 -57 -58 -59 59 -61 -62 -63
leaf_value=-12.852017320078284 -4.7524941075072267 2.1305462154739403 32.76825144717295 -1.4514218464982958 1.0600594800764893 10.640120272503374 -4.5575030719660887 10.814398823410954 -4.8904878971358627 -15.392604148174545 -10.570701341579044 -0.56087101348856483 8.1271655335140771 0.68709910017815745 2.3971024719497271 10.914001858058604 -6.7998547760188464 6.0933272894986983 5.489952222501012 6.097671645931463 -3.068714006554381 5.0661736143923974 0.14471994528838444 -9.3719175063077653 -0.47013538313179998 -0.49178887696330159 5.5278208772850785 3.2165999879355702 -4.9136402322150605 -1.4794350755472774 5.0996434776782813 4.3179064815926251 -7.7498092169410491 0.44487311876032476 2.8213559281362479 0.52694084441487377 3.7101959367929229 -4.4729752758981665 -6.8461778322471574 -4.1041187805965276 0.14927473778727623 12.025732722573395 -8.1229254920864484 -1.6819364960997651 -3.2953205313702605 -1.7700488725194607 -0.94263106579222677 4.0887625840252966 3.1907382547965444 4.73083367406905 -1.54189927339897 -0.0099694805815936961 3.9354318118000529 0.37966595428025474 1.651601890816476 -4.9597006570319486 -0.043554656127478192 -6.2701509138235663 1.3160159140912349 -2.7382709872468785 1.5747634254118263 1.7948101258631017
leaf_weight=0.25530538917519152 0.58416351652704179 0.26418333267792948 0.26339042256586254 2.7488588690757747 0.61925543751567624 0.59054549317806948 0.71541093359701324 0.5969189042225479 0.55296382727101434 0.32340729259885836 0.2517253323458134 3.9483895937446487 0.69188374560326338 0.22818513051606715 0.27160115074366231 0.44249157793819904 0.42257427005097525 0.40956149017438293 0.64090598607436078 0.2143777043092997 1.0551597613375712 0.27976734354160715 0.58507289993576783 0.39753085793927312 17.657685129437596 0.56152463797480112 0.69542833487503219 0.48088357690721817 0.49553561094217002 0.26001850003376581 0.4941259454935788 0.38339248276315618 0.33366153854876435 0.75071342010050779 0.91963620157912451 3.5328922339249278 0.23644482647068799 0.9492112910374978 0.23803054634481569 0.2349804595578463 24.963178689125929 0.23894110042601824 0.30787002248689532 0.55603375611826777 0.22628358169458718 1.3884343309327949 4.7323377667926252 0.87962295324541617 0.32478057849220909 0.29877368733286847 0.71350818336941568 394.58667003619485 1.462602568091824 1.724553976440802 2.4549807223957032 0.44978261413052667 0.4750560987740754 0.48926048865541805 0.40929917735047638 0.8407274237834006 0.9870456876233219 0.63978986185975362
leaf_count=69 71 34 67 495 72 57 92 74 52 69 47 170 51 55 83 57 70 49 45 51 102 56 77 58 956 84 60 51 74 78 47 91 63 59 99 310 51 151 47 57 647 58 67 59 56 63 553 86 71 72 180 18893 28 78 205 72 73 62 60 78 86 99
internal_value=0 5.77247 17.4264 -0.0149709 0.0396292 3.46526 2.13134 4.07577 1.91794 -1.18726 -7.02007 -1.56075 4.78935 -6.58886 -4.36246 0.0128845 0.697621 4.98649 0.397764 0.551409 0.38617 2.5956 0.0839115 -3.70541 -0.0203233 2.28552 0.318571 2.57212 -2.32531 -1.20172 0.744923 -0.776836 -1.6549 -2.67179 0.042381 -0.151005 -2.67209 -2.23892 -3.15908 0.947368 -0.00642346 8.27207 -5.08108 0.589822 0.284356 0.102171 0.343494 1.23698 0.245027 1.00936 -0.0615127 0.023342 0.349505 1.85486 2.50425 -1.94474 -2.87579 -3.37625 -2.73244 -1.41077 -0.27648 -0.616617
internal_weight=0 1.11174 0.527574 483.616 471.447 3.76698 3.17643 2.46102 1.8641 12.1682 1.34227 10.826 1.31114 0.721521 1.01886 467.68 21.6321 1.41358 20.2185 19.7959 19.155 2.30513 16.8499 0.982604 446.048 0.971086 15.8673 1.73235 0.767137 10.1045 1.90814 1.41401 8.19632 4.24793 14.1349 13.2153 1.03062 3.91427 0.466216 1.78642 442.85 0.518708 0.567889 1.03692 0.462728 12.1601 10.7717 4.41252 1.57204 1.33706 1.03829 425.192 30.6053 5.64214 3.91758 3.19864 3.16355 2.6885 2.19924 1.25003 6.35917 5.37213
internal_count=26047 172 101 25875 24325 398 341 249 175 1550 273 1277 123 171 204 23927 2553 190 2363 2293 2248 545 1703 135 21374 133 1568 170 157 1106 390 343 716 546 1398 1299 252 483 102 431 20807 114 145 110 107 1197 1134 396 380 323 251 19851 958 311 233 567 424 351 289 138 738 652
cat_boundaries=0 22 44 67
cat_threshold=655360 256 1157628416 3145730 8192 512 0 0 0 1024 0 0 1 0 2147483648 67108868 1082132098 131073 4202626 0 4 2097152 2 128 536871044 4096 4120 33562624 130 0 4096 24 1024 2097152 0 268435456 0 33562624 2064 128 0 3288334336 576 302514176 4096 1075879936 1056768 2147483656 1073741824 536875025 33562624 0 1025 0 0 0 2176 0 12288 0 0 8912928 33554496 2097152 0 134219776 1
is_linear=0
shrinkage=0.05


Tree=50
num_leaves=63
num_cat=3
split_feature=67 1 9 70 57 72 67 77 67 48 56 54 66 53 24 1 55 60 58 57 70 0 8 58 10 49 66 48 10 51 54 56 54 50 67 56 58 54 66 0 66 51 67 50 70 60 50 56 55 56 59 58 54 58 54 57 51 66 60 56 55 4
split_gain=23486.4 55003.9 39903.2 21960.4 11337.7 9453.42 61902.1 16391.1 10288.2 10105.2 7953.02 6421.38 5979.86 5607.04 4778.51 4404.84 4289.33 10985.9 4712.62 12141.2 5727.3 3398.21 3342.71 3246.14 3126 5258.46 3683.52 3019.37 2820.79 3122.66 2964.9 2796.94 2978.14 2775.68 2849.86 4195.79 2353.09 4453.4 2900.33 3579.34 4200.94 4626.71 3935.86 3740.79 3333.9 2353.46 2319.36 2281.94 2182.93 2143.97 1974.46 1919.61 1909.79 1868.98 1866.73 1860.98 1599.99 2919.29 3278.19 2379.1 1574.74 1497.86
threshold=2155.0000000000005 10.500000000000002 4.7500000000000009 2.1354301415579591 -232.03305432101476 0 1220.7950000000003 1.0000000180025095e-35 711.44000000000017 -336.12094607575602 530.9234500182032 579.01686534539442 209.16333333333338 71.490383330583441 -1.0000000180025095e-35 10.500000000000002 242.01263879013146 -168.26397466427133 567.30010566292719 70.068579162089236 1.5111279016076902 1 3.5000000000000004 74.497154302313803 6.2810889132455374 -94.409909817455528 410.00000000000006 -532.42287500028897 -1.9288187086570806e-15 -255.0576305151564 246.02331170220825 181.84754324039133 231.37183244272754 -303.7887476128243 82.015000000000015 233.95678659985046 469.96838695465505 162.08570560700585 245.26333333333335 2 651.89166666666677 544.16612634051569 640.33000000000004 -81.083484910465089 2.7569997569997571 -329.08168475738427 -178.32277173797104 868.95041000998697 -28.098305632479601 87.291181053870233 -169.25343112824316 567.30010566292719 114.36867630441181 260.0814953668401 1.9245142156880868 18.979286141169005 366.08093507427947 526.91166666666675 -270.05930539954363 111.79520292112636 31.941933989769115 1.0000000180025095e-35
decision_type=2 2 2 2 2 9 2 2 2 2 2 2 2 2 2 2 2 2 2 2 2 9 2 2 2 2 2 2 2 2 2 2 2 2 2 2 2 2 2 9 2 2 2 2 2 2 2 2 2 2 2 2 2 2 2 2 2 2 2 2 2 2
left_child=4 2 3 -2 10 6 8 -8 11 15 14 12 33 -14 -1 27 18 -18 21 20 -20 23 -13 -11 25 -19 -27 48 30 -30 51 -16 -33 -6 -35 54 38 -38 49 44 41 42 53 -44 45 -40 52 -26 -7 60 -48 -29 -47 55 -36 -41 57 58 -25 -59 -23 -57
right_child=1 -3 -4 -5 5 9 7 -9 -10 16 -12 22 13 -15 31 -17 17 24 19 -21 -22 36 -24 56 47 26 -28 28 29 -31 -32 32 -34 34 35 -37 37 -39 39 40 -42 -43 43 -45 -46 46 50 -49 -50 -51 -52 -53 -54 -55 -56 61 -58 59 -60 -61 -62 -63
leaf_value=1.2928249892553438 2.143865571072483 22.569431090771786 11.964107217276151 -13.887711660090416 -3.3094873484816194 -2.445665408726974 23.79099349798334 8.6755051846933711 5.8117968093745853 -0.34556879620799441 -11.54119007769588 -6.969195002123822 1.1989117399584635 7.7318953070801175 -1.5112859379581183 -8.1509530729743425 -8.798942240364136 -4.4666327066927698 -3.9938731995786969 9.3547367548183296 5.4306438465509208 0.002811839036723321 -0.10294489998828082 -5.6711779915902278 -6.1446628573749056 0.88435262344152088 8.2174495749117558 1.8547019540261989 -1.3261376585423925 5.4437313456888079 -6.7472197258840669 -9.4652189805550808 -2.5814307814283817 -0.019592654583756489 3.2036688848822963 6.0475055133698268 -5.2370288972814052 1.1653898503622897 3.0546400829350975 1.106576443070211 5.1995675961263439 -1.9635333137023983 7.1416191122163575 1.922843362529034 -5.0460356790141025 -1.1530504418359417 1.8351113651337074 -4.5752598395867639e-05 -7.5762112214058437 -0.49855624654957725 -0.97363941589465997 -2.8748845003244994 -6.3299977588066181 -1.8754876951249433 -0.039409306032588166 2.0531335517655238 -4.2209720052269182 -1.5124088688215236 -1.4902599379485304 3.5743052945831084 0.82195538609363072 6.0437197218322147
leaf_weight=0.55715381633490313 0.44595785718411096 0.38158157700672735 0.52591945743188262 0.41000583209097385 0.4912267171312078 0.468318723840639 0.34828557516448277 0.36976191168650985 0.98590751923620779 13.51293166447431 0.28397365496493865 0.41859997506253499 0.79330126149579949 0.56048134597949684 0.48805399728007504 0.35149212996475387 0.49476475431583855 0.27431472553871572 0.49474789923988172 0.47224801802076399 0.23911160044372082 387.4765362048056 0.30744013120420277 0.51694385567680079 0.30679076863452781 0.45314457151107379 0.27528112172149122 0.3389046215452256 0.42577427159994841 0.2839193243999022 0.31645480799488723 0.36876052990555763 0.2737632563803345 6.3374143375549412 0.64131752564571876 0.50321512902155507 0.59356794273480662 0.50074077630415559 0.40016163839027274 5.2897695151623285 0.78504749760031778 0.92532525467686433 0.60537756490521133 0.7933817235752938 0.46505192876793433 0.38195847766473878 0.75174113083630745 0.29772997088730335 0.37201920291408952 21.410783141618595 3.7315956512466077 0.58463817927986383 0.33386031002737582 0.44190910179167975 1.440111879026517 0.68927916022948899 0.56513457070104767 0.43770189769566048 5.0391957908868772 0.48410456511192024 5.9573740137275299 0.3569034724496305
leaf_count=92 47 79 64 57 82 107 59 51 85 311 59 59 99 76 91 71 87 49 95 71 45 16431 87 46 56 96 50 44 67 60 62 65 51 493 47 80 55 66 64 554 88 51 54 90 39 61 125 52 90 2117 555 100 49 57 155 89 46 43 404 71 1129 60
internal_value=0 5.76494 1.12469 -5.53525 -0.01603 -0.000227656 0.985068 16.0072 0.910068 -0.0489622 -3.79965 0.489586 0.796486 3.90364 -2.49707 -2.87609 -0.0305491 -2.28397 -0.0201077 3.10115 -0.923106 -0.0284282 -4.0617 -0.537639 -0.278458 1.43366 3.65562 -2.21155 -1.13169 1.38221 -2.57048 -4.36475 -6.53221 0.349627 0.551089 1.95037 0.00806957 -2.30737 0.0141386 0.675748 0.840291 1.3875 1.76673 4.18151 -0.36925 -0.640275 -0.92466 -3.1184 -4.71697 -0.0113012 -0.502684 -1.13931 -3.5676 1.26839 0.959828 1.48766 -1.6695 -1.44692 -1.87925 1.15898 0.0152153 3.41452
internal_weight=0 1.76346 1.38188 0.855964 474.065 472.093 13.1971 0.718047 12.479 458.896 1.97171 11.4931 10.7671 1.35378 1.68773 3.14152 455.755 2.10203 453.652 1.20611 0.733859 452.446 0.72604 20.556 1.60726 1.00274 0.728426 2.79003 1.94969 0.709694 1.24 1.13058 0.642524 9.41329 8.92206 2.58464 431.89 1.09431 430.796 15.9514 9.88699 9.10195 8.17662 1.39876 6.06437 5.59932 5.19916 0.604521 0.840338 414.845 4.48334 0.923543 0.715819 6.77786 2.08143 6.33595 7.04308 6.47795 5.55614 0.921806 393.434 1.04618
internal_count=25835 247 168 104 25588 25230 1373 110 1263 23857 358 1178 1032 175 299 601 23256 390 22866 211 140 22655 146 921 303 195 146 530 333 127 206 207 116 857 775 282 21734 121 21613 1936 1043 955 904 144 893 854 790 108 197 19677 680 144 110 760 202 703 610 564 450 114 17560 149
cat_boundaries=0 23 45 64
cat_threshold=2048 0 128 0 0 2097152 18496 0 0 0 5120 1026 134742274 0 1073741824 265218 545259808 130 0 0 8 512 57 8 536871168 536880136 5246978 0 4608 1 0 2147483648 4027580448 0 0 0 0 0 8192 536871840 1048577 2 67108864 0 2097152 525364 0 524288 0 0 671088640 0 0 0 271876 4096 0 0 0 0 67108864 8388608 1078067216 4210816
is_linear=0
shrinkage=0.05


Tree=51
num_leaves=63
num_cat=2
split_feature=66 81 58 51 0 66 58 53 49 57 55 58 63 60 0 66 71 10 58 47 10 51 66 51 66 79 57 66 53 5 57 47 71 55 71 60 65 57 47 63 1 66 54 65 65 78 10 8 66 9 60 14 65 51 10 47 50 57 57 22 49 55
split_gain=27391.5 63903 31363.6 27196.7 9949.99 10742.2 12722.3 17014.7 11568.9 10633.7 7995.35 5961.08 5824.71 5089.56 4745.17 15983.6 10936 18908.4 5118.57 4062.79 4047.3 4338.27 6624.89 4045.42 6496.12 9108.42 3753.74 3457.29 2738.02 2715.3 2539.37 2450.13 2235.26 1939.05 1914.61 1826.26 1823.04 1721.75 2043.24 2830.21 1684.6 1634.83 2197.36 2546.3 1743.85 1930.36 1583.66 1580.84 3227.93 1732.4 1532.77 1528.27 2146.78 1519.67 1475.16 1473.09 1463.69 1357.25 1341.07 1292.87 1368.73 1251.68
threshold=1326.2433333333336 1.0000000180025095e-35 794.22466189021009 414.87536936936948 0 714.5100000000001 794.22466189021009 133.06703474063639 55.820843878198751 -136.66980336287736 345.17420738646473 422.24866601664434 1047.0491666666669 0.88642467601492492 1 209.16333333333338 17.882438306234516 8.8301270189221963 252.36432372737656 327.15482127008318 -21.325317547305477 414.87536936936948 416.5841666666667 125.73486527804668 651.89166666666677 1.0000000180025095e-35 237.08215660809586 65.813333333333347 -110.86048364095471 0.6830127018922193 171.60887621172881 -529.98381173502253 -25.48529903719794 -86.174300943726692 15.996246867219964 202.9088301859845 569.11000000000013 -136.66980336287736 239.06779622317765 732.83766233766244 11.500000000000002 230.99333333333337 174.65306313076741 254.75500000000002 55.055000000000007 1.5000000000000002 1.0103336092965665e-15 9.5000000000000018 49.568333333333335 16.727241335952172 33.075321643858146 -0.68301270189221908 556.12000000000012 323.76323324943735 -5.0000000000000009 -0.48896757399941787 3.4453858263801043 -70.080192865682633 10.749193431942214 -4.592425496802573e-16 -296.98033654515575 -45.598174847536349
decision_type=2 2 2 2 9 2 2 2 2 2 2 2 2 2 9 2 2 2 2 2 2 2 2 2 2 2 2 2 2 2 2 2 2 2 2 2 2 2 2 2 2 2 2 2 2 2 2 2 2 2 2 2 2 2 2 2 2 2 2 2 2 2
left_child=4 2 3 -2 9 14 7 8 11 12 23 13 -1 -7 15 27 17 -17 33 -12 -20 26 61 24 34 -26 30 35 57 32 31 46 -25 40 59 -6 50 -33 47 -40 -16 55 43 44 -43 58 -22 49 -49 -39 -30 52 -45 -53 -44 -35 -56 -29 -46 -11 -61 -23
right_child=1 -3 -4 -5 5 6 -8 -9 -10 10 19 -13 -14 -15 18 16 -18 -19 20 -21 21 22 -24 29 25 -27 -28 28 36 -31 -32 37 -34 41 -36 -37 -38 38 39 -41 -42 42 54 51 45 -47 -48 48 -50 -51 -52 53 -54 -55 56 -57 -58 -59 -60 60 -62 -63
leaf_value=-4.2374310488162665 -10.406037693905034 25.416808607101341 10.807526548029172 6.4325811341722066 -0.025748786247042289 8.2815131630301622 11.095803561708701 -6.2983942466139862 10.987721801383394 0.97584397715463445 -3.6713784294157592 -1.3368437400745492 -13.513355904109918 0.70892917427147939 -0.64307628302537068 3.1269580660714973 -0.91337584129077676 15.100408576351695 2.336904172325891 -11.655962422738179 -1.6359301582619992 -3.0182109175266674 -8.1175605947289995 -8.2917969583027098 9.3514293693305763 -2.5276219013719246 -5.8485564486963835 -4.2424657296881412 4.0028430935784796 -0.44270302892850372 3.0695540656935063 2.112131590686861 -3.2966124701335815 -0.1103977842594113 -3.1088328693975331 1.9889384497360258 -0.0023496545692763089 -0.49964885740642462 -1.1574841490672543 -6.6000566540541703 -3.7668533898156564 0.19548598970101339 4.9556136167835874 -0.42231812877422609 0.71685774981268435 4.4357553561981753 -6.8479545822788772 -0.95236466095400374 8.0683201347551776 -3.1842979348723026 1.2567626083803534 0.53149706875721636 -3.8285709498740133 -2.7171605865475645 3.3438112767737063 0.078610556511525126 -1.5323031446097701 1.1668769297035595 3.7120313154213025 -3.3676168231464505 -0.93238741432591432 1.2125391608453748
leaf_weight=0.43620038451626797 0.60217082896269747 0.34561009262688447 0.59343995666131366 0.39848045422695577 14.376320567214867 0.4607379313092681 0.41663533868268121 0.53177625336684275 0.4337042428087442 0.79525262373499028 0.39651447697542685 0.78890608600340784 0.27652692352421582 0.42801572568714619 6.0757919775787732 0.90810575964860507 0.53418568219058205 0.51770371268503368 0.81876473431475361 0.26632224814966321 0.31295290845445833 0.33715218142606318 0.56070995517075062 0.37213271693326533 0.35530082485638637 0.29564212076365948 0.376901068491862 0.24327593226917088 1.5535011682659385 0.41928191110491753 0.41386456205509681 0.50478825648314796 0.56245155655779011 205.16521459561773 1.1632482039276508 1.2203131136484433 0.5935118575580417 5.8667217963375169 0.74393532704561927 0.35182898305356503 0.46459844848141063 2.4347660201601666 0.43615501187741756 1.9251871439628296 1.8281512283720083 0.6391165954992174 0.27277715364471078 0.26945999916642893 0.15692553156986833 0.66949121397919942 0.75516066886484612 4.5049230735749015 0.60885518486611534 0.39124620892107476 0.34420901862904318 207.1966900031548 0.27835924574173987 0.22157872375100884 0.46974808769300569 0.63374043395742319 6.4449782548472312 0.36310354550368973
leaf_count=98 76 66 86 53 630 49 74 67 53 25 98 82 64 56 752 88 70 74 96 53 85 41 62 42 39 70 74 68 109 49 58 75 78 11149 140 75 81 634 90 68 59 66 43 169 171 70 56 87 51 61 75 676 63 43 57 7762 49 35 57 135 426 59
internal_value=0 5.92615 1.70044 -3.70054 -0.0275113 0.0218082 2.97518 1.69514 3.70842 -1.05627 -1.54584 1.82659 -7.83634 4.63463 0.00287232 0.602087 5.1884 7.47445 -0.0379986 -6.87952 -1.05663 -1.3047 -4.06745 -1.22567 -0.867906 3.95626 -0.954214 0.445563 1.89857 -3.78579 -0.761311 -0.934606 -5.28559 -0.0105855 -1.21539 0.131885 2.46921 -0.720607 -0.898054 -2.90499 -0.864975 0.00252515 0.53664 0.355598 1.18493 2.00517 -4.06319 -0.582205 2.36758 -0.774632 3.1046 -0.243979 -1.24074 0.271901 2.72579 -0.015428 1.16363 -1.66404 1.32915 -0.935661 -1.15041 -0.82444
internal_weight=0 1.9397 1.59409 1.00065 481.183 468.766 3.05978 2.64314 2.11136 12.4176 11.7049 1.67766 0.712727 0.888754 465.706 20.9237 1.96 1.42581 444.782 0.662837 12.0194 11.2006 1.26097 11.042 9.68816 0.650943 9.93965 18.9637 3.36703 1.35387 9.56275 9.14888 0.934584 432.763 9.03722 15.5966 2.90217 8.56315 8.05836 1.09576 6.54039 426.223 13.8607 12.802 5.37178 2.93702 0.58573 6.9626 0.426386 6.53621 2.30866 7.43021 2.53404 4.89617 1.05872 412.362 0.622568 0.464855 2.2979 7.87397 7.07872 0.700256
internal_count=26067 281 215 129 25786 24469 381 307 240 1317 1155 187 162 105 24088 1305 232 162 22783 151 1597 1501 162 1004 835 109 1339 1073 368 169 1265 1207 120 21186 726 705 265 1066 991 158 811 20375 1464 1315 364 298 141 833 138 695 184 951 232 719 149 18911 106 103 228 586 561 100
cat_boundaries=0 21 44
cat_threshold=0 256 83890176 5373984 8192 512 4 0 1024 805323776 0 0 0 0 4096 67108864 814220048 8 268435586 0 8 0 1073751072 262144 2147483648 1107362832 16 8448 0 131072 0 0 0 0 0 0 1082130704 0 142606336 537002048 1 608 805830656 1
is_linear=0
shrinkage=0.05


Tree=52
num_leaves=63
num_cat=2
split_feature=71 52 57 66 51 8 56 9 71 8 59 77 46 72 51 66 65 49 54 70 52 72 66 67 3 52 50 70 40 55 51 50 65 64 56 4 51 66 70 19 42 48 55 59 47 49 9 54 4 65 56 57 47 64 55 65 67 59 66 54 48 67
split_gain=18095.4 55591.2 14520.3 16103.2 27250.9 15178.8 11404.4 10329.4 9535.65 9003.69 7852.12 37840.5 10884.4 8517.46 11711 9100.59 15108.7 13077.9 7480.8 7219.55 6687.11 3803.59 10018.3 10520.2 5308.4 7445.35 4427.34 4092.58 3738.22 5793.8 3366.87 3198.6 3065.54 2617.1 2573.76 2234.66 2169.02 2950.34 4124.86 4800.54 2914.42 2072.98 2193.82 1963.86 2006.52 1836.29 1742.97 1727.95 1562.26 1691.99 2147.71 1560.65 1544.52 1633.04 1437.99 1400.75 1363.02 1290.67 1403.5 3177.25 1848.78 1576.22
threshold=-97.656987281081044 248.33157547699346 -232.03305432101476 1326.2433333333336 183.89508221193088 3.5000000000000004 454.66401873799265 -6.0000000000000027 -128.9160027870366 3.5000000000000004 948.71422681475394 1.0000000180025095e-35 1.0000000180025095e-35 0 469.868118748521 634.05666666666673 900.04000000000008 65.803735741074817 183.57112532746012 0.92317252776519509 80.980068657811756 1 96.466666666666683 951.98500000000013 2018.5000000000002 47.20332985268832 -169.11454241393756 2.4000224345192476 9.1848509936051497e-17 -58.932755105881078 -501.73779365149136 -484.68170739230555 712.24500000000012 425.94000000000005 175.7025479797725 1.0000000180025095e-35 544.16612634051569 248.22166666666669 1.7146759343942446 0.25000000000000033 1.0000000180025095e-35 13.776623593726198 -27.250246719595438 179.93430373230376 -137.47439533271501 -48.129666964450308 -19.959292143521036 60.86361866564576 0.68301270189221941 457.61000000000007 217.38740975376723 6.93938932765258 37.872964872029641 97.512500000000017 -3.5550106622714659 26.080000000000002 460.72000000000008 -182.85929333538573 111.55833333333335 4.1159339816664433 25.814415911327846 380.3300000000001
decision_type=2 2 2 2 2 2 2 2 2 2 2 2 2 9 2 2 2 2 2 2 2 9 2 2 2 2 2 2 2 2 2 2 2 2 2 2 2 2 2 2 2 2 2 2 2 2 2 2 2 2 2 2 2 2 2 2 2 2 2 2 2 2
left_child=1 7 5 10 -5 18 34 9 -9 -1 13 12 -12 14 28 21 17 20 -2 -18 -17 22 52 24 25 32 31 41 30 -30 -4 33 -24 -23 -7 -27 37 45 40 47 46 42 -26 44 55 57 -39 -40 -32 -50 -51 -46 -15 -54 -49 -33 -57 -28 -59 -60 61 -61
right_child=2 -3 3 4 -6 6 -8 8 -10 -11 11 -13 -14 15 -16 16 19 -19 -20 -21 -22 26 23 -25 27 35 36 -29 29 -31 48 43 -34 -35 -36 -37 -38 38 39 -41 -42 -43 -44 -45 51 -47 -48 54 49 50 -52 -53 53 -55 -56 56 -58 58 59 60 -62 -63
leaf_value=12.256591417766654 -2.8849524302150567 22.20887009818393 2.9501488177102706 -3.458927009644996 13.072466882052693 -1.9696737670112818 -14.823168398428678 -11.787317662402582 1.680030426965033 -1.6151008753656251 15.526830232784569 -8.3044603972409465 3.7397872009241198 -0.15747957529540341 -8.7757695285839716 0.86103075238244653 -9.7145644655532948 13.388805555545083 5.5139869958649399 0.68444229585582383 8.3123828918994125 -1.1328120641254835 5.0355822093869715 10.406618464118118 -1.645697132389971 6.583416019700767 -1.9549334150504944 2.9033533935084463 0.054987987852009812 -7.9455434011149668 -1.9483679968287657 1.0184746165670815 -1.2955670545578202 -8.483146495173516 -7.3688176236960095 13.550644934732574 -1.9820171495134558 3.3021858385747715 0.45793883048871209 4.9485809077063188 -3.3559200177051056 -3.0952204980884446 3.351892498352401 -3.5721712555235436 -0.39392330473351267 -0.0022916704405487572 0.06287296503105029 1.2185021499349735 -1.3835763031721608 3.7942784294477772 -1.3185087165309197 2.4996422247785568 2.7805484151448692 0.2036139126516221 5.1898654941529108 -1.5731120062426935 -4.7641040820984895 -0.62812312674990078 3.7869194389095515 -0.055375671219747152 2.3806486503406417 -2.7173846550237597
leaf_weight=0.22255146666429937 0.69150494970381193 0.37275857431814075 0.44640001957304676 0.42447192850522586 0.60402826336212456 0.46718437713570871 0.38554823631420732 0.27030975255183876 0.25584633136168011 0.24658970045857131 0.44815823482349404 0.41111705359071493 0.34789095330052078 8.5745229816529882 0.6039597103372224 0.97016907436773114 0.26301785418763746 0.4030935892369597 0.42996200802735984 0.45673644891940057 0.43660010094754398 0.21738257049582888 0.38752366974949726 0.42781305871903885 0.46510938811115921 0.23767264652997255 1.3933516801334942 1.4542369917035101 0.38789683138020337 0.54315477400086898 5.8838402708060986 0.40236098342575166 0.37739902618341148 0.27341715665534139 0.41841514967381954 0.22313960082828999 1.3915374968200911 0.45005603507161129 2.7810311226639901 1.0239218105562029 0.59664974967017759 0.60071303579024971 0.41600233642384432 0.66730527603067447 1.937381720170378 398.32048963126726 5.3717556276824308 0.52256687707267702 1.6185809760354462 0.43838901421986509 0.38647644873708487 0.61357557494193304 1.0305303691420697 1.52395698078908 0.40427981549873937 1.7054922636598351 0.41634487453848112 14.400083835935222 0.59168124571442504 3.0044838308822368 0.63108832528814662 0.68237762036733318
leaf_count=42 73 87 91 58 86 112 80 52 53 64 67 87 56 708 55 91 43 72 61 72 64 48 85 92 57 55 145 58 50 61 719 40 85 67 83 60 86 79 161 64 58 72 47 83 189 17082 856 50 151 62 47 63 33 155 52 245 42 1845 36 379 87 49
internal_value=0 5.73924 -0.0195616 0.000276173 6.2498 -3.90478 -7.64543 -0.428959 -5.23874 4.96536 -0.0134709 4.01387 10.3756 -0.0238958 -1.02553 0.0207773 3.01191 5.44874 0.335138 -3.11564 3.17361 0.00455157 0.595683 2.94028 2.17277 4.9365 -0.0296024 1.01898 -1.59993 -4.61234 -1.28026 -1.35331 1.91191 -5.22757 -4.52058 9.95716 -0.0111696 -0.00479424 0.797919 1.91796 -0.0277951 -0.83031 0.713832 -1.02218 -0.686897 -0.0261545 0.313289 1.08106 -1.50704 -0.444304 1.39877 0.302059 0.164024 1.2432 2.95076 -1.68634 -2.19925 -0.485268 -0.37922 0.350819 -0.120024 -0.54807
internal_weight=0 1.36806 470.984 468.591 1.0285 2.39261 1.27115 0.995297 0.526156 0.469141 467.563 1.20717 0.796049 466.356 10.3087 456.047 2.52962 1.80986 1.12147 0.719754 1.40677 453.517 15.7186 4.58961 4.1618 1.22573 437.799 2.93606 9.70474 0.931052 8.77369 6.23326 0.764923 0.4908 0.8856 0.460812 431.565 430.174 11.1503 4.7318 6.41846 1.48182 0.881112 5.74246 5.07516 419.024 5.82181 3.70788 8.32729 2.44345 0.824865 2.55096 11.129 2.55449 0.926847 2.5242 2.12184 20.7031 19.3097 4.90963 4.31795 3.68686
internal_count=25952 298 25654 25245 144 409 275 211 105 106 25101 210 123 24891 1236 23655 342 227 134 115 155 23313 1507 611 519 285 21806 234 1181 111 1070 777 170 115 195 115 21029 20943 1320 327 993 176 104 662 579 19623 935 263 979 260 109 252 896 188 102 327 287 2541 2396 551 515 428
cat_boundaries=0 22 45
cat_threshold=262176 0 1610612736 65536 0 0 0 0 0 335544320 805306368 1025 41975808 1056768 570425360 33570832 2560 0 0 8421376 2424836 96 131072 0 128 0 0 2097152 22592 32 0 536870912 5632 0 134217738 1024 1073741824 524354 67633184 1026 65536 4195328 268435456 0 24
is_linear=0
shrinkage=0.05


Tree=53
num_leaves=63
num_cat=3
split_feature=51 58 10 49 47 67 60 19 72 67 59 58 50 60 58 72 31 9 54 67 50 67 58 70 49 50 48 64 70 20 48 70 52 51 71 52 1 70 51 52 58 46 51 55 51 52 55 60 58 49 67 72 51 58 10 49 70 70 71 58 20 70
split_gain=18937 100268 27096.3 19511 9504.21 9066.43 56916 6288.94 5309.29 27159.9 19989.9 7417.22 10206.5 3943.88 4716.36 4328.95 3789.33 3988.46 5371.15 4932.88 2966.61 2945.58 6658.56 6400.41 8508.64 6431.47 5692.93 3009.78 2677.68 2435.37 2414.89 2270.01 1892.57 3387.67 2474.18 4657.25 2025.71 1779.57 2686.02 2473.92 2389.31 1533.72 1775.16 1612.3 1373.36 1762.91 1878.05 1764.42 1916.85 1497.56 1365.58 1276.88 1272.35 1271 1266.01 1265.57 2337.93 2190.22 1319.07 1783.99 1686.24 1241.64
threshold=1374.5528624259966 1176.6498103167032 8.8301270189221963 -656.83205996241293 -36.139063644623889 2068.4500000000003 -137.93274940062696 0.68301270189221941 0 750.51500000000021 9.2173300165837482 749.79385276230471 431.66970313222868 570.16779560081409 490.17625387172967 1 1.0000000180025095e-35 -6.0000000000000027 48.557467349923066 368.98000000000008 -160.75782815448761 612.35000000000014 513.40618892037844 6.8657655572522787 -29.7447112887575 -326.93214275172556 -90.388596290251655 829.56250000000011 0.50359777495898228 9.1848509936051497e-17 132.79253343105745 2.0340606325576966 -137.44105113243697 -188.3125538515236 9.4695248780041243 -286.57668278827424 8.5000000000000018 1.1593231588277544 -90.88481854965265 -1.0024832243034572 109.03284803075994 9.1848509936051497e-17 -178.4592185274422 -30.027021038953844 24.799469856117437 -199.40737252596304 -86.174300943726692 312.96386480142115 289.14812043275947 -25.017920803496931 869.22500000000002 2 -161.33686699200453 325.58120237310328 10.750000000000004 -86.161624617428473 2.2344997866243985 1.2058000216218865 -10.615638745648925 116.97982162728594 -1.0000000180025095e-35 2.7072964323142341
decision_type=2 2 2 2 2 2 2 2 9 2 2 2 2 2 2 9 2 2 2 2 2 2 2 2 2 2 2 2 2 2 2 2 2 2 2 2 2 2 2 2 2 2 2 2 2 2 2 2 2 2 2 9 2 2 2 2 2 2 2 2 2 2
left_child=3 2 -2 4 7 8 -7 28 9 31 -11 13 16 15 29 20 17 18 -13 -19 50 37 23 25 26 -23 -25 30 -1 -15 53 32 34 36 35 -5 -34 38 39 -17 51 42 -42 54 49 -46 -47 48 -48 -40 52 -39 -10 61 -44 56 57 -22 -57 -60 -61 -27
right_child=1 -3 -4 5 -6 6 -8 -9 11 10 -12 12 -14 14 -16 21 -18 19 -20 -21 55 22 -24 24 -26 27 -28 -29 -30 -31 -32 -33 33 -35 -36 -37 -38 40 44 -41 41 -43 43 -45 45 46 47 -49 -50 -51 -52 -53 -54 -55 -56 58 -58 -59 59 60 -62 -63
leaf_value=-4.259744825032076 -10.747410176119454 28.307142599377954 7.281161018172317 5.3863489027437925 -15.083589951966657 -10.959862756728139 13.182400423895363 2.8994806139701237 -3.4075455635803666 15.702946965458095 3.0831314957007674 -2.9559778306024995 -9.2035982691564495 1.1584529433232285 -6.7362675010857131 -1.7199077988931457 4.5431547798908838 -1.8891038298780867 7.6132621110100063 -10.183908044727353 -2.3875532931411345 -6.6814480401269014 6.3398048254056123 9.6950220820395643 -0.03874602616312104 0.47751997142960151 2.6605061642185914 3.285208182815909 -10.677797495798297 -3.7929137326826372 -3.4962326597813238 1.6787086645889056 0.97088001705284011 0.097987507946903793 -3.4772281890354702 -2.1500144540472212 4.5887045461223952 -0.23492485948178105 -0.51720171033523454 -0.26922395208793287 2.91486665427681 2.7835291606712094 0.12869404072936369 1.0666767010228291 4.2358556075538152 -2.5802686227491058 0.51945340567374176 4.5899108345219375 -3.7645650795486589 -0.044194499316601188 -5.1232107563707361 0.12505768969113812 -0.80090761128903609 2.5538924027382941 -2.4128664931522819 1.3214867528668155 -4.4524505879976397 0.93488838669718255 -0.41411972542042685 0.49571368107822728 -3.1771494350311182 -1.7526877183870668
leaf_weight=0.48178738029673696 0.49206287181004771 0.36147483764216304 0.36154820350930095 0.30816097604110837 0.2475837399251748 0.37859752168878913 0.68734335666522273 0.24072018824517727 0.9391923500224949 0.50681212753988691 0.82393112569116056 0.27993021020665765 0.5026640889700501 0.65553447953425237 0.47060144483111788 4.6458553082775325 0.25366431078873564 0.71674816939048402 0.21066591353155673 0.23900564038194716 1.1403329293243585 0.38961338554508973 0.53830895479768504 0.50973777030594647 1.413728258339688 1.644162063719705 0.66001764289103471 0.6086179595440625 0.24523655534721911 0.39980961731635034 0.5719772484153508 3.1863573191221795 0.86557375779375678 10.722037689527497 0.76322262384928763 0.61234075971879132 0.69968862552195787 20.278705022763461 18.173826331971213 7.9986621586140227 0.79803160368464876 1.0129423576872794 1.6975284528452901 3.6474287945311512 0.30306619452312489 0.5144028824288388 10.440485790837551 0.25885850237682539 0.26780904782936055 211.14582605962642 0.46979209454730142 148.17261374788359 0.93342470540665012 0.43264435767196108 0.68879300705157209 0.86944871698506077 0.62013648776337493 0.87792464951053251 8.3533874591812474 0.42199509078636754 1.2043747599236656 1.0059022668283431
leaf_count=132 64 84 54 57 38 52 94 35 118 78 61 78 94 89 73 891 45 180 44 49 148 61 81 53 13 249 60 51 48 54 91 97 76 313 143 96 49 1289 1960 622 91 108 162 282 68 83 2182 54 53 7125 83 6596 92 35 42 98 71 67 290 48 145 83
internal_value=0 6.23529 -3.11138 -0.0146201 -6.3418 0.0015029 4.60763 -4.10534 -0.00881482 0.654265 7.88937 -0.0488543 -2.94438 -0.0359157 -2.57357 -0.0273797 -1.09364 -2.08223 1.58254 -3.96339 -0.656034 0.0101036 0.974879 0.575787 2.57138 -0.532246 5.7259 0.0297154 -6.42465 -0.717337 -0.512425 0.474434 0.199776 0.415198 -1.3723 0.372972 2.58809 -0.00710352 -0.0918828 -0.802235 0.114922 0.96789 0.698687 0.405573 -0.0546289 0.47178 0.372423 0.510916 0.412312 -0.0816808 -2.71292 0.0751997 -2.10824 0.0412023 -0.604908 -0.78521 -1.76735 -0.94232 -0.546365 -0.709095 -2.22415 -0.369015
internal_weight=0 1.21509 0.853611 478.148 1.21533 476.932 1.06594 0.967744 475.866 18.4881 1.33074 457.378 2.20268 455.175 1.52595 453.65 1.70001 1.44635 0.490596 0.955754 15.83 437.82 7.77471 7.2364 2.58348 4.65292 1.16976 4.2633 0.727024 1.05534 3.65469 17.1574 13.971 12.2873 1.68372 0.920502 1.56526 430.045 253.749 12.6445 176.296 7.84472 6.83178 6.03375 241.104 11.7846 11.4816 10.9672 10.7083 229.32 2.34241 168.451 1.87262 3.08271 2.38632 13.4876 2.63839 2.01826 10.8492 9.97976 1.62637 2.65006
internal_count=25822 202 118 25620 253 25367 146 215 25221 970 139 24251 490 23761 216 23545 396 351 122 229 1160 22385 777 696 126 570 113 509 180 143 458 831 734 438 296 153 125 21608 13038 1513 8570 685 577 486 11525 2440 2372 2289 2235 9085 293 7885 210 367 204 867 286 215 581 483 193 332
cat_boundaries=0 23 45 67
cat_threshold=0 0 268435584 0 0 2621440 16448 0 0 536870912 33559552 2 2281701386 0 524288 787456 536871168 128 134217728 32 8 0 57 4096 67108864 536870912 589824 0 8388608 0 0 0 369098752 554174592 1 268763136 4 16 134219776 0 3 67108864 2214625280 589952 32 0 2147483648 17432577 545259520 262148 0 1572864 0 128 0 264 537919488 16416 67108864 4194304 8388617 0 0 0 0 0 696300548
is_linear=0
shrinkage=0.05


Tree=54
num_leaves=63
num_cat=5
split_feature=0 66 55 63 53 70 66 55 56 52 34 51 65 56 0 63 70 51 19 49 51 26 54 63 66 47 66 0 58 70 45 49 47 50 58 50 67 36 51 67 68 50 56 57 50 55 51 58 66 66 0 66 57 56 67 0 66 47 70 51 54 70
split_gain=11576.7 60046.4 34428.3 63720.1 26548.5 14714.2 6709.33 22809.1 13247 6486.42 8036.58 5631.87 5500.94 6998.21 4232.02 7503.67 19979.2 5528 4161.9 3370.24 8516.2 3345.24 3184.6 2205.17 2286.36 2140.38 2123.12 5241.5 6197.29 5923.32 2609.73 7398.54 2983.58 3097.05 2507.06 3312.61 2643.47 2533.01 2848.63 8994.78 2943.65 2283.72 2066.55 2018.55 1881.44 1849.16 1707.36 1627.02 1579.97 1525.91 1873.28 2992.03 1869.73 1457.8 1328.71 1305.48 3609.14 1653.56 1291.07 1527.51 1191.22 1516.13
threshold=0 1079.0400000000002 -15.554109562656526 872.99625000000003 -302.75740553098314 1.6539053300994524 634.05666666666673 85.566327828846809 379.97811041316237 -390.92239721084405 1.0000000180025095e-35 -96.312388816334206 786.0150000000001 195.23170567132937 1 1380.577777777778 0.28934520146470338 -348.4012524784165 0.93301270189221952 -282.26762591008878 263.67346323603175 1.0000000180025095e-35 289.69995577759033 301.49125000000004 320.78166666666669 100.30226401074184 146.37500000000003 2 402.14543594199171 38.250000000000007 0.68301270189221941 -94.409909817455528 -312.45659620627055 -49.741674242887278 267.2189544221356 -244.25908376546539 600.81000000000006 1.0000000180025095e-35 469.868118748521 660.3850000000001 0.83333333333333337 -39.88192684830566 58.515710335158758 38.876906895637596 50.583672448641991 31.941933989769115 26.093592442150911 138.88885333175136 206.43000000000004 17.045000000000005 3 65.813333333333347 -4.4550728114317133 325.20942347569775 261.07000000000005 4 94.168333333333337 -125.77594041845087 1.0208393792696142 60.916113789520189 34.302649247948985 0.8362289629212446
decision_type=9 2 2 2 2 2 2 2 2 2 2 2 2 2 9 2 2 2 2 2 2 2 2 2 2 2 2 9 2 2 2 2 2 2 2 2 2 2 2 2 2 2 2 2 2 2 2 2 2 2 9 2 2 2 2 9 2 2 2 2 2 2
left_child=4 6 3 -3 5 -1 14 8 12 -6 19 -12 13 42 17 26 18 21 22 -11 25 44 -17 -19 46 60 41 28 45 30 32 -32 33 -29 37 -36 -37 38 39 40 48 55 -8 -26 53 -28 -25 -33 -34 -43 51 -51 -53 -2 -52 56 -16 -57 59 -47 -21 -62
right_child=1 2 -4 -5 9 -7 7 -9 -10 10 11 -13 -14 -15 15 16 -18 23 -20 20 -22 -23 -24 24 43 -27 27 29 -30 -31 31 47 34 -35 35 36 -38 -39 -40 -41 -42 49 -44 -45 -46 58 -48 -49 -50 50 54 52 -54 -55 -56 57 -58 -59 -60 -61 61 -63
leaf_value=-4.5791860720916988 -3.3116274230898668 4.5800058414616585 0.30670825154894188 32.295312594254852 3.2761249607273712 -16.804985909059837 4.6486345152446376 -7.2154053125324529 12.538345023133198 2.5554201269434524 -9.2464440016194516 -2.1055842420092965 -1.8775785765003357 9.4899442455614089 0.26945314848654378 -0.10423516159383116 13.579553083211923 -0.28200593991543732 5.3155420224079482 -0.64632694289074966 -7.0571082532032721 -9.0069249298174068 -8.1225777784924897 -1.9257672815772242 -1.2319185016469447 1.2556562388482193 -1.248949314076643 0.73190446251946162 -6.7985244723276796 5.9819365119536778 7.986135514772764 2.2573344890291827 1.6732009947676396 8.1136741635434468 1.5639490025534855 -0.15923727442305358 -4.745066887085577 -0.14498566711279889 -1.997359498905265 7.8484392997553414 0.74509507611358916 -0.026389026425807746 0.2763009466200757 2.432001084174114 -5.4662169367161049 -2.5377572823332648 -5.0748668855925523 -1.3514327309054446 5.2540509425881945 0.64617687127412071 0.094340995640107728 4.0955996166184985 1.4122207526777537 0.65440085849962149 -1.261064077976227 -1.8259365722000798 4.5954040610140741 -0.495872954970419 2.7366249598499697 2.4761778245943304 -4.7568309444515089 -1.5940491645211832
leaf_weight=0.54416396887972851 0.50782924867235368 0.47118232399225235 0.50913915527053066 0.37042140238918364 0.65891790157183905 0.44931242452003062 0.45835872786119602 0.51298646675422777 0.41340040718205262 0.5319835967384251 0.57993082422763109 0.52705780090764143 0.49272163794375945 0.44427720434032369 4.7274483384098858 0.36351490556262323 0.37290191953070462 10.470926418900488 0.21872693789191544 2.6788726847153166 0.64225624524988223 0.25510719534941007 0.18780511245131493 1.8018190597649657 1.7583576524630191 0.89310751669108857 5.2218443460296839 0.29819702752865851 0.46912972116842855 0.58035418950021167 0.48102645599283267 0.72788072610273846 0.6567295994609601 0.27142573078164289 0.74053532700054381 0.57949384092353173 0.68657201854512095 5.0582210507709524 0.65307204052805978 0.5151122079696514 8.6497759097255766 297.66107294731773 0.65848963428288698 0.4781300639733671 0.44049483491107821 0.38932367390952982 0.56550947832874943 0.54708088631741703 0.58019212726503611 11.633490629261358 78.372230951907113 1.0878911954350772 1.6097086106892664 0.42612110869958997 1.8508455902338017 2.5803159424103823 0.53690718207508314 24.757795684039593 0.5421057955827564 0.24909104872494936 0.45836392999626729 2.1859771301969886
leaf_count=76 110 75 74 64 99 62 39 97 83 66 63 51 44 55 485 110 77 225 53 102 87 60 44 165 169 97 632 66 82 42 74 64 67 38 73 84 56 208 44 55 1291 9119 85 64 81 65 51 66 48 193 6735 17 96 97 70 456 87 2493 90 51 40 272
internal_value=0 0.0418008 10.5698 16.7786 -1.18133 -10.1085 0.0126533 2.37756 4.37211 -1.50291 -1.87348 -5.84655 2.7284 4.18214 -0.0023245 0.0330071 4.07992 -0.614299 -0.520358 -1.27838 -1.57575 -3.74855 -2.83565 -0.682995 -1.59501 -1.00942 0.0235191 0.446057 -0.509669 0.678233 0.859413 2.70234 0.686258 4.24932 0.574248 -1.09237 -2.64608 0.781795 1.20585 1.40696 1.07135 -0.00422832 2.07072 -0.448623 -2.77256 -0.844921 -2.67803 0.708827 3.35284 0.0291952 0.204177 0.585511 2.49438 -1.5021 0.0560797 -0.406321 0.245089 -0.454983 0.942233 -0.581464 -1.38945 -2.14228
internal_weight=0 474.893 1.35074 0.841604 10.1499 0.993476 473.542 2.98023 2.46725 9.15647 8.49755 1.10699 2.05385 1.56113 470.562 453.858 1.14295 16.7043 0.770047 7.39056 6.85858 1.62955 0.55132 15.0747 4.60382 6.21632 452.715 27.8972 6.87149 21.0257 20.4453 1.75599 18.6893 0.569623 18.1197 2.0066 1.26607 16.1131 11.0549 10.4018 9.8867 424.818 1.11685 2.23649 1.37445 6.40236 2.36733 1.27496 1.23692 392.215 94.5542 14.3311 2.6976 0.93395 80.2231 32.6025 5.26436 27.3381 1.18052 0.638415 5.32321 2.64434
internal_count=25884 24869 213 139 1015 138 24656 403 306 877 778 114 223 179 24253 23231 284 1022 207 664 598 348 154 674 449 511 22947 3196 920 2276 2234 204 2030 104 1926 213 140 1713 1505 1461 1406 19751 124 233 288 838 216 130 115 16230 7111 306 113 207 6805 3521 572 2949 206 116 414 312
cat_boundaries=0 20 40 61 84 106
cat_threshold=524308 0 536871424 1048576 0 0 0 0 2147483648 268435456 0 0 1 0 16384 0 3263692946 131073 268460162 32768 1058 536870912 2499807240 131072 0 0 5 0 1 1073741892 0 0 0 134217728 0 67108864 20971552 536936576 4227072 2147549189 8 256 524288 2 0 536903680 0 0 16384 2097 0 0 0 268959744 0 8388612 671089153 1170211356 131072 2097152 8 0 1210056704 24592 2147483656 0 604110848 0 1107296256 13312 0 0 0 512 0 6145 0 2048 17301504 33554496 262144 0 838863872 1 131072 40960 4096 16 33652772 537397248 196608 0 131072 0 2048 1 0 0 0 3221225984 0 1073766912 131072 0 128 524288
is_linear=0
shrinkage=0.05


Tree=55
num_leaves=63
num_cat=3
split_feature=58 52 9 52 0 52 5 66 70 51 56 53 60 66 49 64 3 56 66 51 64 3 49 0 49 56 63 70 72 66 49 47 57 66 70 81 66 50 50 49 20 58 66 57 10 70 57 7 51 51 55 10 50 47 66 56 53 63 66 34 3 51
split_gain=12437.9 122262 21924.9 9456.55 9095.9 32993.4 17542.5 16962.5 14206.7 9268.56 10607.7 15806.3 7126.71 13791.5 9974.57 7273.25 9076.93 5740.96 5407.9 3960.65 11395.6 3822.9 4505.36 3330.17 3700.58 3128.84 2996.11 8768.82 3067 9269.89 13234.4 3444.35 3502.24 2889.96 2958.42 2825.82 2764.22 3372.06 2437.05 2430.58 2616.2 2245.59 4764.23 2541.23 1843.6 1817.9 1749.89 1747.22 1440.57 1434.36 1424.31 1440.66 1370.39 1270.49 1625.34 1682.16 1242.46 1219.77 2344.46 3223.03 1726.5 2140.21
threshold=1263.9405585573315 3.7860244558284681 -6.0000000000000027 -468.36638479411232 0 660.14453921408483 -0.24999999999999997 526.91166666666675 9.0140186915887863 1027.6701116014503 360.27334236571784 90.049387141578464 -418.9964612396405 1170.1450000000002 122.2676364928443 880.65750000000014 2018.5000000000002 490.00967654937762 617.76666666666677 -364.83231196738791 484.40000000000003 2019.5000000000002 100.74061609546457 1 -113.13792035603618 85.247146913667152 1221.8975000000003 0.36820504617664152 2 289.06500000000005 -83.637373666732387 131.80990410858979 -1.9198480781523293 65.813333333333347 2.1354301415579591 1.0000000180025095e-35 488.0916666666667 -32.033669056004136 65.650665114944786 142.79072669411153 0.25000000000000028 274.23978065392095 338.21333333333342 65.820421545646823 2.7990381056766584 2.7569997569997571 73.990104869467288 1.0000000180025095e-35 -103.31893529103505 -25.607025999642747 107.3438805801717 -8.25 16.945716165100276 -130.8568707203452 18.753333333333337 0.95771458459839665 -81.557596657425975 313.63097222222228 240.22500000000005 0.25000000000000017 2019.5000000000002 14.694389288639293
decision_type=2 2 2 2 9 2 2 2 2 2 2 2 2 2 2 2 2 2 2 2 2 2 2 9 2 2 2 2 9 2 2 2 2 2 2 2 2 2 2 2 2 2 2 2 2 2 2 2 2 2 2 2 2 2 2 2 2 2 2 2 2 2
left_child=4 2 -2 35 5 12 -7 23 9 10 21 -12 14 15 18 19 -17 -15 -1 20 -14 22 45 24 56 -23 28 38 29 31 -31 53 -33 -21 52 -4 -36 -38 47 -26 48 43 46 57 -27 -9 -43 -28 -41 -45 -51 -52 -35 -25 -55 -56 -6 58 -30 60 61 -60
right_child=1 -3 3 -5 7 6 -8 8 -10 -11 11 -13 13 17 -16 16 -18 -19 -20 33 -22 25 -24 26 39 44 27 -29 41 30 -32 32 -34 34 36 -37 37 -39 -40 40 -42 42 -44 49 -46 -47 -48 -49 -50 50 51 -53 -54 54 55 -57 -58 -59 59 -61 -62 -63
leaf_value=-3.4562732815395041 10.603957531017013 36.919272538774244 0.56267241743515573 -12.081519103076792 -2.0796397489204823 -3.943874151073393 -19.286752847005758 -1.0176697214661015 8.9781099610831721 -4.0268071666742555 14.833234215142113 1.4467816835229153 -2.8550808077141117 1.675469118383546 1.6498878717395524 0.62045880952818688 -9.4973463454217093 10.043673630609646 -11.382816019128756 -0.42635631405514263 8.7516594909189518 5.9113659703835779 3.9990817833850723 -1.0490443063824091 -0.34556671826128937 0.55777200123217585 -5.5249479605504979 10.53911696799905 -0.0076815683603362163 11.004198697154967 0.52873746939628263 5.8975077014621116 1.0770333707491413 -1.6020890485310746 -2.3214967620645779 -6.2109067638406756 -2.2442697854825435 -10.502350687490662 3.6188639955633257 1.2841829687062682 -5.1800496851277718 -0.034239547196983341 -4.3875546467616671 -0.94903424450176233 3.9624032714414463 -5.650937526437696 -3.2939560872515061 0.64297845459711556 -2.9035305870763635 1.0578368761674835 7.3832248103709777 2.5814066851264954 1.3757881281441626 0.046638221693605847 4.2851616292689272 0.93219816130310318 -4.6436946434947304 -0.50436479583466609 -3.6600394076233038 4.3744014375633453 1.0307599850637528 2.0466478546212441
leaf_weight=0.40673501277342505 0.28548683179542411 0.2443711245432495 0.45160456909798063 0.32696385052986354 1.8564156370703133 0.36585245095193386 0.37960883299820203 0.92362272390164324 0.76860300195403386 0.62200634041801084 0.39596934150904406 0.4976650346070528 0.45385977858677229 0.43571718549355942 0.43285545171238482 0.37531528435647565 0.54147987789474428 0.38699133438058197 0.45689615304581821 7.9244120428338611 0.39597775461152196 0.55446800636127624 0.40880944323725987 1.6138869698625047 10.327908427221699 1.264933102764189 0.21848047827370354 0.26594774331897497 397.44403717410751 0.53103407262824476 0.69757068878970929 0.55866236519068491 1.1574535276740776 0.97190232737921156 1.9011637591756883 0.23363095754757524 0.23897402128204703 0.25608366285450745 0.28197651682421565 0.41899246233515441 0.56854036916047335 4.0203117507044217 0.88245252426713694 0.42535917810164425 0.57990684127435077 0.27466360782273114 0.45868354430422176 0.2419921460095793 0.4027766694780428 1.0462046554312099 0.21298012253828347 0.58594487351365376 0.64124247338622808 7.9626292926259357 0.42272728681564364 3.2496509545017034 0.63375433464534481 12.062189538031815 0.46579341613687475 0.64616258163005102 3.6787918137852103 0.25382818980142474
leaf_count=54 70 67 116 59 249 54 59 183 80 59 58 69 66 58 68 76 70 58 72 135 46 49 81 323 342 115 59 54 17833 75 70 45 130 102 141 75 59 65 80 53 69 468 84 86 55 53 81 63 47 218 41 135 52 483 3 444 53 1372 90 65 219 46
internal_value=0 4.47592 -1.63359 -5.08514 -0.0218276 -0.921239 -11.7569 0.02995 2.60915 1.72267 2.4525 7.37832 -0.992975 -0.675894 -4.54489 -1.05347 -5.35534 5.61176 -7.64974 -0.744952 2.55302 1.35379 -0.533377 -0.00515935 -0.576209 2.61785 0.0258328 2.74871 0.0201586 0.544899 5.0565 0.538618 2.64628 -0.97981 -2.0737 -1.74678 -3.18808 -6.51601 -0.0418384 -0.609774 -2.57243 -0.0125776 -1.02964 0.000202818 1.62798 -2.07968 -0.36806 -2.28352 -0.768356 1.6684 2.27179 3.86149 -0.418351 0.265614 0.44797 1.31816 -2.7322 -0.00893385 0.00591373 1.07704 0.592629 -1.64715
internal_weight=0 1.54206 1.29769 1.0122 476.449 16.5651 0.745461 459.884 6.29065 5.52204 4.90004 0.893634 15.8196 14.5231 1.29649 13.7004 0.916795 0.822709 0.863631 12.7836 0.849838 4.0064 1.6071 453.593 14.2084 2.39931 439.385 1.0084 438.376 16.1936 1.2286 14.965 1.71612 11.9338 4.00937 0.685236 2.39622 0.495058 0.742449 11.7182 1.39031 422.183 5.36145 416.821 1.84484 1.19829 4.479 0.460473 0.821769 2.27049 1.84513 0.798925 1.61314 13.2489 11.635 3.67238 2.49017 414.551 402.489 5.04458 4.39841 0.719622
internal_count=25804 387 320 250 25417 1235 113 24182 802 722 663 127 1122 928 194 812 146 116 126 666 112 536 317 23380 813 219 22567 256 22311 1573 145 1428 175 554 419 191 265 124 202 511 169 20738 633 20105 170 236 549 122 100 480 394 176 154 1253 930 447 302 19625 18253 420 355 136
cat_boundaries=0 22 42 65
cat_threshold=0 0 1342178824 524288 0 134218240 1 0 1 0 0 0 1 0 2147500032 4 34080098 1048580 272646274 98304 4 2097152 557072 256 4096 1179648 8192 0 134 0 0 33 4096 0 128 0 0 67109184 4196496 604504192 0 1140850689 32768 0 0 0 8192 2097152 26688 0 0 536870928 4096 32 2281701640 1024 1091043328 525314 2195968 128 65536 1048576 512 0 24
is_linear=0
shrinkage=0.05


Tree=56
num_leaves=63
num_cat=2
split_feature=67 59 56 0 50 66 7 67 52 55 54 57 66 55 20 47 58 9 51 67 0 67 35 50 51 67 84 80 66 47 55 67 57 83 9 57 63 54 18 50 20 52 47 19 47 48 48 67 48 59 32 5 66 66 67 57 56 10 85 80 48 48
split_gain=14586.2 33825.2 52009 6053.08 9545.71 7021.26 9453.01 12985.4 6359.31 4372.34 4174.54 5058.78 4137.44 6413.54 15459.5 7770.1 4567.96 3919.49 3910.76 3633.31 3263.12 2731.51 2509.84 7626.88 3635.9 3565.11 3140.1 2499.11 2408.92 1856.31 1842.14 1817.29 1811.95 2594.24 3201.2 1764.09 4032.19 1733.12 1718.93 1701.95 1697.91 1584.4 2339.71 1537.2 1738.76 1372.75 1351.33 2020.58 1197.68 1831.54 1181.4 3205.32 2535.62 2180.53 3047.01 1591.46 1446.32 1065.21 1390.86 1326.16 1005.26 980.317
threshold=2155.0000000000005 -46.323772919561044 530.9234500182032 0 -358.48377729394571 676.48500000000001 1.0000000180025095e-35 1462.4950000000001 3.7860244558284681 -290.28756949008431 518.72198362686856 -32.694612340573023 219.84833333333333 242.01263879013146 1.0000000180025095e-35 589.24420463001684 537.70203137930298 -12.000000000000005 102.92402627682067 1585.1500000000003 1 429.93500000000006 0.68301270189221941 -83.817294943945441 544.16612634051569 649.85500000000013 1.0000000180025095e-35 1.0000000180025095e-35 425.73166666666668 -71.63634780158857 -31.097020980298108 690.71500000000015 23.879465648266528 1.0000000180025095e-35 7.8971143170299749 58.893658102917819 1047.0491666666669 130.52417770615219 1.0000000180025095e-35 -23.418316781401504 9.1848509936051497e-17 35.889728751139899 -97.996737082895365 3.0616169978683831e-16 -353.14007092811511 6.8080934027777369 598.19555845691525 326.66500000000002 3.1101965320159248 1.4306920469525013 -1.0000000180025095e-35 -0.68301270189221941 114.05833333333335 526.91166666666675 670.38000000000011 -26.889615091939238 74.14121581690749 15.588457268119894 1.0000000180025095e-35 1.5000000000000002 27.149947955161071 18.907324895906573
decision_type=2 2 2 9 2 2 2 2 2 2 2 2 2 2 2 2 2 2 2 2 9 2 2 2 2 2 2 2 2 2 2 2 2 2 2 2 2 2 2 2 2 2 2 2 2 2 2 2 2 2 2 2 2 2 2 2 2 2 2 2 2 2
left_child=3 -2 -3 4 10 9 7 27 19 17 11 -1 21 15 -15 16 20 -5 50 -8 28 29 24 -24 25 32 -27 30 37 35 -7 45 38 34 -34 46 -37 60 57 -33 -10 42 -20 44 -19 -30 47 -11 -31 -50 51 -6 -52 54 56 -55 -54 58 -22 -60 -14 -51
right_child=1 2 -4 5 18 6 8 -9 40 12 -12 -13 13 14 -16 -17 -18 43 41 -21 22 -23 23 -25 -26 26 -28 -29 31 48 -32 39 33 -35 -36 36 -38 -39 -40 -41 -42 -43 -44 -45 -46 -47 -48 -49 49 61 52 -53 53 55 -56 -57 -58 -59 59 -61 -62 -63
leaf_value=-8.9182218424366297 -4.6032810877997763 18.721868249801286 -3.6149054616460718 -7.2295967722383185 -1.6355581101834451 -2.461360852147402 0.32272363920380032 11.301910561026046 1.4136738634829913 -0.66349366894663664 -11.80825012782163 0.42571484103240753 -1.6604850611197404 1.4652022655996269 -11.597233286416085 7.588074500397191 5.1857972092785127 -1.8776390747033158 -2.0874929863522467 -4.9418077394530364 0.67718625620180017 -2.1398843334533311 8.7557501195733618 0.4402109353807605 -1.9861101422479981 1.6092736633465798 5.9899570351247418 5.0948538086822852 0.17249296009749476 -0.030624108660489299 2.7468150648873433 -2.6516515013352171 1.9953173347141175 -0.40290259308139942 7.8495359190578462 -0.5044529187242488 7.219059588999639 -3.9184483844901408 -1.5914824081974892 1.0725371417676308 6.5437362565048547 -0.77104518230413799 -6.6839907160768393 -3.7252768756031092 2.2281774926165232 3.3834098639846704 -3.0256306888599678 2.3551294910938654 -0.01292095976231868 0.29303421009630626 -0.25872273744373725 2.6909169462308298 -0.050888776731154661 -1.8664899691714405 -5.7151898006352111 2.2816591630037948 -2.5936072052709069 -0.50649383453851049 3.8002578066966408 1.0908518055284793 1.1476977776679573 0.88205286816442963
leaf_weight=0.28492655279114842 0.63309358991682518 0.6616322852205474 0.4299494766164571 0.34247629018500436 0.86640157550573349 0.35570739768445481 0.71802844107151009 0.55069437273778032 0.32292181672528397 14.80535479309037 0.25853024935349822 0.29464684519916673 2.0731506545562306 0.62971549038775165 0.35375849390402436 0.42537869303487141 0.56513731786981125 0.66735355136916019 0.55204282328486431 0.60293905297294259 3.9507780536078005 1.5070971830282349 0.44167251419275999 0.73398095672018715 0.86124731251038689 0.93861809116788275 0.7250781855545938 0.37802834273315966 0.8990952577441933 320.80407744739205 0.32482316950335999 0.80022258404642344 0.68625645455904283 0.49738225899636734 0.35395732312463224 0.58181744185276407 0.23815851216204464 0.79275808250531543 0.74757427186705161 0.49750094371847786 0.32224115147255361 0.41522828279994417 0.5553767045494159 0.46528961579315353 0.42022834229282946 0.5285553396679461 0.57193611469119865 0.57593418681062836 50.70428380346857 25.48322002356872 5.907792580546813 0.8462263830006076 0.83557913429103869 0.45326878898777068 0.60045484919100989 0.47199183888733376 1.6911241139750925 1.0813580809626726 0.84319829661399104 0.97256161225959659 0.3765771985054015 9.7730637728236598
leaf_count=68 73 98 68 59 73 53 83 80 52 2107 56 55 255 97 68 69 83 158 48 63 451 94 60 81 40 85 69 39 126 12237 57 91 102 109 45 119 67 121 83 86 49 75 68 90 71 81 88 47 4553 936 109 68 84 64 52 62 192 80 50 124 76 950
internal_value=0 4.59127 9.92392 -0.0154307 -0.788518 0.0255167 2.23302 5.07478 -0.0929322 0.00845792 -6.52472 -4.1679 0.018646 0.707611 -3.23339 0.903441 0.756616 -2.38795 -1.02175 -2.08021 0.623484 -0.0150295 0.765711 3.56421 1.14031 1.3897 3.51848 1.83523 -0.360821 -0.00746856 0.0245469 0.130288 1.00191 2.56719 3.98735 -0.52295 1.73881 -1.8864 0.685047 -1.22393 3.976 -3.40504 -4.39266 -1.32016 -0.291202 1.36126 -0.639202 -0.550465 0.0137876 0.179532 -0.710868 0.502196 -0.919451 -1.88269 -2.51358 0.249554 -1.75273 0.933572 1.20362 2.34904 -1.22881 0.456311
internal_weight=0 1.72468 1.09158 465.325 14.0336 451.291 3.57538 1.60925 1.96613 447.716 0.838104 0.579573 445.82 20.7755 0.983474 19.792 19.3667 1.89535 13.1955 1.32097 18.8015 425.045 12.8337 1.17565 11.658 10.7968 1.6637 1.05856 5.96786 423.538 0.680531 2.72537 9.13307 1.5376 1.04021 16.7732 0.819976 3.24249 7.59547 1.29772 0.645163 1.52265 1.10742 1.55287 1.08758 1.42765 15.9532 15.3813 406.765 85.9606 11.6728 1.71263 9.96021 4.05242 3.12716 0.925261 2.5267 6.8479 5.76654 1.81576 2.44973 35.2563
internal_count=25897 239 166 25658 1074 24584 476 229 247 24108 179 123 23730 2532 165 2367 2298 378 895 146 2215 21198 1379 141 1238 1198 154 149 836 21104 110 384 1044 256 147 2428 186 452 788 177 101 191 116 319 229 207 2242 2154 18676 6439 704 141 563 454 328 126 276 705 625 174 331 1886
cat_boundaries=0 22 42
cat_threshold=132104 256 16777220 5767200 0 67117568 0 0 2147483648 1879048260 4096 0 128 0 2147483648 0 8389632 32768 272646272 0 4 2097152 524340 0 524288 0 0 536870912 131585 0 0 263168 0 0 0 0 0 67108864 1077936128 1111622173 2 2162692
is_linear=0
shrinkage=0.05


Tree=57
num_leaves=63
num_cat=3
split_feature=72 52 66 58 3 55 49 67 39 59 10 48 67 50 57 9 66 51 50 3 67 10 66 57 59 3 20 57 54 63 66 72 70 55 60 52 51 70 72 66 54 52 56 4 48 51 54 51 9 24 66 51 70 57 3 59 51 66 57 65 60 51
split_gain=10426.3 33488.2 27810.4 29483.1 37210.3 6285.41 10935.5 5145.72 13024.3 14893 12209 10517.9 10482.5 5864.53 5815.28 4064.26 3918.5 4901.75 3315.86 4818.29 4160.64 3103.07 3453.03 4030.45 3041.72 11067.9 3699.3 3100.98 2877.41 2586.84 2299.39 4489.27 4794.02 2264.75 2064.46 4847.89 3178.84 2596.63 2157.46 1751.13 1951.16 1716.79 1441.51 2127 1431.05 1365.72 1350.34 2034.91 1355.31 1313.23 1491.39 2330.59 2740.82 1912.04 1540.68 2104.75 1705.16 1468.94 1378.43 2290.79 1256.58 1230.15
threshold=0 660.14453921408483 1079.0400000000002 513.40618892037844 2018.5000000000002 -290.28756949008431 -434.50755614965993 921.8950000000001 0.68301270189221941 0.074069065760437716 9.5131397208144133 -138.98559235708933 1585.1500000000003 -128.48554758348456 37.472751683538171 -10.44615242270663 1326.2433333333336 288.55254010975119 -484.68170739230555 2019.5000000000002 479.24500000000006 15.79422863405995 634.05666666666673 -32.694612340573023 647.97860271154548 2018.5000000000002 1.0000000180025095e-35 -202.47868045031973 52.147267824865175 616.93750000000011 82.291666666666671 1 12.013317919075147 -215.87816904360355 -270.05930539954363 -150.28255359785348 -90.88481854965265 0.22557758860462254 2 425.73166666666668 167.26017023240033 -89.264472457549672 701.56819402954818 1.0000000180025095e-35 -4.0832085009482375 157.38511805804853 246.02331170220825 -188.3125538515236 6.2810889132455356 1.6160254037844388 170.03666666666672 366.08093507427947 3.5594197802197804 -26.889615091939238 2016.5000000000002 -135.35028331631949 81.029096871959837 305.89500000000004 -45.958686446005792 651.1600000000002 -15.41566792360703 81.029096871959837
decision_type=9 2 2 2 2 2 2 2 2 2 2 2 2 2 2 2 2 2 2 2 2 2 2 2 2 2 2 2 2 2 2 9 2 2 2 2 2 2 9 2 2 2 2 2 2 2 2 2 2 2 2 2 2 2 2 2 2 2 2 2 2 2
left_child=1 5 7 -4 -5 6 -1 18 9 10 14 -10 13 -11 15 -9 17 21 19 20 42 22 46 -24 27 26 -26 29 -23 -20 41 -32 33 -33 35 -35 -37 45 39 40 -39 61 43 -2 -43 -36 47 -7 -48 50 -40 52 54 -54 55 -52 -57 -53 -56 -60 -34 -29
right_child=2 -3 3 4 -6 16 -8 8 11 12 -12 -13 -14 -15 -16 -17 -18 -19 24 -21 -22 28 23 -25 25 -27 -28 30 -30 -31 31 32 60 34 37 36 -38 38 49 -41 -42 44 -44 -45 -46 -47 48 -49 -50 -51 51 57 53 -55 58 56 -58 -59 59 -61 -62 -63
leaf_value=-12.217825715083217 -3.7260098378487658 -13.875880369989169 -2.1142151909356532 26.024684445310267 5.2441331205086756 1.4244092247027336 -0.36650667368219275 7.83792266585208 15.701330348195203 3.4127625968416595 10.509036841230495 3.1030778853416248 -7.5888364702370072 -2.2911902010090168 -3.9081972087188372 0.17604398643066424 2.9636366692717839 -5.0274952194302767 -1.147009527973371 -7.03432776993614 4.0050644755161668 -1.2710433308686413 -0.86881459716359832 6.1988190240360304 4.3663235581338204 -0.56147448903691133 13.723983625562155 -0.93473682970959793 -6.4108334840253027 -6.2367394316865612 -0.4667475034429 3.5705053757175151 4.3903039475719838 -6.1812838027945425 1.6886909402901147 3.9209158605479759 -1.1184825267930321 -0.7489900215873444 0.55834388702645676 1.3058166170056491 -4.4416971470738051 -0.12817131763263645 -5.3185188549404838 3.1715011963704463 0.065108061463548514 7.4335215544256856 -0.92946539095148184 -1.0378417610411341 -4.719870079001292 -0.29630379378762489 6.9910482878296598 -0.86932017045278354 5.9318456834838775 2.4642482940047525 -0.54023103341238699 0.45760726408135266 5.5156110916696681 1.2480179540812375 1.9492510635693234 -1.4281552357317622 1.9065652056282816 2.5894448638464991
leaf_weight=0.3507105594035238 0.27260821545496472 0.55492419702932316 0.59448870480991789 0.3190380425658077 0.66328728501684964 0.96713121631182097 0.43741487502120335 0.33802500390447632 0.26962616178207099 0.75165213528089236 0.53443513973616052 0.42970619280822564 0.60211627976968873 1.1252301940694451 0.3615424286108464 0.35470336792059176 0.58451612410135645 0.79171005170792419 1.0366898665670294 0.40059943473897863 0.33630254771560431 0.64874206576496429 0.4256299736443907 0.38344308640807945 0.20856055873446055 0.98980182642117143 0.21396765997633338 6.6716327951289705 0.46927450248040259 0.32882749359123398 8.3550507302861643 0.6013845163397481 0.91700360318645868 0.37667467375285957 0.21067465073429659 0.41047811997123096 1.3168514962308058 5.5070963948965073 10.956355035770693 0.96807595179416228 0.38256957894191135 156.83872274938039 0.3069358270149678 0.18943908647634089 245.95109798922203 0.20327378856018186 0.4994351144414394 6.339117168448861 0.44682753086090088 2.2417133857961735 0.25521918805316091 1.5372526475694033 0.56631565513089288 1.3338997550308702 1.18839684408158 0.62179419444873729 0.22762670507654548 1.7535779613535849 3.1636825413443157 0.59676867257803667 1.1451811068691302 0.2571629132144152
leaf_count=53 69 76 83 90 74 88 65 55 38 79 74 63 50 91 57 56 74 91 172 93 78 50 60 65 52 81 57 1303 58 53 979 82 30 57 53 51 189 721 1232 104 62 8631 84 52 7969 61 64 386 46 223 53 47 35 128 186 135 56 68 407 79 73 54
internal_value=0 -1.04782 0.0445117 6.67444 11.9932 -1.31998 -5.64026 0.0229221 1.6572 0.573544 4.35277 7.96031 -1.84844 -0.00687635 1.23202 3.91475 -1.02533 -1.23785 0.00594311 -2.33644 -0.633741 -0.943112 -0.636476 2.48074 0.013656 2.33046 9.10503 0.00647911 -3.42841 -2.37266 0.0136262 0.35357 0.52537 0.529084 0.474999 -1.04171 0.079067 0.575621 0.523592 -0.270492 -0.988854 -0.0235751 -2.66245 -0.898035 -0.0101513 4.50975 -0.942087 -0.711913 -2.7193 0.608214 0.973507 1.37803 1.84105 3.49769 1.32103 3.00939 1.81304 0.258941 0.944164 1.41327 3.01102 -0.803936
internal_weight=0 12.8989 465.183 1.57681 0.982325 12.344 0.788125 463.606 4.76704 4.0677 1.58871 0.699332 2.479 1.87688 1.05427 0.692728 11.5558 10.9713 458.839 1.50589 1.10529 10.1796 9.06158 0.809073 457.333 1.41233 0.422528 455.921 1.11802 1.36552 454.556 44.8369 36.4819 34.4197 33.8183 2.104 1.72733 31.7143 31.3003 6.85774 5.88967 409.719 0.768983 0.462047 402.79 0.413948 8.25251 7.30625 0.946263 24.4426 22.2009 11.2445 7.9537 1.90022 6.05349 1.10464 0.849421 3.29083 4.94885 3.76045 2.06218 6.9288
internal_count=25845 1176 24669 247 164 1100 118 24422 563 462 242 101 220 170 168 111 982 908 23859 376 283 817 709 125 23483 190 109 23293 108 225 23068 5111 4132 4029 3947 297 240 3650 3536 887 783 17957 205 121 16600 114 584 474 110 2649 2426 1194 1079 163 916 244 191 115 672 486 103 1357
cat_boundaries=0 23 45 67
cat_threshold=3149856 0 0 589824 0 8388608 0 0 0 301989888 536873152 4352 100663296 0 2147483648 8388608 576 4 67108864 1077936136 2686992 32 1 0 0 0 8650752 262144 0 64 0 256 0 0 16 2147811328 1081864 4194334 150994944 6144 2 1073741824 0 131080 16782408 2056 0 1 184320 0 0 0 0 0 67108864 8 1048576 135299072 671096832 524288 67108877 0 0 0 20480 20971712 134250496
is_linear=0
shrinkage=0.05


Tree=58
num_leaves=63
num_cat=5
split_feature=67 14 10 65 0 58 67 47 77 58 51 60 67 66 65 55 48 88 57 57 66 57 65 60 47 72 67 47 67 60 56 47 49 65 49 0 66 65 48 0 10 51 8 59 58 86 1 49 49 58 53 58 49 55 66 55 67 53 72 66 58 47
split_gain=15143.2 40894 50615.3 10909.7 7730.14 10610.1 56034.2 7358.23 19328.8 7305.29 7268.2 6347.15 5269.82 7494.76 6617.04 5060.13 5866.12 4104.2 4034.32 3848.32 3641.54 3586.01 5330.84 3505.28 2909.33 2612.03 5872.18 3991.97 3265.63 2795.37 2886.47 2211.36 2502.91 2142.32 2065.14 1708.93 1975.46 3141.28 6435.88 2693.19 2153.62 2135.38 2314.78 2071.43 1941.23 2852.74 2303.18 1758.36 1988.25 1518.54 1493.99 1466.99 1453.35 1379.3 1916.66 1296.8 2617.26 2070.67 1234.07 1271.8 1824.8 4030.73
threshold=2155.0000000000005 -0.68301270189221908 1.0103336092965665e-15 1835.2950000000003 0 1176.6498103167032 479.24500000000006 -426.40151055609266 1.0000000180025095e-35 868.2895308685471 -408.61213910056898 -418.9964612396405 1585.1500000000003 634.05666666666673 478.71000000000009 216.72125517390705 -248.19217084300419 1.0000000180025095e-35 -25.40917192231586 -34.920155784129129 326.77500000000003 237.08215660809586 874.79000000000008 2.9645690293159865 -41.57903770257802 1 711.44000000000017 121.55881032118315 951.98500000000013 64.583469309004101 130.71555674376285 -246.92461793398638 -235.93924029127663 350.83500000000009 -124.37405307309761 2 30.833333333333339 1394.9150000000002 -12.552857270435144 3 18.093266739736606 -63.185013083394246 2.5000000000000004 336.86936122738462 163.07939988651185 1.0000000180025095e-35 9.5000000000000018 265.141887871081 -44.239703017487351 210.00425509544354 108.04845276375106 97.718512550749963 -101.0732763302392 4.4505434479487285 372.35000000000002 -95.622971256772402 222.18000000000004 5.6948525956874336 4 146.37500000000003 82.559110741806464 -40.526806452890348
decision_type=2 2 2 2 9 2 2 2 2 2 2 2 2 2 2 2 2 2 2 2 2 2 2 2 2 9 2 2 2 2 2 2 2 2 2 9 2 2 2 9 2 2 2 2 2 2 2 2 2 2 2 2 2 2 2 2 2 2 9 2 2 2
left_child=4 -2 3 -3 9 7 -7 8 20 15 -10 -11 13 25 -15 16 19 -17 -14 23 -6 22 -13 -1 -16 26 27 55 35 -29 -31 -18 -33 -30 -34 47 51 39 -39 50 41 42 44 58 46 -46 -41 48 -27 -45 53 -37 -42 -38 -55 -9 -57 -58 -43 -60 61 -61
right_child=1 2 -4 -5 5 6 -8 12 10 11 -12 21 18 14 24 17 31 -19 -20 -21 -22 -23 -24 -25 -26 28 -28 29 33 30 -32 32 34 -35 -36 36 37 38 -40 40 52 43 -44 49 45 -47 -48 -49 -50 -51 -52 -53 -54 54 -56 56 57 -59 59 60 -62 -63
leaf_value=-5.4925894402043216 -10.08817984980654 -4.8350877930825895 20.339708066123041 6.6910979171825078 -3.9125368635430959 -1.7298486408858709 25.72647487193683 -1.0701956196283209 21.905089269395475 -11.512850398454738 6.6371162053287298 -2.0178197958313917 -6.7293546708107606 6.0409666076720541 -2.9060821845197267 5.9496917965350242 -3.8578042396672014 -1.208209569777412 -0.70753934522364315 -7.73987643631434 3.1261225748865007 1.6988783169611024 -11.205683306996121 0.44971311453692508 2.2316920817453791 -1.4468420149841199 4.840386844759017 6.5689861806360073 -0.14433064056004194 4.6130904546449392 -0.20080641300869681 2.637559436954215 -3.0053050202621598 -4.5011725078269853 -0.68272487797564674 -0.018989589195034042 -0.87236635483694625 8.316022219201944 -1.3512613253708385 1.5261405311712846 -2.8736018160508356 -0.21684301777707035 0.028054529203412188 -0.027881034426511138 4.2547328438299115 0.47409935498688754 -1.2175408286149003 -2.9573973605286694 -0.19830444835659147 -4.2136925729488413 -3.2013930477046091 -0.60428049990939492 -0.31195490045939489 -0.12775722516823199 4.0634671033616998 0.2577934348357066 4.2757728513826212 -0.048734781540069549 0.32237620975438791 5.9863181554720288 0.57273011074193181 1.0453911312804247
leaf_weight=0.49706382257863879 0.36999885062687088 0.4221359232906241 0.55261579900979996 0.39966127858497202 0.34875575033947714 0.73238915088586409 0.24900655029341578 1.5918919867835999 0.1636904792394489 0.30642532440833747 0.14880952658131719 0.46736908354796358 0.50221319403499365 0.96596052171662394 0.41290565603412699 0.42488712444901544 0.64178358786739131 0.37880066339857876 0.62336610862985142 0.54989776946603963 0.38840740034356713 0.26513101742602885 0.2384021608158946 0.49562668427824974 0.82823663530871239 4.1415110428351953 0.80859692627563973 0.38621269888244469 0.48719774466007837 0.5187521851621566 0.77903481805697083 0.49465772509574524 1.1285409380216114 0.67040007747709751 6.2993049456272354 317.02364564011805 8.0572047587484068 0.35223499219864607 0.33676302805542846 4.3246496818028302 0.61520729004405428 7.2635733296629041 3.7273449869826436 0.4298335260245939 1.3255446073599162 0.80017594527453173 0.92924720305018116 0.7494175061583509 13.859148885821924 0.43691934645175934 0.5821296148933478 11.080097553320227 5.5377787633333346 1.4371695793233819 0.3366755456663667 16.736322339158512 0.75222196895629057 0.4379774946719408 41.666965122567497 0.53467470360919866 7.4536525462754071 1.8103877473622541
leaf_count=67 58 63 79 42 73 185 53 284 55 57 50 106 54 97 54 60 97 51 78 63 55 66 45 78 100 612 43 74 35 38 117 62 129 79 453 11891 739 63 70 215 73 602 690 59 107 37 80 113 512 43 75 1140 563 241 47 722 68 55 3379 45 453 163
internal_value=0 4.66664 8.63871 0.770395 -0.000481272 0.0422942 5.23656 0.0321837 4.21374 -0.912595 14.6346 -5.23901 0.0226691 0.0310269 2.93768 -1.24252 -1.54617 2.57597 -3.39436 -4.38446 -0.203904 -3.25893 -5.12138 -2.52574 0.522447 0.0170191 0.452764 0.498976 -0.0150212 2.8347 1.72341 -1.03494 -0.806262 -2.66751 -1.0356 -0.008305 0.0172408 0.228078 3.59092 0.201528 0.291231 0.407204 1.04371 0.288579 1.5567 2.83161 1.04087 -0.381104 -0.485562 -2.1379 -0.377599 -0.0387549 -0.568082 -0.594481 0.667737 0.297456 0.418904 2.68441 0.32439 0.370852 0.955455 2.17192
internal_weight=0 1.74441 1.37441 0.821797 475.532 463.344 0.981396 462.363 1.04966 12.1879 0.3125 1.27733 461.313 460.188 2.2071 10.9106 10.1069 0.803688 1.12558 1.54259 0.737163 0.970902 0.705771 0.992691 1.24114 457.981 22.011 21.2024 435.97 1.684 1.29779 8.56429 7.9225 1.1576 7.42785 434.812 416.062 87.9581 0.688998 87.2691 76.856 70.703 11.107 59.596 7.37962 2.12572 5.2539 18.7501 18.0007 0.866753 10.4132 328.104 6.15299 9.83105 1.77385 19.5184 17.9265 1.1902 58.7293 51.4657 9.79871 2.34506
internal_count=25957 242 184 105 25715 24381 238 24143 233 1334 105 274 23910 23778 251 1060 949 111 132 208 128 217 151 145 154 23527 1401 1358 22126 229 155 741 644 114 582 22012 20775 7744 133 7611 6509 5873 1129 4744 439 144 295 1237 1124 102 1102 13031 636 1027 288 1129 845 123 4642 4040 661 208
cat_boundaries=0 21 44 64 85 108
cat_threshold=2147485712 256 1694498832 3276832 0 134217728 0 0 0 3489661952 0 0 0 0 0 0 302515712 4 268435586 98305 4 32768 0 0 536870912 0 2621440 26688 0 128 1073741824 1536 1073741824 2281701642 1024 16777216 2050 0 4 142671872 1028 268435456 0 56 1058 16777280 16384 268439552 12288 1073758208 135 1 0 4218944 0 0 0 0 0 64 1048704 71303296 73728 3221225488 12 0 524416 2 0 131072 512 0 2147483648 538181633 1024 2147483648 16 840564736 0 256 142606336 4105 4 67108868 512 262144 0 322961440 32768 262148 0 0 32 0 0 64 0 131072 671088664 524552 41943040 16781312 1024 0 2147483776 0 138414080 1024
is_linear=0
shrinkage=0.05


Tree=59
num_leaves=63
num_cat=3
split_feature=58 1 0 66 52 63 55 70 58 10 59 70 63 55 54 58 66 66 56 60 70 70 0 66 63 5 60 59 5 10 3 58 47 50 52 7 1 59 60 71 20 52 59 3 60 34 59 54 4 50 72 66 47 55 59 59 56 70 58 47 54 50
split_gain=13659.7 103027 10423 29999.6 22950.7 15897.2 7854.21 12656.5 8679.92 14841.9 7088.49 7065.05 6710.29 4744.28 4646.51 4549.16 8242.07 4798.23 4655.07 8487.89 3889.83 3258.13 3015.31 3609.18 6060.3 3722.76 4307.93 3292.82 3287.09 4694.36 6027.86 3967.32 2870.43 2774.03 2736.61 2434.28 2949.35 3318.91 2410.81 2221.46 2204.31 1755.15 1723.41 2670.34 2411.19 1943.51 1671.98 1667.24 1627.14 1610.57 1599.11 5142.81 1849.18 1545.02 1416.15 1389.07 1334.7 2011.59 1272.7 1266.94 1229.41 1800.26
threshold=1520.0928040080537 9.5000000000000018 0 1079.0400000000002 829.37041389590297 732.83766233766244 66.422805572378323 1.0716944345976607 749.79385276230471 -3.9494859272502133e-15 74.231780152057809 0.44454486117387165 1864.9444444444446 -265.15057190383521 401.38583818959978 680.18775870044112 416.5841666666667 634.05666666666673 242.61960494573924 43.027535725268436 0.50359777495898228 0.30884358288770059 1 219.84833333333333 64.253000000000014 -0.93301270189221919 -827.13945662203798 179.93430373230376 0.6830127018922193 5.3480762113533169 2017.5000000000002 166.61474291574581 70.169967270437766 -20.877874225021369 42.918215759347483 -0.5 2.5000000000000004 -100.55201905547926 -121.79143238720486 -39.059083534911458 1.6160254037844388 -29.858649650215686 -100.55201905547926 2021.5000000000002 100.01806469567556 -1.0000000180025095e-35 -79.149401826764134 125.50189501881802 -0.6830127018922193 -670.4784847630242 2 63.135000000000012 -94.810680660328515 -21.781499620775978 -449.20721973584131 13.276401305358421 83.102534222307753 1.2807891197699461 228.34688633194668 239.06779622317765 75.233809900541942 -27.860919922922776
decision_type=2 2 9 2 2 2 2 2 2 2 2 2 2 2 2 2 2 2 2 2 2 2 9 2 2 2 2 2 2 2 2 2 2 2 2 2 2 2 2 2 2 2 2 2 2 2 2 2 2 2 9 2 2 2 2 2 2 2 2 2 2 2
left_child=2 11 4 15 6 -5 8 10 13 -10 20 12 49 -1 -9 17 21 22 34 -20 -8 54 27 50 -25 32 -27 38 29 39 31 -31 -26 35 -19 -15 -37 -38 -4 -28 41 46 44 48 45 -41 -30 55 -44 -2 51 -24 -52 -35 -17 -32 -43 -58 -29 -50 -53 -62
right_child=1 -3 3 5 -6 -7 7 14 9 -11 -12 -13 -14 33 -16 16 -18 18 19 -21 -22 -23 23 24 25 26 28 58 40 30 47 -33 -34 53 -36 36 37 -39 -40 42 -42 56 43 -45 -46 -47 -48 -49 59 -51 52 60 -54 -55 -56 -57 57 -59 -60 -61 61 -63
leaf_value=-6.0974318685405295 -6.6434812294311207 30.878469463348615 -2.2704633996109664 0.32166902417821597 -12.699015339350254 13.468047992006607 -1.7118528086989302 -12.438451464348084 -2.2667074900926747 10.96496784733359 -6.8137206497958562 -11.676313161108702 7.0862663629031708 -5.0508075673081896 -5.2853741039551574 2.0534232627209321 -7.5293389653937872 -0.46754590139401864 11.435287585085545 0.84401954541624102 5.1680840677970385 5.3477700419724945 0.19868544463658772 5.6507131976338085 1.503874632476015 -4.9816333635945567 -3.0280164725852354 -1.7142908954579044 0.75550646466001115 2.9586191740918348 -0.9157238455691612 11.650725801373504 7.1354460624997191 1.8246810186092621 3.7252157259375878 -4.6110521093014833 2.7558967271275998 -1.8159105833178697 -0.41185565399027957 4.1012957547875395 -3.1267695319395825 -0.19984842735985373 0.82192013575075795 3.0209393893865784 5.5730384435312708 0.020072337582637594 -3.6735478373726203 4.1768717134966726 -0.61996287406052641 -0.81658360546122266 -0.76784233209952191 1.9369586059672725 -0.0091207074858581927 -0.77035218646372949 -2.1693195425920742 2.149101530748379 -0.59983533822483537 4.1681989169327158 -5.2101577525610221 -3.7557988333845347 7.6700272267992595 1.9101471581406824
leaf_weight=0.53409963729791243 0.2633928656578064 0.29577029356732965 2.0458064940758041 0.36094218818470736 0.5014475130010404 0.63367493986152112 0.43535320600494765 0.45571300294250239 0.46403629379346967 0.39009936130605627 0.36763916141353548 0.1953094054479152 0.18991178995929658 0.60049919434822996 0.45241521508432925 0.24590463982895006 0.55815052031539369 1.2991139034274959 0.33254660200327624 0.43874027114361525 0.38903986290097237 0.21122702723368991 22.954558032564822 0.60635732021183031 0.62048106733710007 0.36644200049341158 0.44372483901679594 0.48451199731789418 0.33560949307866395 0.24391486588865552 0.65899994759820379 0.28427513991482556 0.35614567622542381 0.80017736088484559 0.55563727160915721 0.60083279316313598 0.53578428155742575 1.5322146553080531 11.855177473975344 0.38989047519862641 0.71465062955394376 2.4072834495455022 2.0356134756002588 0.71442690002731968 0.36347683146595944 1.1583747016266004 0.58364778850227583 0.48455424467101682 2.4301070617511744 0.21570911607704946 8.1970090668182802 2.3584770867601033 395.90163435577415 2.0253590296488242 1.0309151799883687 0.84216062212362885 0.3965452245902269 0.50028512673452497 0.56272815424017608 0.37131648836657394 0.25207679648883641 0.29374052397906769
leaf_count=95 73 80 198 56 90 94 70 56 84 47 65 39 47 62 77 53 96 126 58 55 47 45 917 45 93 37 49 57 65 58 74 70 51 82 86 50 60 123 846 31 89 65 270 71 51 175 111 57 376 60 1137 177 18038 76 230 70 70 52 54 70 51 68
internal_value=0 5.40665 -0.0254877 0.0224435 -1.14055 8.69728 -1.72589 -4.42786 -0.967579 3.77644 -1.03996 -3.30978 -0.867283 -1.57884 -8.8749 0.00444407 -2.34794 0.0147991 2.14603 5.41053 1.53486 -0.404453 0.0026907 0.031784 0.740403 0.562136 0.376106 -0.532705 0.503934 1.00746 2.88953 7.63676 3.55754 -1.18287 0.788501 -2.17454 -1.52736 -0.631431 -0.685387 0.409079 -0.558668 -0.124111 0.613431 0.167557 1.9082 1.04782 -2.05655 1.62679 -0.253886 -4.02 0.00399718 0.324147 -0.0239192 -0.0354521 -1.35606 0.803663 0.413525 2.05995 -3.59277 -1.0356 2.43185 4.57025
internal_weight=0 1.16009 477.966 467.881 10.0847 0.994617 9.58326 2.10016 7.4831 0.854136 1.19203 0.864323 0.669014 6.62897 0.908128 466.886 2.0462 464.84 2.62604 0.771287 0.824393 1.48805 462.214 447.266 17.3083 16.7019 15.7253 14.9482 15.3589 10.4208 2.5139 0.52819 0.976627 6.09487 1.85475 3.26933 2.66883 2.068 13.901 7.90693 4.93802 4.22337 7.46321 5.55146 1.91174 1.54827 0.919257 1.98571 4.83704 0.479102 429.957 25.8589 404.099 2.82554 1.27682 1.50116 3.30411 0.89683 1.04724 2.80142 2.90429 0.545817
internal_count=25925 299 25626 24542 1084 150 994 315 679 131 182 219 180 548 133 24392 424 23968 325 113 117 328 23643 22488 2100 2055 1911 1155 1874 1422 329 128 144 453 212 295 233 183 1044 1093 452 363 1044 787 257 206 176 201 716 133 20388 1213 19175 158 283 144 187 122 111 446 296 119
cat_boundaries=0 21 42 65
cat_threshold=524288 0 3221225984 0 0 134218240 0 0 1 1073741824 0 0 0 0 2147500032 8388624 3498575138 131073 4194432 0 44 32818 0 0 268501010 0 1073872896 132 0 0 805322848 0 0 0 0 64 67108928 131601 4194352 65538 65537 16 512 0 268435456 0 0 2621440 64 0 805306640 0 5120 1073741824 2147483912 1024 0 524288 2195456 0 2105344 2181054468 512 512 24
is_linear=0
shrinkage=0.05


Tree=60
num_leaves=63
num_cat=3
split_feature=71 52 72 66 50 52 48 56 52 9 67 5 66 71 67 66 54 63 56 67 72 67 3 66 56 66 63 63 50 52 56 58 66 9 48 72 67 71 56 67 53 71 24 55 67 55 20 71 50 51 57 66 53 50 65 66 1 47 51 9 67 86
split_gain=12025.2 32115.5 10118.5 36628.8 22137 17065.8 15675.3 8640.11 17716.8 8050.35 9346.69 7044.51 5528.28 5233.35 16055.6 6939.58 18740.4 6655 5654.73 5335.08 5001.4 35487.5 24603.4 4926.99 3498.4 10859.2 8200.18 3844.99 2609.88 2447.39 3234 2453.04 2578.35 2432.51 1875.11 1917.94 8559.86 2932.09 2442.21 1825.37 1770.33 1747.78 1489.84 1738.79 1470.99 3361.09 2332.3 2252.62 1849.36 1629.33 1481.59 1364.73 1346.39 1266.97 1480.36 1252.97 1240.67 1219.74 1203.05 5233.21 1658.29 5745.17
threshold=-97.656987281081044 248.33157547699346 0 923.94166666666672 -259.86403657735667 660.14453921408483 -138.98559235708933 1104.2426361512937 -646.04634770892051 -7.8971143170299731 299.39500000000004 1.0000000180025095e-35 446.95666666666676 -4.3843795960714145 1323.4600000000003 676.48500000000001 328.91518954548832 732.83766233766244 325.20942347569775 1636.1500000000003 1 628.54500000000019 2020.5000000000002 416.5841666666667 490.00967654937762 425.73166666666668 1184.0262500000003 1318.4662500000002 -244.25908376546539 32.771056033965372 242.61960494573924 381.36559081454203 63.135000000000012 -6.0310889132455356 -3.8375649942553443 2 145.14500000000001 -20.701903477280869 46.959931397564326 557.47000000000014 -119.3434462483218 -9.2623039919088104 1.0000000180025095e-35 66.422805572378323 489.00500000000005 -48.679014381432388 9.1848509936051497e-17 0.17153356197942188 -123.74442280330199 72.061545634273628 -17.949495894275529 176.66166666666669 -136.83959539518892 -101.32451734513347 191.04000000000005 187.3116666666667 4.5000000000000009 26.112192584736466 -294.82999230634135 1.5308084989341915e-15 711.44000000000017 1.0000000180025095e-35
decision_type=2 2 9 2 2 2 2 2 2 2 2 2 2 2 2 2 2 2 2 2 9 2 2 2 2 2 2 2 2 2 2 2 2 2 2 9 2 2 2 2 2 2 2 2 2 2 2 2 2 2 2 2 2 2 2 2 2 2 2 2 2 2
left_child=1 9 5 20 -5 7 -7 8 -2 10 -1 -9 -11 14 28 17 19 -15 -16 -17 21 29 -23 -19 34 27 -27 33 39 31 56 32 -4 -26 35 36 -22 -37 -38 -10 -34 52 43 -33 48 -46 47 -47 55 50 -49 -35 -30 -42 -55 -36 -31 -50 59 -39 -60 -62
right_child=2 -3 3 4 -6 6 -8 11 13 12 -12 -13 -14 15 18 16 -18 23 -20 -21 24 22 -24 -25 25 26 -28 -29 41 30 -32 42 40 51 44 37 38 58 -40 -41 53 -43 -44 -45 45 46 -48 49 57 -51 -52 -53 -54 54 -56 -57 -58 -59 60 -61 61 -63
leaf_value=-2.6510075796838972 8.5016625140434883 16.870490095575928 0.09780811672017084 16.976272044592417 3.4234561330955189 -17.69661935726625 -2.4107126778585144 -1.9772594665272161 -1.677861724779091 0.91468852656750055 11.270490618467164 -14.252203914332279 -9.116529049290012 -0.96078668430371206 -12.902902781878144 1.0204450446942506 10.460927197649262 -1.4117799122370398 -4.5203709185137733 -7.6533111172884407 -0.228330963660411 16.200544674891741 3.28256637530151 -10.17937316822689 -4.676355132233593 -2.5361294460829003 -15.252373404317931 5.120813055068858 -1.4120005282049375 2.9090450173210649 6.9300674042262047 -3.3729181819655367 -1.1256524528222156 -1.0080978044124131 -2.4600768509861348 -1.4199109351916135 4.1257222519466614 -2.7180548510905851 1.5536458256403636 -7.0643196946519922 4.8872918603240381 -2.5717754819513337 -5.014278545861937 0.80672850106382588 4.6564259610378933 -0.078286331780175133 -2.5800723596758366 3.282716128847301 0.038722180893733374 5.6070240245007099 -0.89017467875744605 2.6557044079594085 1.9634561264603605 3.558962949146617 -0.088122908729252547 0.10910329324968882 -0.96341622199811339 0.42727664431437645 -0.14618380781050874 4.334224744669096 -4.1019067960245348 1.8143411898141377
leaf_weight=0.2283949302509426 0.45341476681642134 0.38769313460215915 11.496378896525131 0.47904358129017055 0.81204552040435263 0.31863422621972859 0.35409992537461299 0.23369289468973953 0.36603877856396194 0.27219853433780272 0.25537517294287682 0.23383938334882259 0.27724003023467958 5.4424652836751166 0.46843317826278497 0.46451448998413958 0.46749522536993027 0.28660715068690468 0.35264550568535924 0.28670362685807049 10.238715468440203 0.60024369554594048 0.95507732732221484 0.3634141213260591 0.37814987241290565 0.27549421577714372 0.23485560459084809 0.28690393734723318 0.46362045337446067 0.40952098835259565 0.31154275638982654 0.43373152264393755 0.35711380746215571 1.1121951974928368 1.2149074336048205 4.6807077850680789 1.471320649608969 0.439705210039391 2.4759918716736138 0.2757867646869272 0.48956518177874375 0.57940539903938471 0.29432524717412878 0.58371162484399974 0.54717906983569253 1.9426020474638788 0.53962681838311244 0.50496065826155268 234.17425942979753 0.33958024415187538 0.36753672850318209 0.32946033775806438 0.81431363173760463 0.58914477331563719 0.52724031847901642 0.77875232067890454 0.41789917065761983 22.104282333981246 166.55272264615633 0.65478658070787787 1.016512942733242 0.68813020596280683
leaf_count=51 56 90 455 79 93 50 56 65 76 71 53 59 40 395 68 94 66 63 56 37 457 89 41 52 63 68 52 60 60 58 55 98 66 205 151 549 79 62 227 39 58 72 37 126 76 103 66 55 7346 56 71 31 100 39 80 106 88 2197 10486 74 101 32
internal_value=0 4.59906 -0.00742642 0.0409554 8.45207 -1.05024 -9.65074 -1.45851 -1.17769 -0.00557788 4.69795 -8.11665 -4.14694 -1.5905 -3.23666 -0.842924 2.60128 -1.53189 -9.30268 -2.28991 0.01876 0.67374 8.26799 -6.31357 -0.0208744 -1.84414 -8.38796 -0.258903 -1.24372 0.354819 2.58807 0.182619 0.383774 -1.10705 -0.0107512 -0.131191 0.313373 -0.175359 2.51236 -3.99238 2.05849 -0.293896 -1.88133 -0.975036 0.0756023 0.99919 0.457501 0.977096 0.0604346 2.66856 1.5249 -0.170812 0.738878 2.76654 1.83654 -1.45652 0.953209 0.0722354 -0.151316 1.50102 -0.162064 -1.71364
internal_weight=0 1.4209 484.331 472.106 1.29109 12.2251 0.672734 11.5524 11.0849 1.03321 0.48377 0.467532 0.549439 10.6314 3.32024 7.3112 1.21871 6.09249 0.821079 0.751218 470.815 17.4655 1.55532 0.650021 453.349 2.61706 0.51035 2.10671 2.49917 15.9102 1.13896 14.7712 13.4594 1.81981 450.732 188.219 14.186 174.033 3.94731 0.641826 1.96306 1.85734 1.31177 1.01744 262.514 4.24149 3.69431 3.15468 258.272 1.21208 0.872497 1.44166 1.27793 1.60595 1.11639 1.99366 0.82742 256.279 169.352 1.09449 168.257 1.70464
internal_count=26004 305 25699 24235 172 1464 106 1358 1234 215 104 124 111 1178 471 707 197 510 124 131 24063 1290 130 115 22773 479 120 359 347 1160 201 959 698 299 22294 12067 763 11304 306 115 243 232 261 224 10227 427 351 285 9800 182 126 236 160 177 119 257 146 9543 10755 136 10619 133
cat_boundaries=0 22 45 66
cat_threshold=3178496 0 1073741824 65536 0 0 0 0 0 335544320 41945090 4112 33816576 0 2684354576 67127296 527104 276 0 32768 144 32 0 0 268435584 0 8192 2621440 26688 0 0 536870912 37888 2147483682 524546 0 0 0 32 130 0 5259264 8 0 57 2050 67108864 0 557056 0 0 4096 0 128 2097152 131648 0 0 2112 131072 1026 32784 32 536944640 33817352 7712
is_linear=0
shrinkage=0.05


Tree=61
num_leaves=63
num_cat=3
split_feature=67 50 56 0 57 67 49 63 64 70 51 65 71 55 48 64 64 67 63 59 85 57 50 66 57 9 82 0 67 63 88 63 59 83 47 51 0 57 55 57 70 54 70 66 56 66 56 55 56 42 54 64 70 63 19 56 60 70 66 59 10 70
split_gain=10897.9 28553.3 14933.1 6686.68 11624.8 11177.8 14865.5 14418.8 7811.77 13022.1 11188 7751.46 6286.68 4820.73 3641.49 4211.85 3577.95 8419.45 8405.44 11810.5 16462.9 4323.13 4021.84 3101.56 4675.54 2997.58 2769.82 2094.32 2140.6 2016.58 1742.29 2158.35 3149.99 2732.04 1733.02 2283.18 2000.24 1935.99 1605.6 1577.25 1650.08 2108.73 1528.82 1747.02 1496.98 1462.34 2294.75 1399.99 1263.23 1248.28 1886.77 4249.8 1226.63 2433.44 3569.43 2011.32 1605.77 1208.54 1677.46 1147.95 3420.73 1226.28
threshold=2625.9500000000003 -259.86403657735667 490.00967654937762 0 -202.47868045031973 1173.5850000000003 -355.41287784748403 1184.0262500000003 263.54500000000002 4.6980565017030669 645.12524931448809 848.17000000000019 13.213255549847068 -25.494909235134728 -169.66118056733299 946.69500000000005 1460.4000000000003 670.38000000000011 1221.8975000000003 -234.3386822535675 1.0000000180025095e-35 -7.2271262246169341 331.57145155714687 479.73500000000007 7.4622503639171063 3.0003846579110155e-15 1.0000000180025095e-35 1 845.37000000000012 295.83333333333343 1.0000000180025095e-35 487.46958333333339 24.100692015927457 1.0000000180025095e-35 26.112192584736466 469.868118748521 2 -136.66980336287736 -1.7360624032040948 100.78317974697096 0.25853322488877567 174.65306313076741 4.5018354836410301 245.26333333333335 226.61579308084657 183.80500000000004 13.286006601182434 13.371943397654631 175.7025479797725 0.25000000000000017 174.65306313076741 685.04500000000019 0.89475799246011445 339.9233333333334 1.8369701987210299e-16 98.090558588832963 312.96386480142115 1.4409964584121309 320.78166666666669 -135.35028331631949 -11.500000000000002 0.97221372026492159
decision_type=2 2 2 9 2 2 2 2 2 2 2 2 2 2 2 2 2 2 2 2 2 2 2 2 2 2 2 9 2 2 2 2 2 2 2 2 9 2 2 2 2 2 2 2 2 2 2 2 2 2 2 2 2 2 2 2 2 2 2 2 2 2
left_child=3 2 -2 4 12 16 7 -7 -8 10 11 13 -1 -10 15 38 18 21 23 -20 25 -18 -23 27 30 -21 47 29 34 -5 31 32 -25 -33 35 37 -36 48 44 52 -41 -42 49 -44 -6 -39 -47 -26 -29 50 -16 -52 55 -54 -55 56 -38 58 -31 60 -48 -62
right_child=1 -3 -4 5 14 6 8 -9 9 -11 -12 -13 -14 -15 42 -17 17 -19 19 20 -22 22 -24 24 26 -27 -28 28 -30 57 -32 33 -34 -35 36 -37 39 45 -40 40 41 -43 43 -45 -46 46 59 -49 -50 -51 51 -53 53 54 -56 -57 -58 -59 -60 -61 61 -63
leaf_value=-12.597451894035741 18.8664476980647 -6.4798174629337897 3.3618543375624732 -0.373245226284103 -2.1410145943577317 14.51245375470943 -5.3464566784174501 0.13927792687545398 2.4376794253527296 7.167507327466935 -7.0228444144311668 -1.737490711416168 -2.3689576724364394 11.605494893934802 -0.61364647920406379 -7.9641544940355633 -5.8213590915801303 -11.072202185143198 -3.3214650722429462 -0.5012760285068486 17.497913172568058 -1.1875520964692832 6.5545049916560476 -1.9823004333892751 8.3660150747406821 7.426688798465964 0.81885326347234466 -0.95135050132710652 2.0568838694030434 -1.7848313542378762 2.3390018788913958 -5.5079141168635681 4.1303748808147223 -0.13635963249898128 -0.35813579192812434 -2.159339792420814 0.36253725005665483 -0.019077621898106842 -4.2383447347505427 6.0684266424073874 2.8356035710313257 -2.7989403080729192 -0.75300676039690007 -4.9154149107825029 1.5563119314301974 3.1456572623435703 5.1459371027738392 3.9590988360292827 -4.1522753942899051 -1.9036244709308034 -0.97670395377248553 4.7085257494660899 0.61355649116327915 1.020923506825965 7.1618150697965737 -0.90275072986270222 3.6542711079081927 -3.0855834407971767 0.83264532085304188 0.083432991274766763 -1.8435078870565293 1.2479853465415456
leaf_weight=0.33750033564865844 0.33305397303774953 0.33384262095205386 0.29097841330803931 11.559774945490064 0.86915871640667319 0.46269393712282214 0.39706776803359334 0.28012588107958436 0.34553165850229628 0.86754820961505164 0.45980934891849745 0.62783776200376451 0.2707245871424675 0.24510666402056769 9.944064523791889 0.34656035341322411 0.2985368005465715 0.23965621134266246 0.35237086308188736 0.32705447846092173 0.27749589178711176 0.53087939810939033 0.24523488036356866 0.38921726075932372 0.3312213812023399 0.18763437145389616 0.40768814226612449 1.8283829030115151 1.2838424528017629 2.5665722165722396 0.73252679966390122 0.37108343350701012 0.45966488681733608 0.65374101977795362 4.4498848249204457 1.2413236873690028 9.7812621281482315 379.77111326158047 0.5368864347692589 0.24051355128176399 0.64706851099617779 0.22337393276393414 0.58012477355077929 0.44580628490075469 0.39964604610577226 0.80780808487906952 0.47335121082141984 0.39529595267958939 0.37072447896935035 1.5148052135482419 0.79464335530064889 0.56060938443988562 16.135504459729422 0.70346285798586794 0.3565819556824863 3.4981597249861798 0.38507346808910448 1.0755281466990707 0.8038067971356212 7.3957313816063097 0.47114086989313264 1.0050241919234393
leaf_count=69 72 38 41 373 97 83 49 50 53 80 52 86 47 49 415 74 62 40 69 82 51 119 57 68 48 48 68 270 53 348 68 45 50 96 292 76 1392 16805 99 65 140 44 17 108 70 94 71 67 70 92 81 94 1076 94 56 481 21 61 103 748 85 100
internal_value=0 5.32275 11.6369 -0.0158202 -0.78637 0.028752 2.77176 9.09216 1.17642 2.19378 -0.377261 2.13054 -8.04469 6.24219 -1.00204 -2.91531 0.00708205 -2.59792 0.0146574 4.29404 7.68149 -0.708084 1.25877 0.0037927 1.4376 2.38893 4.11729 -0.00820317 0.0178599 -0.443937 0.27142 -0.536902 1.32768 -2.08137 0.0121845 -0.0183664 0.34215 -0.0115888 -1.9463 0.420205 2.40258 1.38966 -0.704507 -2.56173 -0.976437 -0.00324539 0.588953 5.96822 -1.49096 -0.555812 -0.375122 1.37503 0.485005 0.766012 3.08662 0.131382 0.487219 -1.62627 -1.16059 0.36795 1.4473 0.261288
internal_weight=0 0.957875 0.624032 473.561 16.6005 456.96 3.68572 0.74282 2.9429 2.54583 1.67829 1.21848 0.608225 0.590638 15.9923 2.15225 453.274 1.31431 451.96 1.14456 0.792185 1.07465 0.776114 450.815 3.74044 0.514689 1.13421 447.075 431.069 16.0057 2.60623 1.87371 0.848882 1.02482 429.785 393.365 36.4209 392.123 1.80569 31.971 1.11096 0.870442 13.8401 1.02593 1.2688 389.924 10.1531 0.726517 2.19911 12.8141 11.2993 1.35525 30.86 17.1955 1.06004 13.6645 10.1663 4.44591 3.37038 9.34525 1.94952 1.47617
internal_count=25872 151 113 25721 1263 24458 502 133 369 320 240 188 116 102 1147 340 23956 278 23678 250 181 238 176 23428 510 130 183 22918 22033 885 327 259 118 141 21980 18319 3661 18243 266 3369 249 184 807 125 167 17903 1098 115 340 682 590 175 3120 1226 150 1894 1413 512 451 1004 256 185
cat_boundaries=0 22 44 67
cat_threshold=525332 0 1158152704 4198408 0 67108864 0 0 0 1342185476 0 0 2 0 2147487744 0 8390658 0 4194434 33041 16 2097152 2 0 2415925380 1114114 0 33554433 132 0 0 262176 1024 0 0 0 0 67108864 268436608 541065344 40960 393220 0 268435456 0 134217728 9240 2097152 0 8192 0 8 148481 8390720 0 0 0 2147483648 0 4199488 0 1114144 134283264 0 32 33555456 1
is_linear=0
shrinkage=0.05


Tree=62
num_leaves=63
num_cat=2
split_feature=58 51 51 57 67 39 64 67 57 65 57 51 10 72 67 64 48 50 66 7 67 76 49 67 49 54 72 54 57 3 66 77 66 48 58 56 71 70 47 3 51 66 71 10 66 27 48 65 50 67 58 49 21 9 64 64 56 55 64 3 48 80
split_gain=16851 136977 8927.63 32662.8 10590.2 26346.4 15761.7 13645.6 6686.72 6298.43 5879.52 5161.61 4225.54 3949.63 12218.9 5486.57 4583.18 4557.3 8581.99 3439.86 3329.05 3199.28 2814.94 2788.97 3175.02 2367.78 2087.48 1931.62 1752.75 1715.37 1651.85 1634.3 1481.35 7089.53 9233.8 5857.96 5280.65 2884.2 4659.04 4366.08 7026.04 6024.83 5652.64 2492.37 2341.87 2329.95 3263.09 2997.7 2122.18 2710.27 1913.73 1758.71 1585.3 1887.97 1494.3 1389.15 2851.34 6507.4 1379.72 1547.34 1286.75 1297.7
threshold=1520.0928040080537 2318.6927878734041 1374.5528624259966 111.27479206406552 1735.2800000000002 1.0000000180025095e-35 1305.9725000000003 2155.0000000000005 84.875407033111983 900.04000000000008 -170.58548396087323 135.56703729759357 -1.0000000180025095e-35 0 465.04500000000002 236.62000000000003 181.92669143992745 752.86082666397317 195.17333333333337 1.0000000180025095e-35 557.47000000000014 1.0000000180025095e-35 -135.2786863150319 114.02500000000002 -19.913754571848081 135.18190239172364 1 77.665096612590801 29.141486945672028 2017.5000000000002 120.04833333333333 1.0000000180025095e-35 289.06500000000005 744.44281471396891 680.18775870044112 6.7842148195170635 16.831966739065479 1.5311119081162807 327.15482127008318 2019.5000000000002 169.27337496087338 488.0916666666667 -9.7166685170678999 5.7500000000000009 410.00000000000006 0.25000000000000022 -232.0271464575074 767.50000000000011 -94.701734255010365 530.55500000000018 280.7772867504637 -69.423777828900739 1.0000000180025095e-35 -17.160254037844378 449.25000000000006 598.37500000000011 217.38740975376723 121.43614686401141 263.54500000000002 2019.5000000000002 -293.90231732954641 1.0000000180025095e-35
decision_type=2 2 2 2 2 2 2 2 2 2 2 2 2 9 2 2 2 2 2 2 2 2 2 2 2 2 9 2 2 2 2 2 2 2 2 2 2 2 2 2 2 2 2 2 2 2 2 2 2 2 2 2 2 2 2 2 2 2 2 2 2 2
left_child=2 8 4 -4 10 6 7 19 21 -10 11 12 25 14 23 -16 22 26 28 -6 -14 -2 -17 -12 30 -1 27 -15 -19 -26 -25 -32 48 34 35 -34 -36 45 39 42 41 -41 43 -39 -44 46 -37 -47 49 60 52 -42 53 -48 -54 58 -57 -58 -50 -60 -28 -62
right_child=1 -3 3 -5 5 -7 -8 -9 9 -11 13 -13 20 17 15 16 -18 18 -20 -21 -22 -23 -24 24 29 -27 32 -29 -30 -31 31 -33 33 -35 36 37 -38 38 -40 40 51 -43 44 -45 -46 47 50 -49 55 -51 -52 -53 54 -55 -56 56 57 -59 59 -61 61 -63
leaf_value=-0.97810864914405726 -10.275335451176844 43.742193984058673 2.7480525616492839 -16.04084031802449 5.1438235149076021 14.272156669970919 5.6473661414827117 -11.476226555804088 -2.6443075401884784 8.98735896534488 0.088306418061911154 -8.3552227666080707 -1.9858939140649898 -0.4859632917529737 10.075343957975328 4.6919026760139531 8.3253201447712026 -1.0352384380677939 -7.2259327185193563 -2.8923009865560219 -7.7031452827641349 -1.8963958970684709 -0.57208424779364042 1.3865360244713554 6.1227637250070375 3.5537909738067022 -2.2818374879319236 -1.8416416238099309 3.7885543820696208 2.3805060366075761 -4.4020877384107493 0.76348681800165907 -4.8975576940867214 6.6547762207409979 -1.6540870912438064 3.7159999769887584 -11.297836752791653 -0.90051933009779239 5.1750281456890406 2.1025563529602791 -1.151968406202829 8.3295244097716434 -1.1972835575739245 5.4332228807065368 -6.6278787991283794 -0.45766452338426683 2.6288191913808259 -5.6952209751325604 0.0040328662105321945 -4.2039633426759204 -2.5823903410928648 1.1862690379208878 0.69321110371364192 -0.48568134525992734 6.096964161873891 -1.3787736367663885 9.1106696523417536 -0.34727468176041243 0.24470364293601499 -1.081034204141369 0.22975471869503747 -0.8757099593064549
leaf_weight=0.98183102533221311 0.23773457505740114 0.19910880015231669 0.57354590529575844 0.38764257612638175 0.26692307903431289 0.44860721169970919 0.82428137212991714 0.35912827379070222 0.27962287538684905 0.19935796014033258 11.070013670949267 0.31022703670896579 0.85996814025565871 11.868988736532627 0.39336534216999908 0.44823680422268786 0.35048022307455529 0.67654759227298089 0.63351915311068296 0.26573664648458362 0.36171012767590582 0.21875000977888703 0.58598287147469819 1.1822789327707144 0.4166572589892884 0.4079809314571321 0.9492194710765024 3.3745955273043355 0.26094745472073555 1.1552696565631775 0.30546537390910078 0.3070220910012722 0.48123284382745168 0.4499168947804727 0.32028898480348367 0.66751272347755453 0.25493630627170205 0.32731661340221729 0.73438256699591864 1.110308469738811 1.2276476209517571 0.59747676295228291 0.35460832878015947 0.29558652709238231 0.45101424888707697 1.0331975934095678 0.57736068964004239 0.37139736441895355 399.99983076239005 0.52100067213177759 0.63042117212899018 2.331407401477918 0.30813586083240796 3.094756253529344 0.21876052464358509 0.46797914803027996 0.31198547314852476 0.43606299092061818 3.4382472333963943 6.1160806489642709 4.9696770259179139 5.6992135571781546
leaf_count=133 74 49 88 58 66 51 85 64 76 50 514 36 159 593 25 57 73 99 94 37 64 49 74 96 99 77 216 371 59 120 61 44 69 65 60 71 46 64 92 97 66 57 60 64 100 127 96 48 17668 27 73 65 65 465 49 82 51 69 696 306 573 714
internal_value=0 6.0852 -0.0155203 -4.82942 -0.00581713 3.48347 0.663141 -3.94379 -1.92989 2.19694 -0.0217287 -2.25778 -1.53344 -0.0078808 0.589621 4.86428 3.38392 -0.0411863 -2.73043 1.13471 -3.67864 -6.2601 1.70936 0.47156 1.73173 0.352236 -0.0327875 -0.474683 0.307442 3.37243 0.294743 -1.81274 -0.00646804 0.46814 0.287251 0.528617 -5.92814 0.710824 1.39446 0.979789 1.64475 4.28109 -1.47187 2.10503 -4.23751 -0.0251356 0.439257 -1.84256 -0.0243947 -0.675938 -0.0136463 0.379726 0.372014 0.00400627 2.93678 -0.00514027 1.6823 3.59731 -0.0101505 -0.60395 -0.517728 -0.360773
internal_weight=0 1.13457 477.824 0.961188 476.863 2.16468 1.71607 0.891788 0.935465 0.478981 474.698 2.92172 2.61149 471.776 16.2148 1.77807 1.3847 455.562 1.57101 0.53266 1.22168 0.456485 1.03422 14.4367 3.36669 1.38981 453.991 15.2436 0.937495 1.57193 1.79477 0.612487 438.747 15.8377 15.3877 14.8125 0.575225 14.3313 7.42975 6.69537 5.26684 1.70779 1.42853 0.622903 0.805623 6.90154 5.49695 1.40459 422.909 12.1391 4.82943 3.55906 4.19901 3.67212 0.526896 410.77 1.21603 0.748048 409.554 9.55433 11.6181 10.6689
internal_count=25896 298 25598 146 25452 303 252 167 249 126 25149 469 433 24680 1163 229 204 23517 252 103 223 123 131 934 420 210 23265 964 158 219 201 105 22301 1899 1834 1728 106 1659 665 573 285 154 288 128 160 994 819 175 20402 1530 748 131 675 561 114 18872 202 120 18670 1002 1503 1287
cat_boundaries=0 23 45
cat_threshold=16 0 0 0 8192 2097152 16448 0 0 0 33559040 2 2315256074 4 16777216 1024 8454176 0 2097152 4195360 268438016 512 56 32 65536 32768 606208 0 0 0 0 0 2449473536 134217729 4097 2359296 335544832 5 1073741828 0 256 16777216 294912 4390912 4104
is_linear=0
shrinkage=0.05


Tree=63
num_leaves=63
num_cat=4
split_feature=72 66 52 71 65 50 50 56 67 67 59 70 58 88 65 4 0 58 67 50 70 50 66 48 20 50 85 49 48 66 0 67 71 39 47 65 10 47 68 65 48 55 0 67 9 10 60 59 24 65 59 67 60 56 56 47 70 70 48 66 15 58
split_gain=7698.88 41870.3 23072.1 23055.4 40788.3 8843.88 7002.95 16537.5 7071.48 4699.58 10479.8 12734.2 10682.1 9079.06 6795.21 3607.44 3522.37 8817.46 25594.5 2743.16 2623.25 2160.5 2093.63 1999.04 2531.17 1945.71 1859.56 1537.15 1499.91 1369.89 2543.69 2149.39 2473.16 2096.63 2867.37 2344.51 1775.9 2326.34 2460.18 2213.47 1917.25 1606.75 1585.08 1493.11 1493.08 1376.21 1757.39 1755.9 1606.48 3031.22 1370.64 1364.52 1344.11 2139.84 2009.15 1275.85 1269.82 1486.33 1194.98 1187.73 1176.38 1167.86
threshold=0 1079.0400000000002 550.2578712609062 -39.059083534911458 508.14000000000004 -628.46130491548979 198.64085801788099 402.91150007500329 1363.7000000000003 921.8950000000001 0.074069065760437716 3.2547290345889777 537.70203137930298 1.0000000180025095e-35 569.11000000000013 0.25000000000000011 1 959.65304179985299 479.24500000000006 -169.11454241393756 4.3328245541936097 -1.0000000180025095e-35 479.73500000000007 -115.53045673311105 -2.7554552980815443e-16 -376.71482540700151 1.0000000180025095e-35 -135.2786863150319 -25.984317169355574 13.776666666666667 2 244.92500000000004 -55.719192217767898 0.25000000000000017 131.80990410858979 344.97000000000008 12.312177826491075 -121.40983729971002 0.83333333333333337 547.10500000000013 -17.603446478789916 33.216240776703017 3 557.47000000000014 10.446152422706634 3.2320508075688776 189.07328142334634 195.38572956609769 0.6830127018922193 76.620000000000019 -9.2070959944026303 612.35000000000014 18.292055648350679 153.7538679831035 226.61579308084657 -63.664413688005332 1.493413834693422 1.0208393792696142 -5.8348126875476636 73.543333333333351 -0.6830127018922193 138.88885333175136
decision_type=9 2 2 2 2 2 2 2 2 2 2 2 2 2 2 2 9 2 2 2 2 2 2 2 2 2 2 2 2 2 9 2 2 2 2 2 2 2 2 2 2 2 9 2 2 2 2 2 2 2 2 2 2 2 2 2 2 2 2 2 2 2
left_child=2 9 5 4 -3 -1 7 20 27 16 11 14 13 15 -11 -12 19 22 21 56 52 -19 25 -24 -25 26 -18 -8 -26 55 43 42 -33 36 35 -35 37 38 -34 44 50 -41 -32 -31 58 46 51 -48 49 -47 -40 -39 -7 -54 -55 -27 57 -2 -38 -44 -61 -51
right_child=1 3 -4 -5 -6 6 8 -9 -10 10 12 -13 -14 -15 -16 -17 17 18 -20 -21 -22 -23 23 24 28 29 -28 -29 -30 30 31 32 33 34 -36 -37 39 45 40 41 -42 -43 59 -45 -46 48 47 -49 -50 61 -52 -53 53 54 -56 -57 -58 -59 -60 60 -62 -63
leaf_value=-7.242859624252505 -2.9372521989668283 4.3055953729503988 -10.797589250505562 2.6038437394680276 30.361262390639681 -0.23502013293262414 -3.799989472254925 6.5978243593893042 -8.7193050661335914 -2.5402191017705023 1.8705648605190384 11.595920396639839 -6.7180202721495803 6.2092787856713709 6.385204498728454 -3.0309215677121801 -0.83273883036425933 -1.431985592818398 18.435642065831519 -0.83098471438503452 -3.25680551549998 4.4676684613962356 -0.91611604432845783 6.2077765451915363 3.0872852352971782 -0.71145413698288174 -5.6612430550577733 0.29011168908138418 -0.68793799289842206 -0.56506614116509302 -0.30595310833195943 -2.7890314672302434 4.8855031499689581 2.8299635620653412 6.1862236604455427 -1.3014564586767359 -1.6023971169155087 0.19604006192099976 -2.368157507388204 -5.4017188758714143 4.1910633380606885 -0.5796367865115547 0.14431128546728475 -2.5272503899726328 2.474232096715514 5.7061791908101887 3.7315356921063714 -0.091190778046216892 0.20208609714687312 -0.292690245297761 2.0481597452062821 -2.2851069663636348 -0.72970061650745488 -1.3728905675300727 -6.4878781025838181 -0.026989118237378276 -5.6147110885878071 0.9963773040704309 1.2958563923329445 2.3419185182824083 0.51418014578093574 2.7779532211747191
leaf_weight=0.55192324542440374 1.4865266503766172 0.32932533696293831 0.6342430720105775 0.64497050805948564 0.27614667895250022 6.7704599928110749 0.40067833242937922 0.79290626593865532 0.52083662198856473 0.46160402987152227 0.70117992907762594 0.50411641760729253 0.49635729589499522 0.67874760157428671 0.39635144104249775 0.8079329973552376 0.6980962420348068 0.57127564656548202 0.25388170219957829 8.4852142389863712 1.0503031690604991 0.21305631310678907 0.55009310552850355 0.36747707566246379 0.58671782631427027 6.9782108215149483 0.2791292613837868 0.53837085166014798 0.47699612565338523 10.433686412405221 10.558504716027526 0.49166044103913265 0.68982119415887289 0.98298139194957801 0.3919206557329743 0.52776403282769024 0.96278934343718037 6.8425562307238561 0.39862515963613976 0.34428900922648598 0.3293538815341891 0.34672142844647169 104.22757867746986 1.0688246698118735 0.56630817311815906 0.52025523269548957 0.68033458618447162 0.53789840009994805 1.3337719542905686 0.65447110030800082 0.31414285791106522 0.60296644386835385 2.2836643524933611 0.40853188396431495 0.36218744399957359 279.59298709756695 0.34562881290912617 0.28641007374972094 0.56399380718357794 0.94638877036049862 12.617576560704036 0.58771689049899578
leaf_count=66 286 56 86 94 50 327 45 97 71 60 74 69 91 83 81 60 137 129 46 799 77 48 79 64 52 929 48 88 82 597 1119 55 46 122 64 59 109 696 63 47 52 61 7664 57 52 34 86 79 126 58 50 54 191 58 62 8320 23 28 73 72 1391 54
internal_value=0 0.0439497 -0.868261 9.18195 16.1892 -1.0426 -0.781934 -0.373452 -4.0467 0.0202575 1.71681 5.28893 -0.0958135 1.40656 1.58308 -0.753541 0.0053242 0.0338062 4.63708 -0.634477 -0.881728 0.170599 0.0238942 1.64564 2.63028 0.016691 -2.21193 -1.45507 1.39438 0.021584 0.139523 0.195608 0.71017 0.804809 2.37532 1.38669 0.621216 0.858469 2.5693 -0.528523 1.03611 -2.98219 0.135998 -0.39981 0.281527 0.606508 0.283158 2.04365 1.5113 2.50207 -0.421725 -0.00489256 -0.627825 -1.49853 -3.7766 -0.0436563 -2.84227 -2.30179 -0.531782 0.185813 0.641706 1.16012
internal_weight=0 464.991 14.3141 1.25044 0.605472 13.6799 13.1279 11.6681 1.45989 463.741 4.04629 1.36207 2.68422 2.18786 0.857955 1.50911 459.695 449.091 1.03821 10.6038 10.8751 0.784332 448.053 1.98128 1.43119 446.071 0.977226 0.939049 1.06371 445.094 158.523 147.02 18.6703 18.1787 1.90267 1.51075 16.276 13.4919 1.73194 2.7841 1.04212 0.69101 128.35 11.5025 2.09309 11.76 8.66376 1.21823 3.09622 1.76244 0.712768 7.44552 9.82484 3.05438 0.770719 286.571 2.11857 1.77294 1.52678 117.792 13.564 1.24219
internal_count=25896 24728 1168 200 106 1082 1016 812 204 24528 518 210 308 217 141 134 24010 22874 223 1136 715 177 22651 277 198 22374 185 133 134 22189 12940 12286 2040 1985 245 181 1740 1398 211 342 165 108 10246 654 234 1187 915 165 272 146 113 750 638 311 120 9249 337 314 182 9127 1463 112
cat_boundaries=0 21 43 63 84
cat_threshold=3149824 67108864 536870912 593920 0 0 0 0 0 2214592512 2048 4096 33554432 8704 2684354564 1073741840 576 0 69206016 1082130440 17039376 3124 0 2231370760 2228224 4096 0 133 0 2147483648 0 0 0 0 524288 0 67109184 145 128 8192 65540 0 524288 524296 0 128 268435456 1073741824 536903680 0 0 0 542115849 0 0 0 536870912 10 33554432 134349312 67108888 0 3290431505 512 1048640 2048 0 0 33554433 278578 1073741825 0 0 1024 1073741824 1 320077824 0 285212672 1048640 268439616 16388 0 64
is_linear=0
shrinkage=0.05


Tree=64
num_leaves=63
num_cat=3
split_feature=71 52 9 0 67 55 57 51 52 70 3 10 48 65 67 78 56 66 65 0 67 56 28 3 45 52 52 20 70 66 66 3 57 56 47 67 51 48 70 67 51 70 70 0 66 19 9 64 10 49 49 65 4 58 48 8 10 63 52 48 23 66
split_gain=15565.4 45306.6 9516.35 6397.87 25920.7 19783.1 19236.5 11702.1 6118.1 5358.22 5337.93 4850.54 3274.67 8227.14 3672.85 2889.97 5828.78 2877.57 6751.32 2937.5 8530.11 5756.82 5010.18 4784.68 9228.49 5316.18 4212.84 4017.73 3937.8 3594.51 3363.56 2997.17 8981.93 2797.35 3589.43 2598.16 2324.76 2190.74 1900.98 1831.96 1749.48 2864.47 1577.77 1317.88 2019.4 5669.97 2842.02 3745.38 4091.97 3965.93 2966.38 2837.22 2527.91 1884.47 1812.53 1665.73 1552.6 1479.77 1309.02 1235.02 1230.68 1209.31
threshold=-128.9160027870366 227.56527903626153 -6.0000000000000027 0 1636.1500000000003 -29.033529454453078 -232.03305432101476 800.63399126501326 299.11507061042596 4.9023674638581349 2018.5000000000002 5.8170722959499284e-16 292.86898106747066 1042.4800000000002 690.71500000000015 1.0000000180025095e-35 285.90056679857429 867.34833333333347 662.04000000000008 1 82.015000000000015 379.97811041316237 0.6830127018922193 2018.5000000000002 1.0000000180025095e-35 68.344944593529419 20.095454746529573 9.1848509936051497e-17 3.2547290345889777 248.22166666666669 157.25833333333335 2018.5000000000002 136.22882783547934 490.00967654937762 28.664665239661542 1009.9950000000001 -82.876695937708348 -107.19157346885409 0.67656991682932099 354.59000000000009 -5.0155333117589356 0.97221372026492159 0.17228143008164434 2 248.22166666666669 -1.8660254037844384 -6.5000000000000027 233.98000000000005 -14.361215932167726 -91.821047308774993 26.7250628448752 616.63000000000011 -0.6830127018922193 244.15582393543505 132.79253343105745 3.5000000000000004 -4.133182947122316e-15 232.87500000000003 177.76715771460201 32.458585098684559 -1.0000000180025095e-35 295.72166666666675
decision_type=2 2 2 9 2 2 2 2 2 2 2 2 2 2 2 2 2 2 2 9 2 2 2 2 2 2 2 2 2 2 2 2 2 2 2 2 2 2 2 2 2 2 2 9 2 2 2 2 2 2 2 2 2 2 2 2 2 2 2 2 2 2
left_child=1 2 -1 6 17 9 11 -7 12 -6 -10 -2 14 -14 -8 16 35 19 -19 20 -5 43 27 24 26 28 29 31 40 -22 -29 32 33 -23 42 -16 38 -17 -33 -27 41 -25 -35 60 57 -46 52 49 50 -48 -49 54 55 -53 61 56 -47 -45 -57 -54 -21 -50
right_child=3 -3 -4 4 5 7 8 -9 10 -11 -12 -13 13 -15 15 37 -18 18 -20 21 23 22 -24 25 -26 39 -28 30 -30 -31 -32 36 -34 34 -36 -37 -38 -39 -40 -41 -42 -43 -44 44 45 46 47 48 51 -51 -52 53 59 -55 -56 58 -58 -59 -60 -61 -62 -63
leaf_value=5.4854743927161911 -5.9518084616067704 25.112051754081552 -6.1453710127574421 -0.097100234592231591 15.476905420857967 6.1220153675892455 -0.52439052352588755 -5.7371878411468922 -0.5657232125742383 7.5929098137594 -9.7566826955794337 -14.950604363515735 -1.5792037478504088 9.5746466454280874 -1.1189709145668574 -7.0673511399221871 5.5864893353693788 6.6378501289997178 -1.5021522781672014 -1.5258417021700756 3.4436069462554095 4.2638925068434048 -7.5976936025248811 -0.64214176093617725 13.665339152211638 -0.089197780983770972 7.4352609290003144 -1.2810194322906863 3.8375842333832155 -3.58984050146928 -7.3143076963361908 -1.8248751198221218 10.468399420050003 -1.7585171963949984 -7.7878796452676298 -6.4421007015003102 -4.6404793509401037 -2.2707762065018477 1.7438002253063463 -4.972980941325611 -0.84368177933675848 3.3612698853685625 3.4537412408853569 0.0087494662454569386 4.6768560830338606 0.76541777189259053 6.6475713286201703 1.422997332804111 -1.7731493584785747 1.0535514271958868 7.3559478953438218 -0.62362380649957139 -1.5772505887379582 -4.221569921599122 3.3784106070480897 0.28550758666454651 -2.4929943004003294 -0.47833568071782218 4.6365415142342163 -5.4178805623019102 -0.36492094136353365 0.51996457673696184
leaf_weight=0.37344673927873373 0.33513674559071915 0.24112521368078887 0.33241267781704564 10.848118837922813 0.42807619692757726 0.4568158728070546 12.556757754413409 0.38192672072909772 0.28348783729598004 0.43400542414747179 0.35681346221826971 0.27070721588097513 0.43776427791453976 0.26565019926056266 0.7119640996679657 0.5043920399621129 0.25561288837343443 0.52103957743383833 0.49838280747644603 2.6857569727581021 0.49250098690390476 0.23994933720678024 0.3390614294912665 0.73240059544332292 0.24145347927696992 0.41400511167012144 0.3525254069827497 0.47030330426059652 1.9609690851066259 0.28780759871006012 0.45402491604909301 1.3068388984538617 0.22406118130311359 0.45412529888562858 0.19600538420490921 0.33808135334402323 0.50419694418087591 0.45081373862922181 0.52231194521300484 0.35811400250531733 0.9382576728239661 1.1458602775819597 0.2134208888746798 385.07131224125624 0.80624248692765732 0.65227653784677386 0.51993813598528504 0.59592270944267234 0.65768651594407934 0.81110892235301324 0.32589791715145111 1.0502742470707742 0.46824811678379674 0.55690789641812433 0.50144987972453225 0.4896454969421028 0.83177044778131015 16.250809417106211 0.26719141472131014 0.37853580014780164 15.217929368605835 4.5700484341941774
leaf_count=85 60 60 62 713 47 58 555 52 79 53 52 49 93 56 142 91 45 47 63 297 98 69 36 66 76 63 81 62 34 62 68 159 54 133 47 80 46 57 36 49 64 89 47 17483 92 58 43 94 87 65 49 93 66 65 78 97 76 1770 55 59 703 485
internal_value=0 6.40019 0.00812243 -0.0165002 0.0271622 6.18883 -0.767773 0.721853 -0.897772 11.5078 -5.68747 -9.97271 -0.70018 2.63314 -0.858417 -2.71359 -1.18457 0.00479639 2.65831 -0.00114347 0.497887 -0.0320532 -1.73272 2.14918 4.79045 1.4951 2.89885 -1.29903 2.11723 0.849403 -4.24454 -0.555326 1.34135 -0.511857 -1.83886 -2.83285 -1.63444 -4.80359 -0.805844 -2.35433 0.919451 1.8002 -0.0921084 -0.0134401 0.00902943 0.611128 0.35255 0.777366 0.380649 3.23871 3.52052 -0.0138776 -0.966781 -1.87036 0.506912 -0.0873286 -1.06084 -0.0109742 1.82158 -3.29412 -0.345882 0.231474
internal_weight=0 0.946985 0.705859 474.893 458.126 1.70082 16.7672 0.838743 16.1613 0.862082 0.640301 0.605844 15.521 0.703414 14.8176 2.26086 1.30566 456.425 1.01942 455.405 17.772 437.633 4.9243 6.92389 1.37429 5.54961 1.13283 4.58524 4.77749 0.780309 0.924328 3.66091 1.32756 1.1035 0.863552 1.05005 2.33335 0.955206 1.82915 0.772119 2.81652 1.87826 0.667546 432.709 414.805 13.4831 12.6769 9.58923 8.25819 1.33105 0.921821 7.33637 3.08767 1.60718 5.72918 2.24088 1.48405 401.322 0.756837 0.846784 17.9037 5.22773
internal_count=25853 207 147 25646 24287 210 1359 110 1250 100 131 109 1119 149 970 415 267 24077 110 23967 1395 22572 757 682 317 365 241 721 253 160 130 591 350 296 227 222 241 148 195 112 219 155 180 21815 20815 1562 1470 1059 951 108 143 808 411 158 650 286 134 19253 152 125 1000 572
cat_boundaries=0 20 42 65
cat_threshold=1024 256 1358956552 2097160 0 201335296 0 0 2147483648 17409 0 0 512 0 2147500032 0 1610613026 655360 4194434 32768 528384 1075879968 8675344 0 33652752 4096 0 0 1024 0 0 0 1 0 4096 16 2164260864 67108866 131072 4 100 301989888 2147516416 128 524416 268439554 0 1073741824 130 0 65536 1342177336 4096 0 4 0 64 0 1024 536903736 81920 1073741824 0 2621440 1
is_linear=0
shrinkage=0.05


Tree=65
num_leaves=63
num_cat=3
split_feature=67 14 66 72 51 58 67 60 67 9 55 60 59 50 59 9 50 50 50 57 67 55 47 72 67 55 55 47 60 54 65 70 58 59 3 9 70 71 5 57 65 67 51 10 54 66 51 65 51 54 72 66 55 84 58 53 70 3 66 3 52 66
split_gain=12086.3 28693.3 34842 6150.58 14888.5 14717.1 45181.6 5787.63 4279.8 15448.2 8408.77 10866.9 7377.9 3709.8 2799.9 4738.93 4484.43 3385.48 3297.48 2625.64 2244.21 2152.65 2141.46 1981.5 5370.92 4706.75 4539.42 2045.96 1798.39 1624.71 1613.79 5576.95 2838.65 6137.68 3484.35 3490.1 1520.95 1464.99 1597.38 1327.39 1729.18 1547.67 1357.57 1200.29 1149.14 1138.46 2058.33 1933.43 1511.41 1288.84 1205.12 1796.29 2740.74 1821.25 1115.57 1709.59 1395.25 1146.85 1063.64 2058.52 2621.97 2760.24
threshold=2155.0000000000005 -0.68301270189221908 2329.1133333333337 0 800.63399126501326 1176.6498103167032 520.88000000000011 774.17449252557014 1173.5850000000003 -5.0980762113533169 -176.24225371432479 -180.6861177433976 57.352966242349289 -670.4784847630242 66.687907486227417 -14.722431864335453 -303.7887476128243 153.72097351565796 -343.5009233524882 23.879465648266528 80.030000000000015 193.88671965347081 -472.10032895017667 1 219.10000000000002 -28.098305632479601 44.868467219649212 -105.72761814342716 287.77452203136664 144.39615469037622 1535.4350000000002 0.25161140624045925 607.01536080716596 -182.85929333538573 2019.5000000000002 1.4083438190194564e-15 4.0019010776457593 25.557120674474536 -0.24999999999999997 -114.26476910927845 569.11000000000013 405.04500000000007 -121.96780602315225 -12.000000000000004 64.138394202497011 526.91166666666675 544.16612634051569 214.52000000000001 102.92402627682067 125.50189501881802 2 380.59833333333341 -81.761682459300616 1.0000000180025095e-35 112.91774815323538 -41.182997074669665 1.4248539662168749 2020.5000000000002 17.045000000000005 2021.5000000000002 102.50385977396523 116.35166666666667
decision_type=2 2 2 9 2 2 2 2 2 2 2 2 2 2 2 2 2 2 2 2 2 2 2 9 2 2 2 2 2 2 2 2 2 2 2 2 2 2 2 2 2 2 2 2 2 2 2 2 2 2 9 2 2 2 2 2 2 2 2 2 2 2
left_child=3 -2 -3 4 13 7 22 8 23 -10 -11 -12 -13 -1 15 -15 -16 28 20 -9 -17 43 -7 24 36 27 -27 -26 -18 -28 32 -32 39 -34 35 -35 37 -5 -39 40 41 -25 -43 -20 -45 46 50 -47 49 -49 54 58 -53 -54 -41 56 -56 -57 -52 -60 61 -61
right_child=1 2 -4 5 -6 6 -8 19 9 10 11 12 -14 14 16 18 17 -19 21 -21 -22 -23 -24 30 25 26 29 -29 -30 -31 31 -33 33 34 -36 -37 -38 38 -40 45 -42 42 -44 44 -46 47 -48 48 -50 -51 51 52 53 -55 55 57 -58 -59 59 60 -62 -63
leaf_value=-5.2739328150693376 -7.8832503148628241 2.0287258439834992 19.234994175471879 -0.048237515278301724 -11.027419997088117 -2.8687842601053841 22.196491835570608 -6.638491100245492 8.8243990346764711 -6.1427777838501223 9.4307072921841559 -5.3636180494531933 3.6790636466209841 3.7438539064778418 -7.0196773777098063 -0.45781591982935926 -1.4396131261266012 -5.0464117041277516 1.2175120417848408 -1.6056891216510629 5.1878807322243947 -4.3313493566214456 3.0801128939838827 -0.74483536562452701 3.2126162444735833 7.8700447338061146 -0.59606324635810914 -0.67722298568170092 2.0711052508016294 4.3069336038217081 -0.067654386292538657 8.6090196217382395 -8.0733579441076166 -1.664489126646608 -3.6728842835449762 8.002477039810497 1.273706085357948 0.099652194590167983 3.7379595482352439 -0.27113733049816985 1.4634801223439471 -1.6903294075622068 -5.8098329635541681 -0.44262932769200614 -2.1499203783917169 3.7813757074860632 -1.8448094623741988 -0.11780484725038119 -1.6321652203210875 3.669283915321969 -0.039749596726109414 4.6935433866101439 1.7062420469019726 -1.4197004227409338 -0.97945350348387206 -0.65977341054670247 2.1647562945205103 -3.0503828786025484 0.053646726760310959 0.49991375521788362 -1.3826203498716652 2.1539140219697428
leaf_weight=0.55707597266882558 0.38258777908049513 0.9015421955846239 0.436752924695611 15.391001110197985 0.41080950852483589 0.46855591493658721 0.30328372400254011 0.43588563799857982 0.63383027981035445 0.454531406518072 0.33955447911284864 0.47392710065469013 0.43043830478563905 0.60047375899739375 0.43782057752832804 0.36326509690843245 1.4529845865909012 0.53631588886491943 0.53192123142070835 0.63916064309887588 0.34149899403564632 0.54827824747189868 0.22340839100070198 2.3277561897411942 0.52164880884811282 0.62833957630209514 0.32290051644667983 0.96044374839402757 0.48705920670181502 0.35441886098124087 0.79206192004494258 0.24171081185340881 0.34540113457478583 0.17933612875640281 0.3312659552320838 0.19477202603593469 3.2035374636761835 0.66346573666669428 0.55324497260153183 18.01620111940429 0.6253049918450414 0.53377168951556087 0.31982185645028938 1.9339031185954842 2.009941283846274 0.52746793092228417 1.5199065627530206 0.50445450982078888 0.62027935544028878 0.40505361277610064 285.81463378784247 0.49445998016744885 1.2422611797228444 0.74564203876070667 1.1409833580255511 0.80523228179663364 0.51078809751197685 1.3308388018049297 106.31760971667245 12.621723846765237 1.4624408381059755 3.1524129351600996
leaf_count=136 62 99 85 651 52 125 60 61 96 56 54 58 65 90 90 46 150 96 78 93 59 82 56 336 79 50 45 82 57 56 152 51 65 54 63 49 35 82 32 694 78 89 56 190 213 46 95 75 77 47 9633 55 213 92 125 138 29 82 9296 506 55 207
internal_value=0 4.19197 7.644 -0.00579111 -0.860008 0.0304092 6.10478 0.0181708 0.0265874 2.16311 -0.322765 1.80388 -1.0597 -1.31133 -1.07252 -0.482037 -2.35497 -1.53025 -0.92498 -3.64628 2.27785 -1.37427 -0.948116 0.015888 0.39193 2.6202 4.8091 0.691875 -0.558227 1.96951 -0.0118668 1.96108 -0.0167487 -2.61245 0.0616043 3.36843 0.27621 0.0837984 1.75401 -0.0105645 -0.940205 -1.41266 -3.23381 -1.01203 -1.31273 -0.00247079 -0.00801814 1.17097 0.270908 1.56879 -0.00158042 0.0208655 1.36232 0.533733 -0.298311 -1.21511 -0.00714893 -2.1492 0.0132408 0.135822 0.642691 0.830461
internal_weight=0 1.72088 1.3383 480.337 10.2113 470.125 0.995248 469.13 468.055 2.33228 1.69845 1.24392 0.904365 9.80054 9.24346 6.32928 2.91418 2.47636 5.72881 1.07505 0.704764 5.02404 0.691964 465.723 22.599 2.78775 1.30566 1.48209 1.94004 0.677319 443.124 1.03377 442.09 1.05078 0.705374 0.374108 19.8112 16.6077 1.21671 441.039 3.80665 3.18135 0.853594 4.47577 3.94384 437.232 435.175 2.05726 1.52979 0.909508 433.655 411.851 2.48236 1.9879 21.804 3.78784 1.65177 2.13607 409.369 123.554 17.2366 15.7741
internal_count=25879 246 184 25633 1339 24294 241 24053 23899 329 233 177 123 1287 1151 758 393 303 668 154 105 563 181 23570 1112 312 151 161 207 101 22458 203 22255 231 166 103 800 765 114 22024 559 481 145 481 403 21465 21220 245 199 122 21125 20057 360 305 1068 374 154 220 19697 10064 768 713
cat_boundaries=0 22 45 68
cat_threshold=32784 0 536870912 851968 0 0 0 0 0 336068608 150994944 4432 0 512 2684354576 67108880 67641600 0 0 1077936136 17039360 32 1024 0 268468224 0 8192 2621440 24640 0 0 2097152 1024 3221225472 134742282 1024 1048576 2050 8389632 4 1075847168 1056 0 0 32 0 4096 17039362 0 0 0 0 0 0 2185232384 536871113 1048576 335822848 16777600 260 0 0 257 0 2176 2097280 1024 72
is_linear=0
shrinkage=0.05


Tree=66
num_leaves=63
num_cat=0
split_feature=57 67 65 78 70 58 55 60 1 58 65 59 48 47 66 48 57 67 8 59 48 55 54 24 67 56 57 57 58 57 70 4 55 67 66 3 54 55 66 58 60 67 70 56 18 63 51 63 34 54 31 65 67 67 39 65 68 63 47 52 66 27
split_gain=6853.69 10397.9 30942.1 37733.6 7328.69 3943.7 2884.49 10065 5778.24 4011.62 25710.4 7659.11 6456.17 8699.94 4148.73 9544.16 3936.55 3851.49 2562.62 2940.79 2106.47 1714.62 5997.53 2742.89 2985 3029.56 2282.76 1862.12 4838.23 3074.91 4867.47 2698.86 3330.47 2850.33 2398 1593.11 1589.97 1515.15 8657.82 4170.24 12874.1 7457.36 1396.74 3992.64 2752.78 2221.94 2453.65 2041.36 1912.8 1978.06 1895.21 1834.18 1657.34 1557.35 1408.5 2393.25 1352.78 1586.5 1289.04 1244.56 1220.54 1209.28
threshold=-314.68834277090247 2155.0000000000005 508.14000000000004 1.0000000180025095e-35 1.9727208997002652 607.01536080716596 475.91995953422241 -195.3817540301049 7.5000000000000009 1077.3570009173429 1693.6950000000004 -95.115824762616072 -431.47361442225576 262.0732356075161 923.94166666666672 167.01076085564912 -19.531110575752468 299.39500000000004 2.5000000000000004 155.52151954079611 142.68605221011617 -194.77631568341479 89.056024550709296 -4.592425496802573e-16 169.25500000000002 64.786269176222234 -126.52703654010882 70.068579162089236 607.01536080716596 237.08215660809586 0.28934520146470338 1.0000000180025095e-35 107.3438805801717 447.03500000000003 402.7383333333334 2018.5000000000002 273.92387028937225 129.70125887176638 343.02833333333336 444.45758094211703 1.4108949717068795 516.42500000000007 4.0019010776457593 23.783116921333104 0.25000000000000022 400.67208333333338 201.3062640129485 333.51305555555558 -1.0000000180025095e-35 114.36867630441181 -0.6830127018922193 330.0800000000001 845.37000000000012 157.94500000000002 0.25000000000000017 1164.4750000000001 0.58333333333333337 333.51305555555558 -3.4198385597503891 133.48321467397824 326.77500000000003 -0.6830127018922193
decision_type=2 2 2 2 2 2 2 2 2 2 2 2 2 2 2 2 2 2 2 2 2 2 2 2 2 2 2 2 2 2 2 2 2 2 2 2 2 2 2 2 2 2 2 2 2 2 2 2 2 2 2 2 2 2 2 2 2 2 2 2 2 2
left_child=4 6 -3 -4 5 -1 9 -8 20 12 11 -11 13 18 21 16 -16 -13 -2 -20 -9 22 23 -14 -25 -26 -24 37 29 31 -31 36 34 -34 35 -33 59 39 56 42 41 -41 45 50 47 58 48 53 49 -47 -44 -52 60 -45 55 61 -39 -58 -23 -29 -48 -50
right_child=1 2 3 -5 -6 -7 7 8 -10 10 -12 17 14 -15 15 -17 -18 -19 19 -21 -22 27 26 24 25 -27 -28 28 -30 30 -32 32 33 -35 -36 -37 -38 38 -40 40 -42 -43 43 44 -46 46 52 -49 54 -51 51 -53 -54 -55 -56 -57 57 -59 -60 -61 -62 -63
leaf_value=1.7229899845280849 2.2007646741667881 -6.8256036170453447 20.473561165121463 0.31624009766154304 -9.6961317680813401 -4.646117225649351 -10.291189418812472 0.56163616341024203 7.4173475678005758 7.353655671560019 16.452653343357124 -1.1235492385428048 -2.93563593823928 -11.065069912275275 3.380879325573257 9.4873654258014817 -2.4109064578910857 -9.1112999316019305 0.84241831926024036 -6.8883679705569278 -5.038033624863969 -0.13309935854770516 -3.1475670076828433 -1.0516124858938258 6.1373812793240115 0.15492872540155878 -9.3921547903137235 -0.44715732232141248 6.004576271559749 2.152441963839987 -7.8039813689782696 1.3148728319398426 1.9748949840519261 7.1710039471479563 3.8633665789371783 -2.2889576259536955 -4.0185268987813565 -0.9219777173040079 -8.3151660375007026 1.8519648971561589 -2.6191910098455518 11.797268709288055 1.62564777716279 1.6546872645518751 3.4088327082496286 -0.41885458474668397 -3.0562439614547787 2.6853143026281794 1.1184784737924225 4.3610446013843891 0.052056208376759866 -1.2976770376419695 -5.1611785199111155 0.11990370942635005 1.0044793431023642 -4.8024637640667196 -0.59409847514167868 3.319258433364435 0.056119773049299861 3.0084004040458212 0.61604141571752424 -0.90571793490913022
leaf_weight=0.50710661034099647 0.34005091479048022 0.42423613788559922 0.42454624082893133 0.51235606917180121 0.35794760775752366 0.46674648020416498 0.30497641931287944 0.36319907498545834 0.2129766580183059 0.21872210572473705 0.27156795095652342 0.56898042932152637 0.609927136916668 0.30020619439892471 0.56306237541139115 0.37900218833237875 0.6125412960536768 0.20538467937149107 0.22254705149680376 0.27505093533545732 0.31240481440909207 150.42907529557124 0.37259719427675009 0.8959150428418059 0.41526600322686136 0.43153603817336261 0.24101785174570967 1.7226170510984955 0.4285389739088713 0.22537058359011997 0.26959875714965165 0.5763221965171399 0.66176893096417166 0.43900621915236115 0.39758153841830779 0.65539154503494501 0.26852394873276342 2.0886016632430255 0.3661595124285667 0.35560068069025763 0.61436392785981297 0.40109590836800635 1.8285187291912723 2.2553948536515218 1.1388819885905821 0.46856697532348235 0.52684045187197515 1.2628602213226248 0.82158164307474724 0.40225061448290944 55.455915432190523 2.6366832046769551 0.45677218236960471 6.1867247400805354 1.1232814579270769 0.37178600719198662 0.53883274993859209 0.49867645278573036 224.08291583601385 0.30700585874728847 0.39659415441565216 7.2384938162285835
leaf_count=84 35 67 56 79 66 61 59 96 47 48 63 147 81 65 66 64 77 53 55 61 75 9331 79 164 57 44 41 299 78 64 48 139 130 68 63 76 45 306 50 52 87 60 73 53 50 65 67 58 112 49 2388 99 33 325 168 81 56 60 8401 72 71 943
internal_value=0 0.0135866 4.37746 9.45029 -3.57826 -1.32958 0.00110832 -2.45382 0.236109 0.00727926 2.8196 -0.908472 -0.000231173 -3.76199 0.0088293 2.58754 0.363104 -3.24214 -1.14464 -3.43083 -2.0277 0.000315447 -1.19802 -0.0498062 0.960195 3.08868 -5.60034 0.00791232 0.886678 0.489585 -3.2706 0.859731 1.92254 4.04718 0.4871 -0.602716 -0.402827 -0.00340971 -1.04093 0.00449358 2.75791 7.12359 -0.00376552 0.200452 1.08331 -0.0411737 -0.716544 0.810405 -0.454281 1.78909 0.0406833 -0.00920493 -2.69765 0.529936 -0.658733 -0.880304 -0.188902 1.28685 -0.0198833 0.075539 -1.47908 -0.699387
internal_weight=0 477.376 1.36114 0.936902 1.3318 0.973853 476.015 1.19356 0.888581 474.822 1.26466 0.993087 473.557 1.13786 472.419 1.55461 1.1756 0.774365 0.837649 0.497598 0.675604 470.864 2.96626 2.35264 1.74272 0.846802 0.613615 467.898 5.95173 5.52319 0.494969 5.02822 2.73007 1.10078 1.6293 1.23171 2.29815 461.946 3.49227 458.454 1.37106 0.756697 457.083 70.765 10.8439 386.318 11.8062 9.70498 10.426 0.870818 59.9211 58.0926 1.38021 8.44212 9.55514 8.43186 3.12611 1.03751 374.512 2.02962 0.923435 8.06008
internal_count=26010 25799 202 135 211 145 25597 277 218 25320 311 248 25009 216 24793 207 143 200 151 116 171 24586 466 346 265 101 120 24120 1082 1004 112 892 476 198 278 215 416 23038 472 22566 199 112 22367 3046 486 19321 1589 436 1418 114 2560 2487 171 378 1304 1136 422 116 17732 371 138 1055
is_linear=0
shrinkage=0.05


Tree=67
num_leaves=63
num_cat=5
split_feature=0 66 42 55 58 51 67 14 53 58 49 49 67 51 70 59 54 47 87 60 58 3 0 63 70 54 66 58 58 65 60 55 66 0 20 47 0 63 24 51 59 70 9 70 3 77 60 48 70 59 0 25 23 55 9 53 66 65 65 63 47 70
split_gain=5836.54 30707.9 33621.1 15646.8 13808.8 10931.4 5050.84 6072.76 16601.7 8760.8 7509.59 4730.95 4820.74 9125.18 10203.4 7374.53 9382.74 6559.54 6234.86 5591.23 3817.99 2782.12 1975.37 2273.51 15581.4 6569.52 2501.36 2457.33 2153.72 1630.27 3869.04 1577.43 1559.39 3254.47 2076.96 1934.25 2912.27 2663.53 2803.12 2263.15 2699.57 2596.41 2062.83 1730.69 3790.5 1696.19 1686.75 1604.11 1603.68 1420.21 1282.57 1278.38 1267.28 1248.42 1858.39 1239.56 1203.39 1171.11 1155.64 1031.75 1265.24 1473.44
threshold=0 1079.0400000000002 0.25000000000000017 114.46342128841501 513.40618892037844 800.63399126501326 726.95000000000016 0.68301270189221974 -2.1933861616380921 645.36680356504121 -155.4004929622063 -656.83205996241293 869.22500000000002 645.12524931448809 5.8339180929716985 372.08652426418536 430.71314251328738 -230.07474487059281 1.0000000180025095e-35 -15.41566792360703 299.9101235827012 2018.5000000000002 1 1318.4662500000002 0.30884358288770059 651.41114002024938 557.1016666666668 959.65304179985299 133.74224162728405 1298.1400000000001 287.77452203136664 -1.0000000180025095e-35 32.166666666666679 2 2.5490381056766584 93.245220370586495 3 487.46958333333339 0.25000000000000022 -69.138586581890408 195.38572956609769 1.7146759343942446 -6.5000000000000027 13.409823073722587 2018.5000000000002 1.0000000180025095e-35 202.9088301859845 7.3034187095760084 0.5950924400965828 8.8463884083341409 4 0.93301270189221952 0.93301270189221952 -71.770507407636103 1.898202538678398e-15 142.17909516417464 96.466666666666683 200.02500000000003 1835.2950000000003 74.37541666666668 -4.627138271724335 1.4409964584121309
decision_type=9 2 2 2 2 2 2 2 2 2 2 2 2 2 2 2 2 2 2 2 2 2 9 2 2 2 2 2 2 2 2 2 2 9 2 2 9 2 2 2 2 2 2 2 2 2 2 2 2 2 9 2 2 2 2 2 2 2 2 2 2 2
left_child=5 11 3 4 -3 6 -1 9 -9 10 -8 21 22 14 15 16 17 -14 -15 -16 -19 31 28 26 25 27 29 55 -13 32 58 -2 -24 48 35 36 53 43 42 41 46 -37 -39 50 -45 56 -41 -44 -34 -28 -38 59 -30 54 57 -25 -42 -35 -31 -52 61 -61
right_child=1 2 -4 -5 -6 -7 7 8 -10 -11 -12 12 13 18 19 -17 -18 20 -20 -21 -22 -23 23 24 -26 -27 49 -29 52 30 -32 -33 33 34 -36 39 37 38 -40 40 45 -43 47 44 -46 -47 -48 -49 -50 -51 51 -53 -54 -55 -56 -57 -58 -59 -60 60 -62 -63
leaf_value=-0.47814380548792795 0.5767161500585064 -0.020588180497713163 20.901477206199374 -5.6323326101490325 12.009178303952057 -7.5109442182508834 2.3381095383466906 -6.2371160866155035 10.28592266316303 -8.8974987612649272 -4.8954101551598175 -0.28862273846459119 -3.676026048162941 -4.5435163215522278 12.24708158146435 -4.0284438843183317 9.9276017626418565 1.1318667390409416 1.7058374263450333 4.1288063997165088 7.1903425593931916 -7.2733139468826273 -0.021471168431900445 -1.8178856410277451 11.61008671726835 -7.0898199525400329 0.45289322300709822 6.578438107617858 -1.9630034475514504 -1.7281141850763733 -7.2961373409036376 -4.7927380050966439 -3.000374372341958 -2.1413067568856006 -2.2477598629728037 1.2770348480618274 -0.20904711826515238 4.0598838956686656 4.9317433734032923 1.0862452910988811 -2.2478398084633766 5.3199666976358593 -1.1735557029755703 -1.0358912556526183 2.1257823923179671 -2.9402182590631725 4.315708192208966 2.4225717672562661 -0.64800510244622334 4.2263745049624815 0.10991537179273431 1.8576487755815863 -0.0042131638631272865 -0.50256727682197244 -0.44904956737929558 3.3342969838657783 1.0424756675724849 -6.0926509155717952 1.7783872893230972 0.3159080583139362 0.26617950082640618 1.3799453802857753
leaf_weight=9.7998994819354213 0.35326657770201564 0.43567381380125769 0.33809704659506667 0.3615846389438957 0.52724165166728199 0.68200127524323839 0.59671816485934004 0.32423886773176491 0.28622540086507786 0.66805720492266107 0.89992432575672976 12.458874455187471 0.49173742416314836 0.82880065194331087 0.38379715429618955 0.4943064076360314 0.37452348391525436 0.7532140535768117 0.76982902782037854 0.4740584841929375 0.39716525585390627 0.32747154170647264 326.6671810944099 0.34719360806047805 0.32562584523111571 0.30549496714957058 0.45522453356534132 0.18808024120517075 3.7632430971134445 0.60796359949745127 0.25340480380691588 0.22320541413500805 0.78312352392822404 0.44056480959989108 0.76530672190710802 1.0904331852216271 8.4340561523567867 0.43415014352649484 0.63286648574285198 2.4389899079687889 0.37458267179317806 0.6245814028661697 0.87575255008414277 1.2900196162518103 3.5754616274498403 0.61496027256362129 0.48467159643769253 0.4801069013774395 9.6808377020060998 0.55135721410624683 19.426015708595514 1.5323612107895304 1.0578416828066108 7.3811395203229022 0.87206693552434444 0.17588019277900457 1.0765028523746876 0.32648258050903678 0.38299581571482122 5.5822979914955706 14.894203240983197 7.7992305583320558
leaf_count=708 89 81 76 59 85 73 69 61 47 86 96 464 70 74 49 96 74 109 43 53 37 74 13738 97 69 82 51 51 526 138 61 60 124 63 118 159 918 58 96 358 30 42 122 177 89 65 80 85 648 59 1266 36 137 818 168 48 161 68 50 971 986 439
internal_value=0 0.0448927 6.82843 3.23609 6.56628 -0.767113 -1.01139 -2.89445 1.50996 -4.13653 -2.01137 0.0205747 0.0279246 1.57681 3.05307 1.44467 2.7862 1.15744 -1.53411 7.76085 3.22354 -3.59296 0.0104164 0.0360161 2.09137 -0.957412 0.0303162 1.67693 -0.402773 0.0243472 -1.78275 -1.50229 0.0297194 0.21166 0.307028 0.369316 0.295613 0.385586 2.07154 1.18251 0.643956 2.74941 1.0603 0.381924 1.28751 -0.739524 1.62161 0.0998253 -0.42137 2.51983 0.30552 0.3625 -1.53321 -0.369798 -2.028 -0.0854975 0.193115 -3.82314 -0.372887 0.390463 0.583205 0.936067
internal_weight=0 446.985 1.6626 1.3245 0.962915 13.2571 12.5751 2.77516 0.610464 2.1647 1.49664 445.323 444.419 4.96743 3.3688 2.51095 2.01664 1.64212 1.59863 0.857856 1.15038 0.903944 439.451 422.171 1.34227 1.01665 420.829 0.711154 17.28 419.822 1.24436 0.576472 418.578 91.9108 81.4468 80.6815 73.9768 64.9565 2.42288 6.70472 4.98971 1.71501 1.79001 62.5336 4.86548 2.06605 2.92366 1.35586 10.464 1.00658 57.6682 49.2341 4.82108 9.02025 1.63911 0.523074 1.45109 0.767047 0.990959 47.7017 28.2757 13.3815
internal_count=25985 24845 301 225 166 1140 1067 359 108 251 165 24544 24321 605 488 386 290 216 117 102 146 223 23716 22589 347 278 22242 196 1127 22132 249 149 21883 8145 7373 7255 6360 5243 361 895 694 201 265 4882 266 256 438 207 772 110 4616 3698 663 1117 299 145 191 131 188 3662 2396 1410
cat_boundaries=0 22 42 61 82 102
cat_threshold=32784 256 1879048712 4194304 16 671088640 0 0 0 536870912 0 0 0 0 16384 4 1082130466 34607120 335552514 32768 16 2097152 1034 67108864 2148007940 131072 4096 33570816 389 33554432 2147487744 1024 0 0 16 524288 0 256 1153 71303304 0 2147483652 2048 1024 8388608 268435458 1073741824 139265 0 0 0 1343234061 1024 0 0 269484032 0 369098752 155189248 2164293632 4259840 0 524384 128 0 0 4096 32784 1073741825 0 524304 20480 1073741824 0 570818560 2 128 0 268451846 33554436 67305473 512 612 0 1 8 0 1073774592 278594 0 65536 2151677984 2560 0 1 16777216 131104 0 1182272 1610678272 134217728 1073741824
is_linear=0
shrinkage=0.05


Tree=68
num_leaves=63
num_cat=1
split_feature=58 1 4 65 56 54 58 58 67 59 60 67 70 3 63 9 53 84 67 66 71 67 63 10 60 63 52 60 47 8 60 50 71 57 68 68 0 66 48 60 65 4 21 67 48 63 50 56 32 70 67 50 66 53 60 52 67 54 3 3 60 48
split_gain=11922.6 108351 8532.18 9093.21 6299.97 7473.12 28835.9 8253.81 9305.14 7407.61 12244.8 26859.2 17192.6 9721.65 10752.1 7469.21 5842.2 5239.69 4890.31 4336.4 17199.4 5108.05 5036.08 4208.62 3016.77 3000.3 2831.54 2770.69 3995.01 3878.76 2767.21 2677.84 2876.05 2482.56 1618.67 1614.48 1597.48 2654.15 3789.33 3652.65 3992.39 3303.32 2513.67 2887.59 2920.84 2104.23 2058.26 1518.95 1904.63 2694.61 2003.32 1516.85 1473.04 1471.44 2261.31 1419.24 1406.06 1387.88 2904.9 1288.84 1484.78 1354.37
threshold=1520.0928040080537 10.500000000000002 -0.6830127018922193 1227.7300000000002 490.00967654937762 328.91518954548832 607.01536080716596 680.18775870044112 1924.5000000000002 29.831027445845958 -157.56864627134448 1412.3400000000004 1.0617426820966647 2015.5000000000002 777.14166666666677 2.5105259382520745e-15 -26.001467591323564 1.0000000180025095e-35 489.00500000000005 1079.0400000000002 -43.570854423939572 1263.8200000000004 511.80250000000001 -5.0000000000000009 -208.20508665254695 718.17583333333346 -260.9654140254562 14.498996882619833 -262.84657038398183 6.5000000000000009 78.218052128540194 -52.84824731646372 31.8988581773155 -120.24016100084661 0.58333333333333337 0.58333333333333337 0 320.78166666666669 167.01076085564912 67.267766145732139 283.91500000000008 0.68301270189221941 1.0000000180025095e-35 679.92000000000019 -127.54776642298629 847.31142857142868 -71.964401796923667 91.878830316427909 -0.5 1.2938716898579952 387.02500000000003 -86.451132748320035 589.25166666666678 61.190138799082497 217.59498931674509 -78.188291420687804 711.44000000000017 97.170387802370655 2020.5000000000002 2016.5000000000002 125.71021585159711 -153.15765778351667
decision_type=2 2 2 2 2 2 2 2 2 2 2 2 2 2 2 2 2 2 2 2 2 2 2 2 2 2 2 2 2 2 2 2 2 2 2 2 9 2 2 2 2 2 2 2 2 2 2 2 2 2 2 2 2 2 2 2 2 2 2 2 2 2
left_child=4 2 -2 30 5 7 16 19 25 10 12 27 18 -11 -15 17 -7 -16 -6 21 -21 33 -23 -17 -18 -9 -27 29 -29 35 -4 32 -26 34 -1 -12 56 47 39 42 -41 52 43 -39 -45 55 -46 53 49 -49 59 -44 -42 -38 -55 -40 -35 -52 -59 61 -61 -50
right_child=1 -3 3 -5 9 6 -8 8 -10 13 11 -13 -14 14 15 23 24 -19 -20 20 -22 22 -24 -25 31 26 -28 28 -30 -31 -32 -33 -34 36 -36 -37 37 38 45 40 41 -43 51 44 46 -47 -48 48 50 -51 57 -53 -54 54 -56 -57 -58 58 -60 60 -62 -63
leaf_value=0.20102295812777748 7.3863010419214667 39.505868404627783 -2.9480732762575457 -11.531308642830858 -3.0732452600453022 6.0131371708320156 13.944031704340702 3.0852949397839957 -11.312947992266196 4.4235373789785637 -1.9518507013362627 15.738153833412634 -12.311948840304586 0.19096494262722069 -6.8493708723067801 0.23821249255308016 -3.5629148850311019 -15.702665441884799 5.7213451571368825 12.085381240716456 -1.5554468054570818 -6.8745439419434717 -0.49131183976707621 -6.9897574105611229 -2.1105844046870925 -0.099436179764978094 -6.9228760842311985 -6.454649435214221 0.26149701246124279 6.2655138628960785 4.5541016543909274 2.9481786358724675 1.6478423716963648 -0.52013010309948282 -1.7649961080923102 2.2427701877563884 0.025317982023964215 0.41648905130152408 5.3683367713191927 5.6820358863285287 -0.51409216474705033 4.3843878472108582 4.9883135652403761 0.84013516452645087 -1.6051504378380288 7.0009758973386118 -5.0971875591680842 -0.27802303196294464 4.4181628575776148 3.1610253507808439 -0.44475743570272441 0.42556981929603155 2.7288277365108691 0.54877936635681868 4.2455669086826777 1.0675279384528717 -2.7681085967275441 -0.42449447072554308 -5.7572155330988073 -0.33045885518763435 -1.6835749862938336 0.36685418687151866
leaf_weight=1.5403357122559089 0.20916479919105757 0.19092909479513753 0.33222380885854264 0.26460288558155298 0.38508546329103432 0.45134235057048533 0.45729702990502108 0.25708224647678324 0.32979542971588671 0.32383148628287051 0.54581363801844396 0.30266337189823378 0.43289536377415061 0.7173371231183413 0.34107482829131164 0.33514401200227484 0.51581208314746652 0.3276849735993892 0.26812920952215791 0.35732443910092115 0.65409308625385054 0.53448679158463963 0.73241380625404418 0.50464458507485643 1.1123027575667959 0.31861160695552826 0.29081410728394985 0.34666386689059436 0.61287493864074338 0.30920760123990476 0.19509741244837642 0.84919571783393477 0.93846060591749836 14.630304967984554 3.2684927196241915 0.3957072093617171 400.85837508994155 3.0306383247952891 0.26273208507336676 0.5522962077520791 1.7470676691737033 0.57871332834474731 0.33323970646597445 0.70415251073427532 1.0829222693573684 0.30278115253895521 0.69136865646578338 1.5431240366306185 0.22813170705921981 0.90283289039507497 0.74190805177204211 0.4017492162529378 0.43795509752817441 3.0227328110486265 0.47925355657935131 0.71070893621072062 0.73032572166994292 0.47640756145119645 0.55041556875221431 19.735135909169916 2.2594732453580937 2.1551342629827621
leaf_count=81 53 53 91 59 76 83 59 49 46 96 93 57 80 96 66 46 54 46 45 42 98 64 66 78 106 91 57 67 89 98 53 93 102 1082 569 52 17485 400 49 54 210 79 47 68 75 55 86 196 65 44 72 67 54 508 41 106 83 88 32 1114 191 574
internal_value=0 4.98787 -1.59545 -3.96773 -0.0188728 0.00185256 2.07084 -0.0172885 -4.16511 -1.60901 -0.148283 1.76905 -4.58442 -3.67088 -4.8485 -7.24483 0.666801 -11.1874 0.536727 -0.00664569 3.26373 -0.0137556 -3.1843 -4.10521 -0.039636 -1.44462 -3.35554 -0.143806 -2.16492 1.40676 -0.172431 0.587045 -0.390671 -0.00509801 -1.13525 -0.188914 0.00673847 0.0280422 0.801574 0.459955 1.80107 1.02552 -0.252272 -0.618702 -1.88453 3.36062 -2.96585 0.00932927 -0.342862 0.991372 -0.467677 2.49429 0.135903 0.0342329 1.05469 2.22832 -0.379773 -2.0925 -3.28303 -0.349788 -0.469462 0.754655
internal_weight=0 1.19202 1.00109 0.791924 477.906 471.758 4.32441 467.433 1.1963 6.14876 3.59904 2.51293 1.08611 2.54972 2.22589 1.50855 3.86711 0.66876 0.653215 466.237 1.01142 465.226 1.2669 0.839789 3.41577 0.866508 0.609426 2.21027 0.959539 1.25073 0.527321 2.89996 2.05076 463.959 4.80883 0.941521 459.15 443.789 10.8363 9.5601 3.31603 2.76374 6.24407 5.50908 2.47844 1.27622 1.77429 432.953 28.5926 2.44596 26.1466 0.734989 2.18502 404.36 3.50199 0.973441 15.3606 1.76873 1.02682 24.3779 21.9946 2.38327
internal_count=25979 309 256 203 25670 24585 497 24088 243 1085 657 456 201 428 332 236 438 112 121 23845 140 23705 130 124 355 197 148 399 156 243 144 301 208 23575 650 145 22925 21760 1350 1140 397 343 743 629 229 210 161 20410 2376 240 2136 114 264 18034 549 155 1165 192 120 1944 1305 639
cat_boundaries=0 19
cat_threshold=525344 536870912 524288 1049610 0 67125248 32 0 0 2147762188 2048 0 0 537395200 0 0 3073 16777217 537001984
is_linear=0
shrinkage=0.05


Tree=69
num_leaves=63
num_cat=3
split_feature=72 51 67 63 65 64 52 71 64 67 3 71 58 67 10 64 56 89 56 54 67 65 10 50 64 54 71 20 51 56 54 71 49 64 10 47 20 3 50 53 49 63 52 64 72 47 65 64 10 72 50 71 67 71 47 48 71 51 63 55 1 50
split_gain=6318.35 26199.8 25392.4 18650.9 8404.17 8684.01 5825.8 8667.79 15083.1 4487.36 6268.98 5213.79 4043.29 3765.2 6285.8 6054.96 10246.8 11579.6 5403.83 6298.64 4258.87 5334.93 6221.53 4402.5 7519.72 5568.67 4239.66 3486.33 3823.8 2792.37 2652.03 3897.71 2064.89 2015.85 7667.61 2378.65 1972.97 1892.51 2863.23 3018.31 1851.32 1714.83 1672.45 1665.68 1594.16 4016.86 2156 1555.64 1526.25 1250.11 1173.35 1152.41 938.322 915.762 1768.32 1207.03 921.431 1556.71 824.592 808.011 800.5 782.691
threshold=0 1027.6701116014503 2155.0000000000005 1380.577777777778 2439.7400000000002 1383.5825000000002 -390.92239721084405 13.860766467645911 635.42250000000013 811.82000000000005 2015.5000000000002 12.577909723644654 280.7772867504637 640.33000000000004 -19.95929214352104 1460.4000000000003 609.1836694654445 1.0000000180025095e-35 325.20942347569775 231.37183244272754 1412.3400000000004 478.71000000000009 8.8301270189221963 -81.083484910465089 290.48000000000008 65.785662432002411 1.6087234352019404 1.0000000180025095e-35 -118.68418625426031 62.361325042321155 579.01686534539442 49.375791297016697 -25.805497774411617 1305.9725000000003 -4.0000000000000009 -391.03014949535464 0.93301270189221952 2019.5000000000002 30.580434001238096 7.8662197500816822 -113.13792035603618 523.8181666666668 -390.92239721084405 772.42000000000019 1 78.224160215578493 535.97500000000002 160.08500000000004 1.2552629691260372e-15 2 -43.263262357776391 18.84151623401808 68.145000000000024 -39.059083534911458 -159.21853940250804 -279.08183433625578 -23.827406041845322 157.38511805804853 1221.8975000000003 76.652643653674431 7.5000000000000009 29.297690041835178
decision_type=9 2 2 2 2 2 2 2 2 2 2 2 2 2 2 2 2 2 2 2 2 2 2 2 2 2 2 2 2 2 2 2 2 2 2 2 2 2 2 2 2 2 2 2 9 2 2 2 2 9 2 2 2 2 2 2 2 2 2 2 2 2
left_child=1 4 13 -4 5 6 7 8 -1 37 11 12 -11 30 -15 16 18 -18 19 20 21 22 23 24 -16 50 -20 28 -12 -24 33 -32 40 35 -35 58 48 38 41 -40 -23 -8 -33 -34 45 -37 52 -39 -36 51 -25 -46 -47 54 -51 -55 57 -57 -2 -53 -48 -49
right_child=2 -3 3 -5 -6 -7 9 -9 -10 10 27 -13 -14 14 15 -17 17 -19 26 -21 -22 32 29 25 -26 -27 -28 -29 -30 -31 31 42 43 34 36 44 -38 47 39 -41 -42 -43 -44 -45 49 46 60 61 -50 53 -52 59 -54 55 -56 56 -58 -59 -60 -61 -62 -63
leaf_value=-0.89386126108357633 -1.5194264196088989 -12.487321708917163 2.797365087554299 17.229019214421083 5.8614720618033314 -7.6513356322174051 2.118160717135595 -1.953251654741424 18.120526492189576 -9.4583237550233239 3.6810586039066937 -16.05972288460136 0.94035974967215441 5.5398332603194476 8.2709080098328265 -4.642067167858408 0.71476683396295726 14.295454429733226 -5.2662824547333305 6.3647529143911399 -3.380289371325548 -0.40195148166686512 7.9395958868588341 -4.4662127994080212 -0.84375996694628785 3.5540597272823629 0.58615255037156822 -5.4642971440695112 -2.4343830154502943 3.0023866376872093 -6.9671785190966791 -4.1168706803942294 2.9280384188745772 8.0583733450428134 -0.037925127043549882 0.28499160021664982 2.370074742119809 -0.3873369921837993 8.0704474936006783 0.36533947116625942 -4.1409850366939791 -2.4671577695172413 0.42103786699138041 -1.0925225193570249 -0.48773240335973561 0.19900009755360434 6.3058695111026966 -1.4875797546819538 -5.9319509160029069 -0.47657560368608992 -1.1733194756942253 -3.4639428073701319 2.6056956424784077 -1.6959785737229998 3.2929548432571738 0.11641414173280538 0.0075064060654800374 -3.0977871982041294 -4.6537615980745448 -0.63065560975550872 3.2163727720320638 -3.3438648365723118
leaf_weight=0.22027033683843633 0.84074932499788591 0.52221329486928958 0.60175648774020274 0.35651078284718096 0.42542735696770329 0.51316340919584114 0.31745410803704899 0.4381465557962656 0.1980878384783864 0.21794046694412861 0.39243110455572605 0.14777432987466455 0.1636904792394489 0.7003521197475483 0.4382729958742827 0.51480996515601951 0.33481635083444494 0.29547978541813791 0.67124908696860053 0.50838444591499854 0.61302224523387838 0.70413023768924177 0.52044835174456217 0.54209844791330075 0.46784112066961825 0.50076489406637859 0.57414256152696908 0.4610736328177153 0.73315074993297435 0.63678641803562641 0.32557388814166088 0.2715335723478346 0.49142284877598263 0.36558445263653994 0.22414088249206432 13.81639030040242 0.29311418789438903 3.1761700455099344 0.23294598259963095 0.27972403215244412 0.62482860963791631 0.57004360645078123 0.80491704796440888 0.54142714105546474 13.765519067645071 0.81812543468549781 0.3545677529182284 2.0767280049622063 0.21537454379722476 0.63975017843768001 0.5400165051687521 0.57644504262134322 0.80201374809257686 1.0480142936576147 0.60566066671162733 0.91110823303460964 418.55100982147269 0.64224714203737676 0.27963251294568181 0.44658963242545724 0.51303616189397871 0.78157193702645589
leaf_count=51 180 82 78 61 65 89 42 100 55 68 60 48 55 85 61 56 36 70 58 63 57 67 52 45 43 55 50 60 85 65 54 75 70 69 56 1252 76 113 55 58 43 118 141 36 963 55 63 148 52 92 58 52 129 156 68 109 19371 74 77 82 67 59
internal_value=0 -0.834193 0.0349226 8.16647 -1.03308 -1.30167 -0.98858 2.96175 8.10924 -1.34284 -3.37433 -8.08575 -4.99808 0.018996 0.968137 0.631811 0.933311 7.08133 0.470607 1.00144 0.589629 0.994694 2.19383 0.78553 3.56486 -0.805488 -2.56823 -1.80231 -0.302251 5.22282 -0.00222526 -2.1735 -0.856567 0.00445483 2.14405 -0.000713837 -0.807215 -0.764639 0.891467 3.86637 -2.15991 -0.827009 -0.723645 0.820432 0.00497096 0.383063 2.46753 -1.1489 -2.92616 -0.0174913 -2.82293 -0.36276 1.39038 0.00270688 1.3566 -0.00123251 0.00299529 -1.21252 -2.30172 -2.22712 4.47897 -1.99516
internal_weight=0 11.868 468.29 0.958267 11.3458 10.9204 10.4072 0.856505 0.418358 9.5507 2.11606 0.529405 0.381631 467.331 10.2203 9.51994 9.00513 0.630296 8.37484 7.12944 6.62106 6.00804 3.64623 2.48899 0.906114 1.58288 1.24539 1.58666 1.12558 1.15723 457.111 1.40202 2.36181 455.709 1.09821 454.611 0.73263 7.43464 1.40017 0.51267 1.32896 0.887498 1.07645 1.03285 453.49 16.3041 2.48774 6.03447 0.439515 437.186 1.08211 14.7886 1.62014 422.398 1.24541 421.152 420.104 1.55336 1.12038 1.02303 0.867604 2.8583
internal_count=25933 1411 24522 139 1329 1264 1175 206 106 969 376 171 123 24383 1070 985 929 106 823 715 652 595 379 262 104 158 108 205 145 117 23313 270 216 23043 253 22790 184 593 273 113 110 160 216 106 22533 1566 314 320 108 20967 103 1097 184 19870 160 19710 19554 183 257 134 130 207
cat_boundaries=0 22 45 68
cat_threshold=1048576 0 1610612736 593920 0 0 0 0 0 33554432 142608448 4128 0 16777216 2147483648 83886096 604504656 168 0 134217736 655360 32 1024 0 0 0 0 2097152 16448 0 268435600 0 4736 0 2281701640 66564 32768 3072 2149580800 0 134283264 2184183808 268435970 0 16 0 0 0 8519744 0 0 0 0 0 553648128 268435456 264 1143029760 268435584 4 8 0 0 16777216 1140852736 21043204 8388616 328
is_linear=0
shrinkage=0.05


Tree=70
num_leaves=63
num_cat=2
split_feature=72 66 59 51 51 57 8 48 51 53 56 54 67 67 51 53 60 47 63 72 67 3 10 65 59 60 52 9 63 48 56 57 48 54 68 51 63 66 3 51 10 67 3 8 66 67 9 47 60 53 54 60 47 10 54 65 52 3 59 51 60 66
split_gain=7085.35 47891.4 34850.5 29955 18506.7 9644.24 8118.55 5857.36 5695.16 3268.86 6689.48 4846.69 3290.69 3187.05 15243.9 12375.6 5913.1 4215.9 2741.43 2298.64 7379.4 7329.09 9271.67 7226.87 2724.44 3842.64 2504.47 4798.59 5140.75 2460.12 1986.28 1860.33 5193.49 3494.54 4157.22 5068.83 2641.9 4315.41 2005.46 1766.3 1754.27 1787.75 1709.53 1553.18 1520.1 1655.01 1615.37 2975.72 2674.62 1787.99 3072.04 2054.41 1549.54 1508.98 1437.71 1282.65 1205.35 1162.14 2200.45 2006.37 1395.77 1524.06
threshold=0 1079.0400000000002 -7.1906149682819676 1027.6701116014503 544.16612634051569 -151.93452976905363 3.5000000000000004 598.19555845691525 1374.5528624259966 -153.20494521102833 429.7054116583285 258.8443746390185 750.51500000000021 1220.7950000000003 645.12524931448809 61.190138799082497 -13.213665379872008 -529.98381173502253 1528.8295833333336 1 112.07500000000002 2018.5000000000002 8.8301270189221963 84.015000000000015 229.42954209984387 50.807778602364543 -390.92239721084405 1.4083438190194564e-15 872.99625000000003 -3.3886617520765934 111.79520292112636 73.990104869467288 -153.15765778351667 349.92302206296108 0.83333333333333337 366.08093507427947 942.01875000000018 435.50166666666672 2018.5000000000002 109.66888289910615 -2.1125157285291841e-15 447.03500000000003 2017.5000000000002 2.5000000000000004 289.06500000000005 549.36500000000012 -17.160254037844378 327.15482127008318 -481.29368346390828 -96.730962568783184 32.123239727341613 57.888295730582996 -67.672811886694674 -19.95929214352104 65.785662432002411 696.8850000000001 -53.356207962335084 2019.5000000000002 420.63575820164021 -22.859415747975621 96.014980394570117 192.63833333333335
decision_type=9 2 2 2 2 2 2 2 2 2 2 2 2 2 2 2 2 2 2 9 2 2 2 2 2 2 2 2 2 2 2 2 2 2 2 2 2 2 2 2 2 2 2 2 2 2 2 2 2 2 2 2 2 2 2 2 2 2 2 2 2 2
left_child=3 13 -3 5 -4 6 -1 9 -6 10 56 39 -13 17 15 16 -15 18 -2 20 -19 22 24 -23 25 -22 27 28 -21 30 -25 36 -33 34 38 40 44 -38 -34 42 41 -36 -11 -41 45 54 52 48 -48 50 -50 -52 -46 -51 -28 -42 -7 58 59 -56 61 -59
right_child=1 2 4 -5 8 7 -8 -9 -10 11 -12 12 -14 14 -16 -17 -18 19 -20 26 21 23 -24 29 -26 -27 31 -29 -30 -31 -32 32 33 -35 35 -37 37 -39 -40 43 55 -43 -44 -45 46 -47 47 -49 49 53 51 -53 -54 -55 57 -57 -58 60 -60 -61 -62 -63
leaf_value=-2.1596577868163793 -1.3835786759116184 19.829705335184507 -4.9345491160250292 -13.534271611952418 4.4590646022354994 -3.080948069255431 -10.896671744538828 4.7110184240320923 13.536033515087087 -2.5823059925859599 6.0968220419559227 -1.1503905706688138 -6.4967333785715766 7.3028277222433928 -3.6313202098016348 14.42407477360687 -2.3810012772783899 0.15541352158365063 -6.4474364185659159 -1.6764515891843428 2.010165733676549 5.0506519134743542 12.559182015917138 0.13333840195346794 -1.5442665630401071 10.261173208926449 0.0023407332379197072 1.489328004442338 -10.460081085957903 2.6623094043937612 -3.3463898128447718 6.1366593784194965 0.60618262287267888 -4.3292279184156479 1.2623828652374318 8.466030427378616 -0.69992900716741435 -6.6851342156030071 -4.6481609033677049 -4.0525091261824633 0.7591569131000826 6.0911469533945199 -0.077199374978846227 -0.29072423706080136 4.4245169994731368 -1.8054895489628326 -3.7383368596267035 4.1092790987242092 4.9554018490540841 2.7092555670371099 -0.4992826433519082 3.4249216541041072 0.87283437936521491 -0.22523324353613119 -0.90550877917746586 -3.3034353059057917 0.5942675238649564 -0.57303295481315442 4.4677871165812091 1.1892891884813728 -1.5324651238856053 1.1789966115836317
leaf_weight=0.70080334204248973 0.94371516653336474 0.48911626357585181 0.39164903480559476 0.50547325564548451 0.37379900203086436 0.43394189537502825 0.42843017214909196 0.49333450547419566 0.32138562179170549 0.78515738109126321 0.48624319536611438 0.50095107988454379 0.67647291626781225 0.30343569535762072 0.65284101199358702 0.31352475308813155 0.32807747134938725 16.233012581709776 0.37287598103284836 0.45407469361089059 0.43504625326022395 0.86954510374926064 0.35439710947684944 1.0426210903096946 0.24115613079629838 0.20885093556717038 402.72672782442532 0.49819375528022647 0.26309531810693443 0.52959613502025571 0.67599246231839072 0.45029446505941484 0.32854753080755461 0.34756821300834406 0.58816228713840368 0.26960185845382501 1.5405540384817857 0.37434628582559515 0.4060246788430959 0.68914681207388617 0.85814085113815852 0.28434674930758774 5.135093723423779 0.45592812332324684 0.49116930086165667 1.3002247384283681 0.42216972634196004 0.49990982259623784 0.51555925793945556 0.46722681145183376 1.2473302769940344 0.45525047299452115 0.81943668308667728 7.0235897584352687 2.674335872288796 0.25114645296707749 0.45914479368366012 11.742181786336007 0.29146278114058066 1.9963038202840833 3.3409683324862263 1.3879702584817994
leaf_count=57 230 78 72 69 49 54 98 96 72 185 61 69 92 56 49 59 47 822 95 80 112 58 84 72 59 58 17813 99 64 63 92 68 76 61 129 58 318 43 37 42 175 58 306 87 66 61 40 56 42 65 157 58 118 727 562 59 46 557 62 439 203 120
internal_value=0 0.0436635 8.74615 -0.879031 3.75814 -1.09188 -5.47447 -0.602632 8.65537 -0.875068 1.3778 -1.25206 -4.22206 0.0152807 2.24449 6.30355 2.27198 0.00764057 -2.81773 0.0156419 0.434699 2.47285 5.7252 1.17989 2.9887 4.68642 -0.0132629 -2.28019 -4.89874 -0.317214 -1.23536 -0.00734432 1.09657 0.415759 0.968077 2.03374 -0.0168524 -1.86998 -2.29808 -0.757115 1.1587 2.83606 -0.409432 -2.5547 -0.00873954 -0.0243555 0.54763 0.343445 0.157624 0.32703 1.57394 0.550004 2.20388 -0.0421995 -0.0188956 -0.160628 -1.19148 -0.417922 0.252865 -0.0101596 -0.620004 -0.387828
internal_weight=0 469.397 1.57595 11.7501 1.08683 11.2446 1.12923 10.1154 0.695185 9.62208 1.37933 8.24275 1.17742 467.821 1.59788 0.945038 0.631513 466.223 1.31659 464.906 20.5902 4.35721 1.23945 3.11775 0.885053 0.643897 444.316 1.21536 0.71717 2.24821 1.71861 443.101 3.78383 3.33354 2.98597 2.2514 439.317 1.9149 0.734572 7.06533 1.9818 0.872509 5.92025 1.14507 437.402 425.46 11.9416 10.631 10.1311 9.70896 2.21814 1.70258 1.31061 7.49082 424.16 1.10929 0.893087 21.4332 4.9621 4.67064 16.4711 13.1302
internal_count=25960 24698 271 1262 193 1193 155 1038 121 942 161 781 161 24427 211 162 103 24216 325 23891 1420 598 313 285 229 170 22471 243 144 227 164 22228 721 653 592 479 21507 361 113 620 421 187 491 129 21146 19817 1329 1145 1089 1049 257 215 184 792 19756 234 100 1943 1063 1001 880 677
cat_boundaries=0 23 46
cat_threshold=3145728 0 1073741824 4096 0 0 0 0 0 0 268437632 16781568 0 1048832 2684354577 67108880 536871440 1024 1073741824 67112992 262160 32 1 34832 0 4194304 0 0 0 8256 0 272 0 5120 0 2148008202 66560 1090551808 3072 67174400 0 536870912 12599296 8200 0 40
is_linear=0
shrinkage=0.05


Tree=71
num_leaves=63
num_cat=4
split_feature=71 52 70 57 72 52 67 57 64 57 22 64 63 63 57 47 52 48 72 67 48 48 47 52 3 60 50 58 60 58 54 66 59 71 6 66 67 40 72 60 66 60 51 3 67 51 53 57 66 58 60 63 57 57 67 64 51 63 67 53 72 67
split_gain=7382.97 32358.2 9259.69 7112.4 6078.46 20271.6 8909.29 26166.3 11720.4 12089.8 3826.12 9443.13 12762 7951.75 5760.37 5695.84 3312.62 3454.44 2846.05 15400.2 8415.78 2716 2759.91 2420.95 2886.3 3761.45 2221.09 2074.85 1970.26 5294.72 1792.03 1932.1 2136.89 1693.18 1656.19 1452.68 2108.09 1686.89 1296.35 2504.74 2390.85 3344.58 4580.97 2689.65 5536.7 1536.14 1421.82 1153.84 1132.56 1114.4 1062.74 1840.88 1869.81 1711.96 2369.75 1518.76 1365.49 1194.47 1136.51 1448.16 1118.86 1439.61
threshold=-128.9160027870366 123.13681251230567 0.55107863764223064 70.068579162089236 0 660.14453921408483 1462.4950000000001 -99.087256000924782 979.64250000000004 65.820421545646823 -4.592425496802573e-16 665.00000000000011 981.90000000000009 1641.4695833333333 -170.58548396087323 -80.709453622430971 -372.28307630036585 154.58868985468715 1 649.85500000000013 -87.55768111520851 -431.47361442225576 -159.21853940250804 34.212598110099144 2019.5000000000002 7.1727082205752462 -287.56338951929314 444.45758094211703 -663.13995917586124 252.36432372737656 246.02331170220825 42.136666666666677 5.2173300165837508 -31.945598049319084 0.50000000000000022 752.93666666666672 580.3850000000001 -1.0000000180025095e-35 2 202.9088301859845 459.84666666666675 -49.721096330133634 323.76323324943735 2019.5000000000002 845.37000000000012 60.916113789520189 52.72657760542419 19.772190622917581 225.14166666666668 136.30299932346671 -270.05930539954363 307.40083333333337 51.17175809610017 46.865417963747085 429.93500000000006 385.14500000000004 -188.3125538515236 532.17541666666682 326.66500000000002 214.37825931566195 3 82.015000000000015
decision_type=2 2 2 2 9 2 2 2 2 2 2 2 2 2 2 2 2 2 9 2 2 2 2 2 2 2 2 2 2 2 2 2 2 2 2 2 2 2 9 2 2 2 2 2 2 2 2 2 2 2 2 2 2 2 2 2 2 2 2 2 9 2
left_child=1 2 3 -1 5 10 18 -8 9 -9 11 -2 -13 14 26 -15 -16 35 19 23 -21 22 33 30 25 -25 -12 -19 29 -23 31 -6 -33 -20 -32 36 -18 -38 39 46 50 42 -42 44 -43 -45 -30 -41 -35 -39 51 -40 55 60 56 -53 -55 -56 59 -58 61 -52
right_child=4 -3 -4 -5 6 -7 7 8 -10 -11 13 12 -14 15 16 -17 17 27 21 20 -22 28 -24 24 -26 -27 -28 -29 38 -31 34 32 -34 48 -36 -37 37 49 40 47 41 43 -44 45 -46 -47 -48 -49 -50 -51 53 52 -54 54 57 -57 58 -59 -60 -61 -62 -63
leaf_value=-2.5642692688462878 -1.0239869137065427 20.351736576525866 -8.678982624703373 10.080115179878703 0.1203422023750588 -10.980646441332725 14.518107858214655 9.7891998178112622 -4.4554172613514806 -3.0552636066293553 -8.4817890284369373 -1.0991148242331661 15.23531440723804 -2.0903838299727417 3.2024150028935496 -11.584678273033456 -0.42310713975874981 -2.1493132753817057 -3.9026212707067112 10.911461880080848 2.3411860434962648 0.49832616345490721 -6.8873514124785222 9.9674703831658764 0.77172410096484401 1.172606173590979 -2.4883165763454018 -7.446701617761299 -0.24802565142035232 -5.253223177280641 -3.2502303298781818 2.7332488084940785 -0.41721656015040054 -1.4751753737854116 0.29328985452867629 1.4192365195428527 0.54539364745648633 -1.4591563740513507 0.0152069464311927 -4.5753005672844216 0.6931417258398459 0.93877193245028323 7.4144195229643275 3.0315244544276787 -7.9023421223366048 0.3064854705657023 -1.8459690088450942 -1.0770149045897117 2.7323902229923953 -4.5708726669056707 -0.15630340430812756 -3.39541121892311 -5.0153846833609173 -2.3987161647902822 4.9140113663859175 0.58325934142641811 0.6387829232538984 1.4888572797498645 -1.0504822049829916 3.6433841797871973 0.016338577635866412 -1.0748153462235743
leaf_weight=0.23908518766984244 1.398544415831563 0.23791775549761951 0.25126634049229324 0.20794211979955435 13.017936062766248 0.53381227049976665 0.41635635821148742 0.45061622373759636 0.68429059139452875 0.30870966915972531 0.33444520807825029 0.2378048738464712 0.24052316206507385 0.31587819568812847 0.50371294305659375 0.31599846319295544 5.6425824309699255 0.49751127697527397 0.35750168538652349 0.53754103113897145 0.61322544654831179 1.0364990134257812 0.2635936897713681 0.23798590060323366 0.99028542684391141 0.24853532342240214 0.28742542397230586 0.29411746840924025 14.79655973357149 0.65174986072815944 0.69037663238122948 1.5859615756198757 0.8147351958323269 0.36213580728508521 0.63125189486891031 0.7636292038951068 0.35367063852027047 0.46670538932085015 2.3866027819458391 0.53411742928437789 0.56964180292561628 0.50677385739982073 0.45680057513527572 0.79197950148955021 0.27219788124784827 1.4903763853944836 1.5366355348378409 0.42189074214547873 0.28643355541862547 0.75027830409817398 12.770505917724224 0.40919637843035139 0.42917419597506523 0.40368033968843509 0.45962518779560901 0.57960114744491875 3.6125915066804728 0.57045834884047508 0.83750004624016572 0.45111365639604617 390.94592848769389 6.4057800534646949
leaf_count=59 96 57 37 47 569 84 66 83 88 41 62 66 43 60 78 40 293 90 72 59 47 54 49 71 66 69 52 46 818 79 83 93 74 91 115 97 56 62 146 78 75 99 40 72 55 71 210 55 41 114 442 40 75 79 50 80 735 81 125 108 18508 502
internal_value=0 4.42668 -0.999199 3.31747 -0.0178216 -0.812288 0.0212239 3.47526 0.29037 4.56719 -1.02957 1.05014 7.11451 -1.4004 -1.0531 -6.83843 -0.740664 -0.967178 0.00783462 0.484598 6.3445 -0.0233099 -2.33307 0.380443 2.32107 5.47469 -5.71164 -4.11748 -0.0172206 -1.72206 0.209242 0.360701 1.66406 -1.13984 -1.55773 -0.65454 -0.874081 -2.4942 -0.0107036 -0.344629 0.0107691 1.2144 3.68433 0.386247 -2.1506 1.25208 -0.398361 -3.03149 0.38305 -3.37755 -0.00068207 -0.832554 -2.25943 0.00691755 0.82259 -1.06324 0.396455 3.01717 0.626675 0.972325 -0.00568177 -0.304395
internal_weight=0 0.936211 0.698294 0.447027 478.761 12.9366 465.824 1.85997 1.44362 0.759326 12.4028 1.87687 0.478328 10.526 9.89408 0.631877 9.27221 8.76849 463.964 19.3678 1.15077 444.597 1.26966 18.2171 1.47681 0.486521 0.621871 0.791629 443.327 1.68825 16.7403 15.4186 2.4007 1.00607 1.32163 7.97687 7.21324 1.57065 441.639 17.2892 424.35 4.08777 1.02644 3.06133 0.778972 2.28236 16.3332 0.956008 0.648569 1.21698 420.262 3.80457 1.41797 416.457 6.33497 0.988798 5.30489 1.03008 4.90121 4.06371 410.122 19.1763
internal_count=25993 200 143 106 25793 1339 24454 278 212 124 1255 205 109 1050 950 100 836 758 24176 1246 106 22930 253 1140 206 140 114 136 22677 133 934 736 167 204 198 622 525 232 22544 1161 21383 412 115 297 154 143 1028 133 132 176 20971 341 195 20630 1178 120 1047 131 968 843 19452 944
cat_boundaries=0 22 45 68 91
cat_threshold=3147824 67108864 1073741824 16384 0 0 0 0 0 268435456 1073743874 4112 41943040 0 2147483664 0 67111424 4 0 1082163200 262160 40 67141632 0 16512 0 8192 2097152 1075264 32 0 0 1024 2147483648 134742272 0 17301504 1073742848 536870928 3 8388608 32 8 0 56 2 536936448 536870912 4096 0 524288 0 0 0 536870912 0 0 335806466 268438272 33554440 134234116 0 0 0 2184 524416 12288 1024 8 2147483648 0 0 0 8388608 0 0 0 0 807403648 1073742081 1090519040 0 1 59244544 90112 0 0 0 6426880 692076608 64
is_linear=0
shrinkage=0.05


Tree=72
num_leaves=63
num_cat=4
split_feature=58 51 70 55 52 53 63 47 70 0 66 48 58 66 49 49 49 3 63 47 3 54 58 70 66 13 78 54 88 0 54 52 51 3 40 51 66 70 3 0 20 48 70 51 70 60 70 63 51 53 8 55 47 8 3 52 0 63 48 5 54 56
split_gain=6713.94 83842.9 8273.63 6710.48 28131.6 5782.92 6445.11 5704.57 12177.2 6118.86 9573.75 12564.3 8239.57 7315 7022.96 6866.03 16520.9 6711.22 6213.56 5115.54 4942.71 4790.55 5272.58 4448.68 3840.96 3469.27 3303.73 3053.2 2222.03 1972.72 3488.1 2761.14 10729.9 3524.96 2297.56 2146.9 2064.96 7045.58 3760.63 2389.59 1951.8 1765.58 1648.04 1646.39 3375.09 1860.39 1807.93 1630.59 1547.6 1477.84 1387.75 1373.4 1322.35 1318.14 1301.68 1217.66 1179.06 1071.33 923.914 922.132 1415.75 1108.56
threshold=1520.0928040080537 2318.6927878734041 0.38175876411170534 -327.902060316122 829.37041389590297 -547.27980752752467 872.99625000000003 -472.10032895017667 1.5712907018701141 0 538.73333333333346 -293.90231732954641 280.7772867504637 338.21333333333342 430.16591300524334 88.369442352091667 265.141887871081 2016.5000000000002 1184.0262500000003 -21.369708182103466 2019.5000000000002 82.128534761044548 325.58120237310328 0.36820504617664152 180.16666666666671 -1.0000000180025095e-35 1.0000000180025095e-35 26.036347092797048 1.0000000180025095e-35 1 246.02331170220825 299.11507061042596 469.868118748521 2020.5000000000002 9.1848509936051497e-17 544.16612634051569 94.168333333333337 38.250000000000007 2021.5000000000002 2 1.6160254037844388 181.92669143992745 1.7146759343942446 -199.06877316178728 1.0000598604195867 -418.9964612396405 0.42335001821999552 616.93750000000011 125.73486527804668 -44.942502861097154 2.5000000000000004 34.321830091602656 -30.420357100835982 4.5000000000000009 2020.5000000000002 153.98759785308667 3 1265.8083333333336 -111.34576370009934 -0.5 65.785662432002411 29.716866614748476
decision_type=2 2 2 2 2 2 2 2 2 9 2 2 2 2 2 2 2 2 2 2 2 2 2 2 2 2 2 2 2 9 2 2 2 2 2 2 2 2 2 9 2 2 2 2 2 2 2 2 2 2 2 2 2 2 2 2 9 2 2 2 2 2
left_child=3 2 24 4 5 -1 26 8 20 12 29 -12 41 17 19 18 -17 -14 21 -15 23 27 54 -5 57 -21 -7 -13 -8 30 59 35 33 34 -33 36 56 38 39 51 43 48 -40 44 -41 -45 50 -32 58 -37 -47 -38 -44 -19 -23 -48 -31 -2 -9 60 -11 -61
right_child=1 -3 -4 7 -6 6 28 9 -10 10 11 15 13 14 -16 16 -18 53 -20 25 -22 22 -24 -25 -26 -27 -28 -29 -30 31 47 32 -34 -35 -36 49 37 -39 42 40 -42 -43 52 45 -46 46 55 -49 -50 -51 -52 -53 -54 -55 -56 -57 -58 -59 -60 61 -62 -63
leaf_value=4.1856365734309779 -0.75337862477526973 31.588210480145552 -10.518728718021528 -0.057458318748487003 -17.454121946572283 -2.1443164300846664 -9.3685746910618146 -1.774614435155957 12.577129554302111 -0.29591185229243144 8.5407124550965587 1.7493059258044501 5.2349613858445085 -7.7642814737835799 -11.969370917100713 11.870975918453324 -0.78279548982468417 -1.3681412906846613 -4.5052896904713808 0.87509634389541702 -3.7034835635184495 -0.9212054324204475 7.2638257746581205 9.2494896637510688 4.6973755631474088 -4.8461165941121802 4.1163313525340683 -2.6873253396461934 -3.1875533234244462 -0.29171154968760477 -4.9593699020127353 0.78941652862329825 10.446904621618145 -2.4672677891563812 6.0167298519925652 -3.1592905671659435 -1.3659867240561177 4.2439460392591464 0.3709919190130076 -0.039725652738007412 -1.5825404230341167 1.8126375289447854 3.1832721385766081 -2.5833377558674719 4.811120879688108 6.2179851312941601 0.30366026748062441 -1.1698396813558476 -2.8985999748351565 -0.35441187716244826 1.2378058239575169 0.62658908266423141 1.1050449903331694 -4.932415637748008 2.6598533216233804 2.1325058788314331 0.025500466740289725 -5.9101345204694242 -0.34584315697972517 -0.25439669627357347 2.0815985549452827 -1.3252521983768819
leaf_weight=0.47694013989530515 0.23809524555690476 0.2199421338737011 0.24933373369276524 0.31195604056119808 0.2837812507059424 0.48234476777724833 0.28625524649396539 1.4131993202026922 0.28022442758083344 3.4146147319115689 0.66885463753715146 0.66941193048842229 0.34663856565020923 0.61868907278403673 0.34653209941461671 0.46153903496451654 0.58477100613527 0.66917867027223088 0.58734187041409303 0.51949227717705093 0.37912288401275873 0.46556862094439544 0.50753212673589576 0.21821011905558407 0.27451159176416695 0.54083067760802761 0.37419206206686795 0.92172857420518994 0.29549832502380013 21.643291242886335 0.66250599734485038 0.85005075880326264 0.30900369957089413 0.68348864605650295 0.27926857117563486 0.87594066304154683 6.0469823540188372 1.1531742725055654 1.8682609279640008 0.79375816322863701 1.1595503885764618 0.66404840070754279 1.7073435548227283 0.50748878670857323 0.65405651298351586 0.23272892460226913 17.667475547641519 0.49667875608429313 0.84149867412634183 1.0123641381505866 0.35062295128591359 1.0090926114935426 1.3874057955108581 0.42359168780967593 0.55777667905203998 0.95957788312807579 384.6998582626693 0.17456004652194679 5.6758363896515212 5.2450417890213412 0.76676151901483525 4.4819286628626287
leaf_count=79 67 51 65 78 53 92 37 165 71 194 95 74 96 90 61 59 87 64 77 74 63 76 54 46 68 75 61 91 73 1000 64 175 79 56 53 45 693 49 190 91 164 99 73 55 79 47 1595 53 102 69 94 173 69 95 35 186 17024 49 439 136 85 444
internal_value=0 3.80766 -2.71675 -0.00666282 -2.76241 -0.585529 -2.16766 0.00597276 3.46423 -0.00262595 0.0351807 2.12422 -0.816623 -3.55214 -5.48878 1.22178 4.79892 -0.826882 0.212765 -4.15125 0.655823 1.10037 3.09714 3.77317 0.114142 -2.04308 0.59075 -0.820781 -6.22896 0.0113581 -0.421062 0.0346389 1.8348 0.366822 2.08208 0.0268115 0.0340014 0.399715 0.270638 0.0556025 0.286509 -0.663944 1.54366 0.524269 2.15167 0.404775 0.483713 -3.33566 -0.871316 -1.65553 3.22465 -0.44722 2.25158 -2.74976 1.03066 0.397874 0.00205323 -2.93477 -0.630669 -0.480887 0.140065 -0.747818
internal_weight=0 1.15644 0.936501 481.791 2.19901 1.91523 1.43829 479.592 1.18951 478.402 466.343 5.42452 12.0595 3.46495 2.02554 4.75567 1.04631 1.43941 3.70936 1.67901 0.909289 3.12202 1.53088 0.530166 0.687167 1.06032 0.856537 1.59114 0.581754 460.918 15.0675 445.851 2.12181 1.81281 1.12932 443.729 441.841 35.4975 34.3443 29.3813 22.3253 8.59458 4.96301 21.1657 1.44781 19.7179 19.2104 1.15918 7.93053 1.8883 0.583352 7.05607 3.09475 1.09277 1.02335 18.6271 406.343 0.412655 7.08904 13.9083 4.18138 9.72697
internal_count=25996 300 249 25696 395 342 263 25301 258 25043 23683 648 1360 555 300 553 146 255 407 239 187 330 165 124 184 149 153 165 110 23035 976 22059 363 284 228 21696 21582 3558 3509 3177 2311 805 332 2147 170 1977 1922 117 706 114 141 866 142 159 111 1781 18024 116 604 859 279 580
cat_boundaries=0 21 43 61 81
cat_threshold=1024 0 786448 4194336 0 8192 132 0 0 2415920128 0 2097152 0 0 2147500032 67108884 2155872768 33685524 4210690 65536 24 2148007936 0 132 1049617 0 33554432 1 0 16384 2136 4096 0 0 0 0 33554752 5243024 67109000 0 3221356545 0 2097152 60 288 0 0 1073741824 36864 0 0 65536 1611669540 0 0 1 303562752 4 0 1224738144 9502720 0 0 536877064 2641920 69808 16 12346 33554433 5120 0 0 67108864 1 0 4096 2415919104 0 0 0 16
is_linear=0
shrinkage=0.05


Tree=73
num_leaves=63
num_cat=3
split_feature=0 67 65 65 34 55 53 50 67 65 67 60 19 10 70 3 54 70 58 67 70 49 54 65 64 50 71 70 72 67 47 53 70 0 53 50 57 58 57 60 10 67 50 25 64 65 70 65 3 3 50 10 38 17 56 25 60 48 77 60 49 44
split_gain=6318.19 33097 26943.8 43441.9 12780.3 7732.84 6378.47 8849.37 13443.8 9360.13 15117.6 7217.49 7044.32 6140.44 9061.77 4405.03 5167.88 4041.13 4657.71 3595.79 9639.54 6349.94 2478.96 2197.58 2097.1 3061.18 3721.66 2111.58 1989.51 6153.17 10784.9 9078.77 1786.43 1654.68 2564.15 3460.12 2011.83 4794.48 4064.06 2449.95 1612.85 1473.08 2002.8 1301.11 1134.08 1113.25 2603.29 1080.54 1280.11 1063.14 2135.59 1063.25 1385.81 1032.04 1006.59 979.32 1388.76 1087.49 950.011 857.368 832.806 966.493
threshold=0 1839.6750000000002 221.57000000000002 1693.6950000000004 0.6830127018922193 -194.77631568341479 -175.53040557410458 294.54847703336532 1323.4600000000003 1441.2700000000002 2068.4500000000003 312.96386480142115 0.25000000000000033 -1.9288187086570806e-15 1.6539053300994524 2020.5000000000002 167.26017023240033 2.1023268029082902 116.97982162728594 1412.3400000000004 5.2761060928600205 -147.66403263365149 139.73564385014225 230.04000000000005 1460.4000000000003 602.25024114084465 -29.427945715762082 0.17933311219978007 1 447.03500000000003 -109.78779689155762 -43.470823512347259 2.4000224345192476 2 115.58351674211998 -169.11454241393756 46.865417963747085 1077.3570009173429 237.08215660809586 492.23642797408189 1.2552629691260372e-15 896.2600000000001 376.81106089299038 0.68301270189221941 1.0250000000000001 1164.4750000000001 0.5950924400965828 517.03000000000009 2018.5000000000002 2016.5000000000002 181.63694164085987 -8.8301270189221892 0.25000000000000022 0.25000000000000022 210.33185592708239 -1.0000000180025095e-35 2.2074088365811342 -145.22786192453088 1.0000000180025095e-35 -28.450345067829627 114.40297681918362 0.6830127018922193
decision_type=9 2 2 2 2 2 2 2 2 2 2 2 2 2 2 2 2 2 2 2 2 2 2 2 2 2 2 2 9 2 2 2 2 9 2 2 2 2 2 2 2 2 2 2 2 2 2 2 2 2 2 2 2 2 2 2 2 2 2 2 2 2
left_child=4 19 -3 -4 5 13 12 9 40 17 11 -11 23 15 -15 16 -1 53 -19 24 21 -21 -20 -7 28 26 -26 -28 29 32 -31 -32 44 34 43 -36 45 38 39 41 -9 42 47 55 -2 60 -47 59 54 50 51 -46 -53 -8 -49 56 -30 58 -57 -38 -35 -62
right_child=1 2 3 -5 -6 6 7 8 -10 10 -12 -13 -14 14 -16 -17 -18 18 22 20 -22 -23 -24 -25 25 -27 27 -29 33 30 31 -33 -34 36 35 -37 37 -39 -40 -41 -42 -43 -44 -45 49 46 -48 48 -50 -51 -52 52 -54 -55 -56 57 -58 -59 -60 -61 61 -63
leaf_value=-0.61019148823750602 1.8923266704269257 -3.0538830234160557 23.851890755223103 -0.22259190390700523 -8.6400552442007665 2.938981241610076 -0.62821243292222784 1.0271037255336599 -14.467136592558894 5.3008300436415716 13.628403217676368 -6.6536451888881789 9.1695046254193286 -3.5835162652407258 -16.752522981388971 2.7183596394341927 -9.3051232541323117 -1.0705705352022146 -3.1021128657458128 -5.390412856809605 8.6192724949156023 4.0666628479151079 -8.3461678068663812 -3.5309346016241308 -5.4708687399783571 -6.8276030800090615 -1.2226361015834624 4.7677853378020183 -4.5149751495252088 9.1897519671723611 -3.2669746308964989 4.6211079560174868 1.4979842560419696 0.006629497101863762 -6.9524831677006507 -0.69550992097276221 -0.15167851124212023 7.3851309246379699 -5.3620619567215844 4.9628885111577423 -4.1449500453383523 -3.0193435762886955 4.1888845684112139 -2.4316999806195541 -2.7981592033294036 -0.074823996734614914 -4.1107869479602623 -0.96386397421769709 -3.6631620783667169 -0.27023657627617037 5.9991717206362507 4.0139434516075241 -1.5351686991194715 0.92040765236930422 2.64821642040086 0.0055205649552441602 -0.44230231067494197 -0.43119293183238705 2.9899465939229941 1.3725924682445954 -0.38477225610497207 -2.6750323931567745
leaf_weight=0.40444379160180666 0.76608552224934001 0.34118945174850412 0.44977395120076835 0.32120592915453017 0.57487297058105546 0.28098291298374256 6.0852793096564657 0.31754499906674105 0.29374034283682704 0.25617869920097369 0.29671653429977596 0.24896393716335297 0.33730336325243115 0.34575825859792431 0.20995429763570428 0.33060190174728632 0.29593376046977937 1.6308477015700193 0.48432849487289775 0.36565863690339029 0.43972596270032227 0.34494182374328264 0.42146879411302507 0.24628548510372639 0.27870680205523968 0.26684317807666957 0.31944082467816659 0.27267867862246931 0.33990169689058802 0.56089428509585593 0.66781291342340421 0.80386151745915291 2.6305783491116008 405.40010199416429 0.37347514438442886 0.54104763688519675 1.3425098950974632 0.26938289194367815 0.27573413331992913 0.34070411347784091 0.28693482233211398 0.26782252313569177 0.39981307950802136 0.8369326351676144 0.20652391179464757 1.454563723644241 0.55086088413372625 0.63889201614074387 0.2945409594103694 8.8259382457472366 0.20673694927245378 0.25111967721022566 0.20383887062780559 1.3068793001584706 0.27628313354216516 0.66074866289272616 0.54484286461956799 11.368244421901181 0.44707700284197927 2.9490115123335272 6.2420288342982522 0.49735153466463078
leaf_count=90 41 34 73 47 61 53 363 49 59 57 36 49 42 49 54 37 58 41 46 58 41 51 69 48 66 44 67 51 78 75 39 85 91 19317 57 90 268 54 52 41 54 38 68 119 65 224 70 140 52 478 66 76 62 55 62 95 58 691 31 530 669 59
internal_value=0 0.0293332 8.64482 13.822 -0.79211 -1.03426 -0.616681 -0.924729 -5.6921 -0.525671 4.67066 -0.591037 3.52671 -4.32226 -8.55891 -2.03864 -4.2841 -0.945332 -2.66731 0.00886137 2.8008 -0.799731 -5.54218 -0.083097 0.00176498 -2.14223 -0.706518 1.53603 0.0071681 0.439831 3.29016 1.04167 0.333254 -0.0175082 -0.411958 -3.25075 0.00586987 0.843266 0.583548 0.835394 -1.42797 0.607434 0.772038 -0.51926 0.0403441 -0.00825291 -1.18344 0.523712 -0.796136 -0.10601 1.56345 0.177127 1.52773 -0.354428 0.126591 -0.399463 -2.00694 -0.285468 1.20992 0.895757 -0.00253456 -0.553788
internal_weight=0 454.835 1.11217 0.77098 14.655 14.0801 12.4935 11.6289 0.89822 10.7307 0.801859 0.505143 0.864572 1.58669 0.555713 1.03098 0.700378 9.9288 2.53664 453.723 1.15033 0.7106 0.905797 0.527268 452.573 1.13767 0.870826 0.59212 451.435 15.1234 2.03257 1.47167 13.0908 436.312 15.1123 0.914523 421.2 7.05469 6.78531 6.50958 0.60448 6.16887 5.90105 14.1977 10.4602 414.145 2.00542 5.50124 1.20972 9.69416 0.868219 0.661482 0.454959 7.39216 0.915175 13.3608 0.884745 12.4761 1.10783 4.29152 412.139 6.73938
internal_count=25843 24473 154 120 1370 1309 1021 878 162 716 142 106 143 288 103 185 148 574 156 24319 150 109 115 101 24169 228 184 118 23941 1078 199 124 879 22863 1219 147 21644 1305 1251 1199 103 1158 1120 1072 788 20339 294 1052 254 747 269 203 138 418 202 953 136 817 126 798 20045 728
cat_boundaries=0 23 46 68
cat_threshold=0 256 3221226000 0 0 134217728 256 0 0 805314561 0 0 0 0 2147500032 16 1665401618 1048576 24704 32768 24 0 1 165888 67108864 128 0 8192 2097152 24576 0 16 536870912 4096 0 2282225930 0 1091076096 1073741826 67108880 128 0 0 8 0 32 134217744 0 16779264 2 0 16 6 0 1024 544 0 0 0 536870912 256 67108928 131105 537001988 675512322 67108880 0 134217728
is_linear=0
shrinkage=0.05


end of trees

feature_importances:
same_month_mean_3y=349
lag_12=295
seasonal_amplitude_ratio=292
same_month_max_3y=246
lag_1=226
roll_mean_12=186
roll_std_12=171
lag_2=166
year=156
roll_std_6=151
roll_mean_3=148
lag_6=144
roll_std_3=139
mean_nonzero_12=139
last_nonzero_value=134
lag_3=132
lag_24=124
diff12=119
rolling_12_slope=110
median_nonzero_12=105
diff1=100
roll_mean_6=99
item_type_month_cos=93
unique_id=84
item_type_month_sin=79
month=50
name=45
year_idx=40
name_tok_2_month_cos=34
month_cos=30
name_tok_12_month_sin=27
name_tok_9=25
name_tok_2_month_sin=24
same_month_nonzero_rate_3y=20
month_sin=17
name_tok_4=17
name_cluster_id_month_cos=16
name_tok_4_month_cos=16
name_tok_2=15
quarter_sin=14
name_tok_9_month_cos=13
name_tok_1=13
name_tok_15_month_cos=12
name_tok_4_month_sin=10
quarter_cos=9
name_tok_13_month_sin=9
name_tok_13_month_cos=9
name_tok_15_month_sin=9
name_tok_12=8
name_cluster_id_month_sin=7
name_tok_8_month_cos=7
name_tok_12_month_cos=7
name_tok_13=7
item_month_nonzero_rate=6
name_tok_5_month_sin=5
name_tok_5_month_cos=5
name_tok_10_month_cos=5
name_tok_5=5
name_tok_8=5
name_tok_10=5
name_tok_1_month_cos=4
name_tok_8_month_sin=4
name_tok_14_month_cos=4
name_tok_3=4
name_tok_7=4
name_tok_1_month_sin=3
name_tok_3_month_sin=3
name_tok_3_month_cos=3
name_tok_9_month_sin=3
Status=3
name_tok_11=3
name_tok_6_month_sin=2
name_tok_6_month_cos=2
name_tok_10_month_sin=2
name_tok_11_month_cos=2
name_tok_6=2
name_tok_14=2
name_tok_0_month_sin=1
name_tok_11_month_sin=1
name_tok_14_month_sin=1
name_tok_0=1
name_tok_15=1

parameters:
[boosting: gbdt]
[objective: regression]
[metric: l2]
[tree_learner: serial]
[device_type: cpu]
[data_sample_strategy: bagging]
[data: ]
[valid: ]
[num_iterations: 2000]
[learning_rate: 0.05]
[num_leaves: 63]
[num_threads: 0]
[seed: 42]
[deterministic: 0]
[force_col_wise: 0]
[force_row_wise: 0]
[histogram_pool_size: -1]
[max_depth: -1]
[min_data_in_leaf: 50]
[min_sum_hessian_in_leaf: 0.001]
[bagging_fraction: 0.8]
[pos_bagging_fraction: 1]
[neg_bagging_fraction: 1]
[bagging_freq: 1]
[bagging_seed: 400]
[feature_fraction: 0.8]
[feature_fraction_bynode: 1]
[feature_fraction_seed: 30056]
[extra_trees: 0]
[extra_seed: 12879]
[early_stopping_round: 0]
[early_stopping_min_delta: 0]
[first_metric_only: 0]
[max_delta_step: 0]
[lambda_l1: 0]
[lambda_l2: 0]
[linear_lambda: 0]
[min_gain_to_split: 0]
[drop_rate: 0.1]
[max_drop: 50]
[skip_drop: 0.5]
[xgboost_dart_mode: 0]
[uniform_drop: 0]
[drop_seed: 17869]
[top_rate: 0.2]
[other_rate: 0.1]
[min_data_per_group: 100]
[max_cat_threshold: 32]
[cat_l2: 10]
[cat_smooth: 10]
[max_cat_to_onehot: 4]
[top_k: 20]
[monotone_constraints: ]
[monotone_constraints_method: basic]
[monotone_penalty: 0]
[feature_contri: ]
[forcedsplits_filename: ]
[refit_decay_rate: 0.9]
[cegb_tradeoff: 1]
[cegb_penalty_split: 0]
[cegb_penalty_feature_lazy: ]
[cegb_penalty_feature_coupled: ]
[path_smooth: 0]
[interaction_constraints: ]
[verbosity: -1]
[saved_feature_importance_type: 0]
[use_quantized_grad: 0]
[num_grad_quant_bins: 4]
[quant_train_renew_leaf: 0]
[stochastic_rounding: 1]
[linear_tree: 0]
[max_bin: 255]
[max_bin_by_feature: ]
[min_data_in_bin: 1]
[bin_construct_sample_cnt: 200000]
[data_random_seed: 175]
[is_enable_sparse: 1]
[enable_bundle: 1]
[use_missing: 1]
[zero_as_missing: 0]
[feature_pre_filter: 1]
[pre_partition: 0]
[two_round: 0]
[header: 0]
[label_column: ]
[weight_column: ]
[group_column: ]
[ignore_column: ]
[categorical_feature: 0,72,73,74]
[forcedbins_filename: ]
[precise_float_parser: 0]
[parser_config_file: ]
[objective_seed: 16083]
[num_class: 1]
[is_unbalance: 0]
[scale_pos_weight: 1]
[sigmoid: 1]
[boost_from_average: 1]
[reg_sqrt: 0]
[alpha: 0.9]
[fair_c: 1]
[poisson_max_delta_step: 0.7]
[tweedie_variance_power: 1.5]
[lambdarank_truncation_level: 30]
[lambdarank_norm: 1]
[label_gain: ]
[lambdarank_position_bias_regularization: 0]
[eval_at: ]
[multi_error_top_k: 1]
[auc_mu_weights: ]
[num_machines: 1]
[local_listen_port: 12400]
[time_out: 120]
[machine_list_filename: ]
[machines: ]
[gpu_platform_id: -1]
[gpu_device_id: -1]
[gpu_use_dp: 0]
[num_gpu: 1]

end of parameters

pandas_categorical:[]
