tree
version=v4
num_class=1
num_tree_per_iteration=1
label_index=0
max_feature_idx=91
objective=regression
feature_names=unique_id month quarter year month_sin month_cos quarter_sin quarter_cos year_idx item_type_month_sin item_type_month_cos Status_month_sin Status_month_cos name_cluster_id_month_sin name_cluster_id_month_cos name_tok_0_month_sin name_tok_0_month_cos name_tok_1_month_sin name_tok_1_month_cos name_tok_2_month_sin name_tok_2_month_cos name_tok_3_month_sin name_tok_3_month_cos name_tok_4_month_sin name_tok_4_month_cos name_tok_5_month_sin name_tok_5_month_cos name_tok_6_month_sin name_tok_6_month_cos name_tok_7_month_sin name_tok_7_month_cos name_tok_8_month_sin name_tok_8_month_cos name_tok_9_month_sin name_tok_9_month_cos name_tok_10_month_sin name_tok_10_month_cos name_tok_11_month_sin name_tok_11_month_cos name_tok_12_month_sin name_tok_12_month_cos name_tok_13_month_sin name_tok_13_month_cos name_tok_14_month_sin name_tok_14_month_cos name_tok_15_month_sin name_tok_15_month_cos lag_1 lag_2 lag_3 lag_6 lag_12 lag_24 roll_mean_3 roll_std_3 roll_mean_6 roll_std_6 roll_mean_12 roll_std_12 diff1 diff12 zero_ratio_12 nonzero_run_length mean_nonzero_12 median_nonzero_12 last_nonzero_value same_month_mean_3y same_month_max_3y same_month_nonzero_rate_3y item_month_nonzero_rate seasonal_amplitude_ratio rolling_12_slope name item_type Status name_cluster_id name_tok_0 name_tok_1 name_tok_2 name_tok_3 name_tok_4 name_tok_5 name_tok_6 name_tok_7 name_tok_8 name_tok_9 name_tok_10 name_tok_11 name_tok_12 name_tok_13 name_tok_14 name_tok_15
feature_infos=-1:6:21:30:37:38:39:40:53:88:95:109:141:227:251:329:331:333:348:361:362:364:365:366:369:370:371:396:398:399:400:404:417:418:419:420:421:422:423:424:425:426:453:479:482:484:575:577:578:579:582:583:584:36:86:138:140:142:144:349:360:367:96:143:165:431:416:395:397:376:265:375:97:363:379:382:380:381:330:372:377:347:250:351:373:378:220:254:350:352:368:122:354:355:427:428:429:356:216:217:255:106:405:406:297:298:299:301:306:340:341:342:343:344:345:346:581:302:132:357:358:219:580:87:90:247:248:435:436:437:438:439:407:408:463:246:359:104:105:440:441:464:465:466:47:221:244:245:110:467:2:10:193:194:196:197:202:311:503:504:510:511:512:513:531:534:544:545:547:548:549:550:560:561:566:569:570:171:442:444:445:243:274:64:174:273:483:485:62:480:481:586:179:546:181:409:410:411:412:443:623:624:625:16:3:4:537:100:126:469:413:414:470:153:468:28:307:84:415:51:332:446:23:514:172:92:101:52:335:336:447:133:135:147:155:334:184:190:472:473:489:491:536:338:593:125:474:475:11:94:199:540:146:530:604:287:288:487:603:605:123:270:339:476:102:103:173:290:291:293:294:31:205:430:615:1:12:56:58:156:203:195:505:403:449:492:502:551:136:192:210:206:207:401:572:450:451:616:272:292:535:15:57:249:402:556:558:559:592:608:59:60:61:204:316:318:319:529:610:612:317:506:508:571:516:517:518:519:520:521:522:93:185:383:598:9:17:19:20:22:27:29:33:35:66:71:73:74:208:211:268:276:308:320:328:384:448:454:462:486:488:490:493:523:532:533:602:634:642:643:644:649:669:682:684:693:711:5:75:76:115:159:256:260:310:323:541:568:594:645:646:647:699:700:137:163:164:175:186:269:455:557:563:591:601:573:574:701:7:82:83:266:459:461:553:564:704:77:177:191:385:539:691:169:388:542:626:638:639:705:113:124:145:209:386:589:590:665:697:45:67:69:78:112:118:198:200 [1:12] [1:4] [2009:2022] [-1:1] [-1:1] [-1:1] [-1:1] [1:14] [-25:25] [-25:25] [-1:1] [-1:1] [-1:1] [-1:1] [-2:2] [-2:2] [-3:3] [-3:3] [-5:5] [-5:5] [-3:3] [-3:3] [-3:3] [-3:3] [-3:3] [-2.598076211353316:3] [-3:3] [-3:3] [-3:3] [-3:3] [-2:2] [-2:2] [-2:2] [-2:2] [-2:3] [-3:2] [-3:3] [-3:3] [-2:2] [-2:2] [-2:2] [-2:2] [-2.5980762113533151:3] [-3:2] [-2:2] [-2:2] [-2078.099154440155:8282.9432640239247] [-2078.099154440155:8282.9432640239247] [-2078.099154440155:8282.9432640239247] [-2078.099154440155:8282.9432640239247] [-2523.4232419562427:8282.9432640239247] [-2266.4736758241761:8282.9432640239247] [-1986.8896653796662:4198.9412639621942] [0:4197.1470017007423] [-1638.4728609593574:2094.4812447633271] [0:3634.7992111561171] [-883.79501685864216:1072.3486682314444] [0:2902.9487079622404] [-7761.8332499974285:8969.1667500025724] [-5001.9840731504064:4997.8459268495944] [0:1] [0:26] [0:4499.0683333333336] [0:4429.6750000000002] [0:9991] [0:8165] [0:8440] [0:1] [0:1] [0:1624.9400000000001] [-482.66541782959581:564.68423252005425] -1:27:30:34:36:64:97:103:105:106:259:265:266:268:274:275:278:282:287:288:289:299:305:316:323:325:328:331:332:334:356:362:369:377:384:408:409:411:426:445:494:513:514:531:538:541:550:591:622:625:640:672:714:203:204:206:366:379:495:267:270:301:205:355:378:508:28:26:41:90:393:76:348:88:89:294:81:83:273:626:74:276:281:526:146:87:261:512:269:292:297:23:284:304:373:466:374:286:7:9:509:38:398:25:50:52:54:55:56:57:62:108:449:450:451:452:154:183:291:306:491:150:370:357:358:595:14:684:687:689:690:691:66:49:272:262:271:341:340:682:688:277:293:295:392:8:511:594:104:280:93:399:412:424:427:440:517:518:592:615:618:619:623:628:629:630:631:634:635:636:641:643:644:645:646:649:650:666:692:695:696:95:663:96:413:423:540:543:0:533:668:324:457:418:421:31:32:33:40:479:481:482:686:665:400:675:520:285:345:463:29:43:283:300:403:111:667:42:528:432:620:693:653:603:420:344:360:107:433:676:697:490:337:401:485:487:290:303:414:422:522:607:610:60:330:279:298:465:364:436:516:525:486:713:321:536:677:678:319:329:464:51:405:302:425:504:505:506:507:616:703:527:638:148:654:229:307:515:530:674:708:648:712:35:604:605:683:710:410:489:617:39:431:443:627:318:694:702:404:503:523:1:37:442:673:320:600:602:606:704:110:112:115:312:458:524:529:551:552:671:114:642:647:709:656:657:658:659:661:662:664:85:314:389:611:2:3:4:5:12:18:20:21:22:44:63:78:102:119:130:134:159:161:166:170:211:235:313:317:368:381:428:444:470:473:477:478:484:535:544:545:567:579:588:597:599:685:17:92:113:165:232:252:350:402:407:467:468:472:510:547:549:633:639:61:263:322:419:459:488:498:499:554:652:681:383:447:448:10:59:65:126:141:264:382:429:707:79:212:385:416:546:613:84:101:376:453:480:483:521:72:260:326:327:352:372:406:493:586:15:45:48:58:181:339:343:353 -1:7:25:20:21:12:18:4:10:16:24:23:13:6:9:17:11:2:22:3:1:19:14:5:8 -1:0:1 none [0:2] [0:3] [0:5] [0:3] [0:3] [0:3] [0:3] [0:3] [0:2] [0:2] [0:3] [0:3] [0:2] [0:2] [0:3] [0:2]
tree_sizes=6598 6639 6633 6628 6625 6575 6625 6622 6604 6762 6635 6603 6749 6623 6756 6881 6740 6753 6787 6647 6619 6733 6636 6869 6793 6859 6859 6995 6882 6776 6868 6984 6856 6939 6861 6848 6875 6986 6914 6890 6851 7131 6771 7071 6887 6871 6990 6883 6642

Tree=0
num_leaves=63
num_cat=0
split_feature=66 85 56 67 49 56 63 70 56 67 57 56 39 64 47 67 54 56 49 1 57 66 10 67 57 64 66 57 67 47 70 20 63 70 66 24 66 63 8 3 63 70 10 10 64 87 10 3 70 57 64 63 64 70 80 64 9 70 57 56 70 56
split_gain=1.53046e+06 1.1702e+06 375457 293020 232409 199601 135155 105857 87837.2 105689 74678.6 71666.3 51405.4 49689.5 39574.1 40916.2 55572.3 39884.1 37820.3 37109.3 29668.6 23085.7 20785.5 19292.7 19122.1 18784.5 18595.7 34376.6 18438.4 17205.5 16632.2 17409 17302.5 15521.8 14836.9 14580.3 16890.1 19887.3 12436.9 11006 9535.68 8643.3 8196.67 7629 7389.28 7208.94 7129.79 7496.55 10874.5 8441.88 7290.68 7057.44 6677.05 6572.08 7038.48 5721.06 5359.98 5332.28 5331.81 5270.69 5216.1 6664.82
threshold=1822.7566666666671 1.0000000180025095e-35 1385.4919840729492 1177.3350000000003 -256.41585586533984 91.531209520174002 335.94958333333341 0.30313912567451323 538.66594636433149 865.75000000000011 -274.94190708688001 19.091290126914274 1.0000000180025095e-35 1182.6475000000003 -127.43969633521847 222.18000000000004 4.191439009633716 134.34627915504589 -542.71858322101855 10.500000000000002 -274.94190708688001 160.16666666666671 5.7500000000000009 448.08500000000009 -204.23044927825879 137.53000000000003 378.92333333333335 57.881183226127852 222.18000000000004 -28.933833638128906 2.0003426719147956 -2.7554552980815443e-16 711.79166666666686 1.2514475619086451 288.00250000000005 0.25000000000000022 1179.2833333333335 1336.9604166666668 4.5000000000000009 2016.5000000000002 661.87441666666678 0.62660903537017898 -4.75 5.7500000000000009 454.70000000000005 1.0000000180025095e-35 19.485571585149874 2018.5000000000002 1.0318643367296918 141.85149770311838 750.50000000000011 661.87441666666678 830.85750000000007 3.4301985292902923 1.0000000180025095e-35 809.17000000000019 -8.5801270189221928 0.16056037198873654 -14.234234030172638 711.7234759431833 1.2244929599746877 127.34598163446044
decision_type=2 2 2 2 2 2 2 2 2 2 2 2 2 2 2 2 2 2 2 2 2 2 2 2 2 2 2 2 2 2 2 2 2 2 2 2 2 2 2 2 2 2 2 2 2 2 2 2 2 2 2 2 2 2 2 2 2 2 2 2 2 2
left_child=2 -2 3 4 7 6 -5 18 9 14 -7 -11 35 21 24 17 23 29 22 20 -9 -4 -1 45 -6 -13 27 59 -26 -16 31 32 -18 38 56 36 37 53 55 40 -30 -40 -27 -36 -31 -17 47 49 -49 -33 -48 -35 -19 54 -12 -22 -32 -20 -44 -10 -41 -62
right_child=1 -3 13 5 8 10 -8 19 26 11 12 25 -14 -15 15 16 30 52 57 -21 33 -23 -24 -25 28 42 -28 -29 39 44 34 46 -34 51 43 -37 -38 -39 41 60 -42 -43 58 -45 -46 -47 50 48 -50 -51 -52 -53 -54 -55 -56 -57 -58 -59 -60 -61 61 -63
leaf_value=-21.972301855838943 125.58686137976918 12.402885839468778 -30.351841083662119 8.9456101460216715 -13.238199220129459 -10.78360651796841 51.124967853856511 -18.623717898411769 -10.412455732352594 30.600345401051548 3.5196802366991591 15.536047154170088 22.516631465472233 -8.6710236153773526 -1.8687571134327876 7.769477408688183 1.290247656397884 -4.3453513545208358 -17.832678277467515 8.0603459401835416 -8.8406103601095243 -47.919426100882006 -44.692634958248618 14.417814936285065 -6.3257798364033055 8.5717536759964332 -20.132224708897592 1.1680186230660148 0.15986227792074503 -0.62374109249758136 -1.2663247924667704 0.39213757276270089 11.845580559861363 -4.7052800968122952 4.4639819937080665 15.9406220968079 12.272871724628509 -8.4427203487871338 -22.259592820256685 -4.5291808491278287 13.752790111344764 -9.4408026559889411 4.4031108257782003 12.186467319211626 2.3731932170249581 1.9854600876017665 -2.6488590287699334 -4.6583923288473974 -0.4044427631473646 9.0705272250055273 -10.504790322547521 3.017917727876902 1.8545855112704497 -0.8906762471126356 12.997775367986135 -1.5271719406747706 2.3442220286313038 -11.661090115626921 -3.4724862957489022 -17.427895340655358 -2.9422278468605998 2.0557875081859978
leaf_weight=0.20432758843526277 0.41757769184186955 0.50398852908983827 0.54082072153687366 0.31028098566457529 0.52915191673673589 0.50111887278035316 0.48960640281438828 0.49640585249289948 0.54399067885242336 0.36497146193869356 0.43658194411546103 0.41666245134547342 0.64976829756051291 0.20033072680234909 29.376016062917188 1.2655667883809689 2.560483720852067 8.7835131026804412 1.3549532126635302 0.44266496715135861 0.57345078233629487 0.2858493085950613 0.19841173384338617 0.78924933518283058 3.3490290662739408 0.48678816668689251 0.43586911354213942 0.5895834146067499 0.35759218875318755 317.71839619637467 1.4715079909656195 2.3595243399031411 0.45763429650105525 0.61918848683126249 0.96304189786314942 0.3573156539350747 0.56835480453446496 0.34158243425190438 0.22340183309279371 1.7302980711683629 0.20185306575149298 0.31965944729745388 0.42834335658699274 0.4788194156717509 2.0701803870033464 0.93796340562403191 1.4743566121906049 2.1444652227219194 5.0170939329545945 0.31798547669313837 0.36931171361356963 0.56635167729109526 0.45684675406664688 0.30261687003076077 0.35526445275172591 0.50105551071465015 3.4098448841832569 0.47188288718461979 0.43128907633945324 0.52719405805692077 1.756998223718256 1.0751841340679673
leaf_count=49 97 50 142 36 104 78 87 90 96 51 59 45 51 38 2847 74 302 1020 238 72 77 82 51 63 438 65 54 97 88 13931 128 531 85 82 121 82 92 50 52 208 50 71 48 64 72 57 179 219 487 85 66 58 93 57 67 43 269 88 55 99 153 87
internal_value=-0.670133 63.6885 -0.818687 -0.742297 -0.881501 12.2216 34.7633 -10.6717 -0.733731 -0.679353 7.08841 10.4333 10.0624 -31.0124 -0.73977 -0.662643 1.33526 -0.796523 -19.2961 -5.53332 -7.35706 -36.4264 -33.1656 7.71 -4.01695 6.25853 -10.9406 -8.52829 -3.44093 -0.710718 0.42782 -0.494504 2.89074 -5.36183 2.57213 6.63587 4.97715 2.08967 -8.54711 -1.55464 5.06432 -14.7141 3.38752 7.0285 -0.60434 5.30743 -1.36905 -0.834361 -1.67825 1.4228 -4.22251 -1.01578 -4.03882 5.37683 7.77206 -5.43026 1.2558 -16.2385 0.451819 -13.8652 -2.36625 -1.04483
internal_weight=0 0.921566 406.958 405.931 401.618 4.31249 0.799887 5.97175 395.647 393.55 3.5126 2.12805 3.01148 1.027 391.422 382.422 24.0168 358.405 2.22958 3.74218 3.29951 0.82667 0.402739 2.99278 9.00011 1.76308 2.09664 1.66077 8.47095 349.165 21.0241 14.7009 3.01812 2.80311 6.32321 2.36172 2.0044 1.43605 1.61757 5.12193 0.559445 0.543061 1.34642 1.44186 319.789 2.20353 11.6827 9.83907 7.16156 2.67751 1.84367 1.18554 9.24036 1.09446 0.791846 1.07451 4.88135 1.82684 0.859632 1.07118 4.56248 2.83218
internal_count=24470 147 24323 24061 23402 659 123 971 22431 22085 536 264 458 262 21821 20693 2730 17963 426 545 473 224 100 194 1128 213 346 292 1024 16850 2536 1954 387 383 582 407 325 233 243 586 138 123 168 185 14003 131 1567 1322 706 616 245 140 1113 183 126 120 397 326 103 195 448 240
is_linear=0
shrinkage=1


Tree=1
num_leaves=63
num_cat=0
split_feature=66 85 47 66 58 54 41 49 66 54 66 66 58 47 50 50 1 50 66 8 10 10 66 47 47 65 50 68 49 58 68 54 55 66 65 9 57 52 47 66 65 47 57 47 47 17 57 63 65 47 66 66 50 66 54 57 51 49 58 58 55 1
split_gain=1.3827e+06 1.10616e+06 271400 245987 278804 218769 85267.9 61965.3 62269.7 67763.9 57823.2 51316.5 50434.6 49341.4 44842.4 44297.7 43799.2 59401 36891.9 34293.9 33015.4 26100.9 24228.6 22913.6 22090.3 21429.7 18376.1 17803.5 17269.7 15763.2 15512.9 15246.7 15151.8 14496.2 14118.9 12235.1 11935.6 11565.8 10422.4 10135.9 17430.2 10597.6 10049.4 8847.06 8597.45 7947.49 7895.99 9570.46 7725.34 7578.79 7256.27 7075.37 6941.42 6327.51 12777.1 6312.39 6223.06 6121.93 5839.11 5784.8 5295.11 5103.06
threshold=1822.7566666666671 1.0000000180025095e-35 -655.53032917682617 713.57666666666671 579.53833415275551 26.954996382227126 1.0000000180025095e-35 -164.31533188398149 232.8066666666667 19.107771635386218 102.41666666666667 283.48500000000007 1096.7346936288111 -72.161688536499753 598.19555845691525 -553.20386400471864 2.5000000000000004 -490.26397374206482 213.94500000000002 3.5000000000000004 5.7500000000000009 -1.1940306291686691e-15 291.8033333333334 337.88644307352746 270.19691667140819 380.65500000000003 -118.22051911091125 0.83333333333333337 -301.28845326456292 524.66137228809419 0.83333333333333337 92.960796754613384 -295.68603263530093 923.94166666666672 667.38000000000011 15.29422863405995 31.004711335398856 212.64252006242648 -264.8139295189693 78.15000000000002 438.04000000000002 -217.1897815632453 -27.700822066205557 -17.542618373352994 -33.567690356776161 0.25000000000000022 96.216528236166752 894.6077272727274 720.30000000000007 -81.363895477601616 37.696666666666673 73.358333333333348 -632.14706709047914 111.70666666666669 1.110597422310218 -83.591904975644553 -53.186144548872974 -396.33128570710181 1001.1459644821242 285.3521443891928 -88.724243969338048 7.5000000000000009
decision_type=2 2 2 2 2 2 2 2 2 2 2 2 2 2 2 2 2 2 2 2 2 2 2 2 2 2 2 2 2 2 2 2 2 2 2 2 2 2 2 2 2 2 2 2 2 2 2 2 2 2 2 2 2 2 2 2 2 2 2 2 2 2
left_child=2 -2 11 4 7 -5 10 18 13 20 28 52 23 39 16 -8 -7 -18 38 -13 49 24 -22 27 48 -19 29 -12 57 -27 -23 34 -20 -28 43 -24 -30 42 -4 41 60 -9 -34 50 55 59 -33 -48 -11 -10 -15 -40 -1 56 -55 -32 -45 -6 -17 -46 -41 -44
right_child=1 -3 3 5 6 14 15 8 9 21 12 19 -14 31 -16 58 17 25 32 -21 22 30 35 -25 -26 26 33 -29 36 -31 44 46 37 -35 -36 -37 -38 -39 51 40 -42 -43 61 53 45 -47 47 -49 -50 -51 -52 -53 -54 54 -56 -57 -58 -59 -60 -61 -62 -63
leaf_value=-44.108140330397951 121.76314313860689 13.273783524603118 -12.366198622098986 38.970482903193371 -27.294053908020132 -9.5031658306390963 -42.985628432657073 -11.916201227126177 9.8885885026399283 2.4057918501430464 6.1975394374813364 -3.7655405399278856 16.383824914507851 -0.9321446834519348 23.488064608023048 -15.786974121927386 25.309761149737856 12.561107652483381 -10.462973237253786 -25.859120455067547 4.7686965250893518 6.8132702331399244 14.865621347350146 -16.200819482144947 14.535373852346915 2.8546405810909539 0.48272438006617935 -8.7875372039547042 -14.974911737526652 -10.053999576261809 -8.8517893865192399 -1.986727898985998 -1.6787080287629454 14.040725396717205 2.9871034794955031 25.763936148063188 -0.43304723015981744 -7.934067106597273 -8.409458273219709 -4.7911366062699932 7.5447836112726607 -3.6987074313655763 5.7747338437018696 1.2944562032025422 -0.024581842816625229 7.1183036083506757 -1.4189708636059488 11.121841761666358 8.7710330959557314 2.0449708672159121 0.41275954939614529 -3.8544595651372626 -31.575826696116408 8.0306360219635113 0.89355589612308484 -2.5001440072968162 0.037523768365468425 -17.975220508187583 -24.381757262454016 -6.6890024409602722 -1.2357574538589251 0.17138290978552917
leaf_weight=0.21818837011232972 0.41243789345025916 0.54598960001021624 0.88826395734213281 0.63525874773040314 0.26320234080776594 0.43700631242245513 0.26901068352162838 0.41207249462604423 0.43943677726201702 5.4036922981031248 0.37706765672191955 0.31533291097730398 0.29612924577668298 38.999774933094159 0.37464213091880072 0.4521787306293843 0.40154134435579258 0.61098723695613433 0.39291826519183803 0.39647965133190155 0.43319345684722055 0.62298706546425542 0.73753351694904246 0.41269274149090052 0.44357314752414811 0.52260154206305842 0.39055512007325766 0.41787132550962269 0.40790081350132779 0.43198529677465558 0.49916144553571973 12.239736147690561 2.0097314957529306 0.39812996704131365 4.0337719963863483 0.39570001629181206 0.21573590976186097 0.43170193396508683 1.8309193958993986 1.4543553881812838 0.49983745277859259 8.1950078867375833 1.0220937221311035 10.207637594547121 3.0334298990201205 0.35539901163429011 0.36806497280486006 0.25931506161578 0.52279903856106091 1.0293982345610886 13.501347659155725 1.5954122913535682 0.22384702204726525 0.69585709273815055 6.345695513766259 1.8079931489191956 279.00266956072301 0.53341594664379954 0.35101729677990079 0.36476923711597908 3.7410028108861288 0.67444914299994696
leaf_count=53 97 51 127 85 78 63 72 59 38 707 68 40 58 2638 62 59 74 96 62 94 45 41 91 53 60 74 70 71 90 45 79 905 255 62 81 58 66 67 206 156 90 998 97 529 429 49 68 78 98 119 1386 201 53 11 719 255 11383 106 78 57 374 58
internal_value=0 59.9598 -0.165479 -0.0978392 -0.221539 11.937 -13.3636 -0.0918283 0.000612577 3.04737 -8.94086 -24.3811 -2.10765 -0.128401 7.12315 -25.4247 5.20291 7.53495 -4.23075 -16.0717 9.77673 1.48266 14.8264 -6.64203 3.77283 4.50329 1.67915 -1.67959 -16.1758 -2.98699 -0.700028 -0.0157132 -1.07972 7.32683 0.0459474 18.6711 -9.94442 -0.188739 -7.53974 -3.00939 -1.37306 -4.09213 0.713427 0.0119292 -1.47232 0.00408367 -1.70631 3.76452 2.96729 4.39157 -0.586285 -6.2885 -37.7618 0.117943 1.59885 -3.87435 0.081887 -21.0542 -19.5431 -0.739954 -2.23103 3.54716
internal_weight=0 0.958427 414.243 413.09 408.887 4.20271 3.99622 404.891 396.045 16.0891 2.92402 1.15385 1.50376 379.956 3.56745 1.07221 3.19281 2.7558 8.84549 0.711813 3.03526 13.0538 1.56643 1.20763 6.37006 2.35426 1.74327 0.794939 1.42026 0.954587 6.68374 365.654 4.53089 0.788685 352.787 1.13323 0.623637 4.13798 4.3146 14.3023 5.6952 8.60708 3.70627 348.753 6.06075 3.7536 12.8671 0.62738 5.92649 1.46884 52.5011 3.42633 0.442035 296.252 7.04155 2.30715 289.21 0.796618 0.803196 3.3982 5.19536 1.69654
internal_count=24492 148 24344 24104 23473 631 799 22674 21601 2126 590 240 250 19475 546 209 484 421 1073 134 351 1775 194 192 865 347 251 139 340 119 910 17798 539 132 16747 149 156 477 534 1677 620 1057 410 16666 869 535 1051 146 805 157 4024 407 106 12642 730 334 11912 184 137 486 530 155
is_linear=0
shrinkage=0.05


Tree=2
num_leaves=63
num_cat=1
split_feature=66 1 71 66 54 53 58 70 90 71 55 66 70 48 57 68 20 65 64 53 66 66 54 71 55 64 48 8 65 70 66 47 54 54 47 3 66 58 64 65 54 68 80 58 20 58 63 64 3 3 54 55 54 3 63 47 59 64 89 74 58 63
split_gain=1.44675e+06 1.09125e+06 272661 268608 219290 202367 96223.7 63301.7 49871.9 48925.2 45036.5 38360.4 65353.6 63426.9 35209.2 31033.6 30427.7 29654 34048.5 33588.5 28075.8 27981 27736.9 26074.2 25199.6 24471.5 21863.4 20935 16528.8 15998.9 23342.8 21925.3 19395.5 13804.6 12869.8 12436.1 18365.3 15526.9 12161.9 11621.1 10712.7 10441.3 9851.84 9647.21 8913.6 12257.5 8810.82 8590.19 8111.78 8059.15 7500.88 7037.89 7555.95 6901.6 6611.71 5993.23 5952.33 5812.17 5806.26 5519.39 5308.32 5286.78
threshold=1822.7566666666671 10.500000000000002 79.801374535502205 713.57666666666671 34.602912318277596 -266.13045224251903 1574.9176967661363 0.27755350273769375 1.0000000180025095e-35 -44.968157703732267 -450.29104563544291 378.92333333333335 2.3748383254140868 -96.110119668532192 -233.31818287901498 0.83333333333333337 -0.93301270189221908 1292.2600000000002 1182.6475000000003 195.2598240168189 676.48500000000001 160.16666666666671 261.79414045353093 -28.096764654068068 -450.29104563544291 728.3850000000001 -250.90144491113205 6.5000000000000009 667.38000000000011 1.4522727775456394 158.04000000000005 -25.088839920747802 3.009821783992439 2.1138203980242953 -280.29647112696205 2017.5000000000002 84.151666666666685 390.9871395886077 597.66750000000013 3381.1200000000003 150.3666485860995 0.83333333333333337 1.0000000180025095e-35 767.30987541340585 0.25000000000000028 348.061010304901 565.16800000000012 91.555000000000021 2017.5000000000002 2021.5000000000002 42.426546628865147 -201.50854315462388 89.900760489946251 2019.5000000000002 394.64083333333343 -111.22834788754945 -2.7605245322544207 922.56250000000011 1.0000000180025095e-35 0 106.62352978641162 1029.7727272727275
decision_type=2 2 2 2 2 2 2 2 2 2 2 2 2 2 2 2 2 2 2 2 2 2 2 2 2 2 2 2 2 2 2 2 2 2 2 2 2 2 2 2 2 2 2 2 2 2 2 2 2 2 2 2 2 2 2 2 2 2 2 1 2 2
left_child=2 -2 3 5 9 7 20 10 14 -5 -1 13 16 21 -6 -9 25 18 27 -19 43 26 28 -14 -17 -13 48 40 29 31 -31 -15 -32 -25 -18 36 -24 -37 49 -8 -16 -40 55 -4 45 -36 -46 -44 -7 54 -33 52 -26 -52 -23 -35 -28 59 -12 -30 -55 -59
right_child=1 -3 6 4 8 11 39 15 -10 -11 58 12 23 22 17 24 34 19 -20 -21 -22 38 35 33 51 -27 56 -29 57 30 32 50 -34 42 44 37 -38 -39 41 -41 -42 -43 47 -45 46 -47 -48 -49 -50 -51 53 -53 -54 60 -56 -57 -58 61 -60 -61 -62 -63
leaf_value=-37.129552725404658 20.937605933866745 131.13277332499337 -11.900017276046873 50.228235283587367 -8.758608893744313 -4.7052635006921788 -31.694607015570536 3.3135852687801393 22.392860168073703 25.131184817566297 -12.184034323582409 2.0773925929993915 24.591731116170379 -1.5570494299592534 8.3144527056696163 -23.286010338585555 -8.3687721685394791 29.251109833153706 -10.313999403125624 4.9309333499425572 0.74639793199032722 -1.0216476170250075 -4.8887826007330473 18.127150404441348 -5.828935176793947 18.642867679235678 -7.3766181521049221 17.735709925830509 -0.88568806645738851 0.25128452191568801 10.771571367001494 -0.032598162118231001 2.3505725004298061 8.6556592374154331 0.018569327726025767 -3.7173829268878311 11.69387798515708 -12.090719222336112 11.533090136927692 -47.900142845957269 -0.35794318415167742 -0.445076913024129 17.125938002105119 -20.538460901024035 -0.37453338530049851 8.6264400374358967 -9.9257662594375891 6.3740197581048479 -14.015178329788412 3.5253722142700354 0.37201063396319034 -1.0030712304309473 -15.692503204410597 -1.220182060858509 -5.4863399380137352 0.53433388471447918 -3.5790223649583894 3.1441543150212503 -19.38575790181379 2.9526515645640856 -3.7492575795173169 9.5595709442219796
leaf_weight=0.31120206089690317 0.61969329416751762 0.35244374582543969 0.70796711742877894 0.34513788809999824 0.41938255773857314 0.32355307578109094 0.25512411352246989 0.57034794823266577 0.45777549128979433 0.44401026610284944 0.58472525584511392 0.53037162870168675 0.28033374529331956 30.213475956814364 0.74635608284734256 0.30261683883145485 0.50892470125108946 0.2810369050130247 0.34332780865952361 0.28690457111224532 0.31710268510505546 2.8495177207514635 0.43621528404764776 0.30691972188651595 0.51100576110184215 0.38461765507236123 1.2078374435659478 0.35560946678742755 1.3692133971489959 112.64915429172106 0.78915567020885546 195.82999483589083 5.1205194627400488 0.34915281971916601 3.7446187441237253 2.0694282671902333 0.27050678175874054 0.7558545023202895 0.36010663351044048 0.19532248470932245 0.68100253539159894 0.36771142133511603 0.32194150611758232 0.59468321013264358 0.58971866313368071 0.46491702925413836 0.40886020520702004 0.43919229414314032 0.84507702523842454 0.69080597744323302 4.9984147329814723 0.3373372079804533 0.31314088054932654 8.0196820697747153 1.1695729638449845 0.65021538757719033 7.0809884134214371 0.893060353817418 0.5368198580108583 2.964114106027409 2.7988969888538113 0.5014407264534384
leaf_count=79 82 76 94 48 68 99 65 94 56 57 132 63 31 2938 84 59 69 51 37 50 40 328 118 45 87 64 120 93 157 5593 61 8298 574 31 559 178 73 76 45 54 97 72 42 132 57 47 63 66 109 49 1039 57 57 290 146 91 858 18 90 71 205 126
internal_value=0 60.8883 -0.181223 -0.0878731 12.2542 -0.223428 -18.2804 -12.2501 6.98347 36.1075 -20.3007 -0.117473 3.113 -0.192904 4.71793 -6.58055 0.575101 6.81567 4.10464 16.9654 -12.5958 -3.39185 -0.0640122 10.2822 -10.4349 9.04072 -5.03508 6.88109 -0.021475 -0.0638251 0.411978 -0.297061 3.47508 8.34185 -0.779788 -4.47365 1.45844 -5.95752 -0.533873 -38.7216 4.17679 5.48143 6.63592 -15.8436 -0.0382108 0.969255 -4.28521 10.9218 -11.4376 -1.46341 -0.117193 -7.08659 -9.57667 -1.16456 -2.32089 3.37171 -4.1324 2.64337 -15.6311 1.73984 -1.87448 5.45104
internal_weight=0 0.972137 403.452 401.382 4.36054 397.021 2.0702 3.4672 3.5714 0.789148 1.43275 393.554 8.97978 384.574 3.11362 2.03445 6.63203 2.69424 2.1263 0.567941 1.61975 14.8952 369.679 2.34776 1.4641 0.914989 9.45746 1.78297 366.147 360.419 118.559 241.86 5.90968 2.06742 5.71704 3.532 0.706722 2.82528 5.43771 0.450447 1.42736 0.727818 1.7605 1.30265 5.20811 4.20954 0.998579 0.761134 1.16863 4.7099 211.647 1.16148 0.824147 15.817 4.01909 0.999368 8.28883 5.72783 1.12155 4.33333 10.8186 1.3945
internal_count=24708 158 24550 24165 641 23524 385 655 536 105 301 22869 1228 21641 480 354 922 412 311 101 266 1826 19815 306 260 127 1186 274 19370 18998 6228 12770 635 275 795 445 191 254 640 119 181 117 230 226 726 606 120 108 208 523 9832 201 144 1534 474 122 978 372 222 228 495 144
cat_boundaries=0 1
cat_threshold=1
is_linear=0
shrinkage=0.05


Tree=3
num_leaves=63
num_cat=0
split_feature=66 2 47 66 58 54 41 67 50 53 53 67 54 47 63 59 2 59 10 67 70 70 54 67 54 51 4 70 3 49 58 50 70 63 66 79 23 9 3 47 65 70 50 14 14 47 50 71 70 81 67 50 66 50 66 66 70 47 47 65 14 67
split_gain=1.16094e+06 790869 252420 262328 227492 145110 84589 73379.9 68083.4 58620.9 50123.3 44533.8 61852.8 51285.6 37325 36098.1 56427.4 67446.5 34864.3 28260.1 24118.2 22552.7 19992.1 19495.9 23531.7 19352.6 17640.1 17347.3 15198.9 14440.3 13320 12844.1 12383.9 12330 10929.9 12951.2 14033.9 10894.8 10641.2 10046.9 13816.8 9707.1 9652.71 9333.48 9020.09 8550.57 8131.83 6743.38 7840.58 6714.77 6579.11 6572.89 6462.67 6419.24 5690.58 5582.73 5265.74 5233.68 5141.2 4731.35 5392.33 4766.6
threshold=1822.7566666666671 3.5000000000000004 -655.53032917682617 713.57666666666671 554.28712649772115 26.954996382227126 0.25000000000000017 209.87500000000003 745.16240740244473 270.01613074853623 -229.12800793604274 499.42000000000007 2.1138203980242953 -89.983595975568463 1157.2083333333337 659.43938387048081 1.5000000000000002 153.76783804174923 8.2500000000000036 521.50000000000011 2.1609966628280968 1.0000767329245634 92.960796754613384 222.18000000000004 2.0168216854197731 132.41685825446149 0.25000000000000011 0.61905744551225372 2019.5000000000002 -301.28845326456292 372.45812630333012 -125.45349362184859 1.1076718981202187 711.79166666666686 288.00250000000005 1.0000000180025095e-35 0.25000000000000022 -10.000000000000002 2018.5000000000002 -38.514347007830608 474.31000000000006 1.5002155791894223 -403.71829647354963 0.93301270189221952 -0.68301270189221908 -217.1897815632453 -109.95720352124347 -26.165267319215893 1.5400012362691184 1.0000000180025095e-35 22.045000000000005 22.815816160306742 196.9266666666667 -678.83705515602321 202.11166666666671 17.35166666666667 2.4241359670834468 -16.418076965053498 -191.42922589066788 152.19500000000002 -0.68301270189221908 289.44500000000005
decision_type=2 2 2 2 2 2 2 2 2 2 2 2 2 2 2 2 2 2 2 2 2 2 2 2 2 2 2 2 2 2 2 2 2 2 2 2 2 2 2 2 2 2 2 2 2 2 2 2 2 2 2 2 2 2 2 2 2 2 2 2 2 2
left_child=2 -2 19 4 10 -5 7 29 15 18 21 13 -13 32 42 16 41 25 28 53 27 -4 23 39 -25 30 -21 -14 -9 -6 -18 54 38 -33 -22 36 37 -36 50 -15 55 -7 -8 47 -35 -40 -39 -29 -49 58 -12 -23 -34 -1 -24 57 -54 -41 -31 61 -61 -26
right_child=1 -3 3 5 6 8 14 9 -10 -11 11 12 20 22 -16 -17 17 -19 -20 26 34 51 31 24 59 -27 -28 43 -30 49 -32 33 52 44 35 -37 -38 46 45 40 -42 -43 -44 -45 -46 -47 -48 48 -50 -51 -52 -53 56 -55 -56 -57 -58 -59 -60 60 -62 -63
leaf_value=-37.283518143251136 14.791648126130799 103.53010395579606 -12.180787544526471 32.970030793912535 -18.911682936760656 -8.4448898729064457 -24.344931778776616 6.3306948567803509 29.57411341584077 -14.550337648043929 -4.8667152888485248 18.914288529495675 11.105987579406049 -1.2196616012964423 -38.994179370138284 -5.6191063958643461 6.4713903113542903 30.491924327783142 18.629627731834908 -6.9619366036561914 0.91992359689247294 -5.0517652235288208 -6.4244046979317551 7.4064507202060454 0.80929812528675782 -1.7001417888506016 -23.574125902621986 -6.0921179128095684 -6.6327345278602197 -10.618151719178297 17.805976291293046 -1.4934855200952994 -2.368710241973691 -2.5990326021816781 11.767953737502751 -0.056106043503508223 15.74981813092017 -1.4008955079096268 -10.475152283878099 -0.74151842505673882 2.2002222673337992 2.5696935373353331 -13.101954563633825 5.8672724306164685 8.915734174500523 -4.6299775293290004 6.8793178609620371 -1.5833401582751916 2.8030593908207928 -15.107332343217633 0.37231014184873357 3.1267009550485079 -0.30406039452890932 -26.523023468504817 -0.45549249014040866 0.40449146739029529 5.8947099649676318 -0.0094011720407000468 -0.92064045666339589 -1.7907116838398129 1.2724045534021815 4.3107409213158157
leaf_weight=0.23836966883391142 0.57989689242094644 0.44281695270910859 1.1964824686292552 0.70663658389821549 0.90999187109991886 0.38651403738185885 0.33030762104317546 0.4854997487273065 0.33635939192026842 0.50933799846097816 0.92881786241195952 0.5863893642090251 0.35323338443413188 15.76193308806978 0.28449913044460118 0.55887073976919044 0.59368447493761756 0.42999621108174313 0.36271728784777224 0.30305929575115442 1.0650188839063046 0.71276346989907302 1.8414102280512481 1.7464511489961285 1.9627979658544048 0.38329860428348173 0.33806823194026947 0.56422003218904038 0.42319605173543096 0.33116913167759776 0.46005472377873957 13.050380970584225 3.2495631342753759 0.25609459821134806 0.6347062420099977 0.55540695134550322 0.51303116325289 0.47818732704035949 0.70224034413695324 27.444324554177001 7.4573898445814839 0.41458670701831579 0.45236232341267146 0.55897869821637858 0.50634124176576811 5.7374818867538124 0.78046316676773142 3.5498664448969075 1.4288067538291214 0.3965476683806628 1.688842687057331 0.37488222448155284 1.217520968057215 0.33113596239127108 0.5098712840117513 73.990701478440315 0.47675582882948209 220.86372043797746 0.2327146227471526 2.0455741789191952 4.8276221875566998 1.9254555106163023
leaf_count=60 67 90 195 87 210 47 85 97 56 63 259 81 56 1829 67 86 109 64 85 57 62 122 196 89 185 62 52 47 39 97 65 1088 350 61 80 54 40 40 78 1256 114 60 56 90 133 419 98 509 152 63 414 33 144 80 74 6286 44 7091 46 221 602 157
internal_value=0 53.2138 -0.124055 -0.056827 -0.186404 12.2716 -11.1014 -7.48199 8.16697 -0.217407 -0.0581482 -0.0158953 3.11141 -0.105063 -23.4845 5.93565 8.35592 13.1189 5.52448 -22.9215 2.22735 -7.44383 0.00610593 0.0837613 2.02298 7.92048 -15.7216 0.333035 0.293392 -14.3983 11.42 -1.71392 -3.0761 -1.13241 5.26398 6.82604 8.41448 6.42687 -4.17472 0.0135606 0.0725071 -2.74461 -17.8468 -0.290604 5.04804 -5.26738 3.73349 -0.911602 -0.324507 -10.1219 -1.48664 -2.23287 -1.06337 -31.0269 -5.13006 0.0232758 1.44022 -0.0903187 -6.61599 1.14931 0.360772 2.54321
internal_weight=0 1.02271 411.743 410.532 406.262 4.27 4.71834 3.65117 3.56336 1.78075 401.544 399.26 11.0683 388.191 1.06717 3.22701 2.66813 1.86703 1.27141 1.21063 10.4819 2.28413 374.19 358.026 12.5079 1.43704 0.641128 6.45511 0.908696 1.87042 1.05374 16.1641 14.0012 13.8128 4.02681 2.96179 2.40639 1.89336 9.05738 345.518 329.756 0.801101 0.78267 6.10187 0.762436 6.43972 1.25865 5.54289 4.97867 0.960431 2.61766 1.08765 4.94384 0.569506 2.35128 322.299 1.69428 248.308 0.563884 10.7614 6.8732 3.88825
internal_count=24699 157 24542 24293 23657 636 908 700 549 284 22749 22399 1309 21090 208 493 407 300 221 249 1228 350 19382 17830 1254 236 109 854 136 416 174 1552 1708 1282 374 312 258 218 1170 16576 14747 107 141 798 194 497 138 708 661 206 673 155 538 140 270 14633 188 8347 143 1165 823 342
is_linear=0
shrinkage=0.05


Tree=4
num_leaves=63
num_cat=0
split_feature=67 52 56 67 58 56 66 55 67 56 48 39 56 70 71 56 70 63 53 67 54 63 20 9 65 79 65 65 59 48 66 65 70 67 49 66 54 55 66 5 10 58 70 55 10 60 8 59 66 51 66 54 36 53 58 54 10 63 53 20 70 52
split_gain=1.35394e+06 1.08495e+06 270912 219309 194266 168362 91715.2 66403.7 61539 60569 60549.6 53883.6 51213.3 49988 45177.8 41930.1 32131.1 30293.2 20570.5 25613.8 38726.3 18898.9 30636.4 17294.3 19002.7 24624.9 16999 15560.5 15121.9 14618.3 14526.6 14150.9 13967.2 12311.5 11957.9 11612.5 11652.6 10603.3 11425.4 10255.8 10065.4 9023.38 8392.18 7526.25 7289.23 6973.43 5925.78 5962.54 5462.7 5365.31 4988.49 5294.97 4959.07 4950.11 4644.6 4620.3 6457.65 4370.39 3949.05 3867.81 3690.16 3683.63
threshold=2610.3750000000005 -117.52080889937841 1385.4919840729492 1177.3350000000003 554.28712649772115 75.354395648525696 1087.5933333333335 -450.29104563544291 865.75000000000011 16.306366941186244 -655.53032917682617 1.0000000180025095e-35 149.65698991189367 0.30913247243020969 -57.581600810119518 2321.0700903196507 2.1307930643109856 1545.1362500000002 -132.05468850586516 215.91000000000003 1.110597422310218 1157.2083333333337 -0.93301270189221908 -14.861215932167726 623.13000000000011 1.0000000180025095e-35 895.39000000000021 131.08500000000001 114.32285973764084 -38.75929239505875 424.8966666666667 474.31000000000006 1.5400012362691184 806.59000000000003 -321.69577624677328 181.65500000000003 8.857113640596614 -83.87023993626245 82.071666666666673 0.6830127018922193 4.7500000000000018 372.45812630333012 0.37719296646832251 86.057097813849467 -1.1940306291686691e-15 287.77452203136664 3.5000000000000004 -4.1710968906355488 458.75333333333339 -160.23677490200612 17.35166666666667 38.438861229172367 0.6830127018922193 -229.12800793604274 148.84067307612784 78.17193626971482 -10.500000000000002 959.32678030303043 -249.0413422480791 9.1848509936051497e-17 1.0860753761813389 -284.7399696174212
decision_type=2 2 2 2 2 2 2 2 2 2 2 2 2 2 2 2 2 2 2 2 2 2 2 2 2 2 2 2 2 2 2 2 2 2 2 2 2 2 2 2 2 2 2 2 2 2 2 2 2 2 2 2 2 2 2 2 2 2 2 2 2 2
left_child=2 -2 3 4 8 6 -5 -7 12 -10 -6 23 18 34 -15 17 21 57 30 29 -21 37 -23 -9 25 -25 -16 -11 -26 -20 53 50 43 -28 46 -34 40 48 41 -24 -37 -39 59 44 -22 -30 -12 -48 58 61 51 -31 54 -1 -38 -29 -57 -4 -14 -40 -46 -36
right_child=1 -3 15 5 10 7 -8 11 9 27 13 -13 16 14 26 -17 -18 -19 19 20 32 22 39 24 28 -27 33 55 45 31 -32 -33 35 -35 49 36 52 38 42 -41 -42 -43 -44 -45 60 -47 47 -49 -50 -51 -52 -53 -54 -55 -56 56 -58 -59 -60 -61 -62 -63
leaf_value=-7.9949373613762393 125.03675606700686 14.769360330930576 -21.491961699619505 16.190975264552147 -30.081554683922054 -14.695131310865609 49.589755312645593 16.467110007811851 25.654224876646278 13.372257795777138 -12.909818555183257 22.893721086462392 -12.677553156736176 13.141222335718584 1.0934065887884568 -39.220629586099413 4.9300364834551686 -4.3999635106738033 -1.3405487640814697 9.0528004817211833 0.84060806720950654 15.946765530856283 2.0137128745789989 15.780770025947559 -5.2513236578207829 -1.1700490004433182 -4.8677128728958587 5.5542746278691304 0.58091481655352439 -0.043802747044792423 4.6008777841242798 2.2835939422382441 0.4047240973004817 -18.085942888239781 -17.196636757780674 3.3840623142214028 2.2824540320370867 -3.5933469412138153 8.2525790439558602 -10.953968951160519 11.895739651132402 -8.1402005561331698 -2.0088537728007516 3.9767565837211523 -3.5231359554769774 10.571252732834571 -27.479157584520976 -17.153843195013543 -1.5674939349641774 -5.4602494350843456 0.37168080024298045 -1.0428536623688907 -2.6101177506378601 -3.5517090841015442 6.3187941378371493 5.2692209196961137 -2.4158685947402887 -30.707532336326757 -6.8767839340700965 -0.33693727576438637 -0.71614008355291281 -10.244189429853515
leaf_weight=0.79775353870354626 0.38228816073387861 0.53563936799764533 0.3479283470660437 0.44983809161931176 0.37276535900309671 0.33783088764175806 0.37850882671773434 0.32197746913880188 0.39183119125664179 0.3995676496997479 0.42480296362191461 0.54706161515787233 0.40434300084598351 0.37627060594968487 0.41967664868570842 0.33420905284583569 1.3235243202652771 0.26755918981507421 19.93434888147749 1.6705440052319342 4.2651763709727692 0.33242341736331582 0.42309236666187544 0.58752056583762202 0.64286414161324479 0.33724082726985216 0.34501347946934402 0.75944880815222848 0.36434206925332546 236.99808191857301 0.49653990287333716 6.964717997936531 4.2191766146570426 0.35993537865579128 0.28042603656649612 0.66420267499051966 3.3909038372803479 7.8420808794908208 0.30370484804734665 0.23837367910891771 0.72803648514673114 1.2675222354009745 5.6791750146076083 0.97118372190743762 2.1757914365734887 0.33553561056032777 0.20806288253515959 0.42627724539488554 0.3560615968890487 0.39630178804509264 72.283235117094591 14.048760124482213 0.4122840673662721 2.9258596899453542 0.9023736654780804 0.44363306649029288 0.71214071940630619 0.20413300953805447 1.0693412034306753 0.23054970474913716 2.5350079187192023 0.59425100777298201
leaf_count=130 90 60 84 65 81 41 51 51 49 51 62 46 72 57 72 94 87 58 2253 111 564 76 90 83 106 80 58 56 51 7884 71 101 286 52 65 53 461 840 82 50 66 179 695 178 321 71 49 103 45 71 6354 447 28 345 75 57 102 54 142 44 292 104
internal_value=0 60.6923 -0.10058 -0.0320037 -0.151957 11.1964 31.4524 6.36707 -0.0391809 7.47448 -10.8442 8.63564 -0.090555 -8.97239 -1.856 -24.2941 -2.59104 -18.2076 0.0387941 0.0781557 1.73564 -3.13959 3.5637 5.62343 4.08367 9.59917 -6.87368 4.39715 0.285085 -0.0256519 -3.4324 0.0537063 1.13243 -11.6167 -13.5563 2.42137 3.81672 -3.528 -3.09842 -2.65947 7.83503 -4.226 -1.44525 -0.204433 -0.65683 5.37049 -17.48 -20.5405 -7.12549 -10.2865 0.00567322 -0.0997103 2.62782 -4.50363 3.13082 2.52469 0.533982 -24.8996 -8.46837 4.5459 -2.01262 -12.4732
internal_weight=0 0.917928 408.221 407.067 402.765 4.30272 0.828347 3.47437 398.561 2.70662 4.20378 3.13654 395.854 3.83102 1.5009 1.15383 19.4702 0.819621 376.384 372.164 21.9347 18.1467 0.993889 2.58948 2.2675 0.924761 1.12463 2.31479 1.34274 350.229 4.22015 330.295 20.2641 0.704949 2.33012 10.317 6.0978 17.1528 15.323 0.661466 1.39224 9.1096 6.21343 9.94716 8.97598 0.699878 1.05914 0.63434 1.82975 1.27098 323.33 251.047 4.70556 3.72361 4.29328 1.91522 1.15577 0.552061 1.47368 0.534255 4.7108 0.874677
internal_count=24596 150 24446 24156 23511 645 116 529 22737 315 774 488 22422 693 239 290 2402 196 20020 19474 2435 2315 216 442 391 163 182 266 228 17039 546 14786 2324 110 454 969 683 2099 1840 140 119 1019 821 1355 1177 122 214 152 259 240 14685 8331 564 475 536 215 159 138 214 126 613 169
is_linear=0
shrinkage=0.05


Tree=5
num_leaves=63
num_cat=0
split_feature=66 85 58 56 67 56 58 66 55 48 64 66 3 10 67 10 55 64 56 49 70 70 55 49 3 5 3 10 57 67 56 70 64 47 59 3 57 47 3 36 5 49 10 70 47 70 65 3 63 67 66 53 48 51 49 57 57 5 70 10 55 59
split_gain=964276 905021 492175 209892 181977 222115 147902 119168 97442.9 74452.5 62826.1 53451.3 47841.3 52093.1 53433.9 41257.1 36434.5 27243.2 27401 25141.2 23165.4 23081 54227.3 42419.4 31091.8 22863.3 46038.4 20635.7 19501.1 19209.6 23373.2 18851.5 15785.8 15739.8 13161.5 12637.1 12014.6 11741.3 10722.1 10580.1 9532.51 9468.73 9218.08 8810.83 8763.15 8114.53 8079.64 7491.4 7443.44 6705.02 6484.07 6391.16 5684.73 5543.53 4935.52 4927.32 4619.15 4618.89 4596.95 4559.46 4213.24 3693.29
threshold=1822.7566666666671 1.0000000180025095e-35 1001.1459644821242 1385.4919840729492 865.75000000000011 75.354395648525696 348.061010304901 1087.5933333333335 -450.29104563544291 -655.53032917682617 1315.2050000000002 69.870000000000019 2018.5000000000002 20.892304845413268 644.2700000000001 8.5801270189221945 -201.50854315462388 922.56250000000011 149.65698991189367 -321.69577624677328 0.84850766983088155 1.0747583667565259 63.491895262990496 95.055741733159536 2018.5000000000002 -0.68301270189221941 2020.5000000000002 -6.7141016151377562 7.5242586398470639 222.18000000000004 9.7420377557503439 2.241719751351976 295.00500000000005 -89.983595975568463 251.61729231471818 2018.5000000000002 26.813906299751114 -217.1897815632453 2016.5000000000002 1.0000000180025095e-35 -0.5 -396.33128570710181 9.7631397208144168 1.415512905537528 -16.418076965053498 1.1538899015676269 474.31000000000006 2019.5000000000002 932.97041666666678 129.32500000000002 517.91166666666675 -103.03655962041942 -180.64049153965851 -9.8947891051490675 -256.41585586533984 -16.02565426351573 13.733148287622813 0.6830127018922193 1.6252753412768228 3.2320508075688776 -16.744701021871386 106.86548714819017
decision_type=2 2 2 2 2 2 2 2 2 2 2 2 2 2 2 2 2 2 2 2 2 2 2 2 2 2 2 2 2 2 2 2 2 2 2 2 2 2 2 2 2 2 2 2 2 2 2 2 2 2 2 2 2 2 2 2 2 2 2 2 2 2
left_child=3 2 -2 4 6 7 16 15 -7 -8 32 19 13 14 28 -6 -1 18 29 41 48 24 25 -24 -10 26 -23 -19 -13 33 42 35 -5 -18 -25 49 47 -21 -30 43 -34 -11 53 56 58 52 61 51 -14 -20 55 -27 -37 -31 -39 -45 -32 -51 -35 -29 -41 -46
right_child=1 -3 -4 10 5 8 9 -9 21 11 -12 12 20 -15 -16 -17 17 27 31 37 -22 22 23 34 -26 36 -28 59 38 30 39 -33 40 44 -36 45 -38 54 -40 60 -42 -43 -44 50 46 -47 -48 -49 -50 57 -52 -53 -54 -55 -56 -57 -58 -59 -60 -61 -62 -63
leaf_value=-7.953408135447475 51.770174105520027 8.1661232984950942 159.85439206988886 -21.51342809577779 7.7586550861209425 -20.59463112207407 -29.26362054834398 49.026858550683009 7.867706044829518 -23.456950702496403 0.69307464744206604 -5.6597615007745468 -6.6811720701003301 -15.425248940979282 32.259419591977093 26.476754250024921 -3.045864982205007 17.800963235048194 -2.1887142831875992 -11.732249797953978 -0.37237795499521131 -0.82483439749126541 27.13686075629699 0.84072802144211212 -11.042171256539964 -6.6526952364608469 22.617363046526989 6.1195223176039875 17.4781228572384 8.9251018031828746 -0.88740259615945805 4.3840071169089114 -28.544163947762531 -0.85429965788256856 15.52779556142524 -8.620784068713915 -3.8335689113172244 -11.177567410636588 4.4059731710376679 -3.3865866131550142 -43.671502250568381 -13.13018928015282 1.1554196614626617 0.71867404995000406 0.079395746992362126 -0.71047416374708217 2.0928615635896652 5.6750822717027134 -14.198303950604767 3.8483073470311435 7.2444461514748824 4.205630735948569 -3.831512006109425 4.1548704310955467 -4.3690484991016296 3.3114111084120226 1.7226457559156465 -2.0863503640651637 0.13073511067473456 -2.4221280995012719 -0.059056533372461931 -1.2178844889724538
leaf_weight=1.4570576739497472 0.21464809635653992 0.56979912426322699 0.20680156257003546 0.44048711378127225 0.61622370244003721 0.39952988550066937 0.34994950424879689 0.37593358336016525 0.39929282711818803 0.3046410190872848 0.24148666951805353 0.29075994971208297 0.7269854908809068 0.23595100594684471 0.22438084427267313 0.56365729821845889 4.3615999522153279 0.35765947704203427 1.732364506227895 1.0209124688990403 1.1403910745866594 0.43403065856546108 0.48540149349719264 0.34243612457066774 0.47711411630734801 0.28222500160336461 0.40475906012579799 0.41607879986986407 0.27227911236695945 1.3995810607448225 4.5503329865168798 1.0221547875553358 0.24336014222353697 42.506302032852545 0.27506101550534368 0.67452139034867009 0.86163612082600582 0.3074972974136464 0.37006796151399612 1.7646517818793657 0.18204276962205768 0.81801905389875063 0.99678219389170397 3.5288222327362746 281.43539286707528 2.05363122280687 4.9433054171968243 1.1624146979302166 0.60201853746548295 1.2194478586316106 0.65846720244735468 0.26069700485095537 7.6096163403708497 1.078256300417709 1.9807367776520564 3.8119209429714829 2.7015484359581023 0.44841911667026568 16.41942541138269 0.25016589718870819 2.0638891770504406 5.5954627981409422
leaf_count=240 44 52 56 113 86 64 76 55 71 83 42 70 59 47 47 66 563 46 373 192 92 89 81 64 58 80 29 98 79 100 636 64 69 3113 43 64 75 45 71 147 51 131 60 373 11820 175 86 94 65 274 73 65 600 32 281 396 431 105 1292 58 196 438
internal_value=0 49.2546 104.806 -0.119709 -0.0611436 7.74085 -0.203005 24.5117 3.23018 -6.67272 -21.8585 -5.71961 -1.42041 5.98706 10.3519 16.7007 -0.0614359 -0.0322208 -0.053465 -9.46686 -5.60032 4.9978 6.44101 16.077 -2.42679 3.32057 10.4872 8.11302 5.08388 0.0291001 1.44408 -2.16688 -28.1479 -0.0607315 7.38301 -2.65429 0.978778 -7.27336 9.94702 0.757192 -35.0176 -15.9324 5.21586 1.34711 -0.023627 -3.524 0.0886236 3.41026 -10.0863 -0.010117 2.49139 -1.43881 -4.22147 6.84929 -5.28399 2.06504 0.0849205 2.25273 -0.579824 2.91225 -1.59278 0.0541062
internal_weight=0 0.991249 0.42145 412.149 411.042 7.34041 403.701 1.55581 5.7846 8.64459 1.10738 8.29464 3.86283 1.39344 1.15749 1.17988 395.057 393.6 392.576 4.43181 2.4694 5.38507 4.50866 1.1029 0.876407 3.40576 0.83879 1.0239 0.933107 377.816 22.5543 14.7602 0.86589 355.261 0.617497 13.738 2.56697 3.30915 0.642347 19.0796 0.425403 1.12266 3.47462 15.2511 350.9 10.3378 291.974 1.70534 1.329 3.40023 7.99921 0.542922 8.28414 2.47784 2.28823 7.34074 7.25188 1.66787 58.9257 0.666245 3.82854 287.031
internal_count=24638 152 100 24486 24211 1020 23191 207 813 1338 275 1262 530 314 267 152 21853 21613 21411 732 216 749 620 188 129 432 118 202 220 19756 2444 1655 233 17312 107 1591 314 518 150 2252 120 214 192 1909 16749 839 12344 239 124 752 842 145 664 132 326 769 1067 379 4405 156 343 12258
is_linear=0
shrinkage=0.05


Tree=6
num_leaves=63
num_cat=0
split_feature=67 52 56 67 56 58 9 67 47 56 48 55 63 8 64 3 53 70 70 56 67 70 1 3 64 58 55 53 58 51 67 48 7 58 57 70 3 67 55 70 47 9 70 57 57 3 34 10 52 57 9 67 51 58 53 57 47 18 24 18 54 70
split_gain=910703 783757 208745 203459 160881 149988 70887.4 53441.7 64380.3 58245.2 53131.4 48193.4 40218.7 38560.3 36490.5 30647.8 32248.1 28821 25836.2 21261.7 24263.2 19878.8 17206.3 16650.2 16127.4 15881.9 14044 13684.3 11795.3 10932.7 10798.2 10496.8 10166.6 17713.5 12373.8 10160.8 9929.76 9517.54 9078.9 9228.54 8351 8201.65 7557.85 6679.72 6420.83 6306.45 6244.04 6064.54 5735.07 5649.37 5543.96 5268.23 5657.69 5224.17 5108.46 4986.73 4677.52 4608.6 5088.53 4417.81 4354.1 4046.04
threshold=2610.3750000000005 -185.66264816128097 1385.4919840729492 1177.3350000000003 66.007767123092648 579.53833415275551 -15.794228634059946 733.35500000000013 -122.47578336154353 16.306366941186244 -655.53032917682617 -450.29104563544291 404.64583333333337 1.5000000000000002 1315.2050000000002 2016.5000000000002 -178.12587337965945 0.72123266078184123 0.89446235291034426 127.34598163446044 289.44500000000005 4.3856889010616475 5.5000000000000009 2016.5000000000002 147.48250000000004 1574.9176967661363 114.64332020008574 -211.02696721078294 63.74227277877025 -238.96198647763472 138.07500000000002 -26.795177886121849 -1.0000000180025095e-35 1096.7346936288111 31.004711335398856 8.0459301177864067 2018.5000000000002 454.89000000000004 -88.724243969338048 2.0609087561743493 270.19691667140819 -4.7500000000000009 0.45311281264789832 24.855128149241558 1.5711539990131995 2019.5000000000002 -1.0000000180025095e-35 2.7990381056766584 -31.993217819268789 -204.23044927825879 4.2862637970157366e-16 94.02500000000002 -53.186144548872974 728.61593974221967 -10.921810520689826 -9.3553803244474363 -217.1897815632453 1.6160254037844388 -1.0000000180025095e-35 1.0000000180025095e-35 89.900760489946251 1.1076718981202187
decision_type=2 2 2 2 2 2 2 2 2 2 2 2 2 2 2 2 2 2 2 2 2 2 2 2 2 2 2 2 2 2 2 2 2 2 2 2 2 2 2 2 2 2 2 2 2 2 2 2 2 2 2 2 2 2 2 2 2 2 2 2 2 2
left_child=2 -2 3 5 12 7 -7 8 18 -9 -8 -6 -5 -13 25 48 -17 32 27 20 29 46 -18 30 -11 -4 -24 -1 54 -10 -21 61 34 45 -12 -30 37 -29 -25 55 50 60 -42 -27 47 53 -22 -43 -15 -20 -32 52 -33 -34 -23 -40 -38 58 -53 -48 -26 -31
right_child=1 -3 14 4 11 6 10 9 19 24 17 13 -14 15 -16 16 22 -19 49 23 21 28 26 38 41 43 -28 36 35 31 40 51 33 -35 -36 -37 56 -39 39 -41 42 44 -44 -45 -46 -47 59 -49 -50 -51 -52 57 -54 -55 -56 -57 -58 -59 -60 -61 -62 -63
leaf_value=-10.261694701339872 109.41250411455474 13.866511758312166 -18.336829842868415 18.126781339687977 -11.064975625484703 10.761224365893819 -30.878084945460309 22.180605119621795 5.5523615966065822 10.549362983244567 -13.752555073040297 21.177240545050893 41.731410685193026 0.25224308969100923 -2.741176668650962 19.330606345384162 0.4432639275160119 0.73863160727211363 -6.5273598906923285 -1.7548222840583341 4.4534646672443605 0.14556236222722763 16.167710651046946 -7.3155534242541114 2.6959701835561121 -39.630915009104115 1.8454148040695291 -3.046457219136419 5.0864608467318284 -1.3018041610326856 -0.78031104305559085 1.0452990337340127 -3.2126575515670988 -26.213937728772425 -2.0902174514816987 13.301894132181586 -9.8585255376833913 8.1110736898179194 -3.6909097101850992 3.3951003653427758 16.102737469281646 4.4516936458620107 3.5726752044881369 -27.650648489456753 7.7967673298762055 -15.797377594152065 1.0801915071771078 -2.8103325624535551 -9.9692379846743329 -0.80659587805272437 6.3489231355386195 2.4074240817813184 -0.023474585191684674 -12.880216342063324 5.6504024282455481 -1.6591336570176169 -5.2820408322917496 5.0364385260559521 0.32546248719014881 -2.1128477902483294 -3.285490724269954 -0.18751010353481501
leaf_weight=1.4364314253907648 0.34440168319270015 0.56962845241650839 0.39010214153677114 0.30831303587183256 0.3568194126710299 0.36109606688842211 0.35391220496967468 0.46352255321107705 0.88399804895743628 0.66430383734405074 0.4984543062746537 0.49244431592524085 0.43515404174104333 0.29153897799551487 0.20761416759341955 0.53257549647241953 0.88281664671376237 0.48698478681035329 0.47149395919404913 1.1215689012315153 1.1771816750988353 0.88238146412186325 0.45789300696924329 0.82888757553883508 0.48318542307242796 0.17520155012607574 0.27333558816462755 1.4196710772812347 0.82158436696045078 20.223366292659193 0.63798564928583779 12.923924974864347 0.25061122863553309 0.28999269846826781 0.41832260182127357 0.69452328816987574 0.7278898288495842 0.22086470527574409 4.1707704083528396 0.76904209307394999 0.25294695375487197 0.81127899326384001 0.22956954245455563 0.34637196455150843 0.72131486237049114 0.65903234388679266 6.4756902707740656 0.44528289837762713 0.2592739146202806 5.0940562922041863 0.4762602667324245 3.6361903075594482 295.56080176052637 0.31587090855464339 0.80678191827610068 10.945226885844011 2.3968261971604079 0.64151107612997194 15.216368000721561 1.3008919577114282 0.8215422872453928 13.641742314677684
leaf_count=211 82 63 98 36 45 76 77 57 44 69 113 40 80 93 37 70 91 86 104 304 120 84 81 89 39 46 52 357 90 2019 162 417 56 69 67 53 72 46 345 49 68 98 57 103 84 83 894 59 76 537 124 386 11663 64 31 899 172 23 1464 138 105 1386
internal_value=0 49.8677 -0.0955325 -0.0378485 10.7948 -0.150068 -10.263 -0.0605351 -0.11999 5.41371 -12.5823 6.3617 31.9427 8.31104 -21.6594 5.96219 8.66191 -10.3643 -3.76437 -0.0112346 0.0723558 2.26938 5.14163 -1.62386 3.44461 -25.9676 10.814 -5.98383 5.64836 -0.0012908 2.0053 -0.0148586 -12.5873 -15.1015 -8.43106 8.84992 -4.69431 -1.54432 -2.2141 -1.94791 4.64642 2.00682 10.1412 -31.6749 4.0367 -12.472 1.05977 1.87828 -4.55912 -1.29124 2.26693 0.0716764 0.0213015 -8.6033 2.7748 -2.21974 -6.34811 0.868836 0.727021 0.54605 -1.07035 -0.852938
internal_weight=0 0.91403 419.541 418.421 4.29016 414.131 3.63428 410.497 406.086 4.41043 3.27318 3.5467 0.743467 3.18988 1.11929 2.69743 2.14662 2.91927 11.7672 394.319 374.887 12.159 1.61405 19.4323 3.94691 0.911676 0.731229 6.20168 3.20527 362.728 2.71833 361.844 2.43228 1.51551 0.916777 1.51611 4.76525 1.64054 16.7139 15.885 1.59676 3.2826 0.482516 0.521574 1.97788 1.22551 8.95376 1.25656 0.550813 5.56555 1.11425 327.979 308.485 0.566482 1.68916 15.116 3.12472 19.4941 18.8526 7.77658 1.30473 33.8651
internal_count=24703 145 24558 24274 664 23610 691 22919 22408 511 615 548 116 503 284 463 294 538 1499 20909 18812 1410 224 2097 454 247 133 858 258 17402 715 17358 452 272 180 143 647 403 1382 1293 411 385 125 149 241 203 1152 157 169 641 286 13953 12080 120 115 1244 244 1873 1850 1032 144 3405
is_linear=0
shrinkage=0.05


Tree=7
num_leaves=63
num_cat=0
split_feature=66 1 56 67 58 56 50 10 53 67 8 1 55 64 56 55 3 67 50 58 1 65 14 3 67 56 9 56 48 48 48 67 65 52 55 66 10 52 67 55 65 65 47 64 58 66 48 25 53 67 53 5 64 66 47 24 58 71 47 64 60 58
split_gain=897759 937562 184805 156201 149915 106341 88115 67317.5 46724.9 44704.9 42783.7 40326.9 42324.3 38530 35515.6 30319.6 25631.1 23679.1 20601.9 18969.9 18308.3 17926.8 16988.9 15997 15193.1 25731 14740.8 21891.1 12713.7 12643.9 10620.5 13818.4 10427.4 10373 10334.6 10133.1 9989.8 8535.76 12208.3 8503.82 7976.47 7992.21 7105.77 6954.51 6872.35 6742.2 10593.5 6542.6 6325.79 6231.67 5931.13 5910.87 5564.97 5080.3 7547.75 5129.48 5494.5 4781.7 4769.03 4645.46 4529.09 4440.07
threshold=1822.7566666666671 10.500000000000002 1385.4919840729492 1177.3350000000003 579.53833415275551 91.531209520174002 745.16240740244473 5.7500000000000009 -191.78762106913248 733.35500000000013 1.5000000000000002 10.500000000000002 -450.29104563544291 1315.2050000000002 153.57939137537679 -222.60428464010951 2018.5000000000002 113.89000000000001 328.38043139102263 1574.9176967661363 5.5000000000000009 170.16500000000002 -0.68301270189221908 2018.5000000000002 289.44500000000005 20.142157240282298 9.7631397208144151 538.66594636433149 -44.628685529859759 -393.59662594686864 -434.20523934088396 650.47000000000014 481.56000000000006 -197.59345070076418 -36.735041792030934 207.17000000000004 -1.1940306291686691e-15 92.383674221769539 67.315000000000012 -52.518960622056049 335.03000000000003 738.12000000000012 -250.39213850205996 623.46750000000009 97.45651702761451 207.17000000000004 -70.339299899916298 1.0000000180025095e-35 -6.6928202545421209 104.44000000000001 101.1645665596091 1.0000000180025095e-35 380.55000000000007 40.00833333333334 -16.067839825967166 -1.0000000180025095e-35 71.275710341272131 46.058517392487062 -102.69646771682038 513.52500000000009 -96.077484386588935 305.26843608155684
decision_type=2 2 2 2 2 2 2 2 2 2 2 2 2 2 2 2 2 2 2 2 2 2 2 2 2 2 2 2 2 2 2 2 2 2 2 2 2 2 2 2 2 2 2 2 2 2 2 2 2 2 2 2 2 2 2 2 2 2 2 2 2 2
left_child=2 -2 3 4 8 7 10 -5 30 14 -7 12 20 19 24 -12 17 57 26 -4 -6 -11 -19 29 28 35 27 -17 58 -14 -1 42 53 49 -18 -26 60 38 -31 -38 -23 48 -32 -24 -37 52 -47 -21 -42 -25 51 -45 -36 54 -30 -55 -57 -16 -10 -48 -27 -52
right_child=1 -3 13 5 11 6 -8 -9 9 21 15 -13 23 -15 16 18 34 22 -20 47 -22 40 43 33 25 36 -28 -29 32 37 31 -33 -34 -35 45 44 39 -39 -40 -41 41 -43 -44 50 -46 46 59 -49 -50 -51 61 -53 -54 55 -56 56 -58 -59 -60 -61 -62 -63
leaf_value=-13.623625671674118 10.754396122802209 112.20256335697482 -16.611303273330783 9.2316111930331459 -32.500838852714729 13.371998859051065 27.104235495465971 38.203099273061689 -3.0180946732635667 12.012865162641132 -12.429911258964417 4.8646655516203552 6.4408587195891105 -0.79124724488499532 -2.2952843162318852 3.0149225184302648 -7.3100051519310316 -2.7944621835116008 -9.2212953285193802 -27.003325381588937 -13.655013276831568 -2.1052029987195491 2.4304112382526428 -13.416946742745594 3.0879645911396341 -0.24389331935350489 -1.787890519034544 18.469426267159136 -0.69432849148487041 -10.984411925791935 -8.7120613323215768 1.5331669174645646 1.8498222660802377 -9.0950777744187352 -2.8019494061809369 4.5552078656818216 -3.874872546820904 -16.477188875629931 2.8244717896174922 0.28180090680202546 4.4585414238047631 1.5513671713992037 -3.7974124530437168 8.4734517964817311 11.891530611679295 3.8428366606957214 -0.4142067846054609 -38.817443843698783 11.544251217003859 -22.911810365930375 8.4402565989730292 -1.5342035953344875 -5.6675595010350186 2.0649157111560892 0.040224915134935937 0.66106760667836229 -1.2162403603396239 -9.1833936071779156 -0.92202040323253298 -6.3782236514238102 2.8505018545060099 17.034425830777352
leaf_weight=0.35886196023784567 0.62495296960696478 0.35832959553226829 0.39849331509321817 0.35443644225597282 0.31947563868016082 0.72601355984807092 0.42046833923086513 0.4616778283379972 3.2879368083085891 0.82112542563117985 0.43460509832948524 0.39525094814598549 0.20567306689918108 0.20447466056793928 1.8236957152839779 0.70545294927433067 1.5597620364278562 0.73576135700568679 0.33130057714879502 0.33464215183630586 0.21600406058132648 0.50085180904716287 0.81703444058075492 0.45804838743060827 1.57064861501567 1.5976797381881622 0.6020363108254968 0.33936832612380385 40.52670867764391 0.34610531921498344 1.4050935572013261 0.73262242320924986 7.8354311776347449 0.95277086040005066 6.1863477972801721 0.52582037309184648 1.6417456071358163 0.19765647011809051 0.29775725211948156 4.9114492149092257 0.74024327378720112 1.0211596004664896 1.5432707893196487 0.42204763484187402 0.81244104844518006 0.86091942060738835 0.67480332171544499 0.18034472595900297 0.54828811669722155 0.27750406740233302 0.38692513783462346 0.22685220651328564 2.3331920278724283 5.0574496740009662 255.11028753919527 21.999520458513874 4.736807106062769 0.29234361392445851 15.536850679200141 0.63258473668247461 4.5503863615449509 0.24573378707282245
leaf_count=58 81 76 100 56 78 47 66 72 417 90 90 91 50 37 413 98 123 173 57 88 52 53 174 74 66 186 93 75 2536 100 214 69 155 95 486 75 194 54 67 631 88 133 187 95 75 71 60 59 64 55 94 50 152 578 9768 2105 550 75 1911 54 594 61
internal_value=0 47.7243 -0.109926 -0.0535561 -0.156786 9.34223 5.60963 25.6209 -0.0632734 -0.00793371 2.73023 -10.2208 -12.0437 -20.4107 -0.0597629 -0.471938 -2.28086 0.755275 2.15525 -24.8024 -24.8987 5.51368 3.74319 -9.52732 0.0435595 1.57014 4.44389 8.0347 -0.0237403 -4.67237 -5.41294 -4.61248 0.0472531 -12.5386 -3.50804 5.81197 0.598658 -7.38852 -4.59843 -0.759554 3.61488 4.85527 -6.13957 6.03527 9.00899 -2.95319 -0.463911 -31.1405 7.47361 -16.9991 8.33348 4.97482 -3.58674 0.00411758 -0.0604696 0.604687 0.32847 -3.24692 -1.28812 -3.29992 2.04637 11.7784
internal_weight=0 0.983283 403.73 402.612 398.237 4.37536 3.55925 0.816114 394.571 390.531 3.13878 3.66625 3.271 1.11795 386.899 2.41276 17.198 4.95039 1.97816 0.91348 0.53548 3.63167 2.83435 2.73552 369.701 15.6102 1.64686 1.04482 354.091 1.04719 4.03985 3.68099 335.266 1.68832 12.2476 2.90891 12.7013 0.841519 0.643863 6.55319 2.81054 2.30969 2.94836 2.09859 1.33826 10.6878 2.16831 0.514987 1.28853 0.735552 1.28156 0.6489 8.51954 327.431 295.637 31.7938 26.7363 2.11604 18.8248 1.30739 6.14807 0.632659
internal_count=24689 157 24532 24248 23594 654 526 128 22878 22350 460 716 625 284 21922 413 2081 1135 323 247 130 428 647 495 19841 1821 266 173 18020 271 528 470 15692 224 946 216 1605 221 167 825 338 285 401 474 150 823 185 147 152 129 300 145 638 15537 12304 3233 2655 488 2328 114 780 155
is_linear=0
shrinkage=0.05


Tree=8
num_leaves=63
num_cat=0
split_feature=66 85 67 56 66 56 53 66 56 54 54 49 57 1 55 67 53 56 67 8 56 67 19 64 55 54 3 50 59 56 64 67 57 55 64 5 53 57 53 3 56 57 57 1 49 66 20 65 67 65 57 6 51 63 64 63 66 66 66 66 66 66
split_gain=746713 914080 674629 169799 146777 160603 122347 54983 56284.5 42228.3 38467 34120.5 32574.8 31218.8 34248.3 23542.6 38901.2 25595.9 22465.8 21067.4 20421.3 20786.3 19660 19008 18780.1 18562.2 15987.5 15953 14912 12969.9 15696.8 12786.9 13341.8 11249.5 10289.6 10548.4 8941.25 8707.69 8660.04 8611.9 8027.94 7584.75 7292.8 7067.18 6849.95 6700.33 6198.93 6098.17 5854.14 8634.72 5836.24 5663.22 5484.7 5400.6 4936.25 4770.56 4667.68 4599.48 4313.76 4283.53 4177.78 3741.83
threshold=1822.7566666666671 1.0000000180025095e-35 4214.1650000000009 1385.4919840729492 967.9000000000002 91.531209520174002 -340.96288658854581 634.05666666666673 497.83394574653624 18.473310472748793 331.87983095071871 -321.69577624677328 141.85149770311838 4.5000000000000009 -450.29104563544291 644.2700000000001 -125.34858585535703 14.163654048057428 1754.5450000000003 3.5000000000000004 93.45285786860741 222.18000000000004 -0.93301270189221919 1137.5000000000002 66.857457580155341 1.110597422310218 2017.5000000000002 -678.83705515602321 486.62745735705806 344.68039507160591 276.86000000000007 916.84000000000003 44.731525226347635 -93.515504558883734 636.43000000000018 0.6830127018922193 -249.0413422480791 -128.99877162683595 -47.018547272262929 2018.5000000000002 114.2459869584364 -19.51633754496136 -204.23044927825879 8.5000000000000018 183.51185346763944 80.833333333333357 -1.0000000180025095e-35 474.31000000000006 389.79000000000002 133.08500000000001 -7.0657572689464478 1.0000000180025095e-35 -717.88212977431124 1066.9950000000001 1053.1025000000002 439.87083333333334 40.00833333333334 357.77000000000004 236.31500000000003 300.00500000000005 193.50000000000003 402.23333333333341
decision_type=2 2 2 2 2 2 2 2 2 2 2 2 2 2 2 2 2 2 2 2 2 2 2 2 2 2 2 2 2 2 2 2 2 2 2 2 2 2 2 2 2 2 2 2 2 2 2 2 2 2 2 2 2 2 2 2 2 2 2 2 2 2
left_child=3 2 -2 4 6 -6 13 8 15 -9 18 -11 27 14 -1 16 36 -17 -7 -15 21 37 -10 24 43 -23 34 -5 -12 30 40 32 -24 -28 -22 44 58 -18 -39 45 51 -27 -38 -13 61 -34 -32 56 -43 -50 55 -19 -29 -21 60 59 -40 -52 -8 -35 -44 -36
right_child=1 -3 -4 12 5 10 7 9 22 11 28 23 -14 19 -16 17 20 29 -20 53 26 25 31 -25 -26 41 33 52 -30 -31 46 -33 39 50 35 -37 42 38 47 -41 -42 48 54 -45 -46 -47 -48 -49 49 -51 57 -53 -54 -55 -56 -57 -58 -59 -60 -61 -62 -63
leaf_value=-31.18346063603164 35.700317022186638 -1.1962663231604869 158.20810028908613 -35.47567027938333 38.256010164678585 4.5955420172508612 -9.588800787363212 21.251464734474649 4.3388120522018632 15.571477938694148 3.4930106467732323 -0.96634559457502123 -3.107019470200457 -0.84300066353351044 -9.9414829624211265 14.787811578467753 4.6702218445035024 7.1537224681070555 19.55479443552457 -10.441663194665217 -0.12270671436056471 7.0757997648848434 -9.6307940081002101 -8.4202341512813188 12.691784857149898 -0.20916990103917232 -7.0377836803881939 -25.827998319492451 -9.8387937293477989 10.272227104142662 3.3203867126689866 -17.228922757683293 -2.7286472062810048 -2.57596849545833 1.5828413994317085 -2.6280289409249122 -9.1341413583748707 -1.5329511476253779 -0.044631006358011406 -5.842422937676818 10.723156226933721 1.3019527717404287 -4.0026746740605645 6.3945109880905431 11.600061502864058 9.5702466133693083 -2.1876277976749448 1.5447072610976953 8.0744466241254855 2.0662824316046362 -1.2182683946188984 -0.91534740272663884 -16.329128843402525 -19.721596701847361 2.4812524868226533 -5.3201288009529275 0.63747017385227733 2.6005508273965416 -3.1160589135789913 1.6772179968047958 -0.90949328252097317 9.6526025494646266
leaf_weight=0.36665357812307775 0.22810151102021237 0.52230775728821754 0.22150378860533237 0.23016581498086452 0.47880417993292157 0.47633644659072139 0.86414590897038557 0.41397635033354108 0.38214071351103518 0.54143456835299808 0.52183376811444748 1.1585825048387053 0.23220801679417491 0.63076408067718126 0.39329374860972111 0.44647124502807756 1.0024892848450679 0.4040785953402517 0.53050557617098093 0.51022994983941317 3.8223237348720422 1.5964087790343899 1.5993821262381969 0.38998042372986663 0.44660593685694028 4.7770163798704735 0.95490062329918401 0.25238314270973206 0.35071751521900296 0.45345696294680227 0.67873060517013062 0.31488500628620375 0.24515214585699119 5.1504546776413944 0.50733651872724272 0.37426160881295789 0.44149582437239576 8.928427981445564 290.82104884833097 0.79716875404119492 0.50611595856025815 4.668482440756633 3.1186780992429695 0.45380846364423622 0.48114917636848986 0.20197657286189497 2.0648131435737018 6.6441328767687073 0.94489587051793966 1.6289035014342514 18.1720266987104 0.47080496558919549 0.38194939726963528 0.22632407257333398 0.46391092427074898 1.4193105690646914 27.448077507549897 0.82424440979957481 0.36660975078120828 0.66886679595336307 1.6795051675289867 0.20038777822628617
leaf_count=86 46 49 60 59 61 68 134 54 89 84 77 159 59 93 76 74 33 45 53 108 922 93 262 56 65 483 101 60 46 50 98 50 63 414 130 92 91 1105 12246 68 40 511 350 44 127 49 214 63 98 211 1022 63 100 57 38 90 2929 92 68 74 208 41
internal_value=0 43.7922 96.0553 -0.0864598 -0.0331806 12.4045 -0.10613 -0.0425189 -0.0968397 6.28463 5.81841 4.21271 -19.7338 -12.0654 -20.1902 -0.0402971 -0.0843374 3.36032 12.4776 -7.54971 -0.0167956 0.0951215 -6.37268 1.70144 3.61852 2.01019 -1.21398 -24.1999 -1.86564 2.24585 1.36342 -7.66861 -6.60999 -1.70696 1.27493 4.69255 -3.79569 0.0172496 0.00327728 -2.72713 5.71099 1.33737 -2.96167 1.10537 6.99709 2.827 -0.824989 0.0454919 2.35747 4.27201 -1.51292 2.81148 -20.1085 -13.2931 -2.44379 -2.72102 0.0141946 -1.05257 -7.66074 -2.08711 -2.91997 3.86774
internal_weight=0 0.971913 0.449605 405.521 404.425 2.3582 402.066 399.939 396.535 3.40439 1.87939 2.99041 1.09671 2.12727 0.759947 392.994 387.969 5.02447 1.00684 1.36732 381.035 348.46 3.54071 2.44898 2.059 13.6157 32.5753 0.864498 0.872551 4.578 4.12454 3.15856 2.84368 27.1898 5.38546 1.56314 6.93435 334.844 333.842 1.2443 1.381 12.0193 5.70359 1.61239 1.18887 0.447129 2.74354 324.913 7.24228 2.5738 26.2349 0.874884 0.634333 0.736554 5.26209 7.23863 318.269 18.9963 1.23076 5.81932 4.79818 0.707724
internal_count=24551 155 106 24396 24118 305 23813 23393 22931 462 244 408 278 420 162 22350 21766 584 121 258 20877 17772 581 324 268 1396 3105 219 123 510 460 492 442 1793 1312 390 889 16376 16343 180 148 1303 687 203 298 112 312 15238 820 309 1692 108 160 165 596 578 15175 1114 202 488 558 171
is_linear=0
shrinkage=0.05


Tree=9
num_leaves=63
num_cat=1
split_feature=66 70 54 66 53 57 54 53 0 66 70 55 46 54 7 53 57 70 8 57 64 49 68 9 58 20 9 54 70 60 64 70 3 64 58 66 51 66 55 66 54 53 80 60 55 58 8 60 8 57 57 80 57 54 70 65 58 59 65 54 57 53
split_gain=635733 682219 142194 153279 147659 81014.2 58866.8 38136.3 33093.7 41827.3 59532.6 32913.7 31354.9 30760.5 30152.6 26534 32174.2 22968.3 22413.2 21830.3 20204 19637.4 17216.9 14163.6 12974.4 12747.4 11446.2 11368.1 11187.4 11177.9 10112.2 9100.25 11018.9 10036.4 9872.91 8721.96 7898.02 9913.5 7545.97 7534.32 23956 11231.2 7732.72 6628.9 6693.16 6443.35 6026.97 6000.18 5780.28 5241.64 5176.25 4706.61 4634.45 4614.46 4517.48 4399.36 4308.73 3838.72 3831.97 3785.79 3705.17 3631.62
threshold=1822.7566666666671 3.3365991454804909 863.37185493659774 834.94000000000017 -340.96288658854581 -204.23044927825879 34.602912318277596 -662.16583122462669 0 320.27333333333337 2.8483995828342326 139.68615742836192 1.0000000180025095e-35 2017.8628049511588 1.0000000180025095e-35 306.70387940281927 178.85239628038372 0.81361809469777413 3.5000000000000004 204.27448881939657 44.060000000000009 -195.78306098928678 0.83333333333333337 -6.0000000000000027 479.23577693347187 -0.93301270189221908 -10.750000000000002 68.28291997983483 0.82953754056336793 123.80146665871375 526.59500000000014 1.1190787439006986 2017.5000000000002 988.97000000000014 372.45812630333012 184.78333333333339 23.031094203938185 634.05666666666673 -367.64465925868137 93.636666666666684 1.8419465883567625 -47.018547272262929 1.0000000180025095e-35 -211.18296352626325 55.062602800990831 208.68926168442701 4.5000000000000009 229.42039491658952 3.5000000000000004 -28.623051406899069 -154.63990139832109 1.0000000180025095e-35 -9.1038356123920092 184.83999835007134 16.404081632653064 93.02500000000002 112.3801811911422 40.438754842233799 481.56000000000006 201.35479913402665 -15.588975632880343 -13.568932061483745
decision_type=2 2 2 2 2 2 2 2 9 2 2 2 2 2 2 2 2 2 2 2 2 2 2 2 2 2 2 2 2 2 2 2 2 2 2 2 2 2 2 2 2 2 2 2 2 2 2 2 2 2 2 2 2 2 2 2 2 2 2 2 2 2
left_child=2 -2 3 4 7 -5 -7 23 17 21 15 14 20 19 -8 16 25 45 -9 22 -12 35 51 -1 -16 30 -22 29 38 39 -11 32 33 -29 56 48 37 52 -20 41 42 50 -41 -19 55 -6 -35 -31 -10 -42 -23 -4 -27 -38 -51 -45 -34 -54 61 -33 -28 -43
right_child=1 -3 13 5 8 6 11 18 9 10 12 -13 -14 -15 24 -17 -18 43 28 -21 26 27 -24 -25 -26 36 60 31 -30 47 -32 59 34 46 -36 -37 53 -39 -40 40 49 58 -44 44 -46 -47 -48 -49 -50 54 -52 -53 57 -55 -56 -57 -58 -59 -60 -61 -62 -63
leaf_value=-14.358570605354743 9.9359805191344464 97.890991208535553 -12.833379300772734 -9.2894814559907868 -4.0961884674695623 28.544283196857005 17.563469272976565 -1.6995135180540168 -4.1178325789366452 2.0996234579338311 15.268288022360956 20.702337177587918 22.222408933799365 -28.165979441663268 6.7822367542920503 -8.7896040085907021 15.569864383566205 -5.7625735611575095 -22.384241536384881 1.1046490468173715 10.554411679038287 3.4423413412966237 -22.113749176888501 -31.003941587465114 -4.8333153885282139 -0.16919885568893667 -2.6953829987293485 -0.16572315918243122 -5.6823983213077396 1.5139352843484879 13.737248200567036 0.23909669830394589 -1.1300385827843944 2.973312762555949 -7.11031128247535 -0.17398609000191639 -0.4534227941763524 10.237160129694999 -12.585740672016092 8.3780220353125383 -1.301227335497241 -0.40115004630254919 2.362487099711128 2.7072762702416409 3.8844274158903911 -8.2826086682446611 13.424143285571404 5.9886153933564481 -9.8293249423775872 0.63782958550764934 -1.8307172407741938 -4.4730719965370147 1.0867128388539029 -5.3962540077220567 5.2858197753132456 -2.5958225174029588 -2.8187298125393303 6.0461554762405427 1.3967894970415964 4.0058686930599015 3.6677610718923384 0.0662076224918553
leaf_weight=0.21145770652219653 0.63870209269225497 0.33668224280700088 0.41362014645710476 0.41070602089166675 1.3370468763168881 0.58597625116817598 0.41815027222037293 0.64014540333300729 1.4193281354382632 0.41095996974035909 0.57010335754603092 0.55988174746744324 0.43200268549844612 0.32736267847940315 0.52869883412495255 0.62419954780489284 0.40920395543798793 0.97391571616753925 0.32845198130235076 0.28883078671060491 0.45889107091352344 0.48670363985001941 0.43410175992175937 0.32302464824169907 0.4408844355493784 2.3817800083197636 0.40415548952296376 3.1772828951943732 0.33576933131553233 5.5618459549732497 0.34200279461219907 4.902666352922096 10.096554129617294 0.3613248646724968 0.91158092394471069 0.98112680809572328 2.3442125716246669 0.33044017758220423 0.48904893174767472 1.3021198534406715 3.7313814559020093 49.089159843046218 0.90588381583802391 0.44415046810172532 0.56373861571773876 2.9403527174144983 0.22315724543295801 0.86578963650390495 0.6439767931587993 9.3249249719083274 10.634618632961063 0.28389261709526181 0.86402476858347677 0.59127965429797757 0.55381105700507838 3.2732550555374473 6.0353155734483144 0.71145597193390131 4.9476231287699184 0.77209987537935365 0.52718906151130773 271.23277894663624
leaf_count=53 72 79 75 62 99 83 88 89 112 59 65 82 54 88 72 82 71 74 82 61 66 16 81 79 42 358 61 810 77 333 57 377 389 90 93 122 330 54 114 76 433 3227 52 80 63 364 71 73 164 1171 1271 59 139 96 15 334 564 95 38 73 54 10873
internal_value=0 40.2962 -0.117414 -0.0573857 -0.138737 11.3103 14.6496 -12.6957 -0.0672833 0.0317951 3.01745 10.4691 10.0288 -14.3489 6.34055 1.15572 1.89604 -2.0759 -9.20205 -11.1645 7.34163 -0.0550869 -14.2961 -24.4185 1.50047 1.19453 4.09109 -0.0234669 -13.3665 0.0503488 7.38554 -1.0232 -1.50729 0.941972 -2.04789 -4.05498 0.549159 1.91718 -16.5225 0.0126396 1.07908 -0.0375077 5.91001 -2.03933 -1.19233 -6.974 6.96348 2.11667 -5.90044 0.295345 -1.59995 -9.43068 1.22244 -1.44903 0.8984 -1.96222 -1.76182 3.3263 0.015914 0.751598 0.906485 -0.00541468
internal_weight=0 0.975384 416.115 414.368 411.423 2.9443 2.53359 2.3279 409.095 399.563 11.4019 1.94762 2.39234 1.74781 1.38773 9.00956 8.38536 9.53246 1.79342 1.42045 1.96034 388.161 1.13161 0.534482 0.969583 7.97616 1.39024 385.117 1.15327 358.637 0.752963 26.48 20.8052 3.76177 17.0435 3.04443 7.22319 4.2877 0.817501 352.209 15.8181 336.391 2.208 5.25506 4.28114 4.2774 0.584482 6.42764 2.0633 13.6101 11.1213 0.697513 3.95726 2.93549 9.87874 3.71741 16.1319 1.57548 325.27 5.67477 0.931345 320.322
internal_count=24536 151 24385 24021 23592 429 367 494 23098 22084 1641 284 300 364 202 1341 1259 1014 362 276 246 20443 215 132 114 1188 181 20045 273 17578 116 2467 2017 971 1046 398 1072 646 196 17172 1747 15425 128 551 477 463 161 406 276 1619 1287 134 592 426 1186 414 953 234 14138 450 115 14100
cat_boundaries=0 22
cat_threshold=526338 524288 536870912 524322 16432 0 5 0 2148532224 268435488 0 0 0 0 0 67108864 25165968 131201 4194306 65537 512 2097152
is_linear=0
shrinkage=0.05


Tree=10
num_leaves=63
num_cat=0
split_feature=66 85 71 66 53 54 58 8 66 70 49 33 70 24 55 47 57 57 10 64 64 65 50 70 66 57 66 63 54 51 66 63 66 70 47 51 63 47 49 57 65 51 71 50 47 58 68 50 57 55 54 71 52 53 51 66 3 47 57 70 3 63
split_gain=566246 663881 160832 118910 105179 85159.7 40427.8 39697.9 28767 52327.9 48789.6 28283.3 33735 27207.6 23726.4 22372 22327.2 22132.7 16406.7 24769.6 15829.5 14393.8 13690 11938.2 11448.5 13665.1 11030.8 9535.51 10899.7 9929 9422.71 9161.58 8872.02 13504.2 8837.84 8448.92 8124.02 7958.75 7906.6 7886.14 7783.25 7776.94 7723.98 6821.11 6741.13 6375.45 7360.18 5959.26 5913.25 5393.27 7333.9 4838.81 4651.88 4326.49 4239.67 4278.18 4190.95 5416.46 4578.32 3965.48 4207.52 3953.07
threshold=1822.7566666666671 1.0000000180025095e-35 79.801374535502205 834.94000000000017 -306.43316306916205 41.470727189225663 1574.9176967661363 1.5000000000000002 320.27333333333337 2.2028000306823183 -195.78306098928678 -1.0000000180025095e-35 0.81361809469777413 0.25000000000000022 -450.29104563544291 -92.757038760517744 -100.91031211115823 -154.63990139832109 -3.0310008278896985e-15 1137.5000000000002 536.06000000000017 1156.2950000000003 -361.88821669221619 1.4017270860233462 1246.2700000000002 96.216528236166752 124.41666666666667 932.97041666666678 58.303650131668462 -238.96198647763472 776.4383333333335 297.88333333333338 116.47333333333334 13.691705554719254 -138.93287692412116 -198.17868204748564 1066.9950000000001 156.87721618104993 133.66815858049736 -33.820588354339392 1292.2600000000002 -92.041945745845481 -17.447390302112435 944.33758144627075 -38.514347007830608 657.99239844350211 0.83333333333333337 -68.428424310193705 -9.1038356123920092 55.062602800990831 212.4760135078578 -19.961593582149572 -0.66858559025189424 3.3665838390426597 -75.930046592578023 37.696666666666673 2016.5000000000002 -233.96180956202355 31.004711335398856 1.1538899015676269 2019.5000000000002 1336.9604166666668
decision_type=2 2 2 2 2 2 2 2 2 2 2 2 2 2 2 2 2 2 2 2 2 2 2 2 2 2 2 2 2 2 2 2 2 2 2 2 2 2 2 2 2 2 2 2 2 2 2 2 2 2 2 2 2 2 2 2 2 2 2 2 2 2
left_child=2 -2 3 4 11 -5 30 -7 10 18 22 -1 14 20 36 23 -9 -14 19 49 34 37 -6 56 25 -18 -24 28 29 -17 45 -25 44 51 -11 -28 -13 53 -29 -36 -40 -15 -37 -16 -31 -4 -47 -30 -41 50 -10 -34 -50 -20 -46 -56 58 -58 -12 60 -49 -8
right_child=1 -3 6 5 8 7 61 16 9 13 15 12 17 41 43 27 24 -19 21 -21 -22 -23 26 31 -26 -27 35 38 47 32 -32 -33 33 -35 39 42 -38 -39 40 48 -42 -43 -44 -45 54 46 -48 59 52 -51 -52 -53 -54 -55 55 -57 57 -59 -60 -61 -62 -63
leaf_value=5.4620554203185891 86.380611103799779 2.9667079022515774 -7.6105488879474237 26.568449350536788 -14.856119739581949 19.435645499858257 -22.721978280794282 -8.5670959830185378 1.2295692103817322 8.3430754165751679 -1.8055547610894043 -16.749165734053751 -11.073146027564471 9.9919439696990899 -9.1973637776767081 4.9987537845518704 7.4590220221029062 8.1522971613600124 -3.2277737262663266 12.948067053894741 13.777205486668956 -9.180978803328669 -6.9102618845972845 -1.1046421806753737 11.772810600714678 -4.143256483258912 4.017492051468321 1.6659652334560573 -2.4711122909094572 -1.08515502774298 -2.6680319546970037 4.8420428820464378 5.8365715876967785 6.1178230927662343 -2.7950873818635373 -7.8401621730776787 -29.160416587493916 3.6685178123670044 2.5094626393384942 9.8309194623713676 15.764198032268181 18.996734972447779 -0.089468875389912272 -17.408258173252076 0.99257041608713448 -11.410215978841991 -21.311276617808055 0.40327098413825796 6.4636768787875187 5.4183962976302524 -5.7870984426039529 0.54078576943140699 -1.4078895257176776 0.24364157634652661 -0.038159163226594031 0.65871394050523835 -7.7237013007218271 -3.186349918173832 6.4231178679157752 0.8844703145907995 -1.5436312553078122 -32.312149501377938
leaf_weight=0.27094864659011397 0.41092994436621566 0.56858919188380241 0.43092564330436178 0.6158145223744208 0.35106808459386218 0.42256281198933754 0.199860987253487 0.36830767057836111 3.6111567486077538 0.61758677801117379 1.2966613117605428 0.23377404781058464 0.29248691885732114 0.47981620999053121 0.99159200186841079 1.0177694186568249 0.5659791100770224 0.30664828978478897 2.0998888099566098 0.49514601984992612 0.41357939271256317 0.56912418035790313 2.2149731111712749 2.8682833292987193 0.45673354994505655 0.46008869097568095 0.4835813296958803 1.1151432101614762 5.6428864866029498 13.568896793993188 0.30310580600053061 0.83658844931051124 0.45279129664413531 1.3593982798047353 0.68758270866237658 0.60637700580991793 0.30241188779473305 0.83355318196117867 0.20848713209852565 0.31403308990411527 0.2362632870208472 0.4792790263891219 0.68405927415005852 0.33955206628888845 11.567729424685238 0.49588863644748926 0.30201831576414406 3.8845534161664572 0.31091887457296341 0.64875322766602028 0.4152232496999203 9.1038714202586544 0.47357396688311981 1.5675983210094271 277.47223118599504 23.922558570280671 0.73131551058031519 6.5372007689438769 0.1943789324723183 3.5716388728469601 9.7164262756705266 0.23240379337221384
leaf_count=43 97 54 59 97 81 28 49 66 486 80 373 55 62 53 151 50 92 59 281 88 67 90 316 289 81 75 57 59 608 1630 38 76 50 50 92 59 70 122 49 43 64 54 88 82 308 103 61 814 56 104 47 1100 54 238 11412 2147 99 568 58 288 414 64
internal_value=0 37.9607 -0.101644 -0.0314344 -0.105102 10.0748 -14.3741 5.60762 -0.0371856 2.18725 -0.119314 -9.87207 -11.5566 7.21801 -14.8688 -0.0583599 2.45101 -1.23321 0.332053 2.31392 4.74177 -1.68895 -5.39026 -2.14118 5.18776 2.25656 -4.55718 0.0131898 -0.00365277 0.0676512 -10.5637 0.238165 0.0527786 1.45497 3.18713 -1.61921 -23.7492 -0.741635 3.91404 1.40435 9.55073 14.4918 -3.73153 -11.2918 0.00590278 -12.5112 -15.1579 -1.06144 4.03283 1.18765 0.50597 0.791698 1.71186 -1.74398 0.053207 0.0171536 -3.14753 -3.64287 -0.732827 -0.598222 -0.98758 -27.8781
internal_weight=0 0.979519 401.253 399.289 396.399 2.88949 1.9642 2.27367 393.662 14.0168 379.645 2.73741 2.46647 3.77637 1.86733 375.305 1.85111 0.599135 10.2404 5.17028 2.81727 5.07016 4.34006 12.4644 1.4828 1.02607 3.98899 362.841 361.281 338.465 1.53194 3.70487 337.447 10.9161 2.4037 1.77402 0.536186 4.50104 1.55989 1.78611 0.44475 0.959095 1.29044 1.33114 326.531 1.22883 0.797907 22.8155 1.09853 4.67513 4.02638 9.55666 0.784493 3.66749 312.963 301.395 8.75956 7.26852 1.49104 17.1726 13.601 0.432265
internal_count=24548 151 24397 24023 23584 439 374 342 23062 1955 21107 522 479 499 358 20506 314 121 1456 725 392 731 601 1463 248 167 520 19043 18871 16747 261 365 16697 1200 325 204 125 641 172 245 113 107 147 233 15497 223 164 2124 153 637 533 1150 110 519 13867 13559 1098 667 431 1516 1228 113
is_linear=0
shrinkage=0.05


Tree=11
num_leaves=63
num_cat=0
split_feature=66 1 71 67 56 53 55 9 56 49 58 1 53 66 56 70 67 57 66 3 57 70 58 66 79 65 5 65 64 20 58 50 53 67 64 64 71 53 57 65 53 57 70 56 47 50 67 70 57 60 53 50 9 66 24 58 67 47 55 3 57 57
split_gain=522305 610882 110828 130922 113244 95341.2 69829.2 52874.2 46436.7 51713.5 42521.4 26669.7 32184.5 25932.1 28660.3 27567 22670.6 27438.1 21677.9 15535.4 24872.2 18033.1 16040.9 15045 14096 25211.6 12935.5 12386.6 12227.7 12169.2 11487.5 9839.79 9663.67 12080.6 10956.7 9466.21 8227.7 8061.59 7294.35 7192.56 7022.61 6117.34 5971.4 5852.55 5535.73 5462.2 5428.28 5422.58 5948.37 5235.63 6151.24 6577.27 4710.12 4624.76 4636.6 4901.86 4317.87 4139.3 4097.09 4029.24 3762.89 3761.24
threshold=1822.7566666666671 10.500000000000002 79.801374535502205 1177.3350000000003 91.531209520174002 -249.0413422480791 -450.29104563544291 -5.0980762113533169 497.83394574653624 -81.06493254652429 1859.9999890914717 4.5000000000000009 -470.13031755666117 503.28166666666669 134.34627915504589 2.2028000306823183 551.95000000000016 -154.63990139832109 65.973333333333343 2019.5000000000002 241.5765660103273 1.1650502908602867 411.97266723224669 861.2600000000001 1.0000000180025095e-35 720.30000000000007 1.0000000180025095e-35 1156.2950000000003 889.62250000000006 -0.93301270189221908 460.62079905160988 -403.71829647354963 -103.03655962041942 289.44500000000005 28.805000000000003 433.64000000000004 16.937740295447739 -555.30197816550049 -4.842534884126569 667.38000000000011 -40.705536273029104 -16.02565426351573 0.96065656982442105 308.64413223166531 -38.514347007830608 -330.56182267456813 138.07500000000002 1.2514475619086451 -50.772221314266382 -34.329639997970553 -23.786086137285256 -1.1112956161987746 7.8971143170299749 37.696666666666673 -1.0000000180025095e-35 71.275710341272131 454.89000000000004 -14.475625054465933 96.301711166218368 2019.5000000000002 -23.123594270367594 38.522210177220266
decision_type=2 2 2 2 2 2 2 2 2 2 2 2 2 2 2 2 2 2 2 2 2 2 2 2 2 2 2 2 2 2 2 2 2 2 2 2 2 2 2 2 2 2 2 2 2 2 2 2 2 2 2 2 2 2 2 2 2 2 2 2 2 2
left_child=2 -2 3 5 7 11 -6 -5 24 -10 23 12 -1 14 32 29 37 -18 30 20 26 35 -22 31 25 -8 28 43 56 -15 60 -4 47 39 -35 -21 -23 -13 -17 44 -26 -36 -31 -28 -34 -14 -39 -7 -49 -43 51 -51 -50 57 -55 -56 -20 -46 -52 61 -16 -33
right_child=1 -3 10 4 6 13 8 -9 9 -11 -12 16 45 15 18 38 17 -19 19 21 22 36 -24 -25 40 -27 27 -29 -30 42 -32 59 33 34 41 -37 -38 46 -40 -41 -42 49 -44 -45 53 -47 -48 48 52 50 58 -53 -54 54 55 -57 -58 -59 -60 -61 -62 -63
leaf_value=-27.206109857370997 7.7406406901382638 89.787892019054766 -18.572593168916569 41.880812193490527 -17.965102294066089 -3.3663756615564981 13.079497553682888 15.322846422858564 28.295098303458943 5.3877457843492822 -30.231101642337219 -14.833121744244787 -13.473147380055952 9.2315082845386485 -4.538591598126823 6.778028747923571 -9.1456697106748219 10.429762472009108 0.0015683227963817561 -2.4493166272200608 3.377543826555236 -1.1155600007360416 21.867434597357814 1.225826430967748 -10.765763759592883 -0.4863422336382856 -1.3881556643530124 -10.090802861961649 11.749197279223166 -5.448965126491025 -8.2363656089233128 -9.7997069550532174 -0.8628266873029784 5.6573949662035421 -0.49642241650426444 -8.084064515677559 3.9052110105482871 -9.7930975725153964 15.092155475503972 2.0828432910671761 1.5472887443472141 -0.17309267577926102 1.2533632207497245 6.5190387028174008 -0.47002865485681861 -5.8384502639902029 -4.0217561966105935 -2.1049690096424043 -0.54016742394345851 8.5116500061071658 0.98545456311361601 1.4911045426776735 5.718811150512324 1.9230088628469408 0.62711782879196731 -1.2005995562817788 5.8657357018987692 0.048467721822503446 6.0483661065309873 -11.925271200937891 -2.2820095178732207 -1.5653276583625289
leaf_weight=0.32761768181808293 0.65812724316492566 0.34620943572372198 0.33617960265837599 0.31673592049628496 0.30321688950061876 3.1681827406864604 0.58431812375783898 0.45899539254605715 0.4599475022405386 0.53058455931022752 0.27187933586537827 0.3314843047410253 0.40511218644678593 0.44569316087290634 2.5609726400580248 0.5396975374314934 0.30074473889544606 0.44222842250019301 1.0816360365133713 1.9139119440224024 0.22986454097554077 2.5404926808550958 0.23953658202663064 0.29986854642629612 0.24368022242560983 0.82754197204485536 1.5800018869340422 0.3832710557617246 0.37806459888815869 0.38455758290365327 1.137953980360179 0.28613945422693976 18.238679176196456 1.4748575964476902 3.9613122092559925 1.2207931540906427 1.2020651709754018 0.6751680746674541 0.51607631193473913 4.1354816704988471 0.22065960522741068 1.9648556809406716 2.4467943396884948 0.27469864673912514 45.266538221389055 0.55553923430852481 1.0274098995141683 2.0468067233450715 0.65885159047320463 0.83072234340943396 2.7746528603602219 0.55750523763708615 0.55277006048709154 5.4952882786747059 22.497730949893597 4.3831697204150251 0.4422509092837571 257.21770978788845 0.46681922674179066 0.52278175624087453 6.6301229740493026 0.26909841317683458
leaf_count=75 83 73 84 40 42 368 75 82 95 88 76 82 66 70 208 68 52 69 218 165 64 164 59 35 58 73 329 81 85 63 199 62 2112 93 490 106 79 141 55 97 49 254 343 59 2411 95 139 274 47 106 314 55 61 615 2162 492 88 9373 76 53 792 51
internal_value=0 36.0235 -0.0776645 -0.0205688 9.04331 -0.108676 4.85299 26.1666 7.26648 16.0246 -11.8608 -7.72732 -13.6733 -0.0316002 -0.073535 3.81564 -4.969 2.50591 -1.83539 -0.340773 1.90531 -1.84616 12.813 -8.947 2.64265 5.12807 0.668551 -1.90799 3.70029 1.55192 -3.4975 -11.1041 0.028772 0.0622259 1.62061 -4.64374 0.497052 -7.69933 10.8421 0.00974349 -4.91446 1.0566 0.343045 -0.217026 -0.0145366 -9.05805 -6.31042 -1.89345 -0.461317 1.98949 2.9073 5.69223 2.31532 0.0316668 0.599632 0.329092 1.70342 -0.0291249 1.71459 -8.775 -2.91078 -5.80888
internal_weight=0 1.00434 411.837 409.851 3.94568 405.906 3.16995 0.775731 2.86673 0.990532 1.98595 4.0653 1.28827 401.84 397.508 4.33282 2.77704 0.742973 21.8156 11.4866 4.60932 6.87726 0.469401 1.71407 1.8762 1.41186 4.13992 2.23797 1.90195 3.27705 10.329 1.4142 375.692 369.265 12.0307 3.13471 3.74256 2.03406 1.05577 357.235 0.46434 10.5559 2.83135 1.8547 353.099 0.960651 1.70258 6.42661 3.25843 6.59456 4.6297 1.38823 1.21162 334.86 32.3762 26.8809 1.52389 302.484 3.24147 1.07802 9.1911 0.555238
internal_count=24533 156 24377 24016 602 23414 480 122 438 183 361 719 236 22695 22096 599 483 121 2696 1497 983 514 123 285 255 148 860 469 391 476 1199 250 19400 18650 1388 271 243 362 123 17262 107 1295 406 388 17165 161 280 750 382 805 551 161 108 15053 3269 2654 306 11784 390 166 1000 113
is_linear=0
shrinkage=0.05


Tree=12
num_leaves=63
num_cat=1
split_feature=66 85 71 67 56 53 55 58 53 56 67 55 49 63 13 71 66 10 63 9 58 67 10 49 66 65 31 58 47 66 54 64 8 71 72 47 47 58 66 54 65 8 54 55 58 24 60 8 71 58 10 64 10 10 60 71 64 67 8 65 60 9
split_gain=484068 542202 116387 120828 91302 89585.9 81990.8 28514.8 26034.9 25997.7 25491.7 33008.1 42889.5 23944.7 23137.5 24589.1 19880.1 23741.5 21040.5 27022.2 20304.4 19826.1 21118.8 17666.4 16883.5 16458.6 13812.9 13726 11525.1 12776.2 22901.8 10877.7 10372.8 9931.56 9545.58 8103.56 7388.54 6880.88 6672.29 7682.31 5983.04 5930.38 5630.69 5513.87 5408.36 5299.74 5109.81 4933.69 4647.49 4434.67 4430.27 4248.34 4138.44 7188.11 4665.55 3968.11 4425.87 4889.04 5818.58 3940.57 3778.23 3499.96
threshold=1822.7566666666671 1.0000000180025095e-35 79.801374535502205 884.90000000000009 26.624632490201346 -249.0413422480791 -367.64465925868137 1574.9176967661363 -662.16583122462669 153.57939137537679 1369.8900000000001 139.68615742836192 79.753887681565644 349.67708333333343 -0.68301270189221919 -12.0535490627092 84.151666666666685 20.892304845413268 1029.7727272727275 -10.500000000000004 460.62079905160988 258.84500000000008 9.7631397208144168 -269.30054147682256 527.19666666666683 1156.2950000000003 0.25000000000000017 165.82853577791607 -127.43969633521847 93.636666666666684 2.0168216854197731 712.18000000000018 2.5000000000000004 -16.634788308703094 0 -153.08314269308985 -31.614663118881165 1186.4323064341941 618.61000000000013 89.900760489946251 481.56000000000006 2.5000000000000004 212.4760135078578 121.88558522197953 657.99239844350211 1.0000000180025095e-35 -211.18296352626325 5.5000000000000009 1.2691861717148454 129.74187638649127 1.0103336092965665e-15 36.082500000000003 11.129165124598851 10.196152422706634 -6.57834856840672 41.83884827073495 597.66750000000013 686.9000000000002 2.5000000000000004 251.11000000000004 26.128711756267631 1.898202538678398e-15
decision_type=2 2 2 2 2 2 2 2 2 2 2 2 2 2 2 2 2 2 2 2 2 2 2 2 2 2 2 2 2 2 2 2 2 2 9 2 2 2 2 2 2 2 2 2 2 2 2 2 2 2 2 2 2 2 2 2 2 2 2 2 2 2
left_child=2 -2 3 5 13 8 -6 26 -1 24 25 14 -13 -5 -12 -16 23 18 33 -20 42 37 46 -11 28 32 44 -26 45 36 41 -19 -8 -18 -32 -25 -30 -10 -34 -40 49 -31 -21 52 -4 51 -23 -9 -41 -38 -46 -7 53 54 -36 56 -35 58 -58 -54 -17 -45
right_child=1 -3 7 4 6 9 10 47 21 16 11 12 -14 -15 15 60 17 31 19 20 -22 22 -24 35 27 -27 -28 -29 29 30 34 -33 38 55 43 -37 40 -39 39 48 -42 -43 -44 61 50 -47 -48 -49 -50 -51 -52 -53 59 -55 -56 -57 57 -59 -60 -61 -62 -63
leaf_value=-20.36043844748534 77.183848089557387 1.4254089926834099 -6.3165188300953723 12.928570006660649 -13.228635096954648 -5.9546169167475309 7.6746927976672481 -18.802469623822958 -8.718584615142003 -11.83858209139451 -3.8578494231754017 33.744508816012811 7.9267174090980026 28.867908011799308 16.153398907575703 -2.4704142952611767 -5.1182292045578563 -3.0789779025774653 17.366382561196975 2.4437582565126577 -9.2663453026985216 -10.136010457151601 6.4634634613002291 -6.6350633553683771 2.1819354533086481 -5.3905782925658299 0.2873665011420844 12.30373476891549 -0.86033934566585213 7.7294030460817176 -0.66888039914364716 -13.723644046231948 -4.9456624853090991 -0.72464891410282861 0.35787247678344519 -2.2970387001619543 0.017592267346518489 -17.174907382461388 9.7352182710483994 4.2130148541912424 1.4709332131257316 2.4367905684939521 13.703416162220499 2.5291464014010456 -11.310509020415715 -5.0365630906538881 -3.5739360193496772 -30.064726054147226 -4.5736087299928103 -3.005653696812967 -18.969244418934878 -0.75980606102808435 1.1807380593799242 7.1457426460341003 2.3613347905413882 4.3169024190418837 11.25914434198706 -2.4230912833987746 2.0955095297629844 -2.1999584857982204 6.1008550543792497 10.709809577274813
leaf_weight=0.36575984209775958 0.43021619319915672 0.52364537119865417 0.361666501732542 0.46560863335616787 0.60310085490345944 0.44649502635002081 1.4522288059815771 0.19916994916275133 1.4794543997850262 0.5857351440936317 0.4079339080490173 0.29780585598200549 0.34981894260272384 0.47700194525532424 0.68248315062373877 0.26552915014326572 0.9336353603284796 0.57711079204455096 0.40560147538781166 0.22899989481084027 0.28106563095934689 0.45927386172115792 0.47103562578558911 1.2447599940933276 1.1468476769514371 0.46388835692778219 0.30904167843982566 0.47311670333147038 24.628883617930114 1.5018281252123444 6.7422298756428063 0.41086873924359679 0.30698186159133889 4.3939704890362892 4.7714106098283171 7.9661838875617859 309.68712370865978 0.28726815991103638 0.3265911815688014 0.3315933714620769 7.1272506890818468 0.81731606135144819 0.21553909196518362 0.26077212090603907 0.64911083527840674 1.3403336761984972 0.83788300002925087 0.1900194538757205 0.27554983645677567 1.2177506149746467 0.26628425205126405 3.3201316162012517 2.3643954179715361 0.60860605863854367 7.4324054634198529 0.58950123470276583 0.2443682109005747 0.32961335405707359 0.59505787631496787 1.3564690048806367 0.24926309054717422 0.2622126811183989
leaf_count=86 99 46 49 53 96 53 96 51 282 102 48 46 60 77 90 54 111 61 80 60 42 61 81 167 139 65 39 54 2433 35 734 70 59 465 641 871 13355 74 55 74 61 120 56 56 139 199 100 55 61 154 42 397 246 77 925 61 28 44 151 193 46 59
internal_value=0 35.5944 -0.0661733 -0.00717513 6.52616 -0.121234 4.25797 -12.1736 -7.66145 -0.04668 6.20748 10.2705 19.7989 20.9946 6.42622 9.93019 -1.85102 -0.182621 0.697845 7.03021 1.25246 -6.34747 -2.60448 -3.41871 0.0446263 3.30798 -9.19779 5.13805 0.0225577 0.0552256 1.12122 -7.50575 4.8064 -0.313031 0.65902 -2.88328 -0.0260243 -10.0936 1.44913 3.55153 0.0385863 5.86417 7.90311 0.993567 -11.4931 -2.33643 -5.89732 -24.3012 0.225236 0.00575083 -13.5384 -1.3756 1.4162 1.8425 1.57803 0.416151 0.00279655 2.73698 4.76317 -0.0517202 1.67981 6.63074
internal_weight=0 0.953862 407.339 405.364 6.95538 398.408 6.01277 1.97529 3.90067 394.508 5.40967 2.25283 0.647625 0.942611 1.60521 1.19728 19.002 9.20533 8.21735 1.13121 0.725605 3.53492 1.76819 9.79668 375.506 3.15683 1.5861 1.61996 373.886 368.779 26.1176 0.98798 2.69295 7.08615 23.7985 9.21094 342.661 1.76672 1.24072 0.933734 318.032 2.31914 0.444539 17.0563 1.27706 5.10696 1.29716 0.389189 0.607143 310.905 0.915395 3.76663 16.5333 12.8124 12.2038 6.15251 5.56301 1.16904 0.839426 3.72086 0.514792 0.522985
internal_count=24484 145 24339 23964 980 22984 850 375 684 22300 754 344 106 130 238 190 2369 1229 1098 238 158 598 242 1140 19931 410 269 193 19738 19089 3086 131 345 860 2931 1038 16003 356 249 190 13570 155 116 2197 230 649 161 106 135 13509 181 450 2082 1643 1566 749 688 223 179 439 100 115
cat_boundaries=0 22
cat_threshold=0 0 0 9256960 0 0 0 0 0 268435456 0 0 327680 152084480 1073741830 260046856 0 0 67108864 1073741824 4522048 36936
is_linear=0
shrinkage=0.05


Tree=13
num_leaves=63
num_cat=0
split_feature=67 58 47 66 71 56 69 49 66 57 67 69 67 66 53 47 71 49 52 3 70 42 3 57 70 66 47 67 3 64 3 49 56 3 33 58 70 64 51 47 63 53 70 28 67 3 3 66 55 65 10 71 1 63 47 56 10 56 66 53 65 10
split_gain=514779 560699 97133.9 110253 81352.6 47893.9 38069.9 33079.5 46119.8 31148.3 27717.7 21611.3 19584.1 19074.3 17319.2 16625.8 15077.7 15033.8 14333.7 12812 11847.6 11185.5 11074.7 10339.3 10115 23165.5 10454.8 10056.6 10138.4 9452.98 16592.6 21888.1 8764.54 8373.46 8369.5 7872.84 15972 7304.4 7116.15 7065.71 6307.48 6304.87 5973.09 5918.39 5832.08 5394.94 5384.33 7403.43 5300.78 4955.03 4699.74 4554.46 4229.78 3990.67 3970.66 3589.96 3410.35 3396.06 3330.39 3225.03 3187.65 7068.4
threshold=2610.3750000000005 907.14944057616469 -655.53032917682617 676.48500000000001 56.648264311609523 75.354395648525696 0.83333333333333337 -256.41585586533984 260.33833333333337 -274.94190708688001 865.75000000000011 0.83333333333333337 1754.5450000000003 413.24000000000007 926.46187646722092 -122.47578336154353 -36.618533814040624 -542.71858322101855 196.2705042793437 2020.5000000000002 0.51626621722259247 1.0000000180025095e-35 2018.5000000000002 -28.623051406899069 1.5400012362691184 158.04000000000005 -17.092061145867817 129.32500000000002 2016.5000000000002 922.56250000000011 2018.5000000000002 378.52396262493824 149.65698991189367 2018.5000000000002 -1.0000000180025095e-35 51.929584507494631 8.7114995110428151 792.04750000000013 -198.17868204748564 -264.8139295189693 461.90116666666671 -69.406980166362132 2.6960216486934048 1.0000000180025095e-35 138.07500000000002 2015.5000000000002 2017.5000000000002 89.040000000000006 -28.087290631398087 113.03500000000001 -16.227241335952161 -2.0504431302559971 4.5000000000000009 577.44178571428586 134.56521075691427 195.15041310645805 3.2320508075688776 127.34598163446044 232.8066666666667 -24.539846229678442 285.04000000000002 1.3777276490407726e-15
decision_type=2 2 2 2 2 2 2 2 2 2 2 2 2 2 2 2 2 2 2 2 2 2 2 2 2 2 2 2 2 2 2 2 2 2 2 2 2 2 2 2 2 2 2 2 2 2 2 2 2 2 2 2 2 2 2 2 2 2 2 2 2 2
left_child=2 -2 20 4 7 16 -7 8 17 -8 15 -10 19 -12 46 27 -5 -4 23 43 22 -16 45 40 26 -26 55 -9 37 32 31 56 38 -34 -30 -27 49 -29 -28 -36 -13 -15 -43 50 -19 -1 47 -6 -46 -37 -11 -35 -41 -48 57 -17 -31 -51 -53 -54 -40 -62
right_child=1 -3 3 5 14 6 9 10 11 12 13 18 -14 41 21 24 -18 44 -20 -21 -22 -23 -24 -25 25 35 29 28 34 30 -32 -33 33 51 39 36 -38 -39 60 52 -42 42 -44 -45 48 -47 53 -49 -50 54 -52 58 59 -55 -56 -57 -58 -59 -60 -61 61 -63
leaf_value=-19.640629466282252 3.7297053628950381 82.552267654862135 -16.775344488596382 26.24243022096212 -8.4938550445540173 17.644734050856794 -10.261164018606978 -4.3368820165395894 9.0163888111054984 -3.9547322873755322 13.2497440303058 1.889013572600041 11.764626508702065 7.1801174919537551 -9.4085678903743037 -0.68800254161426944 12.606985152011651 -8.7991564443796335 -10.19881732872701 7.5008381318799779 -8.6331828727277351 -24.483014378377948 -28.628297087173486 6.2081188148858759 0.20598113803984364 -0.092737472109192629 3.9283131006485443 1.5776414854275798 4.609871575182007 7.3032206933657111 -0.58534086427066634 22.500817890512806 1.1945800405498781 -7.0576471802378897 -6.2393818305061206 5.1457776222124583 9.8798422289593244 12.537216449316812 -0.063574478770737006 -3.5061293856824949 -7.3720550708926114 4.3021607857306776 -3.7943906439987622 -6.5186024991217764 -6.4203796631882044 -8.9693347959524754 -5.3357989442099685 3.1333574814960308 0.27159013425013817 1.876986741310275 3.3163252404227737 -3.2314507695793808 -1.0397317820643408 -11.188788198463403 5.6915887841211603 -2.3253701840570655 -0.41578396186956007 -2.3836931044028984 0.74342213005815772 3.4443059034300938 1.2390077248173306 -1.3056350285828335
leaf_weight=0.24928647768683621 0.52947735320776601 0.39313343958929181 0.41346662188880179 0.35379841551184654 0.29496679385192637 0.53361672442406449 0.37744367588311467 3.2237136233597976 0.66607222193852078 0.30247153248638003 0.60639456915669088 0.35238893609493971 0.78648036718368519 0.49574754852801572 0.22230487433262158 47.096687453100458 0.47483672085218032 1.3941753609105938 0.37831852957606327 0.84573390753939737 0.51308604748919606 0.27564328024163842 0.19872465450316668 0.53122098091989733 104.54586191521958 1.6726481597870568 1.1544384919106949 0.63220347883179773 0.49171120533719648 0.32603586465120216 1.0470096878707407 0.21779992245137691 1.4890243704430748 0.64139969483949233 0.90674635651521285 1.5606696489267049 0.9143773519899695 0.2001697001978755 194.45028869784437 1.6490408824756748 0.38442125217989087 0.44675974268466201 0.46476540062576532 0.29871228151023377 0.87849646876566112 0.22564377821981907 0.46126757701858856 0.25548783945851028 0.44622865086421348 2.9142128990497445 0.83781421068124451 2.719247752334923 2.8328974356409162 0.79000518471002579 0.57129198568873096 3.6037833420559755 0.25501424353569746 0.5570947192609309 0.65364613058045495 0.4671109160408381 12.305035500787197 3.5067561676260075
leaf_count=70 76 76 108 56 86 97 55 410 93 60 77 50 94 42 47 3838 56 267 73 82 76 67 46 67 5372 229 98 168 53 82 24 59 343 42 116 182 58 50 8344 178 60 58 46 55 129 51 42 55 40 322 142 218 262 101 51 391 57 47 70 54 454 488
internal_value=0 37.3168 -0.0737258 -0.0320945 -0.122061 7.4923 5.21661 -0.0681574 -3.9388 3.29358 -0.0147519 1.41702 4.95942 5.83643 -9.49936 -0.0447625 18.4288 -7.89266 -1.6575 2.61685 -14.3576 -17.7532 -18.7175 0.890811 0.00891942 0.406593 -0.157454 -2.0169 -0.97525 -0.0075235 3.55547 8.98261 -0.0378425 -2.00773 -1.65563 2.96732 3.75263 4.21321 0.0134351 -2.18175 -2.94283 2.64203 0.173918 -0.25359 -6.54186 -14.5706 -7.21824 -3.0972 -4.16621 2.75275 1.38761 -3.19557 -1.43832 -9.03115 1.82891 -0.804386 3.91546 1.19321 -2.46114 -0.405023 -0.0080594 0.674654
internal_weight=0 0.922611 408.362 407.175 402.364 4.81091 3.98227 400.064 5.44479 3.44866 394.62 2.31242 3.07121 2.01367 2.29968 392.606 0.828635 3.13237 1.64635 2.28473 1.18674 0.497948 0.673655 1.26803 382.202 112.736 269.466 10.4036 7.17988 218.766 1.84586 0.79885 216.92 5.50332 6.34751 8.19029 6.51765 0.832373 211.417 5.8558 0.73681 1.40727 0.911525 1.439 2.7189 0.47493 1.80173 0.550455 1.32473 5.60327 1.14029 4.01429 4.94905 1.25127 4.0426 50.7005 0.58105 3.47131 3.37289 3.30001 210.262 15.8118
internal_count=24660 152 24508 24265 23568 697 585 23170 887 488 22283 343 433 223 398 22060 112 544 250 339 243 114 167 177 20769 6261 14508 1291 881 10279 222 198 10057 673 663 889 660 218 9384 610 110 146 104 257 436 121 284 141 169 602 202 330 494 143 420 4229 139 369 288 316 9286 942
is_linear=0
shrinkage=0.05


Tree=14
num_leaves=63
num_cat=1
split_feature=66 1 48 66 58 54 8 71 19 58 50 47 57 70 55 1 10 72 67 54 58 60 10 66 10 49 57 47 34 71 1 66 70 48 67 54 71 49 10 52 10 57 51 68 70 8 8 70 54 53 53 63 90 67 66 57 58 65 63 66 70 63
split_gain=535178 557721 101120 129176 91716.4 83554.6 47239.1 45697 40520.8 32869.6 27280.3 26420.3 23112.8 22963.7 20616.4 16287.5 15675.4 15427.3 30438.1 25492.4 14819.1 13807.5 12032.9 22029.4 11982.7 11628.9 11409.8 11364.3 11307.6 10338.1 9955.67 9402.29 8628.13 7526.97 17125.8 7389.25 9011.19 7141.99 6908.21 6670.88 6501.17 5913.25 6476.85 5760.12 5497.55 5301.99 5224.99 4940.06 4928.08 4871.24 4653.67 4269.25 4131.4 4762.48 4458.57 4395.86 3912.45 3786.3 3765.23 3697.05 3572.5 3284.46
threshold=1822.7566666666671 10.500000000000002 -781.8855438512586 713.57666666666671 554.28712649772115 41.470727189225663 1.5000000000000002 -36.618533814040624 -1.0000000000000002 1574.9176967661363 745.16240740244473 298.84685793376536 46.432268795000446 0.95134886008496389 -166.82410051109113 4.5000000000000009 13.428203230275509 0 454.89000000000004 7.5212004761819253 180.81195076159102 164.52781806426651 -12.000000000000004 433.62333333333339 5.7500000000000009 -130.42271343319933 57.881183226127852 -92.757038760517744 -1.0000000180025095e-35 9.0818914869996075 8.5000000000000018 89.040000000000006 1.0000767329245634 -145.70312931299262 806.59000000000003 62.928437506819655 16.937740295447739 -28.989388478489627 -8.5801270189221945 -16.411449058589145 14.361215932167728 -22.462410848841369 -9.06910828702099 0.83333333333333337 12.015350877192985 1.5000000000000002 4.5000000000000009 1.0860753761813389 7.3331071856758223 -26.688217365473484 -23.786086137285256 593.43166666666673 1.0000000180025095e-35 824.1350000000001 305.89500000000004 96.216528236166752 185.86350644143732 16.975000000000005 1029.7727272727275 433.62333333333339 0.96065656982442105 711.79166666666686
decision_type=2 2 2 2 2 2 2 2 2 2 2 2 2 2 2 2 2 9 2 2 2 2 2 2 2 2 2 2 2 2 2 2 2 2 2 2 2 2 2 2 2 2 2 2 2 2 2 2 2 2 2 2 2 2 2 2 2 2 2 2 2 2
left_child=2 -2 12 4 14 7 -7 -5 -6 13 11 16 38 22 32 -11 21 20 27 24 37 30 -10 26 -20 -15 43 47 51 -28 46 35 45 34 49 36 50 -16 -1 -13 52 60 44 -24 57 -4 -8 -19 -34 -30 -29 -21 53 55 -54 -35 -42 -43 -44 -50 -33 -45
right_child=1 -3 3 5 8 6 10 -9 9 15 -12 39 -14 25 17 -17 -18 18 19 28 -22 -23 23 -25 -26 -27 29 31 33 -31 -32 41 48 40 -36 -37 -38 -39 -40 -41 56 42 58 61 -46 -47 -48 -49 59 -51 -52 -53 54 -55 -56 -57 -58 -59 -60 -61 -62 -63
leaf_value=-17.088352959017953 4.4169104076081709 82.865213249162935 -1.6585375526308135 34.56884521530371 9.4500710232023408 16.983998401886677 3.4157028283553661 11.235757175102705 -2.3081473457039112 -29.059078550277821 16.09610434701143 -3.1715535438479816 -4.5576710002186811 7.6534585889286966 -3.3298801171249206 -10.423831433758103 -6.0874005348167453 -2.5230903650067571 4.0494085129567523 4.4112586352309853 -4.7695572240738739 14.33267904944617 -8.2349625977813457 -22.76305763827542 14.667094433321251 -6.4182060210126579 -8.0430981692571528 -0.67872476306794982 -1.148469887484765 5.7704929173732324 10.49896755232354 -2.9341535964854941 3.6724093983512973 0.60846644175182252 12.09739403050167 -1.0812395343170127 4.5480698392633219 -0.58436763694398697 -27.956244458303054 -13.774910432495922 -0.68040266151354145 6.263661162768023 0.21232565102237172 -10.798326109280172 6.2138631478351343 -7.3964340596718277 -4.1601641034243571 -0.16568392110192356 -4.5664050846622599 6.0022363297374959 0.045281888890490243 11.652035838637325 0.11796152946288281 -3.2500492416164293 6.7351163586021645 5.9680763925771503 -7.6750881551751124 1.7246981340769787 5.470359498439028 0.50869701028192182 0.239259844885193 -18.219607163388392
leaf_weight=0.27378722326830029 0.5298715834505846 0.39580055652186275 0.54646640433929849 0.40980217466130853 0.35036153672263015 0.67878695717081461 0.59084213757887594 0.43003608332946797 0.67095649288967241 0.26027900027111162 0.32069309754297126 0.2884881878271699 0.24294698098674417 0.37500378489494324 2.9356750205624857 0.21337662078440189 0.35839958861470211 6.412503582891075 0.47252481011673697 0.49054055195301671 3.3922077235765746 0.34571204660460342 1.3727009301073851 0.29192041186615814 0.60717226075939834 0.24128980352543283 0.3031640714034437 24.0073212524876 0.80245417868718494 0.24483291036449373 0.33574195741675794 1.1253383022267396 0.40455991611815978 3.4793046184349818 0.49660673644393671 16.427117019891739 1.0883339710999269 12.26495099440217 0.31383254774846037 0.30531922448426474 0.47859707986935962 0.48988113296218561 7.5829118038527641 0.33564967662096012 0.86123942490667094 1.5292422906495629 0.37019328214228153 3.4009132327046245 0.90175934042781569 0.33868923503905257 293.9686937967781 0.34798767045140266 0.43510209443047621 0.71134566469117988 0.6134938052855432 0.42983969440683711 0.3433357086032629 7.3971331319771707 0.35648074862547208 0.5960235302336514 4.1851210175082088 0.26823298260569572
leaf_count=51 80 84 39 53 85 49 60 56 100 71 57 57 57 89 219 61 55 922 40 64 275 58 251 40 86 41 54 2385 104 53 60 189 64 468 56 1208 63 170 57 53 63 41 1073 59 23 216 96 376 114 41 12677 58 21 72 96 69 51 824 95 67 465 56
internal_value=0 37.96 -0.101007 -0.0656389 -0.1586 8.4222 5.10437 22.6212 -6.93828 -8.19267 2.33845 0.638062 -17.5295 -6.75321 -0.0750619 -20.6641 3.38663 -0.039078 0.0455644 2.76197 -1.1584 5.45392 -8.32553 -9.75901 10.0203 2.14415 -8.25534 -0.027498 1.88803 -1.87149 3.0869 0.0185815 -3.65661 1.31778 4.34678 -0.0470794 0.00616463 -1.1146 -22.8926 -8.6235 0.553527 1.01997 1.48242 -10.0252 2.42081 -5.88583 0.49746 -1.70611 -1.22422 0.973846 -0.00938091 7.41617 1.15605 0.51303 3.98941 1.1978 -3.60221 2.00662 0.448413 -2.54683 -0.433218 -14.0947
internal_weight=0 0.925672 410.113 409.283 404.849 4.43401 3.59418 0.839838 4.92777 4.57741 2.91539 2.5947 0.830567 4.10375 399.921 0.473656 2.00089 395.943 377.35 10.047 18.5928 1.64249 3.48746 2.8165 1.0797 0.616294 2.52458 367.303 8.9673 0.547997 1.29678 357.49 3.97805 8.12877 1.63775 335.491 319.064 15.2006 0.58762 0.593807 6.49102 21.9981 16.6876 1.97658 8.74825 2.07571 0.961035 9.81342 1.90234 1.14114 317.976 0.838528 5.66909 4.62049 1.0486 3.90914 0.821933 7.88701 7.93939 1.49778 5.31046 0.603883
internal_count=24737 164 24573 24408 23754 654 545 109 960 875 496 439 165 743 22794 132 329 22294 21630 1289 664 274 613 513 126 130 473 20341 1163 107 216 19043 500 1041 201 16333 15125 389 108 110 840 2710 2056 366 888 255 156 1298 245 145 15062 122 726 609 117 537 114 865 1168 181 654 115
cat_boundaries=0 23
cat_threshold=4096 2147487744 0 589824 0 0 0 0 256 302514176 310902848 65536 67371008 67117056 1073741824 33554436 8192 384 0 2147483656 2162816 32 64
is_linear=0
shrinkage=0.05


Tree=15
num_leaves=63
num_cat=2
split_feature=66 85 58 56 66 56 53 70 57 63 14 72 66 70 19 47 40 47 54 53 24 50 54 8 58 49 53 39 56 63 58 57 63 70 10 70 47 66 79 86 53 47 66 19 65 56 51 51 60 54 66 0 66 56 49 70 66 66 35 50 47 54
split_gain=313514 473383 325050 93106.5 64711.3 77894.1 46481.5 36190.6 34065.4 31400.9 24610.8 20696.9 34180.4 50638.7 24908.9 20516.8 25620.3 18684.5 18291.9 16204 18175.5 15635.4 12925.9 12082.7 11592.7 11581.9 11140.2 10809.1 10166.3 9396.89 14391.5 9119.44 8902.19 8331.12 8195.29 9167.57 8937.23 6789.27 5543.66 6591.03 6258.68 5449.56 6200.64 5283.81 5282.3 5387.51 4637.7 4630.37 3978.56 3887.05 3876.48 4188.16 4740.55 4615.55 3375.46 3319.02 3113.68 3083.1 3474.86 2960.48 2915.31 2631.86
threshold=1822.7566666666671 1.0000000180025095e-35 1001.1459644821242 874.55244221799887 713.57666666666671 53.30901460602248 -340.96288658854581 1.1650502908602867 -88.621188915488247 2088.2825000000007 -0.86602540378443849 0 236.31500000000003 5.9259715942823226 -2.2500000000000004 -476.02242494109902 -1.0000000180025095e-35 -264.8139295189693 80.50324534212902 -83.074263114619853 0.25000000000000022 -553.20386400471864 437.51065010490044 3.5000000000000004 1859.9999890914717 -78.209786058934512 462.42676124612325 1.0000000180025095e-35 360.54540418150015 836.74500000000012 390.9871395886077 -174.46647281455927 529.4191666666668 2.8483995828342326 -19.95929214352104 1.5400012362691184 -203.53478814717474 349.72833333333341 1.0000000180025095e-35 1.0000000180025095e-35 -58.458257187205454 -51.189483582996921 378.92333333333335 -1.2500000000000004 777.82500000000016 88.925769546400772 272.88736299803503 430.55770260265911 164.52781806426651 278.64074995390155 42.136666666666677 1 158.04000000000005 22.192642231161354 -208.52536916371511 2.6409494324045411 378.92333333333335 193.50000000000003 -1.0000000000000002 -181.31308298472109 -14.475625054465933 0.013146188211908109
decision_type=2 2 2 2 2 2 2 2 2 2 2 9 2 2 2 2 2 2 2 2 2 2 2 2 2 2 2 2 2 2 2 2 2 2 2 2 2 2 2 2 2 2 2 2 2 2 2 2 2 2 2 9 2 2 2 2 2 2 2 2 2 2
left_child=3 2 -2 4 6 -6 10 8 -5 24 21 18 17 14 -14 -7 -17 54 41 -15 -21 -1 29 -12 46 49 27 31 -25 30 33 -16 -29 -18 56 43 -37 -20 39 40 -38 42 -8 -36 45 50 48 -45 -10 57 60 -52 61 -54 -13 -47 -33 58 -19 -31 -27 -53
right_child=1 -3 -4 7 5 15 11 -9 9 -11 23 12 13 19 26 16 22 25 37 20 -22 -23 -24 28 -26 44 -28 32 -30 59 -32 34 -34 -35 35 36 38 -39 -40 -41 -42 -43 -44 47 -46 55 -48 -49 -50 -51 51 52 53 -55 -56 -57 -58 -59 -60 -61 -62 -63
leaf_value=-27.692085807478339 23.896157560641608 -4.4278301860083289 108.45019622270576 -24.658372813761844 23.549208628862157 -7.2103377656260523 -4.4624100201214292 9.1514787229538737 -9.7557860281382034 5.5266120701803461 0.257144320197781 -9.2659294447437386 12.518094390944011 16.867783874956135 -5.7348508354723515 15.85130385640718 5.0659599322471971 2.5578750642229231 -7.4463514676085696 2.260622037689703 14.131191243624489 -9.5073469059252762 11.353745034007842 -4.5688783465902274 -20.142872996952576 -0.38316726039238574 -7.1660783386075373 2.0077046857582692 -17.707801283924791 -4.6975448156864283 14.122112138442063 2.8434029986039135 10.555480270927944 -4.893727472602178 4.739448688077899 7.8620542206698403 0.61096585145182036 -2.8882241888668632 -2.13678519302321 -0.077916034473750603 7.5974244699697913 -0.78162138982279861 1.7032885664264583 -0.42918416997819231 1.6846353579821174 -0.8875468310453043 -15.396012621815794 -5.4363770200420651 -2.9510661980298649 -4.1277261464674551 -0.37989487851729559 4.3555698534520708 7.3579393996019311 1.9548459882345637 -3.2574222641122925 2.6742652621116276 9.0902457057861188 1.1883882480338344 -1.5843349410197141 0.69041136129129266 0.062967622447254512 0.70701721911649407
leaf_weight=0.22006506472826004 0.23062838800251384 0.51522448426112533 0.22411936381831765 0.39504821598529893 0.5630352592561384 0.39635457703843746 2.2981061143800612 0.23941557621583331 0.839981316821649 0.32910113921388973 0.63889049226418027 0.60143817937932909 0.47602758603170592 0.57961970893666137 0.52881571208126565 0.45325890183448869 0.56532730814069532 0.52919626794755004 2.1202559790108348 0.82863041991367825 0.52790086064487696 0.25537516502663482 0.39078430272638787 0.39136417442932725 0.30697802640497673 43.142534026643261 0.41648657200858075 0.73303974838927277 0.23601015331223607 0.51567607698962092 0.29324444057419896 0.41204534983262142 0.52115722186863422 0.33402867405675352 0.45980425388551882 0.65834616497158993 0.51096934080123924 1.3290113550610838 0.80178154725581396 1.2021259646862743 0.86022898275405213 7.5064404036384067 0.49572671996429551 6.2211803621612543 4.745119626633822 20.246117758564655 0.26233257516287256 0.4987200261093675 0.28861088724806905 1.2035597255453456 7.9507157984189689 0.50493034534156933 0.512022250797599 1.7332112411968408 0.38233542698435385 0.6758791427128007 0.38666890095919371 1.2642778626177449 11.705597156891601 0.50424969126470365 242.12363958708011 23.404279958456755
leaf_count=56 46 52 60 85 82 72 291 45 193 63 74 89 68 57 101 44 94 14 247 84 47 51 82 87 90 3370 50 78 46 41 34 54 63 77 76 73 57 113 115 110 80 138 53 1006 282 1525 47 60 42 135 743 38 40 194 70 34 65 128 1392 64 9455 2454
internal_value=0 28.388 65.568 -0.0726652 -0.0101571 6.3046 -0.0747122 -9.39335 -11.2265 -8.6087 -8.22472 -0.0384172 0.0513225 2.26941 1.26746 3.49269 4.88059 -0.0494728 -1.46969 9.87009 6.88011 -17.9244 2.97049 -4.58279 -11.3485 -0.0306547 0.89061 1.13385 -9.51157 1.48981 4.50319 0.691235 5.55957 1.36684 0.97414 0.625579 2.53301 -5.69009 1.49353 2.62464 4.99396 -1.48325 -3.36839 -0.445985 0.0279092 0.00480744 -9.4076 -0.800795 -8.01564 -1.40502 0.0557277 0.559525 0.716429 3.18701 -6.93077 -0.772484 5.86759 -1.16227 -1.40517 -2.03375 -0.00450406 0.78407
internal_weight=0 0.969972 0.454748 399.517 396.856 4.01596 392.84 2.66147 2.42205 2.027 1.74171 391.098 377.348 16.6235 14.6874 3.45292 3.05657 360.725 13.7495 1.93615 1.35653 0.47544 2.60331 1.26626 1.6979 359.741 14.2114 13.7949 0.627374 2.21253 1.1926 12.5407 1.2542 0.899356 12.0119 11.2132 4.03345 3.44927 3.37511 2.57332 1.3712 10.3003 2.79383 7.1797 345.038 340.293 1.39092 6.7199 1.12859 14.7026 319.371 34.1052 26.1544 2.24523 0.983774 20.922 0.798714 13.4991 12.2348 1.01993 285.266 23.9092
internal_count=24676 158 106 24518 23953 590 23363 565 520 435 314 23049 22207 2244 2056 508 436 19963 842 188 131 107 392 207 372 19804 1988 1938 133 310 205 1797 141 171 1696 1577 435 360 362 247 137 482 344 1142 18135 17853 282 1066 235 1669 16294 3469 2726 234 159 1559 119 1534 1406 105 12825 2492
cat_boundaries=0 23 44
cat_threshold=4096 67112960 16384 327680 0 0 0 0 0 302514176 319291392 0 67108864 1056772 0 1073775616 2048 0 0 8421384 2162816 32 64 131072 0 0 0 0 33562624 279616 0 0 2156920888 20480 2097152 0 571998208 0 16781312 1 269484032 65540 3288334336 512
is_linear=0
shrinkage=0.05


Tree=16
num_leaves=63
num_cat=1
split_feature=66 58 71 67 49 56 13 50 53 48 66 58 67 56 51 50 67 63 58 56 71 64 3 66 50 77 66 64 66 41 58 64 28 57 58 51 48 66 82 65 50 65 64 48 66 0 54 57 50 67 80 8 51 48 57 51 67 64 66 1 57 66
split_gain=431286 472359 87865 86653.7 56941 47416.1 70517.1 47877.3 37143.4 35519.2 33347.7 26838.5 26375.2 33713.4 22575.2 15638.7 16494.6 16762.7 33291.2 12836.3 18882.1 12119.4 11553.2 11278.4 11069.6 10492.8 11069.1 10500.5 10059 9353.08 8990.1 8644.21 8425.29 7411.2 7366.86 7352.88 6867.7 5569.14 11082.3 9015.39 10421.6 6179.71 5461.05 5384.23 5311.83 9307.41 10849.8 5270.75 4921.56 4752.66 4744.66 4654.43 4578.1 4538.35 4447.68 4141.44 4296.68 5059.47 4087.17 4062.08 3983.42 4027.97
threshold=1822.7566666666671 907.14944057616469 79.801374535502205 1177.3350000000003 -256.41585586533984 91.531209520174002 0.50000000000000033 745.16240740244473 -340.96288658854581 -655.53032917682617 247.05000000000004 1859.9999890914717 865.75000000000011 16.306366941186244 -350.34180789197484 218.03918782455617 1369.8900000000001 862.64666666666687 390.9871395886077 181.70928264594269 32.399209441155008 94.512500000000017 2016.5000000000002 861.2600000000001 -346.09270193381144 1.0000000180025095e-35 100.18666666666668 587.5150000000001 578.23333333333346 -1.0000000180025095e-35 624.5267056420131 402.97750000000008 -1.0000000180025095e-35 -100.91031211115823 728.61593974221967 -717.88212977431124 -87.55768111520851 64.706666666666678 1.0000000180025095e-35 800.69500000000005 -25.474874375176245 503.31000000000006 922.56250000000011 -191.7160307453598 87.480000000000004 0 3.009821783992439 -24.5306683419584 -553.20386400471864 138.07500000000002 1.0000000180025095e-35 4.5000000000000009 121.72769883791423 -24.52655579550964 -19.51633754496136 -20.359133149610376 289.44500000000005 234.23750000000004 408.22500000000008 5.5000000000000009 -204.23044927825879 93.636666666666684
decision_type=2 2 2 2 2 2 2 2 2 2 2 2 2 2 2 2 2 2 2 2 2 2 2 2 2 2 2 2 2 2 2 2 2 2 2 2 2 2 2 2 2 2 2 2 2 9 2 2 2 2 2 2 2 2 2 2 2 2 2 2 2 2
left_child=2 -2 3 4 9 6 -5 8 -7 29 34 23 19 -14 -12 16 -10 18 -18 20 28 -15 25 35 -16 26 -21 -27 36 -1 -19 -30 -23 -24 47 -4 42 43 39 -39 -41 -40 52 -35 53 -46 -47 -11 -36 -49 -34 -26 60 -38 -48 56 -56 -58 -28 -54 -6 -62
right_child=1 -3 11 5 12 7 -8 -9 15 10 14 -13 13 21 24 -17 17 30 -20 22 -22 32 33 -25 51 27 58 -29 31 -31 -32 -33 50 37 48 -37 44 38 41 40 -42 -43 -44 -45 45 46 54 49 -50 -51 -52 -53 59 -55 55 -57 57 -59 -60 -61 61 -63
leaf_value=-11.37049408529165 6.1810253901971048 81.049802733721094 -16.346421200648297 6.4481916816677343 -6.0474120323865748 -11.78874752219555 36.494642032884997 22.251915401352726 -0.71426890333868331 -7.3726720058148976 9.8163217078925804 -24.775170593522361 18.377016177016557 10.660283622008443 -9.2103913128766326 -4.319731382248742 5.074563279288955 -1.0991753397833575 28.89595493230582 -3.6921662963958042 6.8748026453916626 6.6856199207501987 -7.2724909495373939 0.54244458625603986 1.9085716423243708 1.721279440012548 2.17487070378488 18.824071532651423 10.106726599427537 -25.820697333003121 9.9370480610715912 1.0635927348591048 -4.0662284300698976 -7.282665609122434 -17.369475162317368 -7.987186251583104 -0.57743788750018321 -0.38569137230710671 -0.39987816710629998 0.092190706832713576 11.555262264429672 -6.6125362423350182 2.8612644918417915 -2.3389104361241988 -0.66204647962831009 4.9795522388838833 -0.18540096109555021 -6.6680567547591112 -8.760591874194338 0.49967095019489466 2.4550909174164475 -4.2149871347427856 -5.272027536399623 0.027344876934055264 1.4798493216398203 0.85151456825211924 7.244952782568304 2.2943207374103287 9.7817211696076782 -1.2247813815212509 -1.94372839030688 0.15977681476284764
leaf_weight=0.23094463022425771 0.55284441448748012 0.3403850644826889 0.34553967299871136 0.50280241807922665 0.36512088938616116 0.39768273476511318 0.31927329581230879 0.33912031585350622 0.53661007247865233 1.5378357856534424 0.53013980994001064 0.28097024466842402 0.40499434876255636 0.37250173138454545 0.40273858071304869 0.39024896919727314 0.32135905185714342 0.35408340580761433 0.26980780810117722 0.89648759551346235 0.99893159535713394 0.42419700603932131 0.65899139316752453 0.30884150275960554 1.0647897026501589 0.19454753631725896 0.71375913475640118 0.1665985663421452 0.44906897330656537 0.21739174658432592 0.38535287464037538 0.64211283624172211 0.71874116221442796 0.60931927291676213 0.21865661302581429 1.1021643276326352 34.514286746038124 2.7404777635820214 0.69119341671466805 0.40778866922482848 0.38592025218531478 0.95098669454455376 0.79562724009156305 5.7289879724849015 6.3744177187327296 2.0476839775219622 4.6742719609756103 0.4096312597393984 0.68958428828045715 0.53112815879285336 0.45579199679195881 0.43794107018038642 1.2917991920840006 306.37812629668042 2.8655674844048988 7.0208087654318518 0.9167642132379118 1.1808295652735976 0.23463300708681345 1.1920767487026749 3.9242342761717683 5.4178644833154976
leaf_count=62 80 76 64 84 74 71 44 56 81 231 93 79 54 32 58 70 65 36 41 258 71 46 69 33 100 57 180 49 45 49 69 86 97 57 60 199 2838 254 70 47 63 87 64 468 633 139 604 67 171 54 59 96 117 12963 334 1035 87 179 54 119 498 652
internal_value=0 34.7114 -0.0696801 -0.0179432 -0.0887675 7.48098 18.1175 4.56073 2.30117 -4.8162 -3.77199 -10.427 -0.014247 5.23773 0.690158 4.7833 6.68584 9.67019 15.9466 -0.0458073 0.00953268 2.53823 -1.51227 -8.13187 -1.84892 1.81702 0.291329 9.61089 -0.00851211 -18.3772 4.65229 4.78524 0.645803 -2.11558 -6.98089 -9.98238 -0.0223153 -1.82045 -0.603667 0.973357 5.66581 -3.99763 -1.15225 -2.81417 0.017781 0.72006 1.00676 -5.56929 -10.8332 -2.62135 -1.53555 0.123982 -1.41419 -0.0338875 1.12277 1.63302 2.73852 4.45802 4.05681 -3.32965 -0.924058 -0.72382
internal_weight=0 0.893229 409.93 407.893 404.076 3.81634 0.822076 2.99427 2.65514 6.27078 5.82245 2.03752 397.806 2.37623 2.43561 2.25746 1.86721 1.3306 0.591167 395.429 381.05 1.97123 14.3797 1.75655 1.90547 2.20603 1.84488 0.361146 380.051 0.448336 0.739436 1.09118 1.59873 12.1737 3.38684 1.4477 378.959 11.5147 5.17637 3.53419 0.793709 1.64218 12.9867 6.33831 365.973 25.0803 18.7059 2.4786 0.908241 0.940759 1.17453 1.50273 12.1911 340.892 16.6582 11.984 4.96316 2.09759 0.948392 2.48388 9.70722 9.3421
internal_count=24728 156 24572 24197 23580 617 128 489 433 1041 930 375 22539 288 347 362 292 211 106 22251 20538 234 1713 296 254 598 492 106 20467 111 105 131 202 1115 583 263 20336 1046 521 364 110 157 1524 525 18812 3011 2378 352 231 121 156 196 1460 15801 2239 1635 600 266 234 236 1224 1150
cat_boundaries=0 21
cat_threshold=135267384 0 524288 0 0 0 32768 0 0 4026532476 1024 2097152 0 34078720 0 0 544 22020120 16386 0 512
is_linear=0
shrinkage=0.05


Tree=17
num_leaves=63
num_cat=1
split_feature=66 85 55 66 56 56 66 50 55 57 52 66 70 49 53 1 49 58 71 58 57 48 19 49 1 71 53 57 19 4 49 23 70 5 56 70 56 5 70 64 57 57 47 49 64 66 57 71 49 66 51 52 64 54 55 43 66 72 47 66 54 70
split_gain=307196 442610 262900 81165.1 101618 82869.5 35704.1 35266.2 29686.2 22093.6 22014.4 21621.3 38670.4 26758.5 20794.5 20531.1 18202.4 19902.8 17524.4 16966 15395.6 14380.3 13762.4 14312 13252.4 12950 12834.9 16424.1 12601.6 16532.7 11467.9 11307.5 13170.1 9254.49 9172.94 8791.43 8538.17 8220.81 9464.37 8885.71 8096.85 8505.26 13222.3 7434.42 7270.58 8163.38 5073.34 5031.31 5013.7 4833.26 4692.54 4687.15 4503.23 4395.89 3984.2 3424.89 3393.13 4407.35 4384.12 3693.43 5039.36 3191.58
threshold=1822.7566666666671 1.0000000180025095e-35 -367.64465925868137 713.57666666666671 782.80658939899581 75.354395648525696 1087.5933333333335 745.16240740244473 -184.11305967837876 -128.99877162683595 62.941998470907613 207.17000000000004 2.1307930643109856 -92.227494844584086 -266.13045224251903 10.500000000000002 115.16451015541718 505.76650284530598 24.275986239365853 1859.9999890914717 158.23748681795351 -316.59536758245548 0.68301270189221941 -83.850089930797608 5.5000000000000009 -22.977747361861436 462.42676124612325 88.065685736635814 -1.0000000000000002 1.0000000180025095e-35 168.16426220700842 -1.0000000180025095e-35 7.5417008887526817 1.0000000180025095e-35 91.531209520174002 0.92155117675662768 308.64413223166531 1.0000000180025095e-35 1.0747583667565259 777.07500000000016 -70.787038624301303 26.813906299751114 -95.46815131357765 -481.24043951539949 922.56250000000011 55.013333333333343 -27.700822066205557 16.122890323920874 -301.28845326456292 127.26666666666668 37.527691462990532 -18.644714541680855 830.85750000000007 184.83999835007134 -20.105441095861636 0.68301270189221941 43.448333333333345 0 -16.067839825967166 116.47333333333334 8.857113640596614 0.53564707897007724
decision_type=2 2 2 2 2 2 2 2 2 2 2 2 2 2 2 2 2 2 2 2 2 2 2 2 2 2 2 2 2 2 2 2 2 2 2 2 2 2 2 2 2 2 2 2 2 2 2 2 2 2 2 2 2 2 2 2 2 9 2 2 2 2
left_child=3 2 -2 4 8 6 -5 14 10 -6 15 13 26 36 -7 21 18 -18 24 20 -11 33 30 -24 -16 -26 27 37 -29 53 31 32 51 -1 47 61 55 39 -39 -13 -33 42 -42 -12 46 -46 -36 56 -38 -47 -27 -14 -23 -30 -40 -10 58 -58 -15 -59 -61 -31
right_child=1 -3 -4 5 9 7 -8 -9 11 19 43 12 22 34 16 -17 17 -19 -20 -21 -22 52 23 -25 25 50 -28 28 29 35 -32 40 -34 -35 44 -37 48 38 54 -41 41 -43 -44 -45 45 49 -48 -49 -50 -51 -52 -53 -54 -55 -56 -57 57 59 -60 60 -62 -63
leaf_value=-4.2825199091275934 104.68222790138913 -1.5412635141759086 26.068448738937676 11.097518736475811 -22.82834413062692 -6.9308870287395692 33.218020618703221 17.765294029031292 -1.5548153008684051 -8.850802879733358 -17.474918424021251 0.48540553571375533 8.0911733376867385 -0.52461560367371207 -2.3678989413644302 9.2067282448994217 5.1272511814766943 -8.7363970490404039 16.281399358336866 -18.758465366136431 2.1269934624302 -2.8653622735419075 15.815126362676907 4.4133177540639563 15.081381331537324 7.020716442306405 -8.7610443895714223 13.628818037994861 0.69360353498568761 6.4164456501445164 11.360351425160866 -3.2384076924425531 14.820232441496538 -13.663430395578395 -3.5029234998471157 11.718619105593467 -9.9446456922459205 -3.795262278158912 -1.8915436015164553 8.0932055943795689 10.236042535777317 -3.1113287380179275 1.7106413986842206 -7.8591106714653707 -4.1634697346742611 13.941832379517695 -0.9127458891419814 3.4774240166720469 -4.1041954237121478 3.1595115910232558 -1.6127824505473385 0.62556205189870939 1.8343385278075452 -7.4333793063704832 1.5275702025107654 -5.0505755932755676 -0.39844749063584389 0.66555817123683358 0.042834588924418472 4.1983008242460143 0.88674994662923867 -0.32920184289641785
leaf_weight=0.66687495307996891 0.21795687777921557 0.55160757759585977 0.20768753858283062 0.36974741308949788 0.29849196504801545 0.54599443869665343 0.36005392810329795 0.39659497467800964 7.8376639846246672 1.5308333099819713 0.26055084727704525 6.1895449454896134 0.35665748105384409 38.97048670030199 0.50730122299864921 0.36229513073340047 0.53148204414173938 0.50472779362462461 0.37601891485974182 0.33433415554463852 0.40357647603377689 1.2362703930120913 0.53044842462986708 0.57203662302345015 0.3637241264805201 0.36208503739908282 0.39189287787303406 0.31822335836477611 0.32707580528222102 0.33493365766480543 0.45152856362983573 0.7032432046253233 0.38295860704965889 0.43401070078834891 2.0911668539047303 0.46994844824075699 0.47413350665010545 2.711967394920066 1.4389170994982126 0.40918112266808737 0.62897279020398889 0.5034908850211649 1.642336605582386 0.87960085342638172 0.19146855967119236 0.19897516770288348 19.700142764719203 1.0572769595310081 1.6331842439249147 0.21759123052470386 0.27840376598760486 0.51213150564581134 0.86729272315278638 0.33868876611813903 2.0889845627825707 0.76943692564964283 8.3327169385738653 20.228297217981893 268.94332887092605 1.9131917094346125 2.8754567056894302 0.368012206396088
leaf_count=123 59 52 41 48 65 92 52 63 929 317 59 797 62 3089 66 54 74 90 51 98 73 167 53 52 38 62 49 55 66 63 38 72 37 91 212 60 82 408 184 65 49 57 184 167 39 61 1517 88 204 61 45 64 75 46 247 70 883 2020 9966 85 343 71
internal_value=0 28.0175 66.3237 -0.0493298 -0.124424 6.55767 22.0109 3.64076 -0.0610689 -10.0405 -4.00856 -0.0142793 1.52134 -0.10292 2.0263 -2.07525 3.69902 -1.6256 6.6221 -8.35806 -6.5605 -3.35079 4.82647 9.89917 4.21916 7.54676 0.171612 0.405058 4.44222 2.85226 3.7471 3.0203 7.09543 -7.98083 -0.0305698 6.42435 -2.56572 -0.273184 -1.57428 0.957158 1.55367 2.76817 4.0715 -10.0565 -1.01083 4.38196 -1.16131 0.0335726 -5.41826 8.30974 3.26796 3.69036 -0.92769 -3.44077 0.133024 -1.86732 0.0229031 0.501968 -0.0289836 0.68667 2.2098 2.88491
internal_weight=0 0.977252 0.425644 408.976 404.38 4.59613 0.729801 3.86633 401.813 2.56724 4.7069 397.106 21.6712 375.435 3.46974 3.56674 2.92374 1.03621 1.88753 2.26874 1.93441 3.20445 6.2838 1.10249 1.51151 1.00421 15.3874 14.9955 2.15688 1.83866 5.18132 4.72979 1.25175 1.10089 364.72 1.17289 10.7144 12.8386 6.23987 6.59873 3.47804 2.7748 2.27131 1.14015 22.3993 0.608035 21.7913 342.321 2.10732 0.416566 0.640489 0.868789 2.10356 0.665765 3.5279 8.6071 341.263 33.3497 307.914 25.0169 4.78865 0.702946
internal_count=24550 152 100 24398 23717 681 100 581 23164 553 736 22428 2779 19649 518 510 426 164 262 488 390 456 668 105 211 145 2111 2062 361 306 563 525 163 214 18364 194 1285 1701 839 862 362 290 233 226 1890 161 1729 16474 286 122 107 126 242 112 431 999 16386 3331 13055 2448 428 134
cat_boundaries=0 23
cat_threshold=0 2147483648 1 8404992 262144 0 0 0 2097408 2147483648 9 0 32 201359872 4194304 25165833 4096 0 0 2148008448 1088 25203712 1024
is_linear=0
shrinkage=0.05


Tree=18
num_leaves=63
num_cat=1
split_feature=67 52 54 67 56 53 41 50 56 50 8 72 67 50 57 3 9 19 53 56 47 54 50 67 9 27 56 49 65 58 47 3 9 67 67 54 34 30 63 56 51 47 45 51 5 18 67 58 10 67 51 65 10 3 63 3 56 49 63 58 67 49
split_gain=220443 535805 62122.6 66433.5 67455.1 50727.2 30363.5 32634.4 24985.2 19022.3 17323.2 16859.3 21545.3 16561.5 17008.8 16279.6 16159.6 15079.8 19146.2 14943 14248.9 13008.9 11964.6 11599.7 8806.14 7864.03 8074.99 9370.71 7636.1 7048.25 6429.78 5518.48 5386.41 5318.69 4566.24 10155.5 4384.66 4324.12 4253.79 5192.58 4718.77 4240.95 3842.02 3762.17 3670.4 6639.68 3660.35 3203.91 3054.62 2944.18 2910.02 2885.42 4422.29 2971.92 6259.08 2701.26 2583.09 2573.13 2525.92 2472.75 2355.29 2289.76
threshold=2610.3750000000005 -185.66264816128097 863.37185493659774 960.48000000000013 20.142157240282298 -340.96288658854581 -1.0000000180025095e-35 745.16240740244473 1650.5942866991188 -248.60050818032911 2.5000000000000004 0 499.42000000000007 328.38043139102263 -274.94190708688001 2019.5000000000002 -5.0980762113533169 -1.8660254037844384 237.10837380961866 7.9994996610902396 -264.8139295189693 84.835771072138996 -678.83705515602321 1369.8900000000001 -13.428203230275505 0.68301270189221941 308.64413223166531 -164.31533188398149 127.04000000000001 1859.9999890914717 -92.757038760517744 2019.5000000000002 -8.5801270189221928 389.79000000000002 222.18000000000004 2.0168216854197731 -1.0000000180025095e-35 -0.68301270189221941 932.97041666666678 91.531209520174002 -75.930046592578023 -51.189483582996921 0.68301270189221941 -113.78228987021679 0.6830127018922193 -1.0000000180025095e-35 405.92000000000002 372.45812630333012 -4.3168799669944195e-15 129.32500000000002 -238.96198647763472 152.19500000000002 -13.928203230275507 2017.5000000000002 506.86958333333342 2016.5000000000002 117.8806959058043 -18.574084180224489 1241.7095833333335 101.05246750814668 22.045000000000005 168.16426220700842
decision_type=2 2 2 2 2 2 2 2 2 2 2 9 2 2 2 2 2 2 2 2 2 2 2 2 2 2 2 2 2 2 2 2 2 2 2 2 2 2 2 2 2 2 2 2 2 2 2 2 2 2 2 2 2 2 2 2 2 2 2 2 2 2
left_child=2 -2 3 5 16 10 -6 13 9 33 -1 21 20 14 -8 24 -5 -14 19 -19 31 41 -12 -17 -16 26 28 -28 -21 -10 42 55 -24 58 38 -36 -30 -37 39 40 -32 -7 48 -44 45 -26 -34 -23 49 -22 -38 59 -53 61 -55 -13 -51 -42 -4 -39 -59 -54
right_child=1 -3 8 4 6 11 7 -9 29 -11 22 12 17 -15 15 23 -18 18 -20 25 30 47 32 -25 44 -27 27 -29 36 -31 34 -33 46 -35 35 37 50 51 -40 -41 57 -43 43 -45 -46 -47 -48 -49 -50 56 -52 52 53 54 -56 -57 -58 60 -60 -61 -62 -63
leaf_value=-0.44245970345818658 70.589573184512389 -6.5068513539773862 -9.6435629827766149 27.449901822521014 14.344357380605146 -2.7473985138430361 -8.0241732705130637 15.596041619698646 -13.686635149017926 4.1304649601904257 -19.94132101382651 2.2848971158194384 11.240408141962964 -8.5766067169382119 6.9372631581607411 2.5084414507478296 12.413122832128316 11.747724313518443 -7.5302320952831581 6.4967037837130652 -2.2172417826985282 -4.262582294748821 -13.095054229827239 10.254508511076331 -9.289578971623607 -2.2827717456325272 0.87162437340684973 11.565980533879678 5.221711782458307 -26.606845099599997 1.0146176794219224 -8.238252213120715 -8.2507232250100611 -15.565848318958666 4.5627968156650516 4.4493395487463925 3.9887756614891807 0.83155765555783023 2.8087700333853398 -0.97903959305766863 -0.38107013561765135 -0.4012709555546039 5.6764904716698776 -0.62062339802283772 -9.2119915328532453 1.6921931135916162 -1.3225968501021255 -7.9693043616521528 -2.4241863962892922 -0.79323025234341649 0.18266352414607184 4.05684947081006 0.36001698791583625 -0.42727429667752309 -5.1278138207020891 -4.4724860473446402 2.2376297247356516 -0.054099689144729485 -3.3582439709216541 4.2979918344310164 0.27084976345119199 4.6325008876184022
leaf_weight=0.61436015204526429 0.37436482310295105 0.5662079444155087 0.43445657938718785 0.34802173916250467 0.55147485155612219 3.3825473345350474 0.40061569819226894 0.39487356087192882 0.21261131484061468 0.33659541606902976 0.26852919207885872 0.24732841155491658 0.46384346345439453 0.44403934525325883 0.21961181284859832 1.2197050573304298 0.36718722712248464 0.42068191780708541 0.49792016576975573 0.80861646262928832 1.8526118674781162 3.2289835272822534 0.41997913178056479 0.80051293876022089 0.21118385437876097 0.91392400255426753 0.34517669025808573 0.50379819190129627 0.61023139907047053 0.20963302161544561 11.450383336050434 0.70401121256873012 0.67040463769808367 0.27434524241834879 1.6612969869747747 0.63536402536556025 0.58011596463620474 2.8198017997201528 1.3321381541900326 13.614806817378847 42.414078476373106 4.4737920367624593 0.37582552502863109 0.64299162663519271 0.26223112223669887 0.39523248467594285 0.2664079312235117 0.71139783156104375 4.7825478510931125 1.9270666118245574 3.7388588078320053 0.56745992461219152 1.3823957599233834 6.3794649853371084 0.79663450457155693 0.36786164622753859 1.1067152360919861 198.40084847388789 0.25289304181933403 0.62927043181844045 77.564841486746445 0.40560572990216304
leaf_count=80 88 63 89 22 53 503 68 54 51 73 67 76 63 55 46 96 80 38 60 75 208 384 99 67 63 72 57 65 72 57 559 84 147 52 87 78 62 254 110 1385 3516 138 53 79 66 91 59 106 595 209 490 70 313 602 115 62 136 5750 51 77 6181 94
internal_value=0 24.1789 -0.0552943 -0.014576 5.38595 -0.0913449 3.29205 1.89024 -9.53582 -6.09964 -7.59482 -0.0485549 0.0292933 0.521182 1.67241 2.92209 19.73 2.4636 1.98006 2.57786 -0.0280398 -1.40028 -10.2984 5.57783 -2.00795 2.06356 2.66662 7.21786 1.99321 -20.1012 -0.00958235 -5.21525 -8.38988 -9.6802 0.0262926 0.872178 1.25443 0.421883 -0.0111891 -0.022127 0.0173726 -1.4114 -1.21816 1.70228 -4.26948 -2.1322 -6.28052 -4.9318 -1.52588 -0.646669 0.693893 0.224751 -0.22368 -0.494653 -0.949091 -1.75578 0.312419 -0.0184928 -7.33104 1.464 0.0372329 1.32922
internal_weight=0 0.940573 402.316 400.596 5.61469 394.981 4.89948 4.34801 1.72053 1.29829 2.23968 392.741 380.945 3.95313 3.50909 3.10848 0.715209 8.88317 8.41932 7.9214 372.061 11.7967 1.62532 2.02022 1.08826 7.50072 6.5868 0.848975 5.73782 0.422244 370.742 1.3192 1.35679 0.961695 360.054 15.2773 4.92921 13.616 344.777 343.445 329.83 7.85634 10.6878 1.01882 0.868647 0.606416 0.936813 3.94038 9.66894 4.88639 4.31897 12.9806 9.53156 8.9641 7.1761 0.61519 3.03378 318.38 0.68735 3.44907 275.966 1.788
internal_count=24615 151 24464 24091 761 23330 659 606 373 265 452 22878 21747 552 497 429 102 1054 991 931 20693 1131 372 163 266 893 821 122 699 108 20471 222 305 192 19191 1690 624 1603 17501 17391 16006 641 1280 132 220 154 206 490 1148 553 552 1525 1194 1124 717 138 345 15447 140 331 11931 407
cat_boundaries=0 23
cat_threshold=4096 2147483648 0 65536 0 0 6144 0 0 268959744 285736960 16777218 100663296 4 16 33792 3088 32 67108864 32776 2293888 32 64
is_linear=0
shrinkage=0.05


Tree=19
num_leaves=63
num_cat=0
split_feature=66 85 58 48 66 71 56 50 19 64 49 53 65 53 70 58 58 54 70 66 10 70 47 66 47 55 57 57 48 80 50 64 65 82 55 50 10 65 66 65 49 65 70 5 63 47 64 8 48 54 4 5 57 49 70 47 50 58 57 47 66 71
split_gain=284123 344003 313002 65569.5 52455.8 56864.4 55934.4 25840 34098.7 27734.4 26896.8 22345.5 21855.2 19628.7 15836.2 15682.9 13764.8 13083.5 12815.8 33423.3 20045.1 15286.8 14458.1 12358.8 12158.7 13824 9303.94 9018.5 7517.56 6911.4 11193.1 6752.67 6603.53 6038.36 5633.23 5436.87 7225.68 9863.83 7206.67 6720.39 6838.77 7173.31 5378.39 5050.38 6279.86 4789.23 4220.38 3974.59 3713.14 3650.19 3297.08 3234.95 3227.4 3197.59 3167.01 4477.4 3562.63 3073.96 3631.81 3010.59 2872.29 2862.49
threshold=1822.7566666666671 1.0000000180025095e-35 1001.1459644821242 -655.53032917682617 713.57666666666671 56.648264311609523 75.354395648525696 -490.26397374206482 1.0000000180025095e-35 667.23000000000013 -21.176377815502715 -249.0413422480791 999.50000000000011 926.46187646722092 0.30313912567451323 579.53833415275551 264.64609128321314 117.99722697697429 2.1609966628280968 288.00250000000005 8.8301270189221963 4.7386833499445631 -25.874910539025265 160.16666666666671 270.19691667140819 -24.682151283818786 158.23748681795351 41.356137663714016 -280.97226504785374 1.0000000180025095e-35 -49.823198874545575 124.55500000000002 260.04500000000002 1.0000000180025095e-35 -93.515504558883734 -191.7160307453598 -8.2663658942446324e-16 952.06000000000006 122.58666666666669 667.38000000000011 2.6044638476587036 1195.5800000000002 5.6133236008066021 0.6830127018922193 681.60404761904772 -132.64779812596515 109.05000000000001 2.5000000000000004 -20.120416994230631 40.311665739677416 0.25000000000000011 -0.68301270189221941 -44.514090013923585 -396.33128570710181 0.19516863111214847 -138.93287692412116 -171.48081641414905 165.82853577791607 68.294003175711396 26.429841010319922 158.04000000000005 20.091000581035157
decision_type=2 2 2 2 2 2 2 2 2 2 2 2 2 2 2 2 2 2 2 2 2 2 2 2 2 2 2 2 2 2 2 2 2 2 2 2 2 2 2 2 2 2 2 2 2 2 2 2 2 2 2 2 2 2 2 2 2 2 2 2 2 2
left_child=3 2 -2 12 5 11 -6 -8 9 16 -10 14 27 48 53 17 -9 47 22 31 29 -22 26 -15 25 -11 28 32 -13 33 46 34 -1 45 -20 36 38 52 -24 57 49 61 -33 54 60 -21 -31 -16 -7 -41 -49 -51 -38 -5 55 -30 -57 58 -37 -59 -45 -42
right_child=1 -3 -4 4 6 13 7 8 10 24 -12 18 -14 23 15 -17 -18 -19 19 20 21 -23 35 -25 -26 -27 -28 -29 43 30 -32 42 -34 -35 -36 39 37 -39 -40 40 41 -43 -44 44 -46 -47 -48 50 -50 51 -52 -53 -54 -55 -56 56 -58 59 -60 -61 -62 -63
leaf_value=-14.805036728070306 18.75077287425707 -0.69996585991906268 100.59647063887941 -11.965622088668045 18.903577469140647 -8.7080869857048988 13.907417170568174 0.079046626416147001 21.009547916531549 -8.113444888988024 0.65415399655658757 -6.6563197351057362 -2.7270074189947611 -8.9478279318507248 2.4953896825469561 6.253717549564751 14.0259508385367 -11.623970129925283 -3.3021582098134448 4.1812467406847027 2.8538946869958557 14.290838417737019 -4.4121518389884153 -23.532733590353857 -12.685465898634469 3.5228193067936262 5.8285604380793457 -9.7524526907870452 -4.3142448892583021 11.662628058202266 -1.3587837921641439 0.98212238395168172 -26.395154738465358 4.9463919070442408 0.23508640096707278 -0.044861142260894715 -4.0127475507487276 -9.7533628692744259 4.54104354715317 1.550462905638196 0.71368782126492769 9.8883426788856355 4.6951877906076218 -1.2456103222780384 -6.4857639167020169 -4.1772666041654674 4.8588628560162732 -0.66070642215476472 -3.7769439050636615 1.9990144189488035 -7.229210443410178 -3.0835564463586129 1.5786307946811371 -6.6591689354535362 -0.36475524780219043 2.5451119586220039 -1.2714928036205297 0.6611672628789399 2.4235041325365905 -2.3787558235382558 -3.5628383518696012 5.3787196025403858
leaf_weight=0.24080612836405524 0.24452876020222791 0.54049930395558476 0.22365825809538364 0.3969913178589195 0.6642405900638545 0.53823549277149174 0.46632736362516958 0.39820656692609224 0.33869526535272598 0.55358454305678706 0.31157964002341021 0.5884474462363859 0.44768236367963254 0.31259861541911949 0.45839774888008855 0.51771123940125097 0.31833727774210274 0.39751049107871939 1.1429541269317258 0.22520203236490488 0.45662680454552151 0.81123256380669773 0.36380648706108365 0.27131140464916825 0.43955419957637776 0.47360084950923798 0.49819471500813861 0.30285724671557546 1.1563787376508106 0.45815613074228145 0.45008269511163235 3.0096869762055567 0.25099193677306175 0.43434351310133934 73.945709104184061 255.68531534378417 0.57772432407364249 0.55721701588481654 0.58806770946830511 2.9756457125768057 0.87806873535737373 0.42300884448923159 1.4428100285585967 8.8773659458383865 0.70023429417051453 0.71700232382863693 0.45356933539733291 0.46520707430317998 1.3131063850596536 0.45454343338496972 0.32417237875051796 1.0058641892392186 0.46645540511235484 0.99649810465052657 24.760756396688521 0.65108983591198821 10.04121431079693 1.1704489144030952 1.4989341292530287 2.6777888413053006 1.5744906188920147 0.52570866234600544
leaf_count=54 47 49 59 99 99 108 80 76 63 56 47 88 75 80 27 90 43 73 133 26 65 94 53 60 58 83 94 76 142 52 59 174 51 32 3983 11146 57 73 90 13 137 98 48 879 117 109 62 86 168 92 57 154 59 182 2793 13 711 125 303 279 198 77
internal_value=0 26.476 57.8494 -0.0929356 -0.0583673 -0.113949 5.66557 3.00086 1.20594 -1.78747 11.2562 -0.0682348 -11.5625 -7.73156 -4.01411 -1.33612 6.27521 -3.72436 -0.0333469 0.517867 4.97399 10.1718 -0.177849 -15.7246 -5.72632 -2.74835 -0.969388 -16.5401 -1.03943 2.56742 5.09291 0.293427 -20.7201 0.0689759 0.181245 -0.0345645 -2.33088 -4.38158 1.11913 -0.0126295 1.60595 4.18065 2.18532 -0.970231 -1.90179 -2.17945 8.27786 -1.20774 -5.21056 0.545672 -3.35818 -1.50164 -1.51497 -8.17092 -0.686456 -1.35873 -1.03909 -0.0514633 -0.0304749 -1.45416 -1.59468 2.46072
internal_weight=0 1.00869 0.468187 413.442 412.2 408.236 3.96413 3.29989 2.83356 2.18328 0.650275 405.801 1.24234 2.43525 3.55649 2.163 0.716544 1.64529 402.244 83.5474 4.00622 1.26786 318.697 0.58391 1.46674 1.02719 48.8482 0.794655 48.35 2.73836 1.36181 79.5412 0.491798 1.37655 75.0887 269.849 2.55327 1.6014 0.951874 267.295 6.26284 1.82679 4.4525 47.7615 11.1521 0.942204 0.911725 1.24778 1.85134 4.43605 0.789379 1.46041 1.04418 1.39349 36.6094 11.8487 10.6923 261.032 257.184 3.84824 10.4519 1.40378
internal_count=24674 155 106 24519 24263 23658 605 506 426 316 110 23242 256 416 614 333 119 243 22628 4837 499 159 17791 140 197 139 5035 181 4941 340 173 4338 105 167 4116 12756 332 189 143 12424 571 312 222 4853 1194 135 114 170 276 259 143 246 116 281 3659 866 724 11853 11449 404 1077 214
is_linear=0
shrinkage=0.05


Tree=20
num_leaves=63
num_cat=0
split_feature=66 85 67 58 23 57 56 66 55 70 59 49 60 57 67 24 65 47 48 65 70 10 66 70 9 9 70 57 65 56 60 66 3 3 68 64 57 3 70 10 67 32 64 9 66 60 58 65 70 47 54 3 10 48 68 54 5 47 58 44 43 66
split_gain=231691 301657 59100.9 78656 53645.8 47110.8 45422.1 56463.7 43107.5 26031.1 25151.1 22835.5 24442.3 18715.5 17673.6 20396.9 16125.4 12673.2 12522.4 12963 12144.5 10156 9095 8635.25 8167.84 7627.42 7407.1 7044.27 12518.2 6592.95 6532.99 6525.53 6420.73 6369.72 6666.88 11823 5863.68 6044.69 5722.01 5310.68 5259.95 5319.47 5070.04 4929.87 4877.82 5056.09 4837.11 4805.4 4491.73 4333.61 4137.21 5773.22 4061.8 3426.57 3349.92 2981.5 2965.99 2865.89 2832.14 2831.39 2766.87 2665.9
threshold=1822.7566666666671 1.0000000180025095e-35 1177.3350000000003 579.53833415275551 -0.6830127018922193 -174.46647281455927 91.531209520174002 1087.5933333333335 -450.29104563544291 0.87664331803595463 153.76783804174923 -223.46062452747938 174.11610112751922 -233.31818287901498 865.75000000000011 1.5308084989341916e-16 279.15500000000003 -92.757038760517744 -655.53032917682617 3381.1200000000003 1.4329252775783266 1.2552629691260372e-15 503.28166666666669 1.8924821387779083 2.7554552980815452e-15 -14.861215932167726 2.2028000306823183 57.881183226127852 975.38000000000011 91.531209520174002 229.42039491658952 247.05000000000004 2017.5000000000002 2016.5000000000002 0.58333333333333337 830.85750000000007 1.0831175038159684 2018.5000000000002 1.1538899015676269 1.5001923289555077e-15 113.89000000000001 1.0000000180025095e-35 433.64000000000004 1.898202538678398e-15 42.926666666666677 -57.43259359856787 264.64609128321314 285.04000000000002 1.9510611187067555 -264.8139295189693 0.5336464514125131 2018.5000000000002 -5.3480762113533142 -17.649621213361822 0.83333333333333337 36.921821783015695 0.6830127018922193 46.821655619754971 264.64609128321314 0.6830127018922193 0.25000000000000022 167.27833333333336
decision_type=2 2 2 2 2 2 2 2 2 2 2 2 2 2 2 2 2 2 2 2 2 2 2 2 2 2 2 2 2 2 2 2 2 2 2 2 2 2 2 2 2 2 2 2 2 2 2 2 2 2 2 2 2 2 2 2 2 2 2 2 2 2
left_child=2 -2 3 13 -5 -6 7 -4 -8 18 16 -12 -13 39 17 24 -10 20 32 27 33 23 29 -18 25 -16 52 54 -29 30 44 55 -7 34 -15 -36 46 40 42 -1 -38 43 -39 56 47 -46 59 53 -33 -35 51 -47 -24 -19 -20 60 -42 -45 -59 -31 -22 -52
right_child=1 -3 6 4 5 9 8 -9 10 -11 11 12 -14 14 15 -17 21 22 19 -21 31 -23 26 -25 -26 -27 -28 28 -30 36 -32 48 -34 49 35 -37 37 38 -40 -41 41 -43 -44 57 45 50 -48 -49 -50 -51 61 -53 -54 -55 -56 -57 -58 58 -60 -61 -62 -63
leaf_value=-3.3543693076839789 57.741398206041339 0.79216893490276608 5.2966124280747451 12.773186492352767 -26.722802615559164 -10.173644819834195 -14.025148871850163 31.766623657202366 10.55527807476529 6.0238940928519744 18.240053587098298 -2.8239983649265201 14.07489031821977 -3.3732111831837059 3.0238885338992327 13.569090828944326 7.2667963394072803 -0.52577487016373936 -5.8000525816106165 -15.898781388335571 -1.0816333141985135 -5.899794269778492 5.5895262541734745 -2.9999876925555 6.2668754973840732 -4.3011547592481483 9.9263759914457506 5.9434632557322846 -6.8383163403924314 -1.039790620592745 3.976309611227602 0.2438285102798525 -21.075403972807692 -5.2729348112187298 0.36331353735527716 13.172781533379165 -0.89749047470946408 -0.68510175080542435 2.1106779583263537 -10.115783495247612 3.05115009893168 -1.9914894068701141 -3.8260657579327702 2.836915456790416 -0.77340368599396325 -1.1406918856688806 -4.5393661674848005 0.8797848144407836 4.3865083226664172 -2.3069270827478188 0.37515850560180636 3.4763631139932181 0.15975183307109869 0.0023973307410512881 -10.381766635732701 0.957687098829895 -3.2198976593225654 6.2346591293107725 13.514626669644182 -4.8565868304332227 -5.4562462414876238 1.5155338053756906
leaf_weight=0.66208139178343006 0.39961163839325209 0.55614330433309078 0.48630137322470446 0.33201660634949792 0.31432441575452674 0.31526708137244019 0.32702641375362906 0.34396351687610149 0.36636910447850857 0.36952487565577019 0.53160178055986762 0.45880983071401693 0.40098398737609386 0.74536001402884955 0.81744375918060586 0.46440834831446398 0.4409024082124231 34.870764540042728 1.3658920321613552 0.33761545503512014 1.3331492121797048 0.63985341088846326 0.51575071737170208 0.38247394282370806 0.75089964107610274 0.62871849769726329 0.35969963250681747 0.3276130580343305 0.46126172179356217 7.4640005980618316 1.0639706721995015 1.252291211858392 0.23628794588148594 1.4296547956764687 1.0305661910679189 0.21829410828650009 1.4660170027054871 12.393845287617294 1.6426623975858081 0.5173332195263356 0.9797130350489176 0.46407333575189103 1.4333556196652342 0.30890273768454779 6.098847104003652 0.89151926734484677 1.3354763973038641 14.245764124905689 1.3703003246337173 8.8866551320534182 25.806531214155257 2.8145917672663927 1.0368402516469348 257.22043241257779 0.56355232466012228 1.1779110138304529 0.23348677530884743 0.38104076823219657 0.20572672924026847 0.51972776022739697 0.4959033248014747 6.3949060463346532
leaf_count=120 97 54 72 85 67 90 43 53 67 68 84 52 68 228 73 46 70 2769 256 88 181 91 92 70 95 80 40 76 84 818 99 119 52 178 275 54 341 433 103 98 234 100 137 73 667 132 146 179 132 818 2504 97 131 10179 100 105 58 89 51 61 33 736
internal_value=0 24.6033 -0.0432706 -0.105497 -6.58996 -8.08806 5.73488 16.2627 3.2713 -6.61526 5.0274 10.0939 5.05717 -0.0309071 -0.0123977 4.04853 1.17439 -0.0395475 -7.90992 -6.65842 -1.33818 -1.17444 0.0217383 2.49768 2.0361 -0.160671 3.46127 -5.51076 -1.53015 0.0043486 0.0643098 0.58557 -14.844 -2.21791 0.368917 2.60234 -0.722405 -0.229548 -0.679258 -6.32017 1.49292 2.85493 -1.0107 3.92142 0.0523611 0.557628 -1.75415 -0.0169236 2.40837 -2.71796 0.783702 2.36571 1.96345 -0.0606575 -7.13828 -1.00423 1.84425 6.73497 8.78709 -1.28826 -2.2677 0.601626
internal_weight=0 0.955755 410.93 406.552 4.62336 4.29134 4.37829 0.830265 3.54802 3.97701 3.22099 1.3914 0.859794 401.929 400.749 2.66147 1.8296 398.088 3.60749 3.05593 17.9401 1.46323 380.148 0.823376 2.19706 1.44616 1.91229 2.71832 0.788875 378.235 349.407 5.62956 0.551555 12.3105 1.99422 1.24886 28.828 19.5088 15.4699 1.17941 4.03896 2.57294 13.8272 2.10887 348.343 42.0064 9.3192 306.337 2.62259 10.3163 35.9075 3.70611 1.55259 292.091 1.92944 3.00696 1.2132 0.89567 0.586767 7.98373 1.82905 32.2014
internal_count=24691 151 24540 23870 966 881 670 125 545 814 502 204 120 22904 22686 294 298 22392 746 604 2123 231 20269 140 248 153 263 516 160 20006 17362 570 142 1553 557 329 2644 1619 673 218 946 605 570 505 17263 4136 1025 13127 251 996 3469 229 223 12948 356 319 292 213 140 879 214 3240
is_linear=0
shrinkage=0.05


Tree=21
num_leaves=63
num_cat=1
split_feature=66 58 57 48 54 71 71 66 58 57 63 3 70 65 57 9 65 72 58 24 66 70 50 6 51 3 70 3 3 70 48 19 3 66 65 71 66 89 57 24 57 55 63 70 14 60 55 65 50 52 53 55 53 5 66 58 54 60 66 53 24 50
split_gain=164496 361118 94041.3 74915.4 45348.6 41684.9 28386.2 22002.7 29254.2 21449.9 19152.2 19083.7 24525 17074.2 22572.5 16013.5 26173.1 14827.5 14180 11372.4 11310.8 30954.5 15166 20221.6 11267.7 10211.2 10840 9844.54 16146.5 9738.3 9054.57 8243.47 8011.32 7883.13 7660.11 8855.08 7481.5 6076.84 5943.26 5615.03 5565.09 5370.43 5354.1 5053.95 5045.44 4927.31 4651.35 4612.19 4378.17 4212.78 4170.2 3318.91 3127.15 2885.07 2767.68 5239.63 3456.48 5855.17 2757.58 2673.35 2702.51 2630.87
threshold=1087.5933333333335 1186.4323064341941 -274.94190708688001 -655.53032917682617 52.713395180416079 96.35682889936669 21.40862908596349 538.73333333333346 554.28712649772115 104.04666183514165 1199.3550000000002 2015.5000000000002 2.0295754002640085 1195.5800000000002 104.04666183514165 7.8971143170299749 1064.7400000000002 0 208.68926168442701 0.6830127018922193 149.65666666666669 5.9259715942823226 -31.200689336198959 1.0000000180025095e-35 -717.88212977431124 2016.5000000000002 1.1650502908602867 2021.5000000000002 2019.5000000000002 0.86837933202855921 -54.565318052624143 1.0000000180025095e-35 2018.5000000000002 342.66166666666669 503.31000000000006 1.4939528357176293 338.21333333333342 1.0000000180025095e-35 81.825690501052534 1.0000000180025095e-35 -57.735983864234036 -28.087290631398087 813.77416666666682 1.1312757893164549 -0.68301270189221908 -34.329639997970553 102.30052482307285 738.12000000000012 -403.71829647354963 -185.66264816128097 -191.78762106913248 52.952952661797347 21.57437528118475 -0.24999999999999997 80.833333333333357 10.245027661065953 62.928437506819655 123.80146665871375 247.05000000000004 -1.0113428647178193 -0.5 21.104117753977331
decision_type=2 2 2 2 2 2 2 2 2 2 2 2 2 2 2 2 2 9 2 2 2 2 2 2 2 2 2 2 2 2 2 2 2 2 2 2 2 2 2 2 2 2 2 2 2 2 2 2 2 2 2 2 2 2 2 2 2 2 2 2 2 2
left_child=3 2 -2 9 -4 7 15 8 17 10 -1 34 13 14 43 16 -6 18 41 29 30 25 23 36 -7 31 32 28 -14 33 50 46 44 37 -9 -36 -23 38 -10 -33 -20 -5 -34 -13 -27 -28 -22 -46 -39 -47 -19 61 -45 -26 56 -56 57 -32 -42 -57 -61 -51
right_child=1 -3 4 5 6 24 -8 11 19 -11 -12 12 27 -15 -16 -17 -18 20 40 -21 21 22 -24 -25 53 26 45 -29 -30 -31 54 39 42 -35 35 -37 -38 48 -40 -41 58 -43 -44 52 47 49 -48 -49 -50 51 -52 -53 -54 -55 55 59 -58 -59 -60 60 -62 -63
leaf_value=-10.055688010542154 -14.132724622001769 54.441863329911328 23.309410160039519 -3.3055022914752543 -3.8153219228959623 -18.59939049549136 16.385298438923567 -11.282128651430448 -5.1878698876560421 -0.39879783137073505 -25.597016281722389 -3.4002855302591954 2.2662387069816292 -6.915397495921896 13.871746000303581 -7.0053726800440037 14.859941036063148 -4.4491646239366949 -8.571336014891795 3.6682949109854186 0.91765424395114492 8.6267276491545175 0.16491012023864807 1.7598833427443048 -3.9426946814585557 -3.6542223217970746 -0.62852820163782175 2.6017390598749746 13.932854805097646 2.3426509958031936 0.0060121207477298747 14.640979606823002 -2.1482308614653092 -14.605428237711358 6.9531795449657494 -7.5383295540046422 16.283660546815177 -13.627422469481978 3.4654531223275016 3.8738635153182637 -4.814460975801663 -0.58582023416272067 -7.9798860411396184 1.1494332265952512 0.83469410112186471 -2.2092599003941 6.5176113018431669 7.2391935121106634 -6.6023960110598781 1.1045931805407938 -0.94395342208896682 5.760633105478747 6.3204478507481578 -10.447922200658901 4.114761213141402 -0.38709480152634734 -0.75266303949042346 1.9616373045493978 -1.5715499840668157 3.3996459380763597 0.66082018207962223 3.5239427405420649
leaf_weight=0.41413261159323045 0.53060285886749703 0.42375239636749018 0.46032196329906527 2.3053259574808171 0.37397509999573209 0.29167966870591044 0.43059169873595227 0.27284862217493255 0.87540387129411168 0.23857090948149562 0.38025667471811175 0.505333121865989 0.41648338339291502 0.52366661233827461 0.40215413365513075 0.38353891018778086 0.37648412678390741 0.8914805527310844 0.75384637853130732 0.35552916955202807 1.9900453123264084 0.70480812294408746 0.79912405018694599 0.74892007722519327 0.3782762533519417 0.39684524666517962 3.2969201880041572 0.52881143940612663 1.0300654501188544 0.3263772556092589 312.17615425447002 0.2352169407531618 4.4768418613821268 0.28900770796462882 0.20407168380916119 0.21805413533002138 0.58283067704178393 0.2949275909923017 0.25658612372353673 0.2495499721262604 2.0255697227548803 8.5367500118445587 0.43152717733755697 1.316415778826922 0.93143471656367427 0.62178744445555523 0.45572411478497077 0.40262327319942415 0.89432628266513325 4.2419829198624797 17.613285796716809 0.56506557180546213 0.37584741227328766 0.31021296116523345 1.0610078442841757 5.2535348865203551 14.766134659526868 3.87494789995253 0.96920249727554608 1.0958617178257544 5.0574687886983156 1.5285921306349335
leaf_count=88 56 76 74 288 70 65 59 83 178 54 84 70 93 83 48 36 48 141 75 94 499 49 102 43 92 77 349 32 92 54 13952 48 539 41 56 65 64 77 48 60 167 224 44 155 181 74 126 78 123 415 2097 48 51 52 24 534 1013 148 93 132 648 131
internal_value=0 11.6932 4.60463 -0.0982086 9.51452 -0.0642528 5.45589 -0.0395188 -0.0835741 -13.5465 -17.495 3.01979 4.07922 1.3215 2.98065 1.30588 5.55353 -0.044848 -1.23453 -4.77754 0.0315927 1.11608 6.00229 8.29282 -10.3631 0.41715 -0.0554815 8.43969 10.5739 -5.80005 -0.0354585 3.14172 -1.62952 -6.81818 -4.75288 -0.532583 12.0925 -5.84863 -3.22644 9.09825 -4.73152 -1.1641 -2.66093 0.987615 1.29526 0.963647 1.9611 2.76759 -8.34456 1.71813 -1.11282 2.10357 2.2979 -6.87376 0.0226166 0.753921 -0.00494485 0.0299891 -3.76495 0.441313 1.14858 1.74546
internal_weight=0 2.97927 2.55551 410.139 2.02491 409.106 1.56459 408.126 402.333 1.03296 0.794389 5.79375 5.09878 3.12342 2.59975 1.134 0.750459 399.04 14.5907 3.29216 384.45 22.6598 2.83568 2.03656 0.980169 19.8242 16.8936 1.97536 1.44655 2.93663 361.79 2.93054 6.63927 2.61025 0.694974 0.422126 1.28764 2.32124 1.13199 0.484767 3.74862 10.8421 4.90837 2.1976 1.7309 10.2543 2.44577 1.33406 1.18925 6.95743 18.5048 6.33564 1.69226 0.688489 343.285 12.4679 330.817 316.051 2.99477 11.4069 6.15333 5.77058
internal_count=24760 419 343 24341 287 24115 213 23906 23078 226 172 828 624 407 324 154 118 22463 847 615 21616 2927 258 156 209 2669 1936 217 185 521 18689 733 919 467 204 121 113 426 226 108 335 512 583 276 336 1017 625 259 200 668 2238 594 206 144 16451 1338 15113 14100 260 1314 780 546
cat_boundaries=0 23
cat_threshold=4096 2147487744 0 524288 0 0 0 0 256 302514176 310902848 16777216 67141632 17825796 0 8389636 1024 128 0 32776 2162816 8 65
is_linear=0
shrinkage=0.05


Tree=22
num_leaves=63
num_cat=0
split_feature=66 1 53 66 53 85 54 70 8 66 49 1 66 54 65 50 5 66 70 64 47 64 1 50 64 53 65 3 20 36 70 66 43 52 78 65 70 49 71 5 47 39 49 65 51 71 8 65 49 40 64 64 3 49 53 34 71 8 70 3 70 47
split_gain=171743 258876 49513.3 52657.5 41885.3 37638.5 47438.8 30894.6 28949.4 21537.2 21805.6 17131.7 20320.4 14524.7 14079.5 12727.2 12287.7 11976.6 18203.7 19697 17399.4 15268.8 10058.9 9194.38 8364.93 7353.86 7724.54 6938.97 8636.34 6685.66 6664.76 6414.09 5962.07 5779.17 5665.74 6565.31 6459.96 6369.39 5578.19 5470.49 5417.91 4943.35 4543.92 4475.62 4296.62 4108.27 3868.66 3771.12 3800.84 4932.48 5304.18 3614.71 3420.25 3352.84 3200.55 3072.4 2942.93 2896.45 2882.13 3088.72 2861.63 2804.88
threshold=1822.7566666666671 10.500000000000002 569.15041399846803 967.9000000000002 -340.96288658854581 1.0000000180025095e-35 331.87983095071871 2.6409494324045411 2.5000000000000004 752.93666666666672 -321.69577624677328 8.5000000000000018 160.16666666666671 68.28291997983483 667.38000000000011 -263.9001392533786 -1.0000000180025095e-35 174.23833333333337 2.0295754002640085 1315.2050000000002 -115.54723519751326 482.24000000000007 3.5000000000000004 -102.27207439804222 556.85500000000013 306.70387940281927 552.1400000000001 2016.5000000000002 -0.68301270189221941 -1.0000000180025095e-35 1.0747583667565259 366.76583333333332 1.0000000180025095e-35 -108.18404461991675 1.0000000180025095e-35 176.02500000000003 7.5417008887526817 -65.792611091487316 -13.866420856715562 -1.0000000180025095e-35 -264.8139295189693 1.0000000180025095e-35 -60.438171054503449 999.50000000000011 -67.718096596607225 -26.165267319215893 4.5000000000000009 667.38000000000011 -12.357851571895059 -0.5 728.3850000000001 922.56250000000011 2017.5000000000002 -223.46062452747938 6.7484627486146858 1.0000000180025095e-35 -2.3747793260911405 2.5000000000000004 2.4241359670834468 2018.5000000000002 17.938459920050498 -7.6106202657639432
decision_type=2 2 2 2 2 2 2 2 2 2 2 2 2 2 2 2 2 2 2 2 2 2 2 2 2 2 2 2 2 2 2 2 2 2 2 2 2 2 2 2 2 2 2 2 2 2 2 2 2 2 2 2 2 2 2 2 2 2 2 2 2 2
left_child=2 -2 3 4 8 6 7 -5 14 15 -11 12 51 31 -1 22 -15 20 19 27 40 29 43 -14 -12 26 46 28 -19 57 39 -10 -30 -28 35 38 -36 -37 -31 56 -17 45 -22 -6 -26 -32 -24 58 -49 -50 -51 -4 -40 -35 -41 -56 -29 -20 61 -60 -61 -44
right_child=1 -3 11 5 9 -7 -8 -9 13 10 24 -13 23 16 -16 17 -18 18 21 -21 42 -23 25 -25 44 -27 33 30 32 34 41 -33 -34 53 36 37 -38 -39 52 54 -42 -43 47 -45 -46 -47 -48 48 49 50 -52 -53 -54 -55 55 -57 -58 -59 59 60 -62 -63
leaf_value=-4.8826073573670543 1.3687607564197313 56.414171272414706 -7.491570053751329 29.136966237029881 -4.3452638534147487 -1.9655394241240367 -1.1593651579596751 11.443185367232116 -7.7069862884030265 16.859156125823155 7.9110104180906138 1.294574983712643 -21.203931437853232 -9.8227538456913983 8.474183214705258 -6.6143461336675902 -22.530587941729198 11.112829155817114 -2.1934771139653164 9.8476135657614741 -0.88981208268796697 10.641873692184603 -1.2015734329605883 -9.3528454487428405 -4.553835006955123 -7.21021469609164 7.873328745713116 -1.3110149244048674 0.29228295669363646 9.2176508570757409 -4.3498545423303616 1.6423849301062554 8.8957624928056447 -3.0756617084325062 2.7426084874933285 -5.3775052568901707 7.5436601816739257 2.2091588499920607 -1.9832552498204281 -5.0111755534323965 -2.1220025145678041 4.7681666329760892 -0.33113341262881013 -10.640692175478568 3.2542194248668439 0.28345441831806256 -6.4197215402040744 0.57180585398367001 0.42369391096965359 3.0162223912192432 13.21650666988792 -0.68891907191359836 3.8069867694257242 2.5363753649213581 -0.25506710771057745 -4.6036918009354784 2.3552780741175936 1.9849710841130315 -0.37156601740453871 0.32294222564157743 1.4605484862933877 0.017860646610436692
leaf_weight=0.38979288842529003 0.58187937689945002 0.33747283415868878 0.59853627812117227 0.38483525253832274 0.94038145430385955 0.70683156885206688 0.47702762857079495 0.68733984557911754 0.92362005729228236 0.35075213387608517 0.4561342829838384 0.40060988510958839 0.42972588073462248 0.50811959500424564 0.39952173037454486 0.75978656020015467 0.30405410612002004 0.25542162195779416 0.94365627015940823 0.50646683061495323 15.00444389740005 0.60971273621544231 1.3402050114236779 0.26433281321078539 0.36428371770307411 0.44866207079030562 0.35067969281226385 1.7199597188737246 1.6806043791584766 0.35164554254151847 0.51033465936780409 0.22891281731426716 0.22877931385301042 0.41178028844296921 1.6468072237912568 0.5216401182115078 1.2194763659499583 0.58906698692589976 0.36477008508518294 1.43535933853127 5.7537814611569038 0.58072961890138763 82.627752390224487 0.4034420270472765 0.34122952353209268 7.6523414240218619 0.48327934416010965 2.1142340709920977 0.4272475698962811 0.27779344492591784 0.23548647691495717 0.28984535951167345 0.84778800723142922 0.75248665153048921 1.121997107286006 0.63665175391361106 0.80284373066388059 0.7399492422118783 14.133859198074786 44.629982577869669 6.3095455076545468 189.86763573996723
leaf_count=59 75 75 111 62 118 73 73 90 203 62 65 75 86 115 43 121 68 46 66 92 1671 69 112 55 46 59 84 240 407 43 44 60 72 69 152 55 82 51 107 168 725 64 5170 65 61 840 117 52 35 30 70 53 82 71 179 73 118 113 1888 1313 166 7914
internal_value=0 21.5747 -0.0607939 -0.0216009 -0.0649413 7.5956 11.9579 17.794 -6.20968 -0.021963 5.93323 -7.9419 -10.2802 -9.45893 1.8781 -0.0449251 -14.5802 -0.012135 1.04708 0.134058 -0.0851574 3.04357 -2.51881 -16.6904 2.63422 -1.20005 -0.39233 -0.161857 2.47821 2.40234 -0.557095 -5.85004 1.32314 2.24636 3.24073 1.58572 4.78524 -1.35389 3.67307 -1.88461 -2.64602 0.310888 -0.0382534 -6.23527 -0.77738 -0.00622241 -2.58454 -0.000742346 1.74814 4.39245 7.69599 -5.27212 2.06513 0.551499 -3.25922 -1.82932 -0.144273 -0.357038 -0.0165685 0.282399 0.46385 -0.0879635
internal_weight=0 0.919352 400.744 398.761 396.505 2.25603 1.5492 1.07218 2.75402 393.751 1.5124 1.98305 1.58244 1.96471 0.789315 392.238 0.812174 387.108 24.966 17.1315 362.142 7.83451 5.13092 0.694059 1.16165 3.78709 3.33843 16.625 2.16481 7.2248 14.4602 1.15253 1.90938 1.51495 5.54119 2.67491 2.86628 1.11071 1.5642 5.71681 6.51357 8.74341 355.628 1.34382 0.705513 8.16268 1.82348 340.624 3.05476 0.940527 0.51328 0.888382 1.21256 1.16427 3.19401 1.75865 2.5228 1.68361 337.569 65.0734 50.9395 272.495
internal_count=24623 150 24473 24093 23795 298 225 152 548 23247 234 380 305 446 102 23013 183 22318 3163 2343 19155 820 695 141 172 512 453 2251 525 751 1726 263 479 224 572 338 234 106 232 778 846 948 18309 183 107 884 229 16638 187 135 100 164 189 140 420 252 358 179 16451 3367 1479 13084
is_linear=0
shrinkage=0.05


Tree=23
num_leaves=63
num_cat=2
split_feature=66 85 71 57 66 70 71 65 72 66 56 64 71 5 56 56 53 9 63 60 63 1 10 89 55 66 0 66 70 56 63 68 57 57 19 3 41 63 70 71 55 59 65 53 71 66 56 59 64 51 51 80 71 60 22 71 66 63 5 65 3 64
split_gain=162446 337532 47205.1 34545.3 37969.2 19623.2 23469.7 23603.3 18607.8 19337.3 24728.6 14424.4 17652.6 17641.3 13642 12270.2 11514.8 13923.7 10738 10223 9911.51 9323.03 9232.87 8759.86 8002.3 7433.72 6959.97 10895.7 18885.2 9570.89 10410.4 18134.5 8694.73 7615.22 5877.35 7444.12 13649.6 13340.3 5234.32 6996.4 5106.77 5041.91 4331.02 4694.03 3668.25 3587.15 4250.73 3418.5 3397.16 3376.75 3234.23 3114.73 3050.07 2994.95 2868.08 2673.91 2646.64 2570 2506.53 2448.14 2379.76 2343.51
threshold=1822.7566666666671 1.0000000180025095e-35 79.801374535502205 -274.94190708688001 776.4383333333335 1.7147197656122839 11.425679439055655 214.87500000000003 0 402.23333333333341 10.609492357312536 276.86000000000007 -8.2614423091904055 -0.93301270189221919 265.25365653982732 157.66367688132462 -249.0413422480791 -10.44615242270663 216.05541666666673 229.42039491658952 1275.1250000000002 5.5000000000000009 3.2320508075688776 1.0000000180025095e-35 60.330025555412398 305.89500000000004 1 89.040000000000006 38.031719532554263 86.991837652725906 1336.9604166666668 0.83333333333333337 -2.711483103089305 158.23748681795351 1.0000000180025095e-35 2016.5000000000002 1.0000000180025095e-35 1066.9950000000001 1.4017270860233462 18.082164551009438 -98.376489768903426 -6.193469760183965 474.31000000000006 -112.87077153484432 -15.62755287800937 232.8066666666667 52.084534852289401 9.6259692819260554 728.3850000000001 -63.570922647530452 -254.71624574240411 1.5000000000000002 -8.6383282902908842 35.964569029316003 1.0000000180025095e-35 -4.4978153607215861 479.39000000000004 577.44178571428586 0.25000000000000017 1064.7400000000002 2021.5000000000002 50.057500000000005
decision_type=2 2 2 2 2 2 2 2 9 2 2 2 2 2 2 2 2 2 2 2 2 2 2 2 2 2 9 2 2 2 2 2 2 2 2 2 2 2 2 2 2 2 2 2 2 2 2 2 2 2 2 2 2 2 2 2 2 2 2 2 2 2
left_child=2 -2 3 14 8 21 7 -7 18 16 -11 12 -12 -13 22 -9 17 -10 -5 20 54 -6 -1 -19 -21 47 27 53 32 42 33 -32 -29 38 35 36 -4 -37 40 49 -31 44 43 61 -27 55 51 -20 -34 -40 -43 52 -47 -18 56 -45 -15 -58 -52 60 -42 -28
right_child=1 -3 34 4 5 6 -8 15 9 10 11 13 -14 19 -16 -17 26 23 25 24 -22 -23 -24 -25 -26 41 29 28 -30 30 31 -33 48 -35 -36 37 -38 -39 39 -41 59 50 -44 45 -46 46 -48 -49 -50 -51 58 -53 -54 -55 -56 -57 57 -59 -60 -61 -62 -63
leaf_value=0.043020613230637973 54.97168502986473 -6.8081460672800835 5.6063497448319177 -1.1501204605441619 -4.846761366710723 14.32561307830953 19.56746852576525 7.485766350593912 2.7734432703516827 14.68463351900369 14.883233239602934 8.843891557774338 1.9786165155972701 -1.4388125760675841 -14.140786766132221 -3.1094998654379284 0.15021784295616489 -3.7635591152966614 -4.3872142149386448 0.42852007128921221 -8.9485970864887925 4.8531206486082921 -10.600877906004229 -13.666458883356214 9.620958034906117 -8.610180610748861 -4.4181642209234404 -0.1440327004178055 14.667689107848108 -4.6432532280134904 14.630452535342052 -2.5338276516460212 3.7163547576029168 -6.4164067037834975 -3.1835121077041046 -5.9532094901145225 -11.847573540995398 -17.568577860240875 -1.7889026948675877 5.3482292165890124 -0.75029881312765501 3.5559227899600891 1.1457151449888927 -0.52588402472432161 -2.6884869328090182 8.6298798955488856 -0.096993668869578595 -7.6569157194640205 9.4659201585832573 1.3959350741299517 -3.4240817172569757 0.89552550093561656 2.9683854770682263 2.2587340624066421 -3.8955564527209354 0.031679767609944988 2.8776051275594101 -1.4532855446099575 1.5800791362295812 -4.141417504036168 -2.1770076811973391 -1.1160401072033523
leaf_weight=0.53768315701745339 0.40555965062230726 0.48605234548449516 0.20009027305059024 6.8320766659453493 0.51597393816336934 0.54463402112014625 0.38134114956483234 0.49273442290723302 0.4280891097150743 0.40151804080232878 0.44012826727703214 0.61376068787649174 0.66603989619761683 1.4205380962230285 0.53590674628503621 0.61346540879458189 10.997060695895927 0.50157716940157004 2.2347099077887838 0.53841464221477497 0.3808268392458557 0.47648483631201088 0.32804136094637215 0.40252413041889668 0.42255983641371131 0.36842720257118344 0.79530259175226037 1.8591017590370036 0.33936450351029623 1.0224554347805774 0.2900094548240294 0.32784423721022904 2.0216973419301199 0.6430573845282187 0.50265798228792835 0.48325837403535843 0.2544719718862325 0.50604356871917844 1.6559440337587148 0.68866588966920961 20.335329385474335 0.42674830835312594 8.3480042573064548 23.182870657416061 0.901277866214514 0.38955669035203744 1.8321698098443446 1.2446078276261685 0.29431391786783923 1.6732284729368976 0.68177904468029715 0.74086613906547416 0.61106445337645654 1.9886813634075213 0.51813650876283635 296.73035347484984 1.0991657888516781 0.49762777285650361 0.3953396282158792 0.61864012246951361 3.4134339119773349 1.6562802877742795
leaf_count=89 96 48 53 257 56 98 67 55 50 59 62 80 60 191 98 90 229 88 323 82 76 79 58 88 67 45 90 304 7 117 73 63 293 67 80 79 74 82 112 44 1864 77 292 1814 113 58 195 211 92 136 102 87 56 139 103 14411 133 80 53 135 185 157
internal_value=0 21.2931 -0.0721257 -0.035093 -0.00810002 5.57312 8.38758 5.80503 -0.0498984 0.0320041 2.63738 1.90416 7.11318 0.854807 -7.87121 1.60995 -0.0146734 -4.65513 -1.42861 -0.150548 -1.28448 -0.189795 -3.99018 -8.17253 4.47062 -4.0176 0.00149048 0.769197 3.32469 -0.0548947 -0.901753 5.52278 2.4027 -1.03384 -7.83999 -9.46107 -4.16466 -11.8947 -0.916144 0.760742 -1.1815 -2.0867 0.021157 -0.00764545 -4.40677 0.00887302 1.58422 -5.55684 4.447 -0.188216 -0.12788 3.35298 5.17249 0.473123 -0.458934 -0.00872472 0.131203 1.52792 -1.58738 -1.03625 -0.955361 -2.18726
internal_weight=0 0.891612 410.244 408.297 406.896 3.02463 2.03218 1.65083 403.871 390.786 6.99872 6.5972 1.10617 5.49103 1.40163 1.1062 383.787 1.33219 13.085 4.87727 3.9163 0.992459 0.865725 0.904101 0.960974 6.25289 382.455 17.5002 4.51448 364.955 30.6686 0.617854 4.17511 30.0508 1.94652 1.44386 0.454562 0.989302 29.4077 4.01784 25.3899 2.77357 334.286 325.938 1.26971 323.487 3.57366 3.47932 2.31601 3.32917 1.50387 1.74149 1.00062 12.9857 3.53547 319.913 3.01733 1.59679 1.07712 24.3674 23.7488 2.45158
internal_count=24622 144 24478 24110 23865 445 310 243 23420 22239 993 934 122 812 245 145 21246 226 1181 732 583 135 147 176 149 924 21020 1064 696 19956 2796 136 689 2660 368 288 127 161 2593 292 2301 390 17160 16868 158 16621 396 534 385 248 232 201 114 368 507 16225 404 213 155 2184 2049 247
cat_boundaries=0 23 46
cat_threshold=4096 67108864 536887296 65536 0 8388608 0 0 0 839385088 17301504 5376 100663296 0 0 50180 8923136 0 0 8421376 128 32 64 0 1073750112 16384 0 0 67141632 8192 1073741824 0 0 2048 0 6 0 0 8192 134217728 66146 131136 0 160 134742016 1
is_linear=0
shrinkage=0.05


Tree=24
num_leaves=63
num_cat=1
split_feature=71 1 57 53 49 64 59 58 70 3 54 70 53 58 58 71 70 52 58 49 53 88 78 53 58 70 20 46 57 64 50 8 36 55 7 53 58 70 57 8 55 80 49 72 54 65 10 18 57 65 71 3 70 8 5 60 63 56 3 3 60 57
split_gain=58577.2 567026 54303 32731.8 21315.7 21302.9 51194.9 57530.7 22481.4 16405.4 24565.7 14401 46649.2 31751.5 18254.3 14961 12790.7 11859.8 11528.7 9904.71 9781.17 10395.1 9451.99 9047.11 7857.86 30398.2 13838.8 11022.4 9093.95 7598.15 7230.43 6598.5 6359.66 6204.18 7861.28 6103.91 5457.15 5080.95 4907.39 4851.19 4833.55 4536.14 4376.58 4261.66 5972.41 4968.19 3751.53 3805.17 3803.92 3512.15 3492.36 3632.8 4027.64 3377.4 3286.76 3174.3 3129.18 3116.14 2926.45 2864 2792.75 2623.65
threshold=-132.39333122099626 10.500000000000002 -274.94190708688001 462.42676124612325 -130.42271343319933 988.97000000000014 335.39209208821649 767.30987541340585 3.1633703720399091 2016.5000000000002 310.1164285866833 1.4329252775783266 -285.34942535953616 554.28712649772115 264.64609128321314 25.934495683237621 0.12193065473629873 -353.49571227507613 828.91256417742659 1306.5336882059187 -470.13031755666117 1.0000000180025095e-35 1.0000000180025095e-35 -555.30197816550049 104.84738958488155 8.0459301177864067 0.25000000000000028 0.25000000000000017 72.413707179748357 1249.7500000000002 66.430119357759722 5.5000000000000009 0.6830127018922193 -115.52615294389931 -1.0000000180025095e-35 -53.176029711855868 236.16337719729378 1.1429551188366986 11.532098210294246 3.5000000000000004 -43.556390583154034 1.0000000180025095e-35 -321.69577624677328 0 38.438861229172367 667.38000000000011 -12.745190528383292 -1.0000000180025095e-35 29.074981735636548 358.34000000000009 -57.581600810119518 2019.5000000000002 0.045979927872851441 7.5000000000000009 0.6830127018922193 123.80146665871375 1.0000000180025095e-35 195.15041310645805 2019.5000000000002 2016.5000000000002 74.507117630220634 104.04666183514165
decision_type=2 2 2 2 2 2 2 2 2 2 2 2 2 2 2 2 2 2 2 2 2 2 2 2 2 2 2 2 2 2 2 2 2 2 2 2 2 2 2 2 2 2 2 9 2 2 2 2 2 2 2 2 2 2 2 2 2 2 2 2 2 2
left_child=1 23 4 5 20 11 8 29 9 16 22 14 13 -13 35 24 -7 53 31 39 -2 -22 -11 -1 40 27 -27 28 32 -8 -18 -5 33 34 49 -4 -29 38 42 -20 56 -24 -19 45 55 58 -35 -48 57 -26 -40 52 -52 -16 59 -45 -14 -49 -37 -46 -42 -41
right_child=2 -3 3 18 -6 6 7 -9 -10 10 -12 12 15 -15 17 -17 30 37 19 -21 21 -23 41 -25 25 26 -28 36 -30 -31 -32 -33 -34 46 -36 43 -38 -39 50 61 60 -43 -44 44 54 -47 47 48 -50 -51 51 -53 -54 -55 -56 -57 -58 -59 -60 -61 -62 -63
leaf_value=-17.388520434167486 -12.230212252305071 77.490213172726143 -1.2605191197486549 -4.4672917632758455 -18.213478014227331 -3.4556264663956742 -0.13224747241846752 31.117545034074467 12.739408170279843 5.3584432782822571 -11.789344255217721 2.2786148700885844 -4.8875926516377666 23.951947397576319 -5.7253854105120503 6.7912908342803791 13.354611850233562 -7.5510666202737502 -17.719246970678217 -3.3215019513031203 -7.0688238421210787 3.4193069245702206 -6.9842914436724435 -5.750296917915021 -1.8016776337884064 4.085408452616984 15.594678603300157 2.4649705970837434 -5.0824152308602706 10.440747270355786 2.6673213154873454 3.6776783838239879 -3.904495210966541 4.962356593692884 -6.3473479589423363 1.6322132132863372 9.7448993291212815 1.6590368066349765 -5.4189969283271466 -5.6835991845534046 0.2157519363831007 -0.11595145302542212 -2.819520778759367 -0.074756394333702861 1.0363303662021506 5.8745189982755406 -1.2800788156023695 2.0897226995437279 -1.2729313868011727 3.8483162774023016 -2.6818343889318292 -1.529028111125686 4.2388957760744219 -12.281675443894798 -1.9564430771462691 1.5722277974077812 -0.84714381500067104 6.235845878857698 -0.51465490857568896 -0.74913468117679538 1.6519091605097089 -13.668091455488025
leaf_weight=0.3156127380207181 0.39681218704208721 0.2462621727026999 11.678391651716082 1.10313018457964 0.44144301395863195 0.3217634018510579 0.33228639629669476 0.31515702162869275 0.34373279847204674 0.55799645418301258 0.5958857382647692 0.32622049422934551 0.5259713982231905 0.3506048396229744 0.58602200821041961 0.89436438330449064 0.36716890335083008 0.5837770123034719 0.30599388084374346 0.42526723933406174 0.59994159825146187 0.38971593091264367 0.38880168320611097 0.35459328000433643 0.58163964119739808 0.53587514115497359 0.50951626617461443 0.60411611478775629 0.75783215928822834 0.34775678301230073 0.27814782783389091 0.32102302601560939 0.70147894578985859 0.83313027955591312 0.57328222668729356 6.0562917143106514 0.44857023470103741 0.93004673509858538 0.40228680637665037 0.22021494433283806 113.00656601111405 0.62978489557281137 3.0017813472077233 209.58792934892699 2.5001652159262511 0.57569665554910976 1.0844782390631706 2.5573571620043438 0.69268777035176743 0.52181604411453009 0.30564310797490302 2.4304141742177308 0.6734028838109225 0.29546714760363102 5.1526153455488375 2.9669745520222923 5.388088668929413 0.55078412499278773 2.1511544343084097 22.094021316617727 3.4896080032922319 0.19310322403907776
leaf_count=56 63 59 1452 142 66 102 53 50 46 34 93 45 120 70 107 101 90 94 39 92 96 63 50 74 63 52 51 83 89 62 72 92 60 91 69 1385 57 91 47 55 5321 94 317 8330 667 79 102 249 55 44 92 163 148 86 588 110 673 53 280 1244 246 48
internal_value=0 12.6091 -0.0456406 -0.00766963 -8.64463 0.0274633 3.45709 13.4584 0.599644 -0.729476 -3.14096 -0.0102838 0.412016 13.5057 -0.2198 0.346007 4.68773 -2.40792 -5.63424 -9.37067 -5.59797 -2.93872 0.127785 -11.231 0.302783 1.58587 9.69494 0.730211 0.155167 5.27451 8.74812 -2.63131 0.645395 1.07698 -1.59753 -0.143115 5.56709 -1.82412 -2.26205 -12.947 0.18798 -2.73765 -3.58988 -0.0911424 -0.138899 0.647389 1.86119 1.33232 2.07771 0.870163 -1.01302 -0.493149 2.07835 -7.92299 -0.808194 -0.0517668 -1.20648 2.82444 1.06952 -0.56763 0.258772 -9.41397
internal_weight=0 0.916468 415.781 413.953 1.82791 411.385 4.47848 0.9952 3.48328 3.13955 2.17247 406.906 134.934 0.676825 271.972 134.257 0.96708 9.20884 2.56873 1.14458 1.38647 0.989658 1.57658 0.670206 133.363 10.9526 1.04539 9.90717 8.85449 0.680043 0.645317 1.42415 8.09665 7.39518 1.67674 262.763 1.05269 8.32735 7.39731 0.719312 122.41 1.01859 3.58556 251.085 242.302 8.78314 5.71844 4.88531 3.80083 1.10346 3.81175 3.40946 0.979046 0.881489 29.7468 212.555 5.91406 3.10814 8.20745 24.5942 116.496 0.413318
internal_count=24665 189 24476 24188 288 23720 746 165 581 535 271 22974 7694 115 15280 7579 264 1145 468 234 222 159 178 130 7478 1118 103 1015 875 115 162 234 786 726 176 14135 140 952 861 142 6360 144 411 12683 10939 1744 550 459 357 107 450 403 240 193 2499 8440 793 302 1665 1911 5567 103
cat_boundaries=0 21
cat_threshold=67109505 1073741824 0 32768 4194304 2097152 1048576 0 2415920128 0 512 131072 16777216 1200 8 536870912 2149580801 0 0 135402496 276824064
is_linear=0
shrinkage=0.05


Tree=25
num_leaves=63
num_cat=2
split_feature=66 67 54 66 49 53 7 58 33 48 66 54 56 0 49 70 51 50 59 10 70 67 48 58 3 66 66 0 54 67 66 57 48 55 8 53 60 59 3 59 67 48 66 53 58 58 20 60 59 66 54 55 67 50 70 48 14 51 57 58 57 58
split_gain=223731 371381 43772.4 47317.1 37814.8 26223.6 25772.4 19998.1 19073.1 20204.2 16523.8 21741.7 18445.4 14849.1 14578.7 11761.7 14020.2 11376.8 9677.13 9738.06 9296.2 24709.5 18683 8575.18 8203.46 7932.99 6497.3 5190.85 9548.52 7019.79 6662.83 6337.79 4968.25 4751.55 4402.56 4866.46 4221.47 4367.58 3939.39 3640.17 3688.1 3599.45 3599.39 3350.93 4364.94 3575.09 3342.96 4211.92 3564.51 3286.67 4910.66 3188.93 3038.31 2998.41 2881.21 3282.42 2778.43 2574.8 2495.55 2542.37 2303.43 2193.32
threshold=1822.7566666666671 4214.1650000000009 863.37185493659774 1087.5933333333335 133.66815858049736 -306.43316306916205 1.0000000180025095e-35 524.66137228809419 -1.0000000180025095e-35 -781.8855438512586 589.25166666666678 405.21977214848897 44.961595661123589 0 -542.71858322101855 0.62660903537017898 -350.34180789197484 -248.60050818032911 -149.77633867337178 1.2552629691260372e-15 2.4241359670834468 865.75000000000011 -76.564120927554669 208.68926168442701 2018.5000000000002 160.16666666666671 196.9266666666667 1 249.82734686201891 783.1450000000001 371.37666666666672 -108.63443651896554 -23.867394134498543 -450.29104563544291 5.5000000000000009 101.1645665596091 174.11610112751922 56.871045370942262 2018.5000000000002 2.0612120457517453 517.46000000000015 -81.923176718116494 408.22500000000008 115.58351674211998 432.05963809067254 432.05963809067254 1.6160254037844388 287.77452203136664 -186.58172022401229 79.686666666666682 0.34572555399761845 -31.033506616747946 472.40000000000003 -106.07869017007391 1.1076718981202187 -57.78764628679135 -0.68301270189221908 141.7635680932656 19.048260465388115 257.00224608819923 104.04666183514165 83.603664042009385
decision_type=2 2 2 2 2 2 2 2 2 2 2 2 2 9 2 2 2 2 2 2 2 2 2 2 2 2 2 9 2 2 2 2 2 2 2 2 2 2 2 2 2 2 2 2 2 2 2 2 2 2 2 2 2 2 2 2 2 2 2 2 2 2
left_child=2 -2 3 5 6 8 7 -5 -1 -10 13 12 -12 23 -4 33 -17 25 19 -14 27 26 -23 41 53 -16 38 30 32 31 34 -30 54 -11 46 61 37 -26 -22 -28 -41 -7 52 44 -33 -45 47 48 -15 -40 -51 -52 -25 -20 55 -29 57 -34 -58 -60 -37 -36
right_child=1 -3 14 4 -6 10 -8 -9 9 15 11 -13 18 20 17 16 -18 -19 24 -21 21 22 -24 42 36 -27 39 28 29 -31 -32 43 56 -35 35 60 -38 -39 49 40 -42 -43 -44 45 -46 -47 -48 -49 -50 50 51 -53 -54 -55 -56 -57 58 -59 59 -61 -62 -63
leaf_value=8.4303848074412269 2.8912193422032599 69.242691706395448 -17.141545014573694 10.667902868601358 -3.342450529023453 -3.4377379800414469 5.3330344818510493 28.14509344936954 -15.693686602920701 -11.586591417629295 10.304330382481599 12.113990094694978 1.4466051564651472 5.0177802215220417 -4.7389657376715411 6.4247456763595778 -5.2706965568122897 2.6729950377017873 -7.1935420038548932 -9.2496236764338047 -0.40793858796181492 15.909138291581801 2.2448795306880918 -4.1352679155815437 5.0722043809755881 -13.446101042937244 4.5011475925611482 -1.5201160215158351 -8.4093920716478081 -7.9645619952010041 7.5711788010651873 -0.98684913931759688 -0.30626726201827542 -5.150130868720022 0.069885508312150166 0.14138566403819966 7.1157028082625615 -1.3748627478612565 0.38086769570714146 3.9776418503688138 -1.012009574533224 -0.87255816333883629 0.0027009862806346135 -0.98243350143309705 -7.6820574953155472 4.0484490149564785 -2.1807636096502225 5.266706186723396 1.1019920659772977 4.8823118591681487 -0.66629610539504036 1.8887872518076989 -8.2559666462000614 -0.25782028943241236 0.07652234130891486 -0.47064032031188568 0.022977484088654774 -2.6506152328382204 0.76019271159150958 5.1420237666837592 7.4440085382501948 -2.9593867284604003
leaf_weight=0.26015531970188055 0.66449104808270831 0.30894099362194538 0.34356302535161365 0.31780660105869063 0.50916976388543833 1.7330353325232861 0.60105809662491083 0.33748953463509679 0.43119561462663147 0.38711302750744003 0.5305041223764414 0.57529516983777274 0.39529121387749944 0.63759123370982429 0.68616780871525385 0.47567282430827618 0.55549974972382166 0.31773265427909692 0.241697792196647 0.46089556021615863 14.339967337436972 0.44859511475078762 0.56551583390682825 3.1887474474497135 0.53056418243795611 0.42276810016483068 1.4549607688095414 11.445458282250906 0.3253804445266727 0.51367378467693914 0.39987792214378792 0.65213625831529431 47.429241444915533 1.1058119989465907 1.0977766176220045 0.19624288333579887 0.60760723380371917 0.52032758202403784 46.72951525892131 0.62295925384387352 0.91326646460220218 6.4843944208696467 0.4541258830577134 2.0035304883494978 0.38844254380092025 0.42869257554411877 0.55520296702161509 0.80275466199964274 6.5672927869018123 0.96253995643928547 1.8661418445408342 3.5332654530648142 0.52032567770220328 0.4386140736751255 11.716718336800112 21.346059193369005 199.83784861862659 1.2008781570475537 6.808643657481297 0.34794646129012097 0.24009791482239962 1.3112991778180001
leaf_count=42 91 67 75 53 67 185 65 55 99 92 59 98 62 98 143 61 100 64 62 58 2005 69 46 364 53 90 153 1505 50 63 73 67 2783 217 286 49 42 48 1367 78 68 230 51 243 71 61 92 97 624 23 139 165 48 99 1263 1513 6982 135 1264 38 75 291
internal_value=0 23.9494 -0.0496787 -0.0157512 8.15202 -0.0511312 12.8105 19.669 -4.54867 -5.69123 -0.015368 3.06731 1.67032 -0.0485071 -7.89513 -3.98249 0.124331 -5.66846 0.236706 -4.3113 0.0243667 0.540149 8.28931 -1.30008 1.90163 -8.05845 0.428558 -0.0913703 -0.137984 -2.47871 0.66453 -1.73679 -0.108953 -6.81909 1.00494 -0.698979 3.7982 1.88007 0.327407 2.70885 1.01136 -1.41355 -4.19891 -1.11161 -3.48613 -0.095713 1.57115 1.83129 1.44852 0.526024 1.59222 1.0057 -4.71334 -2.72191 -0.596477 -0.836946 -0.0240677 -0.364159 0.0558315 0.973233 4.15968 -1.579
internal_weight=0 0.973432 411.122 409.352 1.76552 407.586 1.25635 0.655296 3.21545 2.95529 404.371 4.3008 3.7255 400.07 1.77023 2.5241 1.03117 1.42667 3.195 0.856187 387.69 71.4367 1.01411 12.3806 2.33881 1.10894 70.4226 316.253 304.445 4.31186 11.8081 3.79818 300.133 1.49293 11.4083 2.84542 1.6585 1.05089 67.4314 2.99119 1.53623 8.21743 4.1632 3.4728 1.04058 2.43222 8.56284 8.00764 7.20488 53.0915 6.36195 5.39941 3.70907 0.680312 44.5082 32.7915 255.625 48.6301 206.994 7.15659 0.436341 2.40908
internal_count=24676 158 24518 24146 240 23906 173 108 611 569 23295 581 483 22714 372 470 161 297 424 120 21836 4113 115 878 304 233 3998 17723 16038 555 1685 492 15483 309 1612 701 143 101 3699 299 146 415 463 442 138 304 911 819 722 1694 327 304 412 161 4281 3018 11202 2918 8284 1302 124 577
cat_boundaries=0 22 43
cat_threshold=524290 256 536870916 4194354 16416 0 133 0 1048576 268435492 0 0 1 0 0 67108928 784 16777348 2 1 512 2097152 0 1073750048 0 0 0 2149613568 131072 3221225472 0 8388608 3072 4 2048 0 0 35 138412032 33620578 541196352 131072 96
is_linear=0
shrinkage=0.05


Tree=26
num_leaves=63
num_cat=3
split_feature=67 41 48 67 56 48 53 5 59 67 63 53 1 57 64 67 55 50 5 55 0 67 70 64 14 69 50 10 48 21 57 51 50 56 67 59 57 58 0 67 56 57 51 56 56 56 70 70 89 56 36 54 50 18 47 3 64 55 3 70 70 73
split_gain=121889 302413 44265.9 38273.9 30412.5 34696.7 29183.8 21100.6 20632.2 19555.8 18079.5 15958.9 22720.5 12660.2 11128.9 22482.6 10756.1 10617.8 10158 8820.75 8774.28 9197.49 10087.6 10785.9 8123.42 7717.11 7325.75 7117.16 6991.76 6621.25 6450.94 6094.27 5564.44 5485.15 4931.36 4399.05 4372.82 4234.06 3373.82 6054.46 4534.33 3691.26 3243.89 3105.74 2946.48 2735.43 2674.01 2571.31 2424.38 2357.85 2152.69 2107.1 2088.07 2071.59 1967.93 1950.31 3354.92 2018.9 1898.29 1885.44 1883.26 1831.86
threshold=2610.3750000000005 -1.0000000180025095e-35 -781.8855438512586 960.48000000000013 15.494229639979453 -537.7160906381481 462.42676124612325 -1.0000000180025095e-35 153.76783804174923 1323.4600000000003 1762.2045454545457 -249.0413422480791 10.500000000000002 -154.63990139832109 1182.6475000000003 521.50000000000011 -450.29104563544291 -92.404901747859341 -0.68301270189221941 -109.59957272032777 0 448.08500000000009 2.2028000306823183 394.55750000000006 -0.68301270189221908 0.83333333333333337 -346.09270193381144 -12.500000000000002 -161.15281943547723 1.0000000180025095e-35 7.7938677714518452 10.217840107065593 -37.880251696706232 195.15041310645805 138.07500000000002 -10.430825951418255 12.318764451469855 554.28712649772115 1 129.32500000000002 138.09328772881727 -16.916138842957228 -50.083673414131404 170.47302258899606 1385.4919840729492 157.66367688132462 0.85788804767266558 1.4522727775456394 1.0000000180025095e-35 22.192642231161354 -1.0000000180025095e-35 70.025309287041026 -79.072829192250893 -1.0000000180025095e-35 -122.47578336154353 2016.5000000000002 858.2600000000001 -33.371294507030733 2019.5000000000002 4.7386833499445631 1.1429551188366986 2
decision_type=2 2 2 2 2 2 2 2 2 2 2 2 2 2 2 2 2 2 2 2 9 2 2 2 2 2 2 2 2 2 2 2 2 2 2 2 2 2 9 2 2 2 2 2 2 2 2 2 2 2 2 2 2 2 2 2 2 2 2 2 2 9
left_child=2 -2 7 6 -5 -6 11 18 13 -10 26 12 16 -7 20 24 45 -11 -1 35 32 28 29 25 -16 -24 44 -21 37 33 -29 -32 60 43 -26 -15 -31 -22 39 52 54 -41 -27 47 -8 -4 50 58 -28 -43 -18 -34 -30 -53 -40 56 -42 -57 -23 -54 -13 -56
right_child=1 -3 3 4 5 8 10 -9 9 17 -12 14 -14 19 15 -17 46 -19 -20 27 21 22 23 -25 34 42 48 30 38 36 31 -33 51 -35 -36 -37 -38 -39 40 41 55 49 -44 -45 -46 -47 -48 -49 -50 -51 -52 53 59 -55 61 57 -58 -59 -60 -61 -62 -63
leaf_value=-11.575611875891822 57.529746864979202 -2.7092015203044215 -8.1273115326889656 13.372314045646725 17.302457993082157 -8.1905815580678123 -5.0420797098754901 -23.644540040111099 -0.45143636314322411 16.818327379947629 -17.510182877851321 -4.2559822516723749 7.1325455856272812 8.708645151959173 -7.2691510736236715 13.605554300078495 -0.89122150935205768 5.5580739488269941 1.6201545953402006 4.8865298475764618 -1.6333242355065989 0.77996568296971347 -1.2057112194060822 9.8971275040147653 -1.1063617768267118 6.1099345543864363 -2.9452412745974121 1.0828761770236213 2.2945583304987269 1.1348374819310973 -8.3084083108790843 -0.19309876437318022 -0.67167707930274134 -2.6555461593944725 6.7854712713453509 1.432984127228532 9.5047456229227318 -7.0849154368079912 -1.4946546151955882 0.35690629759683273 -0.30608354877519212 6.8830208857857231 1.66077865132004 4.9059552575804739 -11.721521448277374 -15.947684876350046 -1.1499489490526924 1.8841333441203252 2.6338169709361656 2.963620296361487 -5.3469087050539912 -0.033645144456160916 0.034576597387842682 -4.0851272257563442 -0.27999344245389368 -3.8750254482405246 6.8744002016580286 -1.1331417897858891 -2.1680916811226116 1.705311851095614 -2.1961776182115753 0.038170230991920323
leaf_weight=0.37065777741372585 0.31881646858528256 0.6012881132774045 0.22470104694366533 0.74901947425678272 0.37220348929986347 0.48048139549791802 0.35085547808557738 0.24927322659641404 0.59453593613579847 0.43531490862369537 0.30063375132158388 1.992089815204962 0.45330418436788011 0.39876252692192793 0.26699676830321539 0.45082128793001164 0.32350432500243309 0.40331680327653885 0.24045076034963131 0.3922393005341297 3.0163187617436047 1.0437542190775264 0.94028004910796936 0.59272492676973332 0.39827039535157283 1.0768566948827358 0.67342747398652036 0.69684313563629985 1.2872027913108528 0.31574634462594975 0.60588819487020373 0.37422892218455672 8.2301690713502449 1.5838181413710115 0.39354920038022101 0.43373199226334724 0.30853156978264451 0.40385068068280805 2.2469427979085586 1.1679563364014032 1.259402370546012 0.49168060207739417 0.66125764814205434 0.4147414551116525 0.31186375534161925 0.22257944173179567 0.76611741096712638 1.5805988721549509 0.27393137919716537 1.747619575820863 1.6726962837856243 0.47029684204608202 16.091750493738804 0.95865492639131733 43.222138168988749 0.731368183856829 0.18680110853165377 8.1829336301889253 1.1451296294108031 1.8866191739216436 2.5051794201135635 292.5122361802496
leaf_count=85 74 74 58 99 75 73 50 43 71 61 56 223 87 59 59 75 25 51 47 67 417 223 54 39 49 98 141 84 76 59 73 60 188 209 90 43 42 69 287 136 333 9 82 66 81 43 133 147 32 219 298 43 511 113 2208 71 56 791 111 21 296 14971
internal_value=0 18.1636 -0.0550945 -0.0313936 3.95423 2.59437 -0.0897669 -11.3845 1.4575 6.48531 -6.25454 -0.0605693 -3.3459 -0.672986 -0.030467 4.25441 -4.82581 11.403 -6.38352 0.571827 -0.0467094 0.012276 1.53562 3.7939 0.272895 2.44326 -4.15289 -1.17676 -0.0267106 0.379994 -2.59495 -5.20982 -0.970351 -0.149408 2.81603 4.91801 5.27143 -2.27704 -0.0059661 0.480755 -0.0500112 2.63566 4.41727 0.799218 -8.1853 -12.019 -3.66108 0.34737 -1.33204 3.8242 -4.62482 -0.979392 0.349184 -2.7517 -0.0198629 -1.08178 0.621395 -1.3581 -0.762331 0.209901 -3.10858 -0.00999268
internal_weight=0 0.920105 412.135 411.274 5.93657 5.18755 405.338 0.860382 4.81534 1.43317 1.91071 403.427 3.6629 3.38218 399.764 1.50964 3.2096 0.838632 0.611109 2.90169 398.255 384.098 9.66344 3.27112 1.05882 2.67839 1.61008 2.0692 374.435 6.39232 1.67696 0.980117 14.1564 5.76804 0.79182 0.832495 0.624278 3.42017 371.015 22.6728 348.342 3.40726 1.73811 4.18422 0.662719 0.44728 2.76232 3.76948 0.947359 2.2393 1.9962 9.65912 19.2656 1.42895 337.981 10.3605 1.4462 8.9143 2.18888 17.9784 4.49727 335.734
internal_count=24584 148 24436 24261 816 717 23445 175 642 183 360 23085 644 459 22441 273 557 112 132 386 22168 21305 1130 273 198 234 304 284 20175 857 217 133 863 756 139 102 101 486 19689 972 18717 364 180 547 131 101 456 481 173 228 323 344 608 156 17466 1251 389 862 334 532 519 17179
cat_boundaries=0 21 44 45
cat_threshold=524306 0 536870924 4194306 1024 0 257 0 2147483648 268436512 0 0 1 0 64 67108868 8389264 5243008 16386 0 512 0 1074307136 16384 0 0 69369872 131072 0 0 0 16809984 2147483652 18 0 2048 1 134219776 66 64 256 64 0 1 25186368
is_linear=0
shrinkage=0.05


Tree=27
num_leaves=63
num_cat=3
split_feature=66 70 47 66 56 55 56 72 67 53 56 58 55 71 66 65 49 77 8 58 57 50 60 72 58 10 56 58 67 58 58 70 70 64 67 54 47 52 60 71 8 65 9 66 54 79 71 54 47 66 60 53 56 67 67 59 64 66 53 0 67 54
split_gain=130709 247819 42963.2 32858 41904.9 33642.4 24962.2 15872.7 28330.5 26738.3 21674.6 23350.6 13852.8 11350.8 10292.9 10354.8 9997.62 9712.3 8607.75 7356.59 6211.88 6173.32 6135.3 5742.24 11699.3 8171.31 7671.32 6428.04 5845.57 5590.44 5703.29 4409.43 4041.66 4837.63 3889.14 3114.97 3029.79 2973.29 3464.84 2909.44 2884.8 2751.38 2467.14 4084.01 4311.08 3602.38 2884.21 2523.01 2454.64 2885.65 2264.85 2226.47 3033.57 2066.64 3298.37 2044.88 1897.08 3200.84 1821.35 1753.45 3365.84 2102.36
threshold=1822.7566666666671 3.3365991454804909 -781.8855438512586 1087.5933333333335 209.8146234653149 -24.682151283818786 874.55244221799887 0 644.2700000000001 270.01613074853623 14.163654048057428 624.5267056420131 -201.50854315462388 22.758280877228596 433.62333333333339 388.97500000000008 -164.31533188398149 1.0000000180025095e-35 4.5000000000000009 241.44674936145915 -28.623051406899069 -553.20386400471864 246.22312133810874 1 135.83055889884554 14.361215932167728 134.34627915504589 554.28712649772115 443.01000000000005 579.53833415275551 460.62079905160988 5.6133236008066021 1.415512905537528 229.28250000000003 175.50000000000003 104.64241750688194 270.19691667140819 117.36255332591804 123.80146665871375 -14.728207840702984 2.5000000000000004 135.96000000000001 -8.5801270189221928 65.973333333333343 176.66947487774624 1.5000000000000002 -14.728207840702984 36.132744318955694 -106.84370754903229 408.22500000000008 -42.58378330427346 237.10837380961866 344.68039507160591 499.42000000000007 533.65000000000009 179.07843714743748 345.19000000000005 266.54666666666668 -13.568932061483745 2 186.50000000000003 9.0301043260809291
decision_type=2 2 2 2 2 2 2 9 2 2 2 2 2 2 2 2 2 2 2 2 2 2 2 9 2 2 2 2 2 2 2 2 2 2 2 2 2 2 2 2 2 2 2 2 2 2 2 2 2 2 2 2 2 2 2 2 2 2 2 9 2 2
left_child=2 -2 18 6 -5 -6 7 16 12 10 -10 13 29 14 -12 19 35 21 -1 50 -18 -8 34 24 31 28 37 32 36 30 -9 -14 48 -34 -23 56 40 38 53 -17 -26 -40 45 -44 47 46 -22 -45 -28 -50 -16 52 -37 58 -55 -41 -4 -58 59 60 -25 -62
right_child=1 -3 3 4 5 -7 17 8 9 -11 11 -13 23 -15 15 39 20 -19 -20 -21 42 22 -24 26 25 -27 27 -29 -30 -31 -32 -33 33 -35 -36 51 -38 -39 41 55 -42 -43 43 44 -46 -47 -48 -49 49 -51 -52 -53 -54 54 -56 -57 57 -59 -60 -61 61 -63
leaf_value=-6.5213349324757317 0.51257540848227368 53.609939707368063 -5.0652576044381474 17.883098729762782 -7.2788815318262436 9.1288672753462627 -13.820415016647281 -4.0990399851326123 12.4996463126894 -8.5973698125220768 -3.3469865386886641 12.697776220680762 0.17838024617011708 8.310000057557609 5.3781475620642567 -1.9084475985592499 -3.7024655645485058 2.3725837884232739 -16.894147387431293 10.06950127027962 -9.2223368061474051 -5.9097988471364769 0.93829570400051154 0.18935819402896492 5.0562482253591376 -3.0121250172292191 -2.4465114211499968 -6.8737521773285994 11.690231561898152 -9.1973872129564995 2.5176044756232598 2.6400510897843672 -1.3163669638920288 4.1072785329601542 -13.188573515286723 -5.3957094652222075 8.5183942847867229 -1.2301295998814779 2.9170284369304009 0.48936648585207848 1.187722843969391 0.59262923192152217 -1.0509445563492086 2.4247458240231601 5.5150713256006334 -0.28843842307693524 -2.7283616337863652 -2.5274144896740252 -1.065578592450741 2.5515939443753171 0.76182629876554531 -2.7216375019472281 -11.040790067369256 5.0124650384758951 0.40432644590614664 5.1937995489092073 -4.1859010284217462 1.5498408192823137 0.048805703026737764 -0.32913387872545763 5.2754781959176764 1.4080615217799957
leaf_weight=0.4066030674148341 0.66231462266296048 0.3288641613908112 0.78940197778865628 0.57172494055703182 0.58020277926698316 0.67688263813033689 0.29452848713845003 1.563699176302179 0.67219453258439799 0.45066578267142166 0.99482893152162422 0.56493925396352995 12.501838773023339 0.63153271283954371 0.50750198354944576 0.98409605026245106 2.3789696970488867 0.31111110933125008 0.39361931663006544 0.55296762194484461 0.28160470840521157 0.82639733375981339 0.26811010600067664 4.4671783782541752 1.1140437580179425 0.36544093070551742 3.1918346483726046 0.47219846211373884 0.28800828056409944 0.40083113312721241 0.41135361231863488 2.1288990061730138 0.82405308424495227 0.82051637908443809 0.23590432782657444 0.6140359337441621 0.33640185720287252 4.7548955392558119 1.6043106671422709 0.83383052656427048 0.84929047781042744 6.1670378975104541 6.8379503318574262 0.50880664936266817 0.51781432051211584 0.72941803932189941 0.43524445756338426 0.52011453523300588 9.4816527718212384 0.58541641384363252 0.55764697166159782 0.30773686803877343 0.38860162347555161 0.52391287358477656 1.5003986605443058 0.31949889892712235 0.58135785069316626 0.41820907825604081 269.40557313896716 51.179855477996171 0.58459409652277805 0.88094356842339039
leaf_count=77 76 78 100 87 63 98 69 232 95 53 63 76 568 61 50 90 316 70 93 47 34 190 52 550 92 49 418 60 51 98 26 28 60 64 46 103 92 701 52 129 219 504 116 31 73 4 72 71 1120 103 59 42 88 57 171 58 99 72 11867 4285 66 115
internal_value=0 18.1298 -0.0496358 -0.026628 6.66015 1.55594 -0.0571453 -0.0296485 0.0498536 3.18701 3.98936 3.02741 -0.00774468 2.01231 1.17508 2.37295 -1.24221 -5.72086 -11.6236 5.39044 -1.40987 -7.27044 -5.82039 0.0164306 0.711422 3.98666 -0.0367813 -1.13029 4.97502 -3.81359 -2.72096 0.536575 -0.948318 1.38962 -7.52619 -4.5897 4.13404 0.0114367 0.0289903 0.0885955 3.38282 1.07248 -0.855084 -0.526119 1.79408 -2.76225 -5.27943 -0.0785466 -1.2383 -0.855234 2.96132 -6.44181 -7.58363 0.00430764 1.59696 1.7926 -3.23308 -1.78612 -0.00556631 -0.262044 0.32451 2.95075
internal_weight=0 0.991179 403.348 402.548 1.82881 1.25709 400.719 398.783 383.474 7.0697 6.61904 5.94684 376.404 5.3819 4.75037 3.75554 15.3093 1.93605 0.800222 1.61812 12.2099 1.62494 1.33041 374.028 17.5839 2.95319 356.444 15.3757 2.58774 2.37588 1.97505 14.6307 14.9035 1.64457 1.0623 3.09934 2.29974 341.069 336.314 2.13743 1.96333 7.77135 9.83095 8.38469 1.54674 1.44627 0.716849 1.02892 13.2589 10.0671 1.06515 1.31037 1.00264 328.542 2.02431 1.15333 1.78897 0.999567 326.518 57.1126 5.93272 1.46554
internal_count=24649 154 24495 24325 248 161 24077 23650 22429 781 728 633 21648 557 496 433 1221 427 170 156 717 357 288 21292 1099 503 20193 1825 454 356 258 596 1765 124 236 504 403 18368 17667 277 311 556 401 291 175 110 106 102 1641 1223 109 233 191 17111 228 187 271 171 16883 5016 731 181
cat_boundaries=0 22 45 64
cat_threshold=4096 2214592512 536870912 65536 0 0 0 0 0 302514176 1359480832 4352 67108864 256 0 134267908 537396224 132 0 32776 6291456 32 132096 0 2146304 0 0 2097152 1048576 0 0 0 4608 1073741824 134217728 160 16777216 1073741824 2097184 1024 2097152 3424256 268435490 0 8 0 134217856 20480 1073758784 2416444416 34848 57344 0 393216 2048 32768 131077 0 0 268435456 1124073472 0 268435456 272
is_linear=0
shrinkage=0.05


Tree=28
num_leaves=63
num_cat=2
split_feature=66 42 50 56 58 70 33 8 49 70 1 72 67 67 59 56 50 55 53 70 58 66 64 67 3 66 63 9 53 3 23 66 47 55 67 71 70 17 63 70 71 51 55 23 23 48 9 0 66 54 49 48 70 3 71 67 55 60 50 70 55 70
split_gain=89966.7 222162 146314 41982.9 35474.8 33003.2 30226.1 28417.3 24747.5 22048.9 11844.1 10335 69613.7 11386.5 9896.23 9836.84 9210.18 7837.24 7177.79 6630.46 6459.83 6391.79 6354.18 6745.95 5717.34 7091.3 4949.38 4731.72 4594.87 4748.06 4905.04 4442.62 4229 3830.81 5451.35 3746.46 3710.68 3499.55 3467.85 2970.33 2848.85 5533.43 5022.88 2698.22 2667.37 2567.55 2976.76 2542.62 5642.57 6429.18 5105.86 3511.39 3411.45 3835.97 2821.93 5179.26 2773.38 2646.8 2516.88 2468.29 2370.92 2222.49
threshold=1087.5933333333335 0.25000000000000017 -490.26397374206482 121.14380744377017 579.53833415275551 2.5900459959900934 -1.0000000180025095e-35 3.5000000000000004 -658.57911840417 0.58098875388658078 5.5000000000000009 0 733.35500000000013 1263.8200000000004 563.94848153526448 153.57939137537679 -678.83705515602321 -201.50854315462388 214.84794889124603 1.1429551188366986 728.61593974221967 527.19666666666683 1779.9500000000003 343.27500000000003 2018.5000000000002 386.42333333333335 394.64083333333343 -10.500000000000004 -191.78762106913248 2018.5000000000002 1.0000000180025095e-35 196.9266666666667 -138.93287692412116 -24.682151283818786 594.5350000000002 -18.518910794298957 2.5900459959900934 -0.6830127018922193 862.64666666666687 0.82144581880593914 -9.9630136070764124 -61.757230249344154 -21.213570325602788 -1.0000000180025095e-35 0.25000000000000022 504.80554663769391 2.5105259382520745e-15 1 116.47333333333334 3.009821783992439 -35.60978030872009 -38.75929239505875 1.1650502908602867 2017.5000000000002 -18.518910794298957 702.98500000000001 -31.033506616747946 1.6920800024691973 51.194069931659392 0.29587002102742593 -14.606527604955344 0.82953754056336793
decision_type=2 2 2 2 2 2 2 2 2 2 2 9 2 2 2 2 2 2 2 2 2 2 2 2 2 2 2 2 2 2 2 2 2 2 2 2 2 2 2 2 2 2 2 2 2 2 2 9 2 2 2 2 2 2 2 2 2 2 2 2 2 2
left_child=4 3 -3 -2 11 7 -6 -5 10 16 -8 12 28 15 18 21 -10 -17 20 24 -11 32 23 44 25 45 -15 37 -1 30 43 -26 -13 -29 -35 -28 -31 -21 -32 -27 41 -23 -42 60 -18 46 -19 56 51 50 -50 -49 53 -51 -54 57 -34 -56 -59 -12 -30 -33
right_child=1 2 -4 5 6 -7 8 -9 9 14 59 13 -14 26 -16 17 22 19 -20 27 -22 40 -24 -25 31 39 35 33 29 36 38 61 47 34 -36 -37 -38 -39 -40 -41 42 -43 -44 -45 -46 -47 -48 48 49 52 -52 -53 54 -55 55 -57 -58 58 -60 -61 -62 -63
leaf_value=-3.2283208325679369 17.152905772319965 64.859244587976434 11.696770985300009 7.1452960034931854 11.292242644775644 -12.993580566639762 -20.799868936244263 -7.4713909538979522 -15.142771501410799 -1.8919708466909588 -5.0773643755656792 -1.5478745122209807 15.249092408673915 -10.131092474650998 9.3665453311031488 -7.470979681067452 -5.9465110055999668 -1.9075446084831111 -7.1356020060062235 0.6805756525864004 7.2134459614531501 8.7243503453571254 0.63196928272750108 -13.421958030382934 -1.8656614471446873 7.5909528409584262 -6.9960345348540818 -0.64797829191714351 -1.6835945070718001 0.097999530663629555 4.195727831752575 -7.5253967496330434 -2.1960106426192776 0.9450641621841982 6.6171321026484193 0.50936843939137222 1.9244294328298215 -4.6576536404880207 11.736162951598416 1.0845960607879532 -1.7748259643968698 1.5674637926419699 4.7250749501968015 -2.7482971106133824 -0.44668560710830629 -4.9103862570871293 1.2678304034552283 -0.74026691307024151 6.3015852356845086 1.7381276503087897 0.75528860565374722 0.011772384172366309 3.935559808934384 -1.2601297698871097 0.20877761639907788 -4.2877318210090944 -0.41995390363701524 1.4792566308094788 4.8002584973723428 -12.656587698664911 4.7397471605730424 -3.3453443122992357
leaf_weight=0.70887561421841816 0.39766247011721123 0.26040332531556487 0.25731122866272915 1.0947705241851506 0.29943280713632692 0.42531899362802494 0.31441504182294 0.47758685704320658 0.25819328054785717 0.48383903922513105 0.26658839639276266 4.6076607259456059 0.8662511482834806 0.35468819178640731 0.31089374772272993 0.4917981752660151 1.6302059739828112 1.7132266531698439 0.31360449036583304 0.65028026467189193 0.32605246594175696 0.44451132509857416 0.39107845700345922 0.28775192145258177 7.3458015418145788 0.36805797601118673 0.29973784321919084 0.9542317502200609 0.20315247448161233 10.40953804226592 0.48708365904167283 0.52821449376642682 2.4261193519923863 1.0239528245292588 0.72250029118731629 0.37340188445523381 3.7946568792685857 0.5816026143729689 0.2219611806795001 0.33514641644433141 0.72254265123046935 0.68823262257501505 0.50492229079827555 0.31064731813967306 0.25493303826078761 0.37821870995685447 1.2966734827496109 16.385133557487279 0.93426905898377299 1.4695633021183301 0.74652889207937068 294.54213175084442 0.81776619097217818 3.8922534494195133 4.1273061113897676 0.46221655653789717 23.381107881199569 4.1915705264545977 0.66039683227427293 0.17991725588217378 0.49056259775534272 0.79900595964863896
leaf_count=152 67 69 32 83 52 75 68 91 65 74 67 538 52 50 59 81 369 387 44 49 74 49 83 59 575 72 29 119 52 366 108 59 270 84 93 81 84 64 63 75 91 82 67 85 44 86 269 1954 99 354 34 13999 67 517 553 27 439 505 87 46 113 95
internal_value=0 8.7359 38.4368 2.31653 -0.0827986 -0.636838 -4.13984 2.70563 -5.0608 -3.57612 -13.366 -0.0284245 0.910123 -0.0932585 1.47156 -0.0814346 -6.14164 -1.25006 -0.713135 -1.06683 1.77376 -0.0257921 -5.23523 -6.29121 -1.61987 -0.0791639 -5.35124 0.728257 0.710446 0.885855 3.37223 -2.34667 -0.0428595 1.89961 3.29157 -2.83266 0.585931 -1.83974 6.5562 4.49003 2.56768 4.37597 0.898933 1.12446 -5.20275 -1.0275 -0.539584 -0.0232723 0.0204227 0.899871 3.83819 -0.0278583 0.583713 -0.438369 1.11789 0.873836 -0.423009 1.13953 1.93128 -8.13138 2.85869 -5.00894
internal_weight=0 2.91305 0.517715 2.39534 402.03 1.99768 5.31691 1.57236 5.01747 4.25655 0.760921 396.714 17.4927 379.221 1.43439 378.193 2.82216 17.1887 1.1235 16.6969 0.809892 361.004 2.56397 2.17289 12.7643 4.09132 1.02783 3.93257 16.6265 15.9176 1.71341 8.67302 358.644 2.70068 1.74645 0.67314 14.2042 1.23188 0.709045 0.703204 2.36021 1.13274 1.22746 1.00436 1.88514 3.38812 3.0099 354.036 328.229 17.3019 1.6808 310.927 15.6211 5.36182 10.2593 9.44149 25.8072 8.97927 4.85197 0.446506 0.693715 1.32722
internal_count=24596 417 101 316 24179 249 1104 174 1052 871 181 23075 1075 22000 251 21840 620 2108 192 2027 148 19732 555 472 1618 889 160 409 1023 871 421 729 19443 296 177 110 450 113 171 147 289 131 158 250 413 742 656 18905 18196 2243 133 15953 2110 871 1239 1172 709 1145 592 113 165 154
cat_boundaries=0 23 45
cat_threshold=131072 0 32770 0 0 2097152 1064960 0 16 536870912 5120 0 134217730 8 34603008 262144 10486016 1027 0 139476992 268435456 512 25 2147483704 16777216 12 268435458 0 16 64 0 0 1073758265 0 2097152 0 0 64 8192 2048 18354176 2 3221225488 0 2097152
is_linear=0
shrinkage=0.05


Tree=29
num_leaves=63
num_cat=1
split_feature=67 1 9 71 57 67 58 70 20 71 65 48 48 63 53 60 54 66 8 58 65 50 8 58 68 0 66 1 47 63 17 47 21 52 47 68 47 20 60 47 67 71 66 54 58 66 71 56 57 48 51 20 54 58 56 57 66 56 71 18 63 5
split_gain=117730 196572 42074.5 27039.5 20379.9 22913.5 68147.7 16486.4 21969.4 15700.2 15259.4 14408.4 12911.7 11892.2 11355.9 12170.9 10164.9 9873.99 9314.28 9150.52 9107.52 6122.83 7290.38 6022.88 5850.78 4833.02 5592.75 7853.67 5736.01 4784.15 4753.18 4595.26 4445.93 5833.68 10817.1 4398.34 5244.8 4309.57 4019.51 3891.27 3869.62 3954.72 3866.43 3708.63 3574.34 3444.79 3394.52 7272.37 3298.46 2974.2 2973.75 2827.05 3124.79 3072.89 3419.83 2482.23 2347.34 2333.41 2258.43 1994.34 1874.64 1820.81
threshold=2155.0000000000005 10.500000000000002 4.7500000000000009 79.801374535502205 -274.94190708688001 644.2700000000001 1096.7346936288111 1.0747583667565259 -1.0000000180025095e-35 41.83884827073495 43.030000000000008 -234.12091644116711 -604.62867513069511 1199.3550000000002 -178.12587337965945 16.579326152041741 2.9194131066116804 210.01333333333335 2.5000000000000004 1292.4226177461446 19.030000000000005 -248.60050818032911 4.5000000000000009 1859.9999890914717 0.58333333333333337 0 152.46333333333337 2.5000000000000004 -52.907876877972676 628.20875000000012 1.0000000180025095e-35 -294.84379852886212 -1.0000000180025095e-35 -258.37260608991716 -280.29647112696205 0.83333333333333337 201.94130605025535 -1.0000000180025095e-35 -105.95246573232602 -66.143970492465613 1462.4950000000001 5.847825267625379 446.18333333333334 377.70041926073276 285.3521443891928 320.27333333333337 32.399209441155008 145.41446176243088 38.522210177220266 -6.2777996009287111 52.004947664048323 -1.0000000180025095e-35 56.89281189688662 24.865598177975169 27.169346411717388 72.413707179748357 651.89166666666677 16.016433864863178 -4.4978153607215861 -0.68301270189221941 1199.3550000000002 0.25000000000000017
decision_type=2 2 2 2 2 2 2 2 2 2 2 2 2 2 2 2 2 2 2 2 2 2 2 2 2 9 2 2 2 2 2 2 2 2 2 2 2 2 2 2 2 2 2 2 2 2 2 2 2 2 2 2 2 2 2 2 2 2 2 2 2 2
left_child=3 2 -2 4 12 11 7 8 -7 10 20 17 -1 -10 15 38 -16 19 -19 30 -9 22 -14 43 -18 57 28 29 31 -28 -6 -27 -26 -34 -35 39 44 -20 -12 -29 41 42 -36 -5 51 -38 61 -48 60 -43 56 -37 53 -53 -55 -54 -44 -13 -41 -33 -45 -30
right_child=1 -3 -4 23 5 6 -8 9 13 -11 14 25 21 -15 16 -17 24 18 37 -21 -22 -23 -24 -25 32 26 27 35 46 -31 -32 59 33 34 40 36 45 -39 -40 58 -42 49 50 48 -46 -47 47 -49 -50 -51 -52 52 55 54 -56 -57 -58 -59 -60 -61 -62 -63
leaf_value=-15.655973300056917 -4.1437433212423995 44.372075689296558 15.206205614707692 -9.2609669150587806 -4.2319504898698614 6.9980663682204707 22.438823469654249 2.8540589763057342 -3.2853764124078086 10.885738134766662 -1.014597732629279 -0.47464596827043865 5.15337321697886 -14.258223855748094 7.6056705794883745 11.257195365420664 -5.5241759832061526 5.5078175269322642 1.5955306085000738 -11.821943665027387 13.427911924311525 -10.053756878910209 -5.5004596268089436 -13.103596581064492 -4.483076219596585 -6.1243061377674701 -0.67805936221143126 5.5141468922277639 0.101794251299623 -6.5372574857395938 1.2071290257113656 1.0830365222095519 -4.3320978250171152 8.7868930125536728 -4.2272151458463219 2.0984094797001354 1.6467485875265002 -5.6424096308410263 4.8858674220832761 -0.85748479188569482 -4.4906214113261145 1.1052193929433125 0.37995948021936704 -3.789281285910981 -2.9695086951187055 7.5742541565119481 7.041385957239962 -0.28457231742992756 -0.23900895820586149 6.8184669431078859 -2.0678390345908375 -2.4126180546536005 -1.2856749842306767 4.0803332580914873 0.77160400803222995 3.1263608839397379 4.781792643349454 -1.756250427332454 3.3905006167445522 -0.92448044346100611 -9.0073214636725325 -0.14863043818686103
leaf_weight=0.29135801759548485 0.71321614319458493 0.39167364314198483 0.46350047970190644 0.37403061985969444 2.5112225185148418 0.38259389530867327 0.40343286562711078 0.39517182228155068 0.75425481749698231 0.50357571989297945 0.57575257867574681 6.409510266967116 0.27766560018062592 0.36710650334134698 0.41972430865280586 0.50382207985967387 0.5179441263899206 0.59054657514207043 0.34915175521746278 0.35789635498076666 0.42017477797344327 0.26129052671603747 0.38078380585648119 0.26051569916307915 0.4881323580630087 0.4100185413844909 2.4189416356384785 1.0959210481960329 224.43506935425103 0.40701285284012545 0.47815569350495923 1.3413010179065192 0.54284958820789775 0.41976078087463564 0.48069871356711935 3.3729751068167371 0.51117921550758261 0.50040518073365092 0.57877364987507185 0.57848461321555078 0.37635832279920567 0.51457904372364283 0.73274958366528131 0.49723755801096536 0.63311404199339527 0.47090737381950021 0.54007516824640223 0.90877598174847662 0.46198235335759819 0.40873347595334042 0.60655948659405101 0.50604859879240205 2.9207474132999782 1.1022949072066697 2.6788431699387729 0.35784700536169101 0.51624087081290781 7.9652557759545743 0.68146177916787276 15.931373619474469 0.26325260987505317 107.28264753730036
leaf_count=53 86 73 62 60 450 55 97 53 98 53 54 216 40 59 68 53 24 55 53 92 50 48 80 75 94 65 286 71 9192 71 65 155 79 46 49 408 107 101 78 47 51 60 98 95 91 70 15 137 83 56 83 111 467 119 419 82 65 520 61 1994 48 6695
internal_value=0 13.6905 3.47807 -0.0351047 -0.00715001 0.0125245 2.27247 1.49805 -3.34776 2.30767 1.79935 -0.0510575 -6.48339 -6.87762 1.10912 4.77299 0.100545 -2.77709 0.684822 -4.26652 8.30311 -3.57767 -1.00778 -6.05453 -0.461508 -0.0169794 0.0278109 0.894827 -0.0152249 -1.52194 -3.36196 -0.892774 0.053993 0.535601 1.18714 1.35289 0.980875 -2.66775 1.94335 3.3353 0.30976 0.864026 -0.230845 -4.90427 0.683149 4.48897 0.0313507 2.44626 -3.57128 3.63437 0.804454 0.894557 0.357856 1.24647 1.73618 -0.804117 2.19935 -0.698724 1.4401 -0.768588 -5.59557 0.020803
internal_weight=0 1.56839 1.17672 401.724 399.867 398.656 10.909 10.5056 1.50396 9.0016 8.49803 387.747 1.2111 1.12136 7.68268 1.65835 6.02433 4.78738 1.4401 3.34727 0.815347 0.91974 0.658449 1.85702 5.60461 382.96 368.585 17.7358 350.849 2.82595 2.98938 17.6827 5.08666 4.59853 4.05568 14.9098 12.554 0.849557 1.15453 2.35587 3.63592 3.25956 2.33625 1.5965 11.5719 0.982087 333.167 1.44885 1.22247 0.923313 1.85555 10.9388 7.56578 4.28719 3.78114 3.27859 1.24899 14.3748 1.25995 17.2727 0.76049 331.718
internal_count=24441 221 148 24220 23859 23638 1423 1326 212 1114 1061 22215 221 157 958 185 773 816 209 607 103 168 120 361 705 21399 20663 2410 18253 357 515 2214 681 587 508 2053 1874 154 132 179 462 411 295 286 1697 177 16039 152 226 116 246 1606 1198 649 538 549 163 736 108 2149 143 15887
cat_boundaries=0 22
cat_threshold=2147483670 67109120 537396236 0 65536 0 385 0 1048576 536871017 0 2097152 0 0 0 8192 1040 128 16384 2147483648 512 524288
is_linear=0
shrinkage=0.05


Tree=30
num_leaves=63
num_cat=2
split_feature=67 49 52 47 67 40 58 57 23 4 57 57 52 54 1 52 47 65 9 40 67 80 63 63 34 67 40 67 67 71 67 53 33 36 0 58 65 53 67 3 67 59 3 9 0 67 57 53 3 53 1 76 54 58 67 20 63 9 54 3 32 65
split_gain=65439 220347 127753 30535.3 19730 20494.8 18877 17821.9 21044.7 16689.5 31409.7 13135.6 12834.5 12105.1 17091.4 15831 11889.6 10561.2 9112.56 11766.7 8595.35 11177.5 11120.8 7252.27 9992.34 7038.26 6342.59 8884.35 6427.85 7114.66 6928.95 16161.2 6239.98 6125.58 6020.54 4593.8 4363.05 4263.41 5686.87 3753.18 3604.61 3485.06 3242.9 3197.22 2938.27 8082.88 3639.27 3553.14 2924.55 2890.92 3386.85 2880.12 2893.39 3660.59 2652.51 2579.36 2497.64 2495.54 2226.55 2510.77 2370.95 2212.47
threshold=2610.3750000000005 -256.41585586533984 -23.524311615903105 -655.53032917682617 1323.4600000000003 -1.0000000180025095e-35 348.061010304901 -154.63990139832109 -1.0000000000000002 -0.6830127018922193 -174.46647281455927 34.457252305940862 1105.5117764855647 354.55149751582957 4.5000000000000009 -185.66264816128097 -1043.4975641227381 952.06000000000006 12.312177826491071 1.0000000180025095e-35 865.75000000000011 1.0000000180025095e-35 415.90803030303033 932.97041666666678 -2.7554552980815443e-16 222.18000000000004 -1.0000000180025095e-35 157.94500000000002 841.08500000000015 -11.436321495408979 466.77500000000003 -178.12587337965945 0.25000000000000017 1.0000000180025095e-35 0 1186.4323064341941 214.87500000000003 -191.78762106913248 448.08500000000009 2016.5000000000002 135.05000000000004 -30.194707655586075 2015.5000000000002 -3.4820508075688772 1 98.035000000000011 -13.271145518896583 -58.458257187205454 2017.5000000000002 132.93835368011392 2.5000000000000004 1.0000000180025095e-35 4.0534869032714314 241.44674936145915 240.88500000000002 -0.5 577.44178571428586 3.0003846579110155e-15 38.438861229172367 2019.5000000000002 -2.7554552980815443e-16 364.08500000000009
decision_type=2 2 2 2 2 2 2 2 2 2 2 2 2 2 2 2 2 2 2 2 2 2 2 2 2 2 2 2 2 2 2 2 2 2 9 2 2 2 2 2 2 2 2 2 9 2 2 2 2 2 2 2 2 2 2 2 2 2 2 2 2 2
left_child=3 2 -2 11 6 -6 20 -8 -9 17 -11 16 18 15 -15 -12 -1 -7 26 32 23 33 -23 34 -25 -14 27 -10 30 -30 35 -32 40 41 36 42 -5 -36 44 57 -20 -22 43 -28 45 -39 -47 -46 -37 50 -40 52 -52 55 -48 -54 -43 -26 -49 60 -60 -61
right_child=1 -3 -4 4 5 9 7 8 12 10 13 -13 25 14 -16 -17 -18 -19 19 -21 21 22 -24 24 39 -27 28 -29 29 -31 31 -33 -34 -35 37 48 -38 38 49 -41 -42 56 -44 -45 47 46 54 58 -50 -51 51 -53 53 -55 -56 -57 -58 -59 59 61 -62 -63
leaf_value=-19.020813654444009 56.224776936422472 -19.252267363902064 8.6776794755644104 -0.73314887597752187 14.96921719733594 3.1294331775363231 -11.625749572124889 8.272203899159269 -3.4805048165182999 -16.544518819541977 6.9669188002944429 -0.35841723869040221 -5.3652649013534139 15.486626399344528 0.12610041171430061 -5.1103537427762262 -6.5497893561114173 14.453501108388165 -1.6691174328862741 9.3697468710768046 3.0036717402813267 12.937146007093791 2.1146382518181475 11.579232086427155 0.051503782275118842 -16.541025313304669 -3.9899767188185202 3.5503354434202175 -13.297221115824767 -3.4983788769821369 8.0011390772107358 -4.7129858546957806 -5.7603268927690214 5.7903671178181613 -2.6405406914474292 -12.780431825190229 -2.5514153949589073 0.1572692121932826 -1.4891360065851911 -4.8834776309233128 4.4652221447668268 -5.0943750246267951 -3.7544718921557756 4.1337331474378756 -0.93569172712520532 0.6058653008327024 2.4876196016697545 0.018530001182207011 -4.4374776157954434 4.8774429298727391 5.1045353534493927 4.746159255089955 3.7530483991825934 -2.6984788724227124 5.6756225010113148 0.7130429365335833 0.43511052651231419 7.573998819300698 2.5244567128845423 -0.52609962043668579 -0.015710148771076883 -2.053110653061331
leaf_weight=0.33303917944431305 0.28178094374015927 0.32561972225084801 0.28332101227715611 11.56733787385747 0.36497142212465439 0.43722292874008495 0.47446397040039201 0.50172334397211571 0.89819468394852886 0.25036909291520815 0.42051406018436033 0.36341238766908646 0.41888550994917828 0.34271311108022939 0.38401380321010947 0.76487570302560604 0.44849009322933742 0.38915932597592473 0.45347652095369972 0.37277211085893203 0.32260188786312938 0.44505494320765127 0.50865676393732429 0.31656574411317706 0.25495055480860074 0.21227274695411325 0.21203264710493386 0.89906705054454505 0.32208302640356123 0.43601733958348621 0.45155356079339981 0.55980090680532135 0.4159430474974215 0.38695417065173376 1.510609216056763 0.21131497714668501 4.6157626942731431 21.937460292829204 1.0547835235483933 0.20329119707457721 0.50746302492916584 0.5581854879856103 2.6949477831367403 0.28246668842621137 10.995507359970359 1.8514402178116167 2.3103442995343326 304.99622563039884 0.20886384230107069 0.55205656448379148 0.43331095110625018 0.64321048650890578 0.89685479085892428 0.63404994690790761 0.9092516885139047 3.1430951375514269 0.32204751903191209 0.19425269728526473 1.0429065751377509 19.162304752506319 7.7085212268866599 2.7072258638218036
leaf_count=65 74 38 30 263 39 67 95 74 176 39 76 92 95 49 71 98 83 50 56 65 52 32 76 23 70 48 66 60 46 64 57 60 80 31 254 61 656 418 137 37 53 86 321 90 1232 221 263 14429 51 62 43 46 89 65 74 461 46 52 221 921 1608 200
internal_value=0 13.509 32.3864 -0.05794 -0.0355013 3.78398 -0.0665393 -2.15603 -1.70935 2.41815 0.108468 -8.21216 -2.23336 2.28898 7.36989 -0.825971 -11.8642 8.46215 -1.74612 1.48935 -0.0118149 2.88558 7.16502 -0.0302553 4.28995 -9.12393 -2.53496 0.0366217 -3.39418 -7.66147 -2.6941 0.963667 -0.644164 0.318355 -0.0407565 -3.71894 -0.773679 0.0102138 0.0209924 0.753466 1.57037 -1.442 -3.07153 0.650429 -0.00611591 0.418273 2.37221 -0.049815 -8.63329 1.3976 1.11531 1.59303 1.19593 0.833575 3.38795 1.38791 -3.07132 3.30452 -0.0222762 -0.428721 0.287001 -0.715128
internal_weight=0 0.890722 0.565102 417.217 416.072 3.35384 412.718 10.5333 10.0589 2.98887 2.16249 1.14494 9.55716 1.91212 0.726727 1.18539 0.781529 0.826382 8.926 1.74965 402.185 2.5435 0.953712 399.641 0.96906 0.631158 7.17634 1.79726 5.37908 0.7581 4.62098 1.01135 1.37688 1.58979 398.672 3.60963 16.1831 382.489 380.979 0.652494 0.96094 1.20283 3.18945 0.494499 373.621 27.0085 5.07104 346.613 0.420179 7.35736 6.8053 5.75052 5.10731 4.674 3.2196 4.03995 0.880233 0.449203 335.617 30.621 8.75143 21.8695
internal_count=24657 142 104 24515 24275 489 23786 1618 1523 450 333 240 1449 294 120 174 148 117 1306 254 22168 323 108 21845 182 143 1052 236 816 110 706 117 189 215 21663 589 919 20744 20490 159 109 184 477 156 19587 976 558 18611 112 903 841 704 658 615 337 550 132 122 17379 2950 1829 1121
cat_boundaries=0 18 41
cat_threshold=20 256 536871948 2 5120 0 385 0 2147483648 1342177316 0 0 1 0 0 8192 268436240 22544520 4096 1074274304 278528 0 0 67272720 131072 1073741824 1024 0 512 2147483648 2054 0 8192 1073742849 134217728 96 131136 262144 0 402653184 1
is_linear=0
shrinkage=0.05


Tree=31
num_leaves=63
num_cat=3
split_feature=66 81 56 65 54 54 72 58 1 55 66 54 59 67 58 3 65 48 52 65 58 72 67 47 59 55 66 47 10 52 14 66 64 3 55 58 47 65 66 71 65 0 65 10 66 10 60 67 54 67 60 65 58 3 58 6 3 26 56 56 71 67
split_gain=81510 149400 73915.2 29573.6 27728.4 24724.6 19477.6 31320.9 96464.2 23986.4 18194.4 15047.2 14065.8 13662.5 10897.8 13373.1 9342.81 8541.51 7682.19 7634.58 7407.44 5652.73 6583.89 6189.93 5545.98 5408.4 5195.31 4882.05 4148.32 3965.13 3745.16 6188.74 5362.44 5851.01 3639.4 3560.19 3300.64 3236.98 5542.71 2980.45 2833.21 2710.69 2607.64 2436.04 2389.28 2541.6 2388.04 2718.85 3969.65 2317.25 2241.3 2270.72 2097.27 2076.71 3600 1981.68 1914.39 2177.69 2006.49 1900.53 3669.7 2279.38
threshold=1179.2833333333335 1.0000000180025095e-35 217.38740975376723 952.06000000000006 863.37185493659774 331.87983095071871 0 907.14944057616469 9.5000000000000018 -450.29104563544291 487.41666666666669 212.4760135078578 -6.193469760183965 1323.4600000000003 1292.4226177461446 2016.5000000000002 474.31000000000006 -39.8571155240192 -1.0000000180025095e-35 380.65500000000003 372.45812630333012 1 865.75000000000011 -127.43969633521847 -394.65173585857485 -28.087290631398087 210.01333333333335 -476.02242494109902 -11.500000000000002 -29.919825359389044 -0.68301270189221908 37.696666666666673 948.37500000000011 2018.5000000000002 -103.49261713139124 348.061010304901 -59.117882835367396 327.00500000000005 320.27333333333337 -26.165267319215893 481.56000000000006 2 655.36500000000012 7.0417190950972819e-16 62.366666666666674 1.3777276490407726e-15 -35.359447366719074 237.54500000000004 1.3844094645320399 315.81500000000011 311.83733186602632 96.930000000000021 231.37626995401345 2015.5000000000002 133.31119719897572 0.50000000000000022 2019.5000000000002 1.0000000180025095e-35 265.25365653982732 308.64413223166531 8.3287872822410538 783.1450000000001
decision_type=2 2 2 2 2 2 9 2 2 2 2 2 2 2 2 2 2 2 2 2 2 9 2 2 2 2 2 2 2 2 2 2 2 2 2 2 2 2 2 2 2 9 2 2 2 2 2 2 2 2 2 2 2 2 2 2 2 2 2 2 2 2
left_child=4 2 -2 -4 6 -5 9 10 11 -1 21 -9 16 19 15 -6 29 27 -16 -14 -18 23 30 -8 43 42 -17 -11 -27 -12 39 36 34 35 55 52 -32 -25 49 -23 -38 -36 -21 -19 -26 -46 53 -48 -49 -39 51 -41 -34 54 -43 -33 57 59 -58 61 -61 -29
right_child=1 -3 3 5 14 -7 7 8 -10 17 12 -13 13 -15 18 26 20 24 -20 25 -22 22 -24 37 44 28 -28 56 -30 -31 31 32 33 -35 41 -37 40 38 -40 50 -42 46 -44 -45 45 -47 47 48 -50 -51 -52 -53 -54 -55 -56 -57 58 -59 -60 60 -62 -63
leaf_value=-14.748785445246227 23.088731337171904 35.739957591839691 -12.296747922269951 12.156535293337072 6.2368139000227805 -3.7341536096676409 -3.7397825883663773 -7.4280298394843349 32.774892094928013 -10.290097428164543 6.9262638105521681 6.383727574861604 7.2637521682864294 12.038211107870371 -7.7026876899055656 -3.8483327236357159 -0.68472029583293592 -2.3721600145925326 -20.268124106843956 1.1712456905582929 -9.6775912095361107 -2.7213007018063209 4.0022474471364058 -0.42025260029655676 -1.276219839662861 9.0134105216733058 -12.433555200249323 -3.3700215488864025 1.9815945251560259 0.82365705177066906 -1.1214252222411565 -0.23047301021760436 8.4390706750310915 -1.1918559049917521 -0.2906505195085996 13.056876096723968 0.0076114135004688114 -2.8567166463047347 0.24373941613815134 -0.10557968872100031 0.99788077504110739 1.0084541729042724 -4.202655302862512 -8.2661461846273276 3.6969978601989206 -0.39305242357382231 0.88242427985649141 5.4691112005915414 1.6228912752995073 -6.8140421668442093 2.305313333533956 -0.72881105746361419 1.4353378515368149 -0.0039703855771907491 9.0494049484314374 -3.0178189223814802 -2.0976812311363022 -8.0834359750710281 -5.3739950622173431 2.7024125393909486 -5.504317282400506 -8.3877893721769432
leaf_weight=0.4169860789552321 0.37245561182498876 0.4363212645985185 0.46363114425912488 0.42352421069517709 0.24831940419971832 0.58001835038885474 1.9978971267119074 0.40035958494990953 0.29776954534463584 0.28638006094843049 0.38779891468584538 0.38859956455416977 0.90132414060644794 0.56087073916569341 0.29731423174962401 0.45609831996262074 0.6785203944891689 0.37310755532234896 0.20586045132949948 0.55004464602097913 0.34563093492761254 1.2401519648265082 1.0439961797092099 12.221935715992002 2.6348074232228091 0.31541242264211222 0.28716633282601833 0.59854846168309428 0.62601548573002108 0.8486965633928778 6.3013721639290443 1.9109923031646752 0.20269419136457045 0.30935137718915939 6.8300685291178524 0.1841953182592988 240.46199842775241 1.1439855641219758 1.2609187397174535 52.411311296280473 7.4465903390664598 0.74916649772785504 0.38287207437679172 0.33068716805428267 0.61453679623082258 0.99452213710173965 18.997611938510094 0.7500561554916193 6.3524568614084274 0.54670610651373852 0.84852558188140292 20.266713393619284 0.22614591103047132 8.1144296890124661 0.17096096649765968 0.9569950287695973 2.3111641318537299 0.39928403217345465 0.58574922289699305 0.26141031552106142 0.28442662721499801 0.36394367413595319
leaf_count=88 69 75 79 47 74 82 203 96 57 71 67 58 94 74 81 82 114 52 46 68 44 131 75 474 41 55 54 125 100 80 766 251 54 20 748 53 9291 132 156 3229 166 220 52 59 84 121 2102 44 739 56 96 1745 61 822 51 131 183 80 80 51 66 81
internal_value=0 9.4357 3.19688 -1.85285 -0.0526666 2.97218 -0.0278894 0.0486105 8.52669 -1.53257 0.0267127 -0.625088 2.85734 4.92051 -6.85028 -3.80905 -0.187751 -2.51026 -12.8435 3.48226 -3.71964 -0.013607 0.0361535 -0.710083 -1.03082 1.66384 -7.1653 -3.94808 4.33751 2.7376 0.0260688 0.104985 0.640303 4.41405 0.562662 7.24291 0.00863281 -0.779138 -2.2652 -0.290542 0.0373568 0.680432 -1.03422 -5.14153 -0.349104 1.16903 0.741023 1.19446 2.02907 -4.13637 -0.249543 -0.279372 4.7457 0.251299 2.50247 -1.16056 -3.57006 -4.79999 -2.76014 -3.9308 -1.57398 -5.26737
internal_weight=0 2.27595 1.83963 1.46717 411.581 1.00354 410.087 399.631 1.08673 10.4556 398.544 0.788959 5.59719 3.33654 1.49476 0.991584 2.26065 10.0386 0.503175 2.77567 1.02415 392.947 375.776 17.1714 4.94766 1.87434 0.743265 5.09091 0.941428 1.2365 374.732 299.965 45.7551 0.922387 44.8327 0.613035 254.21 15.1735 2.95161 74.7667 247.909 41.9648 0.932917 0.703795 4.24387 1.60906 35.1347 26.1001 7.10251 1.69069 73.5266 72.678 0.42884 9.03456 0.920127 2.86799 4.80453 1.90761 2.89691 1.50833 0.545837 0.962492
internal_count=24646 352 277 208 24294 129 23957 22775 211 1182 22564 154 748 443 337 210 305 1094 127 369 158 21816 20795 1021 357 275 136 737 155 147 20720 15519 5296 188 5108 168 10223 818 344 5201 9457 4726 120 111 246 205 3978 2885 783 188 5070 4974 115 1093 271 382 666 403 263 323 117 206
cat_boundaries=0 22 45 66
cat_threshold=4096 67108864 0 0 0 0 0 0 0 336068608 25167872 336 0 65540 2147483648 33603588 526080 256 0 8421384 65536 32 0 2147487744 0 786432 262144 8388608 0 0 0 33554432 302514308 0 33570850 256 0 1090520064 8396848 0 0 1145044992 2097280 4 65 1049640 0 0 0 0 8192 32771 0 0 2147483728 4096 0 0 840433664 2 256 134217728 2147520512 134283268 3288334340 512
is_linear=0
shrinkage=0.05


Tree=32
num_leaves=63
num_cat=2
split_feature=66 66 52 0 67 53 55 60 50 47 67 70 56 49 56 60 63 5 59 26 60 70 52 63 54 71 66 67 47 8 67 70 60 54 53 70 67 90 18 55 52 64 8 66 56 71 70 66 32 65 47 9 5 63 65 66 0 66 51 67 47 64
split_gain=109730 196462 152552 22723 37404.9 54681.1 34336.4 23212.4 15651.1 14011.9 13247.9 34415.1 13496 10692.9 8870.25 8475.53 8399.09 7951.36 6407.81 7368.56 5824.24 14651.5 5490.54 8072.13 5398.26 8729.26 5037.24 7618.82 4904.79 4869.73 4107.47 4042.8 3163.89 4950.46 9118.19 5432.08 3092.99 2965.8 2836.46 3409.16 2743.15 3145.48 2727.41 2709.66 2829.21 2910.11 2807.68 2633.56 2591.45 2935.87 2453.92 3027.56 2417.01 2076.15 2054.62 2344.98 2574.56 4661.57 2217.14 2032.88 2021.32 2004.37
threshold=1822.7566666666671 2329.1133333333337 -174.51635901107036 0 1222.4000000000003 -178.12587337965945 -450.29104563544291 -7.5388490412537443 -130.08896008730792 -111.22834788754945 481.35000000000008 0.46686384630684757 14.890275329932335 -256.41585586533984 1650.5942866991188 571.60180567394423 996.03962121212135 -1.0000000180025095e-35 335.39209208821649 0.6830127018922193 118.0024113826524 1.1429551188366986 -42.589562999463936 1157.2083333333337 261.79414045353093 19.047290766772029 424.8966666666667 686.9000000000002 -122.47578336154353 2.5000000000000004 1636.1500000000003 8.7114995110428151 -666.51348411988022 104.64241750688194 79.935538216731402 0.5228510685127673 716.00000000000011 1.0000000180025095e-35 -0.5 180.88834491263108 306.05450308787283 922.56250000000011 4.5000000000000009 213.94500000000002 82.814196890461787 15.38999729917831 1.5822854855656179 578.23333333333346 1.0000000180025095e-35 135.96000000000001 145.73014029858598 2.5105259382520745e-15 -0.93301270189221919 862.64666666666687 285.04000000000002 14.360000000000001 1 56.343333333333341 94.255978509623787 289.44500000000005 -13.839665068329522 43.070000000000007
decision_type=2 2 2 9 2 2 2 2 2 2 2 2 2 2 2 2 2 2 2 2 2 2 2 2 2 2 2 2 2 2 2 2 2 2 2 2 2 2 2 2 2 2 2 2 2 2 2 2 2 2 2 2 2 2 2 2 9 2 2 2 2 2
left_child=3 -2 -3 6 10 7 17 -6 14 30 13 -12 31 42 32 18 -11 -1 19 24 22 -22 23 -10 25 26 27 37 38 -20 -7 -13 -8 47 -35 -36 -26 -14 -15 61 41 43 -5 44 45 54 60 -34 49 -28 -43 -52 -51 -54 55 -30 57 -57 -58 -42 -45 -40
right_child=1 2 -4 4 5 9 8 -9 20 16 11 12 15 28 -16 -17 -18 -19 29 -21 21 -23 -24 -25 36 -27 48 -29 40 -31 -32 -33 33 34 35 -37 -38 -39 39 -41 59 50 -44 46 -46 -47 -48 -49 -50 52 51 -53 53 -55 -56 56 58 -59 -60 -61 -62 -63
leaf_value=-8.5426878214332884 -6.4355177133401158 66.52531153837748 9.9794001151506713 -1.9770274285960405 8.2455752913329814 11.196562438248764 0.085429503968942611 26.04868543250727 -1.7462514114615075 1.747739507151735 14.122971867303463 3.1325718982565682 -1.4459244168052665 1.3496796283305965 -12.677659083048502 -6.5708085672278349 -7.080452739280692 -19.901864083620787 9.3849370012104512 6.3518212728161849 -3.7155286439990491 9.3367876100652065 -0.86482505797357856 -11.754091973239817 -0.049605259786797411 5.7889380272061519 5.4553073849771314 -6.5856066147169505 -0.08855904012308119 1.4282686623213128 3.1277660716034941 8.8411266947561682 -3.8542383888267384 -10.568561161742078 -5.7540285962105795 2.5331259154349555 -6.0362118845472672 2.3281709502486172 -3.78349326366033 -5.2751789430092693 -0.94839450713586726 0.96998931327879745 -5.2547915111366921 -0.99843110934223367 -0.51010865858435261 2.5940912402827516 2.6737809395050389 0.73378216209163716 -2.3375514743324879 4.6769033076759863 1.6026731218690597 9.5098651550851105 -0.094448402617447719 4.0002528769806238 0.61291637841695545 0.68521606124439793 0.10191127126184761 2.9825361930385008 -1.3346797257358434 -4.7210029337289194 1.1615352657007372 -0.94590473986583457
leaf_weight=0.29904291359707713 0.45314973965287109 0.24968623230233788 0.22836955590173602 1.849200542783364 0.34738392382860184 0.32490084320306789 0.40112078050151412 0.38713282998651299 0.6119390008971094 0.62325956765562163 0.52926155040040512 0.61644916702061781 1.7581899394281144 0.93714881362393487 0.32881566882133473 0.40895968396216709 0.47455883165821433 0.31776205077767272 0.360991077031941 0.49181969719939012 0.42206813627853978 0.43825246347114444 5.7222406142391256 0.300395417958498 0.36232767393812526 0.70505043910816301 0.44063201639801342 0.60418932139873494 219.01423352956772 0.41151943663135171 0.30652793822810054 0.62419375241734087 1.1633691578172149 0.75934990728273966 0.63369556702673435 0.28743115579709411 0.53333623660728335 0.73947780905291427 0.69737757276743551 0.57291076681576658 1.5147317021619517 1.2312874926719803 0.96628178749233473 1.704603777034208 25.35958491708152 1.1095699642319221 1.8532569324597714 0.42778713675215829 0.46335233282297839 0.4014418469741895 0.26939477492123831 0.21984895248897374 2.1409129556268507 0.36189429415389884 14.420755961677058 10.45009640837088 82.940673118224367 2.7997519955970338 2.7756333490833631 0.46722602704539884 2.9708780718501648 5.7826675404794514
leaf_count=53 55 69 31 226 55 54 48 51 94 95 95 42 223 73 84 56 49 61 25 62 56 45 182 69 51 90 67 61 7452 80 53 78 162 99 114 41 84 79 73 108 235 68 249 234 1993 94 219 68 68 76 71 56 339 44 418 201 7800 93 320 73 415 785
internal_value=0 17.1532 39.5131 -0.030086 0.0566943 6.19962 -1.58959 17.6288 -2.28525 1.34493 0.0195184 1.65845 1.08102 -0.0320514 -4.81006 0.48121 -2.06846 -14.3946 0.776244 0.401244 -0.937244 2.9334 -1.43916 -5.04144 0.0573739 0.489236 -0.0515032 -1.54731 -0.00913052 5.14639 7.27955 6.00467 -4.10569 -4.61954 -6.5121 -3.16808 -3.61442 -0.328538 -1.23474 -1.57814 0.0174009 0.0274162 -3.10197 0.0173734 -0.000991577 0.0377208 1.02685 -2.62074 1.16685 1.6523 2.16028 5.15589 1.07531 0.497626 0.0291875 0.0027148 0.204706 0.667141 0.049605 -1.83775 0.374047 -1.25128
internal_weight=0 0.931206 0.478056 406.438 394.325 2.46376 12.1133 0.734517 11.4965 1.72925 391.861 11.954 11.4247 379.907 4.00157 10.1841 1.09782 0.616805 9.77514 9.00262 7.4949 0.860321 6.63458 0.912334 8.5108 7.61514 6.91009 3.10186 377.092 0.772511 0.631429 1.24064 3.67275 3.27163 1.68048 0.921127 0.895664 2.49767 7.9901 7.05296 369.102 367.12 2.81548 365.399 358.87 333.511 6.52874 1.59116 3.80823 3.34488 1.72053 0.489244 2.90425 2.50281 332.401 317.98 98.9662 13.2498 85.7163 1.98196 4.67548 6.48005
internal_count=24564 155 100 24409 23233 357 1176 106 1062 251 22876 1620 1525 21256 616 1405 144 114 1349 1244 446 101 345 163 1182 1047 957 363 20781 105 107 120 532 484 254 155 135 302 1039 966 19742 19434 475 19239 18371 16378 868 230 594 526 195 127 459 383 16284 15866 8414 294 8120 308 649 858
cat_boundaries=0 22 45
cat_threshold=524288 524288 1963459080 32 24576 0 4 0 2147483648 268451840 0 0 1 0 0 67108864 570425346 1048576 272629888 32768 0 2097152 0 939524096 20480 0 0 67239952 8192 0 13313 0 0 0 4 0 2048 1077936163 134219776 0 0 262144 0 838861824 1
is_linear=0
shrinkage=0.05


Tree=33
num_leaves=63
num_cat=3
split_feature=66 67 0 67 58 56 66 58 70 1 64 67 57 58 57 56 65 0 58 67 60 57 53 66 0 65 14 35 54 58 9 57 56 70 51 56 48 50 51 68 60 51 63 66 66 58 70 57 64 50 63 51 65 48 70 54 57 9 56 66 56 53
split_gain=75200.3 204188 23631.6 40789.4 81723 39635.8 24325.4 25542.7 18445 14817.6 13671.7 13360.4 11453.9 7373.55 6959.19 12987.5 10945.2 6931.86 9018.08 6515.15 6313.43 5960.84 4990 4912.35 6909.24 6817.72 8568.93 5740.95 4371.89 4156.19 3917.89 3862.24 4410.61 4334.46 3554.15 3442.81 3421.66 3272.61 3101.08 3050.59 3024.56 3144.44 2948.03 2791.22 2694.31 4359.06 2632.28 2614.3 2461.15 2374.1 2340.1 2276.86 2218.82 2280.03 2164.88 2148.11 2125.09 2124.62 2052.26 2012.46 2009.85 1753.16
threshold=1822.7566666666671 4214.1650000000009 0 644.2700000000001 907.14944057616469 14.163654048057428 1179.2833333333335 828.91256417742659 2.0295754002640085 4.5000000000000009 1524.6425000000002 960.48000000000013 -154.63990139832109 1292.4226177461446 25.765468693560837 381.03773939239022 187.03000000000003 1 272.19653375238613 551.95000000000016 -10.528862281330625 127.19834176016833 -76.857528901783354 82.071666666666673 2 532.52500000000009 -0.68301270189221908 1.0000000180025095e-35 95.56533088240748 9.8481484274550386 -10.500000000000004 -100.91031211115823 130.74788616252474 2.4735122156118252 249.08720238984293 88.925769546400772 -74.418334623933006 -191.7160307453598 -187.55165640251045 0.83333333333333337 -7.0648054594467853 -268.19618705390758 1029.7727272727275 236.31500000000003 266.54666666666668 334.29752864199617 4.0487227060186184 -121.19616659094746 988.97000000000014 -98.654191994089317 788.45666666666682 47.819253961884947 285.04000000000002 -38.75929239505875 1.3607031447241889 278.64074995390155 46.432268795000446 2.5105259382520745e-15 5.3111115288570803 487.41666666666669 130.74788616252474 75.596018688955596
decision_type=2 2 9 2 2 2 2 2 2 2 2 2 2 2 2 2 2 9 2 2 2 2 2 2 9 2 2 2 2 2 2 2 2 2 2 2 2 2 2 2 2 2 2 2 2 2 2 2 2 2 2 2 2 2 2 2 2 2 2 2 2 2
left_child=2 -2 6 17 5 11 7 12 -8 13 19 -5 20 -9 16 22 -7 18 49 56 -1 28 -16 35 34 29 39 42 36 -26 -20 -18 -33 -34 37 38 46 -25 -19 -27 41 -31 51 -42 45 -44 -14 -32 55 -4 -41 -28 53 -40 -45 -30 -11 -49 -54 -48 -53 -39
right_child=1 -3 3 4 -6 14 8 9 -10 10 -12 -13 21 -15 15 -17 31 23 30 -21 -22 -23 -24 24 25 26 27 -29 48 40 47 32 33 -35 -36 -37 -38 61 52 50 43 -43 44 54 -46 -47 59 57 -50 -51 -52 60 58 -55 -56 -57 -58 -59 -60 -61 -62 -63
leaf_value=-13.702564553537144 -1.8767386397658297 46.364945164713014 -2.7017834423692051 5.342336111375122 23.709872652051139 6.8320925672228912 9.683816691852229 -10.528864237980647 -3.6037853535052458 -8.0262799583284838 3.9492512977578302 17.489633047127626 -2.0731747435943899 -21.030959248355966 -7.4199182416866414 4.787198564342237 -3.2098594795059192 2.6487334843526398 0.96803147822711844 -13.597863736782072 -4.3176519663802528 3.3731134414744215 -1.6099178544998225 -4.5861233215737132 3.9841053821656134 3.2232794918416361 4.0066901444188936 10.88287414977543 -4.9570694936390467 -4.396357630077377 -10.190331643483615 -0.68091710733933164 0.99555679729346758 6.6257383994760932 -5.0127309949661072 -0.65863187507872201 -0.26851147749456977 -0.95916109028271535 -0.67553656520461558 -0.46979585106936483 0.7989648395507335 0.16511823320969238 4.472221539832419 0.89941480850763866 2.610840390369475 15.756823180599675 -3.0522017795954999 -6.683136562697328 -8.0707439708267525 -0.58908134283381575 -6.3483489729659963 3.3757184685461739 -0.79203361039467124 0.016388310458534169 3.9160394808131316 -1.9360628521482017 -1.6452992687811741 -3.0382907138813269 0.90468192387590229 -9.7029825991686369 -2.1265140338606239 1.4686437748191827
leaf_weight=0.33542110677808523 0.68055648077279218 0.32365960907191038 1.4824609379284091 0.4092499939724793 0.47678859997540701 0.95849818037822831 0.62044542236253508 0.39618509635329147 0.45102916425094008 0.28039961494505383 0.27921832003630698 0.50652319611981511 1.6512810310814505 0.2890881197527051 0.57689492870122205 0.62715740082785476 0.51976222964003671 1.1225023185834277 0.31359775876626406 0.38883692142553627 0.38477179268374762 0.46797418082132924 1.0282936352305114 0.568694473709911 0.97708386625163868 0.33267648145556472 1.2736369941849259 0.3123345118947326 1.2047143159434206 0.39392943424172777 0.21983032720163476 1.223701752722264 0.78938955627381779 0.60295679653063416 0.58583691576495756 19.514173679053783 2.5121328395325726 5.395585463847965 12.404873091261832 0.4810461972374469 10.960113193374118 9.2324766451492959 0.18704713298939157 1.0158436070196342 0.22599039506167173 0.15775241609662771 0.22811306221410621 0.63765181554481265 0.33351656841114152 12.906629259698093 0.26122008450329304 0.30717831198126067 2.109642425319179 295.99325627088547 1.4347500379662959 1.1502538372296838 0.24403917673043907 1.0719454344362018 11.48207207280211 0.22685881867073476 0.36103834840469062 0.86245164880529035
leaf_count=56 93 65 139 49 71 85 89 79 78 74 53 64 196 75 32 73 83 64 42 67 59 80 117 62 44 63 215 43 179 53 41 100 88 57 56 1648 139 593 1492 86 1236 1292 58 161 44 46 63 112 62 317 54 36 193 13246 186 185 65 165 125 43 72 99
internal_value=0 13.6716 -0.0275249 0.0579219 3.65893 2.33892 -1.64472 -3.82276 4.0905 -9.10012 -5.73314 12.0611 -2.65624 -14.9593 0.931647 -1.31416 2.15613 -0.0110561 -0.790899 -8.69336 -8.68856 -2.09746 -3.698 0.0430483 0.605564 0.813574 3.04406 4.4898 -2.44782 0.79013 -4.21527 0.726866 1.50902 3.43371 -0.542904 -0.0136938 -1.51468 -0.954586 0.0252569 -0.75539 0.654663 -0.0215454 3.6951 1.14006 6.85404 9.63514 -3.00099 -5.05774 -4.05081 -0.806746 -2.53859 2.76656 0.0161111 -0.0114434 2.66556 -3.4815 -5.05699 -4.39776 0.641326 -6.36842 0.402855 -0.624573
internal_weight=0 1.00422 413.749 402.305 7.71922 7.24243 11.4443 10.3728 1.07147 1.87777 1.19249 0.915773 8.49504 0.685273 6.32665 2.23235 4.09431 394.585 16.6321 0.913276 0.720193 7.77484 1.60519 377.953 35.3267 27.9141 3.89992 2.82498 7.30687 24.0142 2.24303 3.13581 2.61605 1.39235 7.41257 342.627 4.61839 6.82673 323.112 1.07494 23.0371 9.62641 2.51264 13.4107 0.57079 0.3448 2.10625 1.92943 2.68848 14.3891 0.742266 1.94185 321.99 308.398 2.45059 2.35497 0.524439 1.7096 13.5917 0.454972 0.668217 6.25804
internal_count=24702 158 24544 22902 819 748 1642 1475 167 413 259 113 1062 154 635 222 413 22083 816 206 115 947 149 21267 4499 3689 717 514 867 2972 360 328 245 145 810 16768 441 754 15120 203 2928 1345 471 1583 148 104 302 318 426 456 140 323 15056 14738 347 364 139 277 318 106 108 692
cat_boundaries=0 22 44 64
cat_threshold=2 0 889192972 524290 24576 0 260 0 2147483648 268436480 0 0 0 0 2147483648 67108864 50855938 131072 268435586 98304 8 2097152 2147484672 524544 3230138368 48 0 528 129 0 1 536870944 0 0 0 0 0 276832256 268435728 17301632 16384 2147483664 512 524288 60 0 0 0 0 0 32768 0 0 3222544477 0 2097152 0 524288 0 0 8390337 4194317 4202496 1
is_linear=0
shrinkage=0.05


Tree=34
num_leaves=63
num_cat=2
split_feature=57 66 66 48 66 41 55 8 3 8 67 56 54 0 70 67 58 56 47 80 67 68 47 66 54 54 21 76 58 56 58 70 85 70 66 47 48 14 58 57 34 55 54 68 3 65 56 5 0 66 9 3 58 59 47 63 3 70 58 67 32 66
split_gain=51101.3 129352 135184 29217.6 17691.4 23655.9 18537.6 15748.3 14813.7 12165.3 18576.9 14226.6 11948 11735.8 11345.7 10891.9 19632.8 11979.6 8249.6 7625.79 7177.39 5858.29 6523.68 10467.8 5504.47 6633.65 5226.3 5671.4 4706.34 4071.83 5792.2 3920.59 3882.98 3607.1 5604.68 4175.94 3524.21 3056.35 3050.8 2527.21 4553.21 4622.87 3269.32 2238.8 2180.42 2133.33 2128.08 2117.7 2054.88 6328.11 2044.82 2014.87 5083.65 1980.01 1832.16 1770.93 1749.03 2038.62 1715.94 1668.2 1651.04 1671.64
threshold=-274.94190708688001 1500.6500000000003 2329.1133333333337 -781.8855438512586 713.57666666666671 -1.0000000180025095e-35 482.14135589566695 1.5000000000000002 2019.5000000000002 8.5000000000000018 1850.8050000000001 497.83394574653624 176.66947487774624 0 1.3728312105104805 499.42000000000007 907.14944057616469 13.894892473361587 -294.84379852886212 1.0000000180025095e-35 686.9000000000002 0.41666666666666669 243.404840448794 458.75333333333339 163.48259827999644 405.21977214848897 -1.0000000180025095e-35 1.0000000180025095e-35 203.44621497635788 404.04745560385862 249.70778677387503 0.24009237875288686 1.0000000180025095e-35 1.2000139631489231 220.73333333333335 -36.357863317160131 611.83628729488726 1.0000000180025095e-35 185.86350644143732 81.825690501052534 1.0000000180025095e-35 305.69916436206898 38.438861229172367 0.83333333333333337 2018.5000000000002 285.04000000000002 188.26865396147136 0.6830127018922193 1 45.800833333333337 1.0409497792752505e-15 2019.5000000000002 460.62079905160988 23.661488063394483 -3.9628505163105463 90.335416666666674 2016.5000000000002 0.031614051769311126 191.35788391482291 82.015000000000015 -0.5 97.973333333333343
decision_type=2 2 2 2 2 2 2 2 2 2 2 2 2 9 2 2 2 2 2 2 2 2 2 2 2 2 2 2 2 2 2 2 2 2 2 2 2 2 2 2 2 2 2 2 2 2 2 2 9 2 2 2 2 2 2 2 2 2 2 2 2 2
left_child=3 4 -3 -1 6 -6 13 -7 19 10 24 -11 37 38 -14 18 17 20 31 36 -17 -19 26 -24 28 -26 -23 29 -9 30 32 -15 -28 35 48 47 -8 -5 -2 42 41 -41 45 -36 -33 -37 -32 56 49 -35 -34 52 60 -49 -47 -51 57 -20 -59 -53 61 -44
right_child=1 2 -4 12 5 7 8 9 -10 11 -12 -13 14 15 -16 16 -18 21 33 -21 -22 22 23 -25 25 -27 27 -29 -30 -31 46 44 50 34 43 39 -38 -39 -40 40 -42 -43 51 -45 -46 54 -48 53 -50 55 -52 59 -54 -55 -56 -57 -58 58 -60 -61 -62 -63
leaf_value=-21.945256289585412 -1.4946049485948953 4.2508322109191834 40.968082720108214 -4.1380154640984781 15.227988284309911 10.276680874157359 -3.3600846533873092 -0.16073539652872992 -18.045735809980808 -0.63551924907636759 -9.5256772473988427 18.109855333096334 -3.2616058114341495 -7.6021968384623726 -15.725688352674013 2.0320351086522552 12.382262753759928 -4.4337028156680409 -1.8366099576485742 4.0065665331251941 10.807919881516344 -5.0396424996614089 0.11926585752341284 9.1812840769588764 -4.1524004865732023 4.0297365161947525 0.085692490686143263 5.620001770573702 7.4075472264724134 5.0664517511456602 -5.2217206380670529 0.94669367517411895 1.6622862114081061 0.29084349465222908 5.1455278595956191 -0.053390338267548777 -11.756837484561471 1.9995056909110973 -3.2534214238752739 1.6078089482727926 -3.4952148177597033 8.7784270805909124 0.10367098620232425 1.5836490167557224 -4.2279881574656892 0.012498201925870082 -1.1986765977841656 -1.3325689390968887 0.025297151234758952 3.2364994886629783 6.4719676645967414 -0.70888661544712928 -6.8700178108276466 -4.8547542355622806 1.0982775302123378 1.2455254685245019 -0.71215376953944176 0.80603750746036251 4.984647600508354 -2.0060434401139036 0.084278498931163001 5.6298144605933471
leaf_weight=0.32251319312490512 4.5681274873204512 0.71358802262693533 0.3864391865208745 0.4277970241382707 0.38123302324675057 0.49631238915026132 0.29435568768530984 0.33874275488779026 0.22957248566672206 0.20492748077958811 0.48135776072740544 0.19999999366700649 0.33665669267065823 0.4766737651079882 0.3989303600974381 0.44977375934831521 0.40668108989484686 0.53723241528496046 0.66338149365038335 0.2318655732087791 0.48336863331496716 0.42020734585821262 0.70173681760206796 0.58378133550286293 0.63766455650329568 0.40508617274463177 3.7959070296492445 0.54079158604145039 0.52188127022236586 0.41723228199407447 0.58015799126587786 0.36958997813053429 0.51227914448827494 19.239658843725923 0.50205799844115873 186.0447225428652 0.21714751026593149 0.38574325433000922 5.3567098481580615 1.6605955951381468 0.36764839524403203 0.25995676359161723 0.26511708926409561 3.6371169812045991 0.45317966234870255 7.7561035533435643 0.75844768341630697 5.1026078811846665 107.55203619948588 2.5552763286977997 0.38863043300807476 10.788271393859757 0.25481155840679992 0.432858645915985 7.7850095704197866 1.9841314060613511 14.734963516937567 2.067025121301413 0.2788253619801252 3.2178766869474194 5.7721884499769676 0.28284895140677691
leaf_count=56 288 81 91 66 47 39 79 59 36 60 81 66 58 100 50 30 73 51 193 53 77 86 68 86 93 57 489 55 64 41 45 83 68 150 35 7752 58 60 669 343 49 65 70 407 63 66 90 635 6883 76 46 329 54 60 121 43 1306 584 73 297 1202 58
internal_value=0 0.0268482 17.1496 -8.25376 -0.0191317 3.43812 -0.0503611 2.07028 -6.94374 0.610268 -0.750312 8.62311 -5.40332 -0.0338012 -10.0212 0.0260825 1.60968 1.17888 -0.0167978 -3.51514 6.57795 0.633423 0.946352 4.23452 1.46895 -0.973817 0.376188 0.701603 4.42866 0.289396 -0.0408451 -3.99395 0.786073 -0.00331135 0.204135 -0.11675 -6.92474 -1.22789 -1.21733 -0.0506387 1.60254 2.57839 -0.0676655 2.01568 -1.90351 -0.00637918 -2.94228 -0.754177 0.14704 0.483648 3.73707 -0.667946 0.0541118 -1.60799 0.556398 2.36626 -0.487821 0.610645 1.3027 -1.00691 0.333274 2.95615
internal_weight=0 410.746 1.10003 1.87164 409.646 3.66721 405.979 3.28597 0.972941 2.78966 2.38473 0.404927 1.54913 405.006 0.735587 395.081 10.5762 10.1695 384.505 0.743369 0.933142 9.2364 8.69917 1.28552 1.90337 1.04275 7.41365 6.99345 0.860624 6.45265 6.03542 1.29944 4.69682 383.205 135.47 247.735 0.511503 0.81354 9.92484 224.455 2.2882 1.92055 222.167 4.13917 0.82277 201.586 1.33861 23.2797 131.331 23.7791 0.90091 20.5811 6.57497 5.53547 15.5411 4.53941 17.7442 3.00923 2.34585 14.0061 6.32015 0.547966
internal_count=24613 24323 172 290 24151 566 23585 519 226 480 354 126 234 23359 108 22402 1305 1232 21097 190 107 1125 1074 154 273 150 920 834 123 779 738 246 603 20851 7594 13257 137 126 957 10406 457 408 9949 442 146 7939 135 2851 7152 269 114 2010 1384 695 187 119 2156 850 657 626 1330 128
cat_boundaries=0 22 45
cat_threshold=18 0 4026531852 655408 24576 0 5 0 2147483648 32 0 0 0 0 0 67108864 545260432 128 2 65536 0 2097152 0 672137216 27648 134217728 0 67272720 0 33554432 5121 0 0 2147483648 23 0 134227968 0 2048 0 256 262144 128 805307392 1
is_linear=0
shrinkage=0.05


Tree=35
num_leaves=63
num_cat=2
split_feature=66 58 0 67 58 71 50 52 63 70 40 10 52 56 65 56 0 50 67 71 1 10 71 50 70 47 10 39 3 54 50 66 66 57 58 90 70 47 66 50 22 13 3 70 10 51 52 54 57 66 82 49 49 58 70 66 51 58 63 55 8 57
split_gain=75601.4 212351 19593.6 36043.9 35166.5 64514.4 26780.9 16893 13841.1 11747.9 15542.1 12430.2 11710.2 15697.8 9199.58 7603.08 7113.63 6099.27 13134.1 12178.8 5972.39 5925.26 5877.84 5698.2 6249.01 5629.28 5179.48 4689.47 11884.6 4647.71 4497.35 4506.97 4377.59 4171.27 5787.07 4080.66 3589.05 5685.09 5483.63 3505.76 3028.28 3026.17 2971.64 3372.43 2886 2999.38 2880.94 2802.95 4493.87 2784.52 3816.03 2751.52 2662.1 2524.14 2907.67 2519.55 2448.04 2403.22 2373.57 2363.13 2280.23 2092.16
threshold=1822.7566666666671 1186.4323064341941 0 615.02500000000009 1001.1459644821242 -7.5810595868990935 -553.20386400471864 104.26791436124361 1479.4166666666667 4.5465387606948413 -0.68301270189221941 8.5801270189221945 -84.374741555784468 360.54540418150015 703.09500000000014 298.07120434510233 1 491.43639867174051 1009.9950000000001 -12.568132384622482 5.5000000000000009 12.062177826491071 -10.406541036415687 5.9464416843592902 0.69992572801499409 -68.093764846237477 8.2500000000000036 1.0000000180025095e-35 2018.5000000000002 95.56533088240748 -147.81195713475842 291.8033333333334 538.73333333333346 35.701417123334942 624.5267056420131 1.0000000180025095e-35 1.263207760169432 -87.103433213612178 220.73333333333335 218.03918782455617 1.0000000180025095e-35 0.68301270189221952 2018.5000000000002 1.1538899015676269 -9.7631397208144097 301.34240412219907 276.2544856905734 40.311665739677416 -100.91031211115823 446.18333333333334 1.0000000180025095e-35 -28.989388478489627 133.66815858049736 62.317259225285476 1.5400012362691184 291.8033333333334 67.040158537085503 125.28168372893654 494.67166666666679 70.072472131252212 3.5000000000000004 81.825690501052534
decision_type=2 2 9 2 2 2 2 2 2 2 2 2 2 2 2 2 9 2 2 2 2 2 2 2 2 2 2 2 2 2 2 2 2 2 2 2 2 2 2 2 2 2 2 2 2 2 2 2 2 2 2 2 2 2 2 2 2 2 2 2 2 2
left_child=2 -2 6 16 7 -6 8 9 20 10 -5 25 14 35 22 27 30 19 59 -17 -1 -13 -12 24 -21 -11 46 29 -29 32 41 39 51 36 42 49 37 -18 -38 -32 53 -4 44 58 52 -46 -9 48 -39 -14 -51 -8 -35 -40 -55 -31 -57 -56 -44 -19 -47 -60
right_child=1 -3 3 4 5 -7 15 26 -10 11 12 21 13 -15 -16 17 33 18 -20 23 -22 -23 -24 -25 -26 -27 -28 28 -30 55 31 -33 -34 34 -36 -37 38 47 40 -41 -42 -43 43 -45 45 60 -48 -49 -50 50 -52 -53 -54 54 57 56 -58 -59 61 -61 -62 -63
leaf_value=-11.206832223098086 -2.6541198922390659 47.475187119242264 -4.6580008859928048 10.772324178794014 30.103601124537324 -3.3095536798477037 -3.1700598964488083 -4.5820347362621927 -19.801066240842495 6.0263054535873266 -4.5968325557886311 13.948002011943524 -2.9944784667390243 9.655780710132623 -8.505919477849508 -14.707410844769818 -1.4021220909157792 -8.8062064864038359 8.6151471828710147 -5.126555703709287 -1.3127535675109838 6.3686010523540988 3.3453668351766659 -11.082318723035243 1.8532653709977471 -1.1120014416005131 -8.7350013451124777 -2.6503219352145715 12.671732426580036 -0.42248276451579969 -1.3199532331005008 2.277034651676463 2.4868055283736297 2.4962648817346942 8.1208832642790725 4.8408942669583803 0.12701498454087021 3.3518097739428421 -1.0760840360252275 -4.7743266674482525 -1.7454806936301654 -0.019976031812170548 0.016567251557949775 2.4490086049256767 1.5801450254226903 -5.5694770948203027 2.153054725134417 -0.60906777402130463 -0.045533571732290432 4.1054118791071295 -0.83602719143818049 -0.64409040656925598 8.168961707671782 0.46593249724744923 2.4194463054692097 -3.1448565998545046 -7.516449303383526 5.5151271556141417 -0.75338991693139434 -2.2285584334981041 0.93335739848052401 -5.2669299994287728
leaf_weight=0.33624330395832558 0.63321434892713924 0.3170245555229485 1.967415464576334 0.4504258269444098 0.32028827862814069 0.26316366251558143 1.6394697912037353 0.31065657967701543 0.30110766878351569 0.57539277779869735 0.39770298730581999 0.52551397099159636 0.56163559108972494 0.64813031046651293 0.466130958404392 0.32109574088826853 8.5958737141918373 0.23409190448001016 0.26040765829384327 1.0209859120659528 0.27914888691157103 0.50626961095258594 0.5623678290285159 0.25071499682962883 0.46750996680930246 0.53112501185387395 0.34705654438585043 0.33087582048028696 0.20495179248973727 0.3973524598404764 5.7982500323560071 0.77276630932465185 0.79994774470105756 0.81006267247721442 0.27548407483846027 0.55519007425755251 126.0439823884517 0.97834637435153027 0.47384020662866433 0.84102240740321565 0.5075060031376778 0.42824998917058099 3.5481766923330724 1.1290251321624962 3.469605261459944 0.27889927686192084 0.32476362865418196 23.285118974046782 191.64189179311506 0.63880185410380352 1.0059657515957949 3.148531214799732 0.27772106020711362 0.96582310181111131 1.5406937771476807 0.76929002953693248 0.5486258752644062 1.0570748469326643 0.5978081985376773 0.32769694784656167 0.26092739612795413 0.45001297909766436
leaf_count=67 97 61 228 55 59 43 124 49 77 50 56 71 28 48 74 67 1157 49 46 201 52 35 97 55 72 51 66 109 55 20 310 90 89 182 73 62 6769 29 67 95 77 56 445 122 858 52 60 1991 8675 75 84 168 64 117 201 124 62 100 73 74 77 73
internal_value=0 14.0703 -0.0497871 0.0328967 3.16243 15.0327 -1.5131 2.33863 -11.0168 3.15394 1.88901 6.28114 1.0616 2.65287 -2.74275 -2.11197 -0.0410598 -4.30772 -0.666876 -5.76065 -6.71877 10.229 0.0553633 -4.10889 -2.93432 2.59994 -3.82273 -1.30457 3.2103 -1.63582 -0.963357 -1.3369 -0.936988 0.00968555 0.964513 1.00932 -0.0198832 -0.14112 0.18854 -1.75753 1.89481 -3.82891 0.782345 0.000560045 1.66042 1.04072 -1.13973 -0.0909154 -0.028278 0.0451977 1.08315 -1.50901 3.94456 2.3524 2.80827 -3.91245 -4.96468 3.67913 -0.600911 -4.9694 -2.42631 -2.69184
internal_weight=0 0.950239 396.624 384.986 8.99058 0.583452 11.638 8.40713 0.9165 7.42465 5.28635 2.1383 4.83593 3.40972 1.4262 10.7215 375.996 2.8825 0.822197 2.06031 0.615392 1.03178 0.960071 1.73921 1.4885 1.10652 0.982477 7.83904 0.535828 7.30322 9.8077 7.41204 5.58795 366.188 11.0977 2.76159 355.09 224.501 130.589 6.63927 4.54494 2.39567 10.8222 5.72502 5.09722 4.00943 0.63542 215.905 192.62 2.2064 1.64477 4.788 1.08778 4.03743 3.56359 1.71527 1.31792 2.59777 4.596 0.561789 0.539827 1.04782
internal_count=24713 158 24555 23044 1063 102 1511 961 196 786 579 207 524 297 227 1315 21981 564 169 395 119 106 153 328 273 101 175 751 164 587 779 495 381 21202 2019 249 19183 11852 7331 405 562 284 1946 713 1233 987 109 10695 8704 187 159 292 246 485 418 206 186 301 591 123 129 146
cat_boundaries=0 22 44
cat_threshold=32768 0 1434976772 131072 24576 0 4 0 2147483648 1342178304 0 2097152 0 0 2147483648 0 33554560 131072 4210818 32768 8 2097152 1048578 256 2684354568 4718640 32768 33554432 384 0 0 536870928 0 0 0 0 0 75497472 1090781968 136 0 5 0 524288
is_linear=0
shrinkage=0.05


Tree=36
num_leaves=63
num_cat=2
split_feature=67 1 9 56 49 67 67 57 67 63 64 56 54 55 0 64 67 70 70 48 55 69 50 82 65 51 9 58 67 49 55 70 65 0 10 71 51 60 10 49 60 63 51 64 70 63 60 65 58 50 37 70 3 70 60 56 10 67 3 67 65 9
split_gain=50441.9 182325 56840.6 20425.7 10186.3 10587.2 12781.8 10624.9 7561.3 16912.7 40321.4 16532.4 13832.9 10197.2 10101.3 11342.2 6650.19 13477.1 7996.43 9284.65 7604.18 7217.44 7114.72 6493.83 6183.75 7094.94 8390.29 9345.67 4271.39 4078.04 3630.59 4534.36 3114.92 3040.28 2891.04 2768.6 2637.58 2378.05 2582.87 2417.34 2457.48 2313.19 2256.37 2251.51 2227.74 3628.97 2180.06 2418.45 2573.43 1900.85 1827.48 1791.04 2715.09 1965.19 3092.91 2545.21 1935.41 2334.06 1774.57 4694.73 2984.99 2084.66
threshold=2155.0000000000005 10.500000000000002 3.0003846579110155e-15 874.55244221799887 -658.57911840417 1412.3400000000004 686.9000000000002 115.20845712180007 1222.4000000000003 335.94958333333341 444.45750000000004 614.38462095383784 131.2777565367752 -24.682151283818786 0 948.37500000000011 454.89000000000004 0.42591282937817593 5.9259715942823226 -107.53980098950166 -201.50854315462388 0.83333333333333337 -553.20386400471864 1.0000000180025095e-35 1292.2600000000002 -295.65663985659086 -10.750000000000002 348.061010304901 372.98500000000007 -321.69577624677328 -18.592234712145373 0.96065656982442105 109.03000000000002 1 7.6540424946709576e-16 9.0818914869996075 -717.88212977431124 51.517855413608544 -6.2810889132455339 266.78305586288587 229.42039491658952 9.133928571428573 113.74894087139197 1053.1025000000002 2.5265359061508095 378.25458333333341 164.52781806426651 720.30000000000007 272.19653375238613 113.77538280884343 -1.0000000180025095e-35 3.0000609979260706 2018.5000000000002 13.691705554719254 -3.4339424600871946 18.282883030623889 3.7500000000000013 262.92500000000007 2019.5000000000002 95.020000000000024 601.3850000000001 1.898202538678398e-15
decision_type=2 2 2 2 2 2 2 2 2 2 2 2 2 2 9 2 2 2 2 2 2 2 2 2 2 2 2 2 2 2 2 2 2 9 2 2 2 2 2 2 2 2 2 2 2 2 2 2 2 2 2 2 2 2 2 2 2 2 2 2 2 2
left_child=3 2 -2 8 28 6 7 36 14 -10 -11 12 -12 -14 15 30 20 -18 24 -20 22 -21 -16 -17 25 26 -19 -28 -5 -27 50 -32 -31 42 46 -33 -6 51 -39 41 -41 -40 -22 -24 45 -36 47 48 -34 -47 -1 56 -53 55 -55 -54 58 -58 59 -35 -61 -62
right_child=1 -3 -4 4 5 -7 -8 -9 9 10 11 -13 13 -15 16 23 17 18 19 21 33 -23 43 -25 -26 29 27 -29 -30 32 31 35 34 37 44 -37 -38 38 39 40 -42 -43 -44 -45 -46 49 -48 -49 -50 -51 -52 52 53 54 -56 -57 57 -59 -60 60 61 -63
leaf_value=-0.1480932375852039 -10.843235317123884 39.226489747569111 10.405703003145241 -6.3829282695736893 -9.4850555720959022 6.232384091522114 -14.155246219223129 6.8561508114640537 -8.0611200320391205 17.244324928065204 3.7634208909550342 9.3709192068999698 -10.37218124393072 0.24828262550836788 -9.6454118150254864 -3.682717430800599 10.372190482674569 -1.6326559692980305 8.7297395657175159 -2.5487320740892661 -0.62649692318570138 4.8890605171522079 -2.7040306449030651 -12.824423529920455 -4.8067722307346683 -4.5720173055138682 2.1031553888157895 13.101251851217302 -15.558436778343864 3.7267106640515237 -2.4709424785943264 -0.60627870087496594 0.62212888619766971 0.14850007771826176 2.7011953358280425 2.7674434396570584 -3.351432361835462 1.1050179221601375 3.2737337461112412 -0.14863718431956205 6.0294675541697282 -0.13970331152045204 -2.4364637662119035 1.7338924210906588 -4.5839199538802431 -2.3642852240114194 4.0141127898205049 3.8329848157198501 -3.3969292069921266 1.2809155892097397 -3.2108016064144822 -0.38124550658986001 0.098401713613048503 2.765407614247545 0.60209879384295018 1.3335055524745432 -0.2215041843016422 -2.1201318654296566 -0.031513841629054878 1.483438970899192 2.2056203055092634 9.3129143641868879
leaf_weight=0.55983699345961113 0.63919989578425773 0.37771587353199709 0.61997314309701324 0.25906930910423431 0.21452739322558023 0.27168943965807546 0.28029195824637998 0.25127228489145625 0.33288534544408266 0.46462328732013736 0.7252275897189977 0.45679900189861644 0.49198082881048399 0.41807673173025173 0.3419747662264857 0.40824310807511288 0.38602788466960092 0.40138561697676778 0.64178045094013203 0.61619509477168211 13.425215183757244 0.6929599167779088 1.2988238357938815 0.37061995081603527 0.55919390963390547 0.44501108489930175 0.41092465352266738 0.36449219146743417 0.24850263725966215 0.62757539725862699 2.2744772171135965 1.7543406777549537 2.4482049988582744 32.771143130026758 0.64803464571014124 0.93073140713386227 0.95782656827941448 10.628406066680329 0.51345753856003362 0.30634787073358971 0.33916324377059937 14.876013706438242 1.9752470979001362 0.36642218474298704 0.39556063199415792 1.6546354019083085 0.50842649023979891 0.46985356789082278 0.47568088164553035 0.4562558103352784 3.7467066217213869 12.275241984985767 27.906385234324262 2.1592234871350229 7.0366049394942802 4.9041922197211525 69.799284230452031 1.6571547398343671 172.75503757339902 3.7843133588321498 0.19554793508723367 0.21840591402724385
leaf_count=39 83 74 72 66 53 46 47 62 61 75 92 88 74 81 90 75 72 46 40 43 868 73 213 38 85 68 66 42 54 60 215 88 347 5442 77 87 217 644 10 49 65 1815 184 34 24 236 84 66 38 75 484 1698 760 42 191 173 4227 237 3118 788 54 59
internal_value=0 8.75852 -0.380995 -0.0363055 -4.55722 -2.93402 -4.3956 -2.47406 -0.00856383 2.53999 3.92026 0.961171 -1.388 -5.49318 -0.0268929 -1.12134 0.0290544 1.17873 0.878389 3.80329 -0.00714288 1.38823 -3.0765 -8.03277 0.299963 0.606823 4.23539 7.27292 -10.8752 0.0815459 -1.75056 -0.828296 0.351044 0.00917617 0.0508333 0.563161 -4.47382 0.0448443 0.500563 0.0999149 3.09745 -0.0258167 -0.5206 -1.72751 -1.07477 -0.571649 0.960766 0.503335 -0.0317233 -1.5764 -2.81266 0.00995941 0.272906 0.464064 1.11005 0.283013 -0.0408021 -0.265535 0.0357681 0.350171 1.92439 5.95549
internal_weight=0 1.63689 1.25917 407.154 2.48318 1.97561 1.70392 1.42363 404.67 2.88959 2.55671 2.09208 1.63529 0.910058 401.781 10.045 391.736 12.2022 11.8162 1.95094 379.534 1.30916 2.00722 0.778863 9.86524 9.30604 1.1768 0.775417 0.507572 8.12924 9.26609 4.95955 7.68423 377.526 7.05665 2.68507 1.17235 362.126 26.6634 16.035 0.645511 15.3895 15.4005 1.66525 3.15449 2.75893 3.90217 3.39374 2.92389 2.11089 4.30654 335.463 54.2816 42.0064 9.19583 32.8106 281.181 71.4564 209.724 36.9694 4.19827 0.413954
internal_count=24574 229 155 24345 545 425 379 332 23800 471 410 335 247 155 23329 1026 22303 1542 1470 156 20761 116 337 113 1314 1229 154 108 120 1075 913 390 1007 20424 947 175 270 19372 2583 1939 114 1825 1052 247 412 388 535 451 385 311 523 16789 2864 1166 233 933 13925 4464 9461 6343 901 113
cat_boundaries=0 21 41
cat_threshold=2 256 1879048192 4718626 16400 0 5 0 0 1342177280 0 0 0 0 2147483648 67108864 50332288 524288 4210690 65541 528 2147483652 0 12 268436241 33824 33562624 146 33554432 0 17 0 0 0 0 1 33554432 336 8324 134225920 2147483648
is_linear=0
shrinkage=0.05


Tree=37
num_leaves=63
num_cat=4
split_feature=57 66 66 47 66 50 50 59 3 71 72 70 1 70 82 50 66 53 69 1 53 70 55 64 71 71 42 54 49 60 48 56 9 53 71 71 50 10 53 64 60 57 60 55 64 50 51 57 70 3 47 66 66 66 72 66 55 47 72 57 74 59
split_gain=51589.7 125389 167310 21430.9 15285.5 19962 18410.4 20354.1 14434.5 14243.6 13870.2 10938.2 10607.9 10068.4 10119.2 9166.9 8848.01 18329.7 13577.5 23722.7 12045.4 7968.76 7140.52 7287.92 6942.97 6125.39 5019.99 4916.64 4483.89 7618.55 5926.81 4452.83 4611.35 4318.87 4602.07 4066.24 3173.43 2815.73 2959.53 3072.89 2572.82 3329.59 2421.75 2279.68 2807.44 2226.95 2180.46 2101.84 4202.91 4116.8 1987.99 1941.76 1885.48 1873.92 4158.36 4696.27 3355.49 2616.26 2145.33 2066.43 1873.63 2670.11
threshold=-274.94190708688001 1500.6500000000003 2329.1133333333337 -781.8855438512586 651.89166666666677 -490.26397374206482 745.16240740244473 659.43938387048081 2019.5000000000002 50.128396242218052 0 4.0487227060186184 9.5000000000000018 2.2803197158081709 1.0000000180025095e-35 -379.14308550799035 277.58666666666676 462.42676124612325 0.83333333333333337 9.5000000000000018 -86.453452667760232 2.2028000306823183 -201.50854315462388 1383.5825000000002 -11.436321495408979 -1.5414582303852751 0.25000000000000017 201.35479913402665 -89.548201847384703 380.9034394854686 64.24392637792414 166.8278656526756 8.2500000000000018 2.0116714553029005 -3.0842808393427767 -13.125502958715581 -330.56182267456813 -19.95929214352104 101.1645665596091 365.98750000000007 -19.065314459085453 -6.7063696943348274 -31.695487515046764 -1.0000000180025095e-35 421.28500000000003 -35.886189105435356 152.83015105111136 40.044522112900303 0.13765669201296901 2019.5000000000002 -127.43969633521847 220.73333333333335 277.58666666666676 17.35166666666667 1 97.346666666666678 -28.949131052224228 -36.357863317160131 2 -94.554322963998374 3 5.3220050811022075
decision_type=2 2 2 2 2 2 2 2 2 2 9 2 2 2 2 2 2 2 2 2 2 2 2 2 2 2 2 2 2 2 2 2 2 2 2 2 2 2 2 2 2 2 2 2 2 2 2 2 2 2 2 2 2 2 9 2 2 2 9 2 1 2
left_child=3 4 -3 -1 10 -6 7 8 13 12 15 24 27 14 -7 26 28 18 19 20 -18 22 -20 37 -10 -15 43 -5 36 53 -31 45 35 34 40 -33 -12 -24 39 -39 -23 -42 -16 -2 -45 50 -40 -38 -49 -50 51 -17 -52 57 55 -55 -57 -30 -56 -60 -59 -62
right_child=1 2 -4 9 5 6 -8 -9 11 -11 16 -13 -14 25 42 31 17 -19 21 -21 -22 33 23 -25 -26 -27 -28 -29 29 30 -32 32 -34 -35 -36 -37 47 38 46 -41 41 -43 -44 44 -46 -47 -48 48 49 -51 52 -53 -54 54 58 56 -58 60 59 -61 61 -63
leaf_value=-20.495729315216096 -0.41769091655011414 2.3157106905204383 43.464150067525502 -3.1875600735815244 13.252547641296516 8.985778806460214 11.665358935226491 -10.865353410263543 -1.7597189962165343 -14.772358737498232 -4.4471366735379707 10.568196598683649 4.5447321755856915 -3.4319029571582229 -5.6939657583742935 -2.1813778319865142 7.4274558719423256 -8.6918227616380204 -5.915251824947898 14.986882680474677 -2.0843101082714797 6.5785116141325961 3.3815158707762651 7.4461928402202986 5.3798263239764212 -14.293276764787553 -12.25628706423673 -11.020123221378469 -0.89520369094959684 6.4613903981316376 -0.74048180147173615 -9.2041244676256131 -0.77496481477863932 7.6809730745912361 -1.9145245146416778 -3.5909019524964885 -0.91746389327612909 0.99299616765818866 3.6713685981438666 -1.2297254220426375 -0.85339567066502031 5.2599784305137529 0.94738907356155588 -3.2336530107220329 -10.876891036578961 -0.30688198437162401 -1.2123430579698899 -3.8675912650879987 6.6822805434439232 -0.020246182656574584 -2.1492054114572521 1.9118970330690397 -5.767717156422175 0.95822503609355769 -0.45003942747393133 -0.8425454550812902 4.1202057790263007 -0.11363262300951765 -2.4331991252432417 0.17017445844616019 0.058716303302570341 0.89296584238186694
leaf_weight=0.30462702363729466 0.22658879263326526 0.68659363780170568 0.38586541265249252 0.52009213506244012 0.42050823802128423 0.30055142915807642 0.42660401249304403 0.34520110487937916 0.59834479028359044 0.35186672233976413 0.59662087191827495 0.56251086271367956 0.31493630632758141 0.41404214454814792 0.27898303605616104 0.74454164039343618 0.60158991231583048 0.44625444011762816 0.43878692016005238 0.49272759677842248 0.74506917106918535 0.53885136358439922 0.6880329367704644 0.37439359677955586 0.79026513826102007 0.18909215438179672 0.30131003819406033 0.32590309763327241 8.9590153007302415 0.81003491324372479 0.44130967161618173 0.37283024145290156 1.3414762332104144 0.50032196287065733 0.45660338876769047 2.3962810728698982 12.401546761393545 2.5367165324278202 0.85400296933948971 4.0177404242567718 0.4456798352766782 0.4452212224714458 0.2702127513475715 0.2829332761466492 0.20880892314016819 3.8600844182074052 0.31207295833155513 0.30310995527543017 0.40717865084297955 0.52383214165456593 1.2076352569274602 0.47429724410176277 0.51289533684030164 9.3278234149329347 9.9147368383128178 0.40260072704404537 2.211875602370128 180.65741517022252 0.77010676311328907 74.53738896525465 64.803760247305036 11.257473662961273
leaf_count=55 45 79 92 92 71 60 61 52 51 43 121 47 52 105 52 88 57 57 76 83 62 50 114 63 78 58 80 53 935 74 69 45 122 36 65 328 1361 330 149 634 48 62 55 73 48 118 60 72 94 27 112 50 59 341 766 80 262 8039 82 7587 382 98
internal_value=0 0.046547 17.1207 -8.3962 0.00174813 2.86889 1.82324 0.703358 1.87654 -5.95976 -0.0308593 4.68618 -3.28875 -1.8966 1.61009 -1.25425 0.0373763 1.27754 1.60837 5.59957 2.16486 0.975951 0.309499 0.62048 2.30343 -6.83712 -6.83935 -6.2049 -0.00718106 0.0268515 3.92152 -1.8819 -3.18105 3.55102 2.45562 -4.34666 -0.877811 0.316564 0.0434235 -0.369484 3.85126 2.20172 -2.42632 -4.56718 -6.47921 -1.0965 2.36436 -0.721637 1.24621 2.91111 -2.13345 -0.588527 -3.22789 0.0134199 0.201313 0.807223 3.356 -0.0552969 0.0194085 0.126724 -0.0259856 0.18219
internal_weight=0 409.818 1.07246 1.81743 408.746 4.59632 4.17581 3.7492 3.404 1.5128 404.15 1.95112 1.16093 1.45288 0.849747 11.9297 392.22 13.8941 13.4478 1.83939 1.34666 11.6084 9.22175 8.78296 1.38861 0.603134 1.01964 0.845995 378.326 364.094 1.25134 10.91 4.11059 2.38668 1.88636 2.76911 14.2323 8.40857 7.72053 6.55446 1.42975 0.890901 0.549196 0.718331 0.491742 6.79945 1.16608 13.6357 1.23412 0.931011 2.93937 1.21884 1.72053 362.842 97.1645 11.9423 2.61448 265.678 85.2222 75.3075 256.719 76.0612
internal_count=24660 24365 171 295 24194 690 619 558 506 240 23504 176 197 330 167 1168 22336 1946 1889 202 119 1687 1426 1350 129 163 246 145 20390 18715 143 922 495 261 225 373 1675 1287 1173 964 160 110 107 166 121 427 209 1554 193 121 309 138 171 18572 9118 683 342 9454 8435 7669 8519 480
cat_boundaries=0 21 44 67 68
cat_threshold=4128 0 0 589824 0 8388608 0 0 0 268959744 1091043328 5456 67108864 0 33554432 1073792004 8390656 0 0 32776 17236096 131072 67108864 258 32 0 0 0 0 16 16777216 4096 3221291008 16777216 0 17825792 524288 2129921 1029 2097152 134365216 268435968 512 8 16 0 0 16384 262144 0 524288 0 0 2147483648 1 0 32 67142144 4194304 25165833 8192 0 1073741824 3222018560 525376 36864 1024 1
is_linear=0
shrinkage=0.05


Tree=38
num_leaves=63
num_cat=2
split_feature=66 70 57 56 72 67 42 39 3 67 58 47 51 10 65 70 3 80 67 66 57 72 50 66 10 55 65 50 20 25 49 64 88 51 49 66 10 64 57 54 33 21 65 70 47 49 10 9 64 52 47 70 53 70 56 65 51 70 63 55 53 49
split_gain=41210.7 144185 20335.9 19962.4 11479.4 22706.8 35666.3 27036.1 29541 30161.6 17612.1 14724.8 14237.7 10425.4 9772.87 8311.2 13867.2 15355.3 8070.84 7332.21 5835.78 5093 5716.66 4676.11 5985.96 7346.66 5751.81 4207.24 4481.59 3737.22 3595.86 4415.75 5254.98 3434.19 3252.24 3183.76 3120.09 4376.21 5595.69 3058 2798.01 2768.07 3502.83 2344.6 3087.47 2248.03 2332.89 2234.39 2212.03 2130.52 2114.93 2026.34 1850.62 1844.74 1769.05 2631.92 1809.29 1762.46 2499.27 1748.25 1709.09 1491.4
threshold=1822.7566666666671 3.9948772770441949 -274.94190708688001 298.07120434510233 0 615.02500000000009 0.25000000000000017 1.0000000180025095e-35 2021.5000000000002 1101.6700000000003 828.91256417742659 -434.50755614965993 -20.850166338738408 3.2320508075688776 720.30000000000007 2.2028000306823183 2019.5000000000002 1.0000000180025095e-35 533.65000000000009 676.48500000000001 7.2277603891183029 1 -330.56182267456813 220.73333333333335 -4.75 70.072472131252212 240.97500000000002 -191.7160307453598 9.1848509936051497e-17 1.0000000180025095e-35 -256.41585586533984 922.56250000000011 1.0000000180025095e-35 -268.19618705390758 -95.168980994130962 413.24000000000007 15.79422863405995 636.43000000000018 57.881183226127852 28.667687625743977 0.25000000000000017 -1.0000000180025095e-35 703.09500000000014 0.37089125350174573 96.206411692607404 -83.850089930797608 10.446152422706634 3.2320508075688781 229.28250000000003 82.314605605046069 134.56521075691427 2.0003426719147956 38.275860075397027 2.0003426719147956 127.34598163446044 403.02000000000004 -254.71624574240411 0.58808849310431321 1157.2083333333337 -34.424422748238776 16.697882872198328 -101.96549611293435
decision_type=2 2 2 2 9 2 2 2 2 2 2 2 2 2 2 2 2 2 2 2 2 9 2 2 2 2 2 2 2 2 2 2 2 2 2 2 2 2 2 2 2 2 2 2 2 2 2 2 2 2 2 2 2 2 2 2 2 2 2 2 2 2
left_child=2 -2 3 13 11 21 7 10 9 -9 15 14 -12 18 20 35 19 -18 -1 -17 -4 22 48 30 25 41 39 28 29 53 -23 49 -33 34 -29 -7 37 61 -39 -26 50 -25 60 -28 -45 -24 -47 -5 -6 54 -37 -30 -46 57 55 -32 -56 58 -13 -51 -43 -35
right_child=1 -3 4 47 5 6 -8 8 -10 -11 12 27 -14 -15 -16 16 17 -19 -20 -21 -22 23 45 24 26 -27 43 33 51 -31 31 32 -34 36 -36 40 -38 38 -40 -41 -42 42 -44 44 52 46 -48 -49 -50 59 -52 -53 -54 -55 56 -57 -58 -59 -60 -61 -62 -63
leaf_value=-2.8092788105939932 -3.4500658220566978 37.588076384494222 -11.335380060280588 -9.9557586616887086 -3.5988005790264332 -3.8881331663126062 13.529304000648247 4.7780081741463798 -0.74628574590062091 23.950776393592054 -0.20365025526323502 -2.3063460359267292 -13.503057828423787 -8.0102350920624801 -18.30557872482985 2.2545175062464926 1.0201391814123886 9.3056025766093384 8.8112099306097154 -8.4401180803371201 0.28562261680020601 -3.0194694788527494 -2.2333234080635762 -2.1425593558066987 4.1897875312398325 9.1255027433674947 -4.3395594920653702 -1.8674152430277471 -1.728030834002638 -9.1533287046960847 0.017313595067306769 6.6955753229109369 0.83551148245107232 -2.3864946849512858 -8.3536085472617145 0.094587064653019193 -3.2931046116638694 0.040119436132182523 8.2175246014018342 0.33923066114751699 -3.3364751402319075 1.2909759031251926 6.9655351097517899 -1.2146906602796395 -1.143981924206249 -0.34812378698606827 -2.6276138467860046 -16.062574966423 -9.2745117179184646 -2.1007251934368294 3.755978219510216 3.6606530961858277 2.7931267109781182 -6.5094130117222058 -3.591282927600937 0.92074922835313677 -0.48601743596381852 -0.43362696519855065 -7.5290135134003426 -0.35479039685737201 5.0355776017377689 -0.50743096101366214
leaf_weight=0.31069133733399101 0.63707152009010215 0.32232414092868567 0.1978624053299417 0.31163795315660536 0.60169634688645501 0.57093912921845591 0.68267459818162102 0.42382262693718054 0.57144963298924267 0.39753041695803404 0.41837529186159372 0.80154851637780689 0.38775110896676768 0.35766542586497962 0.20152933243662119 0.31022972287610207 1.1449328539893033 1.0930571644566951 0.28786090342327952 0.33154421113431454 0.23795265518128872 0.97828450473025341 2.7698727627284816 0.37535145459696728 1.1239913790486737 0.39313513180240978 0.406533374916762 0.59590303804725409 0.44742340734228481 0.31665957020595659 328.78849306493066 0.51855720952153106 1.4587830670643596 1.2429017950780643 0.28602148918434878 1.5908455788157887 1.0562991453334678 0.61428327159956175 0.31723989080637693 0.95263086538761843 0.45076123112812627 2.3380251536145815 0.37039219914004196 3.3125108298845589 0.43075417727231957 9.0831951634027046 1.2806833880022157 0.28840220696292818 0.24019932374358177 2.0258726279716939 0.52442063111811865 0.28595430590212345 0.97191698593087494 0.37350470712408412 0.49407167849130829 8.2641647099517268 9.274586695712058 0.59550177492201317 0.32073029363527894 4.9059435729868701 0.35037911823019374 7.0211642780341217
leaf_count=56 76 79 49 47 143 60 90 60 32 47 57 104 54 64 48 67 52 76 44 93 65 136 358 55 137 78 71 106 69 78 16448 60 160 115 41 192 76 78 69 99 49 332 48 483 46 343 114 56 43 326 78 55 150 75 51 294 1059 95 85 753 37 256
internal_value=0 10.3373 -0.037629 -5.74228 -0.0157364 0.0497702 2.54788 1.63538 7.9837 14.0575 0.339449 -1.05649 -6.60074 -1.25641 -9.20066 1.2693 3.20884 5.06684 2.77935 -3.27039 -4.99038 -0.00716112 -0.713489 0.0380502 1.05323 2.65097 0.203729 -1.43297 -3.04898 -4.09122 0.00773841 0.0160634 2.37231 -0.977022 -3.97099 -0.511212 -0.719464 -0.42383 2.82502 2.42338 0.24015 1.90978 2.40705 -0.696239 -0.38212 -0.967982 -0.629805 -12.8909 -5.21812 0.00289295 1.00233 0.373093 1.58406 -3.32473 0.0202403 0.0394649 -0.643073 -2.63227 -3.79891 -0.865052 1.77901 -0.790039
internal_weight=0 0.959396 407.077 1.55626 405.521 390.608 8.89833 8.21566 1.3928 0.821353 6.82286 14.9125 0.806126 0.956218 0.637344 6.01673 2.87976 2.23799 0.598552 0.641774 0.435815 381.71 13.9756 367.734 11.0256 3.82728 7.19834 14.2751 3.14132 2.40794 356.709 355.73 1.97734 11.1338 0.881925 3.13697 10.2519 9.19559 0.931523 2.07662 2.56603 3.43415 3.0588 5.12172 4.71518 13.1338 10.3639 0.60004 0.841896 353.753 2.11527 0.733378 1.40267 2.09129 346.821 337.053 9.76866 1.71778 1.12228 6.93182 2.6884 8.26407
internal_count=24717 155 24562 267 24295 22831 1007 917 139 107 778 1464 111 164 162 667 288 128 100 160 114 21824 1001 20823 1536 550 986 1302 561 437 19287 19151 220 741 147 379 594 518 147 236 319 472 417 750 679 815 457 103 186 18931 270 124 196 359 17852 16742 1110 284 189 1079 369 371
cat_boundaries=0 22 45
cat_threshold=4096 67108864 536870912 65536 0 0 0 0 0 302514176 524288 16781648 41943040 8448 2147483664 1073792000 67108928 128 75497472 32768 65664 32 0 2684354560 0 262144 0 0 20480 0 0 0 1124073472 2147484704 69238786 0 1073741824 33554432 8192 0 0 1140850696 21496136 0 65
is_linear=0
shrinkage=0.05


Tree=39
num_leaves=63
num_cat=2
split_feature=67 70 71 0 58 1 47 57 67 51 84 52 67 39 58 65 67 51 47 51 67 51 50 68 55 48 58 8 70 68 63 34 59 50 70 72 65 67 56 3 24 59 14 8 57 3 48 63 48 54 70 3 60 47 48 57 55 70 56 67 67 52
split_gain=53186.6 140053 44545 12195.5 28560.7 143756 17385.3 10503.2 7736 8754.77 8678.62 7670.3 7262.82 12293.5 13964.9 7461.47 9748.72 6811.55 6811.47 5271.52 4946.41 4809.04 5367.12 4361.35 4145.48 5320.42 5453.94 5040.67 3864.61 3815.25 4807.44 4532.35 3588.49 3309.75 3254.65 3205.03 5839.71 3843.03 3201.67 2629.44 4483.69 3017.45 2574.96 2529.86 2452.3 2445.23 2272.77 3874.24 2229.74 2057.35 1873.53 1866.25 1787.39 1764.43 2020.37 1730.73 1686.16 1629.64 1732.54 2505.3 1626.22 1577.52
threshold=2155.0000000000005 4.0487227060186184 -0.51120299551178561 0 1096.7346936288111 9.5000000000000018 -476.02242494109902 141.85149770311838 1636.1500000000003 567.61521559463267 1.0000000180025095e-35 -224.74675373918123 481.35000000000008 1.0000000180025095e-35 828.91256417742659 155.02500000000003 733.35500000000013 -152.95068005017939 -138.93287692412116 -67.718096596607225 113.89000000000001 -89.308224908545441 -121.35336003409263 0.83333333333333337 -201.50854315462388 -339.30399232764006 460.62079905160988 1.5000000000000002 0.89446235291034426 0.83333333333333337 210.95541666666665 -1.0000000180025095e-35 86.325241596112576 -155.13383557406232 0.81361809469777413 1 543.21500000000015 289.44500000000005 134.34627915504589 2016.5000000000002 -1.0000000180025095e-35 -139.0136146358015 -0.68301270189221908 2.5000000000000004 -34.890677546218051 2019.5000000000002 -203.69601463201178 323.29125000000005 -24.52655579550964 75.973249339885797 1.9510611187067555 2019.5000000000002 65.903070456524276 -98.894073513697677 203.81014441603568 -47.520180063856571 -18.592234712145373 2.241719751351976 121.14380744377017 806.59000000000003 517.46000000000015 -209.76743678788509
decision_type=2 2 2 9 2 2 2 2 2 2 2 2 2 2 2 2 2 2 2 2 2 2 2 2 2 2 2 2 2 2 2 2 2 2 2 9 2 2 2 2 2 2 2 2 2 2 2 2 2 2 2 2 2 2 2 2 2 2 2 2 2 2
left_child=3 2 -2 6 12 7 17 11 9 19 -10 20 18 14 15 16 44 33 28 32 -6 22 -15 -11 49 -26 27 -27 39 -29 -31 -32 53 60 -34 36 37 51 48 40 -5 56 45 -39 -14 -33 47 -30 -37 -17 -44 -20 -50 54 -8 -55 -41 58 -21 -60 -1 -40
right_child=1 -3 -4 4 5 -7 8 -9 10 23 -12 -13 13 21 -16 24 -18 -19 35 57 -22 -23 -24 -25 25 26 -28 29 46 30 31 42 34 -35 -36 38 -38 43 61 41 -42 -43 50 -45 -46 -47 -48 -49 52 -51 -52 -53 -54 55 -56 -57 -58 -59 59 -61 -62 -63
leaf_value=-6.702116015667734 -7.2814884049266198 36.321090903708736 12.222278569673678 7.2549579406315363 -4.6740546313261566 41.243569784844794 -1.9540008208295934 8.1958015581567594 -1.4008793868357792 -3.0883215121678567 12.269625300783208 -10.560288845415359 -1.9797421886072606 3.3017453910540291 -7.7934885167206405 -0.81961737479026575 7.4267597055845389 -16.433401211407514 1.5988841777599179 -0.70269842775812819 6.0657609728671069 1.5274874875602942 10.352017595914653 -10.50015488185961 6.0555530938439466 4.1178774518867796 -3.7798050622183434 -2.9962840858009656 -0.95490509140036495 -5.1346349232662938 5.3294698593561654 -3.975727436966416 -9.7295142288789975 -11.160638100792564 -3.3531904973656994 -0.34901779168067648 3.9988667989904658 5.7206133702544975 -3.7092148415060144 -7.2841376833948352 -1.7036180964809828 -1.9730562721238518 0.78228111832687341 1.0349929902928166 2.5567287102631671 0.82039198659266477 -0.77968020483561817 7.2009575663531464 0.016212171035341724 -5.6380356705420205 4.1911911678066129 0.062266675610593604 0.67848537374538098 -1.201805445727933 2.462798277445394 -5.4594116749664225 -3.4900898145435182 -2.3232291500019104 -0.11290270996692803 5.0008929687961832 -0.50851393193195271 -0.72653501396782316
leaf_weight=0.21839088038541377 0.69316472904756654 0.36513262707740057 0.50679425382986565 0.17698621982708573 0.2462051622569561 0.25272035039961338 1.5147139586042588 0.22599926171824336 0.25988387363031584 0.38573069497943002 0.20983713306486607 0.28364479728042968 0.51531462115235638 0.49669231148436654 0.47702251654118377 0.51184349507093152 0.93491699616424728 0.22284768079407413 2.4239793708547941 4.3953793398104581 0.18990450398996472 0.59003374725580116 0.59129954897798587 0.40884798625484109 0.43364768661558173 0.97878559213132099 0.71988420048728574 0.78732294542714942 0.3161536720581356 0.32628826797008503 0.56859513232483916 0.52656552894040476 0.32849167496897269 0.22849345579743385 0.5121276096906513 42.107143487781286 1.3772550662979473 0.57128903688862809 0.46112733567133446 0.47444149572402239 0.66239721653982897 2.7626779011916369 2.7406583041884107 0.5810855277813971 0.70610893890261395 0.53654542239382863 1.8157426288817076 0.26992711238563061 287.16791050718166 0.39058278920128942 0.47255841828882683 10.690673441393299 10.562611222965641 0.39005224965512753 0.31229594722390164 0.61510611139237903 0.76507115154527106 1.1557030850090084 0.7536036525852976 0.35108249913901091 0.20590469846501946 11.468384677311404
leaf_count=55 93 86 46 49 72 56 286 46 64 65 53 57 33 59 54 39 87 54 521 92 43 57 59 81 53 53 67 46 66 30 76 113 63 57 91 3862 200 21 74 55 191 249 479 94 82 71 221 37 12599 66 48 338 942 45 68 67 84 126 97 59 49 1324
internal_value=0 9.20644 0.955791 -0.0287489 0.0364312 7.7441 -1.1611 -1.20749 -1.5792 -1.84463 4.70611 -4.16007 0.0135599 1.16156 0.584163 0.94259 3.5841 -8.88572 -0.0272077 -1.45556 0.00261161 5.16224 7.13341 -6.90206 0.309229 0.667744 0.362618 0.792476 -1.54559 0.246225 0.739901 1.13553 -2.97617 -6.30911 -5.84489 0.0027266 0.542746 0.589533 -0.035704 -2.35903 0.185321 -2.89266 0.577889 3.35789 0.642806 -1.55516 0.0941528 2.80138 -0.00845683 -2.9051 1.28362 0.346279 0.0397077 -2.1247 -1.19902 -3.80725 -4.94232 -0.61645 -0.257812 1.51232 -3.69645 -0.841829
internal_weight=0 1.56509 1.19996 401.626 389.158 1.19847 12.4685 0.945754 11.5929 11.1231 0.469721 0.719754 387.96 13.3047 11.6266 11.1496 2.15634 0.875637 374.655 10.3286 0.43611 1.67803 1.08799 0.794579 8.99328 8.09085 7.6572 6.93732 7.2434 5.95853 5.17121 4.84492 3.67279 0.652789 0.840619 367.411 15.6443 14.267 351.767 4.84157 0.839383 4.00219 4.27633 1.15237 1.22142 1.06311 2.40182 0.586081 339.838 0.902426 3.21322 13.1147 297.731 2.83217 1.82701 1.00516 1.23951 6.65577 5.50007 1.10469 0.424296 11.9295
internal_count=24470 225 139 24245 22773 274 1472 218 1257 1140 117 172 22499 1572 1397 1343 202 215 20927 994 115 175 118 146 1141 1036 983 916 952 863 817 787 620 161 154 19975 1174 974 18801 628 240 388 711 115 115 184 324 103 17403 105 527 859 13541 466 354 112 139 374 248 156 104 1398
cat_boundaries=0 22 45
cat_threshold=0 0 352330760 655360 24576 16 4 0 2147483648 268435460 1024 0 0 0 2147483648 4 570949648 131072 16514 32772 0 2097152 67108864 134217728 2 0 0 2097152 1048576 0 0 16 4608 0 155189504 56 17825792 2 2129920 1025 0 1065984 268435968 512 8
is_linear=0
shrinkage=0.05


Tree=40
num_leaves=63
num_cat=3
split_feature=71 41 0 67 50 67 3 50 70 50 67 58 47 52 67 8 67 70 70 53 58 64 4 0 63 70 53 85 54 67 71 5 54 59 58 64 67 70 58 74 3 67 64 59 24 67 56 29 3 82 10 58 8 70 70 36 70 67 60 58 60 65
split_gain=41897.2 309431 13671.8 39518.8 29369 40289.4 27541.1 31978.1 19004.7 18605.6 10206.1 10195.6 10103.3 16863 10269.6 21989.2 8197.76 13072.2 11909 8531.4 6968.53 6057.06 5464.76 4330.74 3946.34 6705.62 3348.42 3309.96 3188.92 2799.07 2659.68 2598.59 3448.5 2535.04 2615.65 2491.65 3535.97 2458.48 4265.87 2865.37 5115.27 5650.96 4990.43 3589.6 2696.28 4410.51 2535.18 2418.92 2408.18 2309.09 2189.43 2216 3085.75 2948.84 2079.44 2056.29 1905.56 1903.94 2466.82 1889.16 1967.35 1952.6
threshold=-132.39333122099626 -1.0000000180025095e-35 0 1177.3350000000003 -263.9001392533786 2155.0000000000005 2021.5000000000002 -490.26397374206482 4.5465387606948413 79.221414820268521 1754.5450000000003 1292.4226177461446 -264.8139295189693 -84.374741555784468 1222.4000000000003 2.5000000000000004 499.42000000000007 0.60433973637239558 7.5417008887526817 237.10837380961866 728.61593974221967 809.17000000000019 0.25000000000000011 1 1241.7095833333335 1.6057494050094336 75.596018688955596 1.0000000180025095e-35 19.107771635386218 169.53000000000003 10.403110849020932 -0.93301270189221919 95.56533088240748 -43.916534688113053 272.19653375238613 1619.7375000000002 192.12500000000003 1.2000139631489231 133.31119719897572 2 2019.5000000000002 79.030000000000015 365.98750000000007 5.3220050811022075 1.2500000000000007 81.335000000000022 360.54540418150015 -1.0000000180025095e-35 2019.5000000000002 1.0000000180025095e-35 19.959292143521051 226.68836333562149 2.5000000000000004 0.42591282937817593 1.2111562505112394 0.25000000000000022 0.75472776927612106 96.825000000000017 -35.359447366719074 226.68836333562149 46.853086754339536 327.00500000000005
decision_type=2 2 9 2 2 2 2 2 2 2 2 2 2 2 2 2 2 2 2 2 2 2 2 9 2 2 2 2 2 2 2 2 2 2 2 2 2 2 2 1 2 2 2 2 2 2 2 2 2 2 2 2 2 2 2 2 2 2 2 2 2 2
left_child=1 -1 4 16 5 22 7 -5 9 -9 -10 -3 13 21 27 -16 20 -18 19 26 23 -6 48 28 25 -24 31 59 -4 -29 -28 -19 47 49 -35 36 -22 39 57 40 44 -42 -43 -41 45 -25 50 -33 54 -34 51 -47 -53 -54 -2 56 -30 -39 -59 61 -61 -14
right_child=2 11 3 6 12 -7 -8 8 10 -11 -12 -13 14 -15 15 -17 17 18 -20 -21 35 -23 24 37 -26 -27 30 29 55 -31 -32 32 33 34 -36 -37 -38 38 -40 43 41 42 -44 -45 -46 46 -48 -49 -50 -51 -52 52 53 -55 -56 -57 -58 58 -60 60 -62 -63
leaf_value=57.752131610524145 -1.1665812859694913 -1.2982844031639793 -0.46043207196742719 21.045813210898583 -7.1611353450609414 -24.270176618099008 -2.2948581146833167 -3.1627025771443247 6.8236268689289048 9.9568494231580509 19.142640135112355 -13.707724052592429 -0.41343848504068631 0.70180701400271139 -4.529072487093063 12.598218439598618 8.8145445302243264 3.2248033825343345 5.680111722126016 -6.5460775213208295 -3.2220956774925202 -17.585841788762206 -0.64318300498544989 0.09472531629834674 -12.368372362817666 -10.720838483034786 0.26443230105824167 -0.69728207179449708 -2.4587702152906208 -4.5857404537532185 5.419972875895815 -2.2650170750239069 2.1608986585166243 -1.3626632406294212 -6.1994762500689884 1.5137359297319919 -10.446726383812697 0.067055845301076486 2.1047979069483036 0.044937520401581887 -0.25723687043400234 -1.0004288089880053 -4.0105852680215577 0.99470936987705749 -1.9440434592054121 1.0494534359634715 5.6728928112524297 1.4352264176584708 1.5855427500383681 -2.185455448667299 -2.4909695655125885 7.6640962571561051 -1.6046246647891864 5.1609752045666477 -7.2483141248400287 -4.2240432220412059 -0.53945728001322768 -0.35426954001081068 0.83008140524902496 -0.60590316490977392 4.4970129355936308 -2.4158291036132717
leaf_weight=0.25286926934495568 0.32864012429490619 0.34491515904664893 7.3675097010564041 0.41765635274350699 0.32977351173758507 0.30240021971985687 0.78925114311277855 0.7153445673175145 0.37555379047989856 0.43430717429146171 0.30441095633432269 0.31823389185592532 6.4399069387000001 0.54982949187978991 0.33537199534475881 0.42473958153277636 0.56481706025078793 0.67745031323283633 1.1814717412926246 0.42969988053664554 0.91844464791938552 0.24129333673045039 0.36550222104415298 40.209772439207882 0.26909316191449761 0.30100643634796143 0.42013969318941213 0.82504457794129926 2.9818600076250732 1.0540983183309434 0.61833105748519301 0.51270299544557785 0.64444842841476224 0.76529635582119204 0.44034039601683617 0.19907861249521364 0.20765451900660992 97.234653167659417 2.9072322223801157 63.52201662492007 105.20568485325202 7.747468709247185 1.674484977731481 11.795595565345137 1.3670376481022675 6.3028015654999754 0.32995490706525732 3.1880137841217246 0.33131857449188828 0.58115537604317069 0.38239763816818584 0.31711154477670778 0.33576298225671053 0.30953049380332232 0.2455758391879499 0.89070061594247807 2.2835960243828595 5.7099738514516529 19.114289503311738 0.39703744230791915 0.36026540584862232 1.5012816719245163
leaf_count=66 54 62 493 73 69 39 45 87 67 71 50 70 236 75 39 89 99 91 88 41 240 53 55 6895 64 58 58 40 402 79 79 67 76 113 56 63 39 4784 241 409 2318 727 174 95 279 1388 87 351 44 73 73 61 94 64 54 83 176 567 1724 74 61 234
internal_value=0 10.6916 -0.0137243 0.0568827 -1.15736 -7.35595 5.74027 8.56224 5.71255 1.79351 12.3387 -7.25336 -1.01985 -5.54826 -0.572148 5.04142 0.0140179 1.42537 0.984152 0.31389 -0.0232789 -11.5659 -4.57785 -0.0105896 -7.25776 -5.19442 0.689498 -0.97554 -0.668187 -2.8785 3.33417 0.286172 -0.0384839 -1.50138 -3.12924 -3.64274 -4.55433 0.0312858 0.21192 -0.0616593 -0.178796 -0.362297 -1.5354 0.193683 0.245672 0.307793 1.38173 0.922589 -1.80896 0.0999496 1.19659 1.39068 3.62537 1.64066 -3.76757 -2.00222 -1.62638 0.166835 0.557662 -0.564442 1.82166 -0.79199
internal_weight=0 0.916018 406.977 392.375 14.6022 2.14354 3.03652 2.24727 1.82962 1.14965 0.679965 0.663149 12.4586 1.1209 11.3377 0.760112 389.338 10.0239 9.45905 8.27758 379.315 0.571067 1.84114 377.989 0.935602 0.666509 7.84788 10.5776 13.5237 1.87914 1.03847 6.80941 6.13196 2.43124 1.20564 1.32518 1.1261 364.466 124.966 239.5 164.182 114.628 9.42195 75.3176 49.5544 48.1873 7.97756 3.70072 0.905535 1.2256 7.6476 7.26521 0.962405 0.645293 0.574216 6.15616 5.26546 122.059 24.8243 8.69849 0.757303 7.94119
internal_count=24676 198 24478 23061 1417 368 393 348 275 158 117 132 1049 197 852 128 22668 1192 1093 1005 21476 122 329 21134 177 113 964 724 1154 119 137 827 736 318 169 342 279 19980 7316 12664 12160 3219 901 504 8941 8662 1767 418 152 149 1680 1607 219 158 108 661 578 7075 2291 605 135 470
cat_boundaries=0 22 44 45
cat_threshold=32784 256 620756996 2 0 0 0 0 2147483648 32 0 0 0 0 2147500032 67108864 839124610 1703940 272629890 32769 0 2097152 6 67108864 1073741824 4194352 115712 0 406 0 0 1 0 2097152 0 0 64 0 368 100667536 33619968 4 0 524288 1
is_linear=0
shrinkage=0.05


Tree=41
num_leaves=63
num_cat=4
split_feature=71 1 71 10 0 66 52 47 58 67 8 9 67 71 78 70 70 51 70 47 56 8 67 48 58 67 60 71 10 10 58 58 71 0 58 22 0 67 58 71 56 8 30 70 10 17 50 70 52 47 56 55 66 70 48 50 70 55 81 54 72 47
split_gain=41225.1 288044 19129.7 21641 12212.2 46627.9 25454.8 20799.5 29546.6 9648.68 13167.3 18355.5 11435.4 8879.44 8265.32 13297.9 11401.4 7062.76 6810.22 6756.06 7022.79 6685.04 18326.3 6683.36 5756.6 5113.38 4737.1 4720.34 9452.16 4420.51 4419.65 4006.36 3367.59 3051.87 3053.44 3040.7 2379.85 4349.65 2407.26 2336.31 2299.03 2116.04 2092.6 2493.83 2453.05 2081.53 1837.67 1834.53 1834.38 1828.56 1719.07 1589.38 1576.8 2536.21 1765.73 1549.17 1546.69 1516.23 1457.85 1449.6 1413.29 1521.25
threshold=-132.39333122099626 10.500000000000002 126.97851400675619 1.2552629691260372e-15 0 1246.2700000000002 -1.0000000180025095e-35 -339.10160837395102 657.99239844350211 499.42000000000007 1.5000000000000002 -10.000000000000002 1585.1500000000003 -191.35614722887365 1.5000000000000002 0.70753317209514999 0.83847260559470926 301.34240412219907 6.6579349796260852 -356.32021557755246 381.03773939239022 6.5000000000000009 1048.0850000000003 437.24984654190297 554.28712649772115 675.59000000000003 -3.2704914761273449 -13.866420856715562 5.7500000000000009 -1.9288187086570806e-15 249.70778677387503 1292.4226177461446 -19.961593582149572 1 133.31119719897572 1.0000000180025095e-35 2 200.52500000000001 138.50712762109529 32.399209441155008 138.09328772881727 2.5000000000000004 -1.0000000180025095e-35 4.3856889010616475 -11.500000000000002 1.0000000180025095e-35 -147.81195713475842 0.65756190767769318 77.371058596337676 -1.0000000180025095e-35 195.15041310645805 -103.49261713139124 152.46333333333337 1.1650502908602867 -24.52655579550964 26.445548920360434 0.38448679020432014 26.679516216261728 1.0000000180025095e-35 4.7507270349436226 3 -87.103433213612178
decision_type=2 2 2 2 9 2 2 2 2 2 2 2 2 2 2 2 2 2 2 2 2 2 2 2 2 2 2 2 2 2 2 2 2 9 2 2 9 2 2 2 2 2 2 2 2 2 2 2 2 2 2 2 2 2 2 2 2 2 2 2 9 2
left_child=1 13 4 23 7 9 -7 8 29 24 11 -11 14 -1 15 -12 -16 21 48 -17 27 32 -23 -4 33 -19 -14 28 30 -2 -21 45 -9 34 -6 42 37 39 41 -35 52 -39 -29 44 -44 56 -34 -36 -18 -49 55 -42 54 57 60 -46 -26 -54 -25 -55 -38 -62
right_child=2 -3 3 -5 5 6 -8 17 -10 10 12 -13 26 -15 16 19 18 25 -20 20 -22 22 -24 58 31 -27 -28 35 -30 -31 -32 -33 46 36 47 -37 40 38 -40 -41 51 -43 43 -45 50 -47 -48 49 -50 -51 -52 -53 53 59 -56 -57 -58 -59 -60 -61 61 -63
leaf_value=-11.992215868062182 0.53240014814249281 55.905143157572276 4.8234034623080415 -19.210462872467645 -0.41187841261140723 19.916305689921785 3.2750246317564122 -4.5127009503708413 -21.440427486826284 -0.013385640001799787 -7.4919317647124473 9.0830097364755034 -9.7533105580127284 -0.78105598507275964 10.038568562309251 -5.1645019341874692 0.9141651337072374 -2.6379319981284093 6.5388148133237882 3.1810999601589511 7.5814275114598253 -0.69115895682538753 15.948555025855313 -3.0554529939614956 -2.8330276916352766 -10.44484593858666 -0.9901695646617642 3.5465270891279688 8.5346589361520042 -7.6568685587875436 -3.6276689395916173 -7.3551103302489524 -3.1884377953450915 0.24450859018864129 -2.61112047215064 -3.1513773340488402 0.24665972772650568 3.5400689196856265 4.2507144585884911 3.0364431274102164 -3.1077471248872128 -0.16965669792822019 4.6004588759948977 -2.6521309235473343 -0.20647776899905576 2.6704815762542999 -0.95633388894761218 0.77932081481891469 -3.3674689818593251 -2.949849795557423 -2.2506900208624718 -0.56941700941483642 -1.0140834199648199 2.9932831753023628 0.046487678068383047 3.4939314493958431 0.99878473089192488 1.3581486648869534 -8.952343645726307 0.94042795418792302 -1.6611815863834403 -0.42016515577814312
leaf_weight=0.33440195024013519 0.38012459594756365 0.25491045322269201 0.21803415101021428 0.26802944345399737 12.875738833565267 0.44342075102031231 0.47697150474414129 0.84893143130466064 0.32211830653250217 1.0300617241300645 0.5199497765861415 1.2014387007802714 0.35142759932205081 0.3742989213205864 0.53562981029972467 0.43815455352887323 0.96597555931657531 0.52050568209961134 0.52745919674634922 0.55369795439764613 0.41019317135214795 0.79159201215952701 0.20920222159475088 0.21211865218356252 1.5438558191526679 0.35130675323307514 0.2748139491304763 0.48797442717477535 0.53313438990153372 0.29088917747139831 0.41846132278442383 0.35334406793117512 1.0441738474182738 11.07516001584008 3.084675050340592 0.67838879651390005 6.6064968211576343 0.64311387296765976 1.251522028353065 0.80368323391303498 0.65802752319723268 0.95553261926397681 0.35979498224332829 0.67424548161216069 0.79446965083480658 0.25108224898576725 7.8873370881192395 0.98273078119382262 0.33757621748372912 0.4939399412833152 0.5498059564270078 9.8181057879701239 2.5663512006867664 1.0573597156908361 288.40444720350206 0.43920014193281531 0.31751220580190409 0.91329313279129554 0.20718343928456306 4.6059136935509741 2.7185833565890816 26.937681862618774
leaf_count=67 59 61 54 38 605 75 43 77 61 74 91 58 54 72 95 74 133 48 38 84 60 189 56 50 329 75 56 79 86 53 37 87 113 783 400 93 533 29 183 47 87 160 46 66 121 44 493 102 55 48 67 1193 367 85 12798 71 39 176 52 536 333 2327
internal_value=0 10.3239 -0.030257 -7.29009 -0.0140104 0.0503069 11.2924 -1.14313 -8.99304 0.0251303 1.41611 4.88411 0.630471 -6.07106 1.07436 0.195096 3.6221 -1.45509 1.74507 0.825763 1.27067 -1.10505 2.78714 -2.27702 -0.0192213 -5.78382 -5.90778 0.799081 3.18439 -3.01771 0.250298 -2.42722 -1.50333 -0.00344868 -0.51204 -0.102201 0.0345531 0.508825 2.60841 0.433402 0.000473889 1.32272 0.523584 3.08128e-05 0.834367 -1.60295 -1.21729 -1.91734 -0.194635 -0.468071 0.0746027 -0.728855 0.023377 0.670946 0.00514087 1.11091 -2.1794 -0.39145 -5.96919 1.32371 -0.323698 -0.39929
internal_weight=0 0.963611 405.472 0.905366 404.567 391.92 0.920392 12.6462 0.993132 391 12.0819 2.2315 9.85035 0.708701 9.22411 6.85747 2.36664 11.653 1.83101 6.33752 5.89937 10.7812 1.00079 0.637336 378.918 0.871812 0.626242 5.48917 1.50529 0.671014 0.972159 2.46579 9.78044 376.452 17.4371 3.98388 359.015 14.729 2.85017 11.8788 344.286 1.59865 3.30549 2.81752 2.14327 2.11245 8.93151 4.56135 1.30355 1.47667 1.78348 10.4761 333.81 9.14292 324.667 1.23367 1.86137 3.47964 0.419302 5.66327 36.2628 29.6563
internal_count=24565 200 24365 194 24171 22947 118 1224 173 22829 1538 132 1406 139 1296 975 321 1051 226 884 810 928 245 156 21291 123 110 750 207 112 121 499 683 20792 1155 543 19637 1202 372 830 18435 189 450 371 305 412 606 550 188 150 259 1280 17155 1164 15991 192 368 543 102 621 3193 2660
cat_boundaries=0 22 42 65 87
cat_threshold=12 0 516 131072 0 0 5 0 2147483648 1879065600 0 0 1 0 2147483648 67108864 33555075 1052680 4243586 32768 0 2097152 2 128 536883200 268960784 33652768 33554432 386 0 0 57 0 2097152 0 134217728 64 33554432 268435504 132 0 131076 4096 1075879968 278528 0 0 67125248 131072 0 1024 8388608 2048 0 2048 0 8192 1024 134217728 66 537002048 0 96 134217728 1 393216 0 2147483648 133121 0 2097152 2048 32 512 26624 16384 0 0 2214723592 1049601 128 36864 1024 603979776 2147483648 67109408 16
is_linear=0
shrinkage=0.05


Tree=42
num_leaves=63
num_cat=2
split_feature=57 66 66 54 50 58 51 53 63 13 63 50 1 50 70 58 53 0 66 69 47 70 53 14 13 47 56 58 51 1 88 63 54 3 88 65 49 9 65 69 66 70 55 51 57 70 71 80 63 66 49 70 66 53 58 66 59 71 70 26 73 66
split_gain=43556.8 66425 98451.3 28812.1 21740.7 20806.7 17032.5 11092.8 20993.9 68954.6 11095.5 11831.4 10941.2 9684.82 66048.2 10267.1 7700.36 6033.36 9739.87 6460.01 12391.5 12983.7 6203.94 5127.73 4944.47 4603.63 5125.39 5089.35 4771.64 4695.34 4535.89 6092.58 4297.04 4028.17 3936.7 3388.51 3237.22 3085.31 3158.83 2950.77 8291.23 4554.89 2235.05 2394.71 2344.04 2134.99 2207.85 2116.79 2061.1 1840.21 1916.76 1771.25 1758.71 1751 2017.62 1745.09 1916.13 1666.29 1636.82 1602.32 1596.08 2795.19
threshold=-274.94190708688001 1179.2833333333335 2329.1133333333337 150.3666485860995 -248.60050818032911 479.23577693347187 -152.95068005017939 306.70387940281927 1649.9720833333336 0.68301270189221952 1479.4166666666667 218.03918782455617 5.5000000000000009 -490.26397374206482 1.2744728953183571 657.99239844350211 -285.34942535953616 0 207.17000000000004 0.83333333333333337 -81.363895477601616 2.9201096870247603 -37.059776322485767 -0.68301270189221908 -0.68301270189221919 169.27337496087338 50.868975777780555 53.04898679185218 -124.03584807736691 4.5000000000000009 1.0000000180025095e-35 932.97041666666678 75.973249339885797 2021.5000000000002 1.0000000180025095e-35 170.16500000000002 -92.227494844584086 -5.0980762113533169 148.03000000000003 0.83333333333333337 291.8033333333334 0.37089125350174573 90.743805486109025 -36.928760583629611 6.9852808985176607 2.241719751351976 -15.62755287800937 1.0000000180025095e-35 577.44178571428586 458.75333333333339 -19.019781077493558 2.2803197158081709 272.03666666666669 -53.176029711855868 231.37626995401345 433.62333333333339 208.74344781990393 -1.1931165130181838 1.4329252775783266 0.6830127018922193 1 82.071666666666673
decision_type=2 2 2 2 2 2 2 2 2 2 2 2 2 2 2 2 2 9 2 2 2 2 2 2 2 2 2 2 2 2 2 2 2 2 2 2 2 2 2 2 2 2 2 2 2 2 2 2 2 2 2 2 2 2 2 2 2 2 2 2 9 2
left_child=3 7 4 34 -3 -5 -6 8 13 16 23 12 -12 14 32 17 -10 37 36 20 21 -20 -22 -9 -17 26 27 -21 -27 48 31 -26 -2 49 -1 47 59 38 -15 40 -25 -41 43 44 57 46 -40 -29 51 53 -51 58 -44 54 -31 56 -30 -39 -28 -19 -38 -62
right_child=1 2 -4 5 6 -7 -8 10 9 -11 11 -13 -14 15 -16 24 -18 18 19 25 22 -23 -24 39 30 28 29 35 55 33 -32 -33 -34 -35 -36 -37 60 42 45 41 -42 -43 52 -45 -46 -47 -48 -49 -50 50 -52 -53 -54 -55 -56 -57 -58 -59 -60 -61 61 -63
leaf_value=-3.6854718440519862 2.6055737509525674 -3.4109129847561932 31.485766430255513 -4.2004393385945056 14.807347407641959 -19.35296493204514 1.5987584879116907 4.2796175460524095 -7.4063148934872221 27.770271296723987 -19.244584816842703 1.4576816236777648 -5.3291022853726577 -0.45979450551446721 29.903549888743164 -9.9989479737142446 3.1751756947210112 -0.69001046670970689 2.0074531248384742 -1.8673356395598579 -2.7250589066807014 12.748634684066388 3.7356856300507006 -1.6136457365698964 -1.704786734874653 8.6881799903925536 -1.351548663511918 7.1693289059434484 3.1274923933237679 -0.4798424075823281 0.97329877046241586 -10.820096263332276 -5.2314407315932883 4.7205324415375305 3.6176516839053479 0.80092286664619461 -0.14189027196891757 0.20476057542346507 -5.3768373206823625 -3.2537746868074948 -10.254780782655594 3.4231217405158834 -0.59460272907935652 -0.47589673097993057 -5.3668755423277634 -6.9511905062326083 -1.8879871253948861 3.3427744748628423 -4.0613722593942212 0.5251003091801949 4.2195024001556014 -3.9516770661216363 4.4419399988167774 0.65061161016188895 -4.4307839632981363 4.8806375063698004 -1.9838247763657688 -2.4445025722157823 1.576862280392235 -3.0114733310048987 0.046140806520307165 0.86051249632494331
leaf_weight=0.44401591923087724 0.29441254935227235 0.65475630573928367 0.39405664522200812 0.36273968662135303 0.50033030705526482 0.60344710713252425 0.47650810750201256 0.36273509659804437 0.29047977225854993 0.29031251720152795 0.26432904438115645 0.23876239405944943 0.30338557274080813 1.1048904082272195 0.20811902545392513 0.28639135626144696 0.42128979205153771 10.300430346280333 0.55578164476901315 0.60761287785135154 0.74663955438882113 0.56976185971871018 0.73967962153256006 1.4695942306425411 0.49022038793191203 0.33813216793350864 1.454376258188858 0.53281054040417108 0.35813123919069834 1.5763545441441222 0.50251156790181994 0.29280968778766692 0.43090088106691837 0.56949060037732113 0.31574178696610034 0.92891575070098031 109.55462849792093 0.84536648727953312 0.67066095629707057 0.50636146124452353 0.34224766772240411 0.51543188584037125 0.36879849224351424 4.9096365857403708 0.50039523025043298 0.41395862097851921 1.4002323662862179 1.1234759907238183 0.67892929865047325 0.98752195714041591 0.54477160191163398 0.41639420483261336 0.32702314248308539 2.8111437263432903 0.40644578728824843 0.33170285588130355 0.37572221853770316 1.9923194656148553 0.71018034778535355 0.80111472285352725 235.1906010650564 11.030921194236724
leaf_count=79 76 88 93 69 65 82 69 69 74 58 58 48 65 109 44 59 61 1171 41 76 50 70 54 255 88 48 211 62 62 226 100 70 85 52 49 123 4374 96 80 121 34 78 55 274 49 72 166 124 110 149 77 36 64 382 56 58 57 242 79 73 12451 1126
internal_value=0 0.0243044 9.05597 -7.93555 3.63881 -13.6642 8.36411 -0.0209483 0.00524243 7.23328 -2.64001 -7.88074 -11.8082 -0.0128979 5.07415 -0.0248182 -1.14323 -0.00884078 0.0370667 1.19516 3.48715 7.44475 0.490187 -1.31772 -4.05772 0.789359 0.502932 2.2503 3.51314 -0.0464221 -2.73414 -5.11341 -2.05031 0.692777 -0.650424 3.21809 -0.0167343 -0.804189 -2.68409 -2.03423 -3.24591 0.114309 -0.948824 -1.17841 -2.21166 -3.67312 -3.01785 4.57374 -1.61007 0.330196 1.83856 -0.965249 1.77248 -0.151923 -1.28973 1.87095 0.510573 -1.65527 -0.390751 -0.857533 0.00950174 0.0794005
internal_weight=0 406.311 2.02565 1.72594 1.63159 0.966187 0.976838 404.285 400.282 1.00208 4.00285 0.806477 0.567715 399.28 0.933432 398.347 0.71177 396.775 384.242 17.364 2.61186 1.12554 1.48632 3.19637 1.57193 14.7521 13.3484 3.19282 1.40369 10.1556 1.28554 0.78303 0.725313 6.89573 0.759758 2.5852 366.878 12.5333 3.58974 2.83364 1.81184 1.02179 8.94354 8.24772 3.33808 2.48485 2.07089 1.65629 3.25988 6.32624 1.53229 2.58095 0.695822 4.79394 1.9828 1.06556 0.733853 2.83769 2.16456 11.1015 355.776 246.222
internal_count=24642 24363 315 279 222 151 134 24048 23320 193 728 171 123 23127 205 22922 135 22605 21398 2203 215 111 104 557 317 1988 1763 385 225 1378 258 158 161 942 128 309 19195 1207 427 488 289 199 780 661 387 318 246 186 436 890 226 326 119 664 282 177 119 338 290 1244 17951 13577
cat_boundaries=0 22 23
cat_threshold=557108 256 524296 34 0 0 5 0 4096 268452964 0 0 0 0 0 8196 8388736 131073 37748738 65540 0 2097152 50861130
is_linear=0
shrinkage=0.05


Tree=43
num_leaves=63
num_cat=4
split_feature=57 67 50 51 56 66 65 0 63 1 3 56 58 10 50 53 66 44 60 53 68 10 71 71 57 10 63 72 57 55 66 63 20 67 49 66 70 18 63 72 56 58 3 72 65 77 77 58 50 66 3 67 66 55 10 7 71 1 66 71 70 60
split_gain=32980.6 53568.5 75569.2 27675.9 16620.3 12512.5 20915 10980.7 10852.5 48863.3 10840 9211.55 7659.12 7539.5 6797.26 6370.15 4583.1 6854.72 7424.04 8815 7137.63 6793.13 6639.42 5648.9 4039.39 3777.21 4554.18 3680.28 3529.4 3496.6 5627.64 2955.35 2929.88 3458.62 2415.78 2606.06 5502.69 4484.37 4038.88 3580.74 5250.74 2490.95 3415.59 2418.02 2494.87 3658.24 2342.49 3049.2 2362.56 1802.69 3381.95 2103.55 1781.49 3591.75 1682.55 1669.35 1657.63 1656.96 1645.15 1592.57 2157.93 1591
threshold=-274.94190708688001 2155.0000000000005 -553.20386400471864 -139.91255169910568 275.59172602289067 967.9000000000002 303.23500000000007 0 1649.9720833333336 8.5000000000000018 2019.5000000000002 577.60370465654739 524.66137228809419 3.2320508075688776 12.241221893882086 71.334390663411327 386.42333333333335 0.25000000000000022 -57.43259359856787 -69.406980166362132 0.83333333333333337 -1.9288187086570806e-15 -9.9630136070764124 -13.125502958715581 72.413707179748357 -6.7141016151377562 1762.2045454545457 1 10.785954084060577 -109.59957272032777 578.23333333333346 292.79166666666669 0.6830127018922193 359.22500000000008 -301.28845326456292 116.47333333333334 7.0042250090295921 0.6830127018922193 127.50458333333334 2 285.58712317185422 305.26843608155684 2017.5000000000002 3 667.38000000000011 1.0000000180025095e-35 1.0000000180025095e-35 154.89132682527 -66.403604100064655 651.89166666666677 2020.5000000000002 675.59000000000003 207.17000000000004 35.981877600644388 13.428203230275509 -0.5 -16.634788308703094 7.5000000000000009 127.26666666666668 -2.3747793260911405 1.0655847569870991 -211.18296352626325
decision_type=2 2 2 2 2 2 2 9 2 2 2 2 2 2 2 2 2 2 2 2 2 2 2 2 2 2 2 9 2 2 2 2 2 2 2 2 2 2 2 9 2 2 2 9 2 2 2 2 2 2 2 2 2 2 2 2 2 2 2 2 2 2
left_child=4 5 -3 -4 13 7 -7 12 16 15 14 -6 49 -1 -8 -10 27 18 21 20 -20 -18 -23 -21 46 28 32 31 -14 -22 -31 54 33 -27 55 43 39 38 57 40 59 61 -43 -36 -45 -46 47 -25 -49 51 -51 56 58 -54 -9 -29 -2 -38 -33 -37 -61 -41
right_child=1 2 3 -5 11 6 10 8 9 -11 -12 -13 25 -15 -16 -17 17 -19 19 23 29 22 -24 24 -26 26 -28 34 -30 30 -32 52 -34 -35 35 36 37 -39 -40 41 -42 42 -44 44 45 -47 -48 48 -50 50 -52 -53 53 -55 -56 -57 -58 -59 -60 60 -62 -63
leaf_value=1.7485720730687371 -3.4726492602836609 31.228477514979602 11.138804872274218 -7.0420229840722399 -16.189032014881487 13.256679215537936 -10.081372891746796 -0.39198780101506375 2.1286095557468796 20.954236627658812 5.0569076410114171 -6.2026051580508454 -5.881799067462012 -7.7240952287718772 1.1602691465906976 -8.0634026320974268 0.63617621849004613 7.3935838273775492 9.2355906965176455 -4.0080535565614959 -0.95655452806398023 -9.7897404065859934 -1.3827733590864424 -0.1598910059663344 5.4455206051561618 -4.2659070485125907 -11.7614667514035 -5.0899397760988165 0.68345111803207226 0.58609638943823417 9.137861547529095 -2.4246029820454993 0.092961167752163301 -10.963406983738771 -0.41657091327910295 -1.7678917786281829 -1.4521295483157539 6.1803107131995958 4.7683021067900411 -0.9829761110165125 -6.3871115046401217 8.1033542619359675 0.99458853907472999 0.034466445421903434 0.53923759185115783 3.9572020528685359 -2.2974054511714668 6.756822246221593 0.78878395258472189 -2.2110776507353154 4.0985374087557132 -4.1209612196113188 -3.0991998463914161 1.9225132879118296 -2.7738427411637785 -0.7445437963803937 -1.1421629859776761 1.9221467627574989 -5.6874764557400477 -1.7302677905634209 1.0208475297491419 1.0053001238269952
leaf_weight=0.55301985889673122 0.88105450198054214 0.32447538105770946 0.45830120984464884 0.38530161464586743 0.48300788505002856 0.46997576672583719 0.26903133094310738 8.5918069607578182 0.30849139718338747 0.32876108377240598 0.67350539565086365 0.44243185594677925 0.35100303543731604 0.3387131467461586 0.26883479626849294 0.30477022053673863 1.7193007133901121 0.42171537922695357 0.59891321603208658 0.58562558400444586 0.44585739448666561 0.37646864727139473 0.62431269953958579 1.1639690299052747 0.50376498093828548 0.70914397854357847 0.29871933301910747 0.3747255380731076 0.49116262374445796 0.4094151039607824 0.36289790458977222 1.8366778856143353 0.23887324240058661 0.26471504522487521 20.006960355676711 2.4527337588369846 0.81205835868604459 0.68015024252235878 0.65959126548841585 1.1102340871002567 0.45976200466975559 0.28497355850413519 0.4151097065769136 320.01209933520295 5.2168779766652724 0.92106165527366091 0.56407859874889243 0.36886940756812692 0.30126490583643306 0.46523128589615215 0.39074571058154106 0.83329138113185752 0.80378106515854575 0.63927618553861976 0.81147029297426421 0.53882686933502455 5.6953195845708242 0.65913371229544282 0.48921634163707484 1.1670525339432063 1.8312254166230557 10.73100753687322
leaf_count=91 65 67 69 50 69 73 58 529 43 58 64 67 82 54 51 58 248 34 66 87 62 49 100 187 81 149 71 52 100 67 45 254 58 57 960 226 92 7 41 166 50 76 52 16063 344 54 84 49 57 83 32 99 95 70 95 92 342 65 41 128 217 1551
internal_value=0 0.0302659 10.7223 2.83501 -6.72083 -0.000709543 4.30362 -0.018734 0.0400382 5.40126 0.830109 -11.4147 -1.14325 -1.8495 -4.46261 -2.93647 0.0281136 1.18013 0.853598 1.94262 4.76637 -1.2702 -4.54526 0.471398 1.37537 -4.73626 -6.23142 0.0026083 -2.05285 2.56908 4.60444 -0.609197 -4.86927 -6.08643 0.0399424 0.0474118 0.584697 2.64553 1.51722 0.270756 -0.466516 0.550928 3.88826 0.0144085 0.0520233 1.05214 0.520391 1.387 4.07384 -1.5033 0.669204 -1.75427 -2.25465 -0.874575 -0.597534 -2.52696 -1.45438 0.0596372 -3.1109 -0.822981 -0.0499992 0.818879
internal_weight=0 404.363 1.16808 0.843603 1.81717 403.195 1.68135 401.514 390.894 0.942023 1.21137 0.92544 10.6193 0.891733 0.537866 0.613262 389.952 8.44645 8.02474 5.30466 1.81708 2.72008 1.00078 3.48757 2.90195 2.35362 1.51145 381.506 0.842166 1.21817 0.772313 13.1722 1.21273 0.973859 368.334 367.42 21.263 2.81093 2.13078 18.4521 5.91077 12.5413 0.700083 346.157 326.15 6.13794 2.39818 1.8341 0.670134 8.26564 0.855977 7.40967 3.76895 1.44306 9.40328 0.913552 6.57637 1.47119 2.32589 5.45101 2.99828 11.8412
internal_count=24546 24265 186 119 281 24079 246 23833 22695 159 173 136 1138 145 109 101 22536 1216 1182 785 240 397 149 545 458 517 335 21320 182 174 112 1084 264 206 20236 20092 2671 205 198 2466 621 1845 128 17421 16461 398 377 293 106 621 115 506 460 165 624 144 407 157 295 571 345 1717
cat_boundaries=0 22 45 67 90
cat_threshold=32770 256 2768240640 131104 8192 0 5 0 2147483648 1073741856 0 0 1 0 2147483648 67108928 41943552 4358272 4210688 65552 0 2097152 32 0 0 16384 262144 0 0 0 16 33554432 41943040 536875296 49152 4 1073741824 32770 8192 128 2097152 1140852736 6422528 4096 1025 0 0 0 266240 0 2097152 0 0 0 805306368 1156 0 1342504960 17867264 570425344 159383552 1056 1024 0 12582912 64 16778304 4 67112960 524288 256 0 0 524288 0 0 2164260864 1077411840 8 0 0 0 788616 24 32 134283264 896 1284 0 776
is_linear=0
shrinkage=0.05


Tree=44
num_leaves=63
num_cat=2
split_feature=71 41 3 64 56 53 71 14 67 53 4 52 0 66 3 59 56 65 52 70 49 49 49 66 18 66 67 67 51 51 3 70 66 72 49 65 56 3 56 53 67 8 56 52 64 51 14 56 71 60 65 14 64 51 71 32 52 56 3 56 56 20
split_gain=22641.6 156781 136340 22977.7 19763.3 19321 12940.5 13714.2 9244.19 35749.9 6178.85 10315.4 6097.76 12860.7 15547 12671 12536 9390.67 7996.77 7820.37 4912.33 4592.09 4024.35 3942.49 3677.39 3375.6 5136.96 3087.62 3085.29 2832.4 3325.22 2450.44 3581.26 3525.35 3777.94 3370.75 2291.32 2272.86 2088.53 1884.27 2467.55 1792.23 1786.03 1731.41 1720.46 1525.38 1488.39 1486.2 1409.8 1405.33 1520.92 1384.21 1813.2 1378.02 2139.84 1718.41 1506.75 1364.68 3537.8 9046.04 3140.64 1960.18
threshold=-81.045852988852673 -1.0000000180025095e-35 2018.5000000000002 1459.7300000000002 162.66993453785429 -470.13031755666117 126.97851400675619 0.25000000000000006 2155.0000000000005 -7.1008489626998577 1.0000000180025095e-35 -529.73965640561494 0 479.39000000000004 2015.5000000000002 165.01060475117549 381.03773939239022 703.09500000000014 40.557950485432144 1.9782989448594861 -164.31533188398149 608.50745798622586 -256.41585586533984 713.57666666666671 -2.7554552980815443e-16 967.9000000000002 1048.0850000000003 865.75000000000011 -58.052717566105393 376.95378815691686 2019.5000000000002 1.3607031447241889 97.346666666666678 1 -24.384797573678842 315.72500000000008 3.5495596051749154 2019.5000000000002 298.07120434510233 15.358826141213344 650.47000000000014 2.5000000000000004 275.59172602289067 117.36255332591804 295.00500000000005 -314.55059530876997 -0.68301270189221908 22.540974717502973 18.082164551009438 -29.371376504933576 655.36500000000012 -0.68301270189221908 650.03000000000009 -20.359133149610376 2.3819806486094155 0.25000000000000017 -42.589562999463936 35.12153859211864 2016.5000000000002 404.04745560385862 344.68039507160591 1.0000000180025095e-35
decision_type=2 2 2 2 2 2 2 2 2 2 2 2 9 2 2 2 2 2 2 2 2 2 2 2 2 2 2 2 2 2 2 2 2 9 2 2 2 2 2 2 2 2 2 2 2 2 2 2 2 2 2 2 2 2 2 2 2 2 2 2 2 2
left_child=1 2 -1 4 -3 10 8 -8 12 -10 11 -2 21 22 18 17 -17 19 20 42 -15 25 24 -21 -14 26 38 31 -28 30 49 33 -33 35 43 37 -34 44 46 40 53 -39 -16 -35 -24 -37 47 -7 -41 -26 -51 -47 -53 54 55 -38 -56 -36 59 -59 61 -60
right_child=5 3 -4 -5 -6 6 7 -9 9 -11 -12 -13 13 14 15 16 -18 -19 -20 23 -22 -23 27 -25 29 -27 28 -29 -30 -31 -32 32 36 34 57 45 39 41 -40 48 -42 -43 -44 -45 -46 51 -48 -49 -50 50 -52 52 -54 -55 56 -57 -58 58 60 -61 -62 -63
leaf_value=49.284637687521759 -3.4255488309152002 -2.3990493570322173 3.633078895351161 6.6868825672593832 -16.307770688638822 0.051122743655653981 -11.990766833911566 0.81245453825996672 13.639288739246371 -6.428355984367359 -2.7451845064064804 -17.16303808195503 -5.7838603390089149 4.8555854446763114 2.0739519953656926 3.3879448320793664 13.980156383558205 -2.2800150142786673 -13.912140080814121 3.9843549615696432 -5.4042574904056702 -6.1267925605793039 1.0767135614708039 9.5443640767634523 4.3010424974027401 2.5734381414755596 -9.4506171128364027 2.9172557021869032 -2.6561340947203411 -4.2359085702457326 -2.0862940464355844 0.080883876887116887 2.6525394302389609 -0.51869149940769754 0.0013071951727235188 5.327756299008918 1.2812621423329738 0.35047882536555186 -3.1338966932349681 1.2717224039134516 -2.5843052894335137 -1.7154161586421499 -1.830899138844126 -1.8313182266803492 4.7601308890760867 0.14254444134154523 -0.54875810747115872 -3.0039100183211831 4.0317053617756846 -1.9062705400990545 3.3513767602267333 1.7020463008392763 5.1367432103525834 -0.031991508212759534 2.1118122461218407 3.9808793736883668 -0.78268777227441866 0.53390092727848104 -0.21007012966974853 11.705927186765035 -2.7206924673929578 -1.2432170279899477
leaf_weight=0.31362593080848489 0.26501172129064798 0.68009691801853367 0.34178828587755561 0.37790291849523772 0.40899715921841562 0.55130953993648013 0.4622081913985302 0.38203301141038537 0.51812776178121567 0.38822273211553593 0.48201848799362779 0.28212729282677063 0.48861864907667074 0.1898587173782289 0.95760892424732513 0.63291634060442425 0.50001570116728544 0.94532635249197472 0.1742424201220274 0.77693169470876433 0.30263030086643894 0.55075638042762953 3.6778588907327556 0.54073115927167237 0.38534099073149342 0.49858597852289754 0.31665742583572865 0.91285834135487576 0.35370890470221716 0.54933028621599067 1.0773004174698142 107.56102272914723 1.6127940700389469 31.215577527415007 175.77965259109624 0.38880152534693513 3.5372473164461544 4.2339266072958708 1.341930493712425 2.2780272741802032 0.65209589432925064 1.3959620255045591 0.42182617448270321 2.7320999372750512 0.34691986767575134 0.74127382226288396 5.2863041698001281 1.4324393202550707 0.580609083874151 0.31664630630984814 0.24319336493499577 1.327710972633213 0.54073616955429304 5.2761052879504833 0.58604573295451734 0.70734850410372008 1.931239978643134 3.8187829237431279 24.893897199537609 0.19021531031467009 1.5318532011006016 5.6292304568924001
leaf_count=78 70 132 37 66 81 52 81 89 73 44 80 58 54 59 147 79 83 95 56 79 86 94 866 54 77 85 38 89 62 79 126 5340 119 2917 6408 33 352 38 225 245 47 266 44 417 78 113 516 147 54 50 60 225 73 531 84 60 144 1041 1021 57 172 444
internal_value=0 5.1471 25.4781 -3.93622 -7.62231 -0.0306612 -0.0132601 -6.1971 -0.00033191 5.04359 -6.87281 -10.5092 -0.0116782 0.0315444 2.44607 3.44465 8.06278 2.00824 -4.7061 3.51126 -1.449 -0.856028 -0.0015822 6.26602 -1.80752 -1.43444 -1.64971 0.0128079 -5.86561 -1.05206 -0.187284 0.00588835 0.187904 -0.0819505 -0.129382 0.525983 0.858661 0.486876 -1.32154 0.672591 0.41135 -0.161771 0.879863 -0.624331 1.39421 2.40604 -0.987013 -2.15488 1.83229 1.97717 0.377642 1.97075 2.69606 0.573624 1.04617 1.73114 -0.108823 -0.0561747 -0.336347 1.06398 -0.511481 -0.400608
internal_weight=0 2.12241 0.655414 1.467 1.08909 405.694 404.665 0.844241 403.82 0.90635 1.02916 0.547139 402.914 392.582 5.44209 4.77536 1.13293 3.64242 0.666731 2.6971 0.492489 10.3317 387.14 1.31766 3.06043 9.78094 9.28235 384.08 0.670366 2.57181 2.02248 383.167 124.723 258.444 245.791 12.6532 17.1615 9.65467 8.61198 15.5487 12.6901 5.62989 1.37944 33.9477 4.02478 2.99852 7.27005 1.98375 2.85864 0.945181 0.55984 2.60972 1.86845 12.038 6.76188 4.2446 2.51729 211.844 36.064 4.009 32.055 30.5231
internal_count=24570 394 115 279 213 24176 23968 170 23798 117 208 128 23681 22462 782 581 162 419 201 324 145 1219 21680 133 446 1125 1040 21234 100 392 313 21145 6976 14169 12477 1692 1636 1248 940 1517 1218 304 191 3334 944 444 715 199 299 187 110 411 298 1171 640 412 228 9143 2735 1098 1637 1465
cat_boundaries=0 20 42
cat_threshold=655396 16777472 1074266112 0 24608 0 5 0 2147483648 805323796 0 0 0 0 0 0 537395856 131073 268435458 32768 1140851713 1073741824 0 8388608 0 2097152 1048576 0 0 16 4608 131072 138412032 1184 16777216 536870912 2097153 0 0 2283934720 276824576 17
is_linear=0
shrinkage=0.05


Tree=45
num_leaves=63
num_cat=2
split_feature=71 41 57 66 51 50 65 54 71 0 58 55 50 47 57 51 66 71 48 21 10 51 70 31 67 70 52 0 66 54 67 81 67 58 20 48 58 10 47 50 55 54 57 71 71 67 55 64 52 47 5 10 32 67 71 9 71 63 51 66 71 10
split_gain=33987.2 259603 16980 17230.5 26348.4 18954.7 11923.6 10906 9070.32 7857.92 11521.5 32207.5 7814.61 6921.78 6731.8 5778.15 5551.86 7065.22 7457.57 5889.38 5967.61 8463.76 6872.94 5015.75 7315.84 4587.59 3829.2 3460.22 9430.67 6119.69 3716.48 3392.18 3271.49 3247.26 3140.91 4071.88 3565.91 2918.23 2916.83 2468.83 2400.51 2228.24 2215.31 1894.48 1835.79 1741.39 1721.76 1717.5 3095.91 3041.8 2112.45 1660.41 1620.87 1594.32 1559.49 1527.07 1509.8 1839.49 1461.6 1418.24 1401.28 2404.8
threshold=-132.39333122099626 -1.0000000180025095e-35 -233.31818287901498 1179.2833333333335 177.18935726448942 -248.60050818032911 667.38000000000011 201.35479913402665 -191.35614722887365 0 907.14944057616469 243.41657700644009 -330.56182267456813 337.88644307352746 68.294003175711396 -334.22915117382712 458.75333333333339 46.058517392487062 85.850556678757997 0.25000000000000022 15.588457268119894 100.74061609546457 1.3158741204762838 1.0000000180025095e-35 1101.6700000000003 1.1538899015676269 82.314605605046069 1 236.31500000000003 30.483077212956488 67.315000000000012 1.0000000180025095e-35 702.98500000000001 185.86350644143732 0.93301270189221952 270.96245252451951 231.37626995401345 8.2500000000000036 -280.29647112696205 293.06454444701006 -270.68541783032316 47.591157645305344 -38.649105416146924 -24.462901308311888 -15.62755287800937 248.12500000000003 -27.247325835780554 636.43000000000018 -156.43390560328075 -115.54723519751326 -0.24999999999999997 15.294228634059946 -1.0000000180025095e-35 466.77500000000003 -26.165267319215893 -6.0000000000000027 5.0050319101986886 278.79166666666669 -139.91255169910568 458.75333333333339 -18.518910794298957 7.7942286340599471
decision_type=2 2 2 2 2 2 2 2 2 9 2 2 2 2 2 2 2 2 2 2 2 2 2 2 2 2 2 9 2 2 2 2 2 2 2 2 2 2 2 2 2 2 2 2 2 2 2 2 2 2 2 2 2 2 2 2 2 2 2 2 2 2
left_child=1 -1 7 9 5 6 -5 15 -3 13 16 -12 25 38 -15 40 26 18 19 20 21 23 -23 24 33 -9 27 28 30 -30 -11 -17 -20 46 35 44 -36 -34 42 47 -2 -41 45 -35 53 -4 -18 49 50 60 -49 54 -43 -28 -40 -54 57 -32 -50 -44 61 -29
right_child=2 8 3 4 -6 -7 -8 12 -10 10 11 -13 -14 14 -16 31 17 -19 32 -21 -22 22 -24 -25 -26 -27 34 39 29 -31 56 -33 37 43 36 -37 -38 -39 51 41 -42 52 59 -45 -46 -47 -48 48 58 -51 -52 -53 55 -55 -56 -57 -58 -59 -60 -61 -62 -63
leaf_value=52.664052656741333 -1.3886185875298693 -11.56539518916899 -3.6794073792460043 9.6799325578357092 -7.5162596053789077 14.572104736756515 -4.1864899495284673 -0.63890065000637541 -0.38891189781479607 0.041171620721871471 17.367915444390494 -1.6700492068850974 -15.128617494050074 -3.0230245935689943 -12.144954829758587 -8.9703436109261041 -0.51297637513618632 8.2200411396476483 1.4916504127378611 -3.6559281304889604 -2.740702594738341 2.9472506472860807 12.939440910537432 6.8529052677692199 -4.342979849801079 -9.5267485730172137 -1.5203942906567205 -3.9062027511773709 10.294409757491286 2.5178771756016407 1.6622540370401069 -1.3989883269348564 -1.8505889556689579 2.4065049695858547 -1.7337761660668904 4.1513443838892847 -7.3741537036387204 -7.9404465575200396 -2.9922635467385175 -0.28661502639954722 4.3214500498173729 -5.5470127027743636 -3.010841483905137 7.1096526598867404 -0.41379265592091763 -9.6414869690413951 3.9444646680926989 8.5568873506623273 2.678140960230027 0.01187753401135902 2.069202757071857 -3.4049023508108633 -4.5949677133578772 -5.3833491535450468 -0.60211873538837746 -0.26185850250863457 0.35158401659795335 4.3552411653656327 0.051136598656461286 1.0277002328278613 -0.67041717608527229 0.18952884585777474
leaf_weight=0.25539478147402406 0.3702329294756056 0.36094838054850698 0.3182192095555364 0.29113626247271884 0.32293287711217988 0.63513181684538622 0.33161705825477839 0.27918996592052281 0.36520261969417234 9.2307867622002941 0.35833641933277149 0.58456204668618739 0.30628108652308572 0.66904305294156152 0.28988878754898906 0.29593385523185056 0.76996056456118833 0.37106572557240713 0.38298402121290542 0.40984915057197202 0.45750950044020999 0.3218130008317529 0.36989908921532333 0.47035001311451186 0.47618272714316834 0.3024963466450572 1.4196957035455842 1.0039778174832461 0.41144559532403835 0.65688895620405674 2.9559445949271317 0.29580640094354749 0.53838481567800045 0.4090282570105046 1.3253056455869217 0.43512172414921213 0.35534999193623651 0.3099815621972084 0.74772200454026183 1.8773601353168481 0.36603464162908494 0.41699017165228724 0.92946329992264398 0.44933566660620261 6.2292553512379518 0.199101940728724 0.30146193085238349 0.20484212157316506 0.6375896320678297 352.13473473209888 0.32382569415494789 0.66469149012118656 0.3121998452115804 0.32899962132796634 7.8184784711338553 0.58306841156445421 1.4727111635729668 0.80729774339124549 3.1225199222099027 0.28375758649781346 3.8821324566379181 0.55734660197049368
leaf_count=67 60 74 85 53 55 93 48 55 63 303 54 96 46 116 49 63 117 55 62 70 63 55 56 50 63 51 252 99 41 91 163 42 84 36 208 99 65 49 77 185 48 24 225 71 946 46 43 52 59 17757 82 85 31 42 529 105 159 93 176 41 529 49
internal_value=0 9.3053 -0.00979828 0.0137271 5.22377 8.49448 2.29604 -4.37485 -5.94441 -0.00638135 0.043504 5.56508 -8.6645 -0.928306 -5.78062 -1.5066 0.0314773 1.53607 1.0984 2.05411 2.63546 3.32482 8.29066 2.1306 1.20743 -5.26088 0.00822474 0.0337169 0.595921 5.51284 0.644743 -5.18548 -2.34413 2.57701 -0.952977 -0.558761 -2.92635 -4.07574 -1.3507 -0.00635776 1.45014 -1.3915 -3.23445 4.8685 -0.815653 -5.97404 0.741196 0.00567567 1.00031 -0.00625392 4.58298 -0.997546 -2.97219 -2.24717 -0.810748 -1.77291 1.70882 2.23996 0.496589 -2.06628 -1.17917 -2.44415
internal_weight=0 0.981546 413.383 411.167 1.58082 1.25789 0.622753 2.21598 0.726151 409.586 397.666 0.942898 0.887967 11.9204 0.958932 1.32801 396.723 6.03781 5.66674 4.43539 4.02554 3.56803 0.691712 2.87632 2.40597 0.581686 390.685 380.592 15.5351 1.06833 14.4667 0.59174 1.23135 1.92979 10.0937 8.41307 1.68066 0.848366 10.9614 365.057 0.736268 3.18962 1.73054 0.858364 7.97795 0.517321 1.07142 361.867 4.28878 357.578 0.528668 9.23089 1.31226 1.7487 8.5662 0.895268 5.23595 3.76324 3.76011 1.21322 5.44346 1.56132
internal_count=24705 204 24501 24136 249 194 101 365 137 23887 22634 150 152 1253 165 213 22484 874 819 624 554 491 111 380 330 106 21610 19998 850 132 718 105 195 267 1612 1339 273 133 1088 19148 108 345 397 107 1240 131 160 18803 369 18434 134 691 160 294 606 136 415 256 235 266 677 148
cat_boundaries=0 22 44
cat_threshold=4228098 0 2776629260 32 24576 0 5 0 2147483648 268452864 0 0 0 0 0 67108864 570425872 0 4194306 65552 8 2097152 0 1073750016 0 0 65552 67239936 8208 0 0 0 0 0 2 0 0 1073751041 1207959556 33554980 604110912 0 32 302514176
is_linear=0
shrinkage=0.05


Tree=46
num_leaves=63
num_cat=3
split_feature=57 55 1 49 42 78 48 0 66 57 9 3 53 63 65 65 67 60 51 48 67 56 84 63 52 56 51 70 56 56 57 0 3 57 56 66 51 71 67 65 55 55 55 60 66 24 72 24 67 56 51 55 66 53 60 53 51 66 65 82 51 55
split_gain=20001 35190.2 117053 18597.5 16037 10738.6 10463.2 7721.69 16169.9 18238.9 15389.7 16925.3 9840.75 12935.9 7437.47 6056.44 12799.7 10961.1 10633.6 4341.74 4042.65 6333.21 6798.32 6513.26 3974.88 4429.4 3611.64 3575.17 3541.56 3384.05 4503.6 3479.13 4717.15 3388.06 3281.68 3035.63 7745.5 2820.54 2805.65 3249.42 2865.28 2644.78 2073.32 2068.53 2088.14 2479.07 2050.87 2002.04 1962.37 2554.99 1890.28 1715.64 1742.41 1674.85 1653.28 1645.84 1645.13 1958.36 2059.73 1827.61 1792.54 1582.04
threshold=-274.94190708688001 -367.64465925868137 10.500000000000002 -41.731901408450717 1.0000000180025095e-35 1.0000000180025095e-35 -604.62867513069511 0 752.93666666666672 52.569896679320145 14.361215932167731 2019.5000000000002 926.46187646722092 1479.4166666666667 1026.1650000000002 1580.0200000000002 1369.8900000000001 -7.5388490412537443 249.08720238984293 -217.60044120982755 508.14000000000004 18.56495453734443 1.0000000180025095e-35 1199.3550000000002 44.264286728332401 434.23998817532475 -460.77715060135608 0.37089125350174573 285.58712317185422 134.34627915504589 -121.19616659094746 1 2016.5000000000002 158.23748681795351 360.54540418150015 433.62333333333339 -53.186144548872974 -17.447390302112435 824.1350000000001 160.18000000000004 -73.328173907080895 81.801039067480048 -2.5037597712771835 -25.996441503917222 37.035000000000004 1.6160254037844388 2 0.6830127018922193 289.44500000000005 10.273825790681755 -152.95068005017939 -37.966591651722098 104.66000000000001 -45.634925993943575 164.52781806426651 48.164750283787932 -152.95068005017939 479.39000000000004 340.00500000000005 1.0000000180025095e-35 -314.55059530876997 -23.905933197818033
decision_type=2 2 2 2 2 2 2 9 2 2 2 2 2 2 2 2 2 2 2 2 2 2 2 2 2 2 2 2 2 2 2 9 2 2 2 2 2 2 2 2 2 2 2 2 2 2 9 2 2 2 2 2 2 2 2 2 2 2 2 2 2 2
left_child=3 2 4 6 5 -2 -1 12 20 10 11 -10 15 -14 19 16 26 -18 -17 -8 29 22 -22 24 25 38 27 -3 55 41 53 32 34 51 42 37 -37 -28 39 -23 -40 43 -32 -9 50 46 -46 56 -48 -50 -45 -33 -53 -31 -43 -26 60 58 -58 -59 -41 -62
right_child=1 7 -4 -5 -6 -7 14 8 9 -11 -12 -13 13 -15 -16 18 17 -19 -20 -21 21 23 -24 -25 28 -27 35 -29 -30 30 31 33 -34 -35 -36 36 -38 -39 40 47 -42 54 -44 44 45 -47 48 -49 49 -51 -52 52 -54 -55 -56 -57 57 59 -60 -61 61 -63
leaf_value=-10.575167636034749 -3.1379051230065165 -2.3219172626656341 32.455623112922069 -16.363598912076782 -10.476110056291475 10.018304094058548 -0.21409279609274928 -0.29250756100369463 -4.1966083777814438 -2.7865055313734306 15.083669961114779 7.7908575055808562 -1.4260597353197626 -16.646934722493665 5.7526535306703757 9.1781814378346152 -13.523402018095593 -1.8382664377702831 -3.0588259102168274 -7.3345475031059495 8.316984727119646 4.0210197354703459 -0.094815307394616577 6.6860793453282099 -1.8487655263690232 4.3617814268366599 -3.7365946031286024 -10.630116411825968 -6.6160542600819872 -2.1450268174426692 7.5043349656701386 -2.8066100231617632 0.68396242813450425 -5.6261684460159902 9.9652673345276419 6.9993125858147813 -2.0763437097463444 -0.90552795377449358 0.96479949155925349 -0.16993664550823506 -3.3686054770541363 1.0937474113711882 1.3815085180472726 1.6339591878115609 -0.27411005560330881 -1.3858367303733241 0.59162372359579851 -2.3159637862284486 3.9062415295871462 1.0935206684013559 -0.0017968861472516977 -1.1777996683402405 0.23082805329547315 -6.452436917226045 4.6823949302199868 2.0000310027244095 1.1981217756803764 3.8584534474197127 -2.9546371979002499 -0.16131148469706191 1.6428750756641541 6.0726089362363442
leaf_weight=0.34911266225390125 0.30764948669820913 0.41264941450208148 0.36016308958642185 0.30976314237341185 0.30704712402075529 0.31281639216467738 0.52575608319602884 49.470005108509213 0.42249406874179773 0.70644586696289469 0.4192353757098316 0.97164091910235584 0.31807829765603024 0.24876130418851972 0.32255965238437057 0.35829424904659468 0.40462723979726434 0.39818271389231163 0.35188223281875253 0.36114170635119081 0.57348060631193121 0.73840221064164868 0.41330017941072583 0.4179283403791495 0.99838997842743971 0.78282267902977754 0.99456645548343114 0.18869762634858489 0.31984037067741145 0.49490419845096767 0.18980458728037775 1.2012373243924273 3.1743670573923737 0.40978060010820705 0.22686621313914657 0.4044246468693018 0.56146683404222208 7.6226410795934481 0.67734842840582132 0.46318642515689135 0.87323961220681645 1.3634378942660976 0.5091449690517037 1.7774298950098444 6.537424954585731 1.8286147781182069 23.750882979715247 0.57502256333827961 1.0320112116169173 3.7092031072825193 278.40619359724224 8.6860223561525292 2.9378433085512361 0.4148417459800865 0.41974479774944473 0.38483082083985209 0.49821775499731591 0.49665145110338904 0.74521178659051657 0.65657578548416495 0.42764355521649122 0.3812525873072421
leaf_count=61 60 111 85 45 70 59 98 3794 95 99 59 84 80 51 33 68 86 68 69 62 72 77 57 70 154 71 75 34 71 76 55 142 320 60 71 39 65 429 45 46 96 255 146 81 767 182 2349 71 80 443 10959 1158 341 55 83 70 45 75 97 77 58 44
internal_value=0 0.011098 8.26386 -5.1739 -1.13006 3.49498 -2.94996 -0.0147113 0.0352813 4.02885 6.68395 4.15804 -0.920955 -8.10584 -0.748929 -1.3601 -1.64935 -7.72774 3.11492 -3.11352 0.0108199 0.982496 4.79381 0.583947 0.301171 0.807639 -1.17021 -4.92896 -1.87439 -0.0153821 -0.680073 -0.500112 0.465219 -0.655444 4.74017 -0.934344 1.72369 -1.23228 0.381745 0.959811 -1.47563 0.0175458 3.0442 0.0081999 0.0551212 0.408912 0.502601 0.42717 0.575156 1.70576 0.00858003 -1.00768 -0.82178 -4.10919 1.93848 -0.777978 0.857117 0.0857396 -1.29071 1.56985 2.31042 3.73072
internal_weight=0 413.035 1.28768 1.86833 0.927513 0.620466 1.55857 411.747 399.483 2.51982 1.81337 1.39413 12.2643 0.56684 1.20946 11.6974 10.9873 0.80281 0.710176 0.886898 396.963 10.4233 0.986781 9.43656 9.01864 7.31557 10.1844 0.601347 1.70306 386.54 18.2448 17.3351 4.10018 13.2349 0.925816 9.5831 0.965891 8.61721 6.53275 4.98216 1.55059 368.295 0.69895 366.512 317.042 36.8581 35.0295 4.24376 28.4921 4.74121 280.184 12.8251 11.6239 0.909746 1.78318 1.38322 3.66874 2.39666 1.24343 1.15323 1.27208 0.808896
internal_count=24798 24499 274 299 189 119 254 24225 23050 337 238 179 1175 131 193 1044 907 154 137 160 22713 1296 129 1167 1097 802 753 145 295 21417 2424 2293 592 1701 272 608 104 504 731 590 141 18993 201 18655 14861 3821 3639 513 2872 523 11040 1641 1499 131 338 224 442 294 142 152 148 102
cat_boundaries=0 22 43 66
cat_threshold=40 536870912 3850371072 131072 0 0 4 0 0 805322753 0 0 0 0 0 67117072 537657394 524288 335544450 32768 0 2097152 0 32 262144 2 2147745792 0 393216 0 0 524288 3072 0 0 0 2147483648 16777220 4 167809634 537002048 65536 608 0 2147483648 16777216 8437824 262144 0 0 0 0 2147483648 4137 0 32 0 1074266112 9 4096 1280 0 1073742464 64 1098947584 1024
is_linear=0
shrinkage=0.05


Tree=47
num_leaves=63
num_cat=3
split_feature=58 1 58 57 54 14 56 50 70 3 0 55 49 52 52 48 55 70 51 0 70 3 65 57 49 19 53 48 57 3 70 53 58 70 52 57 4 58 19 55 54 8 52 57 10 70 57 57 53 6 60 65 51 8 73 70 58 63 10 57 48 53
split_gain=22471.6 208401 16157 15824.2 11326.8 13738.2 9610.76 8599.03 23602 12654.1 7571.04 7464.26 6660.42 5578.71 16679.7 6599.64 4417.86 25164.9 5197.74 3966.65 7264.56 4677.59 3832.27 3611.41 4939.77 4168.37 3407.36 5693.4 3373.81 3150.48 4062.94 3125.57 4140.29 4402.8 3650.9 2975.3 3193.43 2838.52 3658.05 4315.28 4659.46 2588.53 2579.66 2463.11 2392.21 2332.38 2023.05 2007.31 2571.67 2442.28 1964.09 1782.85 1882.15 1622.04 1564.44 1380.51 2869.07 1758.91 1723.56 1923.96 1624.9 1365.45
threshold=1574.9176967661363 9.5000000000000018 1859.9999890914717 -274.94190708688001 114.92710374101301 -0.68301270189221908 344.68039507160591 -490.26397374206482 2.0921212155150939 2016.5000000000002 0 845.71953528658298 -358.04110098567355 -467.52750864098749 -724.0601163370028 -153.45397637270102 -245.47670192351256 4.5465387606948413 132.41685825446149 1 4.7386833499445631 2019.5000000000002 431.51500000000004 178.85239628038372 -14.553936735181304 1.0000000180025095e-35 -71.457246717941857 -339.30399232764006 141.85149770311838 2017.5000000000002 2.241719751351976 270.01613074853623 321.11749674442689 1.1076718981202187 -87.352931049887232 115.20845712180007 1.0000000180025095e-35 372.45812630333012 0.25000000000000033 47.016863533675497 87.260877278671373 1.5000000000000002 73.191935577488408 -57.735983864234036 4.7500000000000018 0.71371233880813456 -6.7063696943348274 8.976664228095613 -112.87077153484432 1.0000000180025095e-35 43.672176452494902 667.38000000000011 -177.32224331442009 1.5000000000000002 2 1.1765100609326875 101.05246750814668 61.552777777777784 9.7631397208144168 1.9503541044794306 -107.53980098950166 -79.889400221543198
decision_type=2 2 2 2 2 2 2 2 2 2 9 2 2 2 2 2 2 2 2 9 2 2 2 2 2 2 2 2 2 2 2 2 2 2 2 2 2 2 2 2 2 2 2 2 2 2 2 2 2 2 2 2 2 2 9 2 2 2 2 2 2 2
left_child=3 2 -2 4 -1 -6 -7 8 9 -5 26 -4 -11 14 -12 -16 17 18 22 20 21 28 -15 35 -25 -26 27 -9 41 30 -29 32 50 -34 -33 37 -37 42 39 40 -39 -18 51 -23 -44 -40 -43 48 49 -31 -28 54 -53 -41 55 57 -57 -21 59 -58 -59 -46
right_child=1 -3 11 7 5 6 -8 10 -10 12 13 -13 -14 16 15 -17 19 -19 -20 23 -22 43 -24 24 25 -27 31 29 -30 47 -32 34 33 -35 -36 36 -38 38 45 53 -42 46 44 -45 61 -47 -48 -49 -50 -51 -52 52 -54 -55 -56 56 58 60 -60 -61 -62 -63
leaf_value=1.0419594022822714 3.4787512517628461 44.491391156403552 -16.038174374356156 9.5915732857540128 -16.204812126547534 1.3165982587865295 -9.0645766525851101 -8.0443180127003107 16.58027603246131 -7.6500863772860175 13.710475186802185 -3.8815905003873263 1.2271904404883884 -0.34124873004512524 -7.1143139303424991 4.3439437663664915 6.6941948131489823 15.756259100140298 -4.4431907958182295 -0.17254690601513728 3.0685840296071545 1.8877392384376213 6.9397945804754375 2.5915012308753562 -7.2500122920080674 -0.44144784235870332 -0.55577208540854539 -1.9063490018121716 7.0295864878704792 2.8197429822201028 -10.899619549004649 -8.0078584817205591 -0.90172635802174017 6.1011622387067508 -1.5117200180533663 -0.41457388518645094 4.8733014822673191 -1.7745205243803666 -0.93274894259807128 1.7268265120224431 -7.7892640917706828 -0.95708533024340514 -0.19465416798017482 -0.26577805487883033 -4.7800075936801285 3.4125644607377774 2.4606263292541417 -3.8847673528595887 -3.1114768393422909 -1.4421032593199559 -2.6123350139227672 3.2306032068088948 0.53589947667455051 -1.5430142781440974 0.057951170279109149 -0.11416149557213764 2.3347471682824521 -3.1185196270843374 3.8438436565310266 -0.55073601818076645 -0.7204509635780032 -1.4996025027840265
leaf_weight=0.58427609736099739 0.31584754679351934 0.27913499297574162 0.29732911568135023 0.29720951756462344 0.32634109258651722 0.41786754643544544 0.47795734764076769 0.48659797618165646 0.29085754742845882 0.3534481837414204 0.29283936647698283 0.21948150545358658 0.52534046629443776 0.53971969243138918 0.24767994740977883 0.25509961717761953 0.22938671195879923 0.29820284247398365 0.48565202089957893 30.328359397361055 3.3124801237136117 1.5393487736582745 0.27169659174978733 0.32831962616182864 0.56371231889352091 0.37390801752917469 3.3530951738357526 0.28365920111537013 0.3472954062744974 0.60921295545995346 0.22536481637507677 0.33470489783212543 0.4748768126592039 0.42560761421918869 0.61132369795814145 0.51431097579188534 0.64182795607484877 0.74611835111863845 0.68546353816054739 0.52340634609572578 0.56643564812839031 0.73650571657344732 6.0305290217511338 9.6609835708513838 0.35058462270535562 0.56200934783555567 1.0506744538433843 0.73145338799804438 0.79535831790417377 0.74998616520315409 1.7758141621015964 0.73012792132794846 5.7605653509963295 1.3772582504898307 274.90202829590999 24.692652036435906 1.1640262478031216 0.74531661509536107 0.63499773829244066 1.1468805994372813 13.52475824090652 3.333353184396401
leaf_count=92 71 70 76 73 45 72 71 86 64 71 48 63 74 80 58 45 40 55 72 685 75 84 60 61 101 77 262 67 91 59 66 69 59 64 68 94 100 53 62 34 72 197 895 267 55 58 252 58 52 56 188 72 315 255 14541 1926 123 96 69 89 868 522
internal_value=0 7.10321 -5.43056 -0.0150275 -4.68425 -7.42175 -4.22216 0.00596381 3.82723 0.673037 -0.00803699 -10.8755 -2.34324 0.0408325 4.22442 -1.30064 0.0333197 2.65914 -0.351951 0.0224986 0.608712 0.456756 2.09675 -0.0201218 -2.68665 -4.53487 -0.936374 -2.98624 2.47786 -2.26129 -5.88802 -1.13807 -0.718826 2.40814 -3.81005 -0.0115181 2.52098 -0.0194786 -1.2731 -2.16525 -4.3702 1.69396 -0.00408824 0.0301966 -0.807905 1.02489 1.05217 -1.62162 -0.853295 0.468119 -1.26783 0.0179932 0.839022 -0.642563 0.00264186 -0.189614 0.0617963 -0.387935 1.53668 0.90271 -0.845701 -1.81178
internal_weight=0 1.11179 0.832658 403.625 1.80644 1.22217 0.895825 401.818 1.46686 1.176 400.352 0.516811 0.878789 389.495 0.795619 0.50278 388.699 1.59527 1.29707 387.104 16.8767 13.5642 0.811416 370.227 1.26594 0.93762 10.8571 3.88163 2.36386 3.39503 0.509024 6.97542 6.02939 0.900484 0.946029 368.961 1.15614 367.805 4.46069 3.21322 1.31255 2.01657 363.344 11.2003 9.71447 1.24747 1.78718 2.88601 2.15456 1.3592 5.12891 353.63 6.49069 1.90066 347.139 72.237 27.6386 44.5984 2.9459 2.31091 14.2701 3.68394
internal_count=24643 280 210 24363 280 188 143 24083 282 218 23801 139 145 22647 151 103 22496 267 212 22229 1006 931 140 21223 239 178 1154 444 580 358 133 710 573 123 137 20984 194 20790 534 414 125 489 20256 351 1472 120 449 225 167 115 450 18784 387 289 18397 3856 2207 1649 281 212 964 577
cat_boundaries=0 22 45 46
cat_threshold=0 256 537395204 32 16 0 5 0 2147483648 1879049217 0 0 0 0 2147483648 0 8916098 135168 71303298 4 16 2621440 4096 1075879968 24576 0 65536 67273224 256 0 1024 262144 0 0 1 0 0 8448 138412032 134283776 537002048 0 8 33554432 1 25179202
is_linear=0
shrinkage=0.05


Tree=48
num_leaves=63
num_cat=0
split_feature=67 26 52 88 53 57 65 48 64 65 51 53 63 67 58 67 1 1 52 63 57 66 3 70 70 65 55 68 48 3 8 66 8 63 82 58 57 21 58 60 66 32 55 70 64 64 3 60 63 70 54 70 66 8 48 57 9 10 5 3 57 67
split_gain=24649.8 104550 49257.5 26667.5 18245.8 16178.8 12824.9 10079.9 8688.24 8632.22 8741.19 4552.19 7993.87 9274.46 6123.94 51801.1 4395.48 3196.38 3178.3 3950.13 3379.56 3048.15 13446.9 15886.3 10474.3 5115.88 3169.37 2629.16 2550.7 2526.28 2407.97 3144.32 2346.63 2546.35 2228.32 2176.74 1719.32 5155.9 3717.42 2006.91 2118.82 2926.36 2263.71 2775.28 2312.77 2925.81 3731.03 2420.19 2278.68 3752.33 2221.9 2068.88 1958.83 1819.36 1809.55 1826.06 2413.21 1719.08 1699.06 2157.04 1495.87 1406.51
threshold=1636.1500000000003 1.0000000180025095e-35 -423.84068691894282 1.0000000180025095e-35 -98.508408620490144 -274.94190708688001 1064.7400000000002 -655.53032917682617 687.15750000000014 1357.5000000000002 -506.13423206477574 306.70387940281927 1479.4166666666667 686.9000000000002 1001.1459644821242 644.2700000000001 4.5000000000000009 8.5000000000000018 156.5938303857115 1241.7095833333335 104.04666183514165 538.73333333333346 2019.5000000000002 2.0609087561743493 2.2803197158081709 170.16500000000002 -24.682151283818786 0.83333333333333337 -280.97226504785374 2018.5000000000002 4.5000000000000009 69.870000000000019 6.5000000000000009 788.45666666666682 1.0000000180025095e-35 432.05963809067254 88.065685736635814 1.0000000180025095e-35 208.68926168442701 -25.996441503917222 29.096666666666668 0.6830127018922193 90.743805486109025 0.92155117675662768 809.17000000000019 365.98750000000007 2019.5000000000002 -23.217407944689651 1.0000000180025095e-35 32.056527043513633 0.5336464514125131 0.96987441693475362 114.16333333333334 2.5000000000000004 -133.05052841624502 9.3044147848063155 -5.3480762113533151 7.8971143170299758 -0.5 2021.5000000000002 -23.123594270367594 308.62500000000006
decision_type=2 2 2 2 2 2 2 2 2 2 2 2 2 2 2 2 2 2 2 2 2 2 2 2 2 2 2 2 2 2 2 2 2 2 2 2 2 2 2 2 2 2 2 2 2 2 2 2 2 2 2 2 2 2 2 2 2 2 2 2 2 2
left_child=7 2 4 5 -2 -4 8 9 -7 10 29 14 17 16 18 -16 -14 32 21 20 57 28 24 26 34 -26 -24 -19 30 -1 31 -9 61 -34 -23 -33 39 38 -38 54 -41 42 44 -44 45 47 -47 -42 52 50 -50 -48 -49 -40 55 56 -30 -20 59 -52 -43 -13
right_child=1 -3 3 -5 -6 6 -8 11 -10 -11 -12 12 13 -15 15 -17 -18 27 19 -21 -22 22 23 -25 25 -27 -28 -29 36 -31 -32 35 33 -35 -36 -37 37 -39 53 40 41 60 43 -45 -46 46 51 48 49 -51 58 -53 -54 -55 -56 -57 -58 -59 -60 -61 -62 -63
leaf_value=-3.1351995442893501 23.891903940040446 29.254467117677816 -13.811829760995927 6.4679733658674454 4.7589348446725284 -1.4700821206984402 4.2150204048062161 -3.5606282131087732 -12.95942660806743 -13.14232922209046 5.928103357312418 -1.5775151411211099 -6.6431158817250724 -12.401722620547607 -3.0999981837536033 24.253538193588088 2.5448145498740504 -0.94454873098897663 -0.45004260514207006 -6.4587074208104003 3.8684843014028178 3.5779761747990961 -1.6135605620025548 7.8473970878523449 -2.0216920474499251 -11.916315848211092 2.7479918664128444 4.8822966696801524 0.97113039361708509 -10.348895197122161 -3.958180633738527 -1.0488140437860707 -1.2718199972330808 6.1134131157107561 -1.2356794759780967 3.060847361125429 2.7114793931533083 6.3086050026500873 -4.0882306067120515 -0.014557749959864192 2.6086583191543475 -2.566809155049341 0.4845588493279458 5.0943262212197533 3.6766338289700919 0.76979089216351815 -4.9421724140379277 -0.35063236566188621 1.8156116275874483 4.341405898722555 0.54703358535678748 -1.3786091514454664 -3.7306661256773346 0.0013541251819998272 -0.21759175200524383 -4.2516850361989027 -2.1777929235040783 -2.1118049095227325 0.057925218192490406 2.5918206249754565 -0.39800942904633652 -4.9974550129008319
leaf_weight=0.30909745814278722 0.27187056746333838 0.37377629661932577 0.4471083292737611 0.62197100371122349 0.23003890039399344 0.34887152398004972 0.42897636350244284 0.61432763841003124 0.31142656644806266 0.24873046367429197 0.22169812908396025 1.3262040636036547 0.2463695358019321 0.33972367318347096 0.65364488586783309 0.23542022705078125 0.27598993177525699 0.3539209528826176 4.3623692227993152 0.32102346513420332 0.36933828308247019 0.38540901034138986 0.9663568870164454 1.1650875117629764 0.21627811645157624 0.32990262610837817 0.73203334119170926 0.42735361610539258 1.0060695563443012 0.19983407156541944 0.74625606695190061 0.72503267088904955 0.30449386034160841 0.18926252843812108 0.63907126011326909 0.57992649683728814 0.87758226180449117 0.42822081362828601 0.45073677250184097 278.73426921083592 1.2642870403360564 1.016783239552751 0.75682222470641025 0.57423818134702742 0.52721993601880868 1.4607940376736217 0.63020769366994489 2.2220624799374487 2.6757038591895244 0.62074396875686844 12.843562813010056 1.1514617307111619 0.53109043464064587 0.6856573058757931 50.314550709445029 0.49520046403631557 1.5393976292107243 2.4194876383990049 22.992284625303007 1.4337150054052479 3.6457747924141577 0.38877130718901742
leaf_count=83 63 67 31 74 40 66 61 87 49 45 44 177 43 59 162 50 65 63 660 69 96 65 91 94 48 87 67 81 71 44 170 90 84 57 122 37 175 70 40 10744 70 131 108 54 77 321 60 210 121 42 1479 94 54 138 3975 49 183 372 2330 86 296 45
internal_value=0 4.49294 1.01385 -2.26706 15.1227 -5.80325 -2.51602 -0.0305199 -6.88898 -5.09699 -2.3581 -0.0183641 -1.72906 -5.97098 -0.00206651 4.14309 -1.78865 -0.506027 -0.011201 -1.03281 -0.789233 0.00807698 1.31166 3.35091 -2.4061 -7.99822 0.266338 2.24271 -0.00668575 -5.96769 -1.54811 -0.611034 -1.47831 1.55903 0.575216 0.777528 0.00387987 1.32636 0.267013 -0.00447793 0.0411266 0.326721 0.439117 2.47328 0.383121 0.346814 -1.10333 0.45228 0.389345 0.483818 0.423872 -2.6391 -1.00265 -1.62073 -0.289174 -1.47366 -0.933214 -1.04289 0.323954 0.75237 -0.870969 -2.35279
internal_weight=0 3.03404 2.66026 2.15835 0.501909 1.53638 1.08927 409.171 0.660298 0.97936 0.73063 408.191 3.85209 0.862083 404.339 0.889065 0.522359 2.99001 403.45 7.47222 7.1512 395.978 4.43414 2.86348 1.57066 0.546181 1.69839 0.781275 391.544 0.508932 2.66554 1.91929 2.20873 0.493756 1.02448 1.30496 388.878 2.4422 2.01398 386.436 333.081 54.3468 49.6842 1.33106 48.3531 47.8259 3.24246 44.5835 43.3192 40.566 39.9453 1.78167 2.75315 1.13639 53.3552 3.04067 2.54547 6.78186 37.2696 14.2773 4.66256 1.71498
internal_count=24686 451 384 281 103 207 176 24235 115 216 171 24019 674 167 23345 212 108 507 23133 1197 1128 21936 574 252 322 135 158 144 21362 127 384 214 363 141 187 127 20978 423 353 20555 16277 5533 5106 162 4944 4867 475 4392 4322 4058 4016 154 264 178 4278 303 254 1032 3895 1565 427 222
is_linear=0
shrinkage=0.05


end of trees

feature_importances:
same_month_mean_3y=250
seasonal_amplitude_ratio=200
same_month_max_3y=186
roll_std_12=161
roll_mean_12=148
roll_std_6=137
lag_1=111
last_nonzero_value=110
year=108
roll_mean_3=108
roll_std_3=106
rolling_12_slope=98
roll_mean_6=96
median_nonzero_12=90
lag_6=88
mean_nonzero_12=85
item_type_month_cos=76
lag_3=75
lag_12=74
lag_2=62
diff12=56
year_idx=52
lag_24=48
month=46
item_type_month_sin=43
unique_id=40
diff1=34
month_cos=28
name=25
name_tok_2_month_cos=19
same_month_nonzero_rate_3y=19
name_cluster_id_month_cos=17
name_tok_4_month_cos=15
name_tok_9=14
name_tok_2_month_sin=12
name_tok_4=12
name_tok_13_month_sin=10
name_tok_1_month_cos=9
name_tok_6=8
month_sin=7
name_tok_4_month_sin=7
name_tok_8_month_cos=7
name_tok_9_month_cos=7
name_tok_10_month_cos=7
name_tok_12_month_sin=7
item_month_nonzero_rate=7
name_tok_3_month_sin=6
name_tok_9_month_sin=6
name_tok_12_month_cos=6
quarter_cos=5
name_cluster_id_month_sin=5
name_tok_13_month_cos=5
name_tok_3=5
name_tok_12=5
quarter_sin=4
name_tok_1_month_sin=4
name_tok_5_month_cos=4
name_tok_1=4
name_tok_2=4
name_tok_5=4
name_tok_13=4
name_tok_14=4
name_tok_3_month_cos=3
name_tok_14_month_sin=3
item_type=3
Status=3
quarter=2
name_tok_5_month_sin=2
name_tok_6_month_cos=2
name_tok_7_month_cos=2
name_tok_8_month_sin=2
name_tok_10_month_sin=2
name_tok_14_month_cos=2
name_tok_15_month_cos=2
name_tok_0=2
name_tok_8=2
name_tok_6_month_sin=1
name_tok_7_month_sin=1
name_tok_11_month_sin=1
name_tok_15_month_sin=1
name_tok_10=1
name_tok_11=1

parameters:
[boosting: gbdt]
[objective: regression]
[metric: l2]
[tree_learner: serial]
[device_type: cpu]
[data_sample_strategy: bagging]
[data: ]
[valid: ]
[num_iterations: 2000]
[learning_rate: 0.05]
[num_leaves: 63]
[num_threads: 0]
[seed: 42]
[deterministic: 0]
[force_col_wise: 0]
[force_row_wise: 0]
[histogram_pool_size: -1]
[max_depth: -1]
[min_data_in_leaf: 50]
[min_sum_hessian_in_leaf: 0.001]
[bagging_fraction: 0.8]
[pos_bagging_fraction: 1]
[neg_bagging_fraction: 1]
[bagging_freq: 1]
[bagging_seed: 400]
[feature_fraction: 0.8]
[feature_fraction_bynode: 1]
[feature_fraction_seed: 30056]
[extra_trees: 0]
[extra_seed: 12879]
[early_stopping_round: 0]
[early_stopping_min_delta: 0]
[first_metric_only: 0]
[max_delta_step: 0]
[lambda_l1: 0]
[lambda_l2: 0]
[linear_lambda: 0]
[min_gain_to_split: 0]
[drop_rate: 0.1]
[max_drop: 50]
[skip_drop: 0.5]
[xgboost_dart_mode: 0]
[uniform_drop: 0]
[drop_seed: 17869]
[top_rate: 0.2]
[other_rate: 0.1]
[min_data_per_group: 100]
[max_cat_threshold: 32]
[cat_l2: 10]
[cat_smooth: 10]
[max_cat_to_onehot: 4]
[top_k: 20]
[monotone_constraints: ]
[monotone_constraints_method: basic]
[monotone_penalty: 0]
[feature_contri: ]
[forcedsplits_filename: ]
[refit_decay_rate: 0.9]
[cegb_tradeoff: 1]
[cegb_penalty_split: 0]
[cegb_penalty_feature_lazy: ]
[cegb_penalty_feature_coupled: ]
[path_smooth: 0]
[interaction_constraints: ]
[verbosity: -1]
[saved_feature_importance_type: 0]
[use_quantized_grad: 0]
[num_grad_quant_bins: 4]
[quant_train_renew_leaf: 0]
[stochastic_rounding: 1]
[linear_tree: 0]
[max_bin: 255]
[max_bin_by_feature: ]
[min_data_in_bin: 1]
[bin_construct_sample_cnt: 200000]
[data_random_seed: 175]
[is_enable_sparse: 1]
[enable_bundle: 1]
[use_missing: 1]
[zero_as_missing: 0]
[feature_pre_filter: 1]
[pre_partition: 0]
[two_round: 0]
[header: 0]
[label_column: ]
[weight_column: ]
[group_column: ]
[ignore_column: ]
[categorical_feature: 0,72,73,74]
[forcedbins_filename: ]
[precise_float_parser: 0]
[parser_config_file: ]
[objective_seed: 16083]
[num_class: 1]
[is_unbalance: 0]
[scale_pos_weight: 1]
[sigmoid: 1]
[boost_from_average: 1]
[reg_sqrt: 0]
[alpha: 0.9]
[fair_c: 1]
[poisson_max_delta_step: 0.7]
[tweedie_variance_power: 1.5]
[lambdarank_truncation_level: 30]
[lambdarank_norm: 1]
[label_gain: ]
[lambdarank_position_bias_regularization: 0]
[eval_at: ]
[multi_error_top_k: 1]
[auc_mu_weights: ]
[num_machines: 1]
[local_listen_port: 12400]
[time_out: 120]
[machine_list_filename: ]
[machines: ]
[gpu_platform_id: -1]
[gpu_device_id: -1]
[gpu_use_dp: 0]
[num_gpu: 1]

end of parameters

pandas_categorical:[]
