tree
version=v4
num_class=1
num_tree_per_iteration=1
label_index=0
max_feature_idx=91
objective=binary sigmoid:1
feature_names=unique_id month quarter year month_sin month_cos quarter_sin quarter_cos year_idx item_type_month_sin item_type_month_cos Status_month_sin Status_month_cos name_cluster_id_month_sin name_cluster_id_month_cos name_tok_0_month_sin name_tok_0_month_cos name_tok_1_month_sin name_tok_1_month_cos name_tok_2_month_sin name_tok_2_month_cos name_tok_3_month_sin name_tok_3_month_cos name_tok_4_month_sin name_tok_4_month_cos name_tok_5_month_sin name_tok_5_month_cos name_tok_6_month_sin name_tok_6_month_cos name_tok_7_month_sin name_tok_7_month_cos name_tok_8_month_sin name_tok_8_month_cos name_tok_9_month_sin name_tok_9_month_cos name_tok_10_month_sin name_tok_10_month_cos name_tok_11_month_sin name_tok_11_month_cos name_tok_12_month_sin name_tok_12_month_cos name_tok_13_month_sin name_tok_13_month_cos name_tok_14_month_sin name_tok_14_month_cos name_tok_15_month_sin name_tok_15_month_cos lag_1 lag_2 lag_3 lag_6 lag_12 lag_24 roll_mean_3 roll_std_3 roll_mean_6 roll_std_6 roll_mean_12 roll_std_12 diff1 diff12 zero_ratio_12 nonzero_run_length mean_nonzero_12 median_nonzero_12 last_nonzero_value same_month_mean_3y same_month_max_3y same_month_nonzero_rate_3y item_month_nonzero_rate seasonal_amplitude_ratio rolling_12_slope name item_type Status name_cluster_id name_tok_0 name_tok_1 name_tok_2 name_tok_3 name_tok_4 name_tok_5 name_tok_6 name_tok_7 name_tok_8 name_tok_9 name_tok_10 name_tok_11 name_tok_12 name_tok_13 name_tok_14 name_tok_15
feature_infos=-1:371:38:251:362:582:479:424:144:417:426:584:88:404:30:329:141:422:227:396:333:360:37:400:425:431:369:370:421:53:423:398:418:86:420:416:579:21:583:138:361:453:140:366:109:397:399:39:365:348:484:265:578:577:95:367:419:142:143:482:331:36:40:6:364:395:349:96:165:382:575:375:376:97:379:363:380:250:377:372:381:373:347:330:351:220:254:427:350:378:355:368:428:429:354:216:217:352:356:255:122:406:340:405:301:341:342:297:345:343:306:581:106:344:298:346:358:302:357:132:299:580:87:90:219:439:247:248:463:437:435:408:438:359:440:407:436:246:441:464:512:105:221:466:47:503:104:274:171:547:511:570:545:566:110:442:510:444:534:544:202:549:550:10:193:467:504:194:244:311:513:62:560:569:445:465:561:531:548:586:197:273:196:480:243:483:245:2:64:481:485:174:179:623:546:181:412:624:411:409:16:3:625:410:126:4:443:414:537:469:413:415:100:468:153:332:470:51:28:84:23:172:446:335:101:307:92:52:447:514:336:147:334:338:155:133:491:473:472:190:536:135:125:184:475:489:593:94:474:199:540:11:146:530:604:287:605:288:487:603:123:290:339:476:270:173:291:293:294:102:103:205:12:31:430:1:156:615:56:58:403:505:195:203:502:449:136:210:206:401:551:450:492:192:572:616:207:535:272:451:249:59:592:15:292:608:559:60:556:57:402:558:204:612:61:319:508:522:316:529:518:317:516:318:521:17:35:268:519:454:506:520:185:571:649:598:610:644:9:517:533:682:684:384:693:29:93:276:383:71:211:541:643:20:22:74:308:328:486:532:711:73:448:642:208:645:634:115:490:19:323:523:186:462:5:602:699:66:260:568:647:269:488:594:646:700:75:669:33:320:493:310:591:256:601:163:159:27:557:137:164:76:83:455:701:704:573:175:563:7:553:574:461:459:82:266:385:626:691:209:539:564:639:169:177:77:113:638:705 [1:12] [1:4] [2009:2022] [-1:1] [-1:1] [-1:1] [-1:1] [1:14] [-25:25] [-25:25] [-1:1] [-1:1] [-1:1] [-1:1] [-3:3] [-3:3] [-4:4] [-4:4] [-4:4] [-4:4] [-3:3] [-3:3] [-3:3] [-3:3] [-3:3] [-3:3] [-2:2] [-2:2] [-4:4] [-4:4] [-3:3] [-3:3] [-3:3] [-3:3] [-3:4] [-4:4] [-3:3] [-3:3] [-3:3] [-3:3] [-3:3] [-3:3] [-2.598076211353316:3] [-2.598076211353316:3] [-2:2] [-2:2] [-2078.099154440155:8282.9432640239247] [-2078.099154440155:8282.9432640239247] [-2078.099154440155:8282.9432640239247] [-2078.099154440155:8282.9432640239247] [-2523.4232419562427:8282.9432640239247] [-2523.4232419562427:8282.9432640239247] [-1986.8896653796662:4198.9412639621942] [0:4197.1470017007423] [-1638.4728609593574:2094.4812447633271] [0:3634.7992111561171] [-883.79501685864216:1072.3486682314444] [0:2902.9487079622404] [-7761.8332499974285:8969.1667500025724] [-5001.9840731504064:4997.8459268495944] [0:1] [0:29] [0:4499.0683333333336] [0:4429.6750000000002] [0:9991] [0:8165] [0:8440] [0:1] [0:1] [0:1624.9400000000001] [-482.66541782959581:564.68423252005425] -1:305:408:513:278:332:531:103:206:275:591:334:356:377:625:640:494:106:27:369:267:672:34:97:411:378:289:299:550:384:426:30:268:366:259:28:325:331:514:203:288:64:204:287:36:41:105:266:714:282:541:323:393:316:265:270:362:205:495:538:622:379:409:445:274:26:301:355:88:328:508:76:90:348:89:294:81:526:74:273:83:146:276:626:281:261:512:23:269:87:297:304:373:374:284:7:9:292:286:509:466:25:38:50:52:56:450:451:54:55:108:154:62:398:452:57:291:183:306:491:449:150:357:358:370:690:14:595:272:689:684:49:691:271:688:66:687:262:682:295:646:340:8:293:392:643:341:95:666:412:630:645:628:424:104:649:692:517:631:696:636:618:641:280:440:619:650:511:623:427:644:629:635:668:93:277:695:518:634:324:615:96:533:592:540:663:594:399:413:0:543:423:457:479:418:421:40:482:33:32:665:400:481:31:463:675:686:29:520:285:42:43:345:300:403:283:620:432:667:528:653:420:693:107:344:111:360:433:697:603:676:485:401:60:337:490:607:290:303:414:522:487:465:422:279:610:330:364:298:525:516:436:486:321:713:329:677:678:536:319:464:506:51:302:405:425:504:505:507:703:616:527:708:638:654:307:229:148:515:674:35:648:712:530:605:683:489:617:39:431:710:694:604:410:318:627:443:523:404:702:1:458:320:442:503:704:602:671:606:673:37:600:529:552:312:110:642:664:112:524:659:114:657:115:656:4:159:368:661:63:647:662:389:478:709:314:551:473:130:134:579:588:658:12:78:44:85:235:611:102:170:407:484:3:18:119:381:22:211:428:535:21:477:685:444:472:470:350:544:5:165:597:20:681:92:317:402:232:313:468:639:17:252:459:467:545:549:567:161:166:599:113:322:510:554:498:633:2:652:488:499:429:547:61:383:707:448:263:419:10:126:447:59:65:79:141:382:101:385:406:212:264:483:376:613:352:453:480:546 -1:7:25:20:21:12:4:18:10:16:24:23:13:6:9:17:11:2:22:3:1:19:14:5:8:15 -1:0:1 none [0:3] [0:4] [0:4] [0:3] [0:3] [0:3] [0:2] [0:4] [0:3] [0:3] [0:4] [0:3] [0:3] [0:3] [0:3] [0:2]
tree_sizes=6992 7069 7093 7119 7080 7083 7121 7103 7090 7137 7128 7126 7131 7090 7132 7164 7129 7134 7089 7174 7118 7144 7140 7165 7138 7135 7142 7241 7160 7288 7167 7192 7231 7126 7146 7185 7257 7181 7170 7254 7246 7188 7192 7177 7275 7189 7178 7162 7224 7131 7307 7320 7326 7167 7369 7338 7277 7302 7275 7299 7221 7278 7229 7247 7326 7327 7162 7230 7238 7399 7322 7233 7274 7249

Tree=0
num_leaves=63
num_cat=0
split_feature=68 68 63 54 67 59 3 68 57 3 20 8 54 3 68 64 57 3 57 56 63 71 3 3 57 70 59 70 56 8 64 59 39 8 45 66 8 60 66 17 3 1 66 84 54 8 19 17 67 9 66 8 3 66 38 84 8 47 43 80 57 64
split_gain=104.322 15.8369 8.32688 2.51478 1.46753 2.56817 1.37481 1.28612 1.2496 0.881357 0.802993 0.819139 0.780524 0.715315 1.27437 0.85093 0.698871 0.665337 0.5742 0.516676 0.490536 0.416743 0.391251 0.387318 0.359584 0.351862 0.294852 0.252082 0.240625 0.237107 0.202572 0.191296 0.174263 0.169847 0.164789 0.305371 0.160842 0.181046 0.15722 0.196219 0.153437 0.165175 0.15131 0.141349 0.139042 0.162775 0.138917 0.128626 0.24482 0.233043 0.127166 0.126701 0.123443 0.12245 0.120047 0.14059 0.111633 0.108738 0.10735 0.105608 0.105375 0.110146
threshold=0.83333333333333337 0.58333333333333337 1.0000000180025095e-35 0.45787514843552302 0.95000000000000007 -0.17079352850539162 2019.5000000000002 0.41666666666666669 0.90413262544637962 2019.5000000000002 -0.68301270189221941 1.5000000000000002 0.49487699643187538 2021.5000000000002 0.41666666666666669 25.532500000000002 -1.1840978532714239 2018.5000000000002 -0.11988832150951188 2.6936604172453276 37.738636363636367 -0.49294694290366547 2019.5000000000002 2019.5000000000002 -1.601681442644439 4.9325517518088215 -0.55814813653850937 11.52319996736181 3.8637116999495666 1.5000000000000002 5.0750000000000011 -0.13483095155106192 0.68301270189221941 2.5000000000000004 0.93301270189221952 35.122500000000009 4.5000000000000009 -25.546910684635794 5.3433333333333337 1.0000000180025095e-35 2020.5000000000002 3.5000000000000004 11.726666666666668 1.0000000180025095e-35 23.929048818410013 1.5000000000000002 1.866025403784439 -1.0000000180025095e-35 50.025000000000006 -7.0000000000000027 368.76333333333338 2.5000000000000004 2014.5000000000002 518.42500000000007 0.25000000000000022 1.0000000180025095e-35 3.5000000000000004 -9.9853500349055899 0.68301270189221941 1.5000000000000002 -1.0468294151858817 20.050000000000004
decision_type=2 2 2 2 2 2 2 2 2 2 2 2 2 2 2 2 2 2 2 2 2 2 2 2 2 2 2 2 2 2 2 2 2 2 2 2 2 2 2 2 2 2 2 2 2 2 2 2 2 2 2 2 2 2 2 2 2 2 2 2 2 2
left_child=1 4 -2 17 -1 7 27 22 20 12 18 47 52 14 19 -16 21 -3 29 -13 57 40 26 -21 33 28 -6 53 32 -7 -14 -25 -23 59 -15 -36 37 -30 39 46 -8 -42 58 -43 51 -46 -18 48 49 -12 -27 -40 -4 54 55 -5 -41 -9 -32 -19 -57 -62
right_child=2 3 9 6 5 10 16 8 -10 -11 11 13 30 34 15 -17 38 24 -20 23 -22 25 -24 31 -26 50 -28 -29 36 -31 42 -33 -34 -35 35 -37 -38 -39 44 56 41 43 -44 -45 45 -47 -48 -49 -50 -51 -52 -53 -54 -55 -56 60 -58 -59 -60 -61 61 -63
leaf_value=-0.31212329505422887 -0.30496853495542681 -0.30479858746231892 -0.29491193247463776 -0.15081591164204788 -0.20939460615117092 -0.11325354800736895 -0.27658466408475701 -0.17271243475116202 -0.29012082561207353 -0.11025575940060001 -0.28406401455872793 -0.3031781634693107 -0.21164726401472125 -0.30601328072560874 -0.11734120733010812 -0.2858814460450545 -0.2454965206373825 -0.14439522157744217 -0.29389365783376292 -0.21458949636572225 -0.24661348529559718 -0.25327079903165928 -0.28687704309821843 -0.13190051728082766 -0.27716761966416953 -0.12581263602539022 -0.30516165562585196 -0.27997946535575446 -0.22631076398074002 -0.23425707295498929 -0.15012874550874902 -0.2855383467210782 -0.13736089180925562 -0.24002938002136073 -0.13653584046483935 -0.30521372007131659 -0.22396901278606546 -0.14644481041571675 -0.28234452080621636 -0.13344239297210789 -0.26231614096147543 -0.18058273323567858 -0.12889320429976622 -0.24984087814291117 -0.18527917387645448 -0.24924972179461888 -0.11024429815898526 -0.31138356613009216 -0.31089067725885067 -0.19587600402652858 -0.28625934724313695 -0.2490903382107186 -0.19930521987650518 -0.24128962988083116 -0.20842935335334536 -0.16012972936663877 -0.25147252934277814 -0.12286261081296379 -0.22443954811355615 -0.23172845182281332 -0.24272102432946163 -0.18335493659904156
leaf_weight=35.827798325388358 0.64871202422000251 1.1147699714765611 0.084283131280243118 0.74225579040830758 0.32833129376922443 0.1032050123103545 0.17827607414983493 0.16458805580623448 0.27887716658005957 7.0392889102658955 0.31626992455676373 1.1925959489071827 0.086803312347911166 2.840926978267817 0.21591211129270949 0.11466149555053562 0.41345806010576813 0.11731829917698633 0.15465014706206304 0.37928809241384431 0.13690561565454118 0.25864054317753449 1.4589748364305704 0.021040186707978137 0.37614869129538409 0.23236891124361136 0.10642571555945624 0.057521526508935383 0.093085869299102342 0.066616262382012792 0.55537259215452683 0.54675104975831346 0.037074975363793783 0.18225846913264832 0.041513455931635579 0.075869696491281502 0.16754041677086207 0.29851481732112006 0.56387374229961984 0.079041400254936889 0.17455033560145239 0.23281300415874284 2.5575840034052817 0.10777336114551872 0.12631598032021418 0.46739324704321916 0.019898493541404605 12.760376299564085 0.76514777353804675 0.09816444682655745 0.013042713319009636 0.58215948974248022 0.056324437795410631 0.064300032576284027 0.18958061698322115 0.32045317972369791 0.026834057527594268 0.32620876422151912 0.053260790222338983 0.049105233338195831 0.10443100376324022 0.3102688498875068
leaf_count=24365 5473 7387 936 16636 5981 29 934 49 152 54826 120 6330 770 2039 95 170 1534 156 181 6976 95 679 3494 48 974 1166 533 380 289 231 11497 2845 213 1506 126 51 2833 1058 472 104 803 1337 84846 641 416 2706 9 1006 171 112 62 4585 924 1692 2436 7859 260 121 685 42 989 8234
internal_value=-0.222718 -0.29694 -0.131154 -0.22955 -0.305839 -0.295829 -0.213543 -0.251026 -0.202052 -0.120346 -0.3022 -0.303507 -0.141277 -0.287029 -0.267167 -0.1758 -0.229592 -0.280552 -0.224193 -0.281283 -0.162924 -0.206245 -0.274471 -0.253711 -0.243261 -0.187112 -0.232838 -0.177005 -0.202262 -0.16072 -0.136291 -0.279845 -0.238739 -0.206683 -0.303615 -0.245559 -0.18297 -0.165429 -0.247967 -0.224378 -0.236604 -0.222767 -0.134225 -0.202498 -0.255278 -0.23564 -0.239286 -0.309923 -0.294126 -0.263175 -0.13434 -0.265452 -0.256614 -0.173584 -0.170972 -0.166166 -0.163357 -0.13958 -0.156632 -0.170164 -0.181664 -0.198305
internal_weight=0 66.0222 11.0816 7.70107 58.3211 22.4933 5.86147 2.80031 0.90658 10.4329 19.693 19.3685 3.39363 5.42856 2.47025 0.330574 4.07266 1.8396 0.324471 2.13968 0.627702 1.79368 1.89373 0.947079 0.724831 1.10027 0.434757 1.78881 0.854857 0.169821 3.25302 0.567791 0.295716 0.348682 2.95831 0.117383 0.559141 0.391601 2.27897 0.539232 0.693413 0.515137 3.16622 0.340586 1.73974 0.593709 0.433357 13.94 1.17958 0.414434 0.245412 1.14603 0.140608 1.73129 1.66699 1.47741 0.105875 0.490797 0.608633 0.166424 0.735153 0.4147
internal_count=283669 123712 159957 68392 55320 30955 58327 10425 417 154484 20530 20089 99658 18680 16464 265 20101 10065 441 16199 265 10015 10008 9869 2678 6300 6514 38226 5072 260 97798 2893 892 1704 2216 177 4180 1347 10086 1907 3715 2781 97028 1978 8179 3122 1543 1409 403 232 1228 5057 1860 37846 36154 33718 364 170 12182 198 17082 9223
is_linear=0
shrinkage=1


Tree=1
num_leaves=63
num_cat=0
split_feature=68 68 63 63 66 8 57 9 68 63 20 68 37 19 47 54 63 36 60 66 54 10 8 63 18 66 20 58 10 87 19 60 57 6 16 36 33 8 28 47 9 54 39 17 8 8 20 8 49 54 21 13 65 58 20 8 65 8 8 78 24 91
split_gain=94.1814 14.7684 7.3827 2.23351 1.55043 1.682 0.914042 0.745065 1.80065 1.89432 0.686399 0.591981 0.443589 0.685372 0.438887 0.413397 0.364459 0.337342 0.293962 0.267696 0.229518 0.221569 0.212984 0.233603 0.227088 0.211872 0.200631 0.188381 0.203993 0.359297 0.182751 0.181423 0.165531 0.193119 0.173786 0.163365 0.152373 0.15005 0.145644 0.144986 0.198995 0.131222 0.127109 0.22797 0.125049 0.119953 0.213939 0.111501 0.108643 0.108434 0.108347 0.10767 0.295946 0.107647 0.104649 0.136362 0.102055 0.0940069 0.0870501 0.086927 0.0857915 0.0996105
threshold=0.83333333333333337 0.58333333333333337 1.0000000180025095e-35 1.0000000180025095e-35 1.0000000180025095e-35 1.5000000000000002 -3.0509682619664171 7.6471143170299749 0.41666666666666669 25.509583333333335 -0.5 0.41666666666666669 -1.0000000180025095e-35 -1.0000000180025095e-35 0.28102059679102004 1.3746696897725685 8.6306818181818201 -1.0000000000000002 6.7293628774088399 14.758333333333335 0.49487699643187538 12.312177826491075 1.5000000000000002 18.095454545454547 1.5308084989341916e-16 6.7666666666666684 -2.7554552980815443e-16 36.350984300404072 3.4820508075688781 1.0000000180025095e-35 1.866025403784439 -28.086320798025053 2.6929755762351957 0.50000000000000022 -1.0000000180025095e-35 1.866025403784439 0.25000000000000022 2.5000000000000004 1.866025403784439 -15.279110814957543 -17.160254037844378 0.3515824811584965 0.93301270189221952 1.866025403784439 2.5000000000000004 2.5000000000000004 0.25000000000000022 11.500000000000002 0.67601390927216809 0.31848186317396782 -1.0000000180025095e-35 0.93301270189221941 51.025000000000006 61.678067917056815 0.25000000000000022 2.5000000000000004 8.0250000000000021 2.5000000000000004 3.5000000000000004 1.5000000000000002 0.93301270189221952 1.0000000180025095e-35
decision_type=2 2 2 2 2 2 2 2 2 2 2 2 2 2 2 2 2 2 2 2 2 2 2 2 2 2 2 2 2 2 2 2 2 2 2 2 2 2 2 2 2 2 2 2 2 2 2 2 2 2 2 2 2 2 2 2 2 2 2 2 2 2
left_child=1 4 -2 47 -1 10 18 8 15 16 11 -6 13 -12 22 26 25 -9 21 50 31 39 23 -8 32 -10 36 28 29 -11 37 -4 33 56 -35 38 -7 42 -26 -5 -41 -39 -19 -44 -42 46 59 54 -33 -46 -17 -14 -53 58 -3 -56 -24 -34 -20 -16 -48 -62
right_child=2 3 20 6 5 7 14 17 9 27 12 -13 51 -15 45 19 -18 30 53 -21 -22 -23 24 -25 35 -27 -28 -29 -30 -31 -32 48 57 34 -36 -37 -38 41 -40 40 44 -43 43 -45 49 -47 60 -49 -50 -51 -52 52 -54 -55 55 -57 -58 -59 -60 -61 61 -63
leaf_value=-0.086077228471226216 -0.079100986236967 -0.080169875976800795 -0.014022622067443303 0.007637683077239452 -0.066037839860257727 -0.057738615115776895 -0.065739971945882963 0.11084659266804719 -0.049621878828265575 0.11054262607061592 0.071298395613549989 0.074240373156830297 -0.083897352674397782 -0.079958895948216535 0.009194172124532201 0.023052136133638643 0.10487341262343922 -0.078389625761395354 0.09131189939477502 -0.066829332273693448 0.097820640461041511 -0.02291574597794218 -0.023872473375419381 0.00043232158517888533 -0.050627684693749397 0.090510602744075366 -0.075855638336012957 -0.073019893271200162 -0.067300546451635149 -0.062149710018586379 0.05745381685772151 0.082301445640456147 -0.040322510436621412 -0.030069414083807023 0.064750416010988077 0.11506753365395253 0.11644117574198498 -0.080827873544171869 0.11130196089978742 -0.028731406426696755 0.074964053590566238 -0.036406714672921094 0.046328169809933151 -0.086851390048492225 -0.041089663137543087 0.021997500045167189 -0.060759898566995409 0.11468142921090736 -0.031608356918089123 0.041397098377222552 -0.027869507827568502 0.0083306728198758659 -0.082470633481922087 0.025648964297527489 0.10184937404194142 -0.06805853078199274 0.024848040522315762 -0.006018733510522377 0.048710384555762987 0.10156611360306232 0.077677837015738341 -0.06292403943094621
leaf_weight=36.194081075187569 0.63592254715331265 0.96827387513076113 0.069614925308997044 0.56293428636854514 0.17534594944299797 0.026259078640577971 0.45542683985695598 0.026253279531374907 0.069900784874334709 0.065115535573568195 0.11967846222978551 0.13169416366145015 12.153721014883558 0.20012440269601839 0.4337836426529974 0.11805494831242014 0.43818306823959574 2.4733001358217748 0.24527862737522799 0.49340678739827115 10.103145567101818 0.26954426054726344 0.30959638671265588 0.18860623126056453 0.51438942790446152 0.043922246870351955 1.5937000723333761 0.31309662033163477 0.094658126341528259 0.056041896037640981 0.028299496938416158 0.31283515610812074 0.3282487471060449 0.061205073172459379 0.22960072080422833 0.016172898816876113 0.024060960859060287 0.24468626352245326 0.014271342079155147 0.089704383868593141 0.29389133112272181 0.51864993000708637 0.05781208128973947 0.072338899481110275 0.045403220965454238 1.0143327314508495 0.17871990685489436 0.0076852443398821571 0.022433444470152608 0.32525308901676908 0.90715255581562737 0.11978462654588007 0.3577269531579077 0.18566565905894095 0.018458990198269021 0.032778181483081426 0.16464760915550869 0.5100468456530507 0.23460287827401771 0.027057840039560688 0.027354249785275897 0.023349557512119645
leaf_count=23704 5411 6296 748 7780 136 117 228 17 78 35 41 29 1551 172 2736 1264 125 1618 1786 2691 151519 1994 1472 719 2024 52 7252 228 88 89 136 1889 1315 413 1423 16 20 1009 11 498 945 4598 104 22 305 16292 276 162 236 4281 9969 105 135 2436 20 289 2259 7287 5141 107 143 14
internal_value=0 -0.0710127 0.0863298 -0.00636782 -0.0798139 -0.0689791 0.00408616 -0.0503342 -0.0363368 0.019375 -0.0797582 -0.00587039 -0.0815099 -0.0233545 -0.00893619 -0.0553779 0.0841668 -0.0676955 0.0300861 -0.0365692 0.0963413 0.0183872 -0.021141 -0.0463613 -0.0135798 0.00445271 -0.0727519 -0.0482458 -0.0123044 0.030663 -0.0690761 0.0594282 -0.00410328 0.0127138 0.044794 -0.0414676 0.025547 -0.0701397 -0.0462563 0.0268393 0.0411704 -0.0506459 -0.0758553 -0.027694 0.0506062 0.0110559 -0.0050227 -0.0750546 0.0746795 0.031293 -0.0220058 -0.0829823 -0.059693 0.0579772 -0.0764849 -0.00684656 -0.00695773 -0.019451 0.070485 0.0146177 -0.0444742 0.0129294
internal_weight=0 64.8933 11.144 7.77628 57.117 20.923 6.74909 7.66489 4.24355 1.08092 13.2581 0.30704 12.951 0.319803 4.49681 3.16263 0.552006 3.42134 2.25228 1.51861 10.508 1.58673 2.79221 0.644033 2.14818 0.113823 1.64402 0.528912 0.215816 0.121157 3.39509 0.404884 1.60335 0.76505 0.290806 0.544834 0.05032 3.36679 0.528661 1.31719 0.754252 0.763336 2.60345 0.130151 0.664548 1.7046 0.690265 1.0272 0.335269 0.370656 1.02521 12.6312 0.477512 0.665547 1.01951 0.0512372 0.474244 0.838296 0.479882 0.460841 0.229424 0.0507038
internal_count=283856 124053 159803 68668 55385 31681 61901 29512 22008 695 2169 165 2004 213 36735 21313 255 7504 25166 13924 154392 15803 17167 947 16220 130 7389 440 212 124 7487 2873 14169 5567 1836 2051 137 7351 2035 13809 6029 5607 1744 126 5531 19568 3276 6767 2125 4586 11233 1791 240 9363 6605 309 3731 8602 6927 2843 433 157
is_linear=0
shrinkage=0.05


Tree=2
num_leaves=63
num_cat=0
split_feature=68 68 63 54 66 59 3 68 57 3 57 8 54 3 68 63 3 71 20 50 54 3 3 59 57 70 47 70 20 60 65 19 23 8 57 19 58 70 86 19 46 38 3 9 8 66 66 57 3 63 71 9 25 38 17 66 58 47 9 54 8 90
split_gain=85.5454 13.7845 6.73975 2.03928 1.30743 2.15399 1.21074 0.929068 1.05098 0.782465 0.746324 0.739596 0.659454 0.654016 1.15157 0.761996 0.615208 0.438474 0.41744 0.460475 0.413387 0.451305 0.341994 0.291571 0.267011 0.261047 0.244534 0.232002 0.190816 0.266659 0.173485 0.17112 0.197235 0.15985 0.147251 0.1951 0.144384 0.14196 0.134991 0.134676 0.12677 0.125612 0.123234 0.123194 0.106671 0.106334 0.11128 0.107546 0.0995564 0.0977968 0.0945219 0.0938805 0.0900102 0.089957 0.0891125 0.0867086 0.0862808 0.0851003 0.0809135 0.0806539 0.0801586 0.0791526
threshold=0.58333333333333337 0.83333333333333337 1.0000000180025095e-35 0.3515824811584965 1.0000000180025095e-35 -0.17079352850539162 2019.5000000000002 0.41666666666666669 0.90413262544637962 2019.5000000000002 -3.0509682619664171 1.5000000000000002 0.70744246079321549 2021.5000000000002 0.41666666666666669 30.087121212121215 2018.5000000000002 -1.156472346384416 -1.0000000180025095e-35 -20.020747156547959 0.31848186317396782 2019.5000000000002 2019.5000000000002 -0.55814813653850937 -1.601681442644439 5.350229618290455 -12.667332702715045 9.8506476658819242 0.25000000000000022 1.7224235315904866 41.040000000000006 0.93301270189221952 0.93301270189221952 2.5000000000000004 5.0690067594678698 0.25000000000000028 4.0290588536612226 0.99154984616319131 1.0000000180025095e-35 1.8369701987210299e-16 0.25000000000000017 0.93301270189221952 2014.5000000000002 2.2500000000000004 1.5000000000000002 518.42500000000007 19.916666666666668 -1.4636433394720829 2018.5000000000002 9.6125000000000025 1.6446778249929523 6.9641016151377562 -0.93301270189221919 -1.0000000180025095e-35 -0.93301270189221919 353.79166666666674 89.432499873983758 -9.4566110976275581 1.5308084989341915e-15 20.659589063559505 1.5000000000000002 1.5000000000000002
decision_type=2 2 2 2 2 2 2 2 2 2 2 2 2 2 2 2 2 2 2 2 2 2 2 2 2 2 2 2 2 2 2 2 2 2 2 2 2 2 2 2 2 2 2 2 2 2 2 2 2 2 2 2 2 2 2 2 2 2 2 2 2 2
left_child=4 3 48 16 -1 7 27 22 26 12 17 18 42 14 20 -16 -2 60 19 -7 -13 -22 23 56 33 39 43 45 29 52 38 41 -33 57 35 -31 -34 -28 53 50 -30 -15 -4 -9 -36 46 47 -5 -3 -29 51 54 -12 -14 -19 -27 -6 -18 -24 -38 -8 -32
right_child=1 2 9 6 5 11 10 8 -10 -11 28 13 30 31 15 -17 24 25 -20 -21 21 -23 58 -25 -26 55 37 49 40 34 61 32 36 -35 44 -37 59 -39 -40 -41 -42 -43 -44 -45 -46 -47 -48 -49 -50 -51 -52 -53 -54 -55 -56 -57 -58 -59 -60 -61 -62 -63
leaf_value=-0.083055545902933084 -0.077011412645894006 -0.08009278508767588 -0.068316498415867594 0.059368838486791364 0.030810271088953768 -0.077859939516803825 0.03198761354575308 -0.032805178216883064 -0.062136604708388166 0.100654318710414 -0.069876939840017624 -0.076129237137861294 0.017721489960053693 -0.078553437239292395 0.090312927045366601 -0.057830984249542153 0.0062170516892052653 0.079161350127608998 -0.081471417160091264 0.013902765706499169 0.0076361948631628084 -0.05800400529839609 -0.072015813777269261 -0.076266922580961849 -0.047153383748622484 0.090293577527222862 0.029598262632241547 -0.071473201863503713 -0.028942600910839618 0.0081414434915023214 0.086510519272373895 -0.083566387744207285 -0.055006169101918502 -0.017862088353409685 0.058043677541283173 0.085370114395672533 0.10356123045261219 0.090039510234337636 0.09287259559175147 0.065116572066876863 -0.07431265735249197 -0.020751662300800895 0.020868633027711716 0.044993834308927921 -0.023597266036317868 -0.01727076596865847 0.07003543216088115 0.029062284989662845 0.021162256193650655 0.07691379598303888 0.042016196507477697 0.041707266568553586 -0.024994192561302642 0.059161161325935178 -0.022390897398421185 -0.052790465497063191 -0.027569171779346979 0.081312029738797642 -0.048355652286431808 -0.0050350585877289829 -0.029546183522125465 0.023561277860258856
leaf_weight=35.207797204406234 1.0667742005007319 0.61452330159954804 0.087041330047212262 0.47573414367252476 0.24033957838946662 0.30840692172932904 0.06208954448084103 0.10708049713866785 0.31339100190962199 7.0171508220773831 0.12457679268118238 1.0520419386721185 0.15793014741757361 2.8506031041397373 0.2554314138542394 0.13148120808182284 0.061142559192376211 0.023491905361879506 13.428219668887325 0.24557619774350214 0.43063498295305158 0.66814979126502294 0.65832585655880371 0.11803801809401493 0.32626487537345372 0.24343413965107175 0.14413399613113131 0.060619704780037753 0.43231146943980991 0.34388037790995429 2.0433284665614342 0.09527804075332813 0.046528983173629967 0.16276790121264639 0.044863030983833596 0.10729422098665964 0.041202342410542769 0.29802183932042681 0.25984867712759296 0.16846679005539045 0.23912634313273884 0.097196176327997708 0.069789492841664469 0.096957323359674774 0.36989198412993574 0.064006399883510201 0.43853002251671558 0.76094752703465984 0.025274356303270906 0.013593842370028142 0.20515209998120554 0.10096865628656815 1.0811177803443575 0.76690526262245862 0.26856172152656643 0.011069611877246643 0.085914095054249628 0.098510703006468248 0.80101732156254002 0.029225053724076133 0.3585770788085938 0.051188174376875284
leaf_count=23668 7258 5169 1018 9909 4615 72 147 43 156 54520 310 5625 2525 2083 139 201 53 130 1339 97 7801 3380 1577 677 877 1168 33 332 1163 1662 69328 46 30 1291 175 224 78 108 5850 922 303 94 1235 68 2578 1695 12855 13440 342 256 1974 608 5034 18317 1463 57 1456 115 2051 56 2578 1370
internal_value=0 0.0457439 0.0814398 -0.00558948 -0.0770357 -0.0676339 0.00815888 -0.0271139 0.013002 0.0910818 -0.00662846 -0.0735291 0.0715326 -0.058345 -0.0394418 0.0399704 -0.0536622 0.0224959 -0.0797167 -0.0371823 -0.0537273 -0.0322783 -0.0473356 -0.00892668 -0.0152641 0.0401934 0.0494427 0.0422838 -0.0219368 -0.0144291 0.0763229 -0.0735256 -0.0301629 0.0170053 0.0067384 0.0265073 0.013342 0.0703369 0.0610311 0.0256275 -0.0451007 -0.0766476 -0.0286292 0.00416436 -0.0147664 0.0459781 0.0483947 0.0407208 -0.0760928 -0.0442929 0.0145061 0.000146149 -0.0296316 0.0520847 -0.0142223 0.0840702 0.0154369 0.0525528 -0.059029 0.0584973 -0.0204639 0.0849721
internal_weight=0 18.8067 11.093 7.71377 57.751 22.5432 5.99831 2.86322 0.959585 10.4532 4.18487 19.68 3.43603 5.69777 2.53774 0.386913 1.71546 1.44181 13.9822 0.553983 2.15083 1.09878 1.90363 0.444292 0.648686 1.02114 0.646194 1.81343 2.74306 2.07162 3.2792 3.16003 0.212234 0.322421 0.86593 0.451175 0.116956 0.442156 1.18468 0.766641 0.671438 2.9478 0.156831 0.204038 0.414755 1.73922 1.67521 1.23668 0.639798 0.0742135 0.598174 0.393022 1.20569 0.924835 0.292054 0.254504 0.326254 0.159653 1.45934 0.0704274 0.420667 2.09452
internal_count=283744 228251 159674 68577 55493 31825 58983 10784 408 154163 20496 21041 99643 19533 17146 340 9594 9047 1508 169 16806 11181 10376 6748 2336 6322 252 38487 11449 9983 97390 2387 210 1459 4639 1886 164 141 26692 5097 1466 2177 2253 111 2753 37899 36204 23349 5511 588 4175 2201 5344 20842 1593 1225 6071 168 3628 134 2725 70698
is_linear=0
shrinkage=0.05


Tree=3
num_leaves=63
num_cat=0
split_feature=68 68 63 54 67 59 3 68 63 3 54 20 3 71 70 2 58 54 68 66 10 3 3 3 59 70 68 43 6 65 3 58 16 47 81 10 67 41 86 3 70 63 9 3 16 34 3 80 10 3 66 51 41 22 29 9 50 25 3 10 10 66
split_gain=79.5533 12.6318 6.01417 1.85127 1.23942 1.99866 1.12173 0.937605 1.04164 0.703357 0.584746 0.575405 0.571155 0.400553 0.400019 0.345744 0.521867 0.968289 0.539356 0.343474 0.31955 0.318311 0.310854 0.234034 0.228017 0.221405 0.18192 0.176503 0.166708 0.160519 0.142026 0.199555 0.20683 0.132167 0.125283 0.12257 0.122161 0.124631 0.120328 0.114691 0.114302 0.112259 0.10832 0.104202 0.241518 0.098032 0.0953036 0.093697 0.0927324 0.105771 0.087693 0.0867203 0.0851593 0.127905 0.0923449 0.105964 0.0820223 0.0819616 0.0810443 0.0825286 0.0800166 0.093198
threshold=0.83333333333333337 0.58333333333333337 1.0000000180025095e-35 0.45787514843552302 0.95000000000000007 -0.17079352850539162 2019.5000000000002 0.41666666666666669 37.019583333333337 2019.5000000000002 0.70744246079321549 -0.68301270189221941 2018.5000000000002 -0.49294694290366547 5.0851197119711982 1.5000000000000002 29.712842695239484 1.83313261757028 0.41666666666666669 1.7383333333333335 -13.428203230275507 2019.5000000000002 2019.5000000000002 2019.5000000000002 -0.55814813653850937 3.627511743227358 0.41666666666666669 1.0000000180025095e-35 1.0000000180025095e-35 41.040000000000006 2020.5000000000002 17.597779725211449 -1.0000000180025095e-35 -1.6259497669352851 1.5000000000000002 -6.2810889132455339 360.50000000000006 -1.0000000180025095e-35 1.0000000180025095e-35 2014.5000000000002 0.98141856890010082 9.1547619047619069 1.1634144591899857e-15 2020.5000000000002 0.6830127018922193 -0.93301270189221908 2018.5000000000002 1.0000000180025095e-35 -2.2962127484012868e-15 2020.5000000000002 6.416666666666667 -7.0194893009934631 -0.6830127018922193 0.93301270189221952 -0.6830127018922193 -10.44615242270663 -10.933004185633878 -1.0000000180025095e-35 2013.5000000000002 20.392304845413264 -6.7141016151377562 4.6683333333333339
decision_type=2 2 2 2 2 2 2 2 2 2 2 2 2 2 2 2 2 2 2 2 2 2 2 2 2 2 2 2 2 2 2 2 2 2 2 2 2 2 2 2 2 2 2 2 2 2 2 2 2 2 2 2 2 2 2 2 2 2 2 2 2 2
left_child=1 4 46 12 -1 7 25 22 19 10 39 20 -3 35 28 43 17 52 21 -9 -7 -19 24 -18 -6 34 -22 33 40 38 45 32 57 -14 47 60 37 -16 -12 -4 -15 -27 -33 44 -13 -30 -2 -5 49 -42 58 -47 -17 54 55 -54 -50 -32 -49 -60 61 -8
right_child=2 3 9 6 5 11 13 8 -10 -11 29 15 27 14 36 16 23 18 -20 -21 26 -23 -24 -25 -26 41 -28 -29 30 -31 31 42 -34 -35 -36 -37 -38 -39 -40 -41 48 -43 -44 -45 -46 51 -48 50 56 -51 -52 -53 53 -55 -56 -57 -58 -59 59 -61 -62 -63
leaf_value=-0.080268638633345518 -0.077530163211432745 -0.073886156426207009 -0.066164008940475097 0.031485556860913429 0.012300815834382112 -0.063412835898258649 0.069791065130823185 -0.0041680902146243688 -0.053110865893205954 0.095809452373959311 0.049409976926975657 -0.068646985569256219 0.011055407481120209 0.01416994672777247 -0.047709191924470505 -0.020086932166103983 -0.017735259364406005 0.033730033102272475 0.061919837769438713 0.084809361627706081 -0.039252005249723401 -0.050994216023702667 -0.056348393908039335 -0.076909914972108528 -0.073606072583170964 -0.045463073359207413 0.072623128249401245 -0.060980208947520202 0.10446306886972051 0.081005058163203247 -0.086606135055793648 0.05400178487639478 0.079676640364827064 -0.044083864300614131 0.086811542507706424 -0.031198110616514497 -0.029178940474491627 0.080899017785800692 0.088015867753409208 0.020946805738789726 -0.065389880506420653 0.035837616971615124 -0.017359159812744811 -0.079214811632383378 0.03412080900982957 0.010903271548732586 0.022769460879180192 -0.034049470283718269 -0.00075740484133943816 0.099775922713669529 0.072943441087719704 -0.048039997975555228 0.13000296589289614 0.06144620772172435 -0.070057284421745553 -0.039113126160589241 -0.038390003727467432 0.021357904318872845 0.068599965601355894 -0.015640016661716927 0.09378445286195787 -0.013658404337571626
leaf_weight=36.104163117051939 0.59406477211632491 1.0740009374530917 0.084763069546168857 0.92651690708407819 0.32943901286307664 0.12673183144943323 0.037332214831621968 0.14978030826023303 0.32318832458986435 7.1246607036100613 0.9164860302644231 0.55514295730972385 0.41888221916269686 0.2537098582761248 0.020366074606499751 0.10133989382121189 0.17378168199502386 0.15311756524170039 0.24140395550057292 0.39316709681588691 0.05096065187354426 0.4016973257457721 1.4205414325806485 4.3387271421652258 0.10089857998537199 0.10657177796019812 0.12663085509848315 0.1728644357608573 0.015976694779965328 2.091715908039987 0.025865513058306533 0.06874610437444062 0.23215798222190676 0.14675261734009826 0.16701891224147392 1.4603428014488595 0.034084625654941192 0.25101987161542627 0.25884110147308093 0.068178047191395308 0.014369154985615751 0.070578517332251067 0.2348170075838425 9.8497608978286735 0.063734657311215415 0.10785732913063839 0.024667180628966889 0.038604610321272048 0.1961539869189437 0.029786680746838101 0.34224423751038557 0.14806374181534909 0.011365622980520129 0.0191973409091587 2.0091389766948708 0.050055284449634807 0.55296263317904959 0.054870293581188556 0.1135980094459228 0.039075070581020555 0.021739079424151098 0.3223999964138784
leaf_count=24306 5104 7412 986 19192 6033 53 163 47 200 54789 20721 2155 1856 1771 84 85 3004 2739 79 156 285 1222 3496 2310 525 542 70 369 82 70751 20 393 1266 449 3891 6503 145 1198 5839 1242 49 1636 1254 1733 1283 1005 335 536 1136 144 10427 976 9 29 5165 358 1701 366 1942 153 70 1804
internal_value=0 -0.0665444 0.0779727 -0.00642608 -0.0746516 -0.0649898 0.00717825 -0.0249776 0.0179592 0.0868626 0.068224 -0.0709392 -0.0506116 -0.00733105 0.00686773 -0.0720939 -0.0638996 -0.0476893 -0.000467065 0.0602636 -0.00276155 -0.0276121 -0.0450703 -0.074631 -0.00784124 0.0400104 0.0405201 -0.0167635 -0.00152522 0.0726973 0.0144059 0.0276833 0.0557038 -0.00325035 0.0457899 -0.0246057 0.060042 0.0712477 0.0579121 -0.0273318 -0.0150426 -0.013072 -0.00119848 -0.0779644 -0.0580635 -0.0156971 -0.0735315 0.0410973 -0.0243856 0.0460278 0.057789 -0.0231985 -0.0648493 -0.06702 -0.0682111 -0.00781906 -0.028536 -0.0132308 0.0306738 0.0470396 0.00063117 -0.0049982
internal_weight=0 64.7933 11.1634 7.69933 57.094 20.9898 5.88683 2.71701 0.866136 10.5446 3.41998 18.2728 1.8125 4.08262 2.24081 17.9685 7.49982 2.98732 0.796219 0.542947 0.304323 0.554815 1.85088 4.51251 0.430338 1.80421 0.177592 0.738499 1.93534 3.26704 0.888355 0.616457 0.312894 0.565635 1.62706 1.84181 0.305471 0.271386 1.17533 0.152941 1.04698 0.17715 0.303563 10.4686 0.618878 0.271898 0.618732 1.46004 0.793272 0.0441558 0.533522 0.255921 2.1911 2.08976 2.07056 0.0614209 0.749117 0.0807358 0.191278 0.152673 0.381471 0.359732
internal_count=283644 123877 159767 68535 55342 31036 58449 10457 403 154328 99539 20579 10086 20130 11590 20171 15000 9686 4040 203 408 3961 10054 5314 6558 38319 355 2674 10163 97311 5362 3299 1652 2305 36141 8540 1427 1282 26560 2228 4801 2178 1647 5171 3438 2063 5439 32250 3030 193 13058 1981 5646 5561 5532 367 2837 386 2631 2095 2037 1967
is_linear=0
shrinkage=0.05


Tree=4
num_leaves=63
num_cat=0
split_feature=68 68 63 54 67 59 68 63 8 56 58 68 87 71 20 66 55 63 56 55 8 10 53 48 1 36 58 55 51 70 8 91 20 56 70 63 63 51 56 63 8 9 8 16 8 66 66 8 76 63 58 58 59 70 70 58 54 24 66 24 55 8
split_gain=72.8868 11.7303 5.51929 1.71308 1.27373 1.78574 0.693332 0.774734 0.606012 0.463802 0.7967 0.530972 0.489047 0.434157 0.378681 0.42561 0.356093 0.308301 0.250221 0.223052 0.218486 0.306328 0.276858 0.204288 0.204121 0.203605 0.191236 0.354354 0.166035 0.149519 0.145591 0.130981 0.126728 0.125035 0.124941 0.134135 0.122256 0.120344 0.116925 0.115518 0.11141 0.107898 0.108378 0.102121 0.0999502 0.0968789 0.0974957 0.111044 0.12499 0.117757 0.0943294 0.0942457 0.092111 0.0920098 0.0894548 0.146219 0.0865192 0.0802599 0.0772366 0.0986892 0.121974 0.0836969
threshold=0.83333333333333337 0.58333333333333337 1.0000000180025095e-35 0.45787514843552302 0.95000000000000007 -0.17079352850539162 0.41666666666666669 53.441558441558449 1.5000000000000002 3.0552219443419939 20.266190718497242 0.41666666666666669 1.0000000180025095e-35 0.50770325531438387 -1.0000000180025095e-35 4.078333333333334 -0.3426219430641026 1.0000000180025095e-35 0.72442891821284328 3.3191972174903692 1.5000000000000002 2.7990381056766584 -21.136538966242153 -7.0073056842662664 4.5000000000000009 -1.25 28.734237405580085 -1.6789690279232607 -24.237089925709054 1.0632952464988195 2.5000000000000004 1.0000000180025095e-35 0.93301270189221952 113.21294655569078 0.60101404776006295 3.0416666666666674 21.169166666666673 0.3280089594933529 9.9625282184178356 1.0000000180025095e-35 2.5000000000000004 1.1634144591899857e-15 3.5000000000000004 0.25000000000000022 11.500000000000002 44.050000000000004 12.350000000000003 1.5000000000000002 1.5000000000000002 3.0416666666666674 469.39091114059073 11.98101844982923 1.9169357568820111 3.0000872676498824 0.91461673028528789 7.1376739032941554 0.49487699643187538 0.25000000000000022 1.3466666666666669 0.6830127018922193 -4.595746711043736 2.5000000000000004
decision_type=2 2 2 2 2 2 2 2 2 2 2 2 2 2 2 2 2 2 2 2 2 2 2 2 2 2 2 2 2 2 2 2 2 2 2 2 2 2 2 2 2 2 2 2 2 2 2 2 2 2 2 2 2 2 2 2 2 2 2 2 2 2
left_child=1 4 -2 17 -1 6 40 16 14 25 11 28 -13 20 15 -7 23 44 37 43 22 26 -5 -8 -18 -10 27 41 -11 57 -12 33 45 53 -23 -36 51 -4 54 -30 -6 -22 -43 -15 -3 46 47 -19 49 -49 -33 -29 -27 -31 55 -24 -42 -21 -37 60 61 -60
right_child=2 3 18 13 5 8 7 -9 9 10 30 12 -14 19 -16 -17 24 32 -20 29 21 34 38 -25 -26 52 -28 36 39 31 -32 50 -34 -35 35 58 -38 -39 -40 -41 56 42 -44 -45 -46 -47 -48 48 -50 -51 -52 -53 -54 -55 -56 -57 -58 -59 59 -61 -62 -63
leaf_value=-0.077883305397055999 -0.071295048688503629 -0.070261694670498059 0.059072470666895222 0.050421398405444101 -0.054019582334407713 0.018287785709877834 0.018182509391645753 -0.059314027662163864 0.090207865430304984 -0.068011496923418749 -0.06693142936530018 0.08835428597789724 -0.047500513712593471 0.052172756930994005 -0.076324478391859324 -0.073313135680529676 0.035073338660253285 -0.059692812100726959 0.083794795035613545 0.01973502781704544 0.028680439108911649 0.013753013394682082 -0.056835098132714368 0.087377205854578199 -0.054617963350913096 -0.073476867301518187 -0.0074190936853905948 -0.030800857057751596 0.11813300997777071 0.014594358987251614 -0.034226971193389133 -0.046429786858365255 0.083686423698918974 -0.025677292730969522 0.10015776008204472 0.099021452962622034 0.030785424622399978 -0.042505063166812802 0.008763655840557525 -0.017882199815149071 -0.069173982665904035 0.093840185961540978 0.037524046740934403 0.0025540945829678127 0.11152505050615016 0.025619163924721446 -0.061901533195608441 0.097793379505625833 -0.080893291250074273 -0.0060192979619593662 0.079831313444010177 0.058111392157749492 -0.027994754855873463 0.082830775814772828 -0.064454333966007679 0.076758333422466088 -0.021929197816266552 0.063316707285451343 0.055993329727802979 -0.045958601304722971 -0.031363699729613913 -0.0060170121884609417
leaf_weight=35.32718064157234 0.61348600311248347 0.9441142662653863 0.0606085532126589 0.091098722525202902 1.0972751835688566 0.22906822861477749 0.16781316668493673 0.3042937829013681 0.019664056184410916 0.19699632547781221 1.463724400346109 0.22799011401366442 0.093372736300807446 0.69883583070804922 11.471047239067049 0.28406494692899287 0.12200027251674328 0.14594101017792127 10.423793749121613 0.59904513338005905 0.24618300488691514 0.29746332500326378 0.056773581449306554 0.29275491742009763 0.13214405594044365 2.3492510210544419 0.55878133358055482 0.28414503380918288 0.016189786372706627 0.2105477296954632 0.44337891899522208 0.201998142474622 0.025037389128556242 0.153877708780783 0.021827961802045937 0.012418646218065876 0.17284397562434606 0.056193376856754185 0.089197976401919732 0.43617086300400842 0.1141558149647609 0.21713766527864209 0.14084574510343373 0.1217654261890857 0.0076223973574087714 0.07008857208165864 0.24182348037174961 0.03045292120805243 0.04987882819477818 0.26523925577384944 0.015961621569658746 0.033296793955742032 0.11685651431071153 0.06454651662534161 0.37437402954856225 0.032041689764810144 0.64124908811936621 0.12825872549183259 0.075671057797080388 0.40762326348522038 0.43754585725037043 0.19371987001068192
leaf_count=24368 5467 6417 540 589 2101 72 51 164 28 488 1873 49 149 8887 1277 86 63 120 153422 9084 2978 4786 66 102 44 6901 7157 1327 17 1999 5380 646 48 1452 80 34 3364 495 464 3781 525 826 2803 1254 160 600 895 67 61 1672 110 157 401 372 230 89 7398 2328 360 1808 2583 2583
internal_value=0 -0.0641298 0.0744941 -0.00637089 -0.0721552 -0.0621471 -0.0256257 0.00750143 -0.0681928 -0.0542238 -0.0405588 -0.00368439 0.0488814 0.00652724 -0.0744447 -0.0324215 0.0359486 -0.0493924 0.0829793 0.0241831 -0.00382589 0.00167833 -0.0303383 0.0621653 -0.0115623 -0.0700439 0.0163803 0.0285312 -0.0296989 0.011866 -0.059328 -0.00562101 -0.0270903 0.0104158 -0.0151275 -0.0226056 -0.0030511 0.0102035 -0.043657 -0.0130143 -0.0438462 0.0541605 0.071683 0.0448101 -0.0688058 -0.0305425 -0.0359102 -0.0231224 -0.00767808 0.00467222 -0.0371834 -0.0214748 -0.0713217 0.030605 -0.0537519 -0.00863889 -0.0290688 0.0274206 -0.0249833 -0.026365 -0.0150673 0.0114015
internal_weight=0 63.2647 11.1541 7.71802 55.5466 20.2195 2.87169 1.01901 17.3478 5.36359 2.87782 0.97072 0.321363 5.93783 11.9842 0.513133 0.714712 1.7802 10.5406 2.19484 3.74299 3.0995 0.643486 0.460568 0.254144 2.48577 1.65323 1.09445 0.649357 1.37424 1.9071 0.646932 0.828461 0.428972 1.44627 1.14881 0.490286 0.116802 0.552387 0.452361 1.85268 0.604166 0.357983 0.820601 0.951737 0.803424 0.733335 0.491512 0.345571 0.295692 0.21796 0.317442 2.46611 0.275094 0.463189 0.0888153 0.755405 0.727304 1.12698 1.11456 0.706937 0.269391
internal_count=283698 123774 159924 68456 55318 30950 10448 424 20502 19067 11737 4484 198 58416 1435 158 260 10040 154457 26132 32284 30846 1438 153 107 7330 18612 11455 4286 15991 7253 4579 3463 3823 12234 7448 4848 1035 849 3798 10024 6607 3629 10141 6577 3415 2815 1920 1800 1739 756 1484 7302 2371 385 155 7923 11412 7368 7334 5526 2943
is_linear=0
shrinkage=0.05


Tree=5
num_leaves=63
num_cat=0
split_feature=68 68 63 63 67 59 3 57 3 8 3 56 68 57 56 68 90 3 70 3 56 70 3 8 60 59 60 10 19 23 19 25 9 3 63 64 67 59 16 81 51 70 53 81 66 56 3 64 4 58 18 8 3 39 19 58 24 53 3 8 23 57
split_gain=67.4466 10.6182 4.97867 1.59807 1.19131 1.57401 0.757226 0.696427 0.659248 0.6242 0.549799 0.860595 0.485511 0.721922 0.452617 0.392398 0.624759 0.36661 0.362565 0.360875 0.352815 0.338026 0.28859 0.222851 0.31012 0.218747 0.214147 0.206869 0.201994 0.183766 0.178523 0.495766 0.257946 0.176203 0.190687 0.165199 0.160566 0.155374 0.152347 0.146466 0.143581 0.14258 0.14991 0.147259 0.13094 0.113009 0.123318 0.102483 0.093945 0.0939284 0.137771 0.132455 0.123222 0.126728 0.104988 0.0936593 0.0931871 0.0899412 0.0886077 0.0851745 0.0835937 0.0804765
threshold=0.58333333333333337 0.83333333333333337 1.0000000180025095e-35 1.0000000180025095e-35 0.95000000000000007 -0.17079352850539162 2019.5000000000002 -1.1840978532714239 2019.5000000000002 1.5000000000000002 2021.5000000000002 2.3188316491415804 0.41666666666666669 1.0965397209913295 1.262704877238731 0.41666666666666669 1.0000000180025095e-35 2019.5000000000002 6.7115178558866635 2019.5000000000002 4.624043890611949 8.7852924509883312 2019.5000000000002 1.5000000000000002 -23.806948911401864 -0.55814813653850937 6.7293628774088399 4.1650635094610973 0.93301270189221952 0.93301270189221952 -1.0000000180025095e-35 -1.0000000180025095e-35 -7.0000000000000027 2020.5000000000002 9.6125000000000025 5.0750000000000011 279.02500000000003 -0.13483095155106192 -0.5 1.5000000000000002 -1.9886525367070556 1.3859437183848671 1.4731130199418307 1.0000000180025095e-35 10.363333333333335 0.72442891821284328 2018.5000000000002 9.0900000000000016 0.93301270189221952 11.98101844982923 -1.0000000180025095e-35 1.5000000000000002 2020.5000000000002 -1.0000000180025095e-35 1.866025403784439 10.118526506728363 -1.0000000180025095e-35 4.0401176623261996 2018.5000000000002 4.5000000000000009 -0.93301270189221919 -2.0780674739738982
decision_type=2 2 2 2 2 2 2 2 2 2 2 2 2 2 2 2 2 2 2 2 2 2 2 2 2 2 2 2 2 2 2 2 2 2 2 2 2 2 2 2 2 2 2 2 2 2 2 2 2 2 2 2 2 2 2 2 2 2 2 2 2 2
left_child=4 3 58 17 -1 12 21 18 14 30 11 -11 22 20 -4 19 -17 -2 26 -13 -14 39 25 -22 -25 -6 27 33 -12 -30 31 -7 -33 -8 38 -16 -20 -21 -35 45 -31 43 48 49 55 46 -5 -23 -43 50 -9 -51 53 -53 -52 -37 -47 -29 -3 -28 -44 -58
right_child=1 2 8 6 5 9 7 41 -10 10 28 15 13 -15 35 16 -18 -19 36 37 23 47 -24 24 -26 -27 59 57 29 40 -32 32 -34 34 -36 44 -38 -39 -40 -41 -42 42 60 -45 -46 56 -48 -49 -50 51 54 52 -54 -55 -56 -57 61 -59 -60 -61 -62 -63
leaf_value=-0.075718367229963501 -0.071611950425414947 -0.073034802185827793 -0.051833011406886655 -0.053580766436498228 0.014535451002228517 -0.072669705093647494 -0.037980817291633953 0.099388519111915319 0.088287961786113145 -0.067576328762048582 -0.07024296541169267 0.013171449740384221 0.087769062957730737 -0.060864603091415254 -0.0028314252052146945 0.080932129295410146 -0.061316256379139816 0.088858956232356984 0.078428278610366595 0.087990847117314253 -0.036082214446864908 -0.071710414915880275 -0.052460806249361273 -0.038440035009608332 0.065948391219413621 -0.069139153792776742 0.049405704517579335 -0.033730123204435074 -0.075787317602745055 0.075794436562027001 -0.074433484647884116 -0.039405046203318514 0.061002194331908836 -0.029434364877687736 0.002860194701447345 0.065137421630507661 -0.014009187997576545 -0.053464714313108321 0.081654538699892698 0.077248381363837146 -0.042657396633038337 -0.054096892995981652 0.094240757260760352 -0.031950317068591083 0.070624982968527386 0.05980151531071598 0.093111028443864916 0.043749064845818614 0.020841276435192312 0.080890737554937961 -0.038666830132360996 -0.046640865283237597 -0.023771144477723508 0.055098516532994093 0.095034957712350751 0.022378043793670498 0.043238126685889375 0.057159232401466781 0.022706689349593925 0.0025287054802760724 -0.017589014944979654 0.018245555018619176
leaf_weight=34.806057783216602 0.92684593100966672 0.5715452692875268 0.08594544902007184 0.072933685274620408 0.32582020818335866 0.77074288430594606 0.14496676002818298 0.021974316754494794 7.0010954951194435 1.0795913061701861 2.6507170905242678 0.39249717100210524 0.19196188884961884 0.31750483230280224 0.088948069602338697 0.24950230302056298 0.11176732218882535 0.037013287565059727 0.26853216821291415 0.020094708426768193 0.18224995126365684 0.10342979810593522 1.3885115641132868 0.10417309240438044 0.22442958378815092 0.1027362889235548 0.30614317551589909 0.51723092607971921 0.074158470491965889 0.061994945892365649 10.723026428468076 0.13684381006896729 0.12010471290159219 0.03756974980024097 0.39357627796925954 0.24817877784153131 0.056939546126159257 0.57163457539172668 0.17287503203442611 0.17735348729729583 0.043557711003813893 0.76652925211601519 0.017462871332099894 0.61795648248153157 2.7112092568186199 0.26347463605270638 0.017829355998401297 0.023605276823218446 0.044235777557332767 0.066253356293600518 0.25139219559423531 0.038838660910187173 0.19211497354626772 0.14443409828345466 0.015593447489663959 0.26460470204619924 0.50727993638247393 0.028730995258229086 0.025233267509975121 0.14177703124551044 0.38805238243367057 0.88233748834682013
leaf_count=24382 6465 5101 1013 672 5977 73 879 186 54835 6137 2093 7315 81 148 802 137 163 246 1111 45 28 350 3508 53 111 534 1106 2076 30 127 1236 93 44 137 2409 3517 182 3047 706 3981 26 1526 91 2565 88669 6795 67 445 144 235 1146 189 1252 1611 7 5721 11449 201 338 2249 1717 16313
internal_value=0 0.0399937 0.0714576 -0.00526323 -0.0701443 -0.0603673 0.00341925 -0.00777254 0.0795167 -0.0661193 -0.0517957 -0.0343244 -0.025892 0.00170915 0.0614494 -0.00764385 0.0369242 -0.0654497 0.0138142 -0.024003 0.0299776 0.0287354 -0.0413906 0.00826143 0.0328553 -0.00552356 0.0047678 -0.00554005 -0.0667651 -0.0154663 -0.0725256 -0.0526183 0.00752802 0.0115221 0.023403 0.0643882 0.0622568 -0.048661 0.0618223 0.0339585 0.0269137 -0.0251806 -0.0375939 -0.0139849 0.0662428 0.0295558 -0.0247648 -0.0502561 -0.0500082 0.00121065 -0.0209532 0.0157121 0.00420856 0.0335382 -0.0308579 0.0430729 0.0325383 -0.0289471 -0.0689866 0.0345681 -0.0127732 0.0273691
internal_weight=0 18.642 10.9968 7.64528 54.6497 19.8436 6.68142 4.63318 10.4 17.0062 5.25552 2.42509 2.83739 1.02032 3.39889 1.3455 0.36127 0.963859 2.06834 0.984226 0.702815 2.04824 1.81707 0.510853 0.328603 0.428556 1.74287 1.29495 2.83043 0.179711 11.7507 1.02769 0.256949 0.748988 0.604021 3.31294 0.325472 0.591729 0.210445 1.92121 0.105553 2.56484 1.21628 1.34856 3.22399 1.74386 0.090763 0.127035 0.810765 0.730601 0.28896 0.441641 0.375388 0.183273 0.266986 0.512783 1.65309 0.545962 0.596779 0.44792 0.405515 1.38962
internal_count=283892 228504 159996 68508 55388 31006 61797 21725 154557 20566 19120 16844 10440 421 99722 10707 300 6711 11056 10407 273 40072 10019 192 164 6511 9763 6408 2276 183 1446 210 137 4131 3252 98709 1293 3092 843 39277 153 10669 3478 7191 97907 35296 739 795 1670 4626 1339 3287 3052 1800 1153 9238 34557 2277 5439 3355 1808 27762
is_linear=0
shrinkage=0.05


Tree=6
num_leaves=63
num_cat=0
split_feature=68 68 63 63 67 59 3 57 3 8 54 3 56 68 63 54 68 90 67 3 3 70 3 59 51 19 48 1 60 35 67 19 67 70 58 16 19 80 59 54 8 46 57 76 3 67 8 67 67 46 9 58 89 8 70 32 8 24 43 33 3 3
split_gain=62.1745 9.55297 4.56326 1.49286 1.10654 1.55005 0.692607 0.623649 0.623092 0.603933 0.497742 0.494532 0.779641 0.463138 0.680231 0.421929 0.372795 0.500386 0.340807 0.328666 0.322383 0.307889 0.271745 0.198796 0.175632 0.168562 0.360978 0.27169 0.142953 0.139866 0.135593 0.125683 0.122816 0.121993 0.119596 0.119066 0.118428 0.111583 0.11051 0.11043 0.140316 0.202562 0.216544 0.145003 0.167851 0.140523 0.133793 0.113961 0.112588 0.109584 0.107264 0.108288 0.104074 0.10143 0.0973582 0.101138 0.0964962 0.0943398 0.0933041 0.104204 0.0896074 0.0889375
threshold=0.58333333333333337 0.83333333333333337 1.0000000180025095e-35 1.0000000180025095e-35 0.95000000000000007 -0.17079352850539162 2019.5000000000002 -2.7210168843115148 2019.5000000000002 1.5000000000000002 0.70744246079321549 2021.5000000000002 2.6936604172453276 0.41666666666666669 37.019583333333337 0.45787514843552302 0.41666666666666669 1.0000000180025095e-35 9.3300000000000018 2019.5000000000002 2019.5000000000002 4.0000471153619648 2019.5000000000002 -0.55814813653850937 15.303787272223921 -1.0000000180025095e-35 -18.673831813179628 11.500000000000002 -11.578459229739234 3.0616169978683831e-16 360.50000000000006 0.93301270189221952 150.34000000000003 3.627511743227358 11.98101844982923 1.0000000180025095e-35 1.866025403784439 1.0000000180025095e-35 -0.13483095155106192 24.93705482411962 1.5000000000000002 0.25000000000000017 2.6929755762351957 1.5000000000000002 2021.5000000000002 19.965000000000003 1.5000000000000002 14.900000000000002 52.055000000000007 0.93301270189221952 1.5308084989341915e-15 6.095398777938839 1.0000000180025095e-35 2.5000000000000004 5.9858466090067042 1.0000000180025095e-35 3.5000000000000004 -1.0000000180025095e-35 0.68301270189221941 0.25000000000000022 2021.5000000000002 2014.5000000000002
decision_type=2 2 2 2 2 2 2 2 2 2 2 2 2 2 2 2 2 2 2 2 2 2 2 2 2 2 2 2 2 2 2 2 2 2 2 2 2 2 2 2 2 2 2 2 2 2 2 2 2 2 2 2 2 2 2 2 2 2 2 2 2 2
left_child=4 3 -3 19 -1 13 15 21 10 25 61 12 -11 22 18 49 20 -18 -15 -2 -14 28 23 -6 -23 26 -7 -28 -8 36 34 -13 54 57 60 -33 39 50 -22 40 -9 42 43 44 -42 -46 -41 -43 -47 -5 51 -30 -35 -52 55 -12 -39 -17 59 -57 -31 -4
right_child=1 2 8 6 5 9 7 29 -10 11 32 31 16 14 -16 33 17 -19 -20 -21 38 24 -24 -25 -26 -27 27 -29 37 30 -32 35 -34 52 -36 -37 -38 56 -40 46 41 47 -44 -45 45 48 -48 -49 -50 -51 53 -53 -54 -55 -56 58 -58 -59 -60 -61 -62 -63
leaf_value=-0.073781761515204422 -0.069472199110646463 -0.066837605473081027 -0.063104061606444856 -0.042552367767891314 0.014000402291969999 -0.072847250113587669 -0.019765374685860284 -0.054665090404195343 0.085057963685040761 -0.064352322370128306 0.062571481615541477 -0.067273733768095978 0.012321501033199104 0.0018828449140982984 -0.051415311647268307 0.068159204982624857 0.077773085950253493 -0.057102230389081216 0.075218350625996092 0.085201461093019876 0.081758339505677999 0.060493967196425392 -0.050545613996805475 -0.067096587833209695 -0.017118196581013725 -0.072491788495670451 0.045367877321467451 -0.047209840535513817 -0.056845800412351447 -0.029334002264972903 -0.055601496585811094 0.016404870539795616 0.076120288692869131 -0.020791797839368076 0.075107635069720097 -0.06961896324936688 0.087535246190731289 0.062216498967936018 -0.051034893760140698 0.037093548973877823 -0.0045253339498340893 0.0051560635308581194 -0.034697085666392062 -0.057024886233625109 0.086379865237641296 -0.04732228533860898 -0.019226749414359062 -0.069794501967360797 0.083359153754698878 0.078249370713955602 0.079289873965316948 0.015093437695376598 0.10185143937748682 -0.0012142298978918044 -0.013469508262466085 0.051049813942591109 0.0044801533942709117 0.035421197457371066 -0.05731889127194173 -0.034730257160659653 0.06950040849967927 0.013600530614655918
leaf_weight=33.016458524461996 0.90136878519479147 0.58776455210681966 0.085564346518366086 0.22985649317706736 0.32638508404852462 0.6183823134197155 0.43805517243345082 0.46383739024895643 6.8720435282448307 1.0984729614665405 1.6669834778513188 2.5957041675937949 0.38373193515326398 0.36745911759498995 0.37147065615863539 0.26226753168339234 0.23646525370713789 0.096965780583559535 0.27848983983858489 0.035705327276446042 0.016132930475578178 0.46190908822063637 1.371612976216056 0.09833586664535976 0.086551120761214406 10.896383983641501 0.13827582783051084 0.18565576013133978 0.11771887818213134 0.081477958963659947 0.054807397611511988 0.090140804331895086 1.1480104679176291 0.13773549658981199 0.092441850671093562 0.072638341520359972 0.023561267375043715 0.18358213875762885 0.54257374350163445 0.13870747533655947 0.36132650175386494 0.061287672284379258 0.6388971075630252 0.078512531050364487 0.12032839560379216 0.047233424480509711 0.43979073288755899 0.29402289464269415 0.025315366019640351 0.020442904873561929 0.062197194885811768 0.094145517497963738 0.019782443378062453 0.10548311974162061 0.049613139392022165 0.28541500961182453 0.11946075417654356 1.3671940769290807 0.026402105255328934 0.040417498030365095 0.031916905760226655 0.067683709361517685
leaf_count=24244 6444 5473 1020 1903 5980 95 2868 272 54852 6307 50334 2109 7180 92 215 7264 136 149 113 242 42 2175 3475 536 222 1262 60 62 240 324 192 141 36106 1846 728 41 27 628 2940 441 1924 251 3739 100 372 121 2672 579 49 62 118 817 255 1187 759 8964 1585 28844 320 824 93 1222
internal_value=0 0.0384943 0.0686466 -0.00448975 -0.0681786 -0.0588283 0.00382436 -0.00688011 0.0764216 -0.0645267 0.0588111 -0.0502023 -0.033474 -0.0244575 0.00249664 0.0281127 -0.00688892 0.0385497 0.0335002 -0.0635787 -0.0229649 0.0175499 -0.039724 -0.00477603 0.0482462 -0.0707373 -0.0504492 -0.00769143 0.00252658 -0.0206863 0.0142872 -0.0646011 0.0630051 0.0366287 0.0328962 -0.0219823 -0.0240715 0.0168326 -0.0472004 -0.0250566 -0.0304062 -0.0234899 -0.014164 0.00656966 0.0155789 0.0532413 -0.00572274 -0.0568662 -0.00172196 -0.032686 -0.00123126 -0.0248784 -0.00538922 0.0286469 0.0557275 0.0574277 0.0394566 0.0406905 0.033084 0.0404093 -0.00151538 -0.0292266
internal_weight=0 18.4268 10.8299 7.59692 52.8017 19.7853 6.65985 4.62257 10.2421 16.9715 3.37009 5.13283 2.37434 2.81375 1.01742 2.03728 1.27587 0.333431 0.645949 0.937074 0.942439 1.6691 1.79633 0.424721 0.54846 11.8387 0.942314 0.323932 1.12064 2.95346 0.260644 2.75848 3.21684 1.78698 0.205837 0.162779 2.69282 0.682588 0.558707 2.66926 2.09076 1.62692 1.27161 0.632716 0.554204 0.192877 0.578498 0.355311 0.0725488 0.250299 0.379545 0.211864 0.157518 0.16768 2.06883 2.01922 0.303043 1.62946 0.352235 0.325833 0.113395 0.153248
internal_count=283637 228458 159874 68584 55179 30935 61898 21724 154401 20524 99549 19045 16754 10411 420 40174 10447 285 205 6686 10162 9840 9991 6516 2397 1479 217 122 7443 11884 1337 2291 97307 38209 1145 182 10547 4575 2982 10520 7407 7135 6305 2566 2466 542 3113 830 170 1965 2362 1057 2101 1305 61201 60442 2213 36108 10108 9788 417 2242
is_linear=0
shrinkage=0.05


Tree=7
num_leaves=63
num_cat=0
split_feature=68 68 64 64 66 59 3 3 68 55 8 3 56 56 51 3 68 64 3 58 48 8 3 56 20 50 1 59 78 40 71 65 81 8 58 56 10 3 58 8 45 66 58 81 10 3 51 64 59 66 38 58 8 34 80 3 10 3 60 3 1 23
split_gain=56.2595 8.8473 4.1663 1.35313 1.2541 1.33079 0.618621 0.605508 0.586355 0.577082 0.433649 0.440549 0.679127 0.397251 0.326327 0.310935 0.296898 0.454809 0.312377 0.256015 0.250181 0.237926 0.231666 0.22692 0.208419 0.339517 0.206531 0.199093 0.155996 0.171466 0.18933 0.14059 0.138772 0.138096 0.261904 0.167311 0.138967 0.227738 0.386284 0.203016 0.129387 0.245152 0.127092 0.126319 0.139282 0.125033 0.120994 0.116975 0.109534 0.098258 0.0957392 0.0949429 0.130365 0.0890636 0.10837 0.0874136 0.0865349 0.0860618 0.084915 0.0832057 0.385892 0.129417
threshold=0.58333333333333337 0.83333333333333337 1.0000000180025095e-35 1.0000000180025095e-35 1.0000000180025095e-35 -0.17079352850539162 2019.5000000000002 2019.5000000000002 0.41666666666666669 -0.3426219430641026 1.5000000000000002 2021.5000000000002 2.3188316491415804 1.6104635017620716 -3.9192113593150633 2019.5000000000002 0.41666666666666669 25.532500000000002 2019.5000000000002 41.449745754547202 -7.0073056842662664 1.5000000000000002 2019.5000000000002 0.72442891821284328 -1.0000000180025095e-35 -18.450215108562933 4.5000000000000009 -0.55814813653850937 1.0000000180025095e-35 0.25000000000000022 -0.82281078156078147 41.040000000000006 1.5000000000000002 1.5000000000000002 38.442128440792139 0.47919519145468503 2.7990381056766584 2020.5000000000002 27.267583015542879 3.5000000000000004 0.93301270189221952 35.122500000000009 6.9378490071846022 1.0000000180025095e-35 -5.7500000000000009 2018.5000000000002 -41.541587685742805 1.6650000000000003 -5.8180879429126282 1.0216666666666667 0.93301270189221952 3.6812928739884447 3.5000000000000004 -0.93301270189221908 1.5000000000000002 2018.5000000000002 1.4389599889981402e-15 2014.5000000000002 -19.517241108934659 2020.5000000000002 10.500000000000002 -0.6830127018922193
decision_type=2 2 2 2 2 2 2 2 2 2 2 2 2 2 2 2 2 2 2 2 2 2 2 2 2 2 2 2 2 2 2 2 2 2 2 2 2 2 2 2 2 2 2 2 2 2 2 2 2 2 2 2 2 2 2 2 2 2 2 2 2 2
left_child=4 3 55 15 -1 8 23 13 22 20 24 12 -12 -4 19 -2 18 -18 -14 28 -10 -21 27 45 25 -7 48 -6 51 30 -30 57 42 34 -16 -35 37 43 39 -39 50 -42 53 44 -37 -5 -23 -20 -11 -38 -13 -8 -53 -25 -55 -3 -40 -15 -32 60 -51 -61
right_child=1 2 7 6 5 10 14 -9 9 26 11 40 16 31 33 -17 17 -19 47 21 -22 46 -24 32 -26 -27 -28 -29 29 -31 58 -33 -34 35 -36 36 49 38 56 -41 41 -43 -44 -45 -46 -47 -48 -49 -50 59 -52 52 -54 54 -56 -57 -58 -59 -60 61 -62 -63
leaf_value=-0.072099474910548647 -0.067540087676453961 -0.069073210768702889 -0.043565123410845404 -0.055073931327201155 0.012077893935501495 -0.068613381423830208 -0.030309874892962826 0.082191224464567961 0.0062967659702621442 -0.033254744255349321 -0.063416649683144088 -0.067134577426690878 0.010531237659398677 0.018281562081780899 -0.05781366021884865 0.083419037206342708 0.074199802540616797 -0.053296522428525596 0.054143143947408046 0.046194087322439341 0.079662751662580633 -0.0068860800378483106 -0.049102167533716351 -0.074467131731092817 -0.06959336681487488 0.010182695707715335 -0.068705239681134692 -0.066309811692185555 -0.0068340981762571897 -0.042769196225851625 0.012487770764770813 0.067116129434852553 0.072944416431614298 0.08509683841587469 0.02281849314775861 0.049035747330450283 0.10176865927962807 0.080182485285394706 -0.041188747623793681 0.0051259555563451884 0.088278198347892647 -0.066638865580937956 0.033116182173365059 -0.064266696271449555 -0.038349417808390872 0.091775037340589061 -0.047722051316234332 -0.051588118434993661 0.046172026033987588 0.087091969968489724 -0.016945235371840832 0.045452095469148003 -0.0049708821388023336 0.024084267624670631 -0.046062061342724558 0.029708878550854457 0.08476121194243133 0.052139290821461841 0.074695867642077959 0.070163095024876054 -0.053971662799479063 -0.044975026351125602
leaf_weight=31.437477837152983 0.87589519163702867 0.54949187091733698 0.096912019193040044 0.11678099977143608 0.32901716713422502 0.35943922010847018 0.14588284212186431 6.7506724813611072 0.203473051864421 0.089062475497485138 1.0633169394841382 2.5722883359194393 0.40631870127981506 0.23276755489314405 0.46299120836192775 0.035492948907631217 0.21364586471463554 0.10399621441320051 0.027454676795969135 0.14093968480301544 0.27091347018722445 0.41566530525597045 1.3559363377153202 0.036599357405066257 8.7485697441679786 0.22061490327905531 0.20425096317194402 0.10745877921908986 0.11742693727137521 0.055900208748425939 0.064955129533700529 2.0520909637107252 0.17584532545879472 0.042840163800064945 0.12870361590466928 0.073258710013760719 0.014058930149985827 0.21537790306319948 0.21889985866619099 0.15488129562254471 0.040268826478495501 0.069807696549105458 1.3846237659035976 0.17136371698143193 0.12077595883965819 0.016549316382224788 0.32183799130143598 0.55448119614266034 0.08467390079749737 0.074771825054995134 0.098662708951451239 0.21368202879239107 0.32038314628516673 0.23993742222774006 0.071458549668022897 0.023347147751337616 0.014543592360496405 0.96910307100006321 0.3528551295203215 0.025406934131751768 0.13788502905845235 0.61943024306128791
leaf_count=23698 6405 5140 1143 885 6043 73 378 54516 80 85 6275 2088 7432 7397 208 247 120 154 84 540 128 3255 3598 69 1301 91 100 668 266 141 140 71178 3977 146 318 805 50 274 1004 1777 114 49 32408 890 945 83 1013 3100 29 970 93 481 3919 2481 271 333 73 20054 1175 138 759 2080
internal_value=0 0.0367974 0.0661279 -0.00451818 -0.0661693 -0.0552821 0.00329392 0.0735666 -0.0226686 0.0114711 -0.0612395 -0.0495937 -0.0337501 0.0561914 -0.00682645 -0.0616612 -0.00959439 0.0324574 -0.0231106 0.0074259 0.0481947 -0.013331 -0.0389035 0.0262168 -0.067669 -0.0386445 -0.0346183 -0.00722087 0.0217709 0.0405568 0.0492594 0.0591624 0.0306226 -0.0192036 -0.0402748 -0.0125842 -0.0148576 -0.00182891 0.0170282 0.048786 -0.0630912 -0.00996621 0.0263273 -0.0329842 -0.00535673 -0.0368466 -0.0247064 -0.0465999 0.00545548 -0.0293446 -0.0652806 0.00543868 0.0152036 -0.000684665 0.00798722 -0.0650472 -0.033342 0.045582 0.0650246 -0.0314942 -0.00437258 -0.0404385
internal_weight=0 18.2523 10.6744 7.5779 48.5611 17.1237 6.66651 10.1015 2.64479 0.852374 14.4789 5.15024 2.36921 3.35087 4.62472 0.911388 1.3059 0.317642 0.988255 2.14953 0.474387 0.878443 1.79241 2.04179 9.32862 0.580054 0.377987 0.436476 1.27109 0.591137 0.535237 3.25396 1.90846 2.47519 0.591695 1.88349 1.84065 0.969101 0.603703 0.370259 2.78103 0.110077 1.73262 0.365398 0.194035 0.13333 0.737503 0.581936 0.173736 0.871553 2.67095 0.679948 0.534065 0.347995 0.311396 0.572839 0.233443 1.20187 0.41781 0.857494 0.212657 0.644837
internal_count=283735 228332 159761 68571 55403 31705 61919 154288 10731 422 20974 19509 17165 99772 21745 6652 10890 274 10616 11308 208 4808 10309 40174 1465 164 214 6711 6500 1722 1581 98629 39206 10437 526 9911 9765 5768 3128 2051 2344 163 35229 2640 1750 968 4268 3184 114 3997 2181 4778 4400 2821 2752 5473 1077 27451 1315 3947 1729 2218
is_linear=0
shrinkage=0.05


Tree=8
num_leaves=63
num_cat=1
split_feature=66 74 54 8 63 1 3 65 56 8 66 63 51 67 17 64 66 3 3 64 3 3 38 54 86 84 8 17 90 65 57 59 90 79 77 63 36 59 50 3 57 8 79 83 54 64 3 90 49 66 57 3 63 20 66 3 77 66 67 66 44 8
split_gain=26.7752 10.4079 6.28217 2.43766 2.90307 1.52659 1.4797 1.34502 1.43239 1.0619 0.927018 0.585356 0.64417 0.510221 0.533744 0.510029 0.500988 0.42845 0.397669 0.396587 0.356423 0.343511 0.336846 0.320138 0.31542 0.309966 0.28977 0.299262 0.289402 0.281376 0.259401 0.245202 0.237552 0.240115 0.245347 0.224109 0.213516 0.201607 0.200027 0.216786 0.197844 0.191931 0.190013 0.18477 0.174328 0.19092 0.172124 0.168999 0.168437 0.159521 0.155946 0.241014 0.153444 0.150853 0.150499 0.185733 0.161942 0.136852 0.13713 0.13331 0.133622 0.129166
threshold=1.3466666666666669 0 1.3746696897725685 1.5000000000000002 15.845238095238097 5.5000000000000009 2021.5000000000002 21.030000000000005 1.6104635017620716 2.5000000000000004 9.3341666666666701 15.845238095238097 -20.016478490428646 0.95000000000000007 -1.2500000000000004 31.055000000000003 50.94666666666668 2021.5000000000002 2020.5000000000002 9.0900000000000016 2020.5000000000002 2020.5000000000002 -0.68301270189221941 17.243379183866846 1.0000000180025095e-35 1.0000000180025095e-35 2.5000000000000004 1.0000000180025095e-35 1.0000000180025095e-35 18.040000000000003 4.2350877608960191 -0.20434903263630974 1.0000000180025095e-35 1.0000000180025095e-35 1.0000000180025095e-35 4.0250000000000012 9.1848509936051497e-17 -0.17079352850539162 -8.6144069066282469 2018.5000000000002 0.73477261142757277 4.5000000000000009 1.5000000000000002 1.0000000180025095e-35 62.841037886219063 47.980000000000011 2019.5000000000002 1.0000000180025095e-35 -19.198352534562186 230.73666666666671 23.602345612943655 2020.5000000000002 120.95833333333336 1.0000000180025095e-35 71.346666666666678 2019.5000000000002 1.0000000180025095e-35 33.426666666666677 102.34500000000001 55.013333333333343 0.25000000000000022 3.5000000000000004
decision_type=2 1 2 2 2 2 2 2 2 2 2 2 2 2 2 2 2 2 2 2 2 2 2 2 2 2 2 2 2 2 2 2 2 2 2 2 2 2 2 2 2 2 2 2 2 2 2 2 2 2 2 2 2 2 2 2 2 2 2 2 2 2
left_child=13 2 7 4 18 48 10 8 17 11 32 12 -8 -1 -15 -9 -13 25 -4 -16 -7 -10 -21 -18 29 38 27 -23 36 52 35 53 33 46 41 -11 -19 -3 39 -2 -20 -35 44 -24 45 -22 -5 -25 -6 -46 -26 -52 -12 -17 55 -31 -56 -33 -59 -32 -61 -37
right_child=1 37 3 6 5 20 9 15 21 30 24 16 -14 14 19 31 23 28 40 22 42 26 43 47 50 -27 -28 -29 -30 54 59 57 -34 34 -36 61 -38 -39 -40 -41 -42 -43 -44 -45 49 -47 -48 -49 -50 -51 51 -53 -54 -55 56 -57 -58 58 -60 60 -62 -63
leaf_value=-0.070409973841144877 -0.057718542216333504 0.01947407969417252 -0.0096935765790392477 0.027813469499407842 -0.016615927105543795 0.037839584409227994 -0.071719489096249187 -0.064784202499659979 -0.011986651471494983 -0.042071587298681268 0.027789378011663451 -0.048890641964505432 0.061822520108975147 0.12970360496129146 -0.059969686471717215 -0.011440805028280241 -0.042388652178802021 0.08502068841013094 0.069940811826338573 0.083971867317098103 0.016935828268853741 0.07004772086579994 -0.04364427471619936 0.053386545351136343 0.069697942590140921 0.019616118104406919 9.5805286113610257e-05 -0.0028467548211082317 -0.034752007068813963 0.051416794884054012 -0.036320732230305595 -0.050054893567347027 -0.011976863393062772 0.077384158470695241 -0.013437684614731247 0.076386435426231719 -0.034428166425577354 -0.069644109345191871 -0.061970560510521515 0.016329003943497646 0.015033073799090911 0.014507666928616703 0.089369560168399198 0.037730567208779646 -0.01162595416779043 -0.044012819152473792 -0.0039471528198542624 -0.010458469339862185 -0.066119832736137626 0.070841512916936897 0.06508620389565245 -0.025118296011801239 -0.028243709018535519 0.081412183494096152 0.043229455792954605 0.021817556293897023 0.070851162391278644 0.051736070851758756 -0.026664564428184274 0.062890862813281836 -0.046321368048352858 0.040695757723425943
leaf_weight=31.448778030662652 0.20213819505806929 0.06422023604318372 0.23212212394901399 1.0021633221440414 0.18981965510283805 0.531998353771996 0.11674694578687195 2.6609018783692595 0.46999281077114563 0.06101850543564058 0.87969587794577797 1.1480799308483254 0.3986863468599039 0.041209323739167636 2.4744647673924187 0.096663731661465135 0.23172417700698122 0.14458060334982281 1.0688243180629795 0.07710988565304433 0.16749471181537956 0.65815478783042614 0.38271917161364388 0.28338267683284357 2.2213575822224816 0.16173412015268684 0.3466948134755512 0.17911911052942742 0.17277519719755219 1.383559162846723 0.14443786695119332 0.51665782988311537 0.54184709001492581 0.46554072087565135 0.13434232407416857 0.45628167338145409 0.050471535292672343 5.3734355198503172 1.3410693233199737 0.19342920450799284 0.19380563811864693 0.16416917271271814 0.043657272690325044 0.085306146584116505 0.16093312914017588 0.5517295066092629 0.74273573895879952 0.16342405018804129 1.8131201807009349 0.092255232986644842 0.20426670509186795 0.11616023909118667 0.14188712967552419 0.079897755998899811 0.95401977573601504 0.85906931203862757 1.1957122284202339 0.073378577417315682 0.23248001966203447 0.099955768135259859 0.038910251952984254 0.57040083385618345
leaf_count=24312 1679 1128 491 16065 768 6730 105 10421 3544 178 13134 683 256 29 4031 763 350 352 255 201 220 228 1912 911 22699 1607 2863 97 128 46687 1048 1894 5057 1899 1039 1888 83 3648 3303 868 74 3171 135 1527 381 589 5311 438 622 431 5541 845 1726 103 22261 11541 31997 449 1134 1864 261 9232
internal_value=0 -0.00541386 0.00714905 0.0219902 -0.00800061 -0.0326068 0.0322709 -0.0315496 -0.0111987 0.00497675 0.0414785 -0.0154815 0.0315749 -0.0685133 -0.0490255 -0.0533472 -0.0287599 -0.037019 0.0504551 -0.0514647 0.0046834 0.0241795 -0.0128588 0.00530143 0.0504643 -0.0465888 0.0385361 0.0544533 0.0123711 0.0436427 0.039925 -0.0228863 0.0180459 0.0245297 0.047905 0.0510246 0.0541122 -0.0685916 -0.0527545 -0.0215099 0.0615128 0.0609919 -0.0126767 -0.0288122 -0.0172581 -0.0298189 0.0142942 0.0300346 -0.0614283 0.018423 0.0649942 0.0323855 0.020007 0.0305771 0.0491399 0.0400784 0.0585931 -0.0343627 -0.00785546 -0.00269026 0.0322896 0.0565575
internal_weight=0 32.7831 27.3455 19.7653 5.04576 3.55101 14.7196 7.58014 3.92016 3.71305 11.0065 2.34204 0.515433 34.5096 3.06081 3.65998 1.82661 2.2662 1.49475 3.0196 1.54807 1.65396 0.545135 0.678531 7.95573 1.89837 1.18397 0.837274 0.367827 5.41394 1.371 0.999078 3.0508 2.50895 0.764052 1.0877 0.195052 5.43766 1.73664 0.395567 1.26263 0.62971 1.01607 0.468025 0.972413 0.719224 1.7449 0.446807 2.00294 0.253188 2.54178 0.320427 1.02158 0.176561 4.39236 2.24263 2.14973 0.822516 0.305859 0.283304 0.138866 1.02668
internal_count=283187 251175 246399 216883 10696 9876 206187 29516 14752 17214 188973 2743 361 32012 7700 14764 2382 8020 820 7671 8486 6732 3640 1699 156431 7457 3188 325 563 127346 14471 4343 32542 27485 6109 11298 435 4776 5850 2547 329 5070 1756 3439 1621 809 21376 1349 1390 812 29085 6386 14860 866 112486 58228 54258 3477 1583 3173 2125 11120
cat_boundaries=0 1
cat_threshold=1
is_linear=0
shrinkage=0.05


Tree=9
num_leaves=63
num_cat=0
split_feature=68 68 63 63 66 59 3 3 8 57 68 57 54 3 54 70 54 68 90 3 20 3 66 3 71 6 71 59 54 58 79 70 20 66 36 24 65 19 8 54 66 58 10 63 86 8 21 81 17 3 34 89 55 19 3 88 23 3 31 79 34 90
split_gain=49.5182 8.03358 3.60367 1.13638 0.958308 1.47479 0.597841 0.576208 0.494462 0.486872 0.483054 0.525983 0.413747 0.386048 0.596212 0.338041 0.328252 0.316788 0.364293 0.286805 0.281488 0.274905 0.249607 0.200047 0.194808 0.197116 0.173695 0.167819 0.164754 0.140484 0.129228 0.128775 0.126161 0.21615 0.234881 0.313281 0.123297 0.111886 0.110301 0.116575 0.142742 0.197061 0.175047 0.109798 0.107907 0.105283 0.102392 0.102166 0.101752 0.10802 0.100505 0.0966408 0.0937651 0.0910443 0.0952316 0.212222 0.0877903 0.0876579 0.0869871 0.0863174 0.0844027 0.0842211
threshold=0.58333333333333337 0.83333333333333337 1.0000000180025095e-35 1.0000000180025095e-35 1.0000000180025095e-35 -0.17079352850539162 2019.5000000000002 2019.5000000000002 1.5000000000000002 -1.1840978532714239 0.41666666666666669 2.5036263817699358 0.49487699643187538 2021.5000000000002 0.3515824811584965 5.0851197119711982 0.45787514843552302 0.41666666666666669 1.0000000180025095e-35 2019.5000000000002 -1.0000000180025095e-35 2019.5000000000002 4.078333333333334 2019.5000000000002 1.0576280973047087 0.50000000000000022 -1.0047004489843017 -0.55814813653850937 4.5286960713787341 28.734237405580085 1.0000000180025095e-35 3.627511743227358 1.0000000180025095e-35 21.700000000000003 9.1848509936051497e-17 1.0000000180025095e-35 41.040000000000006 1.866025403784439 8.5000000000000018 23.929048818410013 8.4166666666666696 12.405099212797989 12.312177826491075 21.169166666666673 1.0000000180025095e-35 1.5000000000000002 -1.2500000000000004 1.5000000000000002 -0.93301270189221919 2020.5000000000002 0.93301270189221952 1.0000000180025095e-35 -3.9505656067585675 1.8369701987210299e-16 2021.5000000000002 1.0000000180025095e-35 0.93301270189221952 2018.5000000000002 1.0000000180025095e-35 1.0000000180025095e-35 -1.0000000180025095e-35 1.5000000000000002
decision_type=2 2 2 2 2 2 2 2 2 2 2 2 2 2 2 2 2 2 2 2 2 2 2 2 2 2 2 2 2 2 2 2 2 2 2 2 2 2 2 2 2 2 2 2 2 2 2 2 2 2 2 2 2 2 2 2 2 2 2 2 2 2
left_child=4 3 57 21 -1 10 12 16 20 15 23 28 -4 14 -10 24 50 19 -19 -16 22 -2 -7 27 25 48 -17 -6 52 60 -30 47 -15 34 35 -34 44 38 39 40 41 42 -11 -43 -14 -41 -21 -18 49 -9 -5 -33 -12 -25 -55 56 -56 -3 -42 -40 -27 -38
right_child=1 2 6 7 5 8 -8 9 13 37 11 -13 36 32 17 26 31 18 -20 46 -22 -23 -24 53 -26 29 -28 -29 30 -31 -32 51 33 -35 -36 -37 61 -39 59 45 58 43 -44 -45 -46 -47 -48 -49 -50 -51 -52 -53 -54 54 55 -57 -58 -59 -60 -61 -62 -63
leaf_value=-0.069028025872846802 -0.064503475776324551 -0.066148321252807007 -0.032426852949332702 -0.038231954601705434 0.011434663908597261 0.01232670967421251 0.078286643611852433 -0.064265906682096349 -0.061967337243292425 -0.041210225356114509 0.021778761942752259 -0.058465878193137789 0.034831496317534287 -0.06540253931787203 0.0084472943964297564 -0.0010624804144545642 0.031745491560928221 0.067616501233925555 -0.060796032665243353 0.05384902894696493 -0.067592980165822908 0.080114697250859901 -0.06091012988473208 -0.052975781951421858 0.030415623182339698 -0.0475697586342635 0.065136783755490382 -0.06282836133273835 -0.037151582051325939 -0.025526160632135343 0.033434711708204362 -0.024565665767156773 -0.062986277406912622 -0.068124890786526102 -0.06917038707574473 0.090315530597750285 0.065118456467316968 0.082473952618300927 -0.012649599063853934 0.030498097891444087 -0.051175072038732922 0.073805510210341027 0.040859019268169226 -0.0063658610598783388 0.072009176712041864 -0.019545644404910963 -0.048918961541173991 0.073835855078791424 -0.027753442032049203 0.076066255854972162 0.078894707174531065 0.093027213269687631 0.070031235053402655 -0.050959655564051458 -0.067183693136942585 0.086817435900324744 0.0086318296183777472 0.03096862158872565 0.0070026975743432626 0.052981140833826705 0.052330333908925081 0.0010800906137157457
leaf_weight=28.849391154881232 0.83733954476156292 0.52630137836240543 0.13851271061866866 0.23461498588221763 0.33224258262271178 0.21083337291201942 6.5676474183237588 0.019166751233569923 0.97207042979971392 0.53275601417408436 0.16749867930775508 0.21402465269784443 0.90348835668010019 2.131845722200524 0.42298193503847847 0.13831402716823504 1.4587814052738393 0.21979902380553529 0.073765560198808089 0.025250902188417967 10.860020787347823 0.034202998422188102 0.2595879950276867 0.95658378645566677 0.37703662406602223 0.023421795176545857 0.34938874831641431 0.098665739638821193 0.12270948867080733 0.11031832381377171 0.13749971720972098 0.14537662246402749 0.051428784441668429 0.26435803337517427 0.082517509272292955 0.094674791307625128 1.9347290310397509 0.025057424521946703 0.14553418842478993 0.13828527171426674 0.85706880169345823 0.076937658915994689 0.073997746934765019 0.095986973141407361 0.24895610490602849 0.43794443954357121 0.60394593372257077 0.15998403139747086 0.833011811515462 0.048192802678386215 0.019866192807967309 0.019858483414282091 0.25237959563673928 0.17674483574774058 0.078792303402224206 0.051612582723464584 0.074084768755710684 0.024308054920766153 0.069458092639251845 0.076397163911678945 0.21730099149499438 0.052742543475687742
leaf_count=23668 6452 5160 1858 1911 6061 76 54744 65 5765 902 49 135 20917 1935 7646 416 32246 146 106 76 1333 241 89 3038 3105 157 1468 670 73 682 81 1831 37 158 66 148 69606 26 3034 425 1714 125 134 329 5861 2102 3322 3813 3807 229 81 250 82 321 75 62 124 344 327 1574 1139 1406
internal_value=0 0.034107 0.0626206 -0.00512831 -0.0632915 -0.0545517 0.0695818 0.00187367 -0.0601963 -0.00785096 -0.0200568 0.00989545 0.0521436 -0.0470002 -0.0321298 0.00984584 0.0240355 -0.0105772 0.0353496 -0.0233911 -0.0659528 -0.058828 -0.0280869 -0.0351981 -0.00109049 -0.0105829 0.0463625 -0.00556945 0.0314089 0.0211977 0.000147619 0.0316134 -0.0601312 -0.0373359 -0.00173419 0.036353 0.0558743 -0.0226564 -0.0237082 -0.0269803 -0.0335471 -0.0177819 -0.0312013 0.029304 0.0428628 -0.007536 -0.0447947 0.0359053 -0.0229737 0.0361356 -0.0290884 -0.010433 0.0507823 -0.0447414 -0.0240798 -0.00084698 -0.0304432 -0.0618608 -0.0468137 0.00994298 0.0426103 0.063419
internal_weight=0 17.9523 10.3967 7.5556 47.7853 18.9359 9.84608 6.68406 16.2731 4.64558 2.66284 0.894112 3.27843 4.94264 2.31781 2.11615 2.03848 1.34574 0.293565 1.05218 11.3304 0.871543 0.470421 1.76873 1.62845 1.25141 0.487703 0.430908 0.680087 0.351041 0.260209 1.784 2.62482 0.492979 0.228621 0.146104 3.13992 2.52942 2.50437 2.28243 1.70621 0.779678 0.606754 0.172925 1.15244 0.57623 0.629197 1.61877 0.900371 0.0673596 0.254481 0.165235 0.419878 1.33782 0.381234 0.20449 0.152877 0.550609 0.926527 0.221931 0.240723 1.98747
internal_count=283823 228481 159896 68585 55342 31674 154392 61892 20903 21760 10771 420 99648 19405 17061 11068 40132 11296 252 11044 1498 6693 165 10351 9184 6079 1884 6731 285 1978 154 38140 2344 409 251 185 97790 10692 10666 6058 3531 1490 1036 454 26778 2527 3398 36059 4101 294 1992 2081 131 3620 582 261 199 5504 2041 4608 1296 71012
is_linear=0
shrinkage=0.05


Tree=10
num_leaves=63
num_cat=0
split_feature=68 68 63 54 66 59 3 3 8 68 57 3 54 57 3 54 68 64 3 71 57 3 59 66 64 70 59 19 55 78 23 35 70 58 64 68 66 54 51 57 3 60 38 81 21 40 57 25 80 26 64 91 3 40 66 40 8 90 47 63 63 1
split_gain=45.2425 7.25065 3.32838 1.08684 0.960154 1.27591 0.586694 0.58494 0.531483 0.504842 0.423242 0.405789 0.587089 0.381247 0.367133 0.349679 0.313612 0.37344 0.269463 0.263294 0.24236 0.210751 0.183278 0.229593 0.29122 0.164332 0.154278 0.151956 0.337823 0.136044 0.176965 0.162191 0.135606 0.134042 0.131603 0.117529 0.10517 0.103076 0.0915304 0.160595 0.189346 0.133728 0.0900724 0.0899495 0.0890374 0.0846086 0.0810795 0.0806293 0.0791203 0.0870196 0.0778423 0.147291 0.0765286 0.0759074 0.0757806 0.0751572 0.0743831 0.0806615 0.0727826 0.0710729 0.0708581 0.0727659
threshold=0.58333333333333337 0.83333333333333337 1.0000000180025095e-35 0.45787514843552302 1.0000000180025095e-35 -0.17079352850539162 2019.5000000000002 2019.5000000000002 1.5000000000000002 0.41666666666666669 2.5036263817699358 2021.5000000000002 0.3515824811584965 -2.8723366613602042 2018.5000000000002 0.70744246079321549 0.41666666666666669 25.532500000000002 2019.5000000000002 -1.1036475112455284 -1.601681442644439 2019.5000000000002 -1.1471129021502013 4.6683333333333339 25.532500000000002 3.3833592792554077 -0.55814813653850937 -1.0000000180025095e-35 -0.3426219430641026 1.0000000180025095e-35 0.93301270189221952 1.866025403784439 3.627511743227358 7.1376739032941554 5.0750000000000011 0.41666666666666669 10.363333333333335 23.205311326347964 -4.9819162317044876 3.0221800484876709 2021.5000000000002 2.0131732120973567 -1.0000000180025095e-35 1.5000000000000002 -1.2500000000000004 0.25000000000000022 -1.601681442644439 -0.6830127018922193 1.0000000180025095e-35 0.6830127018922193 20.050000000000004 1.0000000180025095e-35 2014.5000000000002 -4.592425496802573e-16 368.76333333333338 -1.0000000180025095e-35 3.5000000000000004 1.0000000180025095e-35 0.93602225315719745 9.6125000000000025 11.133928571428573 9.5000000000000018
decision_type=2 2 2 2 2 2 2 2 2 2 2 2 2 2 2 2 2 2 2 2 2 2 2 2 2 2 2 2 2 2 2 2 2 2 2 2 2 2 2 2 2 2 2 2 2 2 2 2 2 2 2 2 2 2 2 2 2 2 2 2 2 2
left_child=4 3 -3 14 -1 9 32 15 27 21 22 12 -10 19 60 52 18 -18 -14 -8 42 26 23 -11 -25 48 -6 28 33 -13 35 37 43 -7 -17 -31 53 -32 39 41 -41 58 -16 46 -20 -43 -5 -40 49 -21 55 -52 -4 -36 -27 -48 57 -50 -15 -34 -2 -62
right_child=1 2 7 6 5 8 13 -9 11 10 -12 29 16 38 20 34 17 -19 44 25 -22 -23 -24 24 -26 54 -28 -29 -30 30 31 -33 59 -35 36 -37 -38 -39 47 40 -42 45 -44 -45 -46 -47 50 -49 56 -51 51 -53 -54 -55 -56 -57 -58 -59 -60 -61 61 -63
leaf_value=-0.067694098242040271 -0.067226204332381675 -0.061074813493078639 -0.0580367718421195 0.045268260170014368 0.00981980857598992 0.051439180601212366 -0.017618356335862281 0.076150871204763756 -0.060109238831824965 -0.033415754176754978 -0.055407073990727446 -0.065001352430108586 0.0088388352732970844 -0.023619132319491535 0.094488588790321751 -0.0078184981543574037 0.071649842811376888 -0.045721809468525436 0.053651724983055642 0.013266838716485905 -0.042757564397866224 -0.047030286993320951 0.057406315568832966 0.078004036098119789 -0.02813622134132316 0.060439361305446415 -0.061579148562897451 -0.066364411285112432 -0.064114962191699529 -0.063210847804288955 0.092929216027179559 -0.072534662546594866 -0.039008673206005061 -0.028549006888551012 0.072970757260339039 -0.0074711606241000374 0.059421802155466434 -0.019403764219321565 -0.052171199078089175 0.0031946972336809203 -0.054886984913220353 0.061404356075308655 0.0082041022109559051 0.069482300703577152 -0.046459502694937579 -0.029932535842977642 0.080653724708020125 -0.019481075475397538 0.071311502558861081 -0.043370618246499792 0.013327574940726667 0.0633946140853094 0.013562648594489522 0.023713818370039087 -0.062103175596511032 -0.01089466662109515 0.0013702229872588738 -0.0081889559877063711 0.071071265014460899 0.02670408614722285 -0.050498714229302369 0.029967072675992308
leaf_weight=27.357991930921344 0.78855845749240028 0.53348174961865957 0.079838797857517796 0.53703908248280574 0.32800408735238307 0.10328762262361124 0.42034555155805708 6.2924879964975844 0.93077282773810965 0.20624757015320938 0.20796705268730875 1.9456466080082466 0.42674375587193913 0.15351442314931785 0.03353551269719901 0.084761786645686121 0.21742762117355585 0.09845763721386902 0.023064898916345555 0.24599083276734723 0.34443516257670126 1.3344491940297301 0.27814134991785966 0.16551371448440477 0.10602091928012669 0.35525022537876794 0.098342910025169927 9.8677720476262021 0.52998465423115604 0.43647137085645216 0.055675970830634469 0.037442526081576943 0.10392249872347736 0.10625694704140187 0.098495747981360182 0.12072932404407766 2.5290876730796299 0.032250299704173813 0.21775686823639251 0.33642984165453527 0.24072004630397714 0.17561391125491355 0.30833632039502845 0.15844136507075735 0.59915928811642516 0.029633346672198968 0.024759739828368765 1.4099659961430007 0.13887839768722188 0.093632916252317955 0.44203675073003978 0.22000916955948924 0.070077795140605303 0.37985725461476283 0.013080604865535861 0.23710111387299593 0.1134486787559581 0.041421767396968789 0.023384723834169563 0.068118945253445418 0.10541898939845851 0.038305028559989296
leaf_count=23705 6000 5459 1006 13239 6030 30 2753 54696 5805 59 148 1767 7695 489 138 750 111 157 71 1866 962 3611 78 82 72 1778 661 1273 102 308 115 13 582 74 1458 57 87856 76 546 2166 491 763 1537 3773 3371 92 358 6644 495 245 10509 6091 1250 7364 93 1971 1496 172 109 1604 1097 324
internal_value=0 0.0328236 0.0604612 -0.00468209 -0.0617682 -0.0528878 0.00542703 0.0672614 -0.0584243 -0.0213289 0.00776023 -0.0448486 -0.0294901 -0.00520268 -0.0409099 0.0500081 -0.00860917 0.0350665 -0.0217616 0.015594 -0.0131557 -0.0372527 0.0251386 0.00635392 0.0365615 0.0295309 -0.00664936 -0.0647261 -0.0428657 -0.0582635 -0.0390575 0.014615 0.0292154 0.0108784 0.0536237 -0.0511337 0.0553554 0.0517268 -0.0166343 -0.00438347 -0.0210302 0.0207579 0.0166681 0.0336993 -0.0427485 0.0482172 0.0298186 -0.0238544 0.0140873 -0.00234788 0.0208381 0.0299657 -0.024568 0.0338561 0.0560875 -0.00223849 0.0330891 0.0530472 -0.0111018 -0.01299 -0.0613413 -0.0290531
internal_weight=0 17.4872 10.0681 7.41909 45.6138 18.2558 5.8005 9.53461 15.5311 2.72469 0.963891 4.92384 2.29563 4.00907 1.61859 3.24212 1.36485 0.315885 1.04897 1.42205 0.686307 1.7608 0.755924 0.477782 0.271535 1.0017 0.426347 10.6073 0.739529 2.62822 0.682569 0.125369 1.79143 0.209545 3.0922 0.557201 3.00744 0.0879263 2.58702 0.959296 0.57715 0.382146 0.341872 1.61939 0.622224 0.205247 1.46095 1.62772 0.633373 0.339624 0.923907 0.662046 0.149917 0.478353 0.368331 0.261861 0.293749 0.1803 0.176899 0.172041 0.932282 0.143724
internal_count=283693 228222 159839 68383 55471 31766 58325 154380 21025 10741 439 19546 17210 20198 10058 99684 11405 268 11137 8898 2637 10302 291 213 154 6145 6691 1479 206 2336 569 204 38127 104 97428 365 96678 191 11300 4110 2657 1453 1675 35941 3442 855 32168 7190 4274 2111 18929 16600 2256 8822 1871 2329 2163 667 598 2186 7421 1421
is_linear=0
shrinkage=0.05


Tree=11
num_leaves=63
num_cat=0
split_feature=68 68 63 63 67 59 3 1 79 3 57 58 56 17 68 54 68 57 54 3 56 71 17 63 3 3 78 3 56 54 64 70 13 17 66 64 3 64 66 53 70 3 16 34 26 13 89 3 66 17 26 56 24 66 66 40 9 43 33 26 3 9
split_gain=43.7752 6.63075 3.0227 0.988403 0.953473 1.14957 0.568215 0.467273 0.442905 0.42452 0.387229 0.351363 0.660292 0.392257 0.444179 0.321582 0.294915 0.472228 0.275236 0.261806 0.246158 0.22736 0.204452 0.192086 0.184795 0.181298 0.176783 0.16474 0.145171 0.134727 0.124052 0.107673 0.190157 0.138828 0.12578 0.11689 0.112121 0.10253 0.0994074 0.098014 0.0968133 0.0945709 0.189153 0.0914528 0.0886158 0.0884198 0.0857616 0.0840434 0.0825439 0.0947318 0.0791882 0.0780666 0.0777176 0.0780236 0.073967 0.0760918 0.0739231 0.0729829 0.0820734 0.08111 0.0727095 0.0718126
threshold=0.58333333333333337 0.83333333333333337 1.0000000180025095e-35 1.0000000180025095e-35 0.95000000000000007 -0.17079352850539162 2019.5000000000002 3.5000000000000004 2.5000000000000004 2019.5000000000002 -2.5358600197654764 29.712842695239484 2.6936604172453276 1.0000000180025095e-35 0.41666666666666669 0.70744246079321549 0.41666666666666669 2.5036263817699358 0.45787514843552302 2019.5000000000002 4.4885238779805219 -1.0047004489843017 -2.7990381056766576 12.316666666666668 2019.5000000000002 2019.5000000000002 1.0000000180025095e-35 2019.5000000000002 9.6330365870992498 0.49487699643187538 5.0750000000000011 1.1502328498329446 -0.93301270189221919 1.0000000180025095e-35 5.0100000000000007 2.5500000000000003 2021.5000000000002 2.5500000000000003 11.726666666666668 1.4731130199418307 3.627511743227358 2020.5000000000002 0.6830127018922193 0.93301270189221952 -1.0000000180025095e-35 -0.68301270189221919 1.0000000180025095e-35 2018.5000000000002 97.973333333333343 0.93301270189221952 0.6830127018922193 9.4663016184717836 -1.0000000180025095e-35 518.42500000000007 5.0100000000000007 -1.0000000180025095e-35 -10.000000000000002 0.68301270189221941 1.8369701987210299e-16 0.25000000000000022 2019.5000000000002 -21.325317547305477
decision_type=2 2 2 2 2 2 2 2 2 2 2 2 2 2 2 2 2 2 2 2 2 2 2 2 2 2 2 2 2 2 2 2 2 2 2 2 2 2 2 2 2 2 2 2 2 2 2 2 2 2 2 2 2 2 2 2 2 2 2 2 2 2
left_child=4 3 47 19 -1 16 15 41 11 18 21 12 48 14 27 -4 24 20 43 -2 -18 61 -13 -22 29 -24 50 -14 -25 -6 -17 33 36 44 -35 -34 -33 -29 57 -37 52 42 60 -5 -12 -30 -42 -3 -9 -50 -23 -52 -20 54 55 -54 -56 58 -32 -60 -7 -11
right_child=1 2 6 9 5 7 -8 8 -10 10 31 22 13 -15 -16 30 17 -19 40 -21 23 26 25 28 -26 -27 -28 37 45 -31 38 32 35 34 -36 39 -38 -39 -40 -41 46 -43 -44 -45 -46 -47 -48 -49 49 -51 51 -53 53 -55 56 -57 -58 -59 59 -61 -62 -63
leaf_value=-0.066420397620901225 -0.061751862770682633 -0.063233471335293459 -0.023979650544867323 -0.037066303243440471 -0.061743725797405169 -0.060694168066256264 0.074239217377343611 -0.056737456188024997 0.084305659271893651 0.073912597044906145 -0.042907667193227826 0.06641009794162589 0.026305123979451152 -0.048917006697544278 0.063656140699674998 -0.0080917765697434314 0.070846810304879174 -0.056635059751051146 0.057345723367677709 0.075538962040631596 -0.034265704491386606 0.01807489644024108 -0.01057943316206549 0.075611344225480451 -0.043164205651957041 -0.063075052743377769 0.049601263273351043 0.04771008368854221 0.035071370152312702 0.0093339635830195188 0.047752080694705434 -0.018072520239648431 0.037073424510197441 0.072482127651959924 -0.006503235500827511 -0.042351182669519774 0.080159132664836957 -0.042947801114449596 0.058018203251067983 -0.014490503182549203 -0.022171163657376383 -0.065598790164127799 0.038752767714888149 0.078964832133889606 -0.0056755607668363735 -0.036096481709902019 0.088363482969635046 0.03321583058260124 0.16843302097171323 -0.057876198792164539 -0.044880816654572289 0.04808639715645345 0.067721711002823495 -0.044161003557399325 0.076793010858947408 0.0052386962582231132 0.03241729624278239 -0.02111029331507383 0.027871341538076244 -0.091437905816974432 0.0088278734478310552 -0.017561928999513865
leaf_weight=29.483665426432708 0.78403724892632531 0.49296390734707607 0.14684874108206569 0.22477145666380272 0.083199556322145596 0.43021347416651856 6.1988852579543163 1.5795510985772119 0.06422637140349241 0.022395572788809659 0.20472249898011774 0.032205232368142211 0.16928890846429545 0.36593003325651807 0.28506006776296999 0.084157934796167289 0.19517928428831499 0.25264686130685732 0.25669148659108065 0.036333673820990953 0.19323960188194178 0.51514847717407952 0.17398001184665224 0.1091269975004252 1.2500924107880562 3.0090557595067366 0.46262684387147601 0.034654798564588418 0.094420884241117164 0.33556869449603255 0.47254352831259927 0.053188871108431957 0.061322137971728696 0.098090517716627801 0.1036772492716409 0.98310003828009918 0.064002904857261456 0.31170496645609092 2.3797577224086126 0.4649881663335691 0.14159845101312374 8.389551399355696 0.061295828390939278 0.018369854567936272 0.72854577409816601 0.081156143423868343 0.02003074620370171 0.0236708611028007 0.0087886482942848287 0.0097586626943666488 0.10569861461226537 0.028715919141177437 0.055566388909937814 0.037105527340827282 0.10702019736527257 0.39576491299158012 0.76255048857274266 0.052640899464677204 0.041739078998944024 0.021625801149639301 0.041211127892893273 0.51118406937348471
leaf_count=24439 6366 5141 2227 1860 435 1872 54907 4745 142 127 866 33 2743 682 126 727 63 141 7219 253 68 3927 3170 33 3470 2375 2251 74 55 6093 10338 187 181 374 788 2299 286 1217 84668 2228 1825 1719 1285 80 4474 54 252 336 8 145 270 165 813 893 2548 5365 19191 682 1028 65 271 3118
internal_value=0 0.0323629 0.058934 -0.00398862 -0.0609268 -0.0517036 0.0654069 -0.0570301 -0.046296 0.00260852 -0.00609002 -0.0476987 -0.0346286 -0.00603003 0.0135696 0.0482936 -0.0209792 0.00165368 0.0215927 -0.0556713 0.0235315 0.0131082 -0.0589375 0.00420921 -0.0335343 -0.0602057 0.0259804 -0.0141191 0.0303236 -0.00478753 0.0517706 -0.017531 -0.0257781 -0.00571215 0.0318959 -0.0305417 0.0355755 -0.0338771 0.0534678 -0.033405 0.0284219 -0.0643016 -0.0438734 -0.0282999 -0.0138428 0.00217579 -0.00847258 -0.0588144 -0.0555061 0.0493605 0.00915733 -0.0250196 0.032115 0.0273459 0.0293546 0.0129314 0.0378787 0.0350686 0.0405869 -0.0128477 -0.0546167 -0.0137225
internal_weight=0 17.1621 9.91483 7.24725 47.0448 17.5611 9.3982 14.9665 6.0442 6.42688 4.40741 5.97998 2.76474 1.16664 0.800709 3.19931 2.59463 0.92577 2.01947 0.820371 0.673123 1.64577 3.21524 0.477944 1.66886 3.18304 1.11219 0.515649 0.284704 0.418768 3.05246 2.76164 1.6266 1.13504 0.201768 1.50941 0.117192 0.34636 2.96831 1.44809 1.77633 8.92227 0.53272 0.243141 0.933268 0.175577 0.161629 0.516635 1.5981 0.0185473 0.649563 0.134415 1.6147 1.35801 1.3209 0.451331 0.869571 0.588549 0.535908 0.0633649 0.471425 0.53358
internal_count=283783 228325 160119 68206 55458 31019 154642 20607 15460 61587 21541 15318 9740 4842 4160 99735 10412 414 40046 6619 273 9858 5578 210 9998 5545 6613 4034 142 6528 97508 11683 5181 6502 1162 4708 473 1291 96781 4527 38106 5147 3428 1940 5340 109 2077 5477 4898 153 4362 435 36029 28810 27917 6178 21739 12113 11431 1093 2143 3245
is_linear=0
shrinkage=0.05


Tree=12
num_leaves=63
num_cat=0
split_feature=69 69 63 67 59 63 8 71 69 58 55 64 58 69 20 26 10 47 54 56 8 55 17 8 24 55 63 64 58 18 60 58 10 60 56 8 66 58 8 38 10 90 86 60 65 23 18 36 54 64 60 64 15 8 8 79 2 38 9 8 60 19
split_gain=39.5473 6.40331 2.83943 0.983623 1.2614 0.90803 0.439466 0.362238 0.318558 0.42309 0.360915 0.292918 0.327869 0.345871 0.284285 0.271378 0.176518 0.169152 0.161086 0.138972 0.137848 0.128726 0.128369 0.121746 0.120538 0.16741 0.142869 0.120893 0.115122 0.0999628 0.0980298 0.0978027 0.0826006 0.0821031 0.107504 0.0776022 0.15252 0.121112 0.0834922 0.112357 0.0781468 0.0752432 0.0747261 0.0739463 0.0705681 0.0646562 0.0692066 0.0628194 0.0707833 0.0841009 0.0613362 0.0612172 0.0601814 0.0594128 0.0576139 0.0576133 0.0575946 0.192792 0.0574328 0.0560542 0.055523 0.0553296
threshold=0.58333333333333337 0.83333333333333337 1.0000000180025095e-35 0.95000000000000007 -0.17079352850539162 1.0000000180025095e-35 1.5000000000000002 0.071070292502857901 0.41666666666666669 32.338817885500262 -0.3426219430641026 3.9800000000000004 20.266190718497242 0.41666666666666669 -1.0000000180025095e-35 -1.0000000180025095e-35 -3.5000000000000004 -12.667332702715045 1.3746696897725685 0.48061083993311587 3.5000000000000004 -2.0721540414840849 2.7990381056766584 1.5000000000000002 0.25000000000000022 -2.9719128998322977 18.509583333333335 3.9800000000000004 12.641721619214154 1.0000000180025095e-35 2.2074088365811342 61.678067917056815 -9.5000000000000018 6.7293628774088399 78.3793419671007 1.5000000000000002 37.696666666666673 39.294194013776377 3.5000000000000004 0.25000000000000022 -17.660254037844382 1.0000000180025095e-35 1.0000000180025095e-35 3.3770027070042041 155.02500000000003 -1.0000000180025095e-35 -4.592425496802573e-16 1.866025403784439 4.5286960713787341 3.1050000000000004 -12.181397573999197 9.9875000000000025 1.866025403784439 6.5000000000000009 11.500000000000002 1.0000000180025095e-35 3.5000000000000004 0.6830127018922193 -18.593266739736602 1.5000000000000002 -23.806948911401864 1.6160254037844388
decision_type=2 2 2 2 2 2 2 2 2 2 2 2 2 2 2 2 2 2 2 2 2 2 2 2 2 2 2 2 2 2 2 2 2 2 2 2 2 2 2 2 2 2 2 2 2 2 2 2 2 2 2 2 2 2 2 2 2 2 2 2 2 2
left_child=3 5 -3 -1 8 54 14 24 30 10 17 58 13 18 15 -6 -15 -10 -13 50 22 -9 -14 -12 25 27 28 -7 53 35 52 -28 -17 41 61 36 -29 38 39 40 -37 -23 -21 -43 -38 46 -42 48 49 -26 -4 -18 -5 60 -2 -33 -16 -58 -8 -36 -27 -35
right_child=1 2 19 4 6 7 11 21 9 -11 23 12 20 16 56 32 51 -19 -20 42 -22 33 -24 -25 47 26 31 29 -30 -31 -32 55 -34 34 59 37 44 -39 -40 -41 45 43 -44 -45 -46 -47 -48 -49 -50 -51 -52 -53 -54 -55 -56 -57 57 -59 -60 -61 -62 -63
leaf_value=-0.065231756124535814 -0.055928639685185348 -0.057825712323053474 -0.057632637596341123 -0.040225483722211609 -0.058041977975122686 0.067912599820079203 0.027377879252123528 0.034308492174585495 0.006811257047916533 -0.048149640971955621 -0.058087840273888705 -0.050785045375925014 -0.055766061121255997 -0.025755030476174223 -0.065032412355946909 -0.012633190754157747 0.080239754289471929 0.072367869577821139 -0.0061908078236576234 0.061137363686312597 -0.014919706049081341 0.0070846870767450019 0.041891875231852442 0.012187004441627722 0.021036347208110064 0.0067169866847834854 0.013184993317431526 -0.043272202972985591 0.035066700921135667 0.037324926541178381 -0.011041725545445752 -0.0058809140909926753 0.050220539525490264 0.031730026102315151 0.045779510273026243 -0.060398617589910532 0.083872920988125155 -0.017180224146734018 0.00061914928667003856 -0.064625001996485798 0.087580292893109146 -0.0067744228619517179 0.070958279928554344 -0.064523240091986775 -0.0067079088846346896 0.059773906224746168 -0.027839933005746755 0.093589107786323622 -0.0093841822321930109 -0.045353623408555969 0.031984371950903728 0.02590974198869091 0.03876952934700318 -0.0039653637575506823 0.08940510284708432 -0.062264975634109702 -0.059980160585771936 0.010886871487352139 -0.059803632272448407 -0.016681272885020894 -0.054276942734347494 -0.034000358907641026
leaf_weight=27.299589848793403 0.8029004672562231 0.50825204577631744 0.030361874341906514 1.2050916568714485 0.25733133892572368 0.07610869993004632 0.019097743916063448 0.66874117784573206 0.14408750022994354 0.27373935069772415 0.1254048654809593 0.41171715238124329 1.3494468105636768 0.088364330396871082 8.2764324298423126 0.10503117587722954 0.12774199641717132 0.31030711908533704 0.39852770929064718 6.2385417186123941 0.28100088088649489 0.77953812653140653 0.034510613011661806 0.1211885023949435 0.053301526942959643 0.040897318358474877 0.40557825699761452 0.23796540222610918 0.053339822155976435 0.19222257915316721 0.43557589295414789 0.10255419519126008 0.10405743365117714 0.72615124580988755 0.042251509557900135 0.017507551587186754 0.039164334712040727 0.39324139006748737 0.37050581506082381 0.026479138774448074 0.017900307466334198 0.19013832922064466 2.8090391601290321 0.078244858057587408 0.047677643202405307 0.24850062989571575 0.047320393459813204 0.011056425559218042 0.35972767580278742 0.45406554702640278 0.05144313327218597 0.087269333118456416 0.024602554740340454 0.087205583529794239 0.0068776256430282947 0.081159038085388602 0.88224103378706864 0.10768499672485632 1.7435426359734252 0.23969149953336455 0.4255115922624102 0.033492532846139511
leaf_count=24445 6531 5519 365 6453 56 337 21 8827 58 138 14 1354 3130 72 730 47 48 109 3698 123451 4966 6858 52 92 137 56 6143 405 148 1658 3533 1409 58 9862 229 82 142 4613 6432 29 90 2210 30081 162 203 1452 209 13 3786 1785 342 76 39 978 146 281 505 73 5712 2701 610 44
internal_value=0 0.0303812 0.0571964 -0.0593616 -0.049887 -0.00474661 -0.0557592 0.00143104 -0.0181369 0.00456503 0.0251504 -0.0429154 -0.0328013 -0.0118002 -0.061752 -0.0236634 0.033738 0.05158 -0.0288509 0.0635999 -0.0468481 0.0152153 -0.0533308 -0.0235512 -0.00860339 -0.0037051 -0.0180607 0.00631059 -0.0350868 0.00344914 -0.031425 -0.000524242 0.0186473 0.00910455 0.0190459 -0.00105329 -0.0225742 0.00517983 0.0172544 0.0344849 0.042408 -0.000776686 0.0641865 -0.0236106 0.0341426 0.0481452 0.00383801 -0.02484 -0.0263501 -0.038379 -0.00127692 0.0581882 -0.038645 -0.041846 -0.0546943 -0.0307897 -0.0636691 -0.0522712 -0.058859 -0.007321 -0.0489287 0.028832
internal_weight=0 16.9947 9.63764 44.2136 16.914 7.35702 14.274 6.54724 2.64 0.974727 0.700988 4.54122 2.77858 1.11362 9.73278 0.46642 0.303376 0.454395 0.810245 9.12939 1.66496 2.75825 1.38396 0.246593 3.78899 2.91084 1.19625 1.71459 0.606954 1.63849 1.66527 0.589291 0.209089 2.08951 1.04159 1.44626 0.324807 1.12146 0.728214 0.357708 0.331229 1.04792 9.04758 0.268383 0.086842 0.313721 0.0652207 0.878151 0.867095 0.507367 0.081805 0.215011 1.22969 0.553614 0.809778 0.183713 9.26636 0.989926 1.76264 0.281943 0.466409 0.759644
internal_count=283805 228326 159758 55479 31034 68568 20598 61891 10436 411 273 19129 13396 5248 1469 161 196 167 5052 154239 8148 30893 3182 106 30998 25277 9625 15652 1792 15315 10025 7833 105 22066 12836 13657 750 12907 8294 1862 1833 9230 153532 2372 345 1751 299 5721 5708 1922 707 124 6492 1644 6677 1690 1308 578 5733 2930 666 9906
is_linear=0
shrinkage=0.05


Tree=13
num_leaves=63
num_cat=0
split_feature=69 69 63 66 59 63 3 3 8 57 69 57 3 56 54 17 54 56 21 58 86 79 70 3 3 3 3 59 52 52 64 46 19 23 36 4 67 71 57 8 58 70 58 66 66 69 81 3 55 66 36 63 3 1 57 64 91 3 19 3 54 23
split_gain=36.6683 5.91857 2.62234 1.03843 1.20829 0.872886 0.570972 0.428713 0.426585 0.382697 0.368224 0.453758 0.318797 0.465854 0.302597 0.268201 0.248891 0.244356 0.241239 0.218828 0.27512 0.263996 0.215234 0.210616 0.185113 0.152908 0.140835 0.138826 0.120842 0.123992 0.118448 0.116116 0.116105 0.116043 0.209861 0.110021 0.213442 0.104329 0.145539 0.112559 0.141847 0.161622 0.128896 0.278223 0.125207 0.103863 0.100451 0.100285 0.114186 0.0999178 0.0988349 0.0963217 0.0906697 0.101336 0.0900683 0.147605 0.110136 0.0898362 0.0871273 0.0904334 0.264309 0.0866521
threshold=0.58333333333333337 0.83333333333333337 1.0000000180025095e-35 1.0000000180025095e-35 -0.17079352850539162 1.0000000180025095e-35 2019.5000000000002 2019.5000000000002 1.5000000000000002 -2.5358600197654764 0.41666666666666669 1.0965397209913295 2021.5000000000002 2.6936604172453276 0.49487699643187538 -1.0000000180025095e-35 0.45787514843552302 19.076146790065341 -0.93301270189221919 70.788738506883405 1.0000000180025095e-35 1.0000000180025095e-35 6.278190920579374 2019.5000000000002 2019.5000000000002 2019.5000000000002 2021.5000000000002 -0.55814813653850937 -10.793924569567684 2.6218196831873208 5.9750000000000005 0.25000000000000017 0.93301270189221952 0.93301270189221952 9.1848509936051497e-17 -0.6830127018922193 24.205000000000002 0.8430428965339235 2.8453587656888213 1.5000000000000002 61.678067917056815 4.5537096045539043 7.1376739032941554 5.698333333333335 1.3466666666666669 0.41666666666666669 1.5000000000000002 2021.5000000000002 5.0485619531704584 11.726666666666668 -0.5 100.20708333333334 2020.5000000000002 2.5000000000000004 -1.4636433394720829 20.050000000000004 1.0000000180025095e-35 2021.5000000000002 1.8369701987210299e-16 2021.5000000000002 0.57280375523545313 0.93301270189221952
decision_type=2 2 2 2 2 2 2 2 2 2 2 2 2 2 2 2 2 2 2 2 2 2 2 2 2 2 2 2 2 2 2 2 2 2 2 2 2 2 2 2 2 2 2 2 2 2 2 2 2 2 2 2 2 2 2 2 2 2 2 2 2 2
left_child=3 5 -3 -1 10 23 14 16 15 22 25 17 13 -10 -4 18 -7 26 -6 20 24 -22 28 -2 45 27 -12 -5 -9 52 -16 37 -14 -34 -35 36 -20 39 -39 42 41 44 -11 -44 -41 -15 54 48 -33 -32 -46 -24 -30 -54 -18 -56 -57 -40 -27 -60 -61 -62
right_child=1 2 6 4 8 7 -8 9 12 31 11 -13 32 19 30 -17 46 -19 35 -21 21 -23 51 -25 -26 58 -28 -29 29 -31 49 47 33 34 -36 -37 -38 38 57 40 -42 -43 43 -45 50 -47 -48 -49 -50 -51 -52 -53 53 -55 55 56 -58 -59 59 60 61 -63
leaf_value=-0.064354120116357508 -0.059209129286872345 -0.056876232328529779 -0.02906805938781537 0.010165136322676361 0.064046475526266702 -0.027213267673538849 0.071102154661051367 -0.02744288898505385 -0.054098118819127052 -0.071862301654892824 0.065123853277071722 -0.053230626635226742 -0.057595313928012551 0.029785766400691173 -0.0083639908599190578 -0.062702814495420894 0.039019126903213311 -0.03049143581545858 0.047055166568315307 -0.039003300612374274 -0.039018031392429625 0.071637279953246841 0.061037481205010173 0.071749832136864727 -0.042837466688889492 -0.047705111530285386 0.012972899013477528 -0.058810063520550231 -0.015880662564913935 -0.0096657771398483833 0.030902015458094026 -0.039296152074057622 -0.065413602037069959 0.071037875149743981 -0.068365024161647928 -0.060206228273243449 -0.058177026375066214 0.04036164217148272 0.0038939681277479032 0.087521349040049157 -0.041339132691906276 0.074727504070859624 0.094667162582569589 -0.041148805093628588 0.065502247437665292 -0.058181389883478533 0.064887656648328365 -0.068793225719938025 0.041311627612768673 0.054291106467229781 -0.015110993782791583 -0.0086703061936707817 -0.0065236839493002094 0.045400342698548035 -0.013195549330469451 0.013512130616855739 0.056560036903825918 -0.045977810530995707 -0.046561675366217074 0.12847331723616548 -0.061955608144712716 0.013095381904351611
leaf_weight=25.883298578482936 0.75837805183164242 0.49024697204458867 0.13374988344912564 0.33528393670894729 0.06561028741998598 0.23528254154552986 5.8298695643497922 0.258400438386161 0.93481098654774486 0.1945275791804314 0.32684653013711784 0.22008063229441177 2.1581984212834873 0.21699480383176684 0.090892357393386525 8.3223285007707073 0.59945148733459008 0.13605062199349049 0.088481013895943761 0.37031020326139696 0.070517899483093061 0.22873163135591312 0.27071686791168748 0.031996955407521455 0.27538481187912112 0.89515957999719808 0.21436010966135655 0.093235849580195818 0.11348348928368046 0.44558219754617312 0.57070254732207137 0.18853724010114081 0.073201419629185582 0.06770800239246455 0.044901735614985228 0.25477766906988009 0.10580970303635695 0.19175779915531155 0.27638371069588175 0.032948689553449872 0.31994108826620493 0.062479371974404785 0.04523243973380886 0.22667049097799463 0.039721759769236642 0.039693311220617034 0.16337979023228388 0.1912202365383564 0.057281909534140141 2.2842973567148874 0.888656175206051 0.060661046436507604 0.12227128007179999 0.40589309680763108 0.32441872255185478 0.44393236675932712 0.22332767513216822 0.13411664310297056 0.15368203303296468 0.035297760789035237 0.074515635291390936 0.079483618850645144
leaf_count=23692 6460 5457 1857 6013 42 1980 54735 2679 6397 70 109 145 2176 4370 815 1052 14740 86 88 3698 505 501 1231 251 1545 3010 74 664 489 3662 12172 638 46 139 17 178 123 878 2020 92 1622 248 51 261 379 78 3953 138 503 84514 4421 148 364 1365 2499 10916 6060 427 318 37 77 148
internal_value=0 0.0294692 0.0557076 -0.0581784 -0.0481133 -0.00428567 0.0619025 0.00173308 -0.0541647 -0.00677002 -0.0166819 0.00914145 -0.0415971 -0.027627 0.0444873 -0.0605366 0.0210764 0.0294098 -0.0255097 -0.0070337 0.00720707 0.0455614 0.012181 -0.0539075 -0.0143643 -0.0305854 0.044468 -0.00484225 0.0032919 0.0105966 0.0478268 -0.0179233 -0.0543301 -0.0164051 0.0154527 -0.0385941 -0.0102537 -0.0136273 0.00439928 -0.0196248 -0.0122791 -0.00319784 -0.0407872 -0.0185551 -0.00826244 0.0161828 0.0275521 -0.0416371 -0.0205126 0.0496157 -0.0116619 0.048277 0.0246675 0.0333798 0.0237184 0.0144694 0.02792 -0.0123999 -0.0394951 -0.0180672 0.00506626 -0.0232195
internal_weight=0 16.7064 9.39976 41.7648 15.8815 7.30665 8.90951 6.51628 13.3175 4.52648 2.564 0.897338 4.48045 2.13644 3.07964 8.83701 1.98979 0.677257 0.514679 1.20163 0.831322 0.29925 1.67701 0.790375 0.532073 1.66666 0.541207 0.42852 1.34563 1.08723 2.94589 2.84948 2.34401 0.185811 0.11261 0.449068 0.194291 2.41244 0.602258 1.81018 1.34375 1.02381 0.466431 0.271903 0.961327 0.256688 1.75451 0.437039 0.245819 2.855 0.928378 0.331378 0.641648 0.528164 1.59113 0.991679 0.66726 0.4105 1.23814 0.342979 0.189297 0.153999
internal_count=283423 228095 159550 55328 31636 68545 154093 61834 20955 21686 10681 414 19472 17094 99358 1483 40148 269 431 10697 6999 1006 9938 6711 5993 10267 183 6677 8559 5880 97501 11748 2378 202 156 389 211 10469 3325 7144 6762 5140 382 312 4892 4448 38168 1279 1141 96686 4800 1379 2218 1729 34215 19475 16976 2447 3590 580 262 225
is_linear=0
shrinkage=0.05


Tree=14
num_leaves=63
num_cat=0
split_feature=68 68 63 67 8 63 3 20 63 58 68 38 3 17 57 57 3 54 37 68 71 3 60 3 71 17 70 10 63 25 46 8 3 9 65 15 19 3 63 86 54 54 39 42 42 11 13 67 78 20 90 3 25 17 60 70 76 3 3 32 16 66
split_gain=35.1202 5.47344 2.41296 1.03286 1.04912 0.811534 0.576296 0.527131 0.415325 0.615516 0.739066 0.618047 0.490903 0.439557 0.394462 0.33831 0.302074 0.281598 0.263575 0.331418 0.257047 0.205337 0.179347 0.17614 0.160216 0.158839 0.143904 0.134775 0.127219 0.1215 0.120925 0.144903 0.12348 0.214339 0.119254 0.116002 0.122247 0.196463 0.144594 0.109492 0.104101 0.0996921 0.0952692 0.116834 0.0929926 0.0938524 0.090895 0.161482 0.09 0.086941 0.0866399 0.0817599 0.0978755 0.0807012 0.0760285 0.0876492 0.0777036 0.0760253 0.0757732 0.171773 0.17917 0.07537
threshold=0.58333333333333337 0.83333333333333337 1.0000000180025095e-35 0.95000000000000007 1.5000000000000002 1.0000000180025095e-35 2019.5000000000002 -0.68301270189221941 1.0000000180025095e-35 36.350984300404072 0.41666666666666669 -1.0000000180025095e-35 2019.5000000000002 0.25000000000000028 -0.11988832150951188 -3.0509682619664171 2019.5000000000002 0.49487699643187538 -1.0000000180025095e-35 0.41666666666666669 -0.42048683735389569 2019.5000000000002 -1.6794628323385792 2019.5000000000002 0.96509866210535467 2.7990381056766584 9.8506476658819242 17.160254037844386 29.644015151515156 -1.0000000180025095e-35 0.25000000000000017 1.5000000000000002 2020.5000000000002 -3.4820508075688772 41.040000000000006 1.0000000180025095e-35 0.68301270189221941 2020.5000000000002 54.919166666666669 1.0000000180025095e-35 0.70744246079321549 0.49487699643187538 0.93301270189221952 1.0000000180025095e-35 0.25000000000000022 0.25000000000000011 0.93301270189221941 2.0050000000000003 1.0000000180025095e-35 1.0000000180025095e-35 1.5000000000000002 2020.5000000000002 -1.2500000000000004 -1.0000000180025095e-35 0.12951326933935578 4.363781767775051 1.0000000180025095e-35 2018.5000000000002 2019.5000000000002 1.0000000180025095e-35 1.0000000180025095e-35 4.078333333333334
decision_type=2 2 2 2 2 2 2 2 2 2 2 2 2 2 2 2 2 2 2 2 2 2 2 2 2 2 2 2 2 2 2 2 2 2 2 2 2 2 2 2 2 2 2 2 2 2 2 2 2 2 2 2 2 2 2 2 2 2 2 2 2 2
left_child=3 5 57 58 7 21 17 14 20 10 12 -12 41 28 -5 22 26 -4 19 -9 -6 -2 53 -11 -14 42 40 48 -13 51 35 -32 33 -33 39 36 54 -38 -39 -19 -17 -10 -25 -44 45 49 -20 -48 -24 -26 -36 -18 -53 -7 56 -56 -31 -3 59 -1 -61 -54
right_child=1 2 6 4 8 15 -8 18 9 23 11 13 24 -15 -16 16 29 34 46 -21 -22 -23 27 25 44 -27 -28 -29 -30 30 31 32 -34 -35 50 -37 37 38 -40 -41 -42 -43 43 -45 -46 -47 47 -49 -50 -51 -52 52 61 -55 55 -57 -58 -59 -60 60 -62 -63
leaf_value=-0.056119334804123094 -0.057866533637499419 -0.060046715512733564 -0.028562536470268858 0.064899165529170161 0.035398114891818662 0.037641786222991476 0.0696508311637387 -0.057829914298574252 -0.037855962548188689 -0.0098131000933485979 -0.068511362591398936 0.076060127686786161 -0.048561378034288949 -0.044305728898797692 -0.048306406692881866 -0.026710645443942617 -0.057080506603114291 0.024810791573344537 -0.061833843565976015 0.054752292957536565 -0.061347966124715325 0.067688483534426511 0.027056747267045607 -0.05590982292020398 -0.034772696746909505 0.05863467359881324 -0.062781947442616004 -0.018025466518088926 0.017603902135945117 -0.023099922588351411 0.083995387172973862 -0.059964374660666259 -0.062502730498167638 0.09553706063119953 0.055672477167859107 -0.026451150917145311 -0.046469912442350748 0.088741574646532415 -0.008540649903033732 0.063799647925294842 0.021693312008653653 0.025596932097592864 0.06833555467740339 -0.059760222343379646 0.11559881654694021 0.11529166480700631 0.027800979823587469 -0.055102932281674781 0.058677154826151462 0.040696351190754709 -0.010715524406850238 0.072258899538831953 -0.06923566546169381 -0.001753693551398791 0.0011072784073300548 0.061858546588382329 0.022322282483897574 0.031147640242823904 -0.064003946895824088 -0.015746563495448555 0.19825944982039434 0.0018548111206021498
leaf_weight=1.7392643873645308 0.7350406458490405 0.45073437281098527 0.13253223032915995 0.15048378504798166 0.072693092337431042 0.15068187571523595 5.7236677488308487 0.15593502327282927 0.072217033501147276 0.29941632008194585 0.13432260944682639 0.4911371112539199 1.1883773210101933 0.10847472368914168 0.15747578595619316 0.12292720428195014 0.2633872601327315 0.86597359291772613 8.8466845879183875 0.1125534379389137 1.2366346257713292 0.034073628925398225 0.63228653627447762 1.6276231246420136 0.19712392825749692 0.032217887906881626 0.059097244467920862 0.11903709852231259 0.11483744064753409 0.61674338556258657 0.023198925598990061 0.052947123273042962 0.26106727346268599 0.0381108177916758 1.7638557626214604 0.5296196444724045 0.058062385211087419 0.12597785030993691 0.054816991085317568 0.22734325562669255 1.1525365018515001 0.43333667399383557 0.034990384869160951 0.036234631537809037 0.014849347984636552 0.013493852886313107 0.078203973451309916 0.23596764773174073 0.34937955225723272 0.047322958882432431 0.050553483293697243 0.028163517425127793 0.066279389624469331 0.94688087001850385 0.53189493261743337 0.066831229118179181 0.11111931002415076 0.024074672859569546 24.609789786525653 0.042575657791530719 0.012697052315161272 0.085222809897459229
leaf_count=12331 6477 5117 1829 55 77 1401 54698 171 662 5899 148 193 3426 63 73 1001 783 20937 1553 53 5348 248 9144 3989 1070 49 200 1203 99 2779 88 186 528 402 69342 1953 327 249 292 5867 23451 7648 79 38 47 40 46 199 2868 121 1419 58 66 10544 3159 253 670 341 11029 661 235 291
internal_value=0 0.0288734 0.0543585 -0.0572189 -0.0471479 -0.00375826 0.0603062 -0.0573618 -0.0309902 -0.0242391 -0.00910622 0.0298889 -0.0259352 0.048389 0.00701125 0.00203383 -0.00620605 0.0427138 -0.0594642 -0.0106342 -0.0559767 -0.0523041 0.0179568 -0.0452225 -0.0406289 -0.0513472 0.013494 0.0322181 0.0649822 -0.0152301 -0.0109059 -0.037042 -0.0450163 0.00511822 0.0459625 -0.00622374 0.000619566 0.0335478 0.0592456 0.0329181 0.0170282 0.0165329 -0.0534329 0.0031688 -0.00607193 -0.0130764 -0.0608953 -0.0344664 0.0383106 -0.0201625 0.0538228 -0.0393408 -0.0133345 0.00365482 -0.00530929 0.00788848 -0.0161655 -0.0554228 -0.0632807 -0.0533617 0.0334141 -0.0292459
internal_weight=0 16.4541 9.23874 42.2969 15.8926 7.21538 8.76393 9.7373 6.1553 4.84598 2.81549 0.848772 1.96672 0.714449 0.30796 6.44627 4.248 3.04026 9.42934 0.268488 1.30933 0.769114 2.19827 2.03048 1.46117 1.73107 1.33456 1.1007 0.605975 2.91344 2.47039 0.375324 0.352125 0.0910579 2.90773 2.09507 1.56545 0.238857 0.180795 1.09332 1.27546 0.505554 1.69885 0.071225 0.27279 0.257941 9.16086 0.314172 0.981666 0.244447 1.81441 0.443053 0.179666 1.09756 1.32659 0.598726 0.727863 0.474809 26.4043 1.79454 0.0552727 0.151502
internal_count=283573 228171 159550 55402 31146 68621 154092 2150 28996 23571 13517 503 13014 355 128 61896 36736 99394 2022 224 5425 6725 25160 10054 4704 4155 24652 13215 292 12084 10886 1204 1116 588 97565 9682 7729 868 541 26804 24452 8310 4106 117 1278 1231 1798 245 12012 1191 70761 1198 415 11945 6861 3412 3449 5458 24256 13227 896 357
is_linear=0
shrinkage=0.05


Tree=15
num_leaves=63
num_cat=0
split_feature=68 68 63 66 8 54 37 68 63 58 68 25 38 57 20 70 54 63 10 57 40 63 60 52 56 52 8 57 51 36 28 66 63 51 20 10 89 70 65 9 86 77 70 17 78 25 8 66 47 46 63 57 63 9 52 34 60 51 58 51 8 39
split_gain=32.7818 5.35216 2.24372 0.872007 1.07203 0.716818 0.519793 0.43737 0.396007 0.545714 0.58198 0.510937 0.524843 0.266835 0.254902 0.254611 0.226965 0.192575 0.310276 0.171101 0.165422 0.152815 0.144992 0.131213 0.11975 0.118776 0.109235 0.109182 0.104281 0.0935718 0.0898024 0.0891314 0.135927 0.105487 0.101066 0.080507 0.076649 0.0748057 0.0889603 0.0725488 0.072471 0.0862175 0.0714512 0.240756 0.0662921 0.0686788 0.0722257 0.0715377 0.066157 0.0738192 0.0708015 0.0905914 0.100844 0.0657295 0.0655149 0.0858608 0.0651293 0.0918378 0.0631685 0.062415 0.0616898 0.0602781
threshold=0.58333333333333337 0.83333333333333337 1.0000000180025095e-35 1.0000000180025095e-35 1.5000000000000002 0.45787514843552302 -1.0000000180025095e-35 0.41666666666666669 1.0000000180025095e-35 38.442128440792139 0.41666666666666669 0.25000000000000022 -1.0000000180025095e-35 -3.0509682619664171 -0.5 0.76596871519711229 1.3746696897725685 29.644015151515156 3.4820508075688781 -1.9014753299376246 -1.0000000180025095e-35 1.0000000180025095e-35 -12.181397573999197 -1.2675844783335319 0.72442891821284328 -26.394259360270414 2.5000000000000004 -2.0780674739738982 -6.7947143543501314 -1.0000000000000002 0.25000000000000017 11.726666666666668 40.804166666666667 -3.9192113593150633 1.0000000180025095e-35 17.160254037844386 1.0000000180025095e-35 7.0987547231172554 6.080000000000001 6.2810889132455356 1.0000000180025095e-35 1.0000000180025095e-35 0.24334655623460894 -0.6830127018922193 1.0000000180025095e-35 -0.6830127018922193 3.5000000000000004 192.03166666666672 -8.3794393495494326 -1.0000000180025095e-35 87.820757575757582 3.6137460079457426 10.651515151515154 24.500000000000004 1.0000000180025095e-35 0.6830127018922193 -9.9227005306594886 -9.1433056381103466 5.8528460530279016 0.3280089594933529 4.5000000000000009 0.93301270189221952
decision_type=2 2 2 2 2 2 2 2 2 2 2 2 2 2 2 2 2 2 2 2 2 2 2 2 2 2 2 2 2 2 2 2 2 2 2 2 2 2 2 2 2 2 2 2 2 2 2 2 2 2 2 2 2 2 2 2 2 2 2 2 2 2
left_child=3 5 -3 -1 6 21 7 -5 20 10 16 12 -12 22 19 48 29 -14 -19 -8 28 -2 37 25 59 -17 53 -23 -6 -10 -27 32 33 34 -18 44 39 38 -7 54 41 -26 43 -16 45 58 47 -47 -15 -50 51 52 -51 61 55 -25 57 -22 -24 -4 -36 -11
right_child=1 2 24 4 8 13 14 -9 9 26 11 -13 17 15 42 23 31 18 -20 -21 56 27 35 36 40 30 -28 -29 -30 -31 -32 -33 -34 -35 60 -37 -38 -39 -40 -41 -42 -43 -44 -45 -46 46 -48 -49 49 50 -52 -53 -54 -55 -56 -57 -58 -59 -60 -61 -62 -63
leaf_value=-0.062464721802614864 -0.052244367844071493 -0.054395825043222136 0.041314484031191812 -0.05572574366710218 -0.058903585339207691 -0.031210715865719659 0.051230615560688232 0.065553295199881442 0.075429509582085386 -0.055786265858413946 -0.064857457820833131 -0.052309063875468721 0.0776999183055605 -0.0036786826245440922 0.088236028603237149 -0.025818234997353445 -0.0016443284765815605 0.084084167063949111 -0.051818105104826401 -0.036910219998936539 -0.064965124991323037 0.00070398500593031957 -0.036974200515885326 -0.041754968232643241 0.050306957348604554 0.027964945617945366 -0.025699718998096935 -0.037629939272355417 0.12652351832423181 -0.048316483465647486 -0.034173012699733905 -0.038075138732964545 0.05127750691131832 -0.027136002964147189 0.10456725362548987 -0.0067993287083535194 0.0087699422316554147 0.047918388925683286 0.0086465088797732011 -0.006656701099171736 0.066562166357155977 0.062337390448437183 -0.061092691474683283 -0.053284304719909609 0.050453862904974361 0.057612610891005861 0.014978956597588348 -0.018832758583910619 0.053337575405132578 -0.019898509878977969 0.043096117513022253 -0.010054464944112752 0.047223836230601758 0.006054397549714069 -0.012097589083553295 0.04425406610638024 -0.060733745970803658 0.063949724760663254 0.039090504528183009 -0.035537208805962554 -0.020943251529946062 0.0040284205663214424
leaf_weight=24.269566209337427 0.7222744633654663 0.46105607959452832 0.057679592066050556 0.14180120443052047 0.012194173576062894 0.22215978331041686 0.078685934338864172 0.15625673248723615 0.015580144417981501 1.3234740749212504 0.097538918009377085 0.17704772792058066 0.43533651251345862 0.41571418242710911 0.034592637408422888 0.21941268157388549 0.31259952936306989 0.082248881764826365 0.085821177024627104 0.18337933225120551 0.029887516417147708 0.34395001660595881 0.077675935044680733 0.80902900147702872 2.906979247063644 0.39559811319850302 0.55487064583667223 0.40383760009535763 0.020047774640261085 0.78375220741327245 0.068164000644173939 0.2438581865390006 0.098984745238340111 0.44491531884159419 0.039394871975673595 0.14375430438303727 0.18849184574537492 0.07176279388841067 0.37854615094693145 0.40116369736097102 2.5356675237126183 3.0537023681445135 9.7527189502197853 0.22897076642584835 0.36452009337335767 0.26583720687267487 0.33213573948523845 0.034585099288960919 0.14311163178354058 0.078141843750927586 0.16886374882233213 0.35493910859258904 0.19709790202432487 0.047324976520030648 0.32057689782777743 0.030096033195150085 1.2074512649724045 0.025690086164104176 0.042081312250957126 0.048747448539870675 0.013027859866269864 0.043504085715539875
leaf_count=23734 6556 5464 546 161 116 1363 61 64 50 2484 127 43 198 5995 92 2472 3184 54 93 99 80 2020 243 1317 64959 3767 7677 1460 21 2560 345 1333 2428 3419 121 1510 1215 490 5956 1764 29849 58762 1353 382 3211 2495 7353 207 2921 285 4522 4392 2593 62 3368 102 5216 33 498 488 98 85
internal_value=0 0.0275049 0.0530627 -0.0564169 -0.0476124 -0.00469801 -0.0572372 0.00785474 -0.0309095 -0.0242882 -0.0102243 0.0235845 0.042754 0.00330111 -0.0591248 -0.00440867 -0.0254303 0.0601491 0.0146887 -0.0104457 -0.0554429 -0.0358414 0.0184187 -0.0140907 0.0588219 0.00449177 -0.0445009 -0.019998 0.0563934 -0.0459045 0.0188319 -0.0112336 -0.00403223 -0.0107918 0.00912972 0.0284203 -0.0213477 -0.000329987 -0.00609394 -0.0249847 0.0594821 0.0564702 -0.0603985 -0.0347098 0.0329536 0.0244741 0.0310474 0.0488121 0.012936 0.0202671 0.014344 0.00663953 0.0281675 -0.0518771 -0.0313247 -0.0386702 -0.0582978 -0.00537577 -0.0102459 0.00611362 0.073376 -0.0538827
internal_weight=0 16.2574 9.06383 40.9405 16.671 7.19352 10.5764 0.298058 6.09455 4.79928 2.83011 0.877993 0.700945 5.72346 10.2783 3.7904 1.95211 0.603407 0.16807 0.262065 1.29527 1.47006 1.93306 2.43253 8.60278 0.683175 1.96917 0.747788 0.0322419 0.799332 0.463762 1.15278 0.908922 0.809938 0.365022 1.26059 1.74936 0.672469 0.600706 1.56087 8.49635 5.96068 10.0163 0.263563 1.11684 0.752315 0.632558 0.300422 1.35787 0.942154 0.799043 0.630179 0.27524 1.4143 1.1597 0.839125 1.26303 0.0555776 0.119757 0.106427 0.0524227 1.36698
internal_count=283916 228488 160068 55428 31694 68420 2212 225 29482 24016 13708 515 472 58384 1987 35058 13193 345 147 160 5466 10036 23326 14350 154604 6584 10308 3480 137 2610 4112 10583 9250 6822 3403 15517 7766 7809 7319 6551 153570 123721 1827 474 14007 10796 10055 2702 20708 14713 11792 7270 2878 2631 4787 1419 5329 113 741 1034 219 2569
is_linear=0
shrinkage=0.05


Tree=16
num_leaves=63
num_cat=0
split_feature=69 69 63 66 8 63 3 20 3 54 69 90 3 3 78 67 35 23 57 57 54 67 42 37 19 85 3 54 71 76 8 60 36 36 67 58 16 51 3 13 67 3 31 64 53 58 38 23 35 66 34 3 15 58 54 8 8 24 77 66 3 32
split_gain=30.7993 4.88092 2.07563 1.01129 0.965212 0.704463 0.602756 0.464864 0.374982 0.635415 0.394867 0.60196 0.356719 0.316563 0.297872 0.333887 0.472061 0.283773 0.26508 0.24865 0.240833 0.231035 0.214188 0.19981 0.28974 0.185945 0.184854 0.172878 0.156788 0.156346 0.171691 0.141901 0.128686 0.117373 0.117228 0.108344 0.100873 0.0981005 0.0930247 0.0924394 0.190036 0.0911395 0.0900263 0.0946221 0.0884532 0.0875358 0.0838134 0.0882018 0.0828545 0.115296 0.107652 0.0981136 0.161719 0.144913 0.0870953 0.0884674 0.0875846 0.0799561 0.0909758 0.106535 0.0795536 0.15378
threshold=0.58333333333333337 0.83333333333333337 1.0000000180025095e-35 1.0000000180025095e-35 1.5000000000000002 1.0000000180025095e-35 2019.5000000000002 -0.68301270189221941 2021.5000000000002 0.49487699643187538 0.41666666666666669 1.0000000180025095e-35 2019.5000000000002 2019.5000000000002 1.0000000180025095e-35 22.045000000000005 1.6160254037844388 0.93301270189221952 -0.11988832150951188 -1.1840978532714239 0.70744246079321549 129.32500000000002 -0.93301270189221908 -1.0000000180025095e-35 -1.0000000180025095e-35 1.0000000180025095e-35 2018.5000000000002 0.45787514843552302 -0.57022979751733527 1.5000000000000002 4.5000000000000009 -3.2590750376769875 1.0000000180025095e-35 0.25000000000000022 158.24000000000004 23.599707752077762 -1.0000000180025095e-35 2.053762707392409 2021.5000000000002 0.93301270189221941 2.0050000000000003 2018.5000000000002 0.68301270189221941 5.0750000000000011 -2.3126298058803516 87.820718501177936 0.6830127018922193 1.0000000180025095e-35 -1.0000000000000002 6.416666666666667 -1.0000000180025095e-35 2021.5000000000002 0.25000000000000022 12.641721619214154 9.2929510882574906 2.5000000000000004 1.5000000000000002 0.6830127018922193 1.0000000180025095e-35 12.350000000000003 2019.5000000000002 1.0000000180025095e-35
decision_type=2 2 2 2 2 2 2 2 2 2 2 2 2 2 2 2 2 2 2 2 2 2 2 2 2 2 2 2 2 2 2 2 2 2 2 2 2 2 2 2 2 2 2 2 2 2 2 2 2 2 2 2 2 2 2 2 2 2 2 2 2 2
left_child=3 5 -3 60 7 26 20 18 9 -6 12 -12 45 27 22 16 25 -17 -5 28 -4 -19 -10 24 -9 32 -2 41 57 30 31 -30 -16 -14 42 37 -28 -35 39 -25 -41 -7 43 -22 -31 -11 47 -29 -21 50 -50 53 -53 -52 55 -51 -56 58 -15 -60 61 -1
right_child=1 2 6 4 8 13 -8 23 14 10 11 -13 33 19 15 17 -18 21 -20 48 34 -23 -24 38 -26 -27 36 46 29 44 -32 -33 -34 35 -36 -37 -38 -39 -40 40 -42 -43 -44 -45 -46 -47 -48 -49 49 54 51 52 -54 -55 56 -57 -58 -59 59 -61 -62 -63
leaf_value=-0.053916589104403639 -0.061152962649000865 -0.053357729124815394 -0.023534500550676504 0.052620471570339444 -0.051986427054746431 -0.035156496202254507 0.067252207440505959 0.053961356779964498 0.052064227543200649 0.023360300561399202 0.066762992217662284 -0.058344920633607703 -0.040811928186112671 -0.01682069706423106 0.097891487711958478 -0.059604664433990255 -0.066529635180867894 0.12506137590632105 -0.042157122712976919 -0.065260396309630694 -0.01725527515109895 -0.045649730589400896 -0.056601162560835395 -0.060864687470431625 -0.05770007983336628 -0.014521993914005361 0.13815673505903914 0.021883732665833874 0.0095089059778700278 0.02453907122239261 -0.005741980252073748 0.053320523503674382 0.0034947411267576703 0.1077309031774366 0.056759069505168472 -0.03214773986981645 -0.0086385310074057666 -0.035076150039794272 -0.029269863106606415 0.03441899064168407 -0.053774126151863472 0.052634983844509743 0.0014146626010251542 0.041274806731756472 -0.065673045522655529 -0.015858923257613549 -0.014352034041388182 0.054616218039944167 0.079953017395491904 -0.04899593588651175 -0.028503243945383575 0.064767125593520616 -0.048142899650330563 0.04189353501605679 0.023676668051366846 -0.01549668322527171 -0.018016481761890822 -0.041753122902838058 0.071319009635320604 -0.0022748774839220715 -0.062446113603512043 0.031081072796752776
leaf_weight=1.6056134241789575 0.61232102728354298 0.44477997890499033 0.14541312887376845 0.15087441977448179 0.93973386564175543 0.19923871065475385 5.4898386348895656 0.097372193929913919 0.046472819303744806 0.51012552939937472 0.38518711109645654 0.12813062380882911 0.84991692366565985 0.38286066099863125 0.15509760191162048 0.47676113995476044 0.124261254677549 0.040984702496643877 0.14436641453357779 0.08427447516623976 0.072172933441834508 0.038379104502382688 1.8725562749159506 7.8634023215417965 0.14402600117773268 0.079061349533731118 0.013288144462421769 1.3775328297560916 0.2967904941397137 0.040775744975690031 0.33972071274183691 0.48987906447291585 0.047058595750058885 0.038328648350216099 0.94793386438141158 0.064656993055905332 0.098092601117969025 0.017523946287838044 0.25871762694441791 0.077365607867250108 0.29018606111458212 0.034713194951109472 0.17882439590539423 1.5966893902368609 0.081446404126836458 0.19730276469999808 0.13414682547772816 0.24195544225767651 0.042645075949621969 0.43205446792126145 0.35675155603712516 0.10973921163167688 0.044602323661820265 0.091945356592987082 0.1514615067280829 0.36239316347382555 0.74817446083034156 0.16259780204200069 0.07621299070524401 0.13861604826706753 22.142945132571185 0.055038173946741042
leaf_count=12075 5830 5441 2228 56 6928 1695 54929 45 45 9444 219 205 4969 2503 217 326 50 121 76 103 617 76 2273 1526 176 90 98 29624 649 91 4654 1338 87 107 35302 495 802 126 55 49 196 288 5018 56615 74 3708 1590 6918 233 294 1265 285 61 680 462 2775 4570 668 388 671 10752 915
internal_value=0 0.0271522 0.0519132 -0.0552419 -0.0450914 -0.00360977 0.0574669 -0.0554292 -0.0295693 -0.0175911 -0.00283988 0.0355345 -0.01458 0.00166151 -0.0425882 -0.0198747 0.0146296 -0.0450323 0.00627627 -0.00577265 0.0392013 0.0425081 -0.0539696 -0.0575157 -0.0126595 0.0504914 -0.0503754 0.018242 0.00723531 0.0181352 0.0239634 0.0367915 0.0759175 -0.0342641 0.0424645 0.0119155 0.0088747 0.0629247 -0.0587912 -0.0597191 -0.0352104 -0.0221302 0.0351308 0.0387436 -0.0355765 0.012422 0.023628 0.026774 -0.0165529 -0.0147985 0.00317981 -0.00224936 0.0321379 -0.0140778 -0.0216507 -0.033715 -0.0109971 -0.0106655 -0.00220831 0.0238334 -0.0616545 -0.0510996
internal_weight=0 16.0199 8.87565 38.8414 15.0378 7.14423 8.43087 9.02631 6.01154 3.13091 2.19117 0.513318 1.67785 6.42053 2.88063 0.961604 0.405479 0.556125 0.295241 4.43294 2.94103 0.0793638 1.91903 8.73107 0.241398 0.281218 0.723702 1.98759 2.0089 1.24861 1.12639 0.78667 0.202156 0.970427 2.79562 0.12051 0.111381 0.0558526 8.48967 8.23095 0.367552 0.233952 1.84769 1.66886 0.122222 0.707428 1.75364 1.61949 2.42404 2.33977 0.645684 0.603038 0.154342 0.448697 1.69408 0.794448 0.899636 0.760288 0.59769 0.214829 23.8036 1.66065
internal_count=284166 228759 160150 55407 31665 68609 154709 2179 29486 26201 19273 424 18849 61879 3285 967 444 523 132 21764 99780 197 2318 2047 221 394 6730 40115 11036 6806 6641 1987 304 5697 97552 728 900 233 1826 1771 245 1983 62250 57232 165 13152 38132 36542 10728 10625 2524 2291 346 1945 8101 3069 5032 4230 3562 1059 23742 12990
is_linear=0
shrinkage=0.05


Tree=17
num_leaves=63
num_cat=0
split_feature=68 68 64 66 64 77 58 56 68 57 68 70 70 9 66 36 21 58 35 51 51 71 70 54 68 4 56 22 47 89 19 48 91 57 50 31 37 64 38 70 79 70 22 64 52 52 58 58 36 64 68 9 39 70 51 64 15 76 58 35 66 79
split_gain=28.8035 4.46657 1.93235 0.976907 0.660047 0.579632 0.688797 0.720845 0.35994 0.266992 0.234645 0.234044 0.215818 0.192752 0.305704 0.174398 0.170242 0.149672 0.241042 0.231882 0.156289 0.13837 0.127297 0.125779 0.119144 0.109723 0.109481 0.107267 0.103661 0.099288 0.0974442 0.189657 0.0854908 0.0803684 0.0783517 0.0782199 0.077339 0.0824331 0.075673 0.0752087 0.0728483 0.0692741 0.0691272 0.0711632 0.0682008 0.0882786 0.0906286 0.0670433 0.0665793 0.0717746 0.065903 0.151126 0.0626998 0.0664003 0.0603889 0.0597326 0.0676414 0.0534041 0.0551515 0.0647688 0.0543895 0.0536086
threshold=0.58333333333333337 0.83333333333333337 1.0000000180025095e-35 1.0000000180025095e-35 1.0000000180025095e-35 1.5000000000000002 22.853363971587765 2.855770334290217 0.41666666666666669 -4.0053661616161653 0.41666666666666669 0.73172474614556082 0.59393369072629854 -12.745190528383292 1.7383333333333335 -1.25 -0.6830127018922193 6.9378490071846022 0.68301270189221941 1.0000000180025095e-35 -14.591117728693035 -1.156472346384416 2.1819115296204252 1.4727969940722387 0.41666666666666669 0.93301270189221952 0.72442891821284328 1.866025403784439 -0.27557263768474799 1.5000000000000002 1.8369701987210299e-16 -3.8007963331665011 1.5000000000000002 -1.747007251719356 -9.1756654080187907 -1.0000000180025095e-35 -0.6830127018922193 42.060000000000009 -4.592425496802573e-16 10.53409616837923 1.0000000180025095e-35 1.0000060415221739 0.6830127018922193 15.215000000000002 1.6238681256950331 -1.2675844783335319 66.276886385469581 0.76364184685231729 -4.592425496802573e-16 2.5500000000000003 0.41666666666666669 24.500000000000004 -0.93301270189221919 1.0529013041942192 -4.9819162317044876 4.0250000000000012 -1.0000000180025095e-35 1.5000000000000002 7.8751016804524934 1.0000000180025095e-35 3.3450000000000006 1.0000000180025095e-35
decision_type=2 2 2 2 2 2 2 2 2 2 2 2 2 2 2 2 2 2 2 2 2 2 2 2 2 2 2 2 2 2 2 2 2 2 2 2 2 2 2 2 2 2 2 2 2 2 2 2 2 2 2 2 2 2 2 2 2 2 2 2 2 2
left_child=3 4 -3 -1 -2 6 7 15 16 21 -8 42 -10 14 -7 -5 35 -14 19 20 -19 39 36 27 -25 28 -4 29 47 30 -17 34 -24 -12 -32 -9 -18 54 55 41 -34 -6 43 57 45 -23 -47 -13 -30 -50 51 -15 53 -49 -38 56 -28 58 61 60 -60 -11
right_child=1 2 26 5 9 13 10 8 12 11 33 25 17 50 -16 23 22 18 -20 -21 -22 44 32 24 -26 -27 38 -29 48 -31 31 -33 40 -35 -36 -37 37 -39 -40 -41 -42 -43 -44 -45 -46 46 -48 52 49 -51 -52 -53 -54 -55 -56 -57 -58 -59 59 -61 -62 -63
leaf_value=-0.060881233028826004 -0.049029590389251546 -0.05186229311594908 0.0045038832315202346 0.085120715527466292 0.021542635801323866 0.12443038863958022 -0.034156931636641095 -0.003719728256654765 -0.035101837906581772 -0.044558797956984829 -0.036354917538840688 0.081665568937749539 0.071241193631048916 -0.052074065142001857 -0.058854716505609611 -0.053979016887637656 0.073614093688171262 -0.016211779384320602 0.069320493285142198 -0.040677868755479261 0.081955508676068697 0.015994955188073364 -0.052053767852860255 -0.024145683720088129 0.080364715519631272 0.019203314734884729 -0.062544240127055464 0.025584059007569816 0.054974167423699608 0.010621659093811742 -0.009690609555681351 -0.055346094360217028 -0.035408321214809337 -0.060508705154359382 0.099996667138588485 0.11420579573414472 0.0030997674655104637 0.059850088633604331 0.058214952092858922 0.073422328857671124 0.11261037041935085 -0.016579511271890616 -0.023486833262575078 0.023715584087987577 0.010277295979160543 0.061286059366521609 0.01224981318975089 -0.03049963400226427 0.073885942661581758 -0.0073103107570070564 -0.061412382352968087 0.030662644152072895 -0.024196598296911356 0.098036081408146625 -0.028535832949423374 0.045854102611813642 0.037715478755426766 0.076691113896901905 0.021553731062992253 0.080497144667151535 -0.039182309466897325 0.047342004064369315
leaf_weight=22.880565149068389 0.70603400823165152 0.43685116890174036 0.10162897161171613 0.026789937779540529 0.16759189332515223 0.037501688697375246 1.6330870282372414 0.024048794608461321 0.13049543619854365 0.11813321564841295 0.39338759939710177 0.015481511480175514 0.20256589743075892 1.0919526004963689 0.05783665634226054 1.7445077133834264 0.026573266273769325 0.07043808585149236 0.17164877930190414 0.18921455679810606 0.095536357534001581 0.34083056838244363 0.37078634290810442 0.11238383656836948 0.036007980350404978 0.25565902078051284 0.028284511694437242 0.050384514965116867 0.048791620343763498 0.069040040225445298 0.028974074601137545 0.10919870205907489 0.018455492747307289 2.7652330486453138 0.037163067667279392 0.033861109230199138 0.2334340153174681 0.036496966420600074 7.3617517153306862 0.031788768164915382 0.01512452051974833 0.41242213214172807 0.11982068417273684 0.88965977191219281 0.38739260272632237 0.37539513963019988 0.12580331229219155 0.018647202057764267 0.028044634067555418 0.92217204216649407 4.1668133135972312 0.058131238620262482 1.8074898789946012 0.021787008994579082 0.42639585307188888 0.62552035011503904 0.04151465810718491 0.019668400036607636 0.091982130043106736 0.027532793803402456 0.061509836317782174 0.018330810322368052
leaf_count=23706 6746 5499 1031 41 3414 27 13234 328 103 377 283 13 104 2546 105 5157 260 102 35 53 49 6873 913 500 8 1596 134 42 614 40 83 36 146 391 30 92 2484 1071 141347 159 16 3742 1569 17617 5363 2578 1087 107 87 7114 246 45 8007 118 3204 11878 291 111 780 143 211 96
internal_value=0 0.0264309 0.0505895 -0.0544516 -0.00318382 -0.0442801 -0.03654 -0.0219106 -0.000506954 0.00194923 -0.0495447 -0.00465773 0.0241193 -0.0572243 0.0132412 -0.0416773 -0.0183744 0.0347143 0.02067 -0.00284086 0.0402942 0.0179702 -0.0226695 -0.04323 0.00121426 -0.012181 0.0560752 -0.0464641 -0.0149841 -0.0482893 -0.0504078 -0.0148761 -0.0451351 -0.0575005 0.0519437 0.0652337 -0.010103 -0.0132978 0.0567258 -0.00146024 0.0312597 -0.00556432 0.0127619 0.0163023 0.0276394 0.0356272 0.0489777 -0.021951 -0.00198895 -0.00491389 -0.0584879 -0.0478921 -0.0228191 0.0387588 -0.0173438 0.0409587 -0.00291247 -0.00325929 -0.00821221 0.00988137 -0.00278542 -0.032214
internal_weight=0 15.6075 8.59555 37.344 7.01197 14.4635 9.05123 4.25953 2.04508 6.30593 4.79171 4.46471 0.859899 5.41224 0.0953383 2.21445 1.18518 0.729404 0.526838 0.355189 0.165974 1.84122 1.12727 2.18766 0.148392 3.11807 8.1587 2.03927 2.86241 1.98888 1.91984 0.175336 0.404366 3.15862 0.0661371 0.0579099 0.7229 0.696327 8.05707 0.611803 0.03358 0.580014 1.34664 1.22682 1.22942 0.842029 0.501198 1.86341 0.999008 0.950217 5.3169 1.15008 1.84792 0.0404342 0.65983 0.69532 0.0697992 0.337157 0.317489 0.181025 0.153492 0.136464
internal_count=284182 228702 160180 55480 68522 31774 28805 14897 8960 61776 13908 38560 446 2969 132 5937 8514 343 239 204 151 23216 8094 5896 508 17656 154681 5388 16060 5346 5306 149 1075 674 113 420 7019 6759 153650 7315 162 7156 20904 19335 15901 10538 3665 8245 7815 7201 2837 2591 8232 225 5688 12303 425 1718 1607 1134 991 473
is_linear=0
shrinkage=0.05


Tree=18
num_leaves=63
num_cat=0
split_feature=69 69 63 67 8 3 63 17 79 63 58 69 38 65 3 3 57 54 3 3 54 60 1 10 51 3 52 16 10 63 17 20 18 89 67 10 69 49 65 60 17 86 8 57 3 32 16 3 34 69 8 79 77 19 54 8 90 33 35 56 17 67
split_gain=26.205 4.29372 1.80874 0.966047 1.024 0.614988 0.595975 0.39766 0.445957 0.38888 0.520393 0.51222 0.451384 0.474094 0.416425 0.285092 0.24582 0.234789 0.223102 0.174232 0.168042 0.164722 0.177623 0.15255 0.154238 0.15178 0.151461 0.15728 0.141754 0.214906 0.140672 0.137719 0.126988 0.124269 0.122687 0.25839 0.172977 0.119399 0.117358 0.116726 0.102156 0.100878 0.100234 0.0972162 0.0835298 0.155761 0.151926 0.0826927 0.0801653 0.0778785 0.0771357 0.0787482 0.0739211 0.0738612 0.0810728 0.0867608 0.0735219 0.0706339 0.0733604 0.0704637 0.0701997 0.0701966
threshold=0.58333333333333337 0.83333333333333337 1.0000000180025095e-35 1.0000000180025095e-35 1.5000000000000002 2019.5000000000002 1.0000000180025095e-35 -1.0000000180025095e-35 1.5000000000000002 1.0000000180025095e-35 38.442128440792139 0.41666666666666669 -1.0000000180025095e-35 0.97000000000000008 2019.5000000000002 2019.5000000000002 -1.1840978532714239 0.70744246079321549 2019.5000000000002 2020.5000000000002 0.45787514843552302 -6.9583738136733464 4.5000000000000009 3.4820508075688781 -7.0194893009934631 2020.5000000000002 -12.790487480440499 -0.93301270189221908 0.6830127018922193 19.923333333333336 2.7990381056766584 -0.5 -1.0000000000000002 1.0000000180025095e-35 23.145000000000003 6.0310889132455356 0.41666666666666669 -15.888237391385609 43.030000000000008 2.8953740869908535 1.2500000000000002 1.0000000180025095e-35 9.5000000000000018 0.12521465117564634 2019.5000000000002 1.0000000180025095e-35 1.0000000180025095e-35 2018.5000000000002 0.93301270189221952 0.41666666666666669 8.5000000000000018 1.0000000180025095e-35 1.5000000000000002 1.866025403784439 23.929048818410013 1.5000000000000002 1.5000000000000002 0.25000000000000022 -1.0000000180025095e-35 0.47919519145468503 2.7990381056766584 829.04500000000019
decision_type=2 2 2 2 2 2 2 2 2 2 2 2 2 2 2 2 2 2 2 2 2 2 2 2 2 2 2 2 2 2 2 2 2 2 2 2 2 2 2 2 2 2 2 2 2 2 2 2 2 2 2 2 2 2 2 2 2 2 2 2 2 2
left_child=3 6 47 44 7 17 18 8 34 21 11 14 -13 -14 -11 20 23 -4 -2 -12 48 22 -6 25 -25 -17 -27 -28 -15 -30 -21 33 -16 43 35 36 -5 -29 41 60 -41 -19 57 -9 45 -1 -47 -3 -8 -33 53 -52 61 54 -18 -56 -40 58 -39 -26 -34 -22
right_child=1 2 5 4 9 -7 15 31 -10 10 19 12 13 28 32 16 50 38 -20 30 52 -23 -24 24 59 26 27 37 29 -31 -32 49 39 -35 -36 -37 -38 42 56 40 -42 -43 -44 -45 -46 46 -48 -49 -50 -51 51 -53 -54 -55 55 -57 -58 -59 -60 -61 -62 -63
leaf_value=-0.052003074459616105 -0.05476232980009909 -0.056302611950785376 -0.025641445284297654 -0.010127614182043929 -0.06233249787748834 0.065251832485293856 -0.031528542291878604 0.046792280173255256 0.085244687177284117 0.017606854504181355 -0.013597672218497191 -0.065500662995127953 -0.062899851302925677 0.076248932924747242 0.10539364898006372 -0.024722523811596009 -0.02671199285395965 0.018659275726299274 0.071793218824034902 -0.051671555847644352 0.021705030023332423 -0.057760396962602725 0.073758742418704379 0.01480705423640463 0.064406422749203232 -0.021952328841057453 -0.036204605869514225 0.011105360105544899 0.069907014659959896 -0.022933412655188761 0.04852487877415515 -0.042620438409531392 -0.049645737798784784 -0.065481893451978551 -0.05531198592920919 -0.063638576523118259 0.10269323263355937 -0.012043972035607853 0.049640358257313166 -0.021463711225571641 0.09443238084822532 0.057211219486961812 -0.015303254085566259 -0.031795765160478238 -0.061002043132186594 -0.012608323244200775 0.1834074011494429 0.041304043274101893 0.07623134363296126 -0.06022752826006892 -0.010473851752686503 0.052426761411886659 0.067699391444852861 0.075540898298294093 0.031618574275172805 -0.015257562827142147 -0.015294844176184423 0.015948274036250289 0.07666145832393427 -0.030169584932554439 0.055618822933254222 -0.032298923152717783
leaf_weight=1.511549622211535 0.65306278453317368 0.40330572529728659 0.14611751063421285 0.079969970895035547 0.044869286026368971 5.0014297114830697 0.21719932788073482 0.076135856052132911 0.092169756040675566 0.50738867039035573 0.45421684995471845 0.11568935528339352 0.095451795030385145 0.37403230625204742 0.015787664000526891 0.1652934718586041 1.5713295636505802 0.84093750374358955 0.036785771500944975 1.39210704312336 1.6007873115577238 1.1109831902913345 0.051490251631548745 0.40514633865132055 0.020509515019511926 0.1333392768065097 0.069372190577269177 0.21151379071488929 0.13710491145320702 0.11429436467005871 0.035934421728598065 0.69044136546653856 0.86844089703390615 0.098221750027732924 0.29816477803069574 0.11444655150899052 0.059068674454465508 0.024890604596294108 1.5840845432940112 0.42059166257513425 0.019914026888727676 0.21258003673301573 0.045071617352732574 0.081450976875203196 19.854154973694676 0.041566600631995132 0.012969717088708421 0.022933337388167274 0.018748655644230894 6.9480852394917747 0.145655258118495 0.075577932035230333 0.084183574233975267 0.020044930981384712 0.12788425511826051 0.43268618423280714 0.044824406944826367 0.068394948626519181 0.36653358235707811 0.49555820716886956 0.01613259863370331 0.062523687945940654
leaf_count=12030 6434 5197 2240 152 66 54839 1892 55 36 8513 7407 135 16 162 38 1294 3499 21778 257 2923 34133 5329 87 2760 72 1279 179 1498 89 115 53 1098 2717 15 307 83 28 46 68280 1865 61 6047 962 64 10799 682 240 344 79 357 3054 1549 2414 27 406 2102 1359 107 1077 1752 19 1639
internal_value=0 0.0247803 0.0492536 -0.0534049 -0.0433475 0.0547138 -0.0038717 -0.054346 -0.016561 -0.0270849 -0.0204135 -0.00628168 0.0261799 0.040893 -0.0209747 0.000914569 -0.00620887 0.0360806 -0.0480138 -0.0405709 0.0166408 -0.0523213 0.0103886 0.00667783 -0.00828344 0.0193875 0.0273203 0.0356814 0.0567336 0.0276987 -0.0491503 -0.0574275 -0.0355741 -0.0213401 -0.0335707 -0.00799718 0.0378028 0.0426424 0.0394427 -0.0372537 -0.0162244 0.0264383 0.0558542 0.00617294 -0.0601251 -0.0490079 0.0340077 -0.051051 -0.0229658 -0.058636 -0.0170997 0.0110143 0.0219885 -0.01999 -0.0208882 -0.0045636 0.0478535 0.062829 0.0710207 -0.026411 -0.047726 0.019675
internal_weight=0 15.3083 8.25621 35.7328 14.3126 7.82997 7.05209 8.53815 0.64382 5.77443 4.56709 2.68483 0.836573 0.720883 1.84826 6.36224 4.3788 2.82854 0.689849 1.88226 1.98344 1.20734 0.0963595 2.00562 0.921214 1.08441 0.919116 0.785777 0.625432 0.251399 1.42804 7.89434 1.34087 0.255809 0.55165 0.253485 0.139039 0.716405 2.68243 1.32508 0.440506 1.05352 0.504891 0.157587 21.4202 1.56609 0.0545363 0.426239 0.235948 7.63853 2.37318 0.221233 1.74749 2.15194 2.1319 0.56057 1.62891 0.459819 0.391424 0.516068 0.884573 1.66331
internal_count=284136 228595 160084 55541 31790 154543 68511 2195 606 29595 24113 13730 517 382 13213 61820 21663 99704 6691 10383 40157 5482 153 11026 4584 6442 5148 3869 366 204 2976 1589 4700 134 570 263 180 3690 97464 4662 1926 27825 2192 119 23751 12952 922 5541 1971 1455 10637 4603 38186 6034 6007 2508 69639 1230 1123 1824 2736 35772
is_linear=0
shrinkage=0.05


Tree=19
num_leaves=63
num_cat=0
split_feature=68 68 63 66 59 63 8 20 71 64 58 68 5 68 56 63 21 66 57 59 57 8 76 8 46 56 70 26 66 35 56 58 76 86 77 56 64 45 37 8 17 58 68 8 86 21 10 26 24 26 65 8 19 15 19 60 20 34 51 42 47 58
split_gain=24.1667 3.93976 1.65382 1.17514 0.760457 0.573578 0.358056 0.238373 0.237204 0.231237 0.228958 0.234365 0.170969 0.144217 0.227519 0.138903 0.135153 0.210033 0.130719 0.127372 0.122243 0.128504 0.116795 0.114457 0.110161 0.106676 0.101345 0.0979949 0.115903 0.0925708 0.135585 0.0914946 0.0969959 0.0892774 0.0880933 0.0871679 0.0848826 0.0840765 0.0823508 0.0811304 0.0789015 0.157067 0.0946895 0.0766694 0.242983 0.0746098 0.0723929 0.0861107 0.0705558 0.0699743 0.0817281 0.0676086 0.0675492 0.0672849 0.0749806 0.0685519 0.0657861 0.0581719 0.0577906 0.0567807 0.0564813 0.0712146
threshold=0.58333333333333337 0.83333333333333337 1.0000000180025095e-35 1.0000000180025095e-35 -0.17079352850539162 1.0000000180025095e-35 1.5000000000000002 -2.7554552980815443e-16 0.34470991614718444 2.5500000000000003 30.167336488131372 0.41666666666666669 -0.68301270189221941 0.41666666666666669 3.8637116999495666 27.002727272727274 1.0000000180025095e-35 1.3466666666666669 2.8453587656888213 1.9169357568820111 -2.0780674739738982 3.5000000000000004 1.5000000000000002 4.5000000000000009 0.25000000000000017 0.48061083993311587 0.60812005287550386 0.6830127018922193 12.350000000000003 1.0000000180025095e-35 9.4663016184717836 6.5221891483257064 1.5000000000000002 1.0000000180025095e-35 1.0000000180025095e-35 1.1214846915384937 23.030000000000005 1.366025403784439 0.25000000000000022 3.5000000000000004 -1.0000000180025095e-35 6.9378490071846022 0.41666666666666669 1.5000000000000002 1.0000000180025095e-35 -1.0000000180025095e-35 6.9641016151377562 -4.592425496802573e-16 0.6830127018922193 -1.0000000180025095e-35 10.035000000000002 1.5000000000000002 0.25000000000000028 1.0000000180025095e-35 1.0000000180025095e-35 2.0584027437530614 0.6830127018922193 1.6160254037844388 0.67401569935218497 -0.93301270189221908 -18.737367116954896 1.9272004741461413
decision_type=2 2 2 2 2 2 2 2 2 2 2 2 2 2 2 2 2 2 2 2 2 2 2 2 2 2 2 2 2 2 2 2 2 2 2 2 2 2 2 2 2 2 2 2 2 2 2 2 2 2 2 2 2 2 2 2 2 2 2 2 2 2
left_child=3 5 -3 -1 13 -2 7 12 20 59 11 19 -6 46 -15 -13 29 -18 22 -11 27 31 23 24 36 -4 -20 28 52 30 -16 43 48 34 -27 -29 -10 39 -26 -12 41 42 -9 -22 -45 -32 47 -5 53 -30 -51 -28 -7 55 -55 -33 -57 -23 60 -8 -49 -62
right_child=1 2 25 4 6 8 9 40 18 10 37 15 -14 14 16 -17 17 -19 26 -21 21 57 -24 -25 38 33 51 35 49 -31 45 32 -34 -35 -36 -37 -38 -39 -40 -41 -42 -43 -44 44 -46 -47 -48 58 -50 50 -52 -53 -54 54 -56 56 -58 -59 -60 -61 61 -63
leaf_value=-0.059477685227111846 -0.047336745243931118 -0.050225934342961603 -0.0076595017464231741 -0.047366899661026668 0.039169916337543707 0.019784912256274843 0.0071716356838727804 -0.034781004292869913 0.062044156835251274 -0.039262134449513729 -0.047514659092518396 0.047584102745362247 -0.043955280815344236 0.055155884049855421 0.041352179621977729 -0.024038823484635222 -0.039672249186426173 0.063680874248629962 0.022653203614932269 -0.0037050696882468988 -0.063975547314725517 0.0058004484739190435 -0.038760191891703488 0.0065603606801423534 0.01920636702792855 0.044011142033625314 0.030171745116348753 0.055257007111694678 0.030283004378166941 -0.064599939003443504 -0.069120361845757705 -0.014431189208005008 0.072188936197961448 0.062368081084619657 0.05698141544213902 -0.032431892138653162 0.028386855692999827 0.089051983289310854 -0.067647715005015971 -0.014961285038547691 -0.058005616040698586 -0.052728867600900023 0.041712638038686155 -0.04401875600701869 0.092080068780856422 -0.010566271457103253 -0.042673949716567967 -0.021478775452888874 -0.043365014265652056 -0.036519597481365747 0.0044555020669815584 -0.020087052999994151 0.065959433109018112 0.020945812570824309 -0.052345091307819884 0.025849078132731934 -0.054675521344775484 -0.066500630251739773 -0.027017915386016056 -0.053326946292525546 -0.059369443396696059 0.016652361197361024
leaf_weight=20.95283294213732 0.66699641171817159 0.40472476221111708 0.070608729691229999 0.19779127965193777 0.1142700387572404 0.50717032302964093 0.03998960148419417 0.081876888605620368 0.36942282337258825 0.55407612023373098 1.0922894700106551 0.22380097438872315 0.13486230816124578 0.1646311635558958 0.085367102976306342 0.097047813003882766 0.081472933758050203 0.12392771778104361 0.29741703365652927 0.46175726079218293 0.1937082257063597 0.79992647245671822 0.071433496215831727 0.45965290459389507 0.10852121183779673 2.6182999396560263 0.0773398970868584 0.032176453412830486 0.12212022784478893 0.11678184859920293 0.086520109209232032 0.52314048182779493 0.031914684223011025 2.2700932088591799 2.6182409752445892 0.23772238505080168 0.38003536704854923 0.012388761031615902 0.036460846044064965 0.23205761193003116 5.0571235142506321 0.5763081560471619 0.079972643172368407 0.19941279863087402 0.039249820911209099 0.14655473729362711 0.36962382509500447 0.22839376265255851 0.19821872591637657 0.20231003592743957 0.30540154458867619 0.49637841009644035 0.093864384471089579 0.044704682197334478 0.15906610449565051 0.23092957201879472 0.028493522822827799 0.028822842832596507 0.36169394803800969 1.2862061213618292 0.033788871834985135 0.34893516563715821
leaf_count=23638 6750 5428 683 1146 55 5147 116 82 1656 2490 2935 127 59 67 61 103 17 116 6250 4289 132 13469 274 9499 798 65079 290 142 971 18 32 2656 117 30099 58658 1210 4170 25 33 4170 954 282 29 368 73 108 1743 1771 650 1409 4831 4857 528 402 254 1460 62 104 2713 5246 136 2797
internal_value=0 0.0242931 0.048251 -0.0522596 -0.0400525 -0.00325396 -0.0460386 -0.0537179 0.00143178 -0.0344332 -0.0259656 -0.011333 -0.00582808 -0.0144184 0.00272853 0.0259202 -0.0107445 0.0226855 0.0142264 -0.0230993 -0.00595441 -0.0127758 0.0235513 0.0268385 0.0372594 0.053511 -0.00103296 0.00530686 0.0112897 -0.0265216 -0.0125571 -0.0208488 -0.0138269 0.0540864 0.0504962 -0.0219779 0.0449772 -0.0405977 -0.00263615 -0.0418105 -0.0557767 -0.0405062 0.00301582 -0.0406049 -0.0216363 -0.0323022 -0.0233831 -0.017292 -0.0161443 -0.00369844 -0.011872 -0.0133119 0.026996 -0.0106739 -0.036266 -0.00401005 0.0170047 0.00328591 -0.0111772 -0.0515027 -0.0018017 0.00994076
internal_weight=0 14.924 7.98197 33.3423 12.3895 6.94201 10.044 6.04441 6.27502 3.99961 2.67342 1.33668 0.249132 2.34548 0.805256 0.320849 0.640624 0.205401 2.29666 1.01583 3.97835 2.47759 1.42553 1.35409 0.89444 7.57724 0.871135 1.50077 1.23087 0.435224 0.318442 1.64884 1.21647 7.50663 5.23654 0.269899 0.749458 1.33674 0.144982 1.32435 5.79528 0.738158 0.16185 0.432371 0.238663 0.233075 1.54023 1.1706 1.18455 0.629832 0.507712 0.573718 0.601035 0.986334 0.203771 0.782564 0.259423 0.828749 0.972812 1.3262 0.611118 0.382724
internal_count=283834 228509 159947 55325 31687 68562 20962 1461 61812 19501 14139 7009 114 10725 419 230 352 133 27827 6779 33985 19747 16430 16156 6657 154519 11397 14238 12886 219 201 6174 5601 153836 123737 1352 5826 7130 831 7105 1347 393 111 573 441 140 10306 8563 5484 7211 6240 5147 5675 4834 656 4178 1522 13573 7417 5362 4704 2933
is_linear=0
shrinkage=0.05


Tree=20
num_leaves=63
num_cat=0
split_feature=68 68 63 66 59 3 63 20 3 10 58 54 70 54 57 10 3 64 46 70 67 3 68 56 3 89 49 35 3 66 27 24 57 91 17 68 9 63 36 81 10 3 67 25 3 32 10 34 63 3 63 3 56 59 78 65 46 60 58 3 65 70
split_gain=23.6617 3.81465 1.56123 0.873607 0.861761 0.640396 0.523382 0.376593 0.286867 0.249465 0.332654 0.471233 0.212032 0.204339 0.193348 0.178406 0.174169 0.157703 0.153975 0.152228 0.150954 0.150734 0.150209 0.177954 0.172788 0.143031 0.131704 0.131233 0.127379 0.124239 0.121774 0.111037 0.109762 0.103285 0.109245 0.103271 0.102605 0.0994495 0.0945247 0.0926159 0.0919645 0.0909596 0.125491 0.0844538 0.0840358 0.15813 0.145192 0.0790389 0.0795873 0.0780484 0.0774628 0.0749566 0.0747841 0.119316 0.0728479 0.0694657 0.0692757 0.0709363 0.0797989 0.0805238 0.0724938 0.0698227
threshold=0.58333333333333337 0.83333333333333337 1.0000000180025095e-35 1.0000000180025095e-35 -0.17079352850539162 2019.5000000000002 1.0000000180025095e-35 -0.68301270189221941 2019.5000000000002 7.8971143170299758 30.167336488131372 1.7215458729858788 4.9325517518088215 0.70744246079321549 0.12521465117564634 -7.2500000000000009 2018.5000000000002 101.13250000000001 0.25000000000000017 9.8506476658819242 50.025000000000006 2019.5000000000002 0.41666666666666669 4.4885238779805219 2021.5000000000002 1.5000000000000002 -12.155624047661373 0.68301270189221941 2019.5000000000002 10.363333333333335 0.93301270189221952 -0.68301270189221941 3.2246770923865551 1.0000000180025095e-35 -2.0000000000000004 0.41666666666666669 6.9641016151377562 18.509583333333335 -0.68301270189221941 1.5000000000000002 -10.446152422706628 2020.5000000000002 279.02500000000003 0.25000000000000022 2019.5000000000002 1.0000000180025095e-35 8.8301270189221963 -1.0000000000000002 589.28250000000014 2019.5000000000002 19.923333333333336 2018.5000000000002 3.5495596051749083 -0.082301419510721882 1.0000000180025095e-35 50.005000000000003 0.25000000000000017 5.721453097279281 61.678067917056815 2021.5000000000002 9.0250000000000021 0.40112268931597034
decision_type=2 2 2 2 2 2 2 2 2 2 2 2 2 2 2 2 2 2 2 2 2 2 2 2 2 2 2 2 2 2 2 2 2 2 2 2 2 2 2 2 2 2 2 2 2 2 2 2 2 2 2 2 2 2 2 2 2 2 2 2 2 2
left_child=3 6 51 44 20 13 16 14 19 10 11 25 27 -4 26 -13 -2 18 38 39 22 -12 28 -24 37 52 -6 31 -5 36 -22 32 43 -23 -35 -17 50 -25 -14 -8 -18 42 -11 55 45 -1 -47 -33 56 -42 -15 -3 -9 -54 -29 -10 57 -49 60 -60 -59 -58
right_child=1 2 5 4 7 -7 8 9 12 41 21 15 17 29 -16 35 40 -19 -20 -21 30 33 23 24 -26 -27 -28 54 -30 -31 -32 47 -34 34 -36 -37 -38 -39 -40 -41 49 -43 -44 -45 -46 46 -48 48 -50 -51 -52 -53 53 -55 -56 -57 61 58 59 -61 -62 -63
leaf_value=-0.050478589379703211 -0.058255757454951901 -0.054604938617579563 -0.025541451157991314 0.0094907138478851315 -0.026305430232144236 0.063509521892661555 0.016590145709719034 -0.048351522324942976 -0.02172325558854946 -0.037784052780135843 -0.0066727701714138655 -0.039412647864426539 -0.020868367802801616 0.04779514041355358 -0.046821696294191008 0.00301527766404559 0.15517391659335278 -0.031363574108357578 -0.038359299441458106 -0.042979156642083509 -0.039842028812926006 -0.057209951559566756 0.055883905901501163 0.059549097585836153 -0.038223557091424172 0.10079726900637838 0.071175347995369051 0.0029981218059274032 -0.028234143585447586 0.041467621900899913 0.073613660736974243 0.091127347719903287 -0.017488281319839802 0.09053270480835468 -0.032461626750220691 0.047598490942649986 -0.034180858225720749 -0.013407729536204614 0.051676064151587445 0.056364868095959531 -0.032740087268645759 -0.058244274931700785 0.10612375698485943 0.068073257274171267 -0.059753257065080868 0.10764190326439321 -0.058656771533129315 -0.020411894606582121 0.030696466295033916 0.066484525986746951 0.0024377547873768845 0.039126625955619415 0.071903629364166471 -0.032374211671226005 0.06541023690444718 0.054503772505648168 0.049771881064345651 -0.0239545597553628 0.0016060228507290217 -0.050038675610410289 0.021761431624850447 -0.039939140438088529
leaf_weight=1.3857113416233939 0.53367121571045384 0.3747215096009312 0.14097245399170821 0.3144058600182682 0.048668361416275729 4.7533985831178143 1.6869263809767288 1.4610516350448945 0.079009077309820763 0.29211309883794445 0.17119513663601571 0.17771888588958973 0.050721669225822552 0.1840675921612277 0.092519750143765123 0.39244144429812866 0.010164200233703014 0.11844054113134916 0.066294213658693479 0.1010670268387911 0.60119561121427967 2.9553258020632716 0.17744422460964404 0.11117115679371636 0.19182468086364679 0.017162122414447256 0.12029410833747434 0.1101145871925836 0.77610835667292122 2.1052630709464211 0.024619057459858595 0.017049504080206446 0.18356467487683403 0.020040741888806224 0.18211254630023166 0.19415019146981649 0.092463284236146137 0.080557385590509512 0.39143695965503855 0.16026035640243197 0.066340276300252299 5.46386782436457 0.015977580100297928 0.10274850898349541 18.707916981926246 0.03088150930852851 0.022827177192084491 1.7710073266880502 0.085685330843261798 0.028260756096642581 0.1926560509009505 0.022616733691393165 0.032213019585469738 0.18481784797950229 0.081254031756543554 0.048072699748445302 0.022776799134589854 0.11464471215185756 0.16338482098035456 0.14027993252238957 0.35597853521176148 0.45425130305193306
leaf_count=12093 5745 5166 2216 5446 198 54605 35488 6042 558 1372 3139 488 73 2571 178 4147 76 345 232 677 2354 1942 80 52 70 10 100 956 2517 88188 171 63 964 11 500 137 1618 65 1777 3993 590 1322 584 289 10775 536 384 8061 996 220 4990 335 13 846 208 361 168 453 1084 423 2750 1776
internal_value=0 0.0234645 0.0473059 -0.0521771 -0.0426308 0.0524437 -0.00354525 -0.0480563 0.000823033 -0.0493985 -0.0420638 -0.0281193 -0.00630898 0.0330727 0.0112811 0.00447489 -0.0466848 0.0205964 0.0327001 0.0167718 -0.0144666 -0.0523673 -0.00654232 0.0144815 -0.00467255 -0.0428146 0.0430967 -0.0108311 -0.0173577 0.0362823 -0.0353788 -0.0130122 0.0113403 -0.0548448 -0.0202684 0.0177714 0.0130155 0.0288953 0.0433542 0.020041 0.0122573 -0.0567538 -0.030321 0.0343655 -0.0588575 -0.0472159 0.0369619 -0.0162337 -0.0168226 -0.0030981 0.0245994 -0.0492697 -0.0442834 -0.0168967 0.029498 0.00711203 -0.0181698 -0.0148927 -0.00226877 -0.0222516 0.0106249 -0.0356557
internal_weight=0 14.8096 7.86616 34.2463 14.099 7.46882 6.94341 11.8217 6.30497 11.5602 5.78823 2.45956 4.35672 2.71542 0.261482 0.764311 0.638436 0.626893 0.508453 1.94825 2.27733 3.32867 1.65151 0.560997 0.383553 1.69524 0.168962 3.72982 1.09051 2.57445 0.625815 3.53845 0.413395 3.15748 0.202153 0.586592 0.469187 0.191729 0.442159 1.84719 0.104765 5.77196 0.308091 0.22983 20.1473 1.43942 0.0537087 3.12506 3.10801 0.094601 0.376724 0.397338 1.67808 0.217031 0.191369 0.127082 3.02232 2.5453 0.774288 0.303665 0.470623 0.477028
internal_count=283587 228015 159689 55572 31784 154188 68326 21029 61695 20553 17275 11683 21537 99583 476 4772 6631 2427 2082 40158 10755 5592 8230 267 187 6911 298 19110 7963 97367 2525 17946 2172 2453 511 4284 9179 117 1850 39481 886 3278 1956 1208 23788 13013 920 15774 15711 810 7561 5501 6901 859 1164 919 14715 12771 4710 1507 3203 1944
is_linear=0
shrinkage=0.05


Tree=21
num_leaves=63
num_cat=1
split_feature=68 68 63 66 3 10 58 54 68 17 3 21 65 54 3 3 3 3 54 70 17 3 66 57 66 29 65 35 3 32 16 68 15 3 74 3 71 66 87 63 81 19 46 46 28 3 3 57 58 40 77 91 36 43 3 63 30 3 79 42 80 43
split_gain=22.3571 3.5009 1.47709 0.922598 0.650425 0.625785 0.648797 0.491674 0.428932 0.496773 0.459587 0.359316 0.294407 0.284807 0.273223 0.255641 0.243782 0.232575 0.219487 0.208066 0.136729 0.133088 0.132195 0.122729 0.119461 0.114241 0.145373 0.103694 0.101556 0.130881 0.129077 0.100593 0.104605 0.0982916 0.171434 0.0933719 0.0930467 0.0950635 0.0917291 0.16098 0.0880084 0.0867211 0.0925381 0.0852814 0.0793222 0.0839021 0.0769076 0.138384 0.0745576 0.0723342 0.0788565 0.0772517 0.0713158 0.0696007 0.0694471 0.0643606 0.070664 0.112759 0.0643685 0.0642081 0.0640191 0.0636904
threshold=0.58333333333333337 0.83333333333333337 1.0000000180025095e-35 1.0000000180025095e-35 2019.5000000000002 7.6471143170299749 30.167336488131372 0.45787514843552302 0.41666666666666669 1.8369701987210299e-16 2020.5000000000002 -0.6830127018922193 33.020000000000003 1.3746696897725685 2019.5000000000002 2019.5000000000002 2018.5000000000002 2019.5000000000002 2.0114821793069795 4.9325517518088215 -2.0000000000000004 2014.5000000000002 172.85833333333338 -1.601681442644439 10.363333333333335 -0.6830127018922193 13.005000000000001 0.68301270189221941 2019.5000000000002 1.0000000180025095e-35 1.0000000180025095e-35 0.41666666666666669 1.6160254037844388 2020.5000000000002 0 2020.5000000000002 1.6955320278049011 5.3433333333333337 1.0000000180025095e-35 8.6306818181818201 1.5000000000000002 0.68301270189221941 -0.25000000000000006 1.0000000180025095e-35 0.6830127018922193 2014.5000000000002 2021.5000000000002 4.0341686288041378 83.564804270829384 -1.0000000180025095e-35 1.5000000000000002 1.0000000180025095e-35 -1.25 1.0000000180025095e-35 2018.5000000000002 16.26136363636364 1.0000000180025095e-35 2017.5000000000002 1.0000000180025095e-35 0.93301270189221952 1.0000000180025095e-35 0.68301270189221941
decision_type=2 2 2 2 2 2 2 2 2 2 2 2 2 2 2 2 2 2 2 2 2 2 2 2 2 2 2 2 2 2 2 2 2 2 1 2 2 2 2 2 2 2 2 2 2 2 2 2 2 2 2 2 2 2 2 2 2 2 2 2 2 2
left_child=3 7 54 28 18 6 8 16 13 10 -10 -7 38 25 40 -15 -2 -8 21 27 -19 -4 35 53 61 26 -5 36 29 -1 -31 32 43 34 44 -21 37 41 -12 -40 49 42 -16 -22 -13 -46 -38 60 -45 -9 51 -51 -27 -18 -3 58 -57 -58 -53 -25 -48 -20
right_child=1 2 4 5 -6 11 17 14 9 -11 12 33 -14 15 19 -17 23 20 24 22 31 -23 -24 59 -26 52 -28 -29 -30 30 -32 -33 -34 -35 -36 -37 46 -39 39 -41 -42 -43 -44 48 45 -47 47 -49 -50 50 -52 55 -54 -55 -56 56 57 -59 -60 -61 -62 -63
leaf_value=-0.047943591195860759 -0.050474045074646194 -0.05423672583517767 -0.057792771005190216 -0.029543086274075564 0.06267548212568301 0.034951522965756356 -0.0034397855990017088 0.047312856347845142 -0.057957937898386269 -0.042765806420803888 0.073760827579971072 -0.051106378638285467 -0.01497396148270696 0.024130706333981136 0.072669400937649536 -0.027041746746311254 0.022401374459864593 0.034880341843674036 0.01871922635472224 -0.029092062654717157 -0.044335767098968665 0.014454036427497631 -0.027507403319590951 -0.036273743185581353 0.041645277819573889 0.029545076009721529 0.16553010441283311 0.030162803091565372 -0.059187537876173972 -0.015133197346969794 0.15946235972033942 -0.055688222411995683 0.048673673533978189 -0.05697934877847495 0.083388487933823641 0.049973146766845528 0.019558643274777514 -0.021064258282151745 -0.024425910258785849 0.079607073872854553 0.056379436090215888 0.054546825996591719 -0.0094064880630689157 0.067145804702782266 -0.052127349566393304 0.062054506424834788 -0.032381018558711526 -0.053025272599746098 -0.037112352105072681 0.0007350896586046184 0.065971683658030619 -0.015927111511003664 -0.046394653708500509 -0.039147192678991076 0.03524464420074052 0.046671669444886578 0.059913729658213524 -0.06853731548672215 0.081842784488538586 0.062907406677823338 0.04021348232912271 -0.044815961184388894
leaf_weight=1.2147188415319785 0.69657795429338676 0.36415879201740597 0.095583635673392897 0.027203973981158813 4.6179973203206828 0.1126865927435573 0.29491401026280106 0.17207567344121333 0.13053342534112766 0.34590283408761024 0.4051887197420001 0.31248609008980566 0.16322178672999144 0.38091197183257441 0.036251656916647335 0.67931707680872933 0.28899589507818746 0.047244285640772765 0.35234076237611622 0.042143600878261966 0.8127726957382041 0.19136594055180467 0.087096088665930438 0.2931938565816381 1.9963570835598146 0.031594318128554622 0.014717468984599691 0.16848686275443459 18.248561156851792 0.03953614483543777 0.014456505294219824 2.6446824139420642 0.034712048424808017 5.403157455039036 0.03006836932763679 0.32766941705267527 0.41950602634642553 1.7295121516963261 0.073999621061375365 0.074745120320585556 0.15348037954754534 0.066898065279019647 0.652031460906075 0.033453589319833554 0.029721675138716819 0.035075108125965926 0.043230424838839099 0.12571530180684931 0.035181683630980842 0.81746245067915857 0.066825857771618646 0.12586008912694524 1.4406560756042366 0.054612196885500452 0.023056326444930164 0.30540139926961274 0.031649313794332556 0.03712704815188772 0.019434038214967586 0.01727990222570952 0.10208700309158303 0.044416816583179752
leaf_count=12070 7354 5149 1535 197 54637 70 5649 4041 159 103 129 1357 45 6481 255 2876 1462 67 7643 191 3085 3380 328 939 86410 50 167 1075 10820 656 221 447 241 1789 994 1438 3472 9684 110 34 3961 195 2271 78 215 493 279 311 188 17903 1896 778 6790 272 335 8314 949 319 211 18 700 602
internal_value=0 0.0230611 0.046255 -0.051271 0.0513042 -0.0412705 -0.0318438 -0.00284534 -0.0170445 0.00773083 0.0283362 -0.0534788 0.0440431 -0.0285313 0.00376019 -0.00865685 -0.0298901 -0.0461314 0.0317104 -0.00373664 -0.0496209 -0.00961156 0.0279111 -0.00796875 0.0366651 -0.0424475 0.0389418 -0.00806121 -0.0582365 -0.0445578 0.0316147 -0.050742 -0.0364633 -0.0551938 -0.0315095 0.0409629 -0.0100895 -0.0146017 0.061433 0.0278513 0.0202365 0.000198809 -0.00508358 -0.0398162 -0.0406665 0.00968036 0.00614637 -0.0146132 0.0137042 0.0167163 0.0129657 0.0103162 -0.044765 0.012619 -0.0489086 0.0253934 0.0363603 -0.00942707 -0.00284975 -0.0307537 0.0186174 0.0116065
internal_weight=0 14.5659 7.68528 33.1114 7.29806 13.5941 7.67095 6.8806 3.76799 1.19359 0.847689 5.9232 0.717155 2.5744 5.52994 1.06023 1.35066 3.90296 2.68006 3.80063 3.60805 0.28695 0.456909 0.654082 2.39311 1.51417 0.0419214 3.34372 19.5173 1.26871 0.0539927 3.5608 0.91612 5.81051 0.407351 0.369813 3.17523 2.48469 0.553933 0.148745 1.72932 0.755181 0.688283 0.881408 0.377283 0.0647968 0.690539 0.271033 0.0686353 1.57584 1.40376 1.33693 1.47225 0.343608 0.387215 0.519472 0.374178 0.0687764 0.145294 0.310474 0.145317 0.396758
internal_count=283888 228307 159691 55581 154207 31814 26896 68616 17141 580 477 4918 318 16561 58571 9357 10045 9755 99570 20199 4106 4915 1957 2691 94655 7204 364 18242 23767 12947 877 4039 3592 4848 3059 1629 17167 12405 273 144 38372 2721 2526 3351 2065 708 4762 1290 266 34411 30370 28474 6840 1734 5484 10571 9582 1268 989 957 979 8245
cat_boundaries=0 1
cat_threshold=1
is_linear=0
shrinkage=0.05


Tree=22
num_leaves=63
num_cat=0
split_feature=68 68 64 66 8 3 64 59 3 54 20 3 70 3 54 37 68 68 38 64 78 49 54 51 16 26 64 66 3 59 9 86 79 3 3 32 10 3 15 59 71 3 42 66 43 70 3 81 8 59 10 10 3 66 81 16 38 46 70 80 8 34
split_gain=21.1274 3.39768 1.35163 0.871646 0.921231 0.620077 0.441576 0.319117 0.270843 0.310692 0.239979 0.209484 0.220248 0.196775 0.177124 0.169683 0.212722 0.168839 0.266888 0.158962 0.143959 0.132033 0.128496 0.119593 0.116092 0.118618 0.124105 0.114513 0.113644 0.109028 0.108427 0.108142 0.239104 0.134996 0.0997608 0.129587 0.104648 0.0943427 0.0993699 0.0924076 0.0883593 0.0859545 0.0854857 0.0842757 0.0817979 0.0954082 0.0796629 0.0791845 0.0787913 0.0770761 0.0741892 0.0741124 0.186699 0.179529 0.153936 0.142665 0.112197 0.0966197 0.0839487 0.0823188 0.0792603 0.0836258
threshold=0.58333333333333337 0.83333333333333337 1.0000000180025095e-35 1.0000000180025095e-35 1.5000000000000002 2019.5000000000002 1.0000000180025095e-35 -0.17079352850539162 2021.5000000000002 0.3515824811584965 -0.68301270189221941 2019.5000000000002 4.9325517518088215 2018.5000000000002 2.0114821793069795 -1.0000000180025095e-35 0.41666666666666669 0.41666666666666669 -1.0000000180025095e-35 43.980000000000011 1.0000000180025095e-35 -3.0594004931902385 0.57280375523545313 -1.9886525367070556 1.0000000180025095e-35 1.0000000180025095e-35 39.970000000000006 10.363333333333335 2014.5000000000002 -1.0000000180025095e-35 17.160254037844393 1.0000000180025095e-35 1.0000000180025095e-35 2019.5000000000002 2019.5000000000002 1.0000000180025095e-35 8.8301270189221963 2019.5000000000002 1.866025403784439 -0.55814813653850937 0.80142232452474815 2018.5000000000002 -0.5 186.94000000000003 0.25000000000000017 1.0836455817187949 2018.5000000000002 1.5000000000000002 10.500000000000002 1.9169357568820111 12.312177826491075 4.1650635094610973 2020.5000000000002 8.4166666666666696 1.0000000180025095e-35 -2.7554552980815443e-16 -0.68301270189221941 -0.68301270189221941 0.73172474614556082 1.0000000180025095e-35 4.5000000000000009 1.0000000180025095e-35
decision_type=2 2 2 2 2 2 2 2 2 2 2 2 2 2 2 2 2 2 2 2 2 2 2 2 2 2 2 2 2 2 2 2 2 2 2 2 2 2 2 2 2 2 2 2 2 2 2 2 2 2 2 2 2 2 2 2 2 2 2 2 2 2
left_child=3 6 46 34 10 14 13 17 9 -9 21 22 40 -2 28 16 -12 37 -19 -20 -10 -5 41 43 25 44 -27 -16 -4 30 42 33 -33 49 35 -1 -37 39 -39 -6 51 -8 -17 -14 45 -22 -3 -24 50 -11 -15 52 54 55 57 -54 -57 -13 -53 -55 61 -58
right_child=1 2 5 4 7 -7 11 8 20 31 15 12 23 48 27 29 -18 18 19 -21 24 -23 47 -25 -26 26 -28 -29 -30 -31 -32 32 -34 -35 -36 36 -38 38 -40 -41 -42 -43 -44 -45 -46 -47 -48 -49 -50 -51 -52 58 53 59 -56 56 60 -59 -60 -61 -62 -63
leaf_value=-0.047443768049753449 -0.057173018829395551 -0.053423690871789234 -0.052835601687703626 0.032683928217270085 0.01614244420211362 0.061916283211582171 -0.032952846112710571 -0.046114605306652491 -0.054312543258827867 -0.027392384099753777 -0.051587899334140735 0.081777967347489933 0.048795175243134564 0.090768023536203432 0.011002435399088469 0.014182649582653041 0.050317879294303106 -0.071428509752294408 0.056260379161093443 -0.016049914915316432 0.019424415365180359 -0.041112549381156605 0.015960161179041085 -0.0060798775171417921 -0.056543639442396855 0.11686120325510195 -0.025802318731399126 0.040669483182963276 0.015586192062616317 -0.056419172200118529 0.034384567920631076 -0.030399483744311451 0.045390910434563704 -0.035222364443634635 -0.058659530447224939 0.085225124922424539 -0.057810569035098472 -0.028839655990738091 0.11331658060281039 -0.048683206909544953 0.0024312265956266104 0.045421957503660994 -0.047488200035636502 -0.02164464303108107 0.037976466256024861 -0.052510539630295838 0.041867995118629008 0.054387311831899571 -0.02921803514068776 0.024346594979064044 -0.035337600597907352 0.0067392757274696239 -0.031654581668469781 -0.031525083966628765 -0.054022665040719675 -0.037069045033691787 0.088480598198647523 -0.013221231311119089 -0.031552087156390872 0.0060518799669760266 0.018315285687311045 0.017836676825535313
leaf_weight=1.1817996186200641 0.4983877518134231 0.3472578920491286 0.089610825965792507 0.1259556217410136 0.30254370823604393 4.4474785872971552 0.20292314437028824 0.6738493057882825 1.3971625485264665 0.10505808126072202 0.12268596236208384 0.030678447008540388 0.32997161581079126 0.042717853613794432 0.3901577745446051 0.06280646304912807 0.087899908816325478 0.06775866576936096 0.27512973308330391 0.10501291832770221 0.063436887850912282 0.11683154706406629 1.552916435361112 0.22838542112913263 0.17573406929659541 0.035648025783302728 0.026633336461600265 1.9558843307922869 0.18802148023951304 6.8367499585519891 0.051856453907021205 0.16950788627673319 0.26953691231756238 0.39163368159552192 17.669172712685395 0.033993617811574839 0.02049813741723483 0.74026549354675808 0.012500737522714189 0.067180606986765201 1.026471145216419 0.042270002908480819 0.53354963803576527 0.04873385866630997 0.04946261761142523 0.16860470371648262 0.023411007079630508 0.14672837742182299 0.049646082836261485 0.22863351694286393 0.016043260520746117 0.17136342470621435 0.081964685723505681 0.30990854556876002 0.32061857065491495 0.040746871818555519 0.15391515442752257 0.20981210524405547 0.86899548085784772 0.27514013225300005 0.11953690290465602 0.057557785665267147
leaf_count=12027 5768 5100 1533 72 5747 54921 1805 5750 1788 1080 160 312 1646 264 8212 61 45 64 172 108 117 53 34039 555 108 66 54 86517 3360 1154 49 1445 1817 2355 10793 537 367 3227 36 629 6690 367 589 223 81 152 339 3874 592 4664 71 1245 382 1582 1123 63 217 1865 3030 1402 1345 56
internal_value=0 0.0222976 0.0456653 -0.050805 -0.0409789 0.0505441 -0.00318046 -0.0248903 -0.0328058 -0.0190937 -0.0517716 0.000792201 -0.00539839 -0.0438936 0.0312666 -0.0533157 -0.00905177 -0.00596391 0.01999 0.0362849 -0.0459567 -0.00282765 0.0143961 0.0224969 -0.0234849 -0.00658612 0.0558541 0.0357357 -0.00649817 -0.054561 -0.0349631 -0.00345598 0.0161295 -0.0153112 -0.0576988 -0.0439677 0.0314195 -0.0163202 -0.026479 0.00436333 -0.010017 -0.0194414 -0.0409932 0.0397306 -0.0204007 -0.0328445 -0.0474052 0.0192775 0.0171568 0.00805731 0.056338 -0.0148566 -0.0081013 0.00445211 -0.0313412 0.0280557 0.0412206 -0.00110255 -0.0252449 -0.0138532 0.050858 0.069253
internal_weight=0 14.2673 7.44182 32.1691 13.2636 7.07115 6.82543 5.32529 3.7549 1.83822 7.93834 6.21864 4.2738 0.606795 2.62367 7.69555 0.210586 1.57039 0.447901 0.380143 1.91668 0.242787 1.94484 0.607091 0.51952 0.343786 0.0622814 2.34604 0.277632 7.48496 0.648213 1.16437 0.439045 0.725325 18.9055 1.23629 0.0544918 1.12249 0.752766 0.369724 3.66671 0.245193 0.596356 0.378705 0.281504 0.232042 0.370669 1.69964 0.108407 0.333692 0.0587611 2.64024 1.59988 1.03877 0.561109 0.453721 0.371757 0.240491 1.04036 0.585049 0.33101 0.211473
internal_count=283865 228498 159982 55367 31643 154543 68516 29460 19477 17111 2183 61821 21736 6695 99622 2058 205 9983 344 280 2366 125 40085 2424 578 470 120 94729 4893 1853 699 11361 3262 8099 23724 12931 904 9639 3263 6376 19312 2172 650 1869 350 269 5439 37913 927 5744 335 12622 8347 5047 3300 2063 1681 2177 4275 2984 1618 273
is_linear=0
shrinkage=0.05


Tree=23
num_leaves=63
num_cat=0
split_feature=68 68 63 66 59 3 63 20 68 57 70 57 21 3 3 66 70 3 60 66 22 36 68 64 70 70 10 53 64 63 55 18 70 3 32 10 38 68 25 46 3 9 15 31 87 60 34 19 29 48 78 9 37 36 51 33 51 20 66 66 66 27
split_gain=19.9906 3.10251 1.26752 0.951596 0.809246 0.644898 0.44604 0.329605 0.252933 0.223756 0.197662 0.196057 0.174313 0.163091 0.162905 0.161666 0.165653 0.123589 0.11939 0.109106 0.102179 0.109566 0.126617 0.112001 0.0980205 0.131861 0.0978853 0.0935706 0.0932722 0.091072 0.371381 0.79998 0.0895184 0.0881187 0.125667 0.0946254 0.0853303 0.131741 0.0831327 0.0808384 0.0922193 0.186246 0.0830891 0.0806553 0.0846915 0.078856 0.106156 0.102335 0.0758619 0.0742164 0.0859171 0.0736463 0.0711791 0.0892093 0.0702429 0.0702096 0.0910653 0.0698483 0.0697874 0.0747777 0.0690034 0.067693
threshold=0.58333333333333337 0.83333333333333337 1.0000000180025095e-35 1.0000000180025095e-35 -0.17079352850539162 2019.5000000000002 1.0000000180025095e-35 -0.68301270189221941 0.41666666666666669 -0.11988832150951188 0.70717942632890451 -2.5358600197654764 0.68301270189221941 2019.5000000000002 2018.5000000000002 62.56666666666667 5.9858466090067042 2019.5000000000002 -33.688396460019561 26.393333333333334 0.93301270189221952 -0.5 0.41666666666666669 9.9875000000000025 1.3108613828088871 1.219885492444684 17.160254037844386 -13.868864553615429 238.01750000000004 19.923333333333336 -0.15385152174487213 0.93301270189221952 9.8506476658819242 2019.5000000000002 1.0000000180025095e-35 8.8301270189221963 -0.93301270189221908 0.41666666666666669 -1.0000000180025095e-35 0.25000000000000017 2020.5000000000002 -3.4820508075688772 1.0000000180025095e-35 0.68301270189221941 1.0000000180025095e-35 0.12951326933935578 9.1848509936051497e-17 4.2862637970157366e-16 -1.0000000000000002 -14.286142982755827 1.0000000180025095e-35 -6.2810889132455356 -1.0000000180025095e-35 -2.7554552980815443e-16 -35.496665325989966 0.25000000000000022 3.1498000252678375 -1.0000000180025095e-35 30.065000000000001 518.42500000000007 212.75333333333333 -1.0000000180025095e-35
decision_type=2 2 2 2 2 2 2 2 2 2 2 2 2 2 2 2 2 2 2 2 2 2 2 2 2 2 2 2 2 2 2 2 2 2 2 2 2 2 2 2 2 2 2 2 2 2 2 2 2 2 2 2 2 2 2 2 2 2 2 2 2 2
left_child=3 6 -3 33 12 15 14 9 10 27 17 18 19 32 -2 16 43 28 -8 20 21 22 -5 55 25 -25 49 -6 -9 30 31 -10 58 34 -1 -36 -14 -38 -15 42 41 -41 45 44 -4 46 52 -47 -17 -20 -51 -16 53 -40 -42 61 -57 -44 -13 -60 -21 -23
right_child=1 2 5 4 7 -7 11 8 29 -11 -12 13 36 38 51 48 -18 -19 26 60 -22 23 -24 24 -26 -27 -28 -29 -30 -31 -32 -33 -34 -35 35 -37 37 -39 39 40 54 -43 57 -45 -46 47 -48 -49 -50 50 -52 -53 -54 -55 -56 56 -58 -59 59 -61 -62 -63
leaf_value=-0.047988238135518058 -0.056378731382405567 -0.046962572860684129 0.033387714610898768 -0.015823987511579363 -0.017033964821220392 0.061207722055346608 -0.0097982961453351673 0.024387480142360109 0.068119951356191852 -0.042239663601072841 -0.041806573042241085 0.0069034696856733503 -0.06991868497622819 -0.03349620105120537 0.14514902387149212 -0.18509295782563703 -0.059441546180464759 -0.030155657758031629 0.0077152454812952275 -0.044697931425691333 0.038646457857320494 0.033579399385710855 0.07208884167444056 -0.0031142452586517145 -0.034871818443048937 0.083697717725903287 -0.01369092973103987 0.073044988594682683 -0.049254905678324051 -0.055643078104321786 -0.057433974717979619 -0.056600232576015444 -0.056885454435264195 -0.058166177457758816 0.078199104274945072 -0.057169968886900513 -0.0092361800123349266 0.056847745524617237 -0.063660966947106198 -0.05224737170378338 0.036022601366813234 0.098329617392146296 -0.051722351214300612 -0.011590317833687386 0.0029087569084639661 0.0023395319184320472 0.058191181465879385 0.046723466247566348 0.045725445406514215 0.019718113641235172 0.048797761002364194 -0.00094525258719708365 -0.019063631263825223 0.079524533971222666 -0.055563965266745334 0.051944020751590485 -0.06377452667676177 -0.010434262488853843 0.053919505721472576 -0.02145882176034504 0.047424412488181571 -0.048614605447425512
leaf_weight=1.2602063242102364 0.48199658722660199 0.35936305596987939 1.0479401404427338 0.092622392307020962 0.038871458311405149 4.310608891792981 0.45444291490821376 0.25519682581852299 0.21103964615031134 0.11780013684074297 2.51447924947297 0.98299766986747295 0.023870180593803525 0.39165784434953854 0.0094749419076833874 0.0035720598098122327 0.063796637265113421 0.40196052555256756 0.53745277083180543 0.41357821953897644 0.094304320750779769 0.026524893481109757 0.073425179696641862 0.43379476296649955 0.21624197995333816 0.048647351568433805 0.20551508866446955 0.11159187757584732 0.051709054730963544 5.0657830179989105 1.2579175415448842 0.32902193717018235 0.04844765156849451 17.150328342093417 0.035350713476873241 0.020335760105808731 0.13305406037761702 0.17409899647464044 0.014986025606049225 0.046725975091248984 0.023111904334655264 0.036637814189816598 0.143637817554918 0.15274594071706804 0.29126668513799803 0.50336332222650526 0.053846058766794158 0.17503023976132681 1.0351963522025469 0.69084327993368766 0.40169765867267415 0.096311786113801645 0.66873890328315566 0.039683878505457626 0.22229763177165296 0.04551523377722333 0.027138720307448239 0.35709399166807987 0.1650999954672443 0.041090384231210919 0.021378085069954977 0.45042445338913528
leaf_count=11983 5795 5461 39974 548 179 54890 5106 4837 121 187 11761 17706 6 1133 111 44 846 2136 8135 1370 181 68 42 4998 539 74 1917 111 799 805 50 11 187 10767 536 374 1153 109 17 182 126 390 281 4362 9277 3241 338 573 45270 8623 2225 788 3144 317 451 117 27 1626 5045 1093 218 1235
internal_value=0 0.0218748 0.0445885 -0.0499758 -0.0393996 0.0493531 -0.00241829 -0.0453313 -0.0467861 0.0093686 -0.0352325 0.00152548 -0.0123951 -0.00527266 -0.044047 0.0296574 0.0194588 -0.011913 0.0131462 -0.0181073 -0.0117464 -0.0151064 0.0230505 -0.0201821 -0.00689871 0.00563949 0.0188269 0.0497735 0.0119798 -0.0522118 -0.0425444 -0.00786338 0.0097367 -0.0572094 -0.0447402 0.0287646 0.0211443 0.0282212 -0.0122123 -0.0085644 -0.0315047 0.0139302 -0.00470923 0.0228326 0.0267588 0.00133428 -0.00953794 0.0137909 0.0449317 0.0229269 0.0304099 0.0121399 -0.0145793 0.0402748 -0.0469386 -0.0370686 0.00871921 -0.022278 0.0124509 0.0388978 -0.0401701 -0.0440435
internal_weight=0 14.0567 7.26449 31.0962 12.63 6.90513 6.79218 10.3554 10.0871 0.268263 3.22335 6.2044 2.27462 3.91445 0.587783 2.59452 1.55575 0.708866 2.28995 1.9436 1.50864 1.41433 0.166048 1.24829 0.698684 0.482442 1.83551 0.150463 0.306906 6.86376 1.79798 0.540062 1.23764 18.4662 1.31589 0.0556865 0.331023 0.307153 2.67681 2.28515 0.328773 0.0833638 1.95638 1.49195 1.33921 1.45565 0.777255 0.678394 1.03877 1.62999 1.09254 0.105787 0.723409 0.0546699 0.24541 0.549603 0.072654 0.500732 1.18919 0.20619 0.434956 0.476949
internal_count=284016 228674 160124 55342 31682 154663 68550 20997 20520 477 19533 61856 10685 35850 6694 99773 54459 7772 26006 9417 7829 7648 590 7058 5611 5072 20900 290 5636 987 182 132 24031 23660 12893 910 1268 1262 11819 10686 1149 572 9537 53613 49251 7630 3816 3814 45314 18983 10848 899 3478 334 577 1447 144 1907 23844 6138 1588 1303
is_linear=0
shrinkage=0.05


Tree=24
num_leaves=63
num_cat=0
split_feature=69 69 63 69 59 3 8 63 3 56 20 3 69 55 70 54 3 1 50 78 23 70 77 57 3 53 69 3 63 69 3 3 3 32 10 15 59 46 65 57 60 81 8 19 63 9 41 81 58 71 81 90 9 3 57 21 1 20 10 3 33 10
split_gain=18.4718 2.85728 1.16705 0.998585 0.869182 0.613531 0.421419 0.409381 0.231173 0.314738 0.212509 0.178437 0.177791 0.20556 0.167469 0.165622 0.156997 0.154191 0.148966 0.146286 0.149285 0.123036 0.119553 0.129535 0.141983 0.118959 0.112694 0.18581 0.171857 0.112158 0.104125 0.102556 0.0935506 0.121334 0.0940676 0.0926207 0.0881506 0.0865099 0.0829728 0.0814338 0.127971 0.0911297 0.08723 0.0865133 0.0790029 0.0761334 0.0727341 0.0705345 0.0701558 0.0689447 0.0682605 0.0676628 0.067014 0.0654492 0.0649124 0.0640705 0.0639321 0.0625839 0.066726 0.087827 0.130609 0.107277
threshold=0.58333333333333337 0.83333333333333337 1.0000000180025095e-35 1.0000000180025095e-35 -0.17079352850539162 2019.5000000000002 1.5000000000000002 1.0000000180025095e-35 2021.5000000000002 0.63602955852832732 -1.0000000180025095e-35 2019.5000000000002 0.41666666666666669 -0.3426219430641026 4.9325517518088215 2.0114821793069795 2018.5000000000002 4.5000000000000009 -18.450215108562933 1.0000000180025095e-35 0.93301270189221952 11.52319996736181 2.5000000000000004 -1.1840978532714239 2021.5000000000002 -8.0920309651072895 0.41666666666666669 2020.5000000000002 31.041666666666668 0.41666666666666669 2019.5000000000002 2014.5000000000002 2019.5000000000002 1.0000000180025095e-35 8.8301270189221963 0.68301270189221941 -0.55814813653850937 0.25000000000000017 29.030000000000005 1.2626169094691988 6.5688138522793986 1.0000000180025095e-35 4.5000000000000009 0.68301270189221941 27.002727272727274 2.7554552980815452e-15 -0.6830127018922193 1.0000000180025095e-35 92.990075857898461 -3.5507272987719904 1.5000000000000002 1.5000000000000002 -6.2810889132455356 2018.5000000000002 0.90413262544637962 -1.0000000000000002 4.5000000000000009 0.93301270189221952 4.4150635094610982 2020.5000000000002 1.0000000180025095e-35 -3.2320508075688781
decision_type=2 2 2 2 2 2 2 2 2 2 2 2 2 2 2 2 2 2 2 2 2 2 2 2 2 2 2 2 2 2 2 2 2 2 2 2 2 2 2 2 2 2 2 2 2 2 2 2 2 2 2 2 2 2 2 2 2 2 2 2 2 2
left_child=3 7 53 32 12 15 10 16 9 -8 18 21 30 25 37 31 -2 54 -6 -10 29 50 23 49 -25 -14 27 47 -28 -21 36 -4 33 -1 -35 -22 -5 39 -17 40 43 -41 -42 57 -45 46 -32 -11 -39 -16 -9 -40 -18 -3 -15 -29 -55 58 59 -13 61 -61
right_child=1 2 5 4 6 -7 8 11 19 26 -12 14 13 17 22 38 52 -19 -20 20 35 -23 -24 24 -26 -27 28 55 -30 -31 45 -33 -34 34 -36 -37 -38 48 51 41 42 -43 -44 44 -46 -47 -48 -49 -50 -51 -52 -53 -54 56 -56 -57 -58 -59 -60 60 -62 -63
leaf_value=-0.046919982735025914 -0.055656177768625414 -0.051407568472097848 -0.051245056802429571 0.013581206517777947 -0.049439707772635622 0.060544421888527815 -0.0501838891164548 0.014095606660621519 -0.052553332552294545 0.014479276488460494 -0.054133928287805368 -0.031482048763740104 0.0057155126557256967 0.056914858855950483 -0.0040557773167000837 0.018099999117781231 0.13289195594657879 -0.052329644297716818 0.015332884485976639 -0.049078272253068871 0.058300277540912285 -0.044359812788818759 -0.081069056629673023 -0.04201773997307328 0.064752886240891039 0.059700374879841069 0.052642326232290315 0.064382477712831579 -0.037347113086050605 0.012764203116003729 0.025110481239846258 0.013882308924763418 -0.057704733809935994 0.07837058745867545 -0.056609370980970491 -0.043300916630682605 -0.048470829888157124 -0.035572723423242317 0.041226038066165732 -0.002815507250222287 0.040771407702280889 -0.029227099064243547 -0.0065413302583232609 0.059969949493101332 -0.012893657139143542 -0.01512151850228215 -0.047632575841185111 -0.022568028946985664 0.019631082585314815 0.049028265863980389 0.048935700459069864 -0.020327895993005132 -0.00066032780182743826 -0.025125123524089826 -0.015462313405325143 -0.044617789129005714 0.14492805380611487 0.040154611657883879 -0.029180327182156674 -0.00011965851577927869 -0.046022572937472112 0.051421924741738338
leaf_weight=1.2136932258908988 0.45617220089388677 0.32414006261660677 0.090078962426560216 0.32582651773373073 0.16436057216196787 4.0352119846875212 0.52912245786046708 1.6709772360754866 1.2539785175777067 0.46959641674766295 6.071142696895544 0.20914185184119627 0.1930075578566175 0.063132260387646855 0.0743491822067881 0.62422475462972249 0.010476092964381678 0.16570631711510941 0.19299781567315211 0.32122344231538602 0.080811488907784224 0.085448047655518056 0.027816475339932367 0.11622427446309291 0.042530777671345277 0.21652396886202041 0.17674865407752793 0.014024925894773332 0.075811188376974314 0.094997539286850952 0.037232011643936858 0.18375172146443219 16.393025320099696 0.035065846392171696 0.02042623338093108 0.031049639565026155 0.069429759278139769 0.41577660378425196 1.600067542385659 0.73098096854664596 0.29507469011878118 0.5903665192254266 0.14543719361972762 0.089186037523177109 0.063824132021181867 0.57666584937851439 0.44598755092920306 0.1768675083103517 0.066799189553421456 0.34497147385627613 0.15350398631471751 0.045927002928692562 0.090849664969937294 0.016072491021986934 0.060825866865343414 0.34803426193411724 0.0084237624596426031 0.058434826943994156 0.40656471556394536 0.28307027322625788 0.096307024088673643 0.15692040123940398
leaf_count=11957 5730 5134 1537 6037 69 54654 5071 35532 1796 7642 1298 1042 88 34 235 16854 121 94 84 320 161 545 23 345 92 118 150 37 153 57 120 3394 10782 526 387 39 671 1755 76558 5000 1055 2597 2120 338 375 1959 1510 2122 488 1685 4002 1422 784 170 75 1996 176 216 1471 1493 389 915
internal_value=0 0.0211981 0.0436969 -0.0491015 -0.0380716 0.0484209 -0.0442772 -0.00213135 -0.0305085 -0.0178181 -0.0519284 0.00160305 -0.00926405 0.0114574 -0.00414312 0.0291913 -0.043151 -0.0207782 -0.0144581 -0.0432569 -0.0211817 0.0142805 0.0201806 0.0250526 -0.0134137 0.0342579 -0.00423807 -0.0117178 0.0256301 -0.0349635 -0.0192207 -0.0075419 -0.0566922 -0.0436143 0.0286854 0.0300985 0.0026813 -0.00822793 0.033622 -0.00518556 0.00172194 -0.014616 0.0251509 -0.00584763 0.0295768 -0.0273885 -0.0420277 0.00434342 -0.0279313 0.039616 0.0170269 0.0395085 0.0131477 -0.0454521 0.0213996 -0.0403955 0.0333527 -0.0103256 -0.0128862 -0.0039993 0.00671825 0.0182624
internal_weight=0 13.6091 6.9279 29.8173 12.1551 6.57926 10.0008 6.6812 3.57227 1.79021 6.4285 6.12371 2.15434 0.699196 4.21378 2.54405 0.557498 0.289664 0.357358 1.78206 0.528082 1.90993 0.605892 0.578076 0.158755 0.409532 1.26108 1.00852 0.25256 0.416221 1.45514 0.273831 17.6622 1.26919 0.0554921 0.111861 0.395256 3.60788 2.27022 3.12531 1.80396 1.32135 0.440512 1.36345 0.15301 1.05989 0.48322 0.646464 0.482576 0.419321 1.82448 1.64599 0.101326 0.348636 0.123958 0.362059 0.0244963 1.21044 1.152 0.74544 0.536298 0.439991
internal_count=283600 228247 159899 55353 31701 154419 20995 68348 19544 17171 1451 61713 10706 409 21634 99765 6635 203 153 2373 577 40079 2380 2357 437 206 12100 11797 303 377 10297 4931 23652 12870 913 200 6708 19254 94834 17011 9414 7597 3175 6239 713 3589 1630 9764 2243 1920 39534 77980 905 5480 109 2033 346 5526 5310 3839 2797 2408
is_linear=0
shrinkage=0.05


Tree=25
num_leaves=63
num_cat=0
split_feature=68 68 56 66 8 3 54 20 59 3 56 3 3 3 57 68 54 17 38 70 87 79 78 67 86 67 10 51 70 70 68 81 57 48 3 54 57 43 86 15 67 3 86 81 10 60 57 58 3 59 33 40 24 17 8 3 15 8 67 34 38 87
split_gain=17.2427 2.71729 1.08653 0.932026 0.885141 0.5619 0.383959 0.340776 0.248433 0.223517 0.314465 0.218611 0.212159 0.183239 0.171208 0.160994 0.202263 0.153723 0.201582 0.183579 0.140495 0.163146 0.138976 0.144239 0.280701 0.130342 0.127611 0.114777 0.123888 0.110881 0.104577 0.10284 0.130693 0.0961494 0.0958725 0.11177 0.0956388 0.090408 0.0898137 0.0960143 0.0853997 0.0825034 0.0801598 0.0777666 0.0742322 0.101555 0.0723105 0.108313 0.0721143 0.0851207 0.077786 0.125164 0.0691161 0.0679743 0.0673885 0.0800092 0.0669612 0.0665735 0.0715994 0.0613723 0.0609033 0.0575766
threshold=0.58333333333333337 0.83333333333333337 0.72442891821284328 1.0000000180025095e-35 1.5000000000000002 2019.5000000000002 0.3515824811584965 -0.68301270189221941 -0.17079352850539162 2021.5000000000002 0.63602955852832732 2018.5000000000002 2018.5000000000002 2019.5000000000002 -0.11988832150951188 0.41666666666666669 1.6855965830356683 -1.0000000180025095e-35 0.6830127018922193 0.39465983350210576 1.0000000180025095e-35 1.0000000180025095e-35 1.0000000180025095e-35 22.045000000000005 1.0000000180025095e-35 150.34000000000003 -9.5131397208144151 -4.7371782919233407 5.350229618290455 5.9858466090067042 0.41666666666666669 1.0000000180025095e-35 0.12521465117564634 -22.520453590314549 2019.5000000000002 1.83313261757028 -1.747007251719356 0.25000000000000017 1.0000000180025095e-35 -1.0000000180025095e-35 360.50000000000006 2020.5000000000002 1.0000000180025095e-35 1.5000000000000002 11.379165124598854 -2.916267802497897 -1.601681442644439 6.2938473774537282 2019.5000000000002 -0.55814813653850937 0.25000000000000022 -1.0000000180025095e-35 1.6160254037844388 2.7990381056766584 2.5000000000000004 2020.5000000000002 1.866025403784439 3.5000000000000004 21.960000000000004 1.5308084989341916e-16 -1.0000000180025095e-35 1.5000000000000002
decision_type=2 2 2 2 2 2 2 2 2 2 2 2 2 2 2 2 2 2 2 2 2 2 2 2 2 2 2 2 2 2 2 2 2 2 2 2 2 2 2 2 2 2 2 2 2 2 2 2 2 2 2 2 2 2 2 2 2 2 2 2 2 2
left_child=3 6 12 34 7 25 11 14 15 10 -10 -2 -3 43 -5 48 -17 18 19 26 21 -18 61 24 -24 29 -9 28 44 42 -19 32 33 -12 35 -1 60 -25 39 -37 -30 -34 -4 46 45 59 -8 -48 49 -6 53 -52 -46 56 -35 -56 -50 58 -47 -15 -13 -11
right_child=1 2 5 4 8 -7 13 17 9 22 31 36 -14 27 -16 16 20 30 -20 -21 -22 -23 23 37 -26 -27 -28 -29 40 -31 -32 -33 41 54 -36 38 -38 -39 -40 -41 -42 -43 -44 -45 52 57 47 -49 50 -51 51 -53 -54 -55 55 -57 -58 -59 -60 -61 -62 -63
leaf_value=-0.050445900050047156 -0.049059708772501702 -0.051629755377201172 0.018855553294710108 0.044928296152428264 0.012990340556263608 0.059931430070746132 0.027212760577935265 -0.060402201283258072 -0.050007303423038288 -0.053152206388037061 -0.0095216728656320054 0.081704055538693601 0.049111482860725572 -0.017026518263908445 -0.034373625713432755 0.064295642945924367 -0.027660355285905547 -0.033926749008672194 0.033220392083654668 -0.048941433629633484 -0.044116356527943879 0.067524726370618168 0.084453555402427882 -0.052255150579304604 -0.038653900893529283 0.045936902290349496 0.08755102155099527 -0.011106598561751587 0.05353927636385486 -0.042980087056173823 -0.056219785696392223 -0.028363711905365255 -0.00032701979152853375 0.059378645803773326 -0.057272717798951656 0.11245296783680103 -0.027398243490189291 0.020462768117025517 -0.043826973787287095 -0.0033693636604853932 -0.023561878097832032 -0.048190146123728891 0.048249406576821252 0.051386538881390678 -0.026992635140998113 0.058124552086529495 -0.0341520923005608 0.01209712662872799 -0.03601000094987513 -0.049280340510743009 0.10729145789364843 -0.019517354082356667 0.040998053744098303 0.086008085836905723 0.040220197512136846 -0.025410637726735977 0.068361008954995736 0.00012740068781438599 0.015893309202704421 0.081474185557479373 0.0066002368185947707 0.0083919488716669658
leaf_weight=0.99259976643953141 0.61224281743943521 0.34574126302868524 1.3314688165146438 0.13719911131920526 0.30718342714135349 3.805339724035548 0.59152246206576764 0.02174891991307959 0.50987785954839471 1.2007466114773704 0.17500705228030855 0.03021616115620418 0.06156869295227807 0.38803407624618558 0.13506063810928015 0.16085765196476121 0.083244583118357696 0.5808433591564589 0.10644891236734111 0.6313532144531564 0.13120945394621231 0.098029876971850172 0.081486982104252204 0.26791030214371858 0.10724231098902237 0.80002746195168573 0.044177984718771657 2.0341712305635156 0.19812684870703368 0.06429819462209696 5.5776637854723958 0.30992641592001746 0.26078290056466358 0.16363708443895864 15.359651872526227 0.021384811563621042 0.25966925029933918 0.050856692894740263 0.12403429731784854 0.10959394045767112 0.043866693666132051 0.13750935957614274 0.28087274659537786 0.14724827102054394 0.31429455493162084 0.15296019483503209 0.14915971868322264 0.83676515861588996 0.62220743741727347 0.066816092051341758 0.027447616247627593 0.066858958588454698 0.04242374930618098 0.012138608115492389 0.12636853195272124 0.073415043162640359 0.015756668657559203 0.30641126630507642 0.29188570459518814 0.016485547152115032 0.25308243008475984 0.039244577230419853
leaf_count=7573 7239 5355 50673 54 5808 54322 14815 15 5014 1731 2255 116 641 2357 73 65 77 1108 37 386 159 54 147 236 122 36664 159 10063 1202 1196 350 2648 3862 234 10789 313 865 87 2833 2211 177 775 11034 4022 1409 262 759 18883 2848 655 40 326 218 21 1739 538 30 3756 935 104 1331 59
internal_value=0 0.0202202 0.0427364 -0.048458 -0.038044 0.0478675 -0.00236601 -0.0492873 -0.022082 -0.0295228 -0.0169271 -0.0285764 -0.0364018 0.00312584 0.00558878 -0.00570191 0.0187409 -0.0514332 -0.0308673 -0.0406511 -0.00470942 0.023814 -0.0421837 -0.020143 0.0144998 0.0293317 0.0387421 -0.00302429 0.00634642 0.0214083 -0.0541172 -0.00339736 0.00486309 0.0209262 -0.05619 -0.0428603 -0.00547969 -0.0406536 -0.0133347 0.0155409 0.039563 -0.0168516 0.023976 0.0166359 0.0010319 0.00718572 0.0133921 0.00510012 -0.0160468 0.0018655 -0.0250461 0.0173899 -0.0189066 -0.031202 0.0355885 0.0161026 -0.0334322 0.0180615 0.0304145 -0.0130123 0.0146107 -0.0512044
internal_weight=0 13.3579 6.68932 28.9375 12.3303 6.28201 6.66857 7.2345 5.09576 3.50401 1.75652 1.15521 0.40731 5.51336 0.27226 1.59175 0.473342 6.96224 0.803729 0.69728 0.312484 0.181274 1.74749 0.507496 0.188729 2.47667 0.0659269 3.78866 1.75449 1.67664 6.15851 1.24665 0.93672 0.538428 16.6073 1.24761 0.542968 0.318767 0.255013 0.130979 0.241994 0.398292 1.61234 1.7247 1.5125 1.15578 1.57745 0.985925 1.11841 0.374 0.744409 0.0943066 0.356718 0.650103 0.363421 0.199784 0.637964 0.751257 0.444846 0.40452 0.283299 1.23999
internal_count=283829 228398 159885 55431 31712 153889 68513 2182 29530 19447 17065 9551 5996 58962 127 10083 355 2055 597 560 290 131 2382 592 269 99567 174 20483 10420 62903 1458 12051 9403 4766 23719 12930 2312 323 5357 2524 1379 4637 61707 38479 9041 7414 34457 19642 9728 6463 3265 366 1627 2899 2511 2277 2878 4953 1197 2461 1447 1790
is_linear=0
shrinkage=0.05


Tree=26
num_leaves=63
num_cat=0
split_feature=69 69 3 67 64 8 54 20 63 58 69 38 3 56 37 21 3 3 3 57 3 40 21 70 3 54 69 29 18 63 39 41 35 51 84 20 3 67 47 3 32 33 32 43 21 41 57 10 21 82 51 8 51 19 8 16 5 58 38 81 57 64
split_gain=16.2738 2.61956 1.10349 0.941892 0.74872 0.747915 0.379087 0.351779 0.246512 0.286366 0.225202 0.344971 0.281556 0.249505 0.198279 0.207265 0.175052 0.174093 0.160915 0.156137 0.145889 0.136559 0.128366 0.128284 0.125182 0.114666 0.113002 0.114101 0.11994 0.10546 0.0986922 0.102439 0.0919388 0.0875849 0.113761 0.106225 0.128338 0.128487 0.0865301 0.0859855 0.106274 0.0848619 0.0910168 0.0886803 0.0836114 0.0822252 0.0781075 0.0749135 0.0740705 0.0736977 0.0730512 0.0808216 0.0708931 0.0698305 0.0695296 0.0674851 0.0673706 0.0882838 0.0662197 0.0648122 0.069529 0.12072
threshold=0.58333333333333337 0.83333333333333337 2019.5000000000002 1.0000000180025095e-35 5.0750000000000011 1.5000000000000002 0.45787514843552302 -0.68301270189221941 1.0000000180025095e-35 36.350984300404072 0.41666666666666669 -1.0000000180025095e-35 2019.5000000000002 17.71517199882565 -1.0000000180025095e-35 -1.0000000180025095e-35 2019.5000000000002 2018.5000000000002 2021.5000000000002 -0.11988832150951188 2020.5000000000002 -1.0000000180025095e-35 -1.0000000000000002 4.9325517518088215 2014.5000000000002 2.8367020673803975 0.41666666666666669 -1.0000000180025095e-35 -1.0000000180025095e-35 120.95833333333336 0.93301270189221952 0.93301270189221952 1.0000000180025095e-35 -3.1236603935647795 1.5000000000000002 1.0000000180025095e-35 2021.5000000000002 35.140000000000008 -3.7943796408932573 2019.5000000000002 1.0000000180025095e-35 1.0000000180025095e-35 0.25000000000000022 0.93301270189221952 -1.0000000180025095e-35 -0.6830127018922193 -1.601681442644439 5.0980762113533169 -1.6160254037844388 1.5000000000000002 -44.207467308661805 1.5000000000000002 -1.4784676366126965 0.25000000000000028 8.5000000000000018 1.0000000180025095e-35 0.6830127018922193 10.921465688391571 -0.5 1.5000000000000002 -2.0780674739738982 20.050000000000004
decision_type=2 2 2 2 2 2 2 2 2 2 2 2 2 2 2 2 2 2 2 2 2 2 2 2 2 2 2 2 2 2 2 2 2 2 2 2 2 2 2 2 2 2 2 2 2 2 2 2 2 2 2 2 2 2 2 2 2 2 2 2 2 2
left_child=3 6 4 39 -3 7 17 19 21 10 12 -12 -10 56 15 -9 48 -2 26 -5 -11 -7 -14 32 25 -6 27 28 -16 52 -22 -32 50 34 35 44 -37 -38 -17 40 -1 43 -43 -26 -24 -23 47 54 -8 58 51 -18 -25 -34 -19 -42 -13 -58 -27 60 -50 -62
right_child=1 2 -4 5 24 8 16 14 9 20 11 13 22 -15 18 38 23 46 -20 -21 30 45 33 29 41 49 -28 -29 -30 -31 31 -33 53 -35 -36 36 37 -39 -40 -41 55 42 -44 -45 -46 -47 -48 -49 59 -51 -52 -53 -54 -55 -56 -57 57 -59 -60 -61 61 -63
leaf_value=-0.046238629633234149 -0.046887803048953319 -0.042321224754944292 0.059407098463690668 0.045342733918427358 -0.0448951072723133 0.060016164972858346 -0.057373203708752998 0.081505168469828096 0.016460606821477559 -0.0080946059369748514 -0.05981964150204741 0.065958104066817277 0.11112231696273459 -0.033135387586203657 -0.019989845801544129 -0.059141506216018949 0.054954100464263127 0.045457336968906234 -0.0057312679987240669 -0.031967148619374879 -0.045236573471024707 0.046557059727668243 0.073960860258397904 0.048930228866132353 0.041090461526174675 -0.036018881071287943 -0.055720245764254495 -0.038934935854240502 0.18556137632863479 -0.026963718780077341 0.080071182629770324 -0.048062130197604809 0.0035791830716412698 -0.042947918763198374 0.101577612949597 -0.051883727463886864 0.12394222379989613 -0.012381093344238812 0.016845198958396822 -0.056867893925234218 -0.010960543549158612 0.018662337829953819 -0.082527874407804513 -0.021762601382132544 -0.037707705039738984 -0.051743317043950243 -0.028263508871667148 -0.019662381636611347 0.029081267798337349 -0.21239882315460573 -0.01232048499873979 -0.00060671808731101715 -5.7409582043689157e-05 0.055650430852010761 -0.030280393581675072 0.11005630181201145 0.059396036864025004 -0.019144507023324958 0.025660479605729425 0.049873015298491932 -0.017083690260494673 0.019648437421405488
leaf_weight=1.1476957294035006 0.6083737087501484 0.43450555594608919 3.789521744576632 0.13862763121142052 0.084241769765867835 0.029545552968556876 0.033504765729958197 0.054258647043752717 0.49065576050179593 0.43783424302273477 0.11412502657913137 0.29632814340584435 0.01617846691442526 0.10599097101658117 0.01800054574960086 0.10273141250036133 0.081386871388532511 0.1417257978246198 0.18412871361942951 0.12348505610134441 1.1283964473004742 0.0218192437896505 0.017589557948667789 0.24831637829629472 1.5807660901364213 0.048154128809073882 5.344414938983391 0.71711373677135093 0.011715824448401579 0.08745527241990203 0.032879087142646202 0.029678233404411003 0.20549668091553019 0.64130757739621902 0.020072883708053268 0.036518857325972931 0.039124378621636424 0.030964092118665576 0.058972410306523559 14.827595466505953 0.039223189396579872 0.10663550861954707 0.028072107934349333 0.058185237074212526 0.35658451905874233 0.85019909839866148 0.27733749529215856 0.13823312505519425 0.54111857602401803 0.0034431527847118551 2.570290150533765 0.33432263530630735 0.10511705151657214 0.093763330562069314 0.038544298429769697 0.016310631848682533 0.080173163572908379 0.064616048926836811 0.45177395064729353 0.14320242858047993 0.34458099795119823 0.63750736086694815
leaf_count=11978 7400 6512 54767 61 1716 131 447 44 8214 7529 148 186 48 55 68 124 367 555 54 72 2878 20 92 1321 62171 1876 350 1234 136 283 67 38 1659 2569 82 104 92 74 66 10752 665 3574 464 1350 1628 5269 966 540 14146 99 12916 3100 318 264 574 232 63 57 27326 3948 2763 17103
internal_value=0 0.0194901 0.0418268 -0.0479731 0.0179977 -0.0371168 -0.00269508 -0.0478682 -0.0221168 -0.0167186 -0.00539876 0.0192537 -0.0152842 0.0357482 -0.0501613 -0.00305575 0.00293719 -0.0280735 -0.0517824 0.00892094 -0.0327744 -0.0457018 -0.0287308 -0.0031287 0.0290972 0.00909598 -0.0531745 -0.0349565 0.0610497 0.0221961 -0.0418476 0.0192826 -0.00652735 -0.0307118 -0.0150444 -0.0199134 0.0241171 0.0637165 -0.0314296 -0.0558248 -0.0429699 0.0357236 -0.00242498 0.0388591 -0.0324583 -0.0492837 -0.00886341 0.00802927 0.0162334 0.0181317 -0.00917533 0.0102709 0.0343605 0.019894 0.0292635 0.0245829 0.0522994 0.0243452 0.0197194 0.0177133 0.0146899 0.0067604
internal_weight=0 13.2156 6.5853 27.6249 2.79578 11.594 6.63028 6.75345 4.84058 3.93902 2.31023 0.661233 1.649 0.547108 6.49134 0.215962 5.42606 1.20421 6.27537 0.262113 1.62879 0.901564 1.15834 3.72615 2.36127 0.587613 6.09125 0.74683 0.0297164 0.440889 1.19095 0.0625573 3.28526 1.14216 0.500854 0.480781 0.106607 0.0700885 0.161704 16.0308 1.20323 1.77366 0.134708 1.63895 0.374174 0.872018 0.595841 0.318503 1.69991 0.503371 2.986 0.41571 0.353433 0.29926 0.18027 0.0555338 0.441117 0.144789 0.499928 1.66641 1.52321 0.982088
internal_count=283705 228525 159855 55180 105088 31553 68670 2209 29344 23924 13412 509 12903 361 2076 234 58635 10035 1842 133 10512 5420 4689 20228 98576 31017 1788 1438 204 1922 2983 105 18306 4641 2072 1990 270 166 190 23627 12875 67559 4038 63521 1720 5289 2635 1669 38407 29301 16383 3467 1639 1923 1129 897 306 120 29202 37960 34012 19866
is_linear=0
shrinkage=0.05


Tree=27
num_leaves=63
num_cat=1
split_feature=68 68 67 56 8 63 64 59 58 79 0 60 68 38 56 60 64 42 86 85 45 8 58 19 86 77 8 38 66 66 78 5 17 68 8 59 53 53 39 30 65 55 8 64 10 64 41 38 15 8 54 26 57 8 58 8 33 54 52 63 34 52
split_gain=15.1498 2.51927 1.00643 0.972891 0.745242 0.312971 0.253945 0.238944 0.229412 0.207622 0.169938 0.171224 0.152932 0.235008 0.223172 0.126626 0.126261 0.11927 0.161649 0.102053 0.101621 0.0984672 0.11333 0.0941889 0.0927668 0.0991766 0.0924238 0.0901228 0.0891858 0.0885054 0.22498 0.0817958 0.106983 0.198885 0.081619 0.0799409 0.22854 0.131955 0.0790527 0.0752144 0.177587 0.0708052 0.069946 0.118539 0.0696069 0.134893 0.0684273 0.0667726 0.0662454 0.224157 0.0653884 0.0602736 0.0700034 0.0754701 0.0732096 0.159851 0.0944173 0.0685041 0.0603319 0.0589245 0.0584234 0.0549041
threshold=0.58333333333333337 0.83333333333333337 0.95000000000000007 0.72442891821284328 1.5000000000000002 1.0000000180025095e-35 3.9800000000000004 0.11757458097557107 38.442128440792139 1.5000000000000002 0 0.82801938331429181 0.41666666666666669 -1.0000000180025095e-35 17.71517199882565 0.88642467601492492 2.5500000000000003 -0.68301270189221941 1.5000000000000002 1.0000000180025095e-35 1.866025403784439 4.5000000000000009 72.098582031215997 1.866025403784439 1.0000000180025095e-35 1.0000000180025095e-35 3.5000000000000004 0.93301270189221952 12.680000000000001 4.078333333333334 1.0000000180025095e-35 0.6830127018922193 1.8369701987210299e-16 0.41666666666666669 4.5000000000000009 0.73973285846688708 -3.6224005296729662 -1.7154307906734609 0.93301270189221952 -1.0000000180025095e-35 8.0250000000000021 -31.812330347295905 1.5000000000000002 16.837500000000002 3.4820508075688781 19.655000000000005 -1.0000000180025095e-35 0.25000000000000022 0.93301270189221952 2.5000000000000004 2.7231137824888241 0.6830127018922193 -1.1840978532714239 5.5000000000000009 24.415745783295748 1.5000000000000002 -1.0000000180025095e-35 6.0056796828269547 -14.121959337726597 51.770454545454555 1.0000000180025095e-35 -8.4373801808072919
decision_type=2 2 2 2 2 2 2 2 2 2 9 2 2 2 2 2 2 2 2 2 2 2 2 2 2 2 2 2 2 2 2 2 2 2 2 2 2 2 2 2 2 2 2 2 2 2 2 2 2 2 2 2 2 2 2 2 2 2 2 2 2 2
left_child=2 5 -1 -3 7 -2 17 9 12 19 16 51 15 -14 44 50 -7 18 -6 31 26 22 42 34 25 -5 38 39 -17 30 35 32 33 -4 48 -9 -37 -38 -10 40 -19 -40 43 -13 -15 -46 -41 -36 -18 -50 -8 52 53 54 55 56 -12 58 -54 -56 -44 -62
right_child=1 3 4 24 6 10 8 29 20 -11 11 21 13 14 -16 28 23 27 -20 -21 -22 -23 -24 -25 -26 -27 -28 -29 -30 -31 -32 -33 -34 -35 47 36 37 -39 41 46 -42 -43 60 -45 45 -47 -48 -49 49 -51 -52 -53 57 -55 59 -57 -58 -59 -60 -61 61 -63
leaf_value=-0.055161932366578292 -0.040062706416652487 -0.035679878798303664 -0.020099227278881734 0.034809036848946505 -0.036160342949761351 0.051883363943443152 -0.037250134069435101 -0.05655242772333105 -0.040535888889968008 0.054254543301180826 0.059787530631856635 -0.043812764912090338 -0.055423588362469613 0.065847494043020136 -0.026565264751581143 0.016967356806306965 -0.041690871058876186 0.10788221000384855 0.092055293944654268 -0.06347893283341588 0.093803362266347112 0.0088975838588125893 0.0072864464031002002 0.073291481518174953 0.056085103798546899 0.050017637591373947 -0.0050583332451407566 0.015213626206665117 -0.028596128818578322 -0.053710469413558608 0.034503208798986586 -0.054304045372981585 -0.037605160838767263 0.068563129785893309 -0.013407168521384294 -0.049356125989379086 -0.016241826532170055 0.19748960026876455 -0.035597596610019523 0.02588287382218293 -0.052853946137242674 0.079115360276938676 0.051966400512665017 0.057837654266396324 0.07077588100263682 -0.035581399165235006 -0.049339225570430467 0.1109339274913213 0.10926972637003687 -0.056310590370253946 -0.0074341379476400033 -0.015270025493642909 0.038766905646769156 -0.0059463071221504543 -0.032411958397010457 0.058045238777346568 -0.042074327156066328 0.01011258321516433 -0.020284240106602 0.018570641012737355 -0.039776801840864379 0.039103986588864555
leaf_weight=15.563550192343429 0.51662148985360357 0.3855943574271804 0.20427826981904029 2.1696413506388126 0.062596417745225952 0.045432668259309028 0.43466785511918737 0.43661954675098957 0.97099294572853956 0.07798613993327308 0.032059447381470818 0.059761782375062245 0.088980367421754636 0.26258177988347586 0.12059806495381054 0.45502027099610132 1.2790374331925702 0.026614164053171296 0.040479993738699704 0.18845536144181096 0.016714766388758906 0.74731277809405572 0.33729568777198438 0.020728520350530633 1.7139208239041179 2.118723853692245 0.2845841323105559 0.066469061508541816 0.14058110095811571 4.4593760052657672 0.10119226331516984 0.15208724428703135 0.239363499735191 0.091618127800757065 0.24090264733968059 0.093726822782628005 0.012269067975466896 0.017553437507558556 0.026919199735857546 0.031015519522043067 0.048497008488993743 0.026888015416261624 0.67375953529426624 0.055144813177321339 0.062213027631514706 0.057242837239755318 1.197982521292033 0.011303782448521815 0.031827269469431374 0.05712762197072152 0.31871239130578033 0.3675721942936433 0.047519658593955683 0.27762915507992147 0.073662398130181828 0.2947572157063405 0.07833733885490779 0.55902632492234261 0.48190577587411165 0.2457598297878576 0.034925878364447271 0.059883303800233989
leaf_count=24405 6643 6066 364 65260 235 79 2214 65 3801 51 54 64 139 130 70 5323 2923 85 26 161 8 16692 3368 11 29907 58744 5712 109 787 921 51 174 88 39 2806 93 16 109 55 62 213 115 6609 541 79 78 5641 60 70 91 4098 2849 867 6543 331 2787 164 8763 3240 2645 157 355
internal_value=0 0.0188989 -0.0470206 0.041307 -0.0353046 -0.00269314 -0.0204467 -0.0468992 -0.0126739 -0.0239218 0.0004652 0.0037436 -0.00172058 0.0194745 0.0327335 -0.011016 -0.00437799 -0.0376769 0.0141923 -0.030883 -0.0287027 0.0231918 0.0319422 -0.0326157 0.0462527 0.042323 -0.0302666 -0.0415778 0.00621291 -0.051179 -0.0341101 -0.0219459 -0.0127518 0.00735322 -0.0339706 -0.0465048 -0.0109968 0.10956 -0.0372668 -0.0444724 0.00409974 0.0217256 0.0413553 0.00497028 0.0514524 0.0198098 -0.0474409 -0.00783425 -0.0387892 0.00293258 -0.0246367 0.00340204 0.00668489 0.0162198 0.0247129 0.0388248 -0.0124934 -0.00209444 -0.014984 0.00681347 0.0467952 0.0100458
internal_weight=0 13.0172 26.3784 6.38788 10.8149 6.62929 4.74035 6.07453 3.2667 0.953789 6.11267 4.42631 1.9406 0.591616 0.502636 1.34898 1.68636 1.47365 0.103076 0.875803 1.3261 1.96808 1.22077 1.64093 6.00229 4.28837 1.30938 1.37058 0.595601 5.12074 0.661361 0.687347 0.53526 0.295896 1.6202 0.560169 0.123549 0.0298225 1.0248 1.30411 0.0751112 0.0538072 0.883475 0.114907 0.382038 0.119456 1.229 0.252206 1.36799 0.0889549 0.75338 2.45823 2.09066 1.00221 0.724576 0.405154 0.110397 1.08845 0.529425 0.319422 0.768569 0.0948092
internal_count=284206 228689 55517 159977 31112 68712 28980 2132 22609 877 62069 56029 12918 496 357 12422 6040 6371 261 826 9691 27786 11094 5961 153911 124004 9683 6110 6110 1255 334 665 491 403 5950 283 218 125 3971 6001 298 170 7726 605 287 157 5703 2866 3084 161 6312 28243 25394 12524 5981 3005 218 12870 4107 2976 7121 512
cat_boundaries=0 22
cat_threshold=0 83918848 1048576 0 0 0 0 4194304 0 16 524288 131088 786432 134217728 357107713 20 0 18350080 67108864 21 512 5120
is_linear=0
shrinkage=0.05


Tree=28
num_leaves=63
num_cat=0
split_feature=68 68 3 66 8 63 54 1 58 68 63 58 71 17 86 68 3 3 3 22 67 3 70 51 3 32 30 17 31 79 9 34 3 43 16 64 66 58 43 8 54 67 25 35 3 68 4 1 82 67 58 29 81 1 9 39 63 66 15 39 23 17
split_gain=13.903 2.36727 1.03809 0.978239 0.663161 0.623142 0.318047 0.248675 0.384923 0.438726 0.23526 0.205921 0.187427 0.1707 0.247186 0.207479 0.169717 0.167594 0.163003 0.163917 0.124887 0.122387 0.112558 0.113413 0.108064 0.114814 0.107224 0.095877 0.0950919 0.0939616 0.088178 0.0832356 0.0829927 0.202226 0.0832636 0.0816749 0.194471 0.124811 0.0805255 0.0972536 0.0786647 0.0766133 0.0744774 0.0734303 0.072964 0.0688284 0.0678523 0.0819682 0.0674739 0.162602 0.0645658 0.0618739 0.0614398 0.0605542 0.0599991 0.0597188 0.0590132 0.0590032 0.0580304 0.0571025 0.0593517 0.0586407
threshold=0.58333333333333337 0.83333333333333337 2019.5000000000002 1.0000000180025095e-35 1.5000000000000002 6.5227272727272743 0.45787514843552302 3.5000000000000004 8.0731262584743408 0.41666666666666669 1.0000000180025095e-35 38.442128440792139 -0.42048683735389569 1.0000000180025095e-35 1.0000000180025095e-35 0.41666666666666669 2019.5000000000002 2018.5000000000002 2019.5000000000002 1.6160254037844388 150.34000000000003 2020.5000000000002 5.0851197119711982 26.658725537210003 2019.5000000000002 1.0000000180025095e-35 -1.0000000180025095e-35 2.7990381056766584 1.8369701987210299e-16 1.5000000000000002 22.500000000000004 1.0000000180025095e-35 2020.5000000000002 0.25000000000000017 0.6830127018922193 42.060000000000009 6.7666666666666684 67.766996503617889 1.0000000180025095e-35 1.5000000000000002 0.49487699643187538 360.50000000000006 0.93301270189221952 0.68301270189221941 2020.5000000000002 0.41666666666666669 0.68301270189221941 3.5000000000000004 1.0000000180025095e-35 1101.6700000000003 11.268507731580092 -1.0000000000000002 1.5000000000000002 9.5000000000000018 -7.0000000000000027 0.93301270189221952 21.169166666666673 40.723333333333336 -1.0000000180025095e-35 -0.6830127018922193 1.0000000180025095e-35 -1.0000000000000002
decision_type=2 2 2 2 2 2 2 2 2 2 2 2 2 2 2 2 2 2 2 2 2 2 2 2 2 2 2 2 2 2 2 2 2 2 2 2 2 2 2 2 2 2 2 2 2 2 2 2 2 2 2 2 2 2 2 2 2 2 2 2 2 2
left_child=3 6 5 24 7 -3 17 -5 9 -9 12 13 -6 14 18 54 52 -2 29 46 28 -13 43 41 25 -1 56 55 40 -12 32 50 33 34 -28 -10 37 -37 39 -19 -7 44 -32 -18 -24 -14 -20 -48 -22 51 -30 -50 59 -39 -16 -23 -15 -49 -27 -8 61 -61
right_child=1 2 -4 4 10 20 16 8 35 -11 11 21 45 26 15 -17 22 38 19 -21 48 27 23 -25 -26 58 30 -29 31 -31 42 -33 -34 -35 -36 36 -38 53 -40 -41 -42 -43 -44 -45 -46 -47 47 57 49 -51 -52 -53 -54 -55 -56 -57 -58 -59 -60 60 -62 -63
leaf_value=-0.043515142893251299 -0.045659566660664258 -0.042342259384219615 0.058463579895072108 -0.055175577993882813 0.038777715828434617 -0.026136981515333214 0.045728199748986904 -0.037705665909785961 -0.053024148672890792 0.049338428108128524 0.026893013804648855 -0.0075412732553462539 -0.05222280746782583 -0.021777652347306165 0.095483020913749828 0.063654236564543054 -0.0084174897653957453 -0.037490838312899254 -0.040208962655449716 0.067437783593869149 0.048841516349586313 -0.044829805431566214 -0.024228558361982275 -0.03378353742640762 -0.056140017464760932 0.12243154060234758 -0.036236265759264967 0.050158378107787005 0.056271187119719068 -0.041607421219599983 0.10047498669177957 -0.072876543302113295 -0.040799540292553782 0.15380172539901479 0.11883515847457043 0.08360392931651528 -0.042740245414335076 -0.049167926681006974 -0.044446908872244673 0.013897485806231624 0.027394047571368763 -0.02283512461690183 -0.046131303387012587 0.024250274423139748 0.053492208162875081 0.076808076574739398 0.065354259894822825 -0.030884564645143858 -0.18629075298401851 -0.13921511811602225 -0.0099301854573430864 0.049069890480625378 0.04744975986952242 0.056513755163918336 -0.010098859240094628 0.014039952976594744 0.12944973422849765 0.072605789725326483 0.0017903215303605446 0.070593044989431017 0.032287347578363046 0.0032593018520335922
leaf_weight=1.0500669849680004 0.57499777588782108 0.38013687605598567 3.4463888478194349 3.26310819934133 0.063291787297202973 0.072736649502076367 0.12034432360633207 0.32358265445054746 1.2107786543865589 0.2619524656329304 0.327369343345709 0.42247169337679213 0.80086401246262529 0.010417212626634864 0.014432526113523636 0.25882917919079773 3.1589521455516669 0.1229421520838514 0.47839986516555655 0.045903185684437631 0.66220448675630894 0.94747560942232645 0.034403789089992531 0.07633588006865466 13.176710373007152 0.013178631743357982 0.099055678588228946 0.028948580249561928 0.046355219362339883 0.059098938851093408 0.023396989696266246 0.04214576340655185 0.58421542125415726 0.019085365052887937 0.0094851826543163043 0.052999091096353257 0.68610404634455335 0.047776079081813805 0.12174175626569195 0.36664589220526977 1.2153203784582727 0.050602847926711547 0.013756051725067664 0.18192568276936061 0.24700471815776837 0.010470363304193597 0.034179218870121986 0.13577971158065338 0.0029358685897022943 0.016600724842646741 0.17924932527785131 0.057148062379383191 0.1383897710175005 0.018923263907709043 0.19880614931480511 0.045131078382837586 0.016943614762567449 0.015327300847275183 0.040914133036494493 0.033281594889558064 0.24391627669683646 1.1369350169006796
leaf_count=12042 7393 6101 54660 191 74 1003 2541 268 347 67 6114 7366 5360 203 49 117 17343 75 2018 82 33368 2803 183 148 10790 103 970 48 1127 147 124 953 721 137 145 242 888 103 373 2188 52565 201 46 1131 1283 30 95 894 36 510 6932 2583 3963 81 1633 96 203 14 805 978 6398 24336
internal_value=0 0.0179202 0.0403237 -0.0463561 -0.0347927 0.0169513 -0.00283163 -0.0459819 -0.0344527 0.00123549 -0.0207192 -0.0153231 -0.044093 -0.00617459 0.0033184 0.033567 0.00229917 -0.0262819 -0.00970957 -0.0239395 0.0267738 -0.0301764 -0.00360977 0.0211704 -0.054881 -0.0398557 -0.0253491 -0.0395373 0.0187353 0.0164179 -0.0289006 -0.00837703 -0.0328199 0.00370713 -0.0226849 -0.0448152 -0.0324806 0.026327 -0.00805587 0.000993185 0.0243711 0.0338053 0.0461935 -0.00663858 0.0439904 -0.0505576 -0.0302596 -0.00457071 0.0436998 -0.000700895 0.00367228 0.0375695 0.0155423 -0.019185 -0.00295281 -0.0421532 0.0718722 -0.0203872 0.0311822 0.0126646 0.00985089 0.00517431
internal_weight=0 12.7296 6.12122 24.8092 10.5284 2.67483 6.60842 5.86522 2.60212 0.585535 4.66313 3.78851 0.874626 2.34448 1.56813 0.472068 5.42209 1.18633 1.09606 0.709589 2.2947 1.44403 3.74923 0.408347 14.2809 1.10416 0.776356 1.02156 1.55581 0.386468 0.748995 0.26775 0.711842 0.127626 0.108541 2.01658 0.805802 0.119698 0.61133 0.489588 1.28806 0.332011 0.037153 3.34088 0.281409 0.811334 0.663686 0.185286 0.738889 0.0766847 0.225605 0.0600839 1.67287 0.0666993 0.213239 0.992607 0.0273608 0.151107 0.0540928 1.53448 1.41413 1.17022
internal_count=283788 228372 159838 55416 31676 105178 68534 2187 1996 335 29489 24025 5464 13712 11163 1799 58505 10029 9364 3103 99077 10313 20289 1815 23740 12950 2549 2947 62580 6261 2143 9012 1973 1252 1115 1661 1314 426 2636 2263 53568 1667 170 18474 1466 5390 3021 1003 36497 3129 8059 2619 38216 184 1682 2899 406 908 908 34253 31712 25314
is_linear=0
shrinkage=0.05


Tree=29
num_leaves=63
num_cat=1
split_feature=68 68 66 63 8 20 63 64 67 43 0 60 90 8 68 9 38 58 67 36 58 17 68 64 8 27 8 45 4 65 4 54 64 8 33 58 28 38 51 51 33 47 63 40 30 54 56 56 15 8 90 70 32 33 8 24 58 53 9 66 21 76
split_gain=13.3175 2.21273 0.950623 0.860028 0.652359 0.314588 0.277635 0.223469 0.201799 0.207646 0.144822 0.133933 0.125743 0.125697 0.123723 0.121676 0.279049 0.120121 0.116253 0.112855 0.108928 0.169747 0.153519 0.0972749 0.0908256 0.0848866 0.0835099 0.111146 0.0827537 0.0804217 0.125034 0.119223 0.080097 0.0796778 0.193265 0.200877 0.154002 0.0767499 0.0762147 0.0754186 0.0747224 0.0759066 0.0724726 0.0675289 0.103398 0.0646447 0.0638798 0.0603187 0.0592353 0.063685 0.0586535 0.0753461 0.0643652 0.0988357 0.0580049 0.100764 0.0840679 0.0604576 0.0573526 0.0562575 0.0561355 0.0542137
threshold=0.58333333333333337 0.83333333333333337 1.0000000180025095e-35 1.0000000180025095e-35 1.5000000000000002 -1.0000000180025095e-35 1.0000000180025095e-35 4.9875000000000007 32.305000000000007 0.93301270189221952 0 0.82801938331429181 1.0000000180025095e-35 3.5000000000000004 0.41666666666666669 -3.7500000000000013 0.6830127018922193 91.214090558596325 38.175000000000004 -1.25 63.26537692484775 0.68301270189221941 0.41666666666666669 2.5500000000000003 2.5000000000000004 0.93301270189221952 3.5000000000000004 -1.0000000180025095e-35 0.93301270189221952 33.020000000000003 -0.6830127018922193 0.43046074344522606 42.060000000000009 1.5000000000000002 -1.0000000180025095e-35 34.066625143920575 -2.7554552980815443e-16 -4.592425496802573e-16 -8.5763223710334522 -8.028704171821909 -1.0000000000000002 -14.294203520537971 18.095454545454547 -1.0000000180025095e-35 -1.0000000180025095e-35 3.2612998244351412 2.1342012146652296 0.29294932738546892 -1.0000000180025095e-35 3.5000000000000004 1.5000000000000002 0.53572282734963317 1.0000000180025095e-35 0.25000000000000022 4.5000000000000009 0.6830127018922193 20.266190718497242 -3.3901049504083933 11.750000000000002 40.038333333333341 -1.2500000000000004 1.0000000180025095e-35
decision_type=2 2 2 2 2 2 2 2 2 2 9 2 2 2 2 2 2 2 2 2 2 2 2 2 2 2 2 2 2 2 2 2 2 2 2 2 2 2 2 2 2 2 2 2 2 2 2 2 2 2 2 2 2 2 2 2 2 2 2 2 2 2
left_child=2 6 -1 -3 5 14 -2 19 12 25 18 33 20 17 -4 16 29 39 23 -6 21 22 32 -8 -23 26 27 -10 38 30 31 -7 60 34 36 -36 -12 48 42 -13 -35 -42 -25 44 -21 -45 -40 -39 49 59 52 -52 -49 -54 55 56 57 -43 -11 -5 -9 -34
right_child=1 3 4 37 7 15 10 8 9 58 11 13 -14 -15 -16 -17 -18 -19 -20 43 -22 24 -24 28 -26 -27 -28 -29 -30 -31 -32 -33 61 40 35 -37 -38 47 46 -41 41 54 -44 45 -46 -47 -48 50 -50 -51 51 -53 53 -55 -56 -57 -58 -59 -60 -61 -62 -63
leaf_value=-0.054558196643694629 -0.03854710636021208 -0.042494566078045123 -0.036414906546267556 -0.083199321375445681 0.076169135037655211 0.11771067811598793 0.047412099139802287 0.11079822132596998 0.043272096369571328 0.2011440216758163 -0.077048540107556629 0.058376670948541758 -0.028103825714999555 0.0080312302085406451 0.014204621808502607 -0.052705462821173159 0.042639787074649722 0.0026604485970037599 -0.04599191125574173 0.078469197420440812 -0.022812859483093265 -0.043417158182483283 0.053775597829931437 0.050565725551609 0.026123416430585647 0.042236747637242882 -0.0058258532400135114 -0.043256435622165842 0.032903413276302855 -0.049859760614509058 -0.047258629938501912 -0.01372982859343887 0.011337412537828502 -0.054212352657573841 -0.047602051803370335 0.02568434048827363 0.093938639053240985 -0.026246715694303421 -0.0042406363722786713 0.027024498105749792 -0.0016958469200520796 0.072399053753885362 -0.020424326353505315 -0.043372129277675038 -0.043748685827352848 -0.0041755804655083028 -0.040426178461405948 0.049751295919272118 0.033201383698737298 0.036059513547519829 -0.037921481899864821 0.038245306637841779 0.039351820439363389 -0.02688965408014285 0.0060243970852910944 -0.016104252477866468 0.0059292606887544359 0.029587012104171168 0.048085486660875768 0.039872720402892144 -0.0026913664672617208 0.079811008908875922
leaf_weight=13.656137160377513 0.49326687662414581 0.30262500617845933 0.21043757166626154 0.03514518057636451 0.022022564451617543 0.028592837410542415 0.053094726437848072 0.011142428484162803 0.038583209361604531 0.0070158836224435408 0.016643689479678869 0.39337035486551031 0.35930252571142762 0.94396682855494862 0.28311567800119519 4.3691104866193182 0.10763849925388058 0.24153985090924834 0.61964347547109344 0.030893235104485939 0.2812189955566281 0.17852601794766088 0.26723759251763113 0.057111138607069623 0.063710230386277544 0.037721130152931326 0.21779525046804327 0.97321489551177343 0.063733917035278864 0.72796550244947866 0.10412920950875537 0.0434966891671138 0.057167813651176402 0.046533774013369 0.32016560045121911 0.13207389191120456 0.063070098631214933 0.028848626649052522 0.15453305959454167 0.37436129167326704 0.7957102555492378 0.18068964273697929 0.097036285864305682 1.3065584505357035 0.039345491743915662 0.11440104658868211 0.57870558095237357 4.1514552185217326 0.43618199861884743 0.037988419597240863 0.045621844959896296 0.11262195848485135 0.77206017789649184 0.060741325085473363 0.48059540565100178 0.099215921034556231 0.13384642542314396 0.15169209058149158 0.047950308781764761 0.012619524170986551 0.49257636003676519 0.058474800319345377
leaf_count=23829 6697 5508 239 239 28 20 87 10 189 144 9 3281 2010 19515 67 942 90 2184 2734 173 2716 216 128 341 1061 383 4162 2451 111 652 95 120 1341 63 511 797 272 373 343 2769 12576 1107 592 6299 141 442 1521 110637 10487 1245 1283 2570 25700 1470 8934 559 2180 1122 357 432 5850 1377
internal_value=0 0.0177411 -0.0458656 0.0396403 -0.0345379 -0.045583 -0.002489 -0.0204475 -0.0127415 -0.0275183 0.000476697 0.00347079 -0.00169845 0.0211466 -0.00737816 -0.0490872 -0.0334634 0.0334134 -0.00404585 -0.0361914 0.00503003 0.0119663 0.0221011 -0.018452 -0.0251274 -0.0316448 -0.0339113 -0.0399568 -0.0221288 -0.0425231 -0.0122151 0.0384034 0.00843437 0.00354631 -0.0135462 -0.0261992 0.0582377 0.0440062 -0.0260813 0.0430887 0.0083615 0.00994249 0.00587727 -0.0378508 0.0100066 -0.0402164 -0.0327999 0.0458505 0.0257327 -0.0122565 0.046255 0.0162863 0.0472064 0.0345204 0.0187956 0.0296505 0.0393873 0.0528605 0.0676219 -0.0506835 -0.000180939 0.0459612
internal_weight=0 12.4865 24.1355 5.99591 10.4793 5.87449 6.4906 4.60486 3.09164 1.32228 5.99733 4.37348 1.76936 1.95324 0.493553 5.38093 1.01182 1.00927 1.62386 1.51322 1.41005 1.12884 0.886599 1.00421 0.242236 1.26731 1.22959 1.0118 0.95112 0.904184 0.176219 0.0720895 0.619361 2.42024 0.531953 0.452239 0.0797138 5.69328 0.887386 0.767732 1.88828 1.84175 0.154147 1.4912 0.0702387 1.42096 0.733239 5.17135 0.521935 0.0857531 5.1425 0.158244 4.98426 0.832802 1.04604 0.565444 0.466228 0.332382 0.0549662 0.0477647 0.503719 0.115643
internal_count=283781 228249 55532 159944 31703 2225 68305 29478 22395 7686 61608 55879 14709 27749 306 1919 977 8234 5729 7083 12699 9983 8706 2995 1277 7185 6802 2640 2908 887 235 140 8578 28130 1589 1308 281 154436 2797 6050 26541 26478 933 7055 314 6741 1864 142033 12403 1916 141660 3853 137807 27170 13902 4968 4409 2229 501 671 5860 2718
cat_boundaries=0 22
cat_threshold=0 83886080 1311744 0 0 0 0 4194304 512 16 524288 16 786432 134217728 357042177 20 0 18350080 0 21 512 5120
is_linear=0
shrinkage=0.05


Tree=30
num_leaves=63
num_cat=0
split_feature=68 68 3 67 8 54 20 63 63 58 3 71 68 3 37 71 37 68 71 3 68 68 3 90 3 54 65 76 71 86 57 3 86 19 30 12 40 58 78 23 68 90 4 8 45 85 65 8 67 6 3 76 52 57 57 8 8 60 21 23 84 3
split_gain=12.8505 2.0231 1.03871 0.927033 0.778373 0.53966 0.281353 0.26045 0.216918 0.220213 0.173265 0.172939 0.168525 0.216579 0.193726 0.239888 0.159571 0.190681 0.143279 0.142827 0.137224 0.121473 0.121184 0.11755 0.114453 0.123795 0.110662 0.107538 0.10402 0.103553 0.0975058 0.147492 0.0896152 0.0855408 0.0831216 0.131925 0.0819401 0.0782462 0.0815543 0.0760379 0.0718367 0.0692194 0.0655605 0.0644381 0.0640627 0.0634891 0.0628088 0.101419 0.112788 0.0774648 0.0945165 0.0807943 0.076178 0.0694511 0.0636353 0.0671688 0.0618207 0.0616764 0.0616656 0.0610693 0.0689233 0.0599329
threshold=0.58333333333333337 0.83333333333333337 2019.5000000000002 1.0000000180025095e-35 1.5000000000000002 0.70744246079321549 -0.68301270189221941 1.0000000180025095e-35 1.0000000180025095e-35 38.442128440792139 2018.5000000000002 -0.42048683735389569 0.41666666666666669 2019.5000000000002 1.0000000180025095e-35 2.4521359793452127 -1.0000000180025095e-35 0.41666666666666669 0.010857142857142866 2021.5000000000002 0.41666666666666669 0.41666666666666669 2020.5000000000002 1.0000000180025095e-35 2019.5000000000002 1.83313261757028 41.040000000000006 1.5000000000000002 0.50770325531438387 1.0000000180025095e-35 2.6929755762351957 2021.5000000000002 1.0000000180025095e-35 0.93301270189221952 1.0000000180025095e-35 1.0000000180025095e-35 0.25000000000000022 77.036330529561965 1.0000000180025095e-35 0.93301270189221952 0.41666666666666669 1.5000000000000002 0.93301270189221952 3.5000000000000004 1.366025403784439 1.0000000180025095e-35 7.0300000000000002 1.5000000000000002 32.305000000000007 1.0000000180025095e-35 2021.5000000000002 1.5000000000000002 -0.99154701224373543 2.6929755762351957 0.73477261142757277 3.5000000000000004 8.5000000000000018 -21.193009609054766 -1.0000000180025095e-35 0.93301270189221952 1.5000000000000002 2014.5000000000002
decision_type=2 2 2 2 2 2 2 2 2 2 2 2 2 2 2 2 2 2 2 2 2 2 2 2 2 2 2 2 2 2 2 2 2 2 2 2 2 2 2 2 2 2 2 2 2 2 2 2 2 2 2 2 2 2 2 2 2 2 2 2 2 2
left_child=3 7 5 24 6 -3 21 10 11 12 -2 -6 13 -10 15 23 17 -8 46 20 34 -5 -11 -14 25 -1 29 30 44 61 36 -32 45 -24 -18 -36 37 38 43 -35 -13 -28 -33 57 -15 -27 47 -9 49 50 51 -49 -52 -51 -48 -56 -12 -20 -30 60 -60 -7
right_child=1 2 -4 4 8 26 16 18 9 22 56 40 14 28 -16 -17 19 -19 27 -21 -22 -23 33 -25 -26 32 41 -29 58 -31 31 42 -34 39 35 -37 -38 -39 -40 -41 -42 -43 -44 -45 -46 -47 54 48 -50 53 52 -53 -54 -55 55 -57 -58 -59 59 -61 -62 -63
leaf_value=-0.047130104020157604 -0.053006376368377808 -0.037005897795313394 0.057638793287430726 -0.031432719848579635 0.032730842261834113 -0.024277628320696184 -0.048219271612039288 -0.040719821182894168 0.014705289441453369 -0.0062185945816292743 0.057670063237009586 -0.050823964892213427 0.058015699997551379 -0.0377782947428702 -0.036335786104275077 -0.041372622959286925 -0.033470615654969671 0.051880531253095052 -0.009119534735958567 -0.0077619939629330822 -0.054221151832915572 0.043660661973957016 -0.043296805205217122 -0.011455610574285985 -0.055496597099318368 0.05106703046072978 0.036669749631139767 -0.035060164073029608 0.062400076899117751 0.04764805902236096 0.0096650117411895466 -0.048162426917480482 -0.038880227409360868 -0.051941289471110597 0.1707660187194778 -0.05352203096555426 -0.0057209607314523273 -0.003029230168387 0.049402197131532724 0.032778593306656237 0.086563685195132162 -0.029846332070351918 0.048982770717727865 0.0067600644726839819 0.060886200266637262 -0.027774666941492988 0.0093429498399595079 -0.023077391448944346 -0.034341576250224652 0.036516166731635567 -0.039500440487092489 0.09886507212009317 0.0747709368159898 -0.018195797966252047 -0.017914977107471138 0.0081189134562889911 -0.020018867816402136 0.047317578838591424 -0.031026241697082787 0.032122085797052585 0.055815300256215165 0.010903822265047606
leaf_weight=0.82200820053822343 0.37768684853199186 0.41720912178425384 3.2307710013419637 0.098320434419292613 0.070763868956419174 0.15421791767676074 0.10641039643815009 0.28495927559015433 0.49657998542079518 0.42086774306244468 0.053196887403828441 0.73751896603243938 0.36536580552638032 0.73044165250303172 0.13428481118171476 0.094551160073024221 0.63025381157149052 0.086045627191197127 0.059305308071088803 0.19536165325553145 4.7772226777306059 0.11907654406968504 0.90252365002834245 0.073067943027126603 12.55020091954975 0.078122444321707007 1.2316774017017449 0.12752964926585253 0.033435612571338424 0.16156163492451014 0.72224974859364 0.18095771764092206 0.10237836330088612 0.04125328784721205 0.01296810805433779 0.01326014761980332 0.26411418797579234 0.21073131739922235 0.36775724673043442 0.073982114201498916 0.009638964431360364 0.04039515802378435 0.019211440741855768 0.39074035634166648 0.016831269898830215 0.03793297965421516 0.92505642018750256 0.40277311263253046 0.28163897327794984 0.22448969390825368 0.020228293689797283 0.014057566411793232 0.052274604206104414 0.078211826034021215 0.68825332377855353 0.38711268298084178 0.04937300285382662 0.26348718215012989 0.20679349280726456 0.069043850910929905 0.025686135442811064 0.56291171379416483
leaf_count=7657 5790 7416 55040 100 75 6368 173 276 8414 7407 290 5448 191 2861 170 50 1259 49 422 56 369 33 2713 121 10721 2187 69378 545 197 5867 11819 440 2825 57 147 16 2105 2832 2959 166 29 1347 98 8107 76 352 11217 2053 1796 1567 64 22 123 525 4154 8464 616 2170 1231 281 54 14576
internal_value=0 0.0173447 0.0387722 -0.0455447 -0.0344174 0.0150361 -0.0461492 -0.00193307 -0.0186827 -0.0135122 -0.0373557 -0.041976 -0.00372964 -0.0126334 0.0173374 0.0308603 -0.0482348 -0.00346541 0.000918822 -0.0497655 -0.0512756 0.00969876 -0.0287853 0.0464378 -0.0541755 -0.0382394 0.0251313 0.00971644 -0.0251778 0.0114852 0.0120203 -0.000860543 -0.00478218 -0.0381172 -0.0298412 0.0573733 0.0196556 0.0248431 0.0302751 0.0024496 -0.0490515 0.0345575 -0.0388388 0.020417 -0.035556 0.0252974 -0.0059067 -0.0142029 -0.00716522 0.0024984 -0.00980018 -0.0189649 0.0428892 0.0223797 -0.000272119 -0.00854324 0.0202737 0.0369486 -0.00202451 -0.00916848 -0.0214313 0.00333809
internal_weight=0 12.2441 5.79874 24.1322 10.5415 2.56797 6.03892 6.4454 4.50263 3.68471 0.480257 0.817922 2.24608 1.57881 0.66727 0.532985 5.82152 0.192456 5.96514 5.62907 5.4337 0.217397 1.43863 0.438434 13.5906 1.04044 2.15076 2.60608 1.08223 0.878691 2.47855 0.922419 0.218434 1.01776 0.656482 0.0262283 1.55614 1.29202 1.08129 0.115235 0.747158 1.27207 0.200169 0.713533 0.747273 0.116055 3.35906 1.35863 1.07367 0.792035 0.489334 0.416831 0.0725029 0.302702 2.00042 1.07537 0.10257 0.322792 0.334959 0.301523 0.23248 0.71713
internal_count=283931 228446 159992 55485 31743 104952 2202 68454 29541 23989 6696 5552 13646 13114 532 362 2069 222 61758 1847 1791 133 10343 312 23742 13021 97536 31497 4700 26811 30952 12357 5364 2936 1422 163 18595 16490 13658 223 5477 70725 538 10699 2937 2539 30261 6426 6150 4354 2262 2075 187 2092 23835 12618 906 2592 1763 1566 1285 20944
is_linear=0
shrinkage=0.05


Tree=31
num_leaves=63
num_cat=0
split_feature=68 68 3 66 59 64 3 64 21 54 59 3 20 57 67 60 3 54 68 57 1 66 10 44 9 10 58 68 64 32 56 60 86 10 80 54 57 24 91 77 76 18 28 43 33 76 53 10 9 52 52 64 58 3 79 68 54 3 25 3 58 49
split_gain=12.1686 1.91451 1.02085 0.917666 0.606182 0.496767 0.343888 0.267092 0.258421 0.203839 0.164773 0.14348 0.124828 0.16326 0.121434 0.119958 0.11852 0.12008 0.117765 0.219067 0.143249 0.138155 0.111196 0.102637 0.0922027 0.0906048 0.230145 0.127895 0.258238 0.0902979 0.0887973 0.0854313 0.0852653 0.0828562 0.088814 0.0822908 0.0782961 0.10025 0.0750133 0.13085 0.0736448 0.0705096 0.0666524 0.0659408 0.0696293 0.0644291 0.0616739 0.0730871 0.061426 0.0603526 0.0792587 0.0588583 0.0682452 0.149093 0.0577553 0.0564141 0.0537322 0.0535719 0.0527049 0.0843271 0.0519516 0.061824
threshold=0.58333333333333337 0.83333333333333337 2019.5000000000002 1.0000000180025095e-35 -1.0000000180025095e-35 4.0250000000000012 2019.5000000000002 1.0000000180025095e-35 -1.0000000000000002 0.23434337469832447 21.71469592682902 2019.5000000000002 -0.68301270189221941 -0.11988832150951188 160.15000000000003 0.82801938331429181 2019.5000000000002 1.83313261757028 0.41666666666666669 2.5036263817699358 4.5000000000000009 4.6683333333333339 0.6830127018922193 0.25000000000000022 -23.499999999999996 7.8971143170299758 20.266190718497242 0.41666666666666669 13.985000000000001 1.0000000180025095e-35 20.129852891037103 2.3147260425824165 1.0000000180025095e-35 20.392304845413264 1.0000000180025095e-35 0.45787514843552302 -1.1840978532714239 0.6830127018922193 1.0000000180025095e-35 2.5000000000000004 1.0000000180025095e-35 0.25000000000000022 0.25000000000000017 0.68301270189221941 0.25000000000000022 1.0000000180025095e-35 -4.7066436988758369 -21.825317547305477 2.2500000000000004 -0.99154701224373543 0.31006051901574511 15.215000000000002 13.558065302806774 2021.5000000000002 1.0000000180025095e-35 0.41666666666666669 0.70744246079321549 2021.5000000000002 1.8369701987210299e-16 2021.5000000000002 87.820718501177936 -3.5538938918208056
decision_type=2 2 2 2 2 2 2 2 2 2 2 2 2 2 2 2 2 2 2 2 2 2 2 2 2 2 2 2 2 2 2 2 2 2 2 2 2 2 2 2 2 2 2 2 2 2 2 2 2 2 2 2 2 2 2 2 2 2 2 2 2 2
left_child=3 7 5 16 18 -3 9 11 -8 -6 12 -2 13 -10 29 36 17 24 31 20 22 -22 -20 33 -1 26 27 -14 -29 35 55 46 45 34 60 -7 37 41 -28 -40 -36 58 57 44 -31 -19 47 -5 -39 -43 -51 52 53 -38 -42 -12 -48 -25 -9 -60 61 -17
right_child=1 2 -4 4 6 14 8 15 10 -11 30 -13 25 -15 -16 23 -18 32 19 -21 21 -23 -24 42 -26 -27 38 28 -30 43 -32 -33 -34 -35 40 -37 51 48 39 -41 54 49 -44 -45 -46 -47 56 -49 -50 50 -52 -53 -54 -55 -56 -57 -58 -59 59 -61 -62 -63
leaf_value=0.12967103021051238 -0.045755803419767573 -0.039762826726492936 0.057207665116436983 0.16697142012290367 -0.045935561519093282 -0.030031186143705032 0.046453866820830185 -0.00060636966071511938 0.051555527540591978 0.012063107137138443 -0.0037556258091838435 0.064957055729062699 -0.033234565945586235 -0.052115286607495141 0.041361072728959045 0.027239017539719731 -0.055199865084775236 -0.00042260806227214121 0.095764469442215172 -0.043770592749467478 -0.029206664488213366 0.034469170283704012 0.022881677511370643 -0.0059331354512333337 -0.048097121354689285 -0.053996843959527321 -0.052981327736609733 0.052257151202721744 -0.045003352352517734 0.0081869208231981679 -0.024736077956985899 0.0023358092987103502 -0.03818067825136405 -0.025765832825459484 0.037218031104342464 0.024718272906129317 -0.036931137070028347 -0.0017423741537762501 -0.04314654214009879 0.079096923708840722 0.017551042252279409 -0.018042833695527137 0.026722700684651615 -0.094534680321167089 -0.063294632879031351 0.079675840303291348 -0.052513438947339168 -0.013980278456866797 -0.050151700045974891 0.088723092963443051 -0.019145181564396926 -0.0054380615971161535 0.013341949016945999 0.076815398406436766 -0.038340396773545768 0.087708022974765695 -0.024651617362251205 -0.050890416700908769 0.043485311723356936 -0.027643021214238034 -0.016852625097379944 0.0021978574690442766
leaf_weight=0.0073635719600123597 0.43676284515185937 0.36285095819494051 3.0996334274850597 0.0056410955876344806 0.22543764803867627 0.072987194137568046 0.077990228761336655 0.93068622948976576 0.073112021727865795 0.46186087551905075 0.037099055117323476 0.031365680843009613 0.61899089500911975 0.079020850722372304 0.65874432870259614 0.37639613553437878 12.275480385631452 0.080058422886395419 0.086426164984004461 0.17675099578627851 0.1864519965602085 0.15683729691954795 0.13266747271700297 0.13216429491876613 0.77392199037149467 3.2104903474464663 2.0491727514872768 0.14912581737735309 0.12583710787293967 0.21577767014696281 0.34299766698677558 0.35876997732066218 0.10027364784764359 0.13284385603947146 0.59359147348368413 1.1504004385069491 0.54498170998340345 0.13401598512336921 0.083788848286530881 0.029632811098053935 0.23560893856483744 0.029698672908125445 0.068913642204279313 0.021361793325922918 0.040454955083987443 0.036575635356712155 0.26488623900695552 0.51755169707666937 0.12822804326333426 0.073086451633571303 0.022202728730917443 1.0843087290431865 0.1026266679600667 0.030416266126849223 0.057501738850987749 0.030901541162165813 0.49908059715380659 0.13289313151835813 0.17207850174418127 0.054984753762255423 0.20048369586947945 0.71413778679198048
leaf_count=11 6456 6173 54665 12 3424 932 128 10577 103 8266 221 236 2430 57 35122 4837 10797 1754 54 139 48 94 99 1557 7594 1172 1413 97 47 9354 1219 3592 2840 802 6961 52066 1450 1164 337 24 3244 471 1391 311 923 747 815 4447 641 284 329 14002 632 71 941 23 3330 253 1694 238 2696 7714
internal_value=0 0.0166833 0.0379871 -0.0452398 -0.0337852 0.0143698 -0.0406903 -0.00197335 -0.044046 -0.00696077 -0.0450794 -0.0383378 -0.0470445 -0.00229316 0.0234645 0.000886803 -0.0538526 -0.0372841 -0.0117954 0.00478415 0.0200444 -0.000115324 0.0516319 0.00882499 -0.0464217 -0.0481308 -0.0419693 -0.0206298 0.00774577 0.0156102 -0.014388 -0.0192407 -0.00437124 0.0125699 0.0149084 0.0214519 -0.00546059 0.00275587 -0.0507905 -0.0112089 0.0270924 0.00851471 -0.017084 -0.0101351 -0.00309885 0.0246957 -0.0252547 -0.0120292 -0.0254128 0.0441926 0.0635894 -0.0126637 -0.0242191 -0.0309184 0.0065864 0.0378082 -0.034312 -0.0284736 0.00466301 0.0262612 0.00654023 0.0108408
internal_weight=0 12.0422 5.62221 23.2542 9.98052 2.52258 7.59546 6.41998 6.90816 0.687299 6.83017 0.468129 6.41917 0.152133 2.15973 5.95185 13.2737 0.998193 2.38506 0.739134 0.562383 0.343289 0.219094 2.64453 0.781286 6.26704 3.05655 0.893954 0.274963 1.50098 0.410998 1.64593 0.216908 2.31056 2.17772 1.22339 3.30731 1.54498 2.16259 0.113422 0.886702 1.28274 0.333971 0.277594 0.256233 0.116634 1.28716 0.523193 0.262244 0.124988 0.0952892 1.76233 0.678025 0.575398 0.293111 0.0680006 0.763967 0.265057 1.15775 0.227063 1.29102 1.09053
internal_count=283521 228187 159546 55334 31591 104881 18961 68641 7271 11690 7143 6692 5680 160 98708 61949 23743 12946 12630 434 295 142 153 30396 7605 5520 4348 2574 144 63586 1463 12196 5341 27195 26393 52998 31553 15398 1774 361 11146 13593 3201 10588 10277 2501 8604 4459 1805 1084 613 16155 2153 1521 4185 244 4145 1810 12509 1932 15247 12551
is_linear=0
shrinkage=0.05


Tree=32
num_leaves=63
num_cat=1
split_feature=68 68 66 8 56 20 63 63 10 10 71 17 67 68 59 0 9 38 60 4 64 38 86 68 66 55 51 77 8 8 50 60 70 45 68 8 64 41 8 43 23 67 64 15 63 77 31 66 31 18 65 51 63 38 63 91 64 10 86 8 65 65
split_gain=11.1582 1.78559 0.92026 0.75281 0.709189 0.310893 0.234904 0.210658 0.171353 0.214191 0.168662 0.167603 0.186068 0.249391 0.137826 0.131199 0.130317 0.121002 0.120366 0.117532 0.114129 0.113829 0.10659 0.105934 0.189818 0.12404 0.104778 0.101231 0.0990787 0.0902224 0.0884915 0.0881245 0.0789725 0.07826 0.0775657 0.0700003 0.0693063 0.0682451 0.0686425 0.0653711 0.0636692 0.0610259 0.0659266 0.0607006 0.0603862 0.103101 0.0604186 0.0595442 0.0538818 0.0629102 0.0515167 0.0499696 0.085304 0.0481801 0.0673225 0.0470323 0.0662969 0.0534129 0.0462961 0.0478238 0.0455429 0.0433674
threshold=0.58333333333333337 0.83333333333333337 1.0000000180025095e-35 1.5000000000000002 0.72442891821284328 -0.68301270189221941 1.0000000180025095e-35 1.0000000180025095e-35 7.6471143170299749 -7.8971143170299714 -0.42048683735389569 -1.0000000180025095e-35 50.025000000000006 0.41666666666666669 -1.0000000180025095e-35 0 17.160254037844393 0.93301270189221952 0.82801938331429181 0.93301270189221952 2.5500000000000003 -0.5 1.0000000180025095e-35 0.41666666666666669 1.3466666666666669 3.0776345835414114 -2.2897864090524602 1.0000000180025095e-35 7.5000000000000009 4.5000000000000009 -26.537961343011951 0.82801938331429181 3.1821608075694097 0.93301270189221952 0.41666666666666669 4.5000000000000009 3.1050000000000004 0.93301270189221952 3.5000000000000004 0.68301270189221941 -0.93301270189221919 19.965000000000003 22.015000000000004 1.866025403784439 192.99083333333337 1.5000000000000002 1.6160254037844388 249.02000000000001 0.25000000000000022 -0.5 717.36000000000001 -4.9819162317044876 119.12500000000001 -0.5 16.756250000000005 1.5000000000000002 5.0750000000000011 -5.3480762113533142 1.0000000180025095e-35 11.500000000000002 7.0300000000000002 33.020000000000003
decision_type=2 2 2 2 2 2 2 2 2 2 2 2 2 2 2 9 2 2 2 2 2 2 2 2 2 2 2 2 2 2 2 2 2 2 2 2 2 2 2 2 2 2 2 2 2 2 2 2 2 2 2 2 2 2 2 2 2 2 2 2 2 2
left_child=2 6 -1 5 -3 34 58 10 9 37 -5 12 13 -7 16 19 26 28 -17 20 -8 -11 27 31 -25 30 36 39 47 51 -26 43 -19 -21 -4 -22 -13 38 48 -6 -37 42 -41 -23 45 46 -33 -10 -9 -50 -49 52 -20 54 -29 56 -53 -57 -2 -60 -58 -56
right_child=1 4 3 7 22 11 15 8 17 21 -12 14 -14 -15 -16 18 -18 32 29 33 35 23 -24 24 25 -27 -28 53 -30 -31 -32 44 -34 -35 -36 40 -38 -39 -40 41 -42 -43 -44 -45 -46 -47 -48 50 49 -51 -52 55 -54 -55 61 57 60 -59 59 -61 -62 -63
leaf_value=-0.053454542380395612 -0.016650671052441775 -0.032522328924843656 -0.022176281201862526 0.032355447330750492 0.032027399529391466 -0.038110469337288753 0.062025309328651523 -0.045800643440024158 -0.044999839124825719 -0.046208441415745927 -0.048795259385325966 0.090499648277150971 -0.051817098550678266 0.047619180984986631 -0.052989015218198723 0.003622665244814595 0.056832827012195032 -0.02652605000437688 0.048987891963804306 -0.010628439458420513 -0.040431831832978993 -0.016904980217849603 0.05331068003586277 -0.059398194922855058 -0.0070072579353630815 -0.027098977255439541 -0.049378878132268655 0.055138495068735555 0.036670862467772201 0.0066216246998965864 0.055171785323644584 0.0054029096296272011 0.083061363019705639 0.081589098890578624 0.040398609103033861 0.10876889315061092 -0.010773628023140643 0.038175032267606518 -0.0024467220951390495 0.02312496839825607 -0.01606443071455832 0.02403744504050823 -0.080024952400497562 0.078535886251637543 -0.030423200864314118 0.072616242898280822 0.10843974585056722 0.14734776407828862 0.063448715112680715 -0.051754291992229057 -0.022207420566120184 0.077275300020052076 0.009722399737884687 0.048357283853015132 -0.061696406230854539 0.069522949536307138 -0.030042500007276887 -0.03122183376087111 -0.052871610126286897 0.08647831201572051 0.023293208849934657 0.01360476271181434
leaf_weight=11.862133635690045 0.17404804450870681 0.34336482725484518 0.082572576240636297 0.070570855867117643 1.7583342819561951 0.18058716993346013 0.030806132288489496 0.50903122938598322 0.69047793419758807 0.11686488314080756 0.69066122523145157 0.020686459314674721 0.30052884497035848 0.15998620912432671 4.4151600760005731 2.4662004139427154 0.045251127192386775 0.030604371888330206 0.4814633503992809 0.062659455579705425 1.1312282482831504 0.71358715138285223 1.4270386030975712 0.061284752562641986 0.068851925418130122 0.070643390579789411 0.27656472892522277 0.076078673512711137 0.041719059524439217 0.75267530781366065 0.33872299527865835 0.52414571953431732 0.035519918972568121 0.036355109536089003 0.12373235623817891 0.010706851360737013 0.092139554008099367 0.035318855745572364 0.14526385528824903 0.025770862862373067 0.22202910281430399 0.095558077660825802 0.038831049814689322 0.017057823527466098 0.080614757040166296 0.070211445192398969 0.014624377638938313 0.007455853492501773 0.025453435519011691 0.022174011312017683 0.01122363620379474 0.051817169744026392 0.19407790411878523 1.6372080623950749 0.026987214569999196 0.015760758056785562 0.045322609737922903 0.079623196854299749 0.26656596495195117 0.0063025942690728689 0.34238043976802146 0.065594450027674611
leaf_count=23644 2374 6111 94 80 59661 295 58 1414 2143 435 5390 15 219 67 965 27856 44 203 4134 406 2947 7341 29844 17 82 119 236 216 1177 16427 280 6583 20 27 32 53 224 67 2607 421 3101 4787 269 53 735 205 91 164 83 80 153 95 2384 55449 554 140 89 302 4170 127 3912 2586
internal_value=0 0.0161693 -0.044013 -0.0329124 0.037054 -0.0449043 -0.00184571 -0.0173571 -0.0123432 -0.0064903 -0.0412721 -0.0471683 -0.023142 0.0021615 -0.0503444 0.000791737 -0.0234797 -0.0325014 0.00336942 -0.00382197 -0.0331446 0.00172924 0.0416916 0.0045879 0.0234492 0.0340663 -0.0328128 0.0372395 -0.0382116 0.0202148 0.0446678 -0.0025769 0.0323409 0.023231 0.0153533 -0.0352941 0.00779466 -0.0296425 -0.0330549 0.0292419 -0.0103216 -0.00133948 -0.0388766 -0.0146768 0.0102433 0.0156265 0.00819974 -0.0426168 -0.0410423 0.00981341 0.0454699 0.0286673 0.0377072 0.045736 0.0202908 0.0172507 0.0241575 -0.0145753 -0.0368005 -0.049653 0.0170582 -0.00834525
internal_weight=0 11.8648 21.9514 10.0893 5.49477 5.69721 6.37002 4.39208 3.63085 2.81385 0.761232 5.4909 0.641102 0.340573 4.8498 5.92311 0.434642 0.817001 4.42932 1.49378 1.39477 2.07661 5.1514 1.95974 0.539503 0.478218 0.389391 3.72436 0.750876 1.96312 0.407575 1.42024 0.0661243 0.0990146 0.206305 1.36396 0.112826 0.737241 0.701923 1.91849 0.232736 0.16016 0.0646019 0.730645 0.689596 0.608982 0.53877 0.709157 0.556659 0.0476274 0.0186795 1.21045 0.675541 1.80587 0.16866 0.534904 0.43952 0.095384 0.446917 0.272869 0.387703 0.0925817
internal_count=283857 228500 55357 31713 159898 2191 68602 29522 24052 20192 5470 2065 581 362 1484 61931 519 3860 55339 6592 6159 15941 153787 15506 498 481 475 123943 3637 27483 362 15008 223 433 126 6101 239 4251 4184 65138 3154 5477 690 7394 7614 6879 6674 2460 1577 163 317 11056 6518 58805 3356 4538 4096 442 6671 4297 4001 3140
cat_boundaries=0 22
cat_threshold=0 67141632 1310720 0 0 0 0 4194304 512 16 524288 131088 786432 134217728 289966081 20 32 18350080 67108864 21 512 4096
is_linear=0
shrinkage=0.05


Tree=33
num_leaves=63
num_cat=0
split_feature=68 68 66 63 77 58 56 9 68 63 57 68 17 90 21 86 78 66 9 66 86 5 77 57 70 54 21 64 48 20 13 70 58 28 66 82 67 29 58 31 9 22 67 27 21 65 58 20 91 78 39 85 51 60 68 19 70 54 7 17 38 60
split_gain=10.4139 1.71004 0.955336 0.651395 0.54673 0.350092 0.3012 0.266643 0.221707 0.216544 0.139528 0.117474 0.154065 0.12775 0.120798 0.115687 0.141158 0.118837 0.1088 0.134373 0.107602 0.10324 0.102518 0.102404 0.113395 0.0911345 0.0897812 0.0760144 0.0742556 0.0733249 0.071949 0.0718885 0.0618693 0.0603963 0.0571507 0.0692053 0.118591 0.0620639 0.0574447 0.0584909 0.0555398 0.0555235 0.0612417 0.0544144 0.0537532 0.0520149 0.0509743 0.0905091 0.0703786 0.0849775 0.0630994 0.0627669 0.0510854 0.0495351 0.114372 0.0804344 0.0577517 0.0490487 0.048492 0.0480567 0.0476579 0.0541159
threshold=0.58333333333333337 0.83333333333333337 1.0000000180025095e-35 1.0000000180025095e-35 1.5000000000000002 22.853363971587765 2.3188316491415804 -13.928203230275507 0.41666666666666669 1.0000000180025095e-35 -0.87191605579714715 0.41666666666666669 0.25000000000000028 1.0000000180025095e-35 -0.6830127018922193 1.5000000000000002 1.0000000180025095e-35 97.973333333333343 21.325317547305488 46.765000000000008 1.0000000180025095e-35 0.6830127018922193 1.0000000180025095e-35 -4.0053661616161653 0.73172474614556082 1.3746696897725685 -1.0000000000000002 2.5500000000000003 -14.286142982755827 -0.5 -0.93301270189221919 0.50809739617817573 38.442128440792139 -0.93301270189221908 61.31333333333334 1.0000000180025095e-35 1101.6700000000003 -1.0000000000000002 92.990075857898461 0.68301270189221941 -21.325317547305477 -0.68301270189221941 434.12500000000006 -1.0000000180025095e-35 -1.0000000000000002 6.080000000000001 3.6812928739884447 0.93301270189221952 1.0000000180025095e-35 1.0000000180025095e-35 0.68301270189221941 1.0000000180025095e-35 -4.9819162317044876 -2.5376841919740527 0.41666666666666669 1.8369701987210299e-16 0.97156577209714945 29.348542930451924 -0.5 2.2990381056766584 -0.5 -49.67088695277377
decision_type=2 2 2 2 2 2 2 2 2 2 2 2 2 2 2 2 2 2 2 2 2 2 2 2 2 2 2 2 2 2 2 2 2 2 2 2 2 2 2 2 2 2 2 2 2 2 2 2 2 2 2 2 2 2 2 2 2 2 2 2 2 2
left_child=2 9 -1 -3 5 6 15 -6 -7 -2 32 14 13 21 43 17 -17 25 29 -20 22 -13 34 28 44 26 -4 -26 40 -9 -29 -16 -10 -33 38 -36 37 -37 39 -5 -11 42 -32 -8 -25 -42 47 50 52 -50 -43 -52 -48 54 55 -28 -55 -34 -38 -30 61 -24
right_child=1 3 4 20 7 8 11 18 10 23 -12 12 -14 -15 31 16 -18 -19 19 -21 -22 -23 60 24 27 -27 53 30 59 -31 41 33 57 -35 35 36 58 -39 -40 -41 45 46 -44 -45 -46 -47 48 -49 49 -51 51 -53 -54 56 -56 -57 -58 -59 -60 -61 -62 -63
leaf_value=-0.053169522700311847 -0.035983268283712101 -0.03909180127921566 0.042335723929939256 0.028726896853888042 0.052192163070594447 -0.018791380582872441 0.13446755974347011 -0.00027433990649432146 0.030124055727561435 0.058231976291729493 -0.052569001430453483 0.061637962803879079 -0.028287631659718721 -0.023980834754794796 0.010523224682120819 0.093840617356007183 -0.030817520610896917 0.13243199409697234 0.054681391939667812 -0.052717806851566532 0.052423972620727767 0.008072205352931662 -0.040273966881428647 -0.046493875760519804 0.03905997374680012 0.024119128039531174 -0.047942861334564109 0.015885413373454591 0.022179435550468675 -0.05149060773714375 0.029441524815952913 0.1060694578699692 -0.042603723621048806 -0.02058107575307988 0.047839337561381562 -0.16390277623962848 0.058700250305244596 0.044905456326835992 -0.017588491553587934 -0.0063305581196193283 -0.02653549457754641 -0.04307847525355242 -0.060602876896002966 0.031295065347048449 0.010407451073016693 0.0039451202715763628 0.0071725026871416247 0.071135501190395786 -0.011324028283048021 -0.048093776700770988 0.085047003825926337 -0.092409998515656566 -0.012767516544131672 0.027447614579748442 0.068801336462979673 0.022337762218347573 -0.049942687967554959 0.017270519311950786 -0.13766423124484592 -0.055939261985436375 0.047476337735437045 0.0331323834531237
leaf_weight=11.725858678543775 0.44046827231295349 0.27077063874367002 0.03352870685921483 1.0642440546962464 0.066497447598522164 1.2522008877285771 0.017940280409675324 0.071344674150169651 0.06521119602257397 0.038545102061107173 1.4280873781317494 0.28165739859105077 0.12791308206215035 0.081430402118712664 0.28740887472849841 0.041139859706163295 0.050691127878963016 0.010718698951677541 0.055808120101573766 0.060910303007403854 1.3777883725874742 0.13215991260949522 0.031189728641948022 0.042942625914292765 0.078847691651390384 0.062012226466322207 0.2040354031769307 0.23311206060316259 0.88810346774062032 3.4125263446730965 0.12912424710521131 0.0095362234987985683 0.13014260957424995 0.72953277856231602 0.50575899788600498 0.0037756673373223739 0.0038281139277387402 0.061910490309855959 0.085606804015696869 0.13395365804353776 0.18329734893541172 0.33907386531973216 0.022117616608738899 0.044429473910895356 1.2396748785222369 0.59206098138565721 0.51275584553877851 0.020292909623094602 0.42014496833871806 0.25100552992807934 0.018891945730501902 0.0067680659540201296 0.85983825783296075 0.024919182797929373 0.030321574071422219 0.050858667995271389 0.73906413278746186 0.046399882776313461 0.017593270285033213 0.020133509484367096 1.5594907096087807 0.12874228061264137
leaf_count=23717 6753 5493 56 32743 95 13184 32 77 41 356 391 118 55 208 3835 23 98 52 48 59 30185 52 765 498 281 278 807 1566 11201 2679 1217 51 157 4571 21744 57 34 2497 3522 3877 1787 832 50 409 20475 9942 4018 25 2802 551 158 36 5984 138 26 78 3926 86 644 39 55462 2634
internal_value=0 0.0153124 -0.0436083 0.0364315 -0.0318667 -0.0224193 -0.0102974 -0.0470186 -0.0346958 -0.00216564 -0.0466223 0.00331815 0.0206311 0.0332659 -0.00659026 -0.0289858 0.0250288 -0.0332786 -0.0488509 -0.00136561 0.0405429 0.0445308 0.0359908 0.00036044 -0.00387161 -0.0348302 -0.0382065 -0.00935959 0.0106192 -0.0504418 -0.0107167 -0.0106954 -0.0114943 -0.0189469 0.02791 0.0407498 -0.00041301 0.0329031 0.0219806 0.0248076 -0.000348415 -0.0131203 0.0162734 0.060972 0.00850237 -0.0032606 -0.0149507 -0.0316393 -0.0118067 -0.0250757 -0.0373574 0.0382411 -0.00531858 -0.0407803 -0.0229995 -0.0339199 -0.0474184 -0.0268672 -0.102573 0.0204477 0.0448106 0.0188168
internal_weight=0 11.5819 21.2743 5.24465 9.54843 5.88134 2.9593 3.66709 2.92204 6.3372 1.66984 1.71201 0.623161 0.495248 1.08885 1.24729 0.091831 1.15546 3.60059 0.116718 4.97388 0.413817 3.59609 5.89673 4.17459 1.14474 1.08273 2.89197 1.72214 3.48387 2.81313 1.02648 0.241754 0.739069 1.87667 0.592867 0.0871075 0.0656862 1.2838 1.1982 0.813903 2.58001 0.151242 0.0623698 1.28262 0.775358 2.42877 0.385027 2.04374 0.67115 0.364734 0.02566 1.37259 1.0492 0.285216 0.254894 0.763983 0.176542 0.0214214 0.908237 1.71942 0.159932
internal_count=283575 228228 55347 159657 31630 28672 14813 2958 13859 68571 675 9331 433 378 8898 5482 121 5361 2863 107 154164 170 123979 61818 38493 5309 5031 17520 23325 2756 17239 8457 284 4622 65118 24976 3232 2554 40142 36620 12085 15673 1267 441 20973 11729 14406 1051 13355 3353 1026 194 10002 4975 911 885 4064 243 678 11240 58861 3399
is_linear=0
shrinkage=0.05


Tree=34
num_leaves=63
num_cat=0
split_feature=68 68 3 66 8 64 2 21 63 63 58 54 3 68 58 3 68 3 38 56 21 3 67 3 9 57 54 52 52 40 17 70 8 3 32 64 58 8 19 3 70 26 51 3 90 84 58 2 64 3 2 9 3 27 67 3 65 43 40 66 3 29
split_gain=10.017 1.54382 1.0198 0.847803 0.695471 0.405154 0.253624 0.259701 0.19066 0.187431 0.16579 0.191621 0.163194 0.15755 0.157282 0.142797 0.141805 0.220236 0.209688 0.170487 0.133607 0.113786 0.110781 0.11021 0.108841 0.107769 0.107493 0.102534 0.102506 0.101187 0.0973123 0.0917953 0.084956 0.147311 0.0803416 0.0790975 0.0777476 0.0761106 0.176859 0.142265 0.0754491 0.0753064 0.081483 0.0727656 0.0837294 0.0724053 0.0790001 0.0703378 0.0698963 0.0856702 0.150107 0.0679284 0.0675241 0.0667454 0.098343 0.0631436 0.0816299 0.062203 0.062176 0.0799398 0.0634696 0.112356
threshold=0.58333333333333337 0.83333333333333337 2019.5000000000002 1.0000000180025095e-35 1.5000000000000002 5.0750000000000011 1.5000000000000002 -1.0000000000000002 1.0000000180025095e-35 1.0000000180025095e-35 30.167336488131372 1.1687674001704156 2018.5000000000002 0.41666666666666669 38.442128440792139 2019.5000000000002 0.41666666666666669 2020.5000000000002 -1.0000000180025095e-35 17.71517199882565 -0.93301270189221919 2020.5000000000002 160.15000000000003 2019.5000000000002 -24.499999999999996 -1.0468294151858817 1.83313261757028 -12.790487480440499 12.609830618021975 -1.0000000180025095e-35 2.7990381056766584 0.91461673028528789 7.5000000000000009 2019.5000000000002 1.0000000180025095e-35 108.00750000000001 1869.2773187935816 2.5000000000000004 0.25000000000000028 2021.5000000000002 12.291064952752089 0.6830127018922193 -7.0194893009934631 2020.5000000000002 1.0000000180025095e-35 1.5000000000000002 21.795240268617544 3.5000000000000004 53.107500000000009 2019.5000000000002 1.5000000000000002 3.7500000000000004 2016.5000000000002 0.25000000000000017 814.5150000000001 2014.5000000000002 35.085000000000008 0.68301270189221941 -1.0000000180025095e-35 6.0900000000000007 2018.5000000000002 0.25000000000000028
decision_type=2 2 2 2 2 2 2 2 2 2 2 2 2 2 2 2 2 2 2 2 2 2 2 2 2 2 2 2 2 2 2 2 2 2 2 2 2 2 2 2 2 2 2 2 2 2 2 2 2 2 2 2 2 2 2 2 2 2 2 2 2 2
left_child=3 8 5 15 6 52 -5 -8 12 29 11 31 -2 -13 16 26 17 45 -18 -20 -19 -16 34 40 -12 27 -1 -25 41 -6 -23 -9 -31 -34 55 -28 -37 -22 -39 -40 58 43 -43 47 -45 48 -47 -29 49 51 -51 -11 -3 -24 -55 56 -7 -36 -10 60 -60 -62
right_child=1 2 -4 4 9 22 7 10 23 14 24 13 -14 -15 21 -17 18 20 19 -21 37 30 53 25 -26 -27 35 28 -30 32 -32 -33 33 -35 57 36 -38 38 39 -41 -42 42 -44 44 -46 46 -48 -49 -50 50 -52 -53 -54 54 -56 -57 -58 -59 59 -61 61 -63
leaf_value=-0.042912076312897396 -0.051217291961824764 -0.052786625501205213 0.056271783090687491 -0.053762902084478884 0.056624033310472194 -0.032376292368085591 0.056153648139747228 0.0067050268820334968 0.040240334477243199 0.026646602059436964 0.024734551910778158 -0.012238154915879013 0.022394491257396343 0.066436408374023481 -0.0044031649520148786 -0.054422958152382087 -0.052033028640510626 0.10546793670098881 0.045863722400447476 -0.020712824309532599 -0.045450133410377548 -0.039252121900535057 0.041808834891082024 -0.023097077737120442 -0.048142209758459974 -0.011604249882864237 0.035804371897961124 0.021161702380683805 -0.014082182970779714 -0.053204767300368952 0.051448208194771354 -0.043563796600657269 -0.040483590720154908 0.075849013223820899 -0.0044308575435559588 -0.034901092081014114 0.23957610899872017 -0.031863172387982835 -0.038791564149276189 0.11058167933943125 -0.040382468473029218 0.038101194070506446 -0.022849876131584564 0.038545129948148509 0.0015373910742942831 0.16020893764104394 -0.035605034430962849 -0.047778707378535602 0.04957976443433227 0.10103718368550652 -0.048425263567193566 -0.013512129311965574 -0.0078893590564279147 0.042273900540746305 -0.14311605887082332 0.025758591162582362 0.019262207127533671 -0.08764399318920621 -0.014224254762989511 0.017959046093520212 0.049732954834158724 -0.06999679611931145
leaf_weight=0.60776033100956084 0.32434804060630806 0.23685034964728435 2.7172073821848244 3.0984943332114181 0.025758479385331157 0.12321563531713786 0.080582192269503472 0.1124538797694189 0.18457499308260583 0.27226815943413452 0.053184549382422452 0.17216485266453674 0.098053884226828814 0.10094403789844364 0.41139384561211023 10.333307466917175 0.094547768458141945 0.018010537438385654 0.38065854724845838 0.12865983264055103 0.47133961762301624 0.86696920049507753 0.57880521412334918 0.27984965515315696 1.3966509313822819 2.1559871311546885 0.085447854015910707 0.085347292322694335 0.35177518096952543 0.54616995938613389 0.030616979522164911 0.4719817643854185 0.10194980205824322 0.037121250805284944 0.24242923299971142 0.10743388369201057 0.0026434503952259538 0.29621875608154369 0.024882593909751449 0.044353592886182014 0.069372153007861814 0.075123980946955271 0.20301426059268124 0.60096837180844886 0.20496539508258138 0.015518460808380041 0.007709939762207795 0.065310408592267777 0.079402482970181154 0.018994745923919254 0.14530375542926777 0.17171017334203498 0.12955156477346463 0.017064346507140726 0.012316426277720893 0.81464154886816686 0.20199533888990118 0.024750614648837654 0.44572826214243821 1.0205624517620888 0.099714956038951641 0.024386397024500184
leaf_count=7522 5704 4537 54963 196 127 4121 54 67 4509 4435 57 332 889 30 7319 10764 141 64 315 81 368 2839 33752 2952 1204 10432 1666 636 3300 3295 48 252 1672 329 10202 3396 228 2358 115 160 489 280 366 2692 772 53 164 221 1871 238 1095 2252 1921 993 392 34400 14286 322 6626 27423 1039 145
internal_value=0 0.0148912 0.0353371 -0.0434379 -0.0326116 0.0114525 -0.0443254 -0.0320798 -0.00168507 -0.0172716 -0.0351612 -0.0177343 -0.0341295 0.0168408 -0.0124904 -0.0528444 -0.00423212 -0.0121707 0.0163511 0.0290457 -0.0292721 -0.0261781 0.020246 0.000650931 -0.0454689 -0.00398958 -0.0325377 0.00480678 0.00972885 -0.0406639 -0.0361583 -0.0338913 -0.0443209 -0.00943175 0.0125386 -0.000290733 -0.0283097 -0.0321721 -0.015047 0.0568989 0.0107715 0.0165126 -0.00638725 0.023171 0.0291333 0.00839222 0.0952146 -0.0087241 0.00545954 -0.000299774 -0.0311457 0.0111151 -0.036912 0.038077 -0.0354416 0.0183231 -0.00030254 -0.0121394 0.0127708 0.00958275 -0.00541917 0.0262056
internal_weight=0 11.3879 5.09883 20.8126 9.67602 2.38162 5.48646 2.38796 6.28908 4.18956 2.30738 0.857545 0.422402 0.273109 3.47856 11.1366 2.16958 1.56571 0.603866 0.509318 0.854805 1.30898 2.01522 5.86668 1.44984 4.02234 0.803286 1.86635 1.5865 0.710999 0.897586 0.584436 0.685241 0.139071 1.40703 0.195525 0.110077 0.836795 0.365455 0.0692362 1.84434 1.23473 0.278138 0.956591 0.805934 0.710908 0.0232284 0.150658 0.687679 0.608277 0.164299 0.443978 0.366402 0.608186 0.0293808 1.13985 0.325211 0.26718 1.77497 1.59039 0.56983 0.124101
internal_count=283471 228364 159889 55107 31531 104926 2192 1996 68475 29339 1942 681 6593 362 23916 23576 13710 13173 537 396 3065 10206 98468 61882 1261 21651 12812 11219 8267 5423 2887 319 5296 2001 63331 5290 3624 3001 2633 275 40231 4967 646 4321 3464 10108 217 857 9891 8020 1333 6687 6458 35137 1385 52807 18407 10524 39742 35233 7810 1184
is_linear=0
shrinkage=0.05


Tree=35
num_leaves=63
num_cat=0
split_feature=68 68 3 66 8 64 1 58 68 63 59 3 56 3 3 78 54 71 76 81 67 26 68 90 80 20 26 68 84 54 10 3 17 82 67 64 70 13 18 87 63 76 10 3 49 55 17 81 57 3 58 67 67 3 3 29 66 3 80 10 3 3
split_gain=9.56934 1.44033 1.00434 0.945906 0.656886 0.394043 0.26911 0.306661 0.270192 0.194625 0.160418 0.171438 0.186441 0.15033 0.126509 0.117783 0.108556 0.106922 0.101453 0.113464 0.101085 0.0936311 0.089261 0.110004 0.0882486 0.0856657 0.0921812 0.081868 0.0805478 0.0986611 0.0765255 0.0943249 0.0717928 0.071098 0.122887 0.0704772 0.069697 0.0739691 0.0660228 0.0649155 0.0634108 0.0632712 0.0627238 0.0654035 0.0626125 0.0625807 0.103886 0.0619984 0.0717798 0.0602757 0.0600913 0.0582934 0.085406 0.0749127 0.058683 0.0575496 0.0570799 0.0622456 0.0568148 0.0559419 0.0586197 0.0557909
threshold=0.58333333333333337 0.83333333333333337 2019.5000000000002 1.0000000180025095e-35 1.5000000000000002 4.0250000000000012 3.5000000000000004 7.8751016804524934 0.41666666666666669 1.0000000180025095e-35 -0.17079352850539162 2021.5000000000002 0.63602955852832732 2018.5000000000002 2019.5000000000002 1.0000000180025095e-35 1.83313261757028 0.042783560510868963 1.0000000180025095e-35 1.0000000180025095e-35 150.34000000000003 -1.0000000180025095e-35 0.41666666666666669 1.0000000180025095e-35 1.0000000180025095e-35 -1.0000000180025095e-35 -1.0000000180025095e-35 0.41666666666666669 1.0000000180025095e-35 0.70744246079321549 3.4820508075688781 2021.5000000000002 1.6160254037844388 1.0000000180025095e-35 1101.6700000000003 108.00750000000001 0.73172474614556082 -0.93301270189221919 -1.0000000000000002 1.5000000000000002 11.133928571428573 1.5000000000000002 6.9641016151377562 2020.5000000000002 -17.277528092402097 5.344494421990853 -0.6830127018922193 1.0000000180025095e-35 0.5817443832037098 2020.5000000000002 1869.2773187935816 35.140000000000008 51.07500000000001 2021.5000000000002 2021.5000000000002 -1.0000000000000002 6.416666666666667 2019.5000000000002 1.0000000180025095e-35 -7.0000000000000027 2019.5000000000002 2015.5000000000002
decision_type=2 2 2 2 2 2 2 2 2 2 2 2 2 2 2 2 2 2 2 2 2 2 2 2 2 2 2 2 2 2 2 2 2 2 2 2 2 2 2 2 2 2 2 2 2 2 2 2 2 2 2 2 2 2 2 2 2 2 2 2 2 2
left_child=3 9 5 14 6 -3 -5 8 -8 13 21 12 -12 -2 16 39 -1 36 19 32 28 38 42 -24 30 26 -9 -27 29 -7 45 40 -17 -22 55 61 41 -38 -6 -13 -32 56 -23 -44 -28 46 -19 48 58 -50 -37 54 53 -53 -26 -35 -11 -58 -14 -15 -61 -18
right_child=1 2 -4 4 10 20 7 25 -10 17 11 15 47 59 -16 18 35 24 -20 -21 33 22 23 -25 51 27 44 -29 -30 -31 31 -33 -34 34 -36 50 37 -39 -40 -41 -42 -43 43 -45 -46 -47 -48 -49 49 -51 -52 52 -54 -55 -56 -57 57 -59 -60 60 -62 -63
leaf_value=-0.0439230004943445 -0.050679948176166889 -0.038775966941196602 0.055909090230622398 -0.053260000324833273 0.1057903607338293 -0.040646319281054832 -0.029130340025189133 -0.041811386860142845 0.044685845737669393 -0.0065458818325090408 -0.041910074683670598 -0.048179496870556976 0.029257548700852787 0.11606468839897309 -0.054188680814428458 -0.031738725317894873 -0.008627330130799386 -0.036368124307348336 -0.042936932506687814 0.071141209814605699 0.042611165724483181 0.0029651116308524747 0.041138464527539498 -0.033508347797177533 0.02130045473418675 -0.022893216309384623 -0.021647183369149191 -0.05024521760557718 -0.0027207821690801901 0.026571113813779603 -0.031146882458910664 -0.042153076199091727 0.040995382915276768 -0.16301486719347261 -0.12303596769911734 -0.0349764428522438 0.022012558828570616 -0.011265268659662136 -0.041946308416352399 0.026108756133166506 0.011789510891531503 0.088091962084117695 0.0050853765576904224 -0.050612069037743512 0.063381721304801394 -0.0028525512103832334 0.03541606031362339 -0.021267217629192255 0.0027362922817832838 -0.042517367935892184 0.18557505022382009 0.011688314485043318 0.021659155316855805 -0.054961325475120199 0.059652722951110876 0.042780082304588352 0.038687732561681357 -0.0012038432625667479 -0.0085333899465825994 -0.024299940502180817 0.062977543044018522 0.070566548162265694
leaf_weight=0.67090801285212975 0.31775004667497153 0.33839314798297015 2.6909393847608953 2.7752074269883433 0.0079114801628747955 0.058697362681414456 0.27141341642709482 0.09652235319117608 0.22819634480401874 0.45903676996022147 0.36813323740261705 0.88871859932532971 0.34594903018023593 0.013109675526720821 9.8772922632560931 0.12127290467105922 0.044199754333021701 0.058877563642454334 0.16197386579915474 0.055327942982330569 0.542137281975556 0.64074432787037927 0.24907702380005503 0.061550852980872151 0.30881703827526485 0.35717287510669771 0.036624699463573052 1.1688494377594907 0.55222108510497492 0.78035897415247746 0.11661016867401486 0.18285730307616177 0.04710485138639342 0.0036551770645019124 0.018120296159395366 0.10700423857679198 0.18037696234296197 2.2493312293372583 0.17137321910104208 0.03041318005125504 0.32748521100165817 0.023789189173839986 0.088604680520802503 0.13009607108051569 0.052954006554500999 0.39335841310912656 0.35007830571703402 0.27749969752403558 0.23314678712540626 0.10751480160342908 0.0031801710783838635 0.088208360220050963 0.43949036851790879 0.080759725031384733 0.14732140153137152 0.048120379682586645 0.20266396244460338 0.18896743046752817 0.13958259953869856 0.05694765119915246 0.029054422999251983 0.044760785205653519
leaf_count=7594 5793 6211 54974 188 16 744 269 79 72 5093 5077 1751 3847 83 10751 207 651 364 173 129 33302 6837 204 115 5452 1126 69 301 21660 39940 566 630 55 43 502 3459 1430 15084 1233 55 5377 135 1201 401 66 6050 4832 2689 3711 754 228 1384 5509 208 646 2622 7130 1896 1167 589 229 971
internal_value=0 0.0151891 0.0350725 -0.0425306 -0.0306805 0.0111285 -0.042891 -0.0298804 0.00458514 -0.000911928 -0.0159222 -0.022795 -0.011097 -0.0339106 -0.0525787 -0.0359903 -0.0343008 0.00146058 -0.0127996 0.00902137 0.0195582 -0.00177959 0.00337604 0.0263472 0.00927609 -0.0399376 -0.00791096 -0.0438433 0.0121088 0.0218688 0.00115857 -0.0119294 -0.0113909 0.0364921 -0.0109692 -0.00188395 -0.00443828 -0.00879479 -0.035427 -0.0457214 0.000515311 0.00766642 -0.00492639 -0.0280467 0.0286172 0.0113859 0.0250813 -0.000819456 0.00604849 -0.011546 -0.0286108 0.0201742 0.010044 -0.0201674 0.0336873 0.0282517 0.0054173 0.0194395 0.0183933 0.0198516 0.00518536 0.0312193
internal_weight=0 11.2475 5.03264 19.8603 9.11294 2.3417 4.98694 2.21173 0.49961 6.21489 4.126 2.77664 1.47183 0.416862 10.7473 1.30481 0.870053 5.79803 0.38568 0.223706 2.00331 1.34936 1.17007 0.310628 2.49386 1.71212 0.186101 1.52602 1.39128 0.839056 1.42927 0.626953 0.168378 0.612033 0.0698959 0.199145 3.30417 2.42971 0.179285 0.919132 0.444095 0.874457 0.859445 0.218701 0.0895787 0.802314 0.408956 1.10369 0.826193 0.340662 0.110184 1.0646 0.608458 0.168968 0.456138 0.0517756 0.850668 0.391631 0.485532 0.0991117 0.0860021 0.0889605
internal_count=283924 228478 159998 55446 31792 105024 2170 1982 341 68480 29622 19615 17245 6694 23654 2370 12903 61786 564 391 98813 10007 8758 319 31018 1641 214 1427 62344 40684 17819 6573 262 36469 3167 5309 30768 16514 1249 1806 5943 14254 8439 1602 135 11246 5196 12168 9479 4465 3687 13199 7101 1592 6098 2665 14119 9026 5014 901 818 1622
is_linear=0
shrinkage=0.05


Tree=36
num_leaves=63
num_cat=1
split_feature=69 69 67 3 8 63 1 58 69 54 63 3 10 10 3 3 71 36 54 0 64 3 67 36 38 37 11 19 3 8 3 67 1 33 5 36 90 32 63 9 51 58 3 29 10 3 31 82 67 27 54 3 44 8 63 83 39 3 65 44 19 64
split_gain=8.68211 1.36001 0.951406 0.950631 0.563905 0.349051 0.262659 0.31073 0.311065 0.191589 0.189902 0.172921 0.160424 0.155963 0.133386 0.118038 0.112445 0.111593 0.109932 0.105532 0.17044 0.109175 0.102407 0.0955028 0.0939712 0.103375 0.0887302 0.084949 0.0835521 0.14725 0.120879 0.201198 0.171794 0.100222 0.134594 0.128209 0.119922 0.0893238 0.0838831 0.0877446 0.0801006 0.089396 0.0797384 0.089952 0.0771227 0.133655 0.073692 0.0721982 0.0845724 0.0713594 0.0684874 0.090803 0.0677594 0.0672132 0.0642136 0.0785597 0.0669219 0.0636282 0.0721497 0.0626346 0.0669434 0.0617571
threshold=0.58333333333333337 0.83333333333333337 1.0000000180025095e-35 2019.5000000000002 1.5000000000000002 6.5227272727272743 3.5000000000000004 7.8751016804524934 0.41666666666666669 0.3515824811584965 1.0000000180025095e-35 2018.5000000000002 7.8971143170299758 -7.8971143170299714 2019.5000000000002 2020.5000000000002 -0.42048683735389569 -1.0000000000000002 1.83313261757028 0 10.982500000000002 2021.5000000000002 165.03000000000003 -2.7554552980815443e-16 -0.5 1.6160254037844388 0.25000000000000011 1.866025403784439 2019.5000000000002 3.5000000000000004 2020.5000000000002 8.0500000000000025 3.5000000000000004 1.0000000180025095e-35 0.6830127018922193 -0.5 1.0000000180025095e-35 -1.0000000180025095e-35 156.69685606060611 -12.000000000000005 -1.4784676366126965 18.37792200622177 2019.5000000000002 -1.0000000180025095e-35 6.0621778264910704 2020.5000000000002 1.8369701987210299e-16 1.0000000180025095e-35 1101.6700000000003 -1.0000000180025095e-35 0.22909912091284462 2021.5000000000002 -0.68301270189221941 3.5000000000000004 14.106464646464648 1.0000000180025095e-35 0.68301270189221941 2014.5000000000002 35.085000000000008 -0.25000000000000006 0.93301270189221952 108.00750000000001
decision_type=2 2 2 2 2 2 2 2 2 2 2 2 2 2 2 2 2 2 2 9 2 2 2 2 2 2 2 2 2 2 2 2 2 2 2 2 2 2 2 2 2 2 2 2 2 2 2 2 2 2 2 2 2 2 2 2 2 2 2 2 2 2
left_child=2 9 14 5 6 -3 -4 8 -8 11 16 -2 13 17 18 26 -6 -12 -1 20 21 44 46 -15 -25 40 49 -22 54 30 31 -30 -33 34 35 -32 38 52 -37 -40 41 -26 43 -9 45 -11 57 -24 -49 -14 51 -13 -34 -19 56 -56 -21 58 -7 -43 -61 -20
right_child=1 3 4 -5 10 22 7 42 -10 19 12 50 15 23 -16 -17 -18 53 61 28 27 -23 47 24 25 -27 -28 -29 29 -31 33 32 37 -35 -36 36 -38 -39 39 -41 -42 59 -44 -45 -46 -47 -48 48 -50 -51 -52 -53 -54 -55 55 -57 -58 -59 -60 60 -62 -63
leaf_value=-0.043124521723443138 -0.043948378343838454 -0.037361095447224178 -0.052332157275212544 0.055607024772161041 0.026266756378972807 -0.030072717946374162 -0.030575475252265356 0.15777693391378536 0.046523025504566461 -0.033231006797698442 0.061899145081838615 -0.0023300068880573637 0.07915433811055142 0.03884307320820575 -0.053967741471360124 -0.04270956410909485 -0.046564292825824957 -0.039947114097935943 0.03002056807488402 -0.0079811096482470464 -0.043642532002039151 0.071816496882190536 0.043273257235237193 -0.050948080359710685 0.024945224382117104 0.10934899226215192 0.10511035670561138 0.068930234288486533 0.065606892637379538 -0.0069629081872715787 -0.018141141738827405 0.08411618710030376 -0.057135560702863242 -0.0096490699936056315 0.0044835555989244978 0.076417089585029838 0.015873487540535122 -0.050878001611051576 0.089159569859015311 -0.013934238507913458 -0.012531174717026243 0.11474608031533416 -0.041356572743218918 -0.010131361340199208 -0.060140522356648241 0.048160132746620204 -0.012388681033859657 0.024454570776039818 -0.099702312937760496 -0.022368497602697789 -0.029330991205206033 0.060241762075276685 0.089427936393711993 -0.00048777529896296953 0.036374999342810826 0.00767038463932352 0.067368574124483604 0.024590462112093755 0.017368180428187857 -0.016850055356744394 0.032757863596453149 -0.026218104534582277
leaf_weight=0.6510006959169975 0.45580751687566401 0.31945168623951792 2.5144844500528034 2.5088796232785171 0.058064303979335818 0.13169616476625357 0.28486035106561791 0.0098204496816833853 0.24194635194726288 0.11075516065466195 0.033980423091634293 0.28130781971594843 0.020153153450337413 0.15982985686787343 9.0755142980942747 0.56029669608324184 0.60723287921064173 0.48401881824611392 0.090047773075184523 0.24809697678756482 0.87501207417335536 0.046859791145834606 0.50411288320810843 0.091155378228905071 0.46812980979848362 0.021793804626213276 0.019719063562661177 0.017085595172829926 0.074313066681498063 1.0774081675208433 0.07486468835850224 0.03138174652485759 0.01241775735252304 0.17862778573180538 0.32455850733094849 0.34485976584983291 0.17211681856497307 0.22908515677772812 0.031840530049521476 0.058669158293923829 0.74514616112446563 0.010569775004114712 1.5766990529155007 0.042478060311623156 0.061307570060307626 0.092619546441710554 0.25844165451144352 0.046110758691611409 0.019523353264048637 0.12263249301849999 0.15444201968057314 0.073033781993217417 0.021609052921121474 0.13888444375970721 0.78533543023331709 0.34223562532952201 0.033439421629736898 0.82649273068273033 0.20473459541244665 0.39501708364423371 0.082148292091005715 0.10660852370392604
leaf_count=7618 7273 6130 204 54676 68 4526 283 179 72 315 218 1429 324 818 10729 1166 5422 1537 1648 2336 3868 146 31921 302 4001 32 743 10 139 14150 89 230 48 326 759 740 635 547 166 184 6747 57 997 521 78 241 9092 2352 515 1544 682 240 141 2520 23478 9892 404 35770 14914 3716 357 3671
internal_value=0 0.0143669 -0.0416178 0.0342964 -0.0295371 0.0111566 -0.0413529 -0.0285469 0.00483353 -0.00110228 -0.0158058 -0.0215819 -0.0109647 -0.00523231 -0.0521961 -0.0318279 -0.0402079 -0.0263358 -0.0332279 0.00266442 -0.00326249 0.00147107 0.0189408 0.001791 -0.0014737 0.00114404 0.00569081 -0.0414865 0.00359845 0.00724268 0.0170894 -0.00791004 -0.0264614 0.0248665 0.0309896 0.0435971 0.0512055 -0.0396502 0.0651735 0.0223333 -0.000242309 0.0093375 -0.0393419 0.0213979 -0.010983 0.0038356 0.0117616 0.0368509 -0.0124768 -0.00803929 -0.00154428 0.0105667 0.035941 -0.0311491 0.0223293 0.0276627 0.000968532 0.0171286 -0.00120261 -0.00564285 -0.00830961 -0.000466744
internal_weight=0 11.0285 18.6122 4.81944 8.68906 2.31056 4.67029 2.1558 0.526807 6.20909 4.01877 0.964591 3.35348 2.63067 9.92317 0.722801 0.665297 0.656884 0.847657 5.2445 1.20364 0.311542 1.99111 1.97379 1.81396 1.7228 0.162505 0.892098 4.04086 2.63175 1.55434 0.368807 0.294494 1.18554 1.00691 0.682351 0.607486 0.263112 0.435369 0.0905097 1.70101 0.955865 1.629 0.0522985 0.264682 0.203375 1.42137 0.569747 0.0656341 0.142786 0.508784 0.354342 0.0340268 0.622903 1.40911 1.12757 0.281536 1.16292 0.336431 0.487735 0.477165 0.196656
internal_count=283936 228442 55494 159896 31828 105220 2256 2052 355 68546 29572 9624 24082 20305 23666 3777 5490 4275 12937 58922 4658 780 99090 16030 15212 14910 2611 3878 54264 18154 4004 1105 966 2899 2573 1814 1725 736 1090 350 14878 8131 1697 700 634 556 64302 34788 2867 1868 2351 1669 189 4057 36110 33370 2740 55210 19440 4130 4073 5319
cat_boundaries=0 22
cat_threshold=32768 83918848 1310720 0 0 0 2048 0 0 16 786432 0 262144 0 290031617 4194324 0 18350080 67174400 21 512 1024
is_linear=0
shrinkage=0.05


Tree=37
num_leaves=63
num_cat=0
split_feature=69 69 66 3 8 56 1 79 64 3 64 57 57 3 3 35 41 21 71 10 9 9 8 35 38 54 3 10 46 66 32 79 32 53 45 60 8 64 70 70 25 3 70 69 77 41 66 3 90 20 82 47 54 33 64 36 16 10 10 59 59 70
split_gain=8.05445 1.30528 0.950882 0.944023 0.595247 0.316203 0.209915 0.240782 0.179285 0.163789 0.161095 0.146209 0.139836 0.137603 0.125583 0.123683 0.13378 0.115149 0.108049 0.103466 0.137724 0.128148 0.121624 0.116782 0.0980894 0.0970294 0.0958104 0.0913838 0.0841091 0.0780603 0.078049 0.0770174 0.143064 0.0781259 0.0763273 0.0753805 0.0933047 0.085469 0.0740117 0.0730491 0.0707137 0.202476 0.0886981 0.0696694 0.069621 0.0775861 0.0788996 0.0641668 0.0640433 0.0638985 0.0614881 0.061198 0.0689205 0.06107 0.0600625 0.0593808 0.0604434 0.062193 0.0576372 0.0570922 0.0640596 0.0549204
threshold=0.58333333333333337 0.83333333333333337 1.0000000180025095e-35 2019.5000000000002 1.5000000000000002 1.6104635017620716 3.5000000000000004 2.5000000000000004 1.0000000180025095e-35 2019.5000000000002 1.0000000180025095e-35 1.4331958816080852 1.5894202330606091 2018.5000000000002 2019.5000000000002 0.93301270189221952 -0.6830127018922193 -0.6830127018922193 -0.42048683735389569 13.928203230275512 10.196152422706634 19.959292143521051 2.5000000000000004 0.68301270189221941 -2.7554552980815443e-16 1.83313261757028 2019.5000000000002 -12.745190528383292 -1.0000000180025095e-35 86.648333333333341 1.0000000180025095e-35 1.0000000180025095e-35 -2.7554552980815443e-16 -35.685233257572392 1.366025403784439 -20.310713997642235 6.5000000000000009 43.980000000000011 4.9325517518088215 2.4685540264468053 -0.93301270189221919 2020.5000000000002 1.1724908931375013 0.41666666666666669 2.5000000000000004 -1.0000000180025095e-35 172.85833333333338 2018.5000000000002 1.5000000000000002 1.0000000180025095e-35 1.0000000180025095e-35 1.0000000180025095e-35 7.2384269002662363 0.25000000000000022 20.572500000000002 -1.0000000180025095e-35 -1.0000000180025095e-35 -8.8301270189221892 -10.446152422706628 2.0784092865752233 -0.46248992386923499 1.4719039245310339
decision_type=2 2 2 2 2 2 2 2 2 2 2 2 2 2 2 2 2 2 2 2 2 2 2 2 2 2 2 2 2 2 2 2 2 2 2 2 2 2 2 2 2 2 2 2 2 2 2 2 2 2 2 2 2 2 2 2 2 2 2 2 2 2
left_child=2 10 9 5 6 -3 -4 11 18 25 13 15 19 -2 -14 16 -8 -18 -6 20 23 22 -22 27 47 -1 59 -10 -13 30 48 32 33 -19 -16 -29 37 -37 40 -31 41 -28 -43 -23 45 -40 -47 -7 -26 -24 -41 -34 -53 -32 -25 -27 57 -57 -15 60 -12 -42
right_child=1 3 4 -5 8 24 7 -9 12 -11 26 28 14 58 34 -17 17 31 -20 -21 21 43 49 54 29 55 38 35 -30 39 53 -33 51 -35 -36 36 -38 -39 44 50 61 42 -44 -45 -46 46 -48 -49 -50 -51 -52 52 -54 -55 -56 56 -58 -59 -60 -61 -62 -63
leaf_value=-0.040147088940299107 -0.049827935723025962 -0.03708084980975631 -0.052481482488295386 0.055297889557778236 0.025347612767446216 -0.023654273165298279 0.047010314578699919 0.070910036966349219 -0.050326770416306767 -0.053759287860626941 0.011832734800827945 0.0021403828611904589 0.00059437974021762951 0.11213272355405877 -0.036565903395322702 0.046185693553312583 0.040546182600933754 -0.0022109993531937429 -0.046143293355246431 -0.036863597761284103 -0.045264764811387179 0.0079400408699991307 -0.0033924282457197478 0.062414859610063739 0.024979400335554489 -0.043149794325600489 -0.06065839080972129 -0.014804381693384994 -0.050854196275530561 0.047478230495369221 0.0010715096229288038 -0.053660673378811578 -0.036739756190267613 0.14455426833024188 0.065618066718647602 0.037989103534480297 -0.011764870349296859 -0.0078913130628937775 -0.042057378604276059 0.024025407091153566 0.001810245827144898 -0.064071577110710237 0.065233325526828839 0.10187458982113913 -0.070191134091062007 0.032452844560614535 -0.025078491354458304 0.047834581334817897 -0.030238807105907584 0.094527367942828566 -0.053860544328127917 0.059467808828402059 -0.035429574410995444 -0.064484768530935446 -0.023560269818189428 0.0479792481905097 0.010500241453869854 0.36036227170112389 0.0030122997259466335 0.021529147037456512 -0.013089350463942877 -0.011390744346397022
leaf_weight=0.5562311416947584 0.2918567317619799 0.30408396339362331 2.1606132381921253 2.4080054951582497 0.058410656503838254 0.20013398119044934 0.061412111459504093 0.057180905585482722 0.069658443066146325 8.7998061446742195 0.74538515041058373 0.081409492286184104 0.37439326742878598 0.01419124789754278 0.81394874436318787 0.066334609757177532 0.055454027101405234 0.017583712527994066 0.55531773032907983 0.19397426334671752 0.35418878650125396 0.12980366009560385 0.10441453780276788 0.14205087742448075 0.83882931147490791 0.055497647783795401 0.18043751891491489 0.25379177850209123 0.93237689498164378 0.42393484411422822 0.22729403635275958 0.31018547068924818 0.42426614365012871 0.018722073757090119 0.018694598661568307 0.43158585458331788 0.21114075064542703 0.13272196405250725 0.049653514772217022 0.11095517325065885 1.6539795045446228 0.017069476894903346 0.05946476055214589 0.023279397537407931 0.023773286928189918 0.39227944877075049 0.070269699128402863 0.037227411637104524 0.056017606861132663 0.019823649796308018 0.032840596932146582 0.038119351965178794 0.038413226516240684 0.042106574950594222 0.023703895817561715 0.0043394161220930982 0.13467558333286433 0.0025178171204061064 0.082169110248287325 0.67875979894142791 0.39420652340504625 1.5046114050546746
leaf_count=7582 5764 6234 193 54830 70 6891 93 46 295 10750 17775 98 6431 86 3986 53 64 55 5366 939 605 817 1506 198 42903 1755 553 2038 703 27614 9725 200 482 60 59 2568 3178 897 173 6943 10788 109 300 37 21 1891 300 1417 1168 117 1256 40 119 888 271 116 3289 152 815 17606 4860 7482
internal_value=0 0.0135815 -0.0411324 0.0334815 -0.0286123 0.0103736 -0.0415381 -0.0302866 -0.0145259 -0.0518438 -0.00154649 -0.0331172 -0.00990716 -0.0327234 -0.0234571 -0.0198543 -0.0243979 -0.0292556 -0.0393393 -0.00208221 0.00147586 -0.0175934 -0.030334 0.0109982 0.017701 -0.0294667 0.000551197 0.00509715 -0.0465986 0.021832 0.0144195 -0.0338241 -0.0223682 0.0734725 -0.0342717 0.00884821 0.0165893 0.0271983 -0.00381948 0.0370327 -0.00653016 -0.031753 0.0363944 0.0222247 0.0134546 0.0173369 0.0237128 -0.0124421 0.0215227 0.0122318 0.00623753 -0.0293162 0.0118369 -0.00917476 0.0501199 0.00068488 0.0178733 0.162679 0.0190828 0.0100493 0.00321171 -0.00447812
internal_weight=0 10.8395 17.726 4.68143 8.17297 2.27342 4.26207 2.10146 3.9109 9.55307 6.15811 2.04428 3.29717 0.388217 1.20704 1.03049 0.964156 0.902744 0.613728 2.09014 1.89616 0.63151 0.478427 1.26465 1.96934 0.753262 5.76989 1.0989 1.01379 1.73198 1.16425 0.84729 0.537105 0.0363058 0.832643 1.02924 0.775449 0.564308 3.95154 0.567731 3.41556 0.256972 0.0765342 0.153083 0.535976 0.512203 0.462549 0.237361 0.894847 0.124238 0.143796 0.500799 0.0765326 0.269401 0.165755 0.19703 0.141533 0.00685723 0.0963604 1.81835 1.13959 3.15859
internal_count=283620 228392 55228 159869 31584 105039 2206 2013 29378 23644 68523 1967 23942 6665 10476 1166 1113 1020 5436 13466 12527 3082 2228 9445 98805 12894 61858 8976 801 90497 54684 956 756 115 4045 8681 6643 3465 21617 35813 19232 962 409 854 2385 2364 2191 8308 44071 1623 8199 641 159 10613 469 5312 3557 268 901 40241 22635 18270
is_linear=0
shrinkage=0.05


Tree=38
num_leaves=63
num_cat=1
split_feature=68 68 66 3 10 74 64 21 65 9 9 68 19 66 54 42 68 3 65 3 3 3 3 38 11 64 32 3 67 70 79 64 70 47 46 70 28 3 57 63 25 3 3 32 54 68 87 78 3 10 9 70 65 65 54 54 57 54 90 29 27 58
split_gain=7.71307 1.25801 0.942742 0.924869 0.403611 0.358259 0.294451 0.241727 0.238618 0.17783 0.180097 0.234313 0.172964 0.172955 0.150698 0.14456 0.139691 0.207812 0.169163 0.136083 0.127998 0.121293 0.113637 0.112706 0.111304 0.108947 0.108124 0.0985107 0.0933567 0.0928631 0.0850756 0.0828867 0.0822486 0.0807438 0.0772048 0.0765427 0.0756793 0.0771411 0.0726341 0.0803798 0.0714617 0.120187 0.0705574 0.0702165 0.0690441 0.0686743 0.0678315 0.0673461 0.131901 0.0669186 0.0657201 0.0651215 0.0632516 0.0625097 0.0616129 0.060197 0.059467 0.0582881 0.0590549 0.0582041 0.0556459 0.0624985
threshold=0.58333333333333337 0.83333333333333337 1.0000000180025095e-35 2019.5000000000002 7.6471143170299749 0 4.0250000000000012 -0.6830127018922193 110.97500000000001 7.8971143170299749 17.660254037844393 0.41666666666666669 1.0000000180025095e-35 88.396666666666675 0.3515824811584965 -0.93301270189221908 0.41666666666666669 2020.5000000000002 36.090000000000011 2019.5000000000002 2018.5000000000002 2019.5000000000002 2020.5000000000002 -2.7554552980815443e-16 0.25000000000000011 2.5500000000000003 1.0000000180025095e-35 2019.5000000000002 165.03000000000003 0.615294238345377 1.5000000000000002 2.5500000000000003 2.0672587944311842 1.8683730255894526 0.25000000000000017 5.9858466090067042 0.6830127018922193 2014.5000000000002 -1.3322170766988088 3.0416666666666674 -0.93301270189221919 2020.5000000000002 2020.5000000000002 1.0000000180025095e-35 84.854446535444779 0.41666666666666669 1.0000000180025095e-35 3.5000000000000004 2018.5000000000002 8.8301270189221963 -23.499999999999996 1.1724908931375013 237.54500000000004 50.005000000000003 0.43046074344522606 1.9327333808251284 -1.601681442644439 0.29105016599285544 1.5000000000000002 -1.0000000000000002 0.25000000000000017 227.28547969139038
decision_type=2 2 2 2 2 1 2 2 2 2 2 2 2 2 2 2 2 2 2 2 2 2 2 2 2 2 2 2 2 2 2 2 2 2 2 2 2 2 2 2 2 2 2 2 2 2 2 2 2 2 2 2 2 2 2 2 2 2 2 2 2 2
left_child=2 14 19 6 5 8 -3 -6 9 16 15 54 33 -14 20 -11 21 -18 23 26 -2 25 24 -19 36 -4 50 -16 43 42 -27 -29 -20 -10 35 40 -9 -38 39 -23 41 -33 -7 46 -36 -17 47 57 -49 -28 -1 -43 -37 -48 -12 -52 -22 -8 -59 -30 -61 -62
right_child=1 3 4 -5 7 29 28 22 12 10 11 -13 13 -15 27 45 17 18 32 -21 56 38 -24 -25 -26 30 49 31 59 -31 -32 34 -34 -35 44 52 37 -39 -40 -41 -42 51 -44 -45 -46 -47 53 48 -50 -51 55 -53 -54 -55 -56 -57 -58 58 -60 60 61 -63
leaf_value=0.14715777700941332 -0.040409609050424324 -0.035342403098504928 -0.043643785238877623 0.055002225615871841 0.041931973109467641 0.14140311921113274 -0.032605712561051485 -0.038041130899009318 -0.047032534161248474 0.071493329256395066 -0.051270331975177733 0.14563213343811182 0.0050289722547447431 0.21563158788413103 0.011782418274959438 -0.02413189859104773 -0.038785551933311214 -0.0010945678483735783 0.026556848206650108 -0.053562526688235815 0.012388956509157325 0.04896227895201432 -0.048781661768490026 0.065663164558916118 0.094536035612680563 0.026491043822494884 0.075854796333769459 0.04607697284171608 -0.14370406456759985 -0.050414780695101448 -0.060029232979978232 -0.05849824103951369 -0.039478720472822915 -0.0085388935545654288 -0.029102910183588113 0.035752329523014985 -0.047180131816454113 0.072109149032098599 -0.031831893273978007 -0.013087702042044508 -0.0012591574195536231 -0.055942284815149783 -0.029861710852064918 -0.01234401003144444 0.035536703271778936 -0.052624454382825162 -0.027835965809902958 0.058588977069468189 -0.25625504717134645 -0.052087036187492754 -0.045422492955804507 0.054283748038816353 -0.055543762059823504 0.022454391476388311 0.00981488297976656 -0.01113218137886887 -0.022396186565951742 0.030989785869161471 -0.023323628366014815 0.040247118951186281 0.051360099384521608 -0.097531184891209696
leaf_weight=0.0048256109585044218 0.42652418849683993 0.30889144206094021 0.077250987203568711 2.3265827857762815 0.081299657154886851 0.011117656287751632 0.042630256765732844 0.21843518457899369 0.82628940094400583 0.03132664523582207 0.052908472451235866 0.029525195321184583 0.093484280931079411 0.010883628398005385 1.6321320085880868 0.43818491868387333 0.12427632491744578 0.079957893351092935 0.095121602207655087 8.4839036791126983 0.27626216453063535 0.063020723609042761 2.6311793110371582 0.30210098291718168 0.021098399573929782 0.41942502667825465 0.035641855823996593 0.083979346108208452 0.0045231224685267071 0.92981990139651316 0.030477051746856887 0.1382023079841036 0.093505648255813867 0.16312353279681702 0.43077031667144172 0.19988946743706026 0.021946838180156192 0.035433562723483192 0.491271916909227 0.30374419361214677 2.6298068809774118 0.018625576185513637 0.013099600313580595 0.27297226096925431 0.045693363997997949 0.40876187521644169 0.14755594484176981 0.007108016903657699 0.0062529939732485218 0.01432910881794669 0.58761762082486513 0.0477584369291435 0.020961194100891589 0.10630634749577439 0.18781930943077896 0.16362868289752441 0.22127542838461522 0.75377880169162381 0.053606686341481691 0.50591035341403756 0.012665890943935665 0.015890613871306414
leaf_count=8 7253 6152 1314 54712 67 90 658 1454 4070 27 317 25 503 49 38416 1895 227 52 67 10787 1459 149 1788 250 766 8009 535 504 48 1973 120 529 49 2067 2006 1067 264 525 2725 1712 15665 105 22 10683 282 116 3916 388 132 380 7286 286 75 6687 1053 4773 871 40623 1213 33321 865 454
internal_value=0 0.0130266 -0.0407609 0.032928 -0.0284994 -0.0201655 0.00998105 -0.0431115 -0.0140446 -0.0072069 -0.0229989 0.0126941 -0.0342284 0.0269909 -0.00169233 -0.033982 0.00151243 0.0198053 0.0325644 -0.0516972 -0.0203112 -0.00766525 -0.0454728 0.051692 -0.0161506 0.0112111 -0.0320643 0.00158618 0.017238 -0.0478973 0.02063 -0.00301644 -0.00617808 -0.0406861 -0.00418381 -0.00126443 -0.0246175 0.0264834 -0.0192623 -0.00242574 -0.00347354 -0.0319378 0.0487625 0.0103893 -0.0229039 -0.0378833 0.0159437 0.0226242 -0.088759 0.0391676 -0.0367723 0.0233573 0.0270873 -0.00677658 -0.00361076 -0.0379537 -0.00308143 0.024375 0.0273836 0.0349026 0.0364141 -0.0314923
internal_weight=0 10.7366 17.5758 4.56468 8.28589 5.2765 2.23809 3.00939 4.32246 3.22868 1.14853 0.270253 1.09378 0.104368 6.17188 0.878273 2.08015 0.694962 0.570686 9.28995 0.924062 1.38519 2.92809 0.382059 0.296914 0.527153 0.806043 5.24782 1.9292 0.954037 0.449902 3.61569 0.188627 0.989413 3.53171 3.05524 0.275816 0.0573804 0.858037 0.366765 2.83439 0.204586 0.0242173 1.39021 0.476464 0.846947 1.11724 0.863377 0.013361 0.049971 0.756072 0.066384 0.220851 0.253862 0.240728 0.751246 0.497538 0.850016 0.807385 0.53899 0.534467 0.0285565
internal_count=283884 228370 55514 159852 31745 26881 105140 4864 24796 18107 3433 1395 6689 552 68518 2038 14674 645 418 23769 9583 14029 4797 302 3009 9443 12982 58935 98988 2085 8129 20519 116 6137 20015 17727 2243 789 4586 1861 16585 920 112 64300 2288 2011 53617 43014 520 915 12067 391 1142 10603 1370 12059 2330 42494 41836 34688 34640 1319
cat_boundaries=0 1
cat_threshold=1
is_linear=0
shrinkage=0.05


Tree=39
num_leaves=63
num_cat=1
split_feature=68 68 67 3 8 63 1 22 29 3 54 63 71 3 57 68 25 38 3 63 67 0 63 67 3 8 26 90 54 9 33 65 59 19 63 8 3 51 21 8 19 3 3 86 1 28 8 9 56 82 56 24 86 70 26 15 31 67 26 3 42 19
split_gain=7.05014 1.13278 0.926182 0.898209 0.50941 0.28707 0.254141 0.208084 0.180991 0.162994 0.153433 0.151511 0.144034 0.130681 0.128523 0.186083 0.195447 0.155915 0.122291 0.104298 0.10525 0.0933515 0.11522 0.0905096 0.0866039 0.147815 0.0973448 0.116869 0.0841805 0.0850031 0.0832088 0.0811841 0.0805857 0.0762171 0.0761794 0.0757507 0.0746285 0.0733483 0.0713441 0.0762997 0.133566 0.134501 0.110789 0.122311 0.0712951 0.15906 0.0692765 0.0652369 0.0633877 0.0632267 0.0745395 0.0624959 0.0620939 0.0601161 0.0598993 0.0592921 0.0766126 0.059062 0.0585256 0.058233 0.056205 0.0561103
threshold=0.58333333333333337 0.83333333333333337 1.0000000180025095e-35 2019.5000000000002 1.5000000000000002 6.5227272727272743 3.5000000000000004 -1.0000000000000002 -1.0000000180025095e-35 2019.5000000000002 0.45787514843552302 1.0000000180025095e-35 -0.42048683735389569 2019.5000000000002 1.5894202330606091 0.41666666666666669 0.25000000000000022 -1.0000000180025095e-35 2018.5000000000002 16.756250000000005 18.030000000000005 0 10.174242424242426 165.03000000000003 2019.5000000000002 3.5000000000000004 -4.592425496802573e-16 1.0000000180025095e-35 1.83313261757028 -23.499999999999996 -1.0000000000000002 1.9850000000000001 -0.082301419510721882 1.866025403784439 29.644015151515156 1.5000000000000002 2020.5000000000002 -7.0194893009934631 -1.2500000000000004 2.5000000000000004 0.68301270189221941 2021.5000000000002 2020.5000000000002 1.0000000180025095e-35 10.500000000000002 -1.0000000180025095e-35 3.5000000000000004 -12.000000000000005 0.47919519145468503 1.0000000180025095e-35 247.79028363697344 1.866025403784439 1.0000000180025095e-35 3.627511743227358 -2.7554552980815443e-16 0.93301270189221952 0.25000000000000022 145.14500000000001 1.866025403784439 2017.5000000000002 -1.0000000000000002 1.0000000180025095e-35
decision_type=2 2 2 2 2 2 2 2 2 2 2 2 2 2 2 2 2 2 2 2 2 9 2 2 2 2 2 2 2 2 2 2 2 2 2 2 2 2 2 2 2 2 2 2 2 2 2 2 2 2 2 2 2 2 2 2 2 2 2 2 2 2
left_child=2 10 9 5 6 59 -4 -8 31 28 18 12 -6 46 15 38 17 -17 -2 20 44 22 35 47 53 26 27 -26 29 -1 -28 -9 -22 -24 -19 -12 -37 -32 -15 42 51 -42 43 -40 45 -10 -13 -7 60 -25 -51 -41 -30 -23 -49 -21 -57 -50 -38 -3 -20 -47
right_child=1 3 4 -5 11 23 7 8 19 -11 21 13 -14 14 -16 16 -18 34 48 55 32 24 33 49 25 -27 30 -29 52 -31 37 -33 -34 -35 -36 36 58 -39 39 40 41 -43 -44 -45 -46 61 -48 54 57 50 -52 -53 -54 -55 -56 56 -58 -59 -60 -61 -62 -63
leaf_value=0.12965606916435957 -0.039248389722660773 -0.047263641847711174 -0.051682641825860832 0.054753292919186514 0.033443665451486082 0.041963393994751824 0.05632000942730081 -0.059471744716788046 -0.050892589757396238 -0.053376730254590769 -0.06428272124140752 -0.0069216339217606174 -0.045430504585415948 0.077386024236071674 -0.032339691638003175 -0.051056405613525729 -0.031858207168096321 0.062355788849049111 -0.086695753496664793 -0.043844234264975135 -0.014936302621878573 0.025874717132396655 -0.040297070188302378 0.041054549288788419 0.066828049510125484 -0.0076276681337865753 -0.050329157066193189 -0.0099577849618098652 0.023166045075385965 -0.041445986804819701 0.027801374707945206 0.067461619242368417 0.074388236505529268 0.067876622503675363 0.014802680757782145 -0.025577553243621549 0.052813134552868818 0.0032499563004518175 0.15250831777278351 -0.023028003839719358 -0.037127580464187709 0.098502637846405339 -0.040807888505185165 -0.036620086904783127 -0.057183667687045803 0.057995595403507162 0.022011520541943191 0.034072001771669649 -0.020192572488646948 0.029723455961051876 -0.081274987887817354 0.11709149055723765 -0.033795897872180063 -0.01020962421590235 0.0020182241803088806 0.059503732885408778 -0.049527617927983658 0.0578309500244856 -0.022825155411099116 0.0052967441641815754 0.028074302854590463 -0.0044315553907985751
leaf_weight=0.0073641431226859613 0.42682772706666383 0.23579965749104337 2.1110510462394809 2.2049008640610737 0.06477084731523064 0.14399119311565467 0.07316253233693748 0.015581311046844681 0.13337305170716718 7.6784646091018658 0.039635410299524443 0.42178339512247509 0.54413852954758146 0.018269624379172456 0.78527309835772019 0.048074240447022021 0.15843882095214212 0.22797410152270448 0.011392441345378757 1.1362685762342151 0.04855826069797331 1.1882507541686211 0.87835815627295233 0.4588778106826793 0.17736435474580492 1.0711637879212501 0.052916887128958368 0.068766773805691628 0.11488378051490145 0.50738642358829189 0.52921370676995116 0.065763855271143257 0.052602266992835212 0.016591127845458686 0.13356340822792845 0.086464165893630707 0.10189851742143219 0.7155222184483141 0.016086637642729551 0.35460939308177331 0.028039068444741133 0.052512638560074265 0.5072046089626383 0.018243024620460346 0.12339764564239886 0.067732605939453516 0.40606506726635416 0.16882982575316585 0.37022928411715839 0.040456448160512082 0.024155643763151602 0.0081405074743088335 0.081985952277136676 0.12784130163981888 1.0660779939580569 0.032501086358934006 0.031949857311701635 0.025955174491173238 0.034143494529416785 0.067864428286611655 0.16760897851418122 0.076816084663732909
leaf_count=11 7402 5183 192 54552 79 7616 57 10 41 10726 18 4820 5387 53 4027 65 96 203 6 1275 63 32742 4907 31778 461 13562 63 218 2508 7646 1906 220 41 10 193 482 455 1538 67 3426 184 247 730 81 89 59 9769 7986 1403 2177 680 18 2806 1752 48554 71 35 178 29 957 1072 48
internal_value=0 0.0128884 -0.039739 0.0321846 -0.0272909 0.00962774 -0.0398135 -0.0263257 -0.029714 -0.0512551 -0.00108741 -0.0141888 -0.0370405 -0.00981896 -0.0158227 -0.00756734 0.0152989 0.0335393 -0.0189711 -0.0331939 -0.0140673 0.00243446 -0.0030856 0.0168339 0.00336035 0.00664361 0.0165458 0.0453748 -0.028363 -0.0389982 0.0110777 0.0431481 0.0315114 -0.0382917 0.0447882 -0.00059954 0.0107445 0.0136883 -0.0205163 -0.0223325 -0.00695046 0.0512914 -0.0349242 0.0520041 -0.0255563 -0.0115138 0.00727027 0.0101141 -0.00392402 0.0345341 -0.011774 -0.0198836 -0.000555626 0.0223696 0.00640044 -0.041198 0.00545431 -0.015081 0.0338296 -0.0355172 0.0207698 0.0248206
internal_weight=0 10.5011 16.152 4.41095 7.76195 2.20605 3.96876 1.85771 1.78454 8.39008 6.09014 3.79319 0.608909 3.18428 2.35643 1.57116 0.568051 0.409612 1.00201 1.7032 0.50248 5.08813 1.15709 1.90239 3.93104 2.61495 1.54378 0.246131 0.71162 0.514751 1.29765 0.0813452 0.101161 0.894949 0.361538 0.262142 0.222506 1.24474 1.00311 0.984836 0.443302 0.0805517 0.541534 0.0343297 0.401319 0.277922 0.827848 1.3789 0.575186 0.52349 0.0646121 0.36275 0.19687 1.31609 1.23491 1.20072 0.0644509 0.396184 0.136042 0.303664 0.179001 0.144549
internal_count=283030 227687 55343 159483 31646 104931 2201 2009 1952 23697 68204 29445 5466 23979 9390 5363 557 461 10061 1722 341 58143 5901 98791 52242 17748 4186 679 12971 7657 3507 230 104 4917 396 984 966 3444 4806 4753 3875 431 878 148 237 148 14589 64156 2659 34635 2857 3444 5314 34494 56540 1381 106 1581 484 6140 1078 107
cat_boundaries=0 22
cat_threshold=0 83918848 1310720 0 0 0 0 0 512 16 524288 131088 262144 0 290031617 20 32 18350080 100728832 5 512 1024
is_linear=0
shrinkage=0.05


Tree=40
num_leaves=63
num_cat=1
split_feature=68 68 67 3 8 56 7 58 68 3 58 3 38 63 10 10 71 3 0 38 38 9 68 60 8 58 36 38 37 36 54 8 78 60 64 3 9 36 35 77 86 8 19 86 19 3 67 3 24 12 3 3 39 67 8 3 64 45 68 29 37 8
split_gain=6.72335 1.07428 0.909859 0.858526 0.570829 0.260131 0.181594 0.170041 0.160719 0.158166 0.147502 0.150065 0.14345 0.13855 0.129591 0.133206 0.106175 0.101563 0.101222 0.0985777 0.0973625 0.0933596 0.10172 0.0906835 0.106217 0.102915 0.0896793 0.0913602 0.0979633 0.0844343 0.0807365 0.0769776 0.0951567 0.0759556 0.072058 0.16964 0.0739628 0.0723267 0.110257 0.0712748 0.0690885 0.0675488 0.0640112 0.0630102 0.0849947 0.0710547 0.0709781 0.0625117 0.0738294 0.0622456 0.0602967 0.0600255 0.0941313 0.108538 0.0686899 0.0540394 0.0534713 0.0531567 0.0525864 0.0518452 0.0518166 0.0510362
threshold=0.58333333333333337 0.83333333333333337 1.0000000180025095e-35 2019.5000000000002 1.5000000000000002 1.262704877238731 0.50000000000000011 7.8751016804524934 0.41666666666666669 2019.5000000000002 4.0290588536612226 2018.5000000000002 -1.0000000180025095e-35 1.0000000180025095e-35 7.6471143170299749 -7.8971143170299714 -0.42048683735389569 2020.5000000000002 0 -0.5 0.93301270189221952 -24.499999999999996 0.41666666666666669 0.97840391246731262 3.5000000000000004 91.214090558596325 -2.7554552980815443e-16 -0.5 1.6160254037844388 -1.0000000000000002 1.83313261757028 1.5000000000000002 1.0000000180025095e-35 -6.1239205634991123 10.982500000000002 2021.5000000000002 24.500000000000004 -0.5 -1.0000000180025095e-35 1.0000000180025095e-35 1.0000000180025095e-35 3.5000000000000004 1.0000000180025095e-35 1.5000000000000002 0.68301270189221941 2021.5000000000002 89.080000000000013 2021.5000000000002 0.93301270189221952 0.25000000000000017 2019.5000000000002 2020.5000000000002 1.0000000180025095e-35 35.140000000000008 1.5000000000000002 2019.5000000000002 108.00750000000001 0.93301270189221952 0.41666666666666669 -1.0000000180025095e-35 0.25000000000000022 10.500000000000002
decision_type=2 2 2 2 2 2 2 2 2 2 2 2 2 2 2 2 2 2 9 2 2 2 2 2 2 2 2 2 2 2 2 2 2 2 2 2 2 2 2 2 2 2 2 2 2 2 2 2 2 2 2 2 2 2 2 2 2 2 2 2 2 2
left_child=2 10 9 5 6 -3 7 8 -4 30 11 -2 -13 16 15 29 -6 49 34 -7 -19 -9 42 -20 25 -25 -17 -28 33 -15 -1 -14 -33 -29 35 37 51 -12 -39 40 -21 -31 59 44 47 55 -47 -35 -49 -16 -26 52 -36 -54 -53 -46 -32 -56 61 -23 -34 -18
right_child=1 3 4 -5 13 19 -8 21 -10 -11 18 12 31 14 17 26 58 20 23 39 -22 22 -24 24 50 -27 27 28 -30 41 56 32 60 43 36 -37 -38 38 -40 -41 -42 -43 -44 -45 45 46 -48 48 -50 -51 -52 54 53 -55 57 -57 -58 -59 -60 -61 -62 -63
leaf_value=-0.038941283232684976 -0.04208954468470217 -0.035586784900514534 -0.029713365455251446 0.054477443505226736 0.021303065731765079 -0.016885978648705117 -0.050978041340337676 0.031348647165397626 0.02878566801994651 -0.053201216460092328 -0.069122543880599824 0.057886654531057125 -0.053827755835708438 0.057301529974957702 -0.0077268883471299891 0.038650221710542776 -0.049121025962841486 -0.045248508515270597 0.0056538978562561187 0.0063233525204001552 0.032882984070388407 0.051657541982181768 -0.048248038255723789 0.043707620463075761 0.023303400067976626 0.0042341756928640766 -0.050271461328797257 -0.014074343636402212 0.099728592770871496 -0.036889181160488969 0.026186939629059644 -0.016631846968744465 0.058405243287687605 0.01320263092096597 -0.03445289488729289 0.07951632880300491 0.10340067133728273 0.11269836862305552 -0.019993190569862238 0.033617244498049301 0.038700678395806487 0.0032882169926013042 0.058049527182723749 -0.035867642171953956 0.069044964815476964 0.081511916717145957 -0.017722562772121263 -0.029946426137311834 0.060375429635779423 0.074821317485679315 -0.003996401699295494 0.01590662656753818 -0.013046821563679223 0.12958718359629898 -0.062308952648638061 -0.030044189333917143 -0.026143213590648862 -0.011760600457580624 0.071994874174712328 -0.028513074431086905 -0.024856766033979981 0.026957679633798134
leaf_weight=0.4945215017455683 0.40698017204749504 0.27774741665643921 0.26252869308518656 2.0847553273479207 0.071992417335422942 0.20128258126351317 2.0225744854606091 0.04688151148002373 0.21240550553193316 7.4989685952841683 0.068002206593519077 0.083705129012741963 0.093093323288485408 0.030510448079439811 0.12541039616098704 0.1581780794876978 0.48697090946734567 0.48901453137114004 2.1335492318467009 0.88149776555292125 0.043412830488705367 0.021596161370325606 1.0407416231464595 0.63640907541412139 0.36773539242949482 0.2229770403009752 0.088142809835517144 0.57827388084206122 0.025238214555429184 0.47011546188241493 0.093995953887315409 0.33583268937127286 0.077848649976658635 0.56822350066431748 0.32105903541287262 0.045813439182893489 0.0092836105031892657 0.016827937877678778 0.22465901734722116 0.6211434851757075 0.20264093859441346 0.1345583494667153 0.026185419043031288 0.07423488065978745 0.01967224044528848 0.10263461249815009 0.021856678526091855 0.18307640376769996 0.025815000175498426 0.027920971907406056 0.44949155680296826 0.036379751734784804 0.04092452694021631 0.019785815282375552 0.38798549620332778 0.045777630082739051 0.10155788738347837 0.06006079021608457 0.0096744747934280895 0.30449924673666784 0.024587691626948072 0.023089289229119458
leaf_count=7578 6658 6196 268 54602 82 6883 192 51 61 10741 24 288 69 212 1641 835 4794 1132 26871 40284 105 180 322 5920 12341 2101 297 5484 38 1534 1656 1756 330 7547 3394 130 10 19 900 41234 10784 2517 72 231 365 219 59 656 39 926 6124 48 169 119 899 188 3678 52 27 1022 72 584
internal_value=0 0.0123122 -0.0394752 0.031526 -0.027185 0.00962065 -0.0405301 -0.0294944 -0.00355076 -0.0510933 -0.00121654 -0.0185364 -0.00295173 -0.0133712 -0.00927542 -0.00404293 -0.0356041 -0.0285517 0.00229506 0.0162064 -0.0388779 -0.0380516 -0.0403872 0.00344645 0.0211934 0.0334658 0.002611 -0.000678552 0.00197907 -0.0238536 -0.0281866 -0.0125356 -0.00376463 0.000455803 -0.00320786 -0.0102806 -0.0369787 -0.0235732 -0.0107466 0.0201125 0.0123751 -0.0279485 -0.017164 0.00852502 0.0119328 0.0419156 0.0640895 0.00460441 -0.0187844 0.00730478 0.00828795 -0.0384832 -0.0236566 0.0334383 -0.0501679 -0.000261003 -0.000989923 -0.0555329 -0.0434867 -0.0232037 0.0384199 -0.0456771
internal_weight=0 10.3321 15.9303 4.26907 7.74121 2.18431 3.93741 1.91484 0.474934 8.18904 6.06299 1.02205 0.615067 3.80379 3.21207 2.52631 0.591727 0.685759 5.04094 1.90656 0.532427 1.4399 1.39302 3.81016 1.67661 0.859386 1.89112 1.73295 1.6448 0.635184 0.690075 0.531362 0.438269 1.61956 1.23078 0.355303 0.875479 0.309489 0.241487 1.70528 1.08414 0.604674 0.352281 1.04129 0.967056 0.189941 0.124491 0.777115 0.208891 0.153331 0.817227 0.866195 0.381769 0.0607103 0.484426 0.0654499 0.195554 0.448046 0.519735 0.326095 0.102436 0.51006
internal_count=283610 228277 55333 159983 31680 105381 2168 1976 329 23653 68294 9173 2515 29512 24025 20221 5487 3804 59121 99185 1237 1647 1596 53357 26486 8021 15958 15123 14826 4263 12912 2227 2158 14788 5764 1073 4691 943 919 92302 51068 4051 1274 9304 9073 831 278 8242 695 2567 18465 4681 3682 288 999 553 5334 951 5405 1202 402 5378
cat_boundaries=0 21
cat_threshold=0 83918848 1310720 0 0 0 0 6291456 512 16 524288 0 262144 0 2504034433 20 0 18350080 67174400 21 536871424
is_linear=0
shrinkage=0.05


Tree=41
num_leaves=63
num_cat=0
split_feature=68 68 66 8 56 1 79 17 56 58 47 58 58 86 36 9 77 86 79 70 60 58 8 66 20 60 68 30 8 54 77 58 59 68 39 84 27 58 70 8 27 8 17 43 33 26 15 59 10 40 17 55 58 36 58 8 40 54 8 9 47 79
split_gain=6.58254 1.06757 1.02881 0.454743 0.403558 0.261353 0.192884 0.141414 0.132631 0.130082 0.180123 0.117646 0.114558 0.110276 0.106855 0.0992991 0.0905083 0.0808564 0.263548 0.0795519 0.070196 0.0831103 0.0780501 0.0675867 0.0941105 0.0663917 0.0587221 0.0574116 0.0566405 0.0562289 0.055621 0.0555193 0.0554868 0.0631266 0.0648098 0.0551412 0.0541494 0.0526534 0.0526365 0.0513008 0.0597603 0.050116 0.0602099 0.0495127 0.0583546 0.0545702 0.0701637 0.0494125 0.0966764 0.0482308 0.0451763 0.0482617 0.0685607 0.055478 0.0644614 0.0942956 0.0674477 0.0601622 0.0554435 0.0517923 0.0496694 0.0470505
threshold=0.58333333333333337 0.83333333333333337 1.0000000180025095e-35 1.5000000000000002 0.72442891821284328 3.5000000000000004 2.5000000000000004 -1.8660254037844384 3.0552219443419939 25.554600512630802 -1.0000000180025095e-35 0.97984183187507934 31.253497093283951 1.0000000180025095e-35 -1.25 -9.5000000000000036 1.0000000180025095e-35 1.0000000180025095e-35 1.0000000180025095e-35 16.425000000000004 6.7293628774088399 61.678067917056815 1.5000000000000002 9.6866666666666692 9.1848509936051497e-17 -9.9227005306594886 0.41666666666666669 -1.0000000180025095e-35 4.5000000000000009 1.4727969940722387 1.5000000000000002 13.286093818093571 -0.17079352850539162 0.41666666666666669 0.25000000000000022 1.0000000180025095e-35 0.68301270189221941 47.473954938037146 1.6099735861509092 2.5000000000000004 0.93301270189221952 10.500000000000002 -1.0000000180025095e-35 0.68301270189221941 1.0000000180025095e-35 0.25000000000000022 1.0000000180025095e-35 -0.75766309119364805 1.1327982892113019e-15 -0.68301270189221941 2.2990381056766584 -4.595746711043736 8.5909071005060316 1.866025403784439 11.431967846893484 1.5000000000000002 -1.0000000180025095e-35 0.09594405125565135 6.5000000000000009 -13.928203230275507 -15.586475994326582 1.0000000180025095e-35
decision_type=2 2 2 2 2 2 2 2 2 2 2 2 2 2 2 2 2 2 2 2 2 2 2 2 2 2 2 2 2 2 2 2 2 2 2 2 2 2 2 2 2 2 2 2 2 2 2 2 2 2 2 2 2 2 2 2 2 2 2 2 2 2
left_child=2 11 -1 5 -3 -4 7 -7 14 10 19 30 17 16 -5 -12 43 23 -19 47 50 35 -23 24 31 -26 -11 -25 36 32 -2 -10 33 34 -16 -22 -29 -37 -17 40 -14 -34 -43 44 -6 46 -46 48 -9 -24 51 52 58 54 55 -53 -57 -58 59 -13 -56 -59
right_child=1 4 3 8 13 6 -8 9 12 26 15 20 39 -15 29 38 -18 18 -20 -21 21 22 49 27 25 -27 -28 28 -30 -31 -32 -33 41 -35 -36 37 -38 -39 -40 -41 -42 42 -44 -45 45 -47 -48 -49 -50 -51 -52 53 -54 -55 60 56 57 61 -60 -61 -62 -63
leaf_value=-0.051041028599698217 -0.03338164764782079 -0.027492474246834306 -0.050793477523065303 0.074711087723828742 0.027848229036571661 0.057855278254993973 0.072501636973571829 0.025114096935612069 -0.011526199275924914 -0.022222923055799364 -0.031401266097862882 -0.023846982211362999 -0.028588583353497551 0.049667980288429725 -0.039712477719114389 0.13206222301652257 0.040250073856846404 -0.032780440225520541 0.05563251656729469 0.022285187747784638 0.025298900641172729 0.037607381962560915 0.10899174575600096 0.10135418589395005 -0.01730101003801332 0.083464009761506294 -0.050698496671021602 -0.0447561210550887 0.014260379353487113 0.0059916134487834867 0.065207541421232265 0.022633841784955269 -0.040803483454291863 0.048216733358866642 0.036765232922577107 -0.00095133010679042764 0.053583829412965814 0.074135508979141729 0.045463298996371727 -0.0045169429598447509 0.060311525196530928 0.30199893311788945 0.0046607087145813719 -0.0062066547144039369 0.037632816568772674 -0.078221794802452296 -0.085120872913864207 -0.039738202500279075 -0.050537194184990281 -0.015844144582095779 -0.044576606379593625 -0.043510169504147558 -0.0018187936496152108 0.082007786394119472 -0.010948003959312325 0.02670103611471596 0.060745013717020485 -0.021393176450895168 -0.01594651930094226 0.038771896892798474 0.011762132901050444 0.0073181836586504664
leaf_weight=8.5007507080540581 0.33930271065810114 0.27116305819845354 1.9092968763097808 0.02527668752009038 1.3644550802282545 0.047818142691539722 0.0502198996455262 0.096827825336731621 0.43534442300642717 0.25430864563350042 0.03002389049379417 0.037428832813020563 0.71223982406809205 1.0258130903657727 0.125143575262882 0.026997095151273021 1.3275249217936105 0.13267303738666669 0.23112411195961613 0.081344348684069701 0.70611856854793564 0.085949569705917273 0.0078588079395558452 0.0089401291916146874 0.022713341802955256 0.05831984262658807 0.62848255794961005 0.22172964584206056 0.064646599396837701 0.10326266080392077 0.014935805695131421 0.16366104385087965 0.81388970402986205 0.038879962055943906 0.03557744757290493 0.43630864984424989 0.014941532321245177 0.024667396080985782 0.05012801672637579 0.43309813214364112 0.019419183463469381 0.0017915925245688405 0.034266759590991569 0.13665332662685603 0.051234269811629818 0.024019010710617295 0.015063325988649012 0.41797440238678973 0.074895872636261629 0.50013427805060928 0.065011947341190424 0.24092119507622678 1.2074674663590483 0.017278293988056137 0.43116081384414495 0.1186212804113892 0.026578559576591831 0.70726414040746022 0.076773160316861322 0.28042129225923451 0.54521274547459975 0.17875503674349602
leaf_count=23708 6138 6039 181 52 57199 66 44 65 3851 1005 35 131 2644 30005 682 96 58601 749 714 72 8753 634 96 21 82 211 260 656 1168 702 17 3068 6044 22 99 8089 147 580 50 7503 102 84 961 5491 1677 140 620 255 48 6142 305 245 14382 21 5053 1045 81 4441 1622 1615 7696 1324
internal_value=0 0.0121961 -0.0391897 -0.0255112 0.0315102 -0.0379835 -0.0240791 -0.0269175 -0.0131354 -0.029358 -0.0144548 -0.00126689 -0.00665865 0.035566 -0.0269833 0.0457446 0.0306102 0.00323084 0.0233892 -0.0240671 0.000472461 0.0087689 -0.00645738 -0.00417458 0.00464835 0.0552199 -0.0424954 -0.0235131 -0.0272179 -0.029213 -0.0292248 -0.00219295 -0.0326768 -0.00895328 -0.0227833 0.0165177 -0.0385477 0.00306666 0.0757766 -0.0181557 -0.0262291 -0.0382479 0.0194342 0.0225688 0.0252718 -0.0136511 0.00974223 -0.0304611 -0.00788059 -0.0139129 -0.00324245 -0.0025477 0.00409434 -0.00724413 -0.00792997 -0.0153467 -0.00876694 -0.0133771 0.0221873 0.0313981 0.00173347 -0.0156006
internal_weight=0 10.2641 15.866 7.36526 4.21593 3.66832 1.75902 1.7088 3.69694 1.66098 0.778191 6.04817 2.51885 3.94476 1.17809 0.107149 2.91895 1.35409 0.363797 0.671042 5.69393 1.76104 0.593943 0.990297 0.680039 0.0810332 0.882791 0.310258 0.301318 1.15281 0.354239 0.599005 1.04955 0.199601 0.160721 1.16709 0.236671 0.460976 0.0771251 1.16476 0.731659 0.849948 0.0360584 1.59143 1.45477 0.0903166 0.0662976 0.589698 0.171724 0.507993 3.93289 3.86788 1.60209 2.26579 2.24851 1.27214 1.03122 0.912598 0.394623 0.31785 0.976374 0.886019
internal_count=283629 228182 55447 31739 159772 2177 1996 1952 29562 1886 621 68410 20916 153733 8646 181 123728 10667 1463 440 62255 24294 6872 9204 7212 293 1265 1992 1971 8594 6155 6919 7892 803 781 17422 803 8669 146 10249 2746 7089 1045 65127 59636 2437 2297 368 113 6238 37961 37656 17750 19906 19885 7136 6891 5846 3368 1746 12749 5765
is_linear=0
shrinkage=0.05


Tree=42
num_leaves=63
num_cat=0
split_feature=69 66 69 3 8 7 70 63 69 3 63 58 58 3 71 66 3 54 3 69 38 3 56 18 37 51 17 56 3 46 70 64 65 17 63 64 8 40 78 36 21 64 66 25 3 70 40 66 33 70 3 15 43 3 33 65 44 8 57 26 18 87
split_gain=5.85846 0.989884 0.978529 0.888445 0.517828 0.244157 0.219769 0.187971 0.160325 0.147498 0.127754 0.131418 0.113169 0.121216 0.110146 0.108109 0.103334 0.0979815 0.0871642 0.0837312 0.18742 0.14113 0.117181 0.0924224 0.0833668 0.0806032 0.0760207 0.0749464 0.0740502 0.0701494 0.084198 0.094333 0.0704012 0.0683593 0.0705321 0.0998231 0.0782239 0.0739981 0.0708499 0.067674 0.0664898 0.0632198 0.0583722 0.0579959 0.12893 0.058996 0.0576524 0.0610522 0.0715216 0.0742334 0.0707457 0.074237 0.0575179 0.0569406 0.0650743 0.0602319 0.0562029 0.0559194 0.0558723 0.0525512 0.0603279 0.0518388
threshold=0.58333333333333337 1.0000000180025095e-35 0.83333333333333337 2019.5000000000002 1.5000000000000002 0.50000000000000011 2.9253568583646428 19.591666666666672 0.41666666666666669 2019.5000000000002 1.0000000180025095e-35 38.442128440792139 0.97984183187507934 2018.5000000000002 -0.42048683735389569 86.648333333333341 2020.5000000000002 1.83313261757028 2019.5000000000002 0.41666666666666669 -2.7554552980815443e-16 2019.5000000000002 17.71517199882565 -1.0000000000000002 0.25000000000000022 -3.1236603935647795 0.93301270189221952 4.3261226672998143 2019.5000000000002 0.25000000000000017 4.9325517518088215 101.13250000000001 51.025000000000006 2.7990381056766584 120.95833333333336 43.980000000000011 2.5000000000000004 1.0000000180025095e-35 1.0000000180025095e-35 -0.68301270189221941 -1.0000000180025095e-35 43.980000000000011 1.3466666666666669 -0.93301270189221919 2020.5000000000002 1.1724908931375013 -1.0000000180025095e-35 4.416666666666667 -1.0000000000000002 0.72290354361309206 2018.5000000000002 0.25000000000000022 0.68301270189221941 2014.5000000000002 1.0000000180025095e-35 36.090000000000011 1.6160254037844388 4.5000000000000009 3.2246770923865551 -1.0000000180025095e-35 -0.68301270189221941 1.0000000180025095e-35
decision_type=2 2 2 2 2 2 2 2 2 2 2 2 2 2 2 2 2 2 2 2 2 2 2 2 2 2 2 2 2 2 2 2 2 2 2 2 2 2 2 2 2 2 2 2 2 2 2 2 2 2 2 2 2 2 2 2 2 2 2 2 2 2
left_child=1 9 12 6 5 7 15 8 -3 17 14 19 13 -2 -6 52 59 -1 -9 21 -21 -12 24 -23 -22 26 40 -8 46 30 43 39 57 34 -18 36 -36 -37 -39 -32 -25 -20 -43 44 -30 -46 -14 50 -49 -50 -48 -52 53 55 56 61 -55 -31 -59 60 -13 -4
right_child=2 4 3 -5 10 -7 27 18 -10 -11 11 16 28 -15 -16 -17 33 -19 41 20 22 23 -24 25 -26 -27 -28 -29 29 32 31 -33 -34 -35 35 37 -38 38 -40 -41 -42 42 -44 -45 45 -47 47 48 49 -51 51 -53 -54 54 -56 -57 -58 58 -60 -61 -62 -63
leaf_value=-0.040099542011899705 -0.049777586769437297 -0.029038506871861148 -0.009735621916563483 0.05411274656812242 0.028497689794913041 -0.050905374464465851 -0.037949284996480176 0.03182910117213348 0.023702836474504267 -0.052884317963562723 0.015505102450125909 0.10109733305859037 0.035321899366879593 0.013774374271784654 -0.042398021448626595 0.037859241120148289 -0.047989832869381487 0.0019534513503536087 -0.050892399160075021 -0.052894529723508991 0.055866249732229235 0.11156267315980038 -0.013978778196467284 0.049853505566165593 -0.014196862841353908 -0.03414798675234703 0.039504652318200668 0.0025946437966446918 -0.056799710735376242 -0.0426304706070477 -0.045233000139664865 -0.025209504247805433 0.017491811114541192 0.045716408894160572 0.23288287052594128 -0.03248336001675161 0.0096265085282046213 -0.015809901983907138 0.11694853904557029 0.037365271320575232 -0.021155866181438998 0.016050999205990641 -0.033371810215893923 -0.0024736068911939161 -0.049079339275873532 0.054699907976668044 -0.022146867791796414 0.083264271693398867 0.025338716352585972 -0.00068132803307267343 0.053449631446069568 -0.069006952928174617 -0.028680977781056285 0.02586792607561559 -0.020245631665139742 0.010941191213406358 -0.10363867870993047 -0.018944811013890794 0.063703174357838649 0.0099217012193823558 -0.045187959910136431 -0.077706421135878223
leaf_weight=0.5270501676095608 0.23596684394123979 0.27679264392008929 0.080963167446498341 1.9630840295822052 0.061898118070530472 1.8818325563333929 0.29535862022930803 0.044632046389779023 0.30055071983952075 7.0347663453976566 0.49111547208758588 0.0076840460533276192 0.17780140082277274 0.11001188826048747 0.47680109194152498 0.42447049526845138 0.41980610244809213 0.18789263774397114 0.57232874495093689 0.080480232580157463 0.27813894965220232 0.013636992869578535 0.11240361454838421 0.036610286356335564 0.050106079215765931 0.465401762196052 0.08069127628368733 0.1856132296825308 0.14258715731921379 0.28375051054899803 0.026871111536820536 0.095027490187931107 0.095716793348401552 0.027694253763911547 0.0068101199285592875 0.28493854295265919 0.0092562314130191226 0.024336264097655658 0.017119178533903323 0.32145815583953652 0.33115553196876135 0.069031247236125637 0.44404920476881671 2.7407868461432372 0.018822828804331948 0.050261665299331071 0.31999751356670447 0.033221470011994714 0.43321386600109668 0.74635003280582168 0.06535472476753057 0.015267766913893865 0.095636117806861765 0.68508268642381154 0.093051211379133747 0.20334642976649775 0.0084812183667963836 0.10934550120691711 0.025152920074106078 0.30321796806128964 0.085125647029599349 0.04292234071999701
leaf_count=7659 5295 303 3680 54798 74 194 6665 697 84 10757 8486 227 4612 831 5383 30531 839 5346 190 119 225 34 81 191 107 2553 237 9981 537 285 61 275 714 47 34 1753 118 146 39 1841 1751 62 695 16163 114 294 4652 155 15297 15057 666 128 2983 31893 2976 15517 87 1067 412 5946 1217 841
internal_value=0 -0.0382601 0.0109611 0.0298891 -0.0249852 -0.0384837 0.00740463 -0.0247929 -0.00158266 -0.0506853 -0.0117636 -0.00788793 -0.0018037 -0.0295698 -0.0342519 0.0161493 -0.0209995 -0.0290477 -0.0366511 0.000128674 0.0172683 -0.00616759 0.0300828 -0.0176434 0.0451712 -0.0195715 -0.00444424 -0.0223029 -0.000118649 -0.00397569 -0.00137014 0.0189471 -0.0211908 -0.0314493 -0.0342529 -0.0174134 0.104259 -0.0234026 0.0390132 0.0309934 -0.014087 -0.039467 -0.0267223 -0.00442108 -0.0296375 0.0264241 0.00830037 0.00532253 0.0109127 0.00887495 -0.0116004 0.0302596 0.00853022 0.0117252 0.0190167 -0.00580236 0.0242843 -0.0300434 -0.00348858 -0.000154988 -0.0330765 -0.0332853
internal_weight=0 15.0034 10.125 4.07801 7.25364 3.58922 2.11493 1.70738 0.577343 7.74971 3.66443 3.12573 6.04697 0.345979 0.538699 1.63395 1.18599 0.714943 1.13004 1.93974 0.521129 1.41861 0.440649 0.927496 0.328245 0.913859 0.448457 0.480972 5.70099 3.90978 3.39582 0.443357 0.513966 0.789961 0.762266 0.34246 0.0160664 0.326394 0.0414554 0.348329 0.367766 1.08541 0.51308 2.95246 0.211672 0.0690845 1.79121 1.61341 1.21279 1.17956 0.40062 0.0806225 1.20948 1.11385 0.786615 0.327232 0.693564 0.418249 0.134498 0.396028 0.0928097 0.123886
internal_count=284002 55594 228408 159952 31832 2225 105154 2031 387 23762 29607 24150 68456 6126 5457 88508 10366 13005 1644 13784 532 13252 413 4766 332 4732 2179 16646 62330 21763 19285 2177 2478 2976 2929 2090 152 1938 185 1902 1942 947 757 17108 945 408 40567 35955 30509 30354 5446 794 57977 54994 34956 20038 31980 1764 1479 7390 1444 4521
is_linear=0
shrinkage=0.05


Tree=43
num_leaves=63
num_cat=0
split_feature=68 68 66 3 77 10 9 22 70 57 3 3 68 44 56 3 68 3 9 10 63 58 3 10 66 3 10 3 84 76 84 58 66 66 66 33 63 63 71 56 3 18 38 3 76 60 51 20 3 58 70 27 46 60 45 87 66 3 15 85 9 70
split_gain=5.71676 0.950158 0.927863 0.819197 0.424688 0.284293 0.245092 0.228226 0.204442 0.175447 0.152989 0.148871 0.139706 0.170268 0.138612 0.138265 0.138207 0.120851 0.118946 0.118495 0.109639 0.108902 0.11681 0.108015 0.0901047 0.0794082 0.0763682 0.0721817 0.0713483 0.0983843 0.0704133 0.0717423 0.0820202 0.0679874 0.0670854 0.0655801 0.0743885 0.0646278 0.0659921 0.0636293 0.0617349 0.0613705 0.0587587 0.0584222 0.0662614 0.0570145 0.0563802 0.0533128 0.258923 0.054111 0.0522337 0.0516495 0.0513776 0.0507635 0.0502678 0.0500291 0.0555664 0.0579091 0.0837686 0.059173 0.0509131 0.0503388
threshold=0.58333333333333337 0.83333333333333337 1.0000000180025095e-35 2019.5000000000002 1.5000000000000002 7.8971143170299758 -16.227241335952161 1.6160254037844388 2.5806468754254737 1.4331958816080852 2020.5000000000002 2019.5000000000002 0.41666666666666669 -1.0000000180025095e-35 0.63602955852832732 2021.5000000000002 0.41666666666666669 2019.5000000000002 21.325317547305488 -13.428203230275507 16.756250000000005 0.97984183187507934 2018.5000000000002 3.4820508075688781 86.648333333333341 2018.5000000000002 17.660254037844393 2019.5000000000002 1.0000000180025095e-35 1.0000000180025095e-35 1.0000000180025095e-35 95.112837743116572 16.010000000000002 97.973333333333343 245.26333333333335 1.8369701987210299e-16 18.912878787878793 3.0416666666666674 0.8430428965339235 5.1759562585044216 2018.5000000000002 -1.0000000000000002 -0.68301270189221941 2019.5000000000002 1.5000000000000002 -36.169911417019044 -94.416450320150361 -0.68301270189221941 2010.5000000000002 1869.2773187935816 12.291064952752089 -0.93301270189221919 0.25000000000000017 -33.688396460019561 -1.8660254037844384 1.5000000000000002 6.0900000000000007 2018.5000000000002 0.25000000000000022 1.5000000000000002 12.312177826491071 0.69910856555479095
decision_type=2 2 2 2 2 2 2 2 2 2 2 2 2 2 2 2 2 2 2 2 2 2 2 2 2 2 2 2 2 2 2 2 2 2 2 2 2 2 2 2 2 2 2 2 2 2 2 2 2 2 2 2 2 2 2 2 2 2 2 2 2 2
left_child=2 21 11 8 5 9 -6 10 24 12 34 28 14 -14 33 46 43 -16 41 -15 -21 22 -2 45 30 39 -9 50 47 -30 31 -3 -33 -4 -7 36 -32 -29 -39 -10 -34 -17 -26 -11 52 -22 -8 48 -1 -49 54 -41 -45 -40 -23 56 57 59 -59 -56 -60 -58
right_child=1 3 4 -5 6 7 15 26 25 16 -12 -13 13 19 17 18 -18 -19 -20 20 23 27 -24 -25 42 -27 -28 37 29 -31 35 32 40 -35 -36 -37 -38 38 53 51 -42 -43 -44 44 -46 -47 -48 49 -50 -51 -52 -53 -54 -55 55 -57 61 58 60 -61 -62 -63
leaf_value=0.32135269651971954 -0.049758463189701937 0.026812902403447931 -0.045396042417178623 0.053878077061142685 0.061159169671921712 -0.0099350426320360345 0.012866369137218784 0.066700154426098945 -0.042449169220949046 0.005352245066573569 -0.048250849652951899 -0.052735746083618786 -0.049170205385176885 -0.028381695111841729 0.021788791953816403 0.01943840780222875 -0.04724255661024198 -0.012394510084776357 0.043584882381403789 0.063095420489830537 -0.0063379434149376246 0.083289721539876682 0.013337454052526504 -0.026254273454880597 -0.037900773411862883 0.029844276509217255 -0.047111374465563294 0.044844550751310615 -0.018496596758926342 0.11124727713001899 0.048512263721889014 -0.093649848273823222 0.036192417840992093 0.14605941193102256 0.096232522470123219 -0.053058034894026433 -0.0069087032205558943 -0.0089451314942409956 -0.017727125895363689 -0.12980976349571874 -0.088731083795707516 -0.038676126097400482 0.042561674021246283 -0.031300072233503756 0.047124143900357941 0.051940838761583334 -0.051268187765660049 -0.038836633140914227 -0.033092278205106213 0.15313546145633994 -0.032773475065437478 0.0026764020063201606 0.069838355583767595 0.010925011822732103 -0.0056780830474155953 0.072885378170739284 0.029043810077588456 0.045749866993219063 -0.10243422353593878 -0.058220349204007517 0.047683659116434504 0.0064040657665002734
leaf_weight=0.0061200886029836301 0.22802785464045694 0.59190354983638893 0.26052653743727283 1.8631833860026743 0.055961673242564181 0.1952342752183539 0.034873954056821366 0.06905262473537721 0.26804236433326867 0.30314503999215936 1.1122068835206844 6.8887435126398486 0.08342937909765169 0.083647491061128676 0.36936015393212052 0.053417636650920031 0.42611219631362474 0.86193805510083621 0.064927506224194076 0.21600113762542594 0.056872345092415344 0.023042902522320108 0.1081395250694186 0.099476692223106511 0.024154280329639732 0.070660931469774368 0.01873935751245881 0.06652794961974029 0.050645421541958058 0.020536176284167595 0.073009043227102666 0.02724355609552731 0.048496414730834658 0.0047209826298058024 0.016106918415061955 0.06051961477533041 0.35473919147170818 2.7450765830881214 0.18834862035146216 0.0077059930836185222 0.012423068771568069 0.30375732795801003 0.37416562557973509 0.40960200141989844 0.031364073145596194 0.16012265179597307 1.9704832786374022 0.58437795853888197 0.032587504066668771 0.0036939057681593104 0.074703601200326264 0.16215005623325851 0.012953983167790284 0.86245485626659479 0.40484858981290006 0.030040158549127116 0.38575962832874189 0.10204418226021517 0.01776663366399589 0.061759850832459051 0.0082805732472479576 0.67541185988739016
leaf_count=84 5333 32487 3833 54747 76 2129 176 156 6448 5534 1290 10792 120 25 7013 67 318 3857 91 180 66 242 817 94 1212 2325 136 293 1365 385 1484 606 3323 4 563 1303 17376 13931 1037 174 477 358 28374 2811 294 110 2124 10506 385 235 798 9295 118 6381 6888 597 14598 1121 111 523 104 15518
internal_value=0 0.010741 -0.0382728 0.0298118 -0.0255133 -0.0168148 -0.0422932 -0.0356623 0.00820453 -0.00894322 -0.0408407 -0.0505063 -0.000580835 0.0178646 -0.00920301 -0.0446781 -0.0244646 -0.00214033 -0.0186683 0.0269418 0.0356327 -0.00181428 -0.0294615 0.0168886 0.017146 -0.0193403 0.0424069 -0.000168164 -0.0285023 0.018935 0.0101445 0.0205453 -0.0215336 -0.0419884 -0.00184371 -0.00434189 0.00255067 -0.00400999 -0.00486623 -0.0272769 0.0107173 -0.0299848 0.0376824 -0.0116441 -0.022995 0.0366665 -0.0501529 -0.0338896 0.0229493 -0.0376308 0.00815108 -0.0033342 -0.0281995 0.00578933 0.00994002 0.00893748 0.00777736 -0.00445771 0.0253213 -0.0126325 -0.0547108 0.0146341
internal_weight=0 9.92063 14.8607 3.9384 7.27403 4.79061 2.48342 1.41134 2.07521 3.37927 1.32355 7.5867 2.1961 0.69955 1.49655 2.42746 1.18318 1.2313 0.422102 0.61612 0.532473 5.98223 0.336167 0.316472 1.56665 0.508559 0.087792 5.64607 0.697961 0.0711816 1.16833 0.680067 0.088163 0.265248 0.211341 0.488268 0.427748 3.86241 3.79588 0.437898 0.0609195 0.357175 0.39832 0.757065 0.45392 0.216995 2.00536 0.626779 0.0387076 0.588072 1.78366 0.169856 0.422556 1.0508 1.70895 1.68591 1.65587 0.5947 0.128091 0.466608 0.0260472 1.06117
internal_count=283218 227923 55295 159631 31543 28651 2892 4274 104884 24377 3982 23752 15302 595 14707 2816 9075 10870 516 475 450 68292 6150 270 86642 18242 292 62142 12960 1750 57056 36893 4406 3837 2692 20163 18860 21642 21349 15917 3800 425 29586 8757 3223 176 2300 11210 469 10741 40500 9469 2929 7418 39702 39460 38863 8747 1336 7411 215 30116
is_linear=0
shrinkage=0.05


Tree=44
num_leaves=63
num_cat=1
split_feature=68 66 68 3 8 1 70 3 22 17 64 40 64 3 67 83 9 38 68 3 66 67 43 44 16 39 40 9 32 38 0 71 64 68 89 9 8 3 56 68 77 8 8 53 26 76 3 3 39 26 3 3 8 8 78 3 30 32 53 38 8 32
split_gain=5.39297 0.955986 0.857826 0.808989 0.470271 0.232928 0.184151 0.17668 0.164425 0.122228 0.11981 0.114536 0.110431 0.106471 0.0964779 0.0956209 0.121981 0.0997285 0.156803 0.0948432 0.0973184 0.206826 0.167286 0.112012 0.105241 0.0967571 0.0914401 0.0873199 0.083615 0.0808925 0.0800891 0.116157 0.0785794 0.0776728 0.0907637 0.0751411 0.0751091 0.113625 0.070894 0.0691328 0.068019 0.0871862 0.0789078 0.076565 0.0664563 0.086788 0.0653874 0.107953 0.102296 0.0639263 0.0724979 0.0850264 0.0727799 0.0630403 0.0616591 0.10257 0.061344 0.0601365 0.0597854 0.059597 0.0592628 0.0584019
threshold=0.58333333333333337 1.0000000180025095e-35 0.83333333333333337 2019.5000000000002 1.5000000000000002 3.5000000000000004 2.4685540264468053 2019.5000000000002 -1.5000000000000002 -1.6160254037844388 1.0000000180025095e-35 -1.0000000180025095e-35 1.0000000180025095e-35 2018.5000000000002 150.34000000000003 1.0000000180025095e-35 -0.6830127018922193 9.1848509936051497e-17 0.41666666666666669 2020.5000000000002 1.3466666666666669 40.135000000000012 0.93301270189221952 -1.0000000180025095e-35 0.6830127018922193 0.93301270189221952 -0.5 17.160254037844393 1.0000000180025095e-35 -0.5 0 0.042783560510868963 16.030000000000005 0.41666666666666669 1.0000000180025095e-35 24.500000000000004 7.5000000000000009 2018.5000000000002 4.3261226672998143 0.41666666666666669 2.5000000000000004 2.5000000000000004 4.5000000000000009 -6.3950820340321846 -4.592425496802573e-16 1.0000000180025095e-35 2020.5000000000002 2019.5000000000002 1.0000000180025095e-35 -4.592425496802573e-16 2020.5000000000002 2019.5000000000002 8.5000000000000018 1.5000000000000002 3.5000000000000004 2018.5000000000002 -2.7554552980815443e-16 1.0000000180025095e-35 -12.898001412766002 0.93301270189221952 4.5000000000000009 -0.68301270189221941
decision_type=2 2 2 2 2 2 2 2 2 2 2 2 2 2 2 2 2 2 2 2 2 2 2 2 2 2 2 2 2 2 9 2 2 2 2 2 2 2 2 2 2 2 2 2 2 2 2 2 2 2 2 2 2 2 2 2 2 2 2 2 2 2
left_child=1 7 12 6 5 -3 14 28 -7 58 11 -6 13 -2 54 17 -17 27 -19 44 26 23 25 -22 33 56 -21 39 -1 -16 32 49 -14 40 -35 46 -13 -38 -8 -11 41 -25 43 -43 -12 -46 47 -34 -49 50 51 -32 -52 -48 57 -56 -23 -4 -10 -58 -33 -47
right_child=2 4 3 -5 10 8 38 -9 9 15 19 36 30 -15 29 16 -18 18 -20 20 21 22 -24 24 -26 -27 -28 -29 -30 -31 31 60 35 34 -36 -37 37 -39 -40 -41 -42 42 -44 -45 45 61 53 48 -50 -51 52 -53 -54 -55 55 -57 59 -59 -60 -61 -62 -63
leaf_value=-0.029937522513951077 -0.047641774922334755 -0.04989403284337602 0.016632317381229427 0.053690885734131638 0.060868820027590614 0.056885686448125306 -0.034728221756222602 -0.052595212953366811 -0.012706960237042373 -0.023582906728130619 -0.029167246075327859 -0.049326370871315084 -0.011001895345084419 0.015478725693289114 -0.048488897557117445 0.055284678878828764 -0.048352083567536279 -0.045430912568914877 0.079996251673335045 0.070941181896141015 -0.051167446233644345 0.049302071942092053 0.068459680485396343 -0.031764798108362552 -0.044161872969598399 0.049728080677012572 -0.043133403117598328 0.010807770273284882 0.039269302430252978 0.045879181916333237 0.040407239070267525 0.025811399554161736 -0.04075833386645332 0.060850363252888486 -0.006047942463596339 0.095492637076617037 -0.051387938313741055 0.052028463682261654 0.0028651200924705716 -0.048868377303169452 0.099023864432007613 0.0035045247678089442 -0.007893720049293498 0.099586673752116009 -0.0040428065289040476 0.10407138293758052 0.012794704178075015 -0.0073558801036198778 0.10700602199462064 -0.0011198887861425286 0.05414503670437168 -0.04268760315077217 -0.058879797803141266 -0.057300995588870064 0.057251576816233156 -0.22891337638832826 -0.043233201489608755 -0.011150027371821244 0.083687462996422546 0.033641984567053515 0.0073413072032647159 0.021138906768621651
leaf_weight=0.57275908197971315 0.23004316912601819 1.7673772012876727 0.92527465577404722 1.8100891204976504 0.030432713405389222 0.06084040063433338 0.28606958043701514 6.520615602828002 0.029256640045787208 0.4040436390923785 0.13455430767135168 0.38637638466570967 0.51738452730751283 0.094150829081627307 0.024392616563090996 0.070440215757116675 0.047564814300130709 0.051863777815924439 0.047960609779693186 0.018496292544114112 0.066691449795143631 0.019794325500697596 0.043002432811590552 0.12045669392682612 0.063667828608231503 0.033494054674520157 0.34966561499277315 0.088968593235222104 0.04724419194553775 0.3290161300683393 0.055453121466598865 1.0876158793471402 0.24603583021234954 0.19629126455402002 0.068358445336343721 0.01069959724554792 0.055493436268989171 0.050942836914600775 0.22329998198893009 0.81678927145549096 0.018876173711760202 0.036324484666693024 0.09589475466100339 0.048308904133591568 0.59880853202594087 0.022413590108044446 0.035023876538616605 0.086467750739757321 0.025268298486480489 2.2106080815310634 0.16042115712480154 0.069205975312797818 0.015630877001967747 0.38104947532337974 0.0056915760014816241 0.0069610824139090255 0.6129380817837955 0.2467133774616741 0.035729561815969535 0.026292560580259305 0.72299059407305311 0.40146325812293071
leaf_count=12046 5806 192 48311 54934 137 39 6755 10752 53 1011 1803 3336 1707 904 1127 217 117 103 19 72 192 119 193 118 311 106 1079 93 892 26497 1691 11029 4236 189 53 12 1242 772 12065 284 52 190 1547 152 8625 530 42 552 202 23708 689 527 227 924 352 121 1874 9905 61 85 16093 6757
internal_value=0 -0.0373356 0.0109745 0.0293385 -0.0240917 -0.0372744 0.00780899 -0.05017 -0.0237853 -0.0268671 -0.0112037 -0.0332681 -0.000935149 -0.0293106 0.0164385 -0.029724 0.0135113 -0.0333434 0.0148305 -0.00732402 -0.0144447 -0.00861719 -0.0272314 0.0105348 0.0168834 -0.0331735 -0.0374023 -0.0370149 -0.024664 0.0393658 0.00070059 0.00265028 -0.00300985 0.0235327 0.0435707 -0.0361036 -0.0390813 -0.00189048 -0.0182479 -0.0405 0.00695354 0.00117938 0.0231612 0.0583484 0.0038658 0.00821195 -0.0379231 -0.0222494 0.0185062 0.00182235 0.0234515 -0.00572385 0.0441101 -0.0514005 0.00959866 -0.100187 -0.0373868 0.0107839 0.0402909 -0.0400712 0.0184361 0.0255242
internal_weight=0 14.0605 9.80556 3.85751 6.91987 3.42083 2.04742 7.14062 1.65346 1.59262 3.49904 0.523245 5.94805 0.324194 1.53805 1.52763 0.118005 1.40963 0.0998244 2.97579 1.81855 1.45039 0.735521 0.71487 0.648179 0.692519 0.368162 1.3098 0.620003 0.353409 5.62386 4.32193 1.30193 0.584511 0.26465 0.784545 0.492813 0.106436 0.50937 1.22083 0.319861 0.300985 0.180528 0.0846334 1.15724 1.02269 0.773845 0.357772 0.111736 2.51132 0.300711 0.124659 0.176052 0.416073 1.18464 0.0126527 0.659025 1.17199 0.0649862 0.639231 1.81061 0.423877
internal_count=283829 55413 228416 160067 31723 2189 105133 23690 1997 1958 29534 5487 68349 6710 86313 1844 334 1510 122 24047 6332 5181 2377 2804 2612 2184 1151 1388 12938 27624 61639 53964 7675 2301 242 5968 5350 2014 18820 1295 2059 2007 1889 342 17715 15912 5956 4990 754 26842 3134 2218 916 966 58689 473 2078 58216 114 1959 27122 7287
cat_boundaries=0 22
cat_threshold=0 67141632 1048576 0 0 0 0 4194304 512 16 524288 131600 786432 0 2437449729 20 0 152567808 67108864 21 512 4096
is_linear=0
shrinkage=0.05


Tree=45
num_leaves=63
num_cat=0
split_feature=68 66 68 18 58 10 22 37 65 17 8 86 10 66 68 58 35 47 58 9 9 71 77 45 17 32 60 58 67 91 57 19 65 51 8 35 8 9 88 78 9 8 8 84 70 66 17 38 66 82 67 58 31 23 58 64 58 63 57 45 66 20
split_gain=4.88579 0.961962 0.8193 0.449838 0.280353 0.188979 0.177141 0.150635 0.149271 0.133018 0.112771 0.111882 0.107499 0.112247 0.105845 0.195014 0.117616 0.103687 0.103444 0.0930028 0.125993 0.0975673 0.0897916 0.0851123 0.100236 0.0810997 0.0772967 0.0792892 0.065131 0.0843326 0.0599905 0.0599458 0.0938918 0.0591087 0.0569905 0.0566145 0.0578822 0.0920991 0.0578396 0.0563571 0.0932996 0.0684623 0.0659592 0.0547501 0.0542026 0.0528532 0.0486411 0.0466248 0.0460306 0.0510303 0.0659279 0.0503149 0.0654951 0.0476558 0.0451827 0.0441355 0.0577072 0.0440748 0.0440395 0.0435842 0.043147 0.0416229
threshold=0.58333333333333337 1.0000000180025095e-35 0.83333333333333337 1.2500000000000007 1.9272004741461413 7.8971143170299758 1.6160254037844388 1.866025403784439 110.97500000000001 1.8369701987210299e-16 7.5000000000000009 1.0000000180025095e-35 6.9641016151377562 58.346666666666671 0.41666666666666669 6.9378490071846022 0.68301270189221941 2.5311633845010424 4.0290588536612226 6.9641016151377562 3.4820508075688776 0.22109609345706682 1.0000000180025095e-35 0.93301270189221952 1.866025403784439 0.6830127018922193 0.97840391246731262 54.769227884637736 487.80500000000006 1.0000000180025095e-35 -3.3708478238448163 1.0000000180025095e-35 181.05500000000004 -4.9819162317044876 1.5000000000000002 -1.0000000180025095e-35 2.5000000000000004 3.7500000000000004 1.0000000180025095e-35 1.0000000180025095e-35 0.93301270189221952 1.5000000000000002 2.5000000000000004 1.0000000180025095e-35 0.50089127692498348 1.3466666666666669 1.0000000180025095e-35 -0.5 61.31333333333334 1.0000000180025095e-35 447.03500000000003 98.885747524105753 0.68301270189221941 -0.6830127018922193 129.40746766440415 71.215000000000018 83.564804270829384 17.255416666666672 -26.370825526013604 1.0000000180025095e-35 2.6833333333333336 -2.7554552980815443e-16
decision_type=2 2 2 2 2 2 2 2 2 2 2 2 2 2 2 2 2 2 2 2 2 2 2 2 2 2 2 2 2 2 2 2 2 2 2 2 2 2 2 2 2 2 2 2 2 2 2 2 2 2 2 2 2 2 2 2 2 2 2 2 2 2
left_child=1 -1 18 5 -4 7 10 8 9 14 28 22 17 -14 30 -16 39 31 35 20 -11 -22 48 54 -25 -8 -20 33 -7 -30 59 -10 -33 43 -29 -2 37 45 -38 41 42 -17 -41 -28 46 -37 -32 57 51 -50 -51 52 53 -6 -21 -36 -57 -24 -56 61 -40 -3
right_child=2 3 4 -5 11 6 25 -9 12 19 -12 -13 13 -15 15 16 -18 -19 26 23 21 -23 47 24 -26 -27 27 34 29 -31 44 32 -34 -35 55 36 38 -39 60 40 -42 -43 -44 -45 -46 -47 -48 -49 49 50 -52 -53 -54 -55 58 56 -58 -59 -60 -61 -62 -63
leaf_value=-0.049976299884725163 -0.047977089288188758 0.054460125341189561 -0.027524242917797564 -0.049007076848979009 -0.020932339179878752 -0.042898894505938479 0.061739648132959228 0.17729108751452483 -0.044574932128201246 -0.039281854449760928 0.037611849633605171 0.047175186483094371 -0.027501107413130305 0.29049577829596179 0.06676428088808084 -0.057691663986377706 0.054733640320125156 0.0021156903409690494 -0.0042527248600762067 -0.035323650483022571 0.0061059416853503877 0.095063463209239807 0.047984013697795154 -0.028364558733955748 0.07891096958820798 -0.053906702674361741 0.034246545312099946 0.028503957330898708 -0.011327533367342919 0.18196365270425105 -0.00063968987927289736 -0.040374897998272513 0.066000514451358169 0.0043164013496256237 -0.031023624124628047 0.048643578455679841 -0.03106982143858681 0.06569664098321798 0.057594635532794536 0.056607999887309135 -0.046017179406047888 -0.0013876756461665832 -0.018507637532387735 0.00688243835633207 -0.023690519385703872 -0.018754079810284305 0.14312624596372325 0.040189493868007957 0.039973663624441033 0.044792920966398947 -0.051232774064098853 -0.026813348765713368 -0.01765209765095228 0.024099580389115402 0.15921343179693365 0.036888503778343198 -0.01139737188595457 -0.016664131007237654 -0.00036364918468401462 0.051392100895539083 -0.0083557481104298021 -0.0024886833604664169
leaf_weight=6.7491279393152599 0.12597665459497875 0.034889036477579793 0.21242107243915631 1.3664614293347765 0.063465361130057185 1.1809068005741208 0.067635935083671828 0.010529695195145794 0.66769928311487081 0.083463012858373764 0.047626395650695375 0.87063944607280053 0.0057792122161117732 0.0053384576312964782 0.15335037616750913 0.0970403355313465 0.087653302849503234 0.18725346678775168 2.8040060021094178 0.77444059018262124 0.082816844730587036 0.049096234486569301 0.041174074911850655 0.049551752827937889 0.038845441304147243 0.019539421336958185 0.49784577468744839 0.10383619290405466 0.031530143370218755 0.0068731178762391201 0.30674757582164702 0.055837551039076061 0.033004990176777937 0.71218724551727075 0.19653165717409138 0.034846329011996136 0.40358347310530007 0.053756076620629756 0.031064314853210817 0.092506016277184244 0.051839549589203671 0.12169957949663512 0.042721986988908611 0.28885170955891226 0.58210542694814649 0.17604387592700732 0.0059984923618685562 1.0524420623837611 0.35535878280916211 0.033629614336405211 0.03815361858369215 0.074661673008904472 0.12758022176967643 0.79089332547346192 0.0051381243829382575 0.076749459019083588 0.31931819329747668 0.073298652310313628 0.027272319083749608 0.049984436397608079 0.12298718185957114 0.39923040787061803
leaf_count=23598 1649 188 5446 873 2660 2368 285 12 4279 581 1186 30132 127 16 125 51 68 2361 30333 2009 559 447 223 388 22 32 5639 763 438 39 4497 78 181 9380 1561 40 5162 195 332 105 63 77 128 5764 3549 384 83 55556 21923 2066 1112 3402 3985 30318 42 1436 4521 3135 250 755 1466 5511
internal_value=0 -0.0365925 0.00990117 -0.0233525 0.0282591 -0.0169272 -0.033123 -0.0115805 -0.0120666 -0.00679683 -0.0378668 0.0316242 -0.0293751 0.125194 0.000827464 0.0175152 0.00221025 -0.0311959 -0.00162341 -0.0207035 0.00879555 0.0392147 0.0265163 -0.0278002 0.0187768 0.0358188 0.00124843 0.00827487 -0.040815 0.0232662 -0.00700005 -0.039441 -0.000856449 0.014752 -0.00566542 -0.0167641 -0.0119821 0.00727425 -0.0211209 -0.00913465 0.0110141 -0.026366 0.032877 0.0241993 -0.0146707 -0.00761766 0.00211775 0.0368933 0.0183552 0.0322063 -0.00624585 0.0127557 0.0157644 0.0207544 -0.0329031 -0.0116526 -0.0020406 0.00658881 0.0249346 0.00717885 0.00494307 0.00208814
internal_weight=0 13.5715 9.6813 6.82241 3.73372 5.45595 1.35411 4.10183 4.0913 3.13639 1.26694 3.5213 0.954913 0.0111177 2.02577 0.646811 0.493461 0.943795 5.94758 1.11062 0.215376 0.131913 2.65066 0.895248 0.0883972 0.0871754 4.99933 2.19532 1.21931 0.0384033 1.37896 0.756542 0.0888425 1.49888 0.696436 0.948258 0.822281 0.264646 0.557635 0.405807 0.187068 0.21874 0.135228 0.786697 0.894851 0.21089 0.312746 1.16691 1.48374 0.427142 0.0717832 1.0566 0.981939 0.854359 0.806851 0.592599 0.396068 0.114473 0.0324104 0.484104 0.154051 0.434119
internal_count=283954 55371 228583 31773 159958 30900 4348 26552 26540 19498 4031 154512 7042 143 15200 617 492 6899 68625 4298 1587 1006 124380 2711 410 317 59397 29064 2845 477 14583 4538 259 20783 8281 9228 7579 619 6960 424 296 128 233 11403 8129 424 4580 58914 65466 25101 3178 40365 36963 32978 2301 7518 5957 3358 292 6454 1798 5699
is_linear=0
shrinkage=0.05


Tree=46
num_leaves=63
num_cat=0
split_feature=68 66 68 3 8 1 57 70 3 22 63 3 71 57 68 25 63 3 29 56 67 45 57 52 70 36 33 56 86 85 19 1 64 87 5 3 56 64 84 8 8 71 18 3 70 68 34 63 52 36 44 8 1 65 9 78 48 9 48 16 33 63
split_gain=4.89316 0.91219 0.710554 0.782441 0.483668 0.217456 0.179805 0.170971 0.151281 0.111535 0.0943892 0.110081 0.109624 0.0975678 0.109531 0.129029 0.091142 0.109228 0.0902403 0.0871346 0.0869984 0.0777894 0.0762458 0.0805377 0.0742933 0.0712653 0.0696968 0.0658007 0.0651073 0.0655996 0.0648306 0.0628973 0.0618922 0.0809948 0.0846233 0.0617943 0.0596854 0.0576249 0.0565608 0.0646276 0.0552323 0.0551279 0.0616232 0.0548585 0.0876069 0.0537754 0.0536409 0.0674094 0.0550386 0.0607071 0.0517156 0.0524128 0.0509492 0.050786 0.0899678 0.0498224 0.0497614 0.0552197 0.0486806 0.0478621 0.0477839 0.0593954
threshold=0.58333333333333337 1.0000000180025095e-35 0.83333333333333337 2019.5000000000002 1.5000000000000002 3.5000000000000004 2.1497850888893741 2.9253568583646428 2019.5000000000002 -1.0000000000000002 1.0000000180025095e-35 2019.5000000000002 -0.42048683735389569 1.0965397209913295 0.41666666666666669 0.25000000000000022 1.0000000180025095e-35 2018.5000000000002 -1.0000000180025095e-35 1.262704877238731 150.34000000000003 -0.93301270189221919 -1.0468294151858817 -1.2675844783335319 26.022222222222226 -0.5 -0.93301270189221919 10.309059647911548 1.0000000180025095e-35 1.0000000180025095e-35 1.6160254037844388 2.5000000000000004 43.980000000000011 1.0000000180025095e-35 -0.24999999999999997 2017.5000000000002 4.3261226672998143 95.680000000000021 1.0000000180025095e-35 4.5000000000000009 3.5000000000000004 0.50770325531438387 -1.616025403784439 2021.5000000000002 4.7549728696510059 0.41666666666666669 0.6830127018922193 10.651515151515154 0.65529161796598789 1.866025403784439 1.6160254037844388 5.5000000000000009 4.5000000000000009 1.9850000000000001 17.160254037844393 3.5000000000000004 -0.26680721092208065 -9.5000000000000036 -14.286142982755827 -1.0000000180025095e-35 1.8369701987210299e-16 18.912878787878793
decision_type=2 2 2 2 2 2 2 2 2 2 2 2 2 2 2 2 2 2 2 2 2 2 2 2 2 2 2 2 2 2 2 2 2 2 2 2 2 2 2 2 2 2 2 2 2 2 2 2 2 2 2 2 2 2 2 2 2 2 2 2 2 2
left_child=1 8 16 7 5 -3 9 20 19 -7 12 40 -6 14 41 32 17 -2 -11 -1 30 -8 31 25 53 -24 -27 46 29 -21 38 -18 33 -16 -35 -32 -9 -34 39 -4 -12 42 -13 -29 -45 -14 48 -48 49 -25 51 -33 -30 -20 56 -41 -55 -58 -28 -19 61 -40
right_child=2 4 3 -5 10 6 21 36 -10 18 11 13 45 -15 15 -17 22 59 24 28 -22 -23 23 27 -26 26 58 43 52 -31 35 50 37 34 -36 -37 -38 -39 60 55 -42 -43 -44 44 -46 -47 47 -49 -50 -51 -52 -53 -54 54 -56 -57 57 -59 -60 -61 -62 -63
leaf_value=-0.041306793309850334 -0.046635856836648032 -0.050590389574892383 0.0063758243073125803 0.053359441526799271 0.028555893141193986 0.055394134623508742 0.010965409145437874 -0.03505808037487456 -0.052342215679522255 0.039948254633199981 -0.0041476061239270655 0.077101949560868091 -0.042824215629413478 -0.02776336443132206 0.060611059793500094 -0.028760317690648102 -0.0080207093759727122 0.104331654683213 -0.04347135056412807 0.046303106341007032 0.036615586478172861 -0.048566853243779164 0.066922916817060765 -0.032840893640818804 0.037419491628282918 -0.048363023704414781 -0.013648053920342532 0.0044709251021967386 0.069663060072246555 -0.028076076499228969 0.059064207821267423 0.016931832709346235 -0.029943031040099096 -0.055820285327432197 0.054222165276649296 -0.14975409306232546 0.0019878169873265576 0.047567253982010158 0.042623840685495698 0.040072131495711497 0.022031400979354659 0.00012779569192547673 -0.0285268891764449 -0.033459198256065449 0.076003033272130816 0.079109707412411481 -0.065442242935422376 0.067637446436953283 -0.0023222777086963548 0.045504061107913975 -0.063605096958962992 -0.0016446112253613119 -0.042458836413863152 -0.02800256135951848 0.047824616265723069 -0.16177169320302909 -0.041353728374359987 0.044860386885206618 0.013399338752311403 0.0031779982670697665 -0.04651576593614646 -0.006221408062918897
leaf_weight=0.38903146546226874 0.21495504545191391 1.5946106131532363 0.41218677192773634 1.6259494519686084 0.067288674123119563 0.059017970539571141 0.059687871329515474 0.273681770037001 5.9921691427025507 0.068216873030905734 0.41031150678554729 0.014184624644258403 0.41334200537949106 0.73150941826270344 0.1810224402215681 0.12987410206551431 0.5282417282178361 0.013644287018905743 0.22882800001389114 0.086176795771280013 0.34680490528126018 0.68018055610536965 0.047099323723159503 0.64241949027382395 0.053380649878818076 0.059784248407595331 0.21486853039368714 0.81779985194589222 0.01126566155198816 0.045188661580141343 0.0050130486188207915 1.4923250018700862 0.068292225318145938 0.036214509185811039 0.033754664436855819 0.012080210443855322 0.18038579718495384 0.036954727645934327 0.075311127428904001 0.26888186544329074 0.39585766637719644 0.33626456834099372 0.51952500164043169 0.20196542590747413 0.020097841323149623 0.0092444401016109623 0.013032468405071995 0.035262245173726114 0.24995526165457704 0.025715987256262451 0.022751705211703555 0.50929611038736755 0.10068812003873973 0.46487430967408716 0.050878980947345553 0.0030924317652534219 0.028719614428155182 0.052568449281352625 0.73686621540218811 0.081818380416734726 0.056789954869600479 0.35850155901152903
leaf_count=4814 5777 189 17662 54615 82 39 78 6677 10753 158 4854 40 5370 4224 168 96 4883 104 114 2549 28588 720 799 1694 52 382 3380 11566 711 517 285 12307 73 49 93 300 9995 82 1601 20945 9721 1998 2580 517 31 28 22 261 3265 23 107 11794 4392 629 85 59 65 100 10718 793 1249 17725
internal_value=0 -0.036719 0.0101614 0.0276204 -0.0237463 -0.0372411 -0.0250517 0.00661895 -0.0498877 -0.0112962 -0.0104217 -0.00698572 -0.0307185 -0.0130459 -0.00510686 0.013903 -0.000496419 -0.0268704 -0.0154503 -0.0266283 0.014575 -0.0437642 0.00096099 -0.00435512 -0.0197484 0.00680289 0.00400352 -0.0102428 -0.0031595 0.0207173 0.00816163 0.00734392 0.0294569 0.0429525 -0.00273339 -0.0885126 -0.020341 -0.00272731 0.00956828 0.0188588 0.00870722 -0.015729 -0.0257195 -0.00151345 -0.0235523 -0.0401568 -0.0196358 0.0317255 -0.0223376 -0.0298255 0.0113532 0.0122052 -0.0311763 -0.0234435 -0.0157675 0.0377771 -0.0216915 0.0144004 0.00729298 0.0176357 -0.0033876 0.00225827
internal_weight=0 13.3491 9.54658 3.61868 6.7246 3.34096 1.74635 1.99273 6.62452 1.00648 3.38364 2.89377 0.489875 2.0876 1.35609 0.486113 5.9279 0.310418 0.947467 0.632351 1.53866 0.739868 5.61748 3.06487 0.87925 1.05862 1.01152 2.00625 0.243319 0.131365 1.19186 2.55261 0.356239 0.250992 0.0699692 0.0170933 0.454068 0.105247 1.17476 0.684161 0.806169 0.869974 0.53371 1.03986 0.222063 0.422586 0.966385 0.0482947 0.918091 0.668135 2.02437 2.00162 0.111954 0.825869 0.597041 0.271974 0.546162 0.0812881 0.951735 0.0954627 0.490603 0.433813
internal_count=283547 55423 228124 159701 31687 2229 2040 105086 23736 1242 29458 23978 5480 9403 5179 561 68423 6674 1203 12983 88414 798 61749 32658 1045 15279 14480 17379 8169 3066 59826 29091 465 310 142 585 16672 155 59241 38666 14575 4618 2620 12114 548 5398 5265 283 4982 1717 24208 24101 5103 993 879 21004 794 165 14098 897 20575 19326
is_linear=0
shrinkage=0.05


Tree=47
num_leaves=63
num_cat=0
split_feature=69 69 69 3 8 7 3 63 36 69 64 54 70 58 3 8 38 57 76 60 8 3 64 3 70 3 57 69 38 25 64 10 10 23 76 84 70 70 39 64 8 64 65 8 57 58 38 39 8 8 8 51 88 39 33 19 29 16 3 36 40 42
split_gain=4.33605 0.918416 0.717277 0.788997 0.397714 0.265762 0.162149 0.161949 0.163172 0.203265 0.149636 0.0893949 0.0881541 0.0880245 0.0939582 0.116247 0.134671 0.0930819 0.0832638 0.0802108 0.0789428 0.0765091 0.0770087 0.0754851 0.0746658 0.0746393 0.0919545 0.110182 0.136639 0.143853 0.0888954 0.0833988 0.0837308 0.0802434 0.0783694 0.0880102 0.0749437 0.0716701 0.0666641 0.0631646 0.0626406 0.0632796 0.062088 0.0604848 0.059362 0.0712015 0.0593282 0.0592794 0.0571673 0.0547903 0.0544499 0.0543024 0.0541228 0.0539839 0.0537022 0.0609171 0.0536492 0.0673225 0.0523542 0.0519347 0.0509947 0.0531652
threshold=0.58333333333333337 1.0000000180025095e-35 0.83333333333333337 2019.5000000000002 1.5000000000000002 0.50000000000000011 2019.5000000000002 18.912878787878793 0.25000000000000022 0.41666666666666669 3.9800000000000004 1.83313261757028 30.024038461538463 4.0290588536612226 2018.5000000000002 1.5000000000000002 -1.0000000180025095e-35 -1.0468294151858817 1.5000000000000002 -31.092477637326272 4.5000000000000009 2019.5000000000002 43.980000000000011 2014.5000000000002 1.3705659708596531 2020.5000000000002 1.5894202330606091 0.41666666666666669 -2.7554552980815443e-16 0.25000000000000022 39.970000000000006 6.0621778264910704 1.1940306291686695e-15 0.93301270189221952 1.0000000180025095e-35 1.5000000000000002 26.022222222222226 0.29155653796408315 1.0000000180025095e-35 95.680000000000021 2.5000000000000004 87.52500000000002 35.085000000000008 6.5000000000000009 14.708061318819075 7.1376739032941554 0.6830127018922193 0.68301270189221941 2.5000000000000004 7.5000000000000009 1.5000000000000002 31.54021373853686 1.0000000180025095e-35 1.0000000180025095e-35 1.0000000180025095e-35 1.866025403784439 0.25000000000000028 -0.5 2018.5000000000002 -4.592425496802573e-16 -2.7554552980815443e-16 -2.7554552980815443e-16
decision_type=2 2 2 2 2 2 2 2 2 2 2 2 2 2 2 2 2 2 2 2 2 2 2 2 2 2 2 2 2 2 2 2 2 2 2 2 2 2 2 2 2 2 2 2 2 2 2 2 2 2 2 2 2 2 2 2 2 2 2 2 2 2
left_child=1 6 13 10 5 7 11 8 9 60 -4 -1 25 14 52 -16 -17 19 20 -15 46 -9 -23 42 40 34 27 31 -29 30 -30 32 38 -28 -6 36 -36 -24 48 -32 41 44 -12 -21 45 -19 -18 59 -27 -14 51 -47 -2 -43 55 -25 57 -40 -51 -42 -3 -62
right_child=2 4 3 -5 12 -7 -8 21 -10 -11 23 -13 49 17 15 16 18 24 -20 43 -22 22 37 54 -26 26 33 28 29 -31 39 -33 -34 -35 35 -37 -38 -39 56 -41 47 53 -44 -45 -46 50 -48 -49 -50 58 -52 -53 -54 -55 -56 -57 -58 -59 -60 -61 61 -63
leaf_value=-0.037000853348232145 -0.047271040468015418 -0.055784100402699745 -0.031686801191694994 0.053186956771676709 -0.0091371852782806979 -0.04967461080890391 -0.052222771709414154 0.03048978921294683 -0.057825306843064722 0.048541366741579418 -0.030808255033155502 0.0054807807423097833 -0.047889757501501123 -0.0083877360001498175 -0.049260230984509906 0.07221862342003392 0.062529429650787768 -0.048204435112403611 -0.043024048125626796 0.019691009510456096 -0.011316866444335065 -0.050144369381002113 0.021996044806459905 0.020868798643755997 -0.015847684636832445 -0.050160979353025298 -0.041122131193776716 -0.064578546310670323 0.063264406794262179 -0.022128394968916724 -0.025285981002691894 -0.044038172569933975 0.024396581507654672 0.0086162236898272987 0.0098378175774765861 0.12766272970551859 0.16816388662708548 -0.030147998265280002 0.077747172396644582 0.057874205172221249 0.056005453968713086 0.0048219448402502686 0.0073302005728547075 -0.0037536569503034815 -0.051346155735688209 0.061046639110850044 -0.0091093397637061601 -0.020198212960020386 -0.008496581303204874 -0.053465633553537173 -0.011335030579467949 -0.035475564198255573 0.0010262562778790832 0.093159868062300935 -0.016085250740441124 -0.2101372360167888 0.074067775564006608 -0.03544028431374837 0.066709885805070729 0.0097279148822836687 -0.055415863504609822 0.012085877492962457
leaf_weight=0.44579240478378945 0.26341967892449059 0.066353276921290671 0.2347812303250979 1.5821249043433452 0.76539318729692285 1.5869692110268261 5.5144425987118666 0.045904820452051354 0.095666277855343651 0.21901363949291408 0.16717436271346731 0.17146952210259769 0.22257537607401889 0.49916423250397235 0.1143050390528515 0.067671338245418156 0.087272562319412827 0.095849359819112911 0.1023769872590492 1.2560092073899793 0.19739830899106892 0.46316325069346931 0.078938809136161581 1.1595524038975777 0.98799130438237615 0.17217146612892953 0.44123741104476732 0.051300071470905095 0.17855074978433549 0.12667084010899998 0.064162027963902801 0.22833214952333947 0.14592375133906899 0.099347833814135811 0.49570509390559891 0.017071222187951207 0.0075887176590185837 0.39887610808364116 0.017535775896249106 0.035450066392513691 0.064768466867462848 0.18185572242418857 0.29506676540859189 0.35226050629444206 0.1159748685786326 0.058879920567051158 0.043209291572566144 0.15847663407839707 0.15777631064247544 0.015355189580077422 0.22244150931874174 0.019363581594916468 0.07438651787560957 0.019112160363874864 0.11110122500122077 0.002860899014194839 0.028772863488939038 0.052374309198057745 0.02211542953409662 0.94783612439550757 0.038118536525871605 0.12425805484417651
leaf_count=7612 5202 51 5895 55061 12177 180 10716 710 52 74 6442 5299 1370 5797 83 280 185 140 95 12290 1877 181 93 63788 5971 289 2059 44 238 94 71 833 737 300 8756 32 68 659 55 76 1279 2025 24791 9187 501 307 48 1728 1342 313 1251 67 1420 217 4044 62 120 195 359 18437 39 183
internal_value=0 -0.0356407 0.00912379 0.0268902 -0.0224889 -0.0353385 -0.0495024 -0.0204713 0.00144868 0.0141133 0.00577674 -0.0251999 -0.0105157 -0.00152001 -0.0154672 -0.00378723 0.0066516 0.00114072 -0.00366085 0.0091215 0.00862988 -0.0325412 -0.0356161 0.0108441 -0.00471435 -0.00815935 -0.0147328 -0.00732677 0.0122974 0.022039 0.0421521 -0.0184756 -0.00831683 -0.0319813 0.00104112 0.0160122 0.0122251 -0.0215334 -0.0194538 0.00430916 0.00112237 -0.0105564 -0.00646297 0.0145559 -0.0198809 -0.0106782 0.0388061 0.00823761 -0.0302377 -0.038473 0.00128409 0.0371595 -0.0366357 0.0132229 0.017126 0.0203003 0.016602 -0.0070491 0.0174628 0.0126879 -0.0188522 -0.00376042
internal_weight=0 12.5944 9.48269 3.55266 6.46267 3.11726 6.1317 1.53029 0.54341 0.447744 1.97054 0.617262 3.34541 5.93002 0.95004 0.612234 0.497928 4.97998 0.430257 2.10743 0.32788 0.986883 0.940978 1.73576 2.87255 3.08536 1.79961 1.25902 0.456134 0.404834 0.278163 0.802887 0.574554 0.540585 1.28576 0.520365 0.503294 0.477815 0.428631 0.0996121 1.88456 0.713477 0.462241 1.60827 0.512509 0.396534 0.130482 1.17108 0.329948 0.260046 0.300685 0.0782435 0.337806 0.200968 1.27351 1.16241 0.0986829 0.0699101 0.0374706 1.0126 0.22873 0.162377
internal_count=283847 55377 228470 160083 31750 2222 23627 2042 399 347 105022 12911 29528 68387 9190 2568 2485 59197 2205 27274 2110 1643 933 99127 31923 27486 6453 4094 523 479 385 3571 2738 2359 21033 8856 8824 752 2001 147 25952 4508 31233 21477 2266 1765 233 21444 1631 2042 1625 374 6622 2242 67894 63850 370 250 672 19716 273 222
is_linear=0
shrinkage=0.05


Tree=48
num_leaves=63
num_cat=0
split_feature=68 66 68 3 8 7 3 70 57 87 63 54 29 41 9 79 3 66 31 57 63 3 40 68 54 54 86 8 3 3 57 52 9 45 17 36 9 26 21 8 19 3 86 3 24 45 66 47 40 66 10 88 70 23 86 77 9 10 27 10 44 64
split_gain=4.20495 0.924966 0.660364 0.759435 0.367955 0.213271 0.173124 0.143351 0.129734 0.122651 0.09803 0.0884423 0.0883902 0.0883484 0.0939976 0.0880387 0.0866198 0.0835555 0.0833579 0.0780009 0.0756982 0.101044 0.0750041 0.0749899 0.0920216 0.0815469 0.120857 0.0744618 0.102935 0.0725584 0.0641464 0.0680673 0.0629878 0.0610323 0.0600365 0.0598739 0.0580526 0.0621895 0.0555618 0.0656786 0.0928216 0.0840134 0.0954224 0.0829334 0.061641 0.0517397 0.0694721 0.0503918 0.0591956 0.0500752 0.0494916 0.0493211 0.0486584 0.0760683 0.0482878 0.0488966 0.046529 0.0453242 0.0445365 0.063125 0.0557407 0.05414
threshold=0.58333333333333337 1.0000000180025095e-35 0.83333333333333337 2019.5000000000002 1.5000000000000002 0.50000000000000011 2019.5000000000002 2.5806468754254737 2.1497850888893741 1.0000000180025095e-35 1.0000000180025095e-35 1.83313261757028 -1.0000000180025095e-35 -0.6830127018922193 17.160254037844393 1.0000000180025095e-35 2019.5000000000002 235.26000000000005 1.0000000180025095e-35 1.5894202330606091 1.0000000180025095e-35 2018.5000000000002 -1.0000000180025095e-35 0.41666666666666669 1.4727969940722387 21.42527108128418 1.0000000180025095e-35 7.5000000000000009 2018.5000000000002 2018.5000000000002 -3.0509682619664171 -1.8218489294442179 -23.499999999999996 1.366025403784439 -0.93301270189221919 -4.592425496802573e-16 -10.500000000000004 -2.7554552980815443e-16 -1.2500000000000004 2.5000000000000004 0.68301270189221941 2020.5000000000002 1.0000000180025095e-35 2021.5000000000002 1.866025403784439 -1.0000000180025095e-35 3.0100000000000002 -14.294203520537971 0.6830127018922193 16.676666666666673 11.750000000000002 1.5000000000000002 1.0000060415221739 0.68301270189221941 1.0000000180025095e-35 1.5000000000000002 -3.5000000000000013 -12.500000000000002 1.0000000180025095e-35 4.7500000000000018 1.0000000180025095e-35 27.112500000000001
decision_type=2 2 2 2 2 2 2 2 2 2 2 2 2 2 2 2 2 2 2 2 2 2 2 2 2 2 2 2 2 2 2 2 2 2 2 2 2 2 2 2 2 2 2 2 2 2 2 2 2 2 2 2 2 2 2 2 2 2 2 2 2 2
left_child=1 6 20 7 5 8 11 17 9 12 22 32 49 -14 18 -11 51 36 -15 23 21 -2 -6 38 -25 26 -26 -24 -29 -9 34 35 -1 -21 -22 -32 -4 -38 -18 41 44 42 -40 -42 -41 46 -10 57 -49 -3 58 -12 53 -43 55 -13 -23 -36 60 -60 -39 -61
right_child=2 4 3 -5 10 -7 -8 29 45 15 16 54 13 14 -16 -17 19 -19 -20 33 30 56 27 24 25 -27 -28 28 -30 -31 31 -33 -34 -35 47 -37 37 50 39 40 43 52 -44 -45 -46 -47 -48 48 -50 -51 -52 -53 -54 -55 -56 -57 -58 -59 59 61 -62 -63
leaf_value=0.11271699072494941 -0.045691909448194901 0.085914320662804078 0.036443532634659645 0.053026036337348793 0.052941983735039146 -0.049362148073594458 -0.05210967156013873 -0.026073742979921318 0.058583620924978513 -0.0035699650039340601 0.0047147327711072285 0.042116347395832747 0.036691238091320209 -0.042919484153198649 0.014234166341341734 0.067901612248200724 0.074459617279652474 0.043101379880452428 0.030449417442818833 -0.029203879386222438 0.041717306504444669 0.083361095963790321 -0.048129119744692556 0.056444698200213396 -0.031517449588130263 0.050098121094082085 0.035882552151172163 -0.050105830749212377 0.053703272758224674 0.029923233047159555 0.049464213938572171 -0.0081522355052743405 -0.038617415242269165 0.058512726793884896 0.037100930302981956 0.0035029671654788572 0.034042411420009841 -0.0033503355995279345 0.13071742650071835 -0.016138394015356192 -0.030026206502969284 0.051937298033531754 -0.034828068670280848 0.082654008538172688 0.11916284431410987 -0.047533677807519686 -0.035680723004947443 0.017261627255129256 -0.019715156467821147 -0.0086859212430344512 0.032862602564952423 0.074288569325506815 -0.043291366035402928 -0.044532946426176966 -0.027708458375543227 -0.044534920248204414 -0.0014872415803350442 -0.0079790310635128783 0.048801466326034923 -0.087521026515617009 -0.044195132797753008 0.032019480410679965
leaf_weight=0.0069898686488157882 0.20168821759216182 0.029580342702502094 0.16482778671434051 1.5209034958511436 0.02459185373118089 1.339793581198137 5.4257842131428333 0.40530549599498034 0.028336150955510675 0.10061977106033737 0.78440314749423157 0.089580390445917146 0.055314744718998554 0.51029975383153214 0.10510934030298813 0.075355517437856179 0.017387862688338029 0.20590205717053311 0.041891595692504779 0.63915122692515058 0.12219723840189534 0.020441036922420608 0.32973240502997248 0.088957774583832361 0.2162233707786072 0.06675583306059707 0.096058962211827748 0.047571100931691035 0.04795005511459749 0.067480886333214585 0.075847574797080486 2.5067211658597448 0.4212204525842953 0.020465581766984542 0.060657406627797172 1.0773275050150912 0.15459757735970892 0.63236633382030105 0.016968951127637522 0.32877921699173385 0.023524162735157006 0.037611520750942873 0.017873468954348937 0.053392508707474917 0.0086391457880381495 0.47426786976029689 0.063007933911649161 0.888715957471504 0.12324590110347344 0.026539311613305472 0.10139286739922682 0.026328008758355281 0.34153730276375427 0.044742659767507575 0.066271529085952352 0.019896592464647256 0.077106331562390551 0.69023584207752708 0.082010052243731479 0.019420400331910059 0.096241929380539659 0.018489291902369587
leaf_count=11 5858 114 10777 54849 130 187 10724 15858 51 144 14287 2425 75 619 94 51 50 17610 90 3938 1446 209 3321 83 257 101 109 1228 791 2321 1084 20021 7536 72 893 15576 8809 33795 74 3397 188 79 83 246 17 614 118 11298 1000 32 6924 350 609 59 2791 113 689 10448 3683 407 3613 1271
internal_value=0 -0.0353793 0.00926794 0.0265493 -0.0217003 -0.0348403 -0.049283 0.00587791 -0.0219582 -0.0106192 -0.0102777 -0.0238893 -0.019239 -0.0239968 -0.029104 0.0270353 -0.00682997 0.0135563 -0.0373534 -0.0123756 -0.000989764 -0.0254856 -0.0319583 -0.0055258 0.0106787 -6.23332e-05 -0.010785 -0.036868 0.00200464 -0.0180813 0.000332167 -0.00352737 -0.0361471 -0.0264823 0.00782559 0.00652597 0.00876379 0.00463313 -0.0140423 -0.0158049 -0.00137507 -0.0288382 0.0457959 0.0481919 -0.0126742 -0.040897 -0.00643867 0.00547629 0.0127583 0.0411773 -0.000153166 0.0069741 -0.0349729 -0.000474556 0.00597686 0.0263682 0.0162927 -0.00433746 -0.00409831 0.0241373 -0.00874553 -0.0292188
internal_weight=0 12.1585 9.31312 3.46894 6.12876 2.85012 6.02974 1.94803 1.51032 0.94471 3.27865 0.603959 0.768735 0.712615 0.657301 0.175975 2.8288 1.47525 0.552191 2.01807 5.84418 0.299236 0.449845 1.35845 0.467996 0.379038 0.312282 0.425254 0.0955212 0.472786 5.54495 3.6599 0.42821 0.659617 1.88505 1.15318 1.26935 1.10452 0.890457 0.873069 0.414335 0.458734 0.0348424 0.0769167 0.337418 0.565612 0.0913441 1.76286 1.01196 0.0561197 0.949921 0.810731 0.423891 0.0823542 0.175749 0.109477 0.0975474 0.750893 0.848528 0.11992 0.728608 0.0379097
internal_count=283697 55258 228439 159917 31658 2189 23600 105068 2002 1219 29469 12876 1024 878 803 195 23999 86889 709 9362 68522 6756 5470 5352 550 467 366 5340 2019 18179 61766 36681 7547 4010 25085 16660 69279 58502 4802 4752 3848 904 157 434 3414 783 169 23639 12298 146 49693 14637 747 138 5329 2538 898 11341 42769 5361 37408 1678
is_linear=0
shrinkage=0.05


Tree=49
num_leaves=63
num_cat=0
split_feature=68 66 68 3 8 7 3 58 85 63 58 18 36 27 68 63 3 45 57 68 25 38 3 6 26 9 32 41 20 17 63 57 3 63 79 18 47 38 66 40 10 46 68 8 3 3 40 17 3 25 65 66 58 20 57 8 18 17 10 25 8 49
split_gain=3.89173 0.838272 0.617289 0.726568 0.426398 0.207049 0.177071 0.169058 0.133398 0.126883 0.0990353 0.0946514 0.103124 0.122028 0.1216 0.0913264 0.0868063 0.0876779 0.0989279 0.10523 0.105795 0.100317 0.081353 0.089588 0.0790349 0.076975 0.0800887 0.0674257 0.0708138 0.0674225 0.0664775 0.0645352 0.0652039 0.0960605 0.0887992 0.0902308 0.0649344 0.0624123 0.0648497 0.0683627 0.0618672 0.0773991 0.0575009 0.0564784 0.0790519 0.0564522 0.0545304 0.0574605 0.0535483 0.0551446 0.0531288 0.0545715 0.0508927 0.0522831 0.210265 0.169942 0.180189 0.0626698 0.0895956 0.0506935 0.0495752 0.0492545
threshold=0.58333333333333337 1.0000000180025095e-35 0.83333333333333337 2019.5000000000002 1.5000000000000002 0.50000000000000011 2019.5000000000002 30.167336488131372 1.0000000180025095e-35 6.5227272727272743 4.0290588536612226 -1.25 0.25000000000000022 0.25000000000000017 0.41666666666666669 1.0000000180025095e-35 2019.5000000000002 1.366025403784439 1.5894202330606091 0.41666666666666669 0.25000000000000022 -1.0000000180025095e-35 2017.5000000000002 0.50000000000000022 1.0000000180025095e-35 -23.499999999999996 1.0000000180025095e-35 -0.6830127018922193 -2.7554552980815443e-16 -1.8660254037844384 3.0416666666666674 0.73477261142757277 2021.5000000000002 14.7294696969697 1.0000000180025095e-35 0.6830127018922193 -8.9447580866398972 -0.5 12.350000000000003 -4.592425496802573e-16 -11.379165124598847 0.25000000000000017 0.41666666666666669 7.5000000000000009 2018.5000000000002 2019.5000000000002 0.25000000000000022 2.7990381056766584 2017.5000000000002 3.0616169978683831e-16 43.030000000000008 49.401666666666678 1869.2773187935816 -2.7554552980815443e-16 -4.3363032466708811 1.5000000000000002 -1.25 -0.93301270189221919 -12.000000000000004 0.93301270189221952 3.5000000000000004 -15.595938317765599
decision_type=2 2 2 2 2 2 2 2 2 2 2 2 2 2 2 2 2 2 2 2 2 2 2 2 2 2 2 2 2 2 2 2 2 2 2 2 2 2 2 2 2 2 2 2 2 2 2 2 2 2 2 2 2 2 2 2 2 2 2 2 2 2
left_child=1 6 10 9 5 7 25 8 11 48 22 -3 13 14 24 27 60 18 19 -18 21 -21 -2 30 -13 -1 52 -6 -29 -9 45 36 33 -33 35 40 -12 -11 39 -39 -34 -42 -31 -30 -45 -24 47 61 -4 -50 -23 -52 53 54 55 -27 -57 -58 -59 -55 -17 -38
right_child=2 4 3 -5 15 -7 -8 29 -10 37 31 12 -14 -15 -16 16 17 -19 -20 20 -22 50 23 -25 -26 26 -28 28 43 42 -32 32 34 -35 -36 -37 46 38 -40 -41 41 -43 -44 44 -46 -47 -48 -49 49 -51 51 -53 -54 59 -56 56 57 58 -60 -61 -62 -63
leaf_value=0.14312131417426482 -0.041460650070982291 -0.054205394567614078 -0.041792991214986676 0.052867615368780686 0.075089951132856159 -0.049142808414389762 -0.05200255279861226 0.028987317366484106 -0.053492141204141933 -0.018192153595877676 -0.00084920950988690935 0.020008916924290895 -0.050871332404061012 -0.037758012967593145 0.05751212896505601 -0.0050279896407807419 -0.016202423325552277 0.062548885803320228 -0.029410411073833194 -0.04350810768421183 -0.023862638387727259 0.05366212183057948 -0.019681253557884935 0.027122836050225141 -0.053674422001615346 -0.039425161772126315 0.036825763018993631 0.046979390720185123 -0.050165717498719967 -0.01758917298117206 -0.027974639099574813 -0.026537469532042203 -0.042218869136828083 0.003943721327490996 -0.052698769940944815 -0.052091991924208027 0.00017000019870234533 0.04255410345241982 0.020203451290139989 -0.011493862081043313 0.04649368947915223 -0.045688922958823576 -0.048391328185095665 -0.04839523091838438 0.045725734794460612 0.041140814850965796 -0.0073737157300424868 -0.10802281123722363 0.038520520708346995 -0.074007002365391997 -0.030446308410459422 0.045408317600804812 0.15015968002607091 -0.038850945939833868 -0.041000636353218101 0.65093088939007848 -0.053076688849521991 0.026232497590075163 0.51682883389547007 0.13780647626192605 0.019592034960389776 0.026858566729202473
leaf_weight=0.0068821900349574907 0.23988696698552114 0.062102518433675868 0.18170440692665613 1.4060275808710683 0.01443035967531614 1.4946165192459375 5.0209265397079434 0.035897433976060711 0.11995188462969963 0.17064144154210215 1.3050389246918712 0.15213778750785423 0.059917994043644285 0.079798488350206753 0.20012705649423879 0.41383546414817862 0.85199790702154155 0.03851660140298907 0.66113523784224515 0.042343752043962013 0.13629886713169981 0.19683316795999417 0.075727187561369647 0.14596548300505674 0.04783618288274738 0.0053730624185845963 0.047981750555663893 0.024893066787626594 0.30682791607114301 0.19934115469322933 0.3892972059566091 0.30527157435426522 0.038903055738046532 1.6861884521094905 0.15353511792272911 0.072138191426347475 0.22084275449560642 0.069836025497352239 1.0874048212140222 0.36062015803418024 0.11811876663159626 0.02820885712026211 0.63149935814726632 0.048479590589977306 0.041326069933347753 0.076883041459950618 0.22181318100865621 0.0086947613763185272 0.04681218921814434 0.014187001359459828 0.04664569361921167 0.048222811215964612 0.0038665499478156553 0.47295861878615331 0.043731286160891503 0.0027719385252567017 0.0021497958514373758 0.0017590700190339712 0.0019760668205890371 0.0040961262584460192 0.40415475127792888 0.79594123604783817
leaf_count=11 5554 45 5114 54879 20 199 10698 52 95 6691 16228 341 67 26 80 4872 4701 138 3981 71 104 257 1033 1029 52 47 910 32 3318 964 1286 1010 82 26480 366 108 3593 1890 78871 11520 627 49 272 1316 768 345 1747 26 879 69 48 84 234 10895 360 28 9 101 84 211 9811 9201
internal_value=0 -0.0348698 0.0083487 0.0255255 -0.0224389 -0.0357846 -0.0489496 -0.0232168 -0.00534395 0.00561888 -0.00139603 0.00425112 0.0109762 0.0186982 0.0299581 -0.00987824 -0.00660736 -0.0121673 -0.0136182 -0.00572255 0.0132611 0.0284085 -0.0163886 -0.00764505 0.00238297 -0.0231238 -0.025074 -0.0311859 -0.0348241 -0.0381024 -0.01701 0.00141131 -0.00447048 -0.000728751 -0.0226049 -0.00465216 0.0069475 0.0104779 0.013701 -0.00272527 0.0138233 0.0287228 -0.0410011 -0.0399582 -0.00508338 0.0109601 0.0151052 0.0199674 -0.0281853 0.0123492 0.038848 0.00811152 -0.0305876 -0.0318943 0.0130334 0.181457 0.318553 0.161995 0.285782 -0.0373341 0.00713634 0.0210619
internal_weight=0 11.9736 9.21969 3.33723 6.35917 3.08323 5.61447 1.58861 0.721872 1.93121 5.88245 0.60192 0.539818 0.4799 0.400101 3.27594 2.83998 2.02199 1.98348 1.32234 0.470344 0.334045 0.92776 0.687873 0.199974 0.593546 0.586664 0.435957 0.421527 0.866738 0.541907 4.95469 2.40236 1.99146 0.410904 0.257369 2.55233 1.6885 1.51786 0.430456 0.185231 0.146328 0.830841 0.396634 0.0898057 0.15261 1.24729 1.02548 0.242704 0.0609992 0.291702 0.0948685 0.538683 0.534816 0.0577612 0.0140299 0.00865687 0.00588493 0.00373514 0.477055 0.81799 1.01678
internal_count=283979 55302 228677 159913 31714 2193 23588 1994 706 105034 68764 611 566 499 473 29521 24067 9384 9246 5265 564 460 9247 3693 393 12890 12879 5454 5434 1288 2664 59517 28722 27490 1232 866 30795 98972 92281 13410 758 676 1236 5402 2084 1378 14567 12820 6062 948 389 132 11969 11735 629 269 222 194 185 11106 14683 12794
is_linear=0
shrinkage=0.05


Tree=50
num_leaves=63
num_cat=1
split_feature=69 66 69 8 1 56 79 29 86 17 87 63 54 67 10 77 9 17 71 57 60 0 63 19 8 70 8 58 8 77 70 86 10 79 39 17 21 26 43 57 8 70 66 15 31 90 79 50 59 8 58 1 70 91 66 36 58 57 4 26 39 57
split_gain=3.59651 0.878563 0.563072 0.359198 0.220711 0.207045 0.129323 0.133765 0.118848 0.107154 0.112745 0.0997725 0.0813148 0.0891174 0.0771347 0.0729246 0.0708414 0.0926886 0.0687018 0.0667279 0.0641492 0.0634986 0.0761944 0.075908 0.0633902 0.0597284 0.0572974 0.0552711 0.0785656 0.0566514 0.0548327 0.051315 0.0504468 0.0503301 0.0480037 0.0672953 0.0477199 0.0470899 0.0467896 0.0460767 0.102391 0.0732077 0.0459761 0.045526 0.0431737 0.0414793 0.0560186 0.0459323 0.044551 0.040838 0.117333 0.0901904 0.0657388 0.0784315 0.0772764 0.0637247 0.0536428 0.0657405 0.0622644 0.0512553 0.0479544 0.0456265
threshold=0.58333333333333337 1.0000000180025095e-35 0.83333333333333337 1.5000000000000002 3.5000000000000004 0.48061083993311587 2.5000000000000004 -1.0000000180025095e-35 1.0000000180025095e-35 -1.8660254037844384 1.5000000000000002 1.0000000180025095e-35 0.45787514843552302 145.14500000000001 13.928203230275512 1.0000000180025095e-35 13.428203230275512 2.7990381056766584 -0.42048683735389569 0.90413262544637962 -2.916267802497897 0 10.174242424242426 1.866025403784439 1.5000000000000002 0.80907766525515101 7.5000000000000009 19.280033719082727 6.5000000000000009 1.5000000000000002 0.66097228200410785 1.0000000180025095e-35 -2.2962127484012868e-15 1.0000000180025095e-35 0.93301270189221952 1.866025403784439 0.25000000000000022 -0.5 1.8369701987210299e-16 -4.0053661616161653 5.5000000000000009 8.1057854129783848 61.31333333333334 1.6160254037844388 -0.6830127018922193 1.0000000180025095e-35 1.0000000180025095e-35 -8.3504728239561938 -0.17079352850539162 1.5000000000000002 38.442128440792139 5.5000000000000009 2.0000978760888719 1.0000000180025095e-35 5.698333333333335 -0.5 72.098582031215997 12.304242821310002 0.93301270189221952 -1.0000000180025095e-35 -1.0000000180025095e-35 0.73477261142757277
decision_type=2 2 2 2 2 2 2 2 2 2 2 2 2 2 2 2 2 2 2 2 2 9 2 2 2 2 2 2 2 2 2 2 2 2 2 2 2 2 2 2 2 2 2 2 2 2 2 2 2 2 2 2 2 2 2 2 2 2 2 2 2 2
left_child=1 -1 12 4 -3 -4 7 32 15 -9 19 18 13 45 16 38 20 34 -5 25 31 22 24 -24 -14 30 -16 28 29 37 -11 36 -6 -33 -18 -36 -13 -22 42 40 -23 44 -7 -29 -41 46 47 -2 -49 50 52 -52 53 54 -46 -51 57 59 -59 -57 -53 -61
right_child=2 3 5 11 6 8 -8 9 -10 10 -12 14 21 -15 26 -17 17 -19 -20 -21 27 39 23 -25 -26 -27 -28 43 -30 -31 -32 33 -34 -35 35 -37 -38 -39 -40 41 -42 -43 -44 -45 49 -47 -48 48 -50 55 51 60 -54 -55 -56 56 -58 58 -60 61 -62 -63
leaf_value=-0.048796588496902764 0.020486947336527218 -0.048693449460739703 -0.025198598456593075 0.021687053873013201 0.014442212817145576 0.012658340063773504 0.065889739326936772 0.050758722410935632 0.045635226888022205 -0.012312743504985251 0.054574361557516105 -0.006960572724295646 -0.061509503573224482 0.052858376335740323 -0.039392528797399295 0.032886877174738115 -0.028639686907795121 0.065840497801797362 -0.039481636216987887 -0.046591673165020213 -0.034712919615902414 0.027464096440268218 -0.036242219087264625 0.067601071411199906 0.0092775531364238349 -0.030504385610313597 0.0466065893237472 -0.0049709288607346948 -0.009488123744833982 0.08847348799689092 0.054604596788809391 -0.012842808902339842 0.10344421456604705 0.041453631736345524 0.038672080830594653 -0.054397919274766927 -0.036972223250457258 0.029621889805617377 -0.0084030450903653867 0.034364031487214564 -0.0043000015655714147 -0.037391025507129673 0.034988893063565056 0.15732449027341611 0.072986320448863981 -0.039530720652531909 -0.032543498106219003 -0.045978907722163814 -0.0004428099406492839 0.050495368194752845 -0.043494455155649349 -0.023705080867432463 -0.056369938606473026 -0.04960482947446871 -0.01769041516050901 0.031408725224145236 -0.0099521211507043426 0.050380880723152582 -0.024491964876962535 0.014254101978073334 0.070441607037905057 -0.0053143286440146525
leaf_weight=5.2881183150057058 0.14897212025289264 1.3298818904740985 0.1936981259768803 0.052333488602016587 0.050239614822203293 0.8484450622004267 0.042254087207766022 0.043163485010154434 0.73516628579500309 0.1314058778398246 0.038743649820389581 0.45408997472986889 0.037567437742836551 0.045610398563439958 0.23296267329260434 0.99108174923776449 0.49639308122868886 0.031281798237614566 0.3736341204962631 0.47773596796923812 0.030755739877349697 0.8126523073251517 0.81753805391508649 0.017985446727834642 0.19999924144394754 0.55398532542130852 0.0211243511594148 0.47225462189408063 0.17265725643619589 0.038174207553311135 0.039910371636324271 0.082868319575027272 0.023307326056965283 0.088006362480882672 0.064471364183191326 0.027796365349786356 0.18699690449375339 0.37825134646845959 0.18406103324241474 0.13930193732449092 0.36885923293993983 0.095050101986998814 0.31648130741086788 0.0043609280728560398 0.041841710653898523 0.18846802993721212 0.22841671743708503 0.077840586916863685 0.17329789287032138 0.086879902465627601 0.030972646991358488 0.016268366388430877 0.11384137316781562 0.063616826141696947 0.053588562482218549 0.18605969286545709 0.38708474991926767 0.16466601828142291 0.033399146220290277 0.52838044254803784 0.080227292414747353 0.68285010797626455
leaf_count=23663 1575 193 5354 70 69 35140 46 69 30039 316 55 5495 20 539 1184 59146 3328 56 5379 654 124 9693 5322 11 765 609 593 5367 2903 132 33 899 157 501 355 20 958 2057 9232 3373 9785 355 20739 52 116 2062 4048 634 1224 1500 116 83 101 148 108 2094 5516 4563 583 5210 549 8212
internal_value=0 -0.0339738 0.00833424 -0.0207757 -0.0341045 0.0249405 -0.0202536 -0.022933 0.0280985 -0.0266866 -0.0293786 -0.0094317 -0.000991029 -0.0151595 -0.00598181 0.0225891 -0.00334272 -0.0180271 -0.0319666 -0.0320823 0.00142744 0.00147372 -0.00260711 -0.0340069 -0.00191631 -0.0225253 -0.0322427 0.00931607 0.01916 0.0302211 0.00327653 -0.00922519 0.0426473 0.0151217 -0.0224839 0.010634 -0.0157146 0.0247842 0.0150235 0.00260533 0.0175476 0.00571139 0.018725 -0.00348596 0.0072817 -0.0189567 -0.0127874 -0.00150903 -0.0145568 0.00575412 -0.00886336 0.0307414 -0.0273631 -0.00660077 0.0220671 0.0085822 0.00674537 0.0107967 0.0377553 0.00697536 0.0545693 0.00322209
internal_weight=0 11.2272 9.09017 5.93904 2.73063 3.26893 1.40075 1.35849 3.07524 1.28494 1.24178 3.20841 5.82124 0.862606 2.78245 2.34007 2.52836 0.619943 0.425968 1.20304 1.90842 4.95863 1.07309 0.835524 0.237567 0.725302 0.254087 1.09645 0.619839 0.447181 0.171316 0.811962 0.0735469 0.170875 0.588661 0.0922677 0.641087 0.409007 1.34899 3.88554 1.18151 2.70403 1.16493 0.476616 2.60898 0.816995 0.628527 0.400111 0.251138 2.46968 0.400357 0.127468 0.272888 0.159047 0.0954303 2.06932 1.98244 1.59536 0.198065 1.39729 0.0964957 1.21123
internal_count=283292 55337 227955 31674 2201 159650 2008 1962 154296 1736 1667 29473 68305 10082 24024 124257 22247 3759 5449 1612 18488 58223 6118 5333 785 958 1777 10635 5216 2313 349 7853 226 1400 3703 375 6453 2181 65111 52105 19478 32627 55879 5419 32272 9543 7481 3433 1858 28899 1221 748 473 372 224 27678 26178 20662 5146 15516 632 13422
cat_boundaries=0 22
cat_threshold=0 83918848 1074790400 0 0 0 0 0 0 16 524288 131600 262144 0 290031617 4194324 32 18350080 67174400 5 512 1024
is_linear=0
shrinkage=0.05


Tree=51
num_leaves=63
num_cat=1
split_feature=69 66 69 8 7 58 21 86 29 17 63 77 57 35 87 54 41 32 21 0 71 10 9 23 20 35 66 35 38 10 26 19 8 60 60 63 10 36 63 32 8 63 1 66 81 20 58 15 8 58 24 71 17 55 44 39 54 57 23 57 19 81
split_gain=3.49756 0.837494 0.54377 0.378716 0.203162 0.188735 0.125565 0.113801 0.103623 0.102138 0.0874537 0.0779326 0.0776163 0.0733199 0.0795308 0.0679206 0.0672357 0.0697159 0.0744399 0.0664613 0.0625928 0.0616591 0.0774497 0.0708662 0.0634844 0.0691911 0.0901356 0.0623555 0.05946 0.0583366 0.0582656 0.0559886 0.0559759 0.0545541 0.0524785 0.0522203 0.0515202 0.0506765 0.0498302 0.0489434 0.0597489 0.121055 0.136617 0.0892892 0.0848333 0.095507 0.0753406 0.0744038 0.0828087 0.105428 0.0954302 0.0926804 0.0779788 0.0805934 0.0665526 0.0681493 0.0631855 0.060837 0.0567193 0.0530784 0.0492279 0.0505364
threshold=0.58333333333333337 1.0000000180025095e-35 0.83333333333333337 1.5000000000000002 0.50000000000000011 1.9272004741461413 -1.0000000000000002 1.0000000180025095e-35 -1.0000000180025095e-35 -1.8660254037844384 1.0000000180025095e-35 1.0000000180025095e-35 0.90413262544637962 0.93301270189221952 1.0000000180025095e-35 0.3515824811584965 -0.6830127018922193 -1.0000000180025095e-35 1.0000000180025095e-35 0 -0.42048683735389569 13.928203230275512 9.7631397208144151 0.93301270189221952 1.0000000180025095e-35 1.6160254037844388 29.638333333333339 0.68301270189221941 -0.5 1.5001923289555077e-15 0.93301270189221952 1.866025403784439 3.5000000000000004 -2.916267802497897 -12.181397573999197 3.0416666666666674 -12.000000000000004 -4.592425496802573e-16 27.002727272727274 0.6830127018922193 1.5000000000000002 39.533484848484854 5.5000000000000009 6.0900000000000007 1.5000000000000002 -2.7554552980815443e-16 4.0290588536612226 -1.0000000000000002 4.5000000000000009 72.098582031215997 0.6830127018922193 0.042783560510868963 2.7990381056766584 -2.9719128998322977 1.0000000180025095e-35 0.93301270189221952 0.60368839776872441 2.8453587656888213 -1.0000000000000002 10.785954084060577 -0.6830127018922193 1.0000000180025095e-35
decision_type=2 2 2 2 2 2 2 2 2 2 2 2 2 2 2 2 2 2 2 9 2 2 2 2 2 2 2 2 2 2 2 2 2 2 2 2 2 2 2 2 2 2 2 2 2 2 2 2 2 2 2 2 2 2 2 2 2 2 2 2 2 2
left_child=1 -1 15 4 6 -4 -3 11 -8 -10 20 -7 13 14 16 37 -11 18 -18 31 -5 22 27 32 -24 26 29 30 -13 34 33 -17 -23 -12 -26 -21 -35 -2 -29 40 41 43 -43 44 45 -37 -47 -42 49 50 52 56 53 -49 55 58 -52 -57 -55 -50 61 -44
right_child=2 3 5 10 -6 7 8 -9 9 12 21 28 -14 -15 -16 19 17 -19 -20 35 -22 23 24 -25 25 -27 -28 38 -30 -31 -32 -33 -34 36 -36 39 -38 -39 -40 -41 47 42 60 -45 -46 46 -48 48 59 -51 51 -53 -54 54 -56 57 -58 -59 -60 -61 -62 -63
leaf_value=-0.048515750371899841 -0.041787099799847099 0.051332491095099159 -0.024705777851170441 0.019735192610267811 -0.049207674553592345 0.013883757534323027 0.034464579437569622 0.044561340907646275 0.046197487063275998 0.028913549324266399 -0.014125122431897848 -0.0038750154855604611 -0.046035124874863081 0.03149226076273514 0.019766917508197861 -0.025322366644771738 0.058711232798882441 -0.042748878046590659 -0.052594693796748908 0.062519168046650295 -0.038725443156910011 -0.048915804519191038 -0.023195922676887231 0.1052332785069837 -0.041671914138081002 -0.055722902741073013 -0.026297779914142057 0.054226967245222107 0.036597450395200452 0.09201012221882858 0.044575457464854501 0.065941280312596301 0.010054826974169108 -0.039340839618508816 0.051023092594778247 -0.056259167329963437 0.0092039552552224419 -0.0090700007814064672 -0.0091284079905381132 -0.0096153482946282967 -0.065727253116964396 -0.050522567781935784 0.062441529609569751 -0.052279122326040095 -0.052305211478697412 -0.017604133869252556 0.098004268011268825 0.056430802325954633 -0.00024510395726563681 0.00021850246825807151 0.079156032629706052 0.047186214765177266 -0.099587796667872763 -0.042800450515685456 -0.027960562497959859 0.055648547414339056 -0.034227761457870369 -0.072775278991203604 0.042109794508240629 0.025844791119449196 0.050747207724236389 -0.037959723543683752
leaf_weight=5.3167007615181792 0.14526587331693008 0.056422389112413041 0.18618020986605222 0.052639381610788405 1.2910498597225342 1.3317766407571987 0.069946562596669426 0.71722816199644501 0.044725892888891283 0.042430486649209009 0.59804566914408552 0.10114458668795123 0.49556489064934794 0.06217749122697569 0.085788425117243605 1.2574929751626767 0.036926023711202571 0.48898289388853355 0.025322404671896948 0.045129032210752817 0.35170168548984326 0.18044630029089592 0.68024747684830789 0.0092671341262757778 0.023547655262518674 0.035300792253110558 0.064139014837564901 0.097638829311108455 0.88302109265873685 0.04506859657158202 0.068503084108669898 0.017032849718816467 0.051790827533295669 0.058873968224361861 0.043430336135315883 0.022963495470321504 0.76275217624151948 0.63896979925766384 0.045498345611122204 0.34205922617093154 0.02953510565203199 0.055962683978577843 0.019041844581806799 0.15890185954413028 0.045668265091080684 0.020426376009709979 0.045448313027009135 0.3717803961581011 1.0353312558754622 0.40731413258799865 0.013587521956651472 0.069217796703014756 0.010311371297575533 0.020688657251412113 0.051669396524630429 0.013918696135988284 0.12840122254146991 0.02732790311165445 0.39849126653461919 0.24016749557176797 0.16428130688200326 0.036668508526418009
leaf_count=23684 2344 60 5529 69 199 65627 215 30205 68 68 6484 3361 671 44 136 5350 109 586 36 353 5341 561 4773 38 154 45 195 367 55534 122 381 11 1174 490 307 13 8378 7289 560 5782 61 247 122 252 38 23 167 4619 21835 4223 34 664 10 110 556 141 616 181 5476 6517 1363 179
internal_value=0 -0.0341418 0.00766344 -0.0211188 -0.0348813 0.0241587 -0.0217476 0.0271581 -0.0247977 -0.0280313 -0.00939552 0.0217684 -0.0307147 -0.0204774 -0.0252332 -0.00144056 -0.0317361 -0.0364045 0.0134324 0.000685874 -0.0311147 -0.00621888 -0.00390865 -0.0303544 -0.0157573 0.00816915 0.0209707 0.00256824 0.032438 0.0480286 -0.000463471 -0.00272468 -0.0357649 -0.00263672 0.018434 0.00248161 0.00572546 -0.0151303 0.0340885 0.00840965 0.01023 -0.00454331 0.0192297 -0.0269021 0.00307751 0.0315476 0.0621565 0.0132151 0.0140513 0.0219637 0.0299764 -0.00025201 0.0371163 0.0387111 0.0258466 0.0318849 -0.0233776 -0.0294386 0.037919 0.00466744 0.0369736 -0.00364249
internal_weight=0 11.1849 9.05241 5.86823 2.69934 3.21935 1.40829 3.03317 1.35187 1.28192 3.16889 2.31594 1.23719 0.741628 0.67945 5.83305 0.593662 0.551231 0.0622484 5.04882 0.404341 2.76455 2.52305 0.241504 0.891734 0.211486 0.176186 1.63131 0.984166 0.112047 1.48817 1.27453 0.232237 1.41967 0.066978 3.77429 0.821626 0.784236 0.143137 3.72916 3.3871 0.569363 0.275954 0.293408 0.134506 0.0888382 0.0658747 2.81774 2.78821 1.51271 1.10539 0.211207 0.894188 0.883876 0.512096 0.460427 0.141989 0.0412466 0.41918 1.2755 0.219992 0.0557104
internal_count=284147 55315 228832 31631 2192 160256 1993 154727 1933 1718 29439 124522 1650 979 935 68576 799 731 145 58943 5410 24029 22256 1773 5596 823 778 16660 58895 583 15733 5361 1735 15352 461 53582 8868 9633 927 53229 47447 2404 1911 493 241 203 190 45043 44982 16630 12407 1314 11093 11083 6464 5908 650 322 5586 28352 1664 301
cat_boundaries=0 22
cat_threshold=0 83918848 1074790404 134217728 0 0 2048 0 0 16 4718592 16 0 0 357042177 20 0 18350080 67305472 21 512 1024
is_linear=0
shrinkage=0.05


Tree=52
num_leaves=63
num_cat=1
split_feature=68 66 68 3 77 3 90 9 8 10 3 70 66 67 67 68 56 11 54 37 9 66 20 40 3 54 86 8 8 38 54 3 3 20 0 14 8 64 8 64 49 70 9 19 3 9 59 3 84 8 77 3 21 27 8 20 66 3 48 79 38 18
split_gain=3.21044 0.90594 0.486352 0.72553 0.440248 0.210162 0.16711 0.15683 0.146094 0.141126 0.128382 0.112999 0.103696 0.104547 0.0986588 0.123876 0.24009 0.095822 0.093491 0.0919976 0.0841268 0.0823067 0.0792443 0.0728359 0.0757715 0.072274 0.0720295 0.0692138 0.0639633 0.0628238 0.0617364 0.0900342 0.0607938 0.266144 0.0602582 0.110752 0.0937542 0.163895 0.130926 0.0675715 0.0600419 0.0585048 0.077462 0.0579746 0.0578327 0.0572917 0.0553554 0.0547497 0.0510766 0.0748247 0.0508939 0.0494096 0.0488627 0.0724283 0.0649204 0.0650778 0.0805687 0.0551488 0.047385 0.0460932 0.0458058 0.0493092
threshold=0.58333333333333337 1.0000000180025095e-35 0.83333333333333337 2019.5000000000002 1.5000000000000002 2019.5000000000002 1.0000000180025095e-35 -16.227241335952161 1.5000000000000002 13.928203230275512 2020.5000000000002 2.4685540264468053 206.05500000000001 628.54500000000019 50.025000000000006 0.41666666666666669 19.076146790065341 0.25000000000000011 0.60368839776872441 0.25000000000000022 21.325317547305488 85.676666666666691 -0.68301270189221941 1.0000000180025095e-35 2021.5000000000002 0.092656490308637915 1.0000000180025095e-35 7.5000000000000009 10.500000000000002 0.25000000000000022 0.23434337469832447 2017.5000000000002 2010.5000000000002 -2.7554552980815443e-16 0 -0.86602540378443849 1.5000000000000002 20.050000000000004 4.5000000000000009 32.025000000000006 -93.160103568875272 0.73172474614556082 23.500000000000004 0.93301270189221952 2020.5000000000002 -23.499999999999996 -0.20434903263630974 2018.5000000000002 1.0000000180025095e-35 5.5000000000000009 1.5000000000000002 2021.5000000000002 -0.6830127018922193 -1.0000000180025095e-35 2.5000000000000004 -2.7554552980815443e-16 3.3450000000000006 2020.5000000000002 -36.874379273638695 1.0000000180025095e-35 -0.68301270189221941 -1.8660254037844382
decision_type=2 2 2 2 2 2 2 2 2 2 2 2 2 2 2 2 2 2 2 2 2 2 2 2 2 2 2 2 2 2 2 2 2 2 9 2 2 2 2 2 2 2 2 2 2 2 2 2 2 2 2 2 2 2 2 2 2 2 2 2 2 2
left_child=1 5 34 11 6 18 9 -6 -9 12 17 21 14 -14 15 30 46 -8 32 43 22 48 -10 25 -25 -16 50 -11 29 40 -3 -32 33 -1 35 44 37 -37 -38 -40 -24 -36 -43 -12 -2 -34 -17 -13 49 58 -20 -31 53 -33 55 56 -54 -55 -4 -15 61 -23
right_child=2 4 3 -5 7 -7 10 8 20 27 19 47 13 59 23 16 -18 -19 26 -21 -22 60 28 24 -26 -27 -28 -29 -30 51 31 52 45 -35 41 36 38 -39 39 -41 -42 42 -44 -45 -46 -47 -48 -49 -50 -51 -52 -53 54 57 -56 -57 -58 -59 -60 -61 -62 -63
leaf_value=0.29373212060845749 0.059295596756562256 -0.02783872948424472 -0.034093665148816697 0.05259569026416714 0.044364066694871022 -0.051724793894993897 -0.0053729713604450833 -0.049862063531835497 0.071714834537096081 -0.041642309810199646 -0.045167724343637083 -0.024910481941299505 0.20237703129397075 -0.031193969518141403 0.11502246695374947 0.023002272989227524 -0.041438126645790829 0.11182562695418403 0.052024659150898614 0.035415242970559452 0.038619442376228108 -0.23536579959947695 0.055017840848011285 -0.024255754715709024 0.097032496303706681 -0.028000065580709201 -0.025701327724457202 0.064857260941333733 0.10019244257989486 -0.026840230439164982 0.025702814681521316 0.15012104053006078 0.091666960764917704 -0.051692007013450982 0.002255247784265699 -0.038646655814357229 0.067198548343732137 0.063473439408678098 -0.0028366422395565715 0.066577615931195142 -0.044148534645904264 -0.010741442290771374 0.077443804062521174 0.023585082535804356 -0.019086285026915156 -0.044311161337481586 0.060345361490439078 0.024001369647478926 -0.008403501581119039 0.041454909554684699 -0.036659073888884973 0.076342486823923861 0.047944901667457421 -0.029277694190039939 0.003053031430401947 -0.038523612301698956 -0.040493898311262044 0.068450110539794037 0.0099946917509705514 0.097413604375521795 0.038281700365482438 -0.0082241015301593966
leaf_weight=0.007409288224152987 0.028763941572833573 0.2063675599856668 0.073136961667387146 1.285435837040495 0.055179649803903996 4.4925469664294724 0.2514839832679171 1.3327055268709949 0.019984567188657709 0.27476968232895149 0.65389429732067583 0.39274701425210867 0.012264471850357839 0.015290900755644543 0.0090017515467478715 0.17822270232136361 0.10398430818167981 0.018740201165201142 0.089570335813732527 0.040712734485168767 0.057562529022106901 0.0027100786555820369 0.015948846543323958 0.025397962911483773 0.026119365795238991 0.47147090771250078 0.083343670529757219 0.016152710508322343 0.0092090642974653747 0.02465363343435456 0.29560818573099801 0.01124733374126663 0.0079497501719743013 0.02254141875164517 1.2995762865548366 0.087198548892956751 0.38761787529119829 0.071512057697873388 0.13213191110662592 0.047721979308334994 0.35541375873435799 3.5653132088464194 0.025077289701584848 0.032170268763366039 0.12941192060861795 0.30265891149383606 0.22392455994850013 0.06696834139074781 0.46120022775176039 0.17323147009892637 0.019743774944799952 0.021915818913839757 0.05731636738346424 0.034407359169564611 0.45427203835743057 0.26208986909841636 0.046763835220190231 0.024870114986697445 0.36557204861856052 0.012798168661902309 0.29756056343012449 0.020187107252240821
leaf_count=49 470 3669 3630 54815 67 10732 3811 384 32 1032 1478 16292 43 69 7 106 63 240 2489 159 103 71 105 271 96 2407 4156 315 153 161 6920 26 11 557 24997 130 2827 387 1419 2007 1931 35954 191 174 327 5562 143 2460 19903 15716 121 52 84 309 6229 494 97 106 17242 436 28479 1110
internal_value=0 -0.0327576 0.00788911 0.0237309 -0.019024 -0.0482023 -0.00912275 -0.0386916 -0.0411859 -0.00278952 -0.0266699 0.00371061 0.00108796 0.0805823 -0.000231573 0.00509957 0.0262845 0.00275482 -0.0185239 -0.0376103 -0.0182751 0.0108016 -0.0255996 -0.0192625 0.0372376 -0.0253205 0.00931203 -0.0357292 -0.0301527 -0.0330248 -0.00259807 0.00179176 -0.034271 0.03376 -0.000722012 0.00268776 0.041338 0.00736677 0.0508391 0.0155816 -0.0398897 -0.00224471 -0.0101255 -0.0419438 -0.00483271 -0.0408309 0.0437957 -0.0177853 0.0041615 0.0136313 0.036007 0.0217181 -0.00614154 0.033796 -0.00957455 -0.0252404 0.00820884 0.0117244 0.00264474 0.0274033 0.0330379 -0.0351083
internal_weight=0 10.6777 8.91307 3.13875 5.65192 5.02576 3.75934 1.89257 1.83739 2.76234 0.997001 1.85331 2.47142 0.0403535 2.43106 1.89907 0.506132 0.270224 0.533217 0.726777 0.504688 1.3936 0.447126 0.53199 0.0515173 0.480473 0.192658 0.290922 0.427141 0.417932 1.39294 1.18658 0.340559 0.0299507 5.77433 0.884358 0.726182 0.158711 0.567472 0.179854 0.371363 4.88997 3.59039 0.686065 0.158176 0.310609 0.402147 0.459715 1.07314 0.61194 0.109314 0.0465695 0.890967 0.0705248 0.820442 0.36617 0.10408 0.0592775 0.438709 0.0280891 0.320458 0.0228972
internal_count=283876 55449 228427 159718 31772 23677 28784 2988 2921 22922 5862 104903 21575 548 21027 18246 312 4051 12945 1811 2537 86151 2434 2781 367 2414 6766 1347 2402 2249 17934 14265 6179 606 68709 7567 6770 517 6253 3426 2036 61142 36145 1652 797 5573 249 18752 56491 36588 2610 213 7345 441 6904 675 181 415 20872 505 29660 1181
cat_boundaries=0 22
cat_threshold=524288 838860800 0 0 0 67112960 12288 524288 5120 8388608 1024 1081344 218234880 20512 134479872 8392704 536872960 0 0 0 160 536870912
is_linear=0
shrinkage=0.05


Tree=53
num_leaves=63
num_cat=0
split_feature=67 68 18 68 10 56 22 86 10 20 60 37 68 77 20 54 67 67 10 47 45 58 9 9 9 65 15 38 41 9 32 58 10 55 15 70 50 21 58 58 71 55 24 18 25 56 77 60 38 37 56 9 64 51 39 49 1 68 68 50 44 67
split_gain=2.97701 1.01581 0.406687 0.170414 0.176897 0.169289 0.136498 0.115338 0.107077 0.0928093 0.0862963 0.0821791 0.078702 0.0744836 0.0740775 0.0720781 0.0815128 0.0797345 0.124606 0.0685811 0.0678293 0.0730065 0.0635925 0.0613786 0.157137 0.0552141 0.0721605 0.0528342 0.0506866 0.0814688 0.049922 0.0486538 0.0625617 0.0482093 0.0481318 0.0621058 0.0475068 0.0704639 0.0473504 0.0460509 0.0433363 0.0431195 0.0704201 0.0864995 0.0568709 0.0478757 0.0425061 0.0455552 0.0422033 0.0475319 0.0424198 0.0633315 0.0413827 0.0408327 0.0407816 0.0403962 0.0429539 0.0426335 0.0397607 0.0657645 0.0393802 0.0518628
threshold=1.0000000180025095e-35 0.83333333333333337 1.2500000000000007 0.58333333333333337 7.8971143170299758 1.1214846915384937 1.6160254037844388 1.0000000180025095e-35 -7.8971143170299714 -0.68301270189221941 4.6623241195069918 1.866025403784439 0.58333333333333337 1.0000000180025095e-35 -1.0000000000000002 1.1277219093604407 296.44500000000005 48.790000000000006 -6.7141016151377562 -2.8423684366625981 -0.93301270189221919 141.5675623461446 -8.2500000000000018 16.227241335952172 18.09326673973661 107.08500000000002 -1.0000000180025095e-35 -0.5 -0.6830127018922193 -19.959292143521036 0.6830127018922193 3.3447989210925715 -13.428203230275507 -3.3335850619557275 1.6160254037844388 2.5806468754254737 -2.6741202485854454 -0.6830127018922193 0.97984183187507934 61.678067917056815 0.7560299507862841 -2.7454250379813354 0.6830127018922193 1.0000000180025095e-35 1.8369701987210299e-16 7.4171530274663331 1.0000000180025095e-35 -12.181397573999197 -0.5 1.6160254037844388 2.855770334290217 -17.160254037844378 49.960000000000008 -4.9819162317044876 0.93301270189221952 -3.2775550643460245 11.500000000000002 0.41666666666666669 0.41666666666666669 -46.603539666862069 1.0000000180025095e-35 14.900000000000002
decision_type=2 2 2 2 2 2 2 2 2 2 2 2 2 2 2 2 2 2 2 2 2 2 2 2 2 2 2 2 2 2 2 2 2 2 2 2 2 2 2 2 2 2 2 2 2 2 2 2 2 2 2 2 2 2 2 2 2 2 2 2 2 2
left_child=-1 2 3 4 8 -3 20 13 9 14 38 15 58 60 -2 16 25 48 -19 22 36 23 -14 -22 -25 26 -10 -15 29 -11 -8 -16 -33 -31 40 -36 37 -6 -5 53 -20 42 43 44 -40 46 -43 -48 -17 50 -50 -52 -46 -12 -27 56 57 -28 59 -4 -7 -62
right_child=1 5 12 10 6 7 30 -9 11 28 39 -13 19 27 31 17 -18 18 34 -21 21 -23 -24 24 -26 54 55 -29 -30 33 -32 32 -34 -35 35 -37 -38 -39 41 -41 -42 45 -44 -45 52 -47 47 -49 49 -51 51 -53 -54 -55 -56 -57 -58 -59 -60 -61 61 -63
leaf_value=-0.048102383482641606 -0.042051425906017313 -0.017564315524959937 0.079063290251752572 -0.02520653898536715 0.20439255993194025 0.016446600453802831 0.057569631157176421 0.044769097885386938 0.05180760253722299 -0.02335540276232868 0.022557113818672491 0.13599627876067305 0.071589268543633816 -0.0032369275620213718 0.11330815925005733 -0.025980471600471802 0.088639371779443588 0.10174640670374838 -0.037083354921481709 0.023229247852827661 -0.045997769817769783 0.0023425070020548638 -0.044200300053594072 0.10797516621897424 -0.038689306779343888 -0.045956794514408088 -0.011542594249911706 0.035616381900922749 -0.030864758432215839 0.24249125778692981 -0.052926422187319126 -0.027082237084522384 0.046758388071868183 0.05603764737105528 -0.0076685085837708018 0.2036784095684413 -0.036967371903412996 0.020844587050374487 -0.0035199174621957149 -0.0036516495947562797 -0.0053098029723608513 -0.0081394062030300043 -0.022205321679543172 0.036027318755368791 0.037374169598468968 -0.0021339134380078842 0.019432586816189812 -0.040752170484773809 0.044982713339077982 0.12319551317868363 0.094495038644096641 0.0068678513781667829 -0.0065006437018487436 0.0042580657618059908 0.08082902041954225 -0.035423100099445749 -0.053223261500021046 0.027373626399763203 -0.050836838435577715 -0.033247884090884798 -0.050678142991800235 0.0084274691089135413
leaf_weight=4.8057253927370338 0.048768151996227971 0.24087500748669244 0.014341223519295454 0.26497858350467174 0.0067647245305124662 1.1142860582781402 0.056970174429352372 0.64075628886189395 0.043530146264856739 0.034470343081011379 0.64831679970939138 0.010714651405578368 0.013046035910520004 0.09783016851542925 0.015432948523084633 0.076000130739885763 0.018486261368707346 0.022077604375226656 0.2416409014185773 0.08409047546228976 0.85021507424335119 0.10509493891731836 0.13020118102667766 0.023652345684240572 0.080148368292611849 0.17837643789061985 0.23920444219265846 0.82848680964275434 0.83128887083194081 0.0049346323794452465 0.012457229619030841 0.045862732225941727 0.07658719712162565 0.011654863731564546 0.0097493817474969546 0.00540201431431342 0.020092183299311617 0.023030592723443988 1.0723021583949042 0.53342128622443841 0.19305060277201846 0.3718628574579278 0.25465199626250967 0.20963952470265201 0.16591666725980747 1.0032969853282336 0.035743687521971879 0.26123369717788592 0.087432959013311939 0.0096191789489240564 0.021056623943877639 0.99366537891273743 0.079493267364341591 0.57543733833153954 0.0065763791499193749 0.16891909553714768 0.042851367174080224 0.099713891133433208 0.69743623421527445 0.14302214029248606 0.052333379088849941 0.12762077648631021
leaf_count=23648 149 6619 90 6109 12 55044 270 29741 276 135 10589 10 157 3345 20 375 123 83 948 519 1543 1838 425 28 306 2244 2731 55160 4496 51 27 100 412 92 209 37 110 229 12803 6757 1034 2787 2112 1890 1252 12844 209 928 512 7 140 10959 914 8129 7 913 236 141 91 686 786 9221
internal_value=0 -0.00264494 -0.00961687 -0.00652245 -0.01349 0.0226923 -0.0302679 0.0260813 -0.00790015 -0.0211188 -0.000522917 -0.00217475 -0.0387607 0.0206888 0.0109131 -0.00277721 -0.0151294 0.00315931 -0.0142272 -0.0126139 -0.0345256 -0.0372094 -0.0336549 -0.0415664 -0.00526989 -0.0175914 -0.0101657 0.031513 -0.0278947 0.0204593 0.0377435 0.0296462 0.0191019 0.111499 -0.019919 0.0676842 0.0224499 0.0625173 -0.00483722 0.00860844 -0.0229724 -0.00327462 0.00213689 0.00619541 0.00144935 -0.00904169 -0.0194037 -0.0335084 0.0100672 0.0125314 0.0115656 0.00868621 0.0231622 0.0139525 -0.0414487 -0.0150645 -0.00605653 -9.29693e-05 -0.0457145 -0.0230125 0.0129416 -0.00876133
internal_weight=0 14.3761 11.2739 10.1918 4.71549 3.10219 1.17843 2.86131 3.53707 1.069 5.47629 2.46807 1.08214 2.22056 0.186651 2.45735 0.797658 1.65969 0.471921 0.227338 1.109 1.05911 0.143247 0.954016 0.103801 0.779172 0.594219 0.926317 0.882349 0.0510598 0.0694274 0.137883 0.12245 0.0165895 0.449843 0.0151514 0.0498875 0.0297953 3.71912 1.75718 0.434692 3.45414 1.782 1.52735 1.31771 1.67214 0.66884 0.296977 1.18777 1.11177 1.10215 1.01472 0.24541 1.22375 0.184953 0.550689 0.38177 0.338918 0.8548 0.157363 1.29424 0.179954
internal_count=283658 260010 100094 98126 30803 159916 4363 153297 26440 5455 67323 20985 1968 123556 681 20975 6671 14304 2311 1101 4066 3715 582 1877 334 6548 4297 58505 4774 278 297 532 512 143 2228 246 351 241 41848 25475 1982 35739 18971 16859 14969 16768 3924 1137 11993 11618 11611 11099 2166 18718 2251 4021 3108 2872 867 776 65051 10007
is_linear=0
shrinkage=0.05


Tree=54
num_leaves=63
num_cat=1
split_feature=68 66 68 3 8 7 3 57 54 35 87 54 17 42 29 66 63 3 3 57 68 25 38 1 0 63 57 8 8 26 3 3 58 40 8 3 56 63 8 21 8 19 3 84 53 24 3 45 8 26 70 66 66 40 46 45 70 87 3 82 80 77
split_gain=2.90956 0.830648 0.419441 0.736407 0.30913 0.216817 0.202314 0.116032 0.102144 0.0908333 0.133078 0.0896968 0.0849878 0.0847816 0.0854202 0.0757314 0.0708465 0.0687907 0.0676647 0.064918 0.0812777 0.090537 0.0917242 0.0575433 0.0566567 0.0888563 0.0939839 0.0737058 0.0839099 0.0976289 0.0907901 0.0667661 0.0598332 0.0564204 0.0731226 0.0856948 0.0505616 0.0504227 0.0464521 0.0461378 0.0524049 0.0699243 0.0884977 0.0654917 0.045694 0.0434373 0.0429623 0.042035 0.0435127 0.0434648 0.0559271 0.0418742 0.0406003 0.0396615 0.0435986 0.0393449 0.0393124 0.0471876 0.0462732 0.0474642 0.0435412 0.0400516
threshold=0.58333333333333337 1.0000000180025095e-35 0.83333333333333337 2019.5000000000002 1.5000000000000002 0.50000000000000011 2019.5000000000002 0.90413262544637962 2.0114821793069795 0.93301270189221952 1.0000000180025095e-35 1.83313261757028 1.8369701987210299e-16 -1.0000000180025095e-35 -1.0000000180025095e-35 10.363333333333335 1.0000000180025095e-35 2019.5000000000002 2016.5000000000002 1.5894202330606091 0.41666666666666669 0.25000000000000022 -2.7554552980815443e-16 8.5000000000000018 0 57.784090909090914 -1.3322170766988088 1.5000000000000002 3.5000000000000004 0.6830127018922193 2021.5000000000002 2015.5000000000002 0.59214286653115389 -1.0000000180025095e-35 7.5000000000000009 2018.5000000000002 20.442167128522424 19.923333333333336 3.5000000000000004 -1.2500000000000004 2.5000000000000004 0.68301270189221941 2021.5000000000002 1.5000000000000002 23.042243710002342 1.866025403784439 2019.5000000000002 1.366025403784439 4.5000000000000009 1.0000000180025095e-35 1.0000060415221739 0.35416666666666669 8.4166666666666696 -4.592425496802573e-16 1.0000000180025095e-35 -1.3660254037844386 1.5875677239517774 1.0000000180025095e-35 2018.5000000000002 1.0000000180025095e-35 1.0000000180025095e-35 1.0000000180025095e-35
decision_type=2 2 2 2 2 2 2 2 2 2 2 2 2 2 2 2 2 2 2 2 2 2 2 2 9 2 2 2 2 2 2 2 2 2 2 2 2 2 2 2 2 2 2 2 2 2 2 2 2 2 2 2 2 2 2 2 2 2 2 2 2 2
left_child=1 6 24 8 5 7 11 9 18 10 12 -1 13 23 -15 37 33 38 -4 20 39 22 -22 -3 25 26 -2 -28 29 31 -30 -29 46 -6 55 -36 -24 52 -18 -19 43 45 -43 51 -13 -42 -26 48 49 -21 -51 -41 -10 -39 -55 -35 57 -17 59 -58 -59 -61
right_child=2 4 3 -5 16 -7 -8 -9 15 -11 -12 44 -14 14 -16 56 17 19 -20 47 21 -23 36 -25 32 -27 27 28 30 -31 -32 -33 -34 34 35 -37 -38 53 -40 40 41 42 -44 -45 -46 -47 -48 -49 -50 50 -52 -53 -54 54 -56 -57 58 60 -60 61 -62 -63
leaf_value=-0.032204022435375956 0.047974675670858086 -0.0031452220421995095 -0.038846800381290722 0.052378709947852431 0.046398890586367772 -0.048744436038285009 -0.051560927032125448 -0.038597354543027644 0.032739102789817454 0.051797987674426331 0.03502004886259371 0.038423748053201479 -0.045925595541430934 0.038103481513396535 -0.031897719000340823 0.026428644967698353 -0.0051532162916583472 0.063588603257130047 0.0032192853853441291 -0.041623129130814777 -0.048212154769168687 -0.023838702158942775 0.049260149296523337 0.071539881981598039 -0.043250847956194376 0.068136062301816833 -0.047652788394374 -0.029236578569155788 0.019774776677944399 -0.040776702354646699 -0.058158769193529782 0.084217586378814588 -0.0055204901681837606 0.042234356926006099 -0.049040795467857994 0.050591444532754937 -0.00028435390324322944 0.030452425584600221 0.018972825972418315 0.007298817192557836 -0.015512864632081151 -0.035922988114846337 0.080715477148314466 0.046522918074114572 -0.01554046435664194 0.092847096478829411 0.080037291076530334 0.052493013545537939 -0.0020523672732209904 -0.038881595505891431 0.037285139179900666 -0.039672335746819269 -0.030419891241127286 -0.051258357576978081 0.012482835968986165 -0.050648833429368961 0.0017495128949188612 -0.03034015077475076 0.039402605343821687 -0.067800035299434111 0.019468905971208136 0.047047387119877208
leaf_weight=0.34590729748197357 0.29015425031047926 0.055877679947116121 0.21945093620934164 1.2219396595771739 0.023517308648479229 1.0960372216804899 4.0534831999557355 0.46514400980595383 0.078444832202876458 0.060041902585908247 0.12596380954892084 0.084257509300641686 0.2257262737275596 0.051942220505225123 0.27070763762822025 0.64021726450346228 0.40298636315583292 0.019005000496690516 0.16937939880335762 0.36282057172502402 0.035531928871932905 0.11867833457654342 0.20982404146707268 0.047899340692310943 0.14571157780619426 0.16267229009190487 0.048442508152220398 0.015025411596070626 0.12207290502283286 0.025018694577738643 0.05385838840265933 0.094678087523789145 4.7674103177050711 0.011932457869079371 0.038952272283040656 0.048397672963801597 0.06824420896009542 0.024022196178520971 0.39514684246933029 0.055381628990289644 0.30773059688362991 0.024362850086617982 0.048912017089605797 0.027790614291006932 0.073399135679892424 0.0095349353869096376 0.0074263139831600702 0.017465568634179363 0.14251773906516974 0.052557791848812485 0.04451229431288084 0.33124825940467417 0.037660621466784505 0.13192026909564447 0.033675061451504007 0.25612171112470639 0.19328073522137856 0.079058312098368333 0.058045166713782237 0.048744841458756127 0.098592324580295099 0.0089916299357355456
leaf_count=7620 2646 71 6496 54882 132 177 10781 807 1532 51 176 2443 175 135 530 56018 4823 51 3779 991 50 100 280 59 4303 2780 48 175 2526 30 154 369 55474 100 1236 766 133 761 9689 99 3355 167 235 111 2919 19 114 61 2850 104 89 702 632 3521 1788 3226 12898 4570 3357 1902 6889 797
internal_value=0 -0.0320923 0.00734805 0.0223501 -0.0189245 -0.0323544 -0.0478477 -0.0185709 0.0022054 -0.00745696 -0.0120293 -0.0179575 -0.0211169 -0.00798451 -0.0206285 0.00837382 -0.00837061 -0.00550362 -0.0205223 -0.0107341 -0.00420073 0.0133579 0.0274346 0.0313264 -0.000616664 0.00263517 0.0268115 0.00971132 0.0186565 0.048352 -0.00408326 0.0686785 -0.00214645 -0.0286045 -0.0335676 0.00616208 0.0371008 -0.0136972 0.00679132 -0.0134126 -0.0152305 -0.0020887 0.0419348 -0.0276151 0.0133 -0.0122563 -0.0372721 -0.0239747 -0.0261917 -0.0336724 -0.00395471 -0.0329441 0.0122525 -0.0295865 -0.0382961 -0.0465141 0.0143614 0.0201022 -0.000830225 -0.0101337 -0.00269718 -0.0499142
internal_weight=0 10.0096 8.77589 3.04342 5.45251 2.39934 4.55705 1.3033 1.82148 0.838159 0.778117 0.503564 0.652153 0.426427 0.32265 1.43265 3.05317 2.67425 0.38883 1.87612 1.25624 0.432279 0.3136 0.103777 5.73247 0.811923 0.64925 0.359096 0.310653 0.134722 0.175931 0.109703 4.92055 0.378921 0.355404 0.0873499 0.278068 0.305723 0.798133 0.823966 0.804961 0.39054 0.0732749 0.414421 0.157657 0.317266 0.153138 0.619874 0.602408 0.459891 0.0970701 0.38663 0.116105 0.189618 0.165595 0.268054 1.12693 0.817868 0.309062 0.251017 0.177651 0.0577365
internal_count=283754 55313 228441 159822 31550 2181 23763 2004 104940 1197 1146 12982 970 795 665 94665 29369 23909 10275 9397 5302 563 463 130 68619 8728 5948 3302 3254 574 2680 544 59891 5460 5328 2002 413 8234 14512 4739 4688 3776 402 912 5362 3374 4417 4095 4034 1184 193 801 2164 6070 5309 3326 86431 67477 18954 15597 11459 2699
cat_boundaries=0 22
cat_threshold=0 939524096 2048 0 0 67244032 12288 524288 13312 8388608 33555456 1081344 16777216 28768 134479872 8388608 2048 0 0 0 536871040 805306368
is_linear=0
shrinkage=0.05


Tree=55
num_leaves=63
num_cat=2
split_feature=68 66 68 3 18 3 66 47 57 17 57 56 64 68 74 56 64 9 3 3 20 47 20 0 63 57 31 10 70 4 3 66 66 3 66 70 22 36 35 10 3 16 3 36 78 68 41 27 56 9 37 9 9 15 46 34 58 3 10 34 24 20
split_gain=2.70091 0.714228 0.375769 0.693083 0.288895 0.202519 0.151649 0.11452 0.107539 0.0948898 0.0945775 0.10242 0.093851 0.0828877 0.07736 0.0715545 0.0629155 0.0589927 0.0568828 0.0567699 0.13471 0.0551012 0.0536367 0.0522478 0.0961828 0.0770083 0.0762872 0.0812944 0.0554231 0.074594 0.0602367 0.0608477 0.0546686 0.0508175 0.0505978 0.049984 0.0499474 0.0470222 0.0466243 0.0454461 0.0554967 0.0449436 0.0442696 0.0442427 0.0441061 0.0563641 0.0552358 0.0558855 0.0544985 0.0436481 0.0491573 0.0451467 0.0426797 0.0443203 0.0419362 0.0416997 0.0404135 0.0408212 0.0400134 0.0524928 0.0394168 0.0394074
threshold=0.58333333333333337 1.0000000180025095e-35 0.83333333333333337 2019.5000000000002 1.2500000000000007 2019.5000000000002 11.726666666666668 0.60467921662265056 -2.3804797773503306 -1.2500000000000004 -0.11988832150951188 0.48061083993311587 5.0750000000000011 0.41666666666666669 0 1.1214846915384937 12.995000000000003 -8.8301270189221892 2014.5000000000002 2010.5000000000002 -2.7554552980815443e-16 -0.27557263768474799 -0.68301270189221941 1 58.82 -3.0509682619664171 -1.0000000180025095e-35 -6.2810889132455339 0.73172474614556082 0.93301270189221952 2020.5000000000002 23.675000000000004 46.765000000000008 2016.5000000000002 146.17833333333337 1.1502328498329446 -1.0000000180025095e-35 1.866025403784439 1.866025403784439 6.9641016151377562 2021.5000000000002 1.6160254037844388 2019.5000000000002 -1.0000000000000002 1.0000000180025095e-35 0.41666666666666669 -0.6830127018922193 0.93301270189221952 0.027497225445491751 -10.000000000000002 -1.0000000180025095e-35 -5.0980762113533169 11.129165124598854 -1.0000000180025095e-35 -2.7554552980815443e-16 0.25000000000000022 8.4132497622600173 2020.5000000000002 -12.000000000000004 0.25000000000000022 0.93301270189221952 0.6830127018922193
decision_type=2 2 2 2 2 2 2 2 2 2 2 2 2 2 1 2 2 2 2 2 2 2 2 9 2 2 2 2 2 2 2 2 2 2 2 2 2 2 2 2 2 2 2 2 2 2 2 2 2 2 2 2 2 2 2 2 2 2 2 2 2 2
left_child=1 5 23 12 6 15 7 9 14 35 11 43 33 -10 44 19 -12 54 22 20 -1 -13 -14 24 25 39 -27 -28 41 37 -31 -32 -33 -4 -34 -3 -19 -30 -9 -2 -41 60 -29 -11 46 -46 -8 48 -48 -20 51 -51 53 -44 -17 -52 57 -55 -38 -60 -25 -24
right_child=2 4 3 -5 -6 -7 8 38 13 10 16 21 18 -15 -16 17 -18 36 49 -21 -22 -23 61 28 -26 26 27 42 29 30 31 32 34 -35 -36 -37 58 -39 -40 40 -42 -43 52 -45 45 -47 47 -49 -50 50 55 -53 -54 56 -56 -57 -58 -59 59 -61 -62 -63
leaf_value=0.1794115527530957 0.058831556215968132 0.083818722591744346 -0.045066713575915261 0.052247069672775072 -0.04613119077986369 -0.051482485589494802 0.078690454524510692 0.010361799932772541 -0.016713811193728018 0.072728711180306341 -0.039203199343129977 0.00040575806701687359 -0.057073322489008128 -0.044047236310921334 -0.042326517176863407 0.1009158441966229 -0.011363542037300774 -0.037441754498940778 0.032190097286710441 -0.041142900820450905 -0.051606745609956463 0.070023909242043228 0.0020770489695421277 -0.00072200989203068935 0.065236601516440396 0.072814529357247512 0.058360869233369576 0.034391403455441512 -0.012312854874018089 -0.011853596469600661 0.068219968301427222 -0.053465481177197988 0.092230514635941965 0.00025160260442735281 -0.0051165066344343773 -0.029414975050472428 -0.031215409210358199 0.05472013747100081 0.15915362495680863 -0.027739575542461089 0.069981788538785769 0.10604026909508635 0.057494452112607168 -0.036532810021726807 -0.0020666998832562563 0.05703796127993635 0.101157042517938 0.056314972702382983 -0.022304752502801374 -0.075455270300023566 0.013860587145679757 0.02789976018677888 0.063470433805231888 -0.0310946274942418 -0.041140317440080197 -0.028050900567020955 -0.038114226110787852 0.03163706586534823 0.068542296785535722 -0.032230295806774965 0.033913736181215536 -0.064285338249115143
leaf_weight=0.010108847971423529 0.18059644448976542 0.037770616554553604 0.14628748099585243 1.1315981542784355 0.87850595997133485 3.5967131560214511 0.016395864884543587 0.62026014091634341 0.42523747734412587 0.0096114659099839628 0.47952431026033093 0.87431644274011022 0.050271037051061285 0.79756826529046521 0.15506160941276892 0.0056057460615193113 0.35184799870512506 0.026606863626966404 0.23175695254849393 0.2566679510753147 0.016793051986953134 0.029377078736615214 0.35489060494501234 1.1915418105118059 0.16945884462256799 0.045651639818061085 0.060564099390830961 0.061474370562791592 3.180431864905132 0.11593392949635006 0.074972803251512232 0.026331057133575086 0.022318361228826689 0.10718289821897997 0.033211931142432149 0.013135060096828965 0.017194262936527482 0.026378679463959886 0.0053100204604561432 0.038473908258310985 0.023344088660451234 0.010397587553597876 0.018679333954423782 0.25705721445865537 0.11862109200592386 0.061120245365600567 0.0091485497541726746 0.025909838930601836 0.38908882356736285 0.032127900617979321 0.77087619909661986 0.015743259281861932 0.017539643928103033 0.049165191860083723 0.07095237768953655 0.064298315902306058 0.15845095864642644 0.05488052446526126 0.077754454205660628 0.015498598833801225 0.088225420890012063 0.02387539354913315
leaf_count=53 1666 67 4501 54736 894 10630 131 6935 4269 9 774 6887 1865 343 1087 287 3296 1105 16786 3900 352 144 27953 22993 2578 656 775 1310 32341 1878 669 170 157 1919 183 182 805 75 7 347 67 17 105 2799 980 118 7 140 2714 1394 45601 1073 82 143 3663 2734 293 261 2514 268 1747 1317
internal_value=0 -0.0315018 0.00706076 0.0215939 -0.0198234 -0.0473478 -0.0148811 -0.00710386 -0.0253054 -0.0128117 -0.014526 -0.00536597 0.00229448 -0.0345419 -0.0107384 -0.0174369 -0.0274211 0.00441789 0.00692405 -0.0339001 0.0352023 0.00266889 -0.00854669 -0.000475725 0.00253481 0.0233056 0.0114242 0.0047634 -0.00204887 -0.00962635 0.0154751 0.0356768 0.00587215 -0.0259033 0.0340086 0.0546013 0.0240563 -0.0117615 0.0116248 0.0461655 0.00916256 0.0025069 -0.00424874 -0.0325947 -0.00284186 0.0180316 -0.0113582 -0.0148391 -0.0194685 0.012878 0.00780954 -0.0414652 -0.0122007 -0.016921 -0.0307387 0.0106339 -0.0222165 0.00199418 0.0388712 0.051794 0.00166573 -0.00210608
internal_weight=0 9.64876 8.57693 2.92891 5.55487 4.0939 4.67636 2.67821 1.99815 2.05264 2.00173 1.17036 1.79731 1.22281 0.775346 0.497182 0.831372 0.213612 1.54384 0.28357 0.0269019 0.903694 0.429037 5.64802 0.878279 0.70882 0.466406 0.420754 4.76974 3.47958 0.272768 0.156834 0.0818613 0.25347 0.0555303 0.0509057 0.137054 3.20681 0.62557 0.242414 0.061818 1.29016 0.36019 0.266669 0.620284 0.179741 0.440543 0.424147 0.398237 1.1148 0.883046 0.0478712 0.298716 0.281176 0.0765581 0.835175 0.262497 0.104046 0.110447 0.0932531 1.27977 0.378766
internal_count=283752 55360 228392 159879 31783 23577 30889 21100 9789 14158 13909 9839 105143 4612 5177 12947 4070 8642 98723 4305 405 7031 31135 68513 8283 5705 3625 2969 60230 35473 3057 1179 510 6420 340 249 4692 32416 6942 2080 414 24757 2194 2808 4090 1098 2992 2861 2721 67588 50802 2467 884 802 3950 48335 697 404 3587 2782 24740 29270
cat_boundaries=0 1 23
cat_threshold=1 4194304 838860800 2048 0 0 67244032 12288 524288 5120 8388608 33555456 1081344 16777216 21536 134479872 8388608 536872960 0 0 0 160 805306368
is_linear=0
shrinkage=0.05


Tree=56
num_leaves=63
num_cat=1
split_feature=66 68 3 8 7 3 0 5 63 17 3 54 19 3 66 81 58 40 68 45 39 25 50 54 22 37 78 66 67 68 42 9 54 57 66 66 51 3 8 36 25 9 10 47 63 59 68 23 8 89 3 9 66 63 13 3 3 8 46 3 3 45
split_gain=2.5685 0.836864 0.667503 0.43438 0.30948 0.199001 0.143425 0.133367 0.150039 0.132931 0.114166 0.12712 0.121615 0.11177 0.109614 0.096965 0.0961503 0.10912 0.1356 0.0917247 0.0888293 0.094137 0.0875874 0.0860843 0.085408 0.0853248 0.0860259 0.143177 0.135229 0.0999841 0.0945023 0.0894345 0.0798495 0.0688619 0.0673445 0.0672064 0.0657982 0.0656208 0.0644912 0.0683057 0.0631789 0.0617299 0.178877 0.0794064 0.129194 0.0654035 0.0646194 0.0606037 0.0601955 0.100651 0.0758227 0.06156 0.058984 0.0583808 0.056537 0.0715439 0.0699626 0.0661612 0.0563366 0.0539938 0.107867 0.0538573
threshold=1.0000000180025095e-35 0.83333333333333337 2019.5000000000002 1.5000000000000002 0.50000000000000011 2019.5000000000002 0 0.6830127018922193 40.804166666666667 -1.0000000180025095e-35 2021.5000000000002 0.31848186317396782 1.866025403784439 2018.5000000000002 88.396666666666675 2.5000000000000004 4.0290588536612226 -2.7554552980815443e-16 0.41666666666666669 1.866025403784439 0.93301270189221952 0.93301270189221952 -30.583610245780267 2.0114821793069795 -1.8660254037844384 1.6160254037844388 1.0000000180025095e-35 37.035000000000004 43.070000000000007 0.41666666666666669 0.93301270189221952 3.4820508075688776 0.60368839776872441 -21.960269613703804 393.47666666666674 20.345000000000002 -8.2690751173054053 2016.5000000000002 4.5000000000000009 -0.5 -0.6830127018922193 17.160254037844393 1.1940306291686695e-15 1.0000000180025095e-35 31.591666666666672 -1.4307344876899533 0.41666666666666669 0.25000000000000022 4.5000000000000009 1.0000000180025095e-35 2019.5000000000002 -7.0000000000000027 12.05666666666667 4.7750000000000012 0.50000000000000033 2019.5000000000002 2018.5000000000002 2.5000000000000004 1.3660254037844386 2020.5000000000002 2021.5000000000002 -1.0000000000000002
decision_type=2 2 2 2 2 2 9 2 2 2 2 2 2 2 2 2 2 2 2 2 2 2 2 2 2 2 2 2 2 2 2 2 2 2 2 2 2 2 2 2 2 2 2 2 2 2 2 2 2 2 2 2 2 2 2 2 2 2 2 2 2 2
left_child=5 3 23 4 9 32 7 48 36 16 11 13 15 -8 24 19 -2 -18 22 20 25 -22 35 37 -11 26 38 28 31 -29 34 -28 -1 -33 -31 -19 -9 -3 39 -12 -20 43 -43 45 -45 -26 -46 -10 49 -5 -50 -52 -25 -53 -13 56 57 61 -58 -38 -61 -56
right_child=1 2 -4 6 -6 -7 10 8 47 14 12 54 -14 -15 -16 -17 17 18 40 -21 21 -23 -24 52 41 -27 27 29 -30 30 -32 33 -34 -35 -36 -37 59 -39 -40 -41 -42 42 -44 44 46 -47 -48 -49 50 -51 51 53 -54 -55 55 -57 58 -59 -60 60 -62 -63
leaf_value=-0.033431569806535097 -0.029481845089047533 -0.037079160440767193 0.052168248861132187 0.062742765969470898 -0.046024380785950211 -0.051408094254902205 -0.041278251082481114 0.043201881972250944 0.074661278900328684 0.059747652610246664 0.0141085960154426 0.0017196919712561751 0.080268514808747152 0.0018445621711319624 0.016973330406812048 0.086687010543917281 -0.060538772030507386 0.16535242352162416 -0.0003928215294351078 0.080943832156661885 0.067628577368008466 -0.03892434895167713 -0.048073033907152798 -0.008931360755946539 -0.011709723224326502 0.052133479488005147 0.055892629960526789 -0.048868180424049938 -0.052318602524431525 0.081466549685120682 -0.061017739157363984 0.081276398897109692 0.0081324903552521879 -0.026442613371757434 -0.037116661472854869 0.0032114260487965439 0.023245972682602756 0.0045386003149452568 -0.011952990686701293 -0.047824214266108861 0.05522690168464453 0.074265683673828561 -0.045640732987868381 0.079183280686030394 0.051998149527623487 -0.045273860271574151 -0.046880462654309979 0.24576692783535009 0.063265274225949714 0.017258743779425802 0.070978160286782971 0.064180579135136751 0.014353703620615825 -0.028093481130642667 0.085244057729026809 -0.022331614094907262 0.042504489279822852 0.0049345376952107311 -0.0930442478119137 -0.051851372372915649 0.02816244838301445 -0.039628851768168272
leaf_weight=0.30026421156503857 0.13990472238310769 0.21210030311294703 1.0888427444851911 0.51094123519487744 1.112250381600461 3.6900683838462101 0.42727760521938751 0.065033084301830968 0.03302670647190098 0.027821319332360761 0.047310494690464111 2.7071000767905389 0.029503450346964999 0.23177145371482766 0.16215409317373985 0.020266726283807546 0.040363910505220701 0.0090416917564652977 0.065213075771680451 0.020858654952462419 0.051749650616784382 0.034579606730403611 0.082153224395824509 0.36878546378784438 0.18213115432445148 0.033347446151310467 0.054456639365525916 0.033836970336778904 0.26379132534384553 0.091432061662999331 0.017030788192641921 0.016263621182588395 0.1878381040783097 0.16909163066247856 0.013776847066765185 0.021799487692987896 0.074995339291490382 0.17114171480125151 0.19262291920676944 0.75480309120757716 0.23520386958898598 0.052943533256438857 0.075400133205221209 0.039056622561474796 0.02057581490589655 0.71463954023738396 0.083895066652985406 0.0061365442397800498 0.074819897788074741 0.15962941970155953 0.026485632726689801 0.020508921180407924 1.0359589113859327 0.10440154391881151 0.0091250971618137555 0.6729004637527396 0.12065628464370093 0.36057662623215947 0.0081855248463398311 0.13381395074247848 0.061470007016396266 0.16067448248850247
leaf_count=6257 168 6533 54774 2564 321 10771 11499 398 660 38 75 42892 64 2817 754 86 44 64 178 108 350 119 228 11982 626 78 161 111 522 584 44 85 6775 533 85 99 541 3832 2664 1474 772 107 83 151 228 900 552 44 2616 585 323 135 82754 1145 183 5957 2463 10394 28 227 135 2122
internal_value=0 -0.00267711 0.0213052 -0.00901907 -0.0249733 -0.0474394 -0.00276225 0.00382647 0.0088646 -0.0129802 -0.00391187 -0.00575206 -0.0204309 -0.026113 -0.0216047 -0.0220676 0.00675693 0.0179298 0.0255912 -0.0232956 -0.0245211 0.0249483 -0.0211009 0.00251027 -0.0268331 -0.0270515 -0.0286476 -0.0146469 -0.0276147 0.0271954 0.0482505 -0.000440559 -0.0174363 -0.016991 0.0659384 0.0507462 -0.00195161 -0.0184942 -0.0379325 -0.0441713 0.0431532 -0.0288943 0.00382232 -0.0329307 0.00159897 -0.0384571 -0.0274061 0.101472 0.0443913 0.0519153 0.0220881 0.00173831 0.00824071 -0.0129431 -0.00242992 -0.0108627 0.000844352 -0.00718397 0.0338929 -0.0128162 -0.0266652 -0.0329181
internal_weight=0 13.7556 2.87683 10.8788 3.06455 4.17817 7.81425 1.27126 0.374476 1.9523 6.54299 4.69827 1.84472 0.659049 1.35862 1.81522 0.59368 0.453775 0.413411 1.79495 1.77409 0.0863293 0.112994 1.78799 1.19646 1.68776 1.65442 0.65968 0.503603 0.156077 0.12224 0.239812 0.488102 0.185355 0.105209 0.0308412 0.335312 0.383242 0.994737 0.802114 0.300417 1.16864 0.128344 1.0403 0.143528 0.896771 0.104471 0.0391633 0.896787 0.670571 0.226216 0.151396 1.40474 0.12491 4.03922 1.33212 0.659218 0.530376 0.128842 0.270279 0.195284 0.1698
internal_count=283862 260059 159875 100184 5313 23803 94871 9373 2005 4992 85498 78355 7143 14316 3439 7079 1553 1385 1341 6993 6885 469 391 105101 2685 6416 6338 2125 1301 824 713 779 13032 618 669 163 1301 10365 4213 1549 950 2647 190 2457 931 1526 780 704 7368 3149 4219 1603 94736 1280 64039 21147 15190 12699 2491 903 362 2305
cat_boundaries=0 20
cat_threshold=4194304 973078528 0 134217728 0 135184 4096 34078720 1024 8388608 2147483648 2147483648 17172481 1058 134480064 8388608 2048 0 4194304 262144
is_linear=0
shrinkage=0.05


Tree=57
num_leaves=63
num_cat=1
split_feature=69 66 69 3 77 3 9 3 10 57 54 3 70 21 26 9 38 67 51 66 37 54 58 70 20 10 9 26 72 60 3 44 6 9 28 28 3 20 26 20 23 3 63 3 3 55 1 52 57 27 27 63 52 52 23 53 66 66 56 9 9 1
split_gain=2.43793 0.758496 0.313855 0.637508 0.278702 0.203963 0.146452 0.11866 0.107461 0.0937683 0.0911489 0.0878052 0.0856312 0.0806656 0.0749229 0.0838779 0.0880955 0.0747308 0.073992 0.0699218 0.0690284 0.068056 0.0615053 0.068222 0.0565394 0.0502706 0.0505281 0.0521335 0.0499584 0.0510329 0.0498331 0.0495642 0.0620873 0.0482913 0.0480661 0.0450384 0.107203 0.0442632 0.053041 0.0452066 0.0416424 0.0413751 0.0589318 0.0886269 0.0595726 0.0560062 0.0662733 0.0684412 0.044537 0.0392482 0.0388611 0.038266 0.0380874 0.104211 0.0377084 0.037432 0.0424891 0.0372411 0.0371399 0.0386937 0.0368324 0.0362622
threshold=0.58333333333333337 1.0000000180025095e-35 0.83333333333333337 2019.5000000000002 1.5000000000000002 2019.5000000000002 -16.227241335952161 2021.5000000000002 7.8971143170299758 0.5817443832037098 0.29105016599285544 2020.5000000000002 2.5806468754254737 -0.6830127018922193 -0.5 24.500000000000004 1.0000000180025095e-35 487.80500000000006 -94.416450320150361 235.26000000000005 1.866025403784439 1.83313261757028 1.3598195762956995 5.9858466090067042 1.0000000180025095e-35 18.093266739736606 -14.722431864335453 -2.7554552980815443e-16 0 6.5688138522793986 2018.5000000000002 0.25000000000000022 -1.0000000180025095e-35 24.500000000000004 -2.7554552980815443e-16 0.93301270189221952 2014.5000000000002 0.6830127018922193 -2.7554552980815443e-16 -0.68301270189221941 0.68301270189221941 2016.5000000000002 15.324666666666667 2021.5000000000002 2021.5000000000002 10.601119456714377 6.5000000000000009 -15.101608870209327 1.4331958816080852 0.68301270189221941 0.25000000000000017 562.90083333333348 -9.5758350860106365 -12.183654845314186 -1.0000000180025095e-35 3.1212843532497634 6.7666666666666684 97.973333333333343 0.29294932738546892 -7.0000000000000027 17.660254037844393 2.5000000000000004
decision_type=2 2 2 2 2 2 2 2 2 2 2 2 2 2 2 2 2 2 2 2 2 2 2 2 2 2 2 2 9 2 2 2 2 2 2 2 2 2 2 2 2 2 2 2 2 2 2 2 2 2 2 2 2 2 2 2 2 2 2 2 2 2
left_child=1 5 28 12 8 21 -6 18 9 10 57 -11 19 -10 -9 16 -16 55 -8 25 22 35 -12 37 -13 26 -4 -28 33 -30 -14 32 -19 41 54 -1 -37 38 39 -24 -36 -2 44 45 48 -44 47 -47 -43 -25 -21 -49 53 -20 -29 -15 -57 58 60 -60 -3 -32
right_child=2 4 3 -5 6 -7 7 14 13 11 20 24 30 17 15 -17 -18 31 52 50 -22 -23 23 49 -26 -27 27 34 29 -31 61 -33 -34 -35 40 36 -38 -39 -40 -41 -42 42 43 -45 -46 46 -48 51 -50 -51 -52 -53 -54 -55 -56 56 -58 -59 59 -61 -62 -63
leaf_value=-0.032333717718254343 -0.047888792021023668 -0.050773848476267237 0.039580675970669096 0.052028244721619391 0.042970443556459847 -0.051337534893213958 0.032234312384582034 0.052756265522628271 0.035017430902669455 -0.0024078096738262915 0.08287670077987086 -0.037465691566565533 -0.023994979719457146 -0.037929620257177943 -0.041791938383299303 0.050998828223660697 0.047771621120319643 0.35816922690282305 -0.036154564850927509 0.043812684820026773 0.14765492777168154 0.010237346652034667 0.038768499564089121 -0.026723971304424221 0.0051818330768905506 0.051032271586315452 0.02521304052925228 -0.039472009637253856 0.0027768458319154823 0.014413446184317086 -0.040349976625914774 -0.018096669629505246 0.065455200411915257 0.078610011034660018 -0.013565715636557514 -0.050072850965583053 0.42849789206858341 -0.030777999167380013 0.016376780180921421 -0.025579624205464044 0.021554895217055184 -0.01767717061427149 -0.031910925385973586 -0.060926732782953963 0.061571070100779696 -0.055699694348190387 -0.029242280597839246 0.080210251724196255 0.074936240502683799 0.046694341478772057 -0.069378945820992452 -0.032760218600051037 -0.04972157602004653 0.18928673415900119 0.050563076931551425 0.045205421693136565 -0.025746973067049695 0.094704991434630209 0.092106840009400226 -0.015599392942987796 0.070795582274255225 0.047443406197096166
leaf_weight=0.30712160789289766 0.20328551351758484 0.13034565639782236 0.08280332818821956 1.0215564107852513 0.057011074990441446 3.436877597806415 0.029405971890810068 0.039113494247430936 0.050538434283225797 0.5183160487695202 0.025381422250120411 0.48992902682084605 0.36719975388336923 0.65348495365105908 0.22564088883154898 0.03560069169907365 0.031259177114407066 0.002041670941252959 0.029940825155790662 0.16275701767608541 0.008619723143055924 0.15989532905223314 0.03365859772748081 0.21219779383227422 0.092366294072235178 0.054831369424391485 0.16020356145054349 0.014476423682026507 3.1963133559997896 1.336008096851401 0.015872057333126577 0.018379190120867861 0.016074199437753123 0.010801922384416573 0.70540975172343823 0.0033577918302398748 0.0017961235887469229 0.065258560501206264 0.93091242589844092 0.14434618734412652 0.09587291363550321 0.20036399516357051 0.27179054436328443 0.17689223698926071 0.031890252794255503 0.015109968551769271 0.066890409668303619 0.050614594252692768 0.013880439995773486 0.019911456378395087 0.007953272803206346 0.0087990097163128667 1.1153950167836226 0.0061850200818297498 0.059131130521563491 0.029463402743203915 0.074333931021101307 0.0065848687099787631 0.0087786342364779557 0.16639311347171315 0.0065432354913355075 0.045417790626743226
leaf_count=7498 4051 1484 6640 54619 81 10835 192 41 58 7702 83 1880 15834 2323 359 42 97 19 469 17408 11 5336 147 694 151 4501 10024 526 37115 22152 345 420 425 13 37621 55 94 257 8179 1031 6711 1718 1528 301 183 187 532 316 236 92 360 88 1602 118 2999 303 762 8 13 2588 76 1911
internal_value=0 -0.0304134 0.0068879 0.0205702 -0.018041 -0.0471043 -0.0356986 -0.0386639 -0.0105583 -0.00593053 0.0012316 -0.0173766 0.00243396 -0.0262317 -0.0122359 -0.0209267 -0.030894 -0.0301314 -0.046085 0.00864156 0.00658525 -0.0162907 0.00573591 0.00434363 -0.0307008 0.00428947 0.0019968 -0.00100976 4.14387e-05 0.00193583 -0.0170287 0.0397534 0.0984443 -0.00252489 -0.00581149 -0.0298739 0.116708 0.00924001 0.011595 -0.0134122 -0.00936356 -0.027657 -0.0227387 -0.0313112 -0.00218662 -0.0186329 0.00688689 0.0393155 -0.0116769 -0.0204258 0.0385392 0.0634796 -0.0480851 0.0024427 0.0328558 -0.0334993 -0.00560677 -0.0229671 -0.0254501 -0.0102018 -0.0449629 0.0247078
internal_weight=0 9.18246 8.37613 2.79348 5.27341 3.90905 1.56955 1.51254 3.70386 2.85954 1.75893 1.10061 1.77193 0.844316 0.331614 0.292501 0.2569 0.793777 1.18093 1.34344 1.44029 0.472171 1.43167 1.40629 0.582295 1.17273 1.1179 1.03509 5.58264 4.53232 0.42849 0.0364951 0.0181159 1.05032 0.87489 0.312276 0.00515392 1.17418 1.10892 0.178005 0.801283 1.03952 0.836231 0.590097 0.246135 0.413205 0.141414 0.0745236 0.214244 0.232109 0.17071 0.0594136 1.15152 0.0361258 0.0736076 0.757282 0.103797 0.318646 0.312061 0.175172 0.136889 0.0612898
internal_count=283444 55525 227919 159499 31707 23818 3001 2920 28706 24396 14663 9733 104880 4310 539 498 456 4252 2381 86790 10494 12983 10483 10400 2031 69022 64521 57881 68420 59267 18090 864 444 9153 47857 7647 149 9614 9357 1178 44332 9140 5089 2952 2137 2651 1123 591 1954 786 17768 404 2189 587 3525 3388 1065 4169 4161 2601 1560 2256
cat_boundaries=0 23
cat_threshold=262144 1572864 67245056 0 8192 0 0 0 150995392 49154 0 0 17152 0 1073741824 8388608 604045320 384 8 2147483648 0 8192 33
is_linear=0
shrinkage=0.05


Tree=58
num_leaves=63
num_cat=1
split_feature=66 68 3 8 1 3 0 79 66 8 16 18 17 23 10 68 58 28 58 21 58 3 3 8 49 17 33 56 3 1 81 56 47 9 20 58 8 3 68 3 33 55 37 3 78 57 40 9 66 67 68 53 56 33 17 8 17 67 10 39 17 41
split_gain=2.29497 0.714306 0.627855 0.392002 0.258911 0.218354 0.13554 0.109605 0.1142 0.0985108 0.0973168 0.132988 0.129341 0.119263 0.0966714 0.0937618 0.0881332 0.0879132 0.0835454 0.102285 0.0833777 0.098863 0.0719152 0.0705003 0.0689657 0.102986 0.0833404 0.0662969 0.0621131 0.0615023 0.0606112 0.0606056 0.0604147 0.236507 0.0988755 0.0591214 0.0663053 0.0837611 0.06329 0.0787099 0.0696755 0.058547 0.0584687 0.0694195 0.106812 0.129775 0.107204 0.115418 0.0762885 0.0879979 0.0894974 0.0878436 0.0672347 0.0705137 0.0805632 0.0850788 0.0834443 0.0775326 0.0761196 0.0669205 0.0663946 0.0607943
threshold=1.0000000180025095e-35 0.83333333333333337 2019.5000000000002 1.5000000000000002 3.5000000000000004 2019.5000000000002 0 2.5000000000000004 192.03166666666672 3.5000000000000004 -1.0000000000000002 -0.5 -1.0000000180025095e-35 -1.0000000180025095e-35 4.4150635094610982 0.41666666666666669 0.59214286653115389 -0.5 11.431967846893484 -0.6830127018922193 1.3598195762956995 2016.5000000000002 2014.5000000000002 11.500000000000002 -21.980424397815995 -1.8660254037844384 -1.0000000180025095e-35 6.0528775852421273 2019.5000000000002 11.500000000000002 1.5000000000000002 1.262704877238731 -3.3002223653766811 -23.499999999999996 -2.7554552980815443e-16 0.97984183187507934 4.5000000000000009 2019.5000000000002 0.41666666666666669 2019.5000000000002 -1.8660254037844384 -4.3857260649341159 1.6160254037844388 2021.5000000000002 1.0000000180025095e-35 -39.44149934652733 -1.0000000180025095e-35 24.500000000000004 37.035000000000004 43.070000000000007 0.41666666666666669 0.20254661312463204 0.72442891821284328 0.25000000000000022 0.25000000000000028 2.5000000000000004 1.2500000000000002 10.035000000000002 1.1940306291686695e-15 0.93301270189221952 1.2500000000000002 0.93301270189221952
decision_type=2 2 2 2 2 2 9 2 2 2 2 2 2 2 2 2 2 2 2 2 2 2 2 2 2 2 2 2 2 2 2 2 2 2 2 2 2 2 2 2 2 2 2 2 2 2 2 2 2 2 2 2 2 2 2 2 2 2 2 2 2 2
left_child=5 3 22 4 -2 31 14 8 10 42 -6 -12 13 24 35 -15 23 -14 19 -16 -19 -22 27 -11 26 -26 -13 -3 30 -10 -18 32 33 -1 -35 -5 38 -38 39 -37 -40 -21 43 52 59 -46 -47 48 49 50 -48 -52 -8 54 57 58 -57 -54 -56 61 -55 -45
right_child=1 2 -4 6 7 -7 9 -9 29 16 11 12 17 15 18 -17 28 20 -20 41 21 -23 -24 -25 25 -27 -28 -29 -30 -31 -32 -33 -34 34 -36 36 37 -39 40 -41 -42 -43 -44 44 45 46 47 -49 -50 -51 51 -53 53 60 55 56 -58 -59 -60 -61 -62 -63
leaf_value=0.53944066463995566 -0.044394041820052701 -0.045797607263183673 0.051906098158741622 -0.05283631696337681 0.068072201642826846 -0.05127060257816566 -0.046287626980439235 0.061779902130177082 0.019358896867012011 -0.041047731643722593 -0.040570190259479194 -0.02282900721999832 0.041852905261430345 -0.011207818507242596 0.11129510465948421 0.085977969530064813 0.0049146293652554138 0.055658750409321937 0.040642726105867985 0.028527222232107782 0.038612553834475045 -0.031222274232718606 0.0084852938006558364 0.11574829133716387 0.051776081247433936 -0.040395365007224203 0.10547755084151994 -0.0035483387655064567 -0.0072820262671188969 0.13008051211354188 0.052940356632149112 0.0050844119139161498 -0.051999470700858745 0.10165356495721019 -0.032162359006231392 0.093078578524021613 0.066885082794357301 -0.0015455006197326357 -0.030320719917733996 0.0063803078581754673 0.06897410321523513 -0.02443297224177314 0.04854969400013652 -0.045137418614237979 0.078126040225479185 0.064889721455801477 -0.054798251226519296 0.06483341782453432 0.010271345674893372 -0.057302166139992616 0.066019005779624412 -0.022897780617638253 -0.034091723859311883 0.045920284155472946 0.014959860474762686 -0.032552354440077404 0.077126144314920417 -0.0080896602296158613 0.096663229697088168 0.01805858125136317 -0.044167049336144182 0.028503263698564697
leaf_weight=0.0019693842041306189 1.0114933264849226 0.12293192983543066 0.9876103042267913 0.015410818567033635 0.032133865217475299 3.3234245904695854 0.12091986479845274 0.047259090108127455 0.10023299847671285 0.19187112706777076 0.54060075291090526 0.023745505493934616 0.053450168801646658 0.035763893076819375 0.018638320354511961 0.081084707592708583 1.1706652862508238 0.0316251833282859 0.19605551821769041 0.07187453421556711 0.053969848557699152 0.83119075952527055 1.2605597311176095 0.0074472970263741436 0.038678579456245643 0.13999633132880263 0.027099982413346879 0.37948475809344018 1.608056000556189 0.014335806650706218 0.069603002621079102 0.20963779011208317 0.14864984952328386 0.016080516097645159 0.097519566867958929 0.034097434185241582 0.067230960534288897 0.13354215184972418 0.018475967866834253 0.11272410998208215 0.40357948733617377 0.19049597205685131 0.035340736598300171 0.64979410036903573 0.039335447327175643 0.038677596829074901 0.071374318984453566 0.036470121485763229 0.10809286792209605 0.23261439785710536 0.050173836731119081 0.062225717694673222 0.3854120471914938 0.10265502202400956 0.075140423884476948 0.099343227914687304 0.021009232636060915 1.1191999727425352 0.045934192622553383 0.049851188603497576 0.025541138912558381 0.029289680431247689
leaf_count=6 337 4085 54767 25 105 10775 2234 123 531 5479 638 93 162 147 27 230 33727 37 1414 383 1282 1033 71023 153 66 249 144 30086 21067 99 2418 8241 667 83 4031 678 2442 1478 20 163 1995 778 100 1209 181 63 96 41 319 279 61 46 2799 1224 616 887 212 11566 424 92 144 55
internal_value=0 -0.00275174 0.0199894 -0.00855924 -0.0236919 -0.0467432 -0.00254662 -0.0134831 -0.015258 -0.0037525 -0.0181973 -0.01969 -0.0111165 0.0151123 0.00373677 0.0562323 -0.00304681 -0.0204801 0.0155924 -0.00188481 -0.0241142 -0.0269643 0.00210989 -0.0351892 -0.00582181 -0.0204426 0.0455567 -0.0138859 -0.000797561 0.0332133 0.0076098 -0.0149903 -0.0309181 -0.00380249 -0.0132202 0.0441308 0.0460724 0.0213692 0.0547909 0.0265149 0.0646274 -0.0099249 -0.0154273 -0.0160996 -0.0247754 -0.00985228 -0.0156236 -0.021175 -0.0271557 -0.0368716 -0.0110113 0.0167936 -0.0101515 -0.00782009 -0.010448 0.0163641 -0.0134064 -0.0147502 0.0459571 -0.0378565 0.0279718 -0.0419612
internal_weight=0 13.5214 2.75059 10.7708 3.06266 3.79728 7.70816 2.05117 2.00391 6.44604 1.88934 1.85721 1.3166 0.346369 1.26213 0.116849 3.04764 0.970236 0.477064 0.281009 0.916786 0.885161 1.76298 0.199318 0.22952 0.178675 0.0508455 0.502417 2.84832 0.114569 1.24027 0.473857 0.264219 0.115569 0.1136 0.785061 0.76965 0.200773 0.568877 0.146822 0.422055 0.262371 3.3984 3.36305 1.3679 0.638964 0.599629 0.560951 0.524481 0.416388 0.183774 0.1124 1.99516 1.87424 1.74604 0.241427 0.120352 1.50461 0.121075 0.728935 0.128196 0.679084
internal_count=283935 260132 159961 100171 5276 23803 94895 4939 4816 85492 4186 4081 3443 929 9403 377 62844 2514 2602 1188 2352 2315 105194 5632 552 315 237 34171 57212 630 36145 13028 4787 4120 4114 6801 6776 3920 2856 841 2015 1161 22648 22548 2442 1086 905 842 801 482 203 107 20106 17872 16504 2139 1099 14365 1040 1356 1368 1264
cat_boundaries=0 20
cat_threshold=4194304 973078528 0 134217728 0 135184 4096 34078720 1024 8388608 2147483648 2147483648 17172483 1058 134480000 8388608 2048 0 4194304 262144
is_linear=0
shrinkage=0.05


Tree=59
num_leaves=63
num_cat=2
split_feature=66 74 54 10 3 3 3 24 56 22 0 3 3 66 32 58 47 59 58 50 41 66 54 33 35 60 33 54 10 3 66 35 15 63 63 77 10 47 63 9 59 66 41 63 66 47 9 10 20 58 9 35 28 53 18 26 22 40 71 23 63 9
split_gain=2.19043 0.496858 0.248627 0.223145 0.238758 0.219275 0.144754 0.123465 0.122794 0.116646 0.111292 0.120448 0.108822 0.104459 0.104854 0.110547 0.078964 0.0826827 0.0747339 0.0688888 0.068496 0.0649062 0.0646751 0.0549233 0.0537369 0.057042 0.0531709 0.0526936 0.0648992 0.0815189 0.100224 0.0590873 0.0841273 0.051264 0.0512044 0.0502974 0.0967026 0.0474362 0.0470268 0.0463212 0.0455695 0.0453452 0.0439323 0.0431728 0.0430818 0.0430539 0.120169 0.0893599 0.061784 0.0944823 0.0418681 0.0402578 0.0396244 0.0390341 0.038836 0.0405275 0.0387514 0.0385578 0.0384084 0.0381123 0.0380592 0.0417087
threshold=1.0000000180025095e-35 0 3.5890233078138993 7.7942286340599471 2014.5000000000002 2019.5000000000002 2020.5000000000002 -1.0000000180025095e-35 40.92993218902604 1.6160254037844388 1 2017.5000000000002 2018.5000000000002 183.35500000000002 1.0000000180025095e-35 77.036330529561965 3.6675222558227856 0.36308007912282042 4.0290588536612226 -58.414021469786995 0.25000000000000022 97.973333333333343 1.83313261757028 0.93301270189221952 0.93301270189221952 8.8734314806034558 0.25000000000000022 0.57280375523545313 -6.0000000000000018 2021.5000000000002 0.35416666666666669 0.25000000000000028 0.68301270189221941 16.756250000000005 16.756250000000005 1.5000000000000002 21.325317547305485 -9.7260939105826676 72.943958333333356 -1.0000000000000002 48.646885620104854 100.34333333333335 0.93301270189221952 9.6125000000000025 11.020000000000001 -3.3002223653766811 -23.499999999999996 24.500000000000004 -2.7554552980815443e-16 10.921465688391571 -12.000000000000005 0.68301270189221941 -2.7554552980815443e-16 17.820441172031611 1.0000000180025095e-35 0.6830127018922193 -0.5 9.1848509936051497e-17 -0.46013404311189054 0.25000000000000022 7.5634920634920642 4.7500000000000009
decision_type=2 1 2 2 2 2 2 2 2 2 9 2 2 2 2 2 2 2 2 2 2 2 2 2 2 2 2 2 2 2 2 2 2 2 2 2 2 2 2 2 2 2 2 2 2 2 2 2 2 2 2 2 2 2 2 2 2 2 2 2 2 2
left_child=5 6 3 4 -3 22 7 -2 21 16 33 34 43 14 15 20 17 18 -5 35 24 27 45 -17 25 56 -23 28 37 39 -31 52 -33 -4 -12 -16 -37 -6 -10 44 -26 60 -39 -9 50 46 -1 48 49 -48 -30 -20 -29 -24 55 -54 -13 59 -53 -21 -22 -62
right_child=1 2 10 9 8 -7 -8 12 38 -11 11 13 -14 -15 19 23 -18 -19 51 57 41 26 53 -25 40 -27 -28 31 29 30 -32 32 -34 -35 -36 36 -38 42 -40 -41 -42 -43 -44 -45 -46 -47 47 -49 -50 -51 -52 58 54 -55 -56 -57 -58 -59 -60 -61 61 -63
leaf_value=0.33538028876351339 -0.047016952073219626 -0.039373089693595917 -0.0020245794529263196 -0.030606835330442273 0.0064420520113676397 -0.051207099786277091 -0.051172747651403984 -0.054599361156506092 -0.049333143264254198 0.049981866069239933 -0.0056331115801367126 0.03497907281737743 0.095984554072417488 0.030982283359840004 0.007744509832168219 -0.0087085319138341267 0.033342338018670294 -0.039239080050234992 0.00064015850764827286 -0.030774666633435723 0.07230988976333548 0.049692252164790916 0.035642433669491151 0.080221042614714674 0.044928166742314916 0.028292845250072751 0.25832210264565125 0.030522937629036791 0.094767364303532137 -0.056044089237803033 0.053885981008946628 0.043482958277830469 -0.02316399786259243 -0.038338923370572736 0.029011969193336706 0.053629687825716657 0.35746912507259276 -0.02921537105197124 -0.0054680022428417298 -0.016783616510646915 0.16944252149884664 0.095606109630138603 0.063066657627812023 0.015057597635807241 -0.012357148302286639 -0.04857836813763456 0.17964459856215606 0.29898149322090972 -0.032173624667218209 -0.04579606279304764 0.01875722132504961 0.010720706410607388 0.0017617084030102305 -0.013641659596552783 0.020972653751411816 -0.035510237443132392 0.0083504882909681537 0.0042403649463914573 0.19568604260426112 0.013058166719153519 0.071651164310620449 -0.023619910418749369
leaf_weight=0.0024756282800811871 0.11558637033704144 0.38676369240874597 0.10788929125214941 0.34001595414019881 0.15479546807432598 3.2170512710022194 0.65243496508082899 0.029485739342817396 0.15088352807856598 0.050988509444095942 0.11625368348722975 0.15187424187002063 0.037041193007098627 0.4971257846834759 0.065449143146452116 0.72769515939899054 0.052468718072759546 0.8422963741629701 0.25670740328314423 0.37833735879053154 0.012146649090482131 0.039082497974732067 0.08162309395856937 0.017786565415008226 0.079174216223463989 0.69928279476607702 0.0033128077593573826 0.14244234540911005 0.021073219023492129 0.024467199084028834 0.1358808210297866 0.22879756899715165 0.059705672966629209 0.97946176227742399 1.2911257290775209 0.019594435993667503 0.0030226967792259521 0.38759273325536014 0.10268214311349766 0.29755773593797241 0.0080998455907774769 0.0098383991935406812 0.013340952864382416 0.090576143860289449 0.10473258634510785 0.13675474529418619 0.0091454781286305353 0.0022229477763175956 0.13410476491935663 0.0094497782176858891 0.12913370790738554 0.0060047247532111214 1.2645290886509868 0.079121140137658585 0.25288741407644 0.07739730397202027 1.3607318095071148 0.15172645995448875 0.0052697256894589373 0.057072185091556094 0.012136284647567663 0.21506545803936206
leaf_count=5 541 10235 1282 1987 2373 10727 698 608 382 68 2062 2801 375 29377 1598 13915 733 3224 2659 6161 74 633 2347 275 968 17221 14 2183 52 40 662 1747 429 13736 81918 452 18 2205 1376 4526 84 307 13 2966 1912 688 44 25 6765 68 1570 153 12530 2943 1930 813 21528 1868 96 1902 242 2400
internal_value=0 -0.00302955 -0.000411067 -0.00832461 -0.00204723 -0.0466125 -0.0383863 -0.00779341 0.00197369 -0.0243925 0.00587668 0.00495648 0.0210648 0.00937576 0.00666952 0.010349 -0.026916 -0.029096 -0.0150443 -0.0112801 0.0153033 0.00452273 -0.0141196 -0.00658675 0.018002 0.0164836 0.0659948 0.00373164 -0.00425936 0.00572604 0.037112 0.00873578 0.0296904 -0.00340658 0.0261502 0.0299574 0.0942367 -0.0170678 -0.0315698 -0.00338291 0.0564843 -0.00959647 -0.0261447 -0.0020493 0.012258 -0.0280564 -0.0102261 -0.0157487 -0.0203305 0.0650797 0.029421 0.00470151 0.00525588 0.0113839 0.00299913 -0.000387998 0.0110241 -0.0174654 0.0971743 -0.0250292 -0.0139208 -0.0185309
internal_weight=0 13.4168 12.4917 5.53081 3.97706 3.67195 0.925124 0.272689 3.59029 1.55375 6.96089 5.87354 0.157103 4.46616 3.96903 3.29383 1.50276 1.45029 0.607998 0.675202 2.54835 3.33673 0.454898 0.745482 2.29916 2.21189 0.0423953 3.29433 1.26857 0.712845 0.160348 2.02576 0.288503 1.08735 1.40738 0.0880663 0.0226171 0.555729 0.253566 0.552497 0.0872741 0.249187 0.400934 0.120062 0.25494 0.294153 0.157399 0.154923 0.1527 0.0185953 0.150207 0.267982 1.73726 0.160744 1.59481 1.34193 1.51261 0.587136 0.0112745 0.43541 0.239348 0.227202
internal_count=283534 259922 254734 54545 45625 23612 5188 4490 35390 8920 200189 185171 3949 101191 71814 59815 8852 8119 4895 11999 45625 33632 12885 14190 42602 41550 647 32985 13353 8762 702 19632 2176 15018 83980 2068 470 4591 1758 8060 1052 3023 2218 3574 3534 7595 6907 6902 6877 112 1622 2908 17456 5290 15273 13343 24329 9931 249 8063 2716 2642
cat_boundaries=0 1 22
cat_threshold=2 32768 32768 1074790400 8192 0 16809984 0 0 262656 16 604766208 1536 0 0 2152235009 16777236 0 537395712 100663296 5 512
is_linear=0
shrinkage=0.05


Tree=60
num_leaves=63
num_cat=1
split_feature=66 69 69 3 74 3 57 47 59 52 3 78 33 81 17 65 58 56 9 69 32 33 45 58 3 38 57 3 34 13 63 58 17 54 45 51 66 67 28 37 69 9 20 86 52 52 20 3 19 39 9 80 58 89 63 43 30 9 3 17 3 28
split_gain=2.18995 0.638628 0.252499 0.59895 0.249168 0.234284 0.205042 0.142794 0.142985 0.0938228 0.0727852 0.071391 0.0632581 0.0623944 0.08325 0.0615947 0.0730647 0.0609565 0.0596957 0.056166 0.0533969 0.0518544 0.0669637 0.0516581 0.0781897 0.0648333 0.051507 0.0555428 0.0649635 0.0673317 0.0543886 0.0838427 0.0504925 0.0519903 0.0502711 0.0868862 0.0485724 0.0690607 0.0489621 0.0473639 0.0461749 0.0461007 0.0449178 0.0522501 0.0438875 0.0508784 0.0438064 0.0436993 0.0426815 0.040935 0.0401155 0.0392246 0.0505903 0.0430702 0.0429345 0.0391439 0.0384195 0.0381715 0.0438456 0.0626413 0.050393 0.0380506
threshold=1.0000000180025095e-35 0.58333333333333337 0.83333333333333337 2019.5000000000002 0 2019.5000000000002 -0.87191605579714715 2.5311633845010424 0.17342342342342379 -9.5758350860106365 2014.5000000000002 1.0000000180025095e-35 1.0000000180025095e-35 1.0000000180025095e-35 1.8369701987210299e-16 4.0250000000000012 0.97984183187507934 6.0528775852421273 -1.0000000180025095e-35 0.41666666666666669 1.0000000180025095e-35 0.25000000000000022 0.25000000000000017 4.0290588536612226 2017.5000000000002 -0.25000000000000011 0.73477261142757277 2021.5000000000002 1.5308084989341916e-16 -0.93301270189221919 18.509583333333335 12.641721619214154 -1.6160254037844388 0.13945233206923588 -1.3660254037844386 -1.7160373210690973 61.31333333333334 125.47000000000001 -0.68301270189221941 1.6160254037844388 0.41666666666666669 16.227241335952172 -0.5 1.0000000180025095e-35 -17.202062233316351 14.378500643420056 -0.5 2018.5000000000002 0.68301270189221941 0.93301270189221952 -20.392304845413257 1.0000000180025095e-35 204.93495973776149 1.0000000180025095e-35 51.770454545454555 0.68301270189221941 -2.7554552980815443e-16 17.660254037844393 2020.5000000000002 1.0000000180025095e-35 2018.5000000000002 -0.93301270189221908
decision_type=2 2 2 2 1 2 2 2 2 2 2 2 2 2 2 2 2 2 2 2 2 2 2 2 2 2 2 2 2 2 2 2 2 2 2 2 2 2 2 2 2 2 2 2 2 2 2 2 2 2 2 2 2 2 2 2 2 2 2 2 2 2
left_child=5 4 23 10 6 20 11 8 32 18 17 13 36 14 15 41 -17 -4 -6 56 34 57 -23 24 -3 -26 44 30 29 -29 31 -28 -8 -34 35 -1 37 38 -12 -9 -10 -2 -33 -44 -25 -46 -31 -16 49 50 -27 52 -19 -54 -53 -40 -13 58 59 -15 -61 -14
right_child=1 2 3 -5 9 -7 7 39 40 -11 12 19 61 21 47 16 -18 51 -20 -21 -22 22 -24 26 25 48 27 28 -30 46 -32 42 33 -35 -36 -37 -38 -39 55 -41 -42 -43 43 -45 45 -47 -48 -49 -50 -51 -52 54 53 -55 -56 -57 -58 -59 -60 60 -62 -63
leaf_value=0.22584349865350753 0.034509057735280235 -0.03787769526469012 -0.04500068022048364 0.051794965833247733 0.30421058008889218 -0.051146842706152357 0.064696643170928755 0.00072919012954688342 -0.020914865930430796 -0.046233888799183956 0.052924002673241689 0.056092774291994031 -0.22161846088734216 -0.017909152553635458 0.039949567479751522 -0.032894379270671188 0.013198576244743791 -0.0055093514007631249 0.013534291766975329 0.038883818567346157 0.040328672634540735 0.18054655773743017 -0.011897900598034694 -0.0078433436237196827 0.046878214778237365 0.068260535368370942 -0.02584034889838608 0.026930303886896989 0.073875011044268482 0.022291429043190477 0.0050249241227322645 -0.0616978557220067 -0.043412531206933808 -0.0076020105052879558 -0.021126869141296852 -0.030001768682471414 0.026499780107530697 -0.12293186914023901 0.0066045217691975203 0.1385372235262633 -0.04528840768171661 0.13513901397023428 -0.011781759729681318 0.076605840847336848 0.014558611240004422 -0.005384867614590819 -0.041456117195260572 -0.034548867179121277 0.055331423875949706 0.072869008572977387 -0.015547028693954388 -0.025731697821001293 -0.05359798327534903 -0.27896244573474477 0.03855950749037855 -0.034693789696648054 -0.00063457072326816464 0.024641894314877625 -0.043127809831148264 0.031496222512881436 0.25092837389720629 -0.023232429202664048
leaf_weight=0.0056880288393585951 0.072649255799205781 0.20499180362003055 0.1217366372477503 0.92259657856880029 0.0018324986631341736 3.1059347404616346 0.021325936137145729 0.50338450515664579 0.25613625685264174 0.747832342649417 0.0524169101404377 0.033035005733836442 0.002472250838764011 0.091413129238844704 0.022182058405178395 0.10456551389688684 0.483619241350425 0.2092546558073991 0.048892160616560432 0.18749101188586792 0.044376301848387811 0.0070742658463132093 0.012520951677288394 0.38492949446936142 0.060679967365103948 0.014708312761285924 0.35004066604415163 0.051818147681842675 0.017234268372703809 0.030034154115128331 1.4942429254506349 0.01155560021288693 0.12060223643675205 0.63504613396526111 0.36729362076335104 0.0079657653950565566 0.38013898424469517 0.010476347732037539 0.61938198611687656 0.0063132249342743299 0.80509594356044545 0.013495570678969671 0.026272050205079722 0.045989123713297886 1.6065066280516478 0.39927577128946712 0.26239477318449633 0.17481418357556322 0.025658985410700552 0.014238963529351167 0.48873994094174122 0.037373972791101551 0.039849063745805324 0.0022391785410036382 0.085092531749523914 0.063235041411644488 0.30933164082489373 0.033921620117325801 0.23102756676598801 0.0078523714601033134 0.0039238875542650939 0.1081799098187729
leaf_count=88 712 5581 4168 54672 38 10769 46 5724 2510 1857 2186 98 25 1227 745 2803 5442 16090 1500 332 912 52 190 7704 355 140 1455 231 83 79 25516 5 238 3865 11946 59 33238 222 29568 5 341 34 196 165 16001 6986 835 704 226 102 2809 1604 2396 101 9804 1647 2174 247 576 133 71 4190
internal_value=0 -0.00200761 0.00659346 0.0192542 -0.0162 -0.046381 -0.011264 -0.0209806 -0.0274736 -0.0417704 0.00191898 0.00148871 0.00840856 -0.00499096 0.00243403 0.0107875 0.00500433 -0.0142714 0.0240354 0.0168859 -0.0115783 -0.0216766 0.0575784 0.000471147 -0.0111953 -0.00213991 0.00248776 -0.00287208 -0.0208578 -0.0256005 0.000499887 -0.0150847 -0.0111761 -0.0133174 -0.0176249 0.0765807 0.0119546 0.00453796 0.00635477 0.00243611 -0.0394057 0.0502739 0.0298335 0.0444707 0.00762088 0.0105886 -0.0349089 -0.0261602 -0.00761417 -0.010734 -0.0130986 -0.00426395 -0.0155697 -0.0655878 0.0189393 0.0027788 0.00483906 -0.0258952 -0.0310245 -0.00392673 0.104612 -0.0276649
internal_weight=0 13.0791 8.14376 2.65444 4.93538 3.53126 4.13682 2.3479 1.83821 0.798557 1.73185 1.78892 1.2363 1.25906 0.871326 0.67433 0.588185 0.495546 0.0507247 0.529858 0.425324 0.387734 0.0195952 5.48931 0.809018 0.604026 4.68029 2.28958 0.361481 0.344247 1.9281 0.433857 0.776974 0.755648 0.380947 0.0136538 1.12565 0.74551 0.735034 0.509698 1.06123 0.0861448 0.0838168 0.0722612 2.39071 2.00578 0.292429 0.196996 0.543346 0.517687 0.503448 0.373809 0.251343 0.0420882 0.122467 0.682617 0.342367 0.368139 0.334217 0.103189 0.0117763 0.110652
internal_count=283818 260044 228380 159911 31664 23774 28269 12729 7000 3395 105239 15540 71076 12936 10440 8991 8245 34163 1538 2604 13005 2496 242 68469 9213 3632 59256 28565 1228 1145 27337 1821 4149 4103 12093 147 66861 33623 33401 5729 2851 746 366 361 30691 22987 914 1449 3277 3051 2949 29995 18587 2497 11408 31215 2272 2254 2007 1431 204 4215
cat_boundaries=0 1
cat_threshold=1
is_linear=0
shrinkage=0.05


Tree=61
num_leaves=63
num_cat=2
split_feature=66 68 3 74 3 8 17 9 36 66 3 51 0 22 3 54 68 35 40 23 3 9 34 8 63 19 8 47 64 3 70 66 64 3 83 36 36 41 67 36 3 9 48 9 8 77 64 36 42 91 47 17 46 3 85 45 16 9 14 3 68 42
split_gain=2.06637 0.551862 0.595725 0.356864 0.222312 0.134665 0.171421 0.16864 0.339662 0.153476 0.116906 0.123138 0.112161 0.0925383 0.110044 0.0869252 0.0818488 0.103467 0.0935329 0.104563 0.0807614 0.0800647 0.0775339 0.0939448 0.0924925 0.076328 0.0818735 0.0820461 0.0720854 0.0720357 0.0703444 0.0731683 0.069432 0.066761 0.061319 0.0611086 0.0605743 0.0688737 0.0556924 0.0530977 0.0530201 0.0789753 0.0726032 0.0729871 0.0725227 0.0705634 0.0698857 0.0652334 0.0573394 0.0657444 0.0611551 0.0560317 0.0526005 0.0514211 0.0500559 0.0494172 0.0489048 0.113243 0.0702259 0.189121 0.0629609 0.0742875
threshold=1.0000000180025095e-35 0.83333333333333337 2019.5000000000002 0 2019.5000000000002 1.5000000000000002 -1.0000000180025095e-35 16.227241335952172 1.0000000180025095e-35 80.346666666666678 2020.5000000000002 -4.9819162317044876 1 -0.5 2017.5000000000002 2.1146299673988564 0.41666666666666669 -1.0000000000000002 -2.7554552980815443e-16 -0.93301270189221919 2019.5000000000002 -19.959292143521036 0.93301270189221952 4.5000000000000009 23.511818181818185 1.866025403784439 3.5000000000000004 -6.0701569734566911 3.9800000000000004 2019.5000000000002 1.5079248201031361 235.26000000000005 5.9750000000000005 2014.5000000000002 1.0000000180025095e-35 -1.0000000180025095e-35 -1.0000000180025095e-35 0.68301270189221941 42.090000000000011 1.866025403784439 2021.5000000000002 3.4820508075688776 -130.02285993966294 22.500000000000004 2.5000000000000004 1.5000000000000002 94.027500000000018 -0.5 -1.0000000180025095e-35 1.5000000000000002 -17.293007422349774 0.93301270189221952 0.6830127018922193 2018.5000000000002 1.0000000180025095e-35 -1.3660254037844386 0.6830127018922193 4.1650635094610982 -0.86602540378443849 2021.5000000000002 0.41666666666666669 0.25000000000000022
decision_type=2 2 2 1 2 2 2 2 2 2 2 2 9 2 2 2 2 2 2 2 2 2 2 2 2 2 2 2 2 2 2 2 2 2 2 2 2 2 2 2 2 2 2 2 2 2 2 2 2 2 2 2 2 2 2 2 2 2 2 2 2 2
left_child=4 3 30 5 33 6 16 9 -9 13 11 20 22 35 -15 -11 -2 -18 -19 21 -5 -20 23 56 28 26 34 -28 -25 52 31 -3 -24 55 39 -8 -35 -38 -37 40 41 -14 46 47 48 54 -42 -44 -43 50 -50 -45 -30 -32 -46 -1 58 -58 59 -7 -60 -62
right_child=1 2 -4 10 -6 12 7 8 -10 15 -12 -13 25 14 -16 -17 17 18 19 -21 -22 -23 32 24 -26 -27 27 -29 29 -31 53 -33 -34 36 -36 38 37 -39 -40 -41 42 44 43 51 45 -47 -48 -49 49 -51 -52 -53 -54 -55 -56 -57 57 -59 60 -61 61 -63
leaf_value=0.082176518436483686 -0.020315362384208245 0.0041980834801048162 0.051704880510626286 0.005073780093973905 -0.051089661402788367 -0.046853330127570918 -0.055365002305921035 -0.015516864659432587 0.14363880280511462 0.12247651095488854 -0.050716269233650718 -0.03875290234607421 -0.021303733437915071 0.01990294784598199 -0.041249999353388515 0.0048436663156318583 -0.057937631979727157 -0.054294186193877582 0.064666899255411844 0.059037256319604915 0.10553940428970188 -0.025800564677020518 -0.057104802165605754 0.048297451495229987 0.064421399097804755 0.061223826333159564 -0.010900676069615062 0.0059649979718802079 0.065162367361565096 -0.038395008585433439 -0.019100982397124589 0.044468881076520118 0.025186726511136012 -0.03794043834131848 0.0012733121176191991 0.011032876355103569 0.02168102292588743 0.28515111913956476 0.11601549898722202 0.057655837094485386 0.12917789201069094 -0.052470814885109053 0.015345930954098412 -0.023830751799082669 -0.029861289950768456 0.069210094110892115 -0.0038557907866340322 -0.035870322658276908 -0.003345675537866188 -0.039707527519593444 0.048389278710696593 0.063117305500218088 -0.04816143821246234 0.01994512707740824 0.057135652035173082 -0.033740792368092069 0.043017526387082124 0.23222934398729633 0.026187876999247375 0.079498265737555224 0.06456323451229283 -0.069557661991347344
leaf_weight=0.0095385133936360944 0.16871581398163504 0.99664044909013616 0.89322491721577524 0.069542818433546927 2.8981387003277632 0.066469156383391237 0.020627217694709543 0.14361070010272659 0.043731191600272723 0.017705715859847149 0.58547735406864376 0.14415228218876919 0.8678680515859023 0.078446897467526866 1.1821744689041223 0.13895753423730639 0.037271532828526688 0.030368318632099545 0.034331856169956154 0.20597177647778153 0.028080990236958314 0.085024897721268644 0.041440291417529695 0.055165428803775285 0.069880737747553212 0.039657196462940081 1.4109136483912141 1.4748700218387978 0.035923212952184258 0.12061511848423834 0.49650768775495624 0.12718732586063197 0.067195252020610496 0.049569112888093847 0.54822354367570358 0.039189230619740889 0.13523002572333065 0.0025268011286243555 0.018642289327544859 0.023527015895524417 0.01373017545847699 0.026558325173937192 0.066680694042588473 0.03758265363285318 0.24071911050850758 0.022094367370300461 0.035131737891788362 0.91946093292062858 0.082263251330459752 0.035617538663245796 0.1869076328994197 0.036548131625750102 0.014322155351692345 0.10156775294080944 0.017753824120518402 0.25482934051410966 0.0245390663822036 0.011667771883367095 0.17863963489889989 0.053414304304169491 0.43187581343727288 0.010577214644399646
leaf_count=49 461 62065 54754 2057 10747 180 78 252 40 25 665 1251 8484 1487 806 730 37 23 90 628 229 251 36 410 2542 156 31377 29143 824 1001 23850 14910 105 2630 5076 92 4736 88 74 75 78 241 84 42 2535 239 166 1568 949 194 1429 66 93 4337 415 5411 308 54 947 84 2168 38
internal_value=0 -0.00194886 0.0185712 -0.00713873 -0.0460045 -0.00439947 -0.0151039 -0.0230859 0.0216348 -0.0286872 -0.0386376 -0.00938812 -0.00109324 -0.0341654 -0.0374445 0.0181383 0.008814 0.0213203 0.0296253 0.0374589 0.0339722 0.000221557 0.0035983 0.0381228 0.0141471 -0.00299518 -0.00836999 -0.00228095 -0.00139631 -0.0174409 0.00138327 0.00875566 -0.00620433 -0.0133775 -0.0139295 0.0185211 0.00945823 0.0265137 0.0448746 -0.0171198 -0.0177993 -0.0116045 -0.0260642 -0.0288104 0.00215165 -0.0165545 0.0335266 -0.0324072 0.0179911 0.0241309 0.0325782 0.0190366 0.0328601 -0.01247 -0.0238857 -0.0295584 0.0472514 0.103992 0.0444789 0.00944286 0.0512416 0.061357
internal_weight=0 12.955 2.61513 10.3399 3.34983 9.5126 2.24477 1.68309 0.187342 1.49574 0.827253 0.241776 7.26783 1.33908 1.26062 0.156663 0.561684 0.392968 0.355697 0.325329 0.0976238 0.119357 1.18173 1.07309 0.295907 6.08611 6.04645 2.88578 0.226026 0.17086 1.7219 1.12383 0.108636 0.451694 3.16067 0.0784587 0.187326 0.137757 0.0578315 2.61244 2.58892 1.47978 1.10913 1.06027 0.611914 0.280567 0.0488619 0.986142 0.331347 0.304788 0.269171 0.0741308 0.0502454 0.598075 0.258473 0.264368 0.777183 0.0362068 0.740976 0.119883 0.621093 0.442453
internal_count=283960 260299 159916 100383 23661 96181 5074 3584 292 3292 4202 3537 91107 2537 2293 755 1490 1029 992 969 2286 341 8790 8649 4870 82317 82161 60520 2328 1918 105162 76975 141 12914 21641 244 7454 4824 166 16565 16490 14486 2004 1760 6002 3189 244 1652 2813 2572 2378 108 917 28187 2950 5460 3779 362 3417 264 3153 2206
cat_boundaries=0 1 23
cat_threshold=1 4194304 973078528 0 134217728 0 135184 4096 34078720 1024 8388608 2147483648 2147483648 16910339 16418 134480000 8388608 2048 0 4194304 262144 0 268435456
is_linear=0
shrinkage=0.05


Tree=62
num_leaves=63
num_cat=1
split_feature=66 68 8 68 3 3 1 57 35 70 66 79 41 9 54 47 9 9 10 3 74 28 44 58 76 68 25 33 8 8 56 87 17 28 58 3 8 76 8 3 76 38 58 51 23 9 67 17 9 18 39 10 58 8 57 67 80 81 43 58 66 66
split_gain=1.91474 0.575019 0.260251 0.237919 0.568952 0.211439 0.171662 0.115768 0.0891487 0.064133 0.0648227 0.0638873 0.0681131 0.0623724 0.055445 0.0531696 0.0679828 0.0773132 0.0525114 0.0479877 0.0837516 0.0804729 0.0792704 0.0741339 0.0665182 0.0653705 0.120158 0.0694359 0.0936076 0.0659082 0.0591029 0.0526237 0.0513101 0.0462767 0.0435683 0.0584727 0.0755507 0.0780558 0.0614503 0.0524332 0.0530123 0.0494483 0.0474476 0.0459104 0.0458276 0.0610238 0.0452469 0.0408284 0.0400185 0.039496 0.038213 0.037413 0.0373184 0.0583538 0.0385528 0.0392584 0.0367086 0.0364009 0.0400012 0.038758 0.0363475 0.0391186
threshold=1.0000000180025095e-35 0.58333333333333337 1.5000000000000002 0.83333333333333337 2019.5000000000002 2019.5000000000002 3.5000000000000004 2.1497850888893741 0.93301270189221952 2.4685540264468053 235.26000000000005 2.5000000000000004 -0.6830127018922193 -24.499999999999996 0.1100890109446758 1.0000000180025095e-35 15.29422863405995 -9.5000000000000036 11.379165124598854 2020.5000000000002 0 0.25000000000000017 -1.0000000180025095e-35 38.442128440792139 1.0000000180025095e-35 0.41666666666666669 0.25000000000000022 1.8369701987210299e-16 2.5000000000000004 4.5000000000000009 301.95127438871469 1.0000000180025095e-35 0.25000000000000028 -2.7554552980815443e-16 4.0290588536612226 2017.5000000000002 1.5000000000000002 1.5000000000000002 3.5000000000000004 2019.5000000000002 1.5000000000000002 0.6830127018922193 43.245490559187573 -4.9819162317044876 1.0000000180025095e-35 -9.7631397208144097 340.14000000000004 2.2990381056766584 -14.722431864335453 0.93301270189221952 0.93301270189221952 -11.379165124598847 73.728489954693245 2.5000000000000004 -1.601681442644439 80.030000000000015 1.5000000000000002 1.0000000180025095e-35 1.0000000180025095e-35 127.00533654382356 3.3450000000000006 13.030000000000003
decision_type=2 2 2 2 2 2 2 2 2 2 2 2 2 2 2 2 2 2 2 2 1 2 2 2 2 2 2 2 2 2 2 2 2 2 2 2 2 2 2 2 2 2 2 2 2 2 2 2 2 2 2 2 2 2 2 2 2 2 2 2 2 2
left_child=5 2 6 34 9 14 -2 8 11 10 18 12 -8 -9 -1 -14 17 -17 33 24 21 22 -21 25 -4 27 -27 28 -24 60 -25 57 -32 -5 35 -3 -37 38 41 44 43 -38 -42 47 45 46 -36 56 -35 -16 -40 -50 54 -54 -47 -56 -41 58 -26 -59 -30 -62
right_child=1 3 19 4 -6 -7 7 13 -10 -11 -12 -13 15 -15 49 16 -18 -19 -20 20 -22 -23 23 30 31 26 -28 -29 29 -31 32 -33 -34 48 39 36 37 -39 50 40 42 -43 -44 -45 -46 52 -48 -49 51 -51 -52 -53 53 -55 55 -57 -58 59 -60 -61 61 -63
leaf_value=-0.050126282726927388 -0.046780453523408295 -0.034928936242803736 -0.0086831769101608208 0.030098720621478212 0.051617575775397731 -0.051035388934378201 0.040144382375233545 0.036474261349520615 0.053353844256534035 -0.015256222067674744 0.037973372294929982 0.061461657067996237 -0.025346292139277866 -0.042513712202664193 0.0015226008263359925 -0.029882990884231426 -0.045265179740287764 0.084368581883488891 0.035684366362361122 -0.040575372607093652 -0.052631435798538219 -0.052162369830586711 -0.030409810186019067 -0.022484068690939375 0.023807298303335514 0.049350885775862725 -0.025989780992876035 0.057086643176286034 -0.0033370978115326421 -0.0081494262856566628 0.0038080696460800149 -0.017919048235486259 0.14665497002089548 0.035055335153077481 0.036832663929102366 -0.045205701936243362 0.056504256191293178 -0.038709540426820052 -0.0053079984565071441 0.0014108931571644855 0.082189640732141522 -0.0084771737474858104 0.0040668255972320143 -0.0086534207040419829 0.030770253918978877 0.01758189128824781 -0.014799547623241134 -0.052329092570046601 0.018844081516259131 -0.045507850274137562 0.072698704407134843 -0.011147642695568154 -0.056880581611173431 0.0028967357628682301 -0.0065654210827813643 0.066512064623070438 0.024111552537232718 0.021846885136186503 0.09173116032567627 -0.06232981861210838 0.093204761426820146 0.0018081395697188323
leaf_weight=0.085328764990438954 0.86047243589564404 0.19341636833155273 0.74686726049867502 0.11064665081812652 0.8513431409687654 2.7403246753547137 0.053809589396223712 0.026616648305207491 0.05982864400903054 0.42398541487000319 0.15072549742990293 0.029594348481623456 0.48797762142657997 0.40959414057579124 0.30777620832986941 0.022773253532250237 0.031300951982302649 0.042329629722189566 0.11144469425926207 0.1445377034078773 0.11855616245156841 0.099911052697280067 0.23263586602115516 0.40913981238009001 0.34130116196047311 0.18950050111743622 0.073427614363026805 0.044079235246499593 0.023444059130270034 0.11771511997039852 0.018367645022408396 0.10037984797236277 0.0095574736515118275 0.060837729060494672 0.21917554320862054 0.09211145609151572 0.10754816165353986 0.089328297683550772 0.27262967770320756 1.1305689211912984 0.034659672035559086 0.040226199169410393 0.044247918263863539 1.6863372917841841 0.21225624287490052 0.33946745235243669 0.052618063713453012 0.031807324190594843 0.12108626854433147 0.052214457477020915 0.016658859573908558 0.73613340840256547 0.068443379205746169 0.10117784983049205 0.51579899554508379 0.019057340269682754 0.21138335459909274 0.030933119225664996 0.023145353741711006 0.024509836721335887 0.045776024664519355 0.0157306610053638
leaf_count=1215 196 5536 13300 5605 54814 10762 87 28 53 18742 17693 31 816 740 10726 53 25 147 9198 557 536 591 319 1893 6399 263 43 294 58 1849 220 1180 54 5071 5605 83 226 139 3009 8562 113 38 367 9738 7164 9189 1366 42 7644 1013 172 41138 1090 3378 10355 861 1236 786 414 501 115 104
internal_value=0 -0.00254924 -0.0161791 0.00564012 0.0182039 -0.0458426 -0.029847 -0.0173273 -0.0051172 0.00161564 0.00715717 -0.0103558 -0.0136861 -0.037694 -0.0138884 -0.0186428 0.015289 0.0444029 0.00308333 -0.00633125 -0.0122542 -0.00889211 -0.00562665 -0.00134352 0.000878213 0.00827555 0.0283106 -0.00271316 -0.00876857 0.016073 -0.0176805 0.014604 0.0526979 -0.000448509 -0.000244473 -0.0109343 -0.00343076 0.00387929 0.0125837 0.00161524 -0.00208236 0.0388154 0.0383818 -0.00312576 0.00921132 0.00573341 0.0268369 0.00365962 -0.00413014 -0.00529888 -0.000815934 -0.00691117 0.000239066 -0.0212238 0.00440293 -0.00396161 0.00498668 0.022379 0.028121 -0.0153654 0.0496376 0.0698296
internal_weight=0 12.8789 4.83381 8.04512 2.5662 3.18564 2.0243 1.16382 0.727614 1.71486 1.29087 0.667785 0.638191 0.436211 0.445319 0.584381 0.0964038 0.0651029 1.14015 2.80952 1.54238 1.42382 1.32391 1.17937 1.26714 0.742309 0.262928 0.479381 0.435302 0.202666 0.437065 0.520269 0.0279251 1.0287 5.47892 0.811919 0.618503 0.526391 0.437063 4.667 3.139 0.147774 0.0789076 3.0601 1.52799 1.31574 0.271794 1.37376 0.918057 0.359991 0.289289 0.85722 1.04395 0.169621 0.874324 0.534856 1.34195 0.419889 0.364447 0.055443 0.0849507 0.0615067
internal_count=283542 259826 31652 228174 159905 23716 2176 1980 1212 105091 86349 1159 1128 768 12954 1041 225 200 68656 29476 6896 6360 5769 5212 22580 3045 306 2739 2445 2126 2167 9280 274 59458 68269 9203 3667 3584 3445 59066 20058 264 480 19578 39008 31844 6971 9840 53853 11739 3181 48782 24873 4468 20405 11216 9798 8100 6813 1287 277 219
cat_boundaries=0 1
cat_threshold=1
is_linear=0
shrinkage=0.05


Tree=63
num_leaves=63
num_cat=1
split_feature=66 68 3 74 3 3 54 65 24 3 3 59 3 10 68 3 50 56 32 58 3 88 34 60 71 58 67 3 22 42 36 17 9 78 3 52 58 31 9 60 35 58 29 10 26 56 58 58 32 1 10 70 3 26 3 58 50 10 26 70 66 26
split_gain=1.83918 0.506599 0.550202 0.308534 0.226873 0.118763 0.0978844 0.222935 0.0962094 0.0932469 0.0826574 0.0798625 0.0854138 0.0747531 0.0611962 0.0550678 0.054743 0.0526033 0.0493389 0.0709894 0.0595247 0.062696 0.0598296 0.0584285 0.0564874 0.0515787 0.0467031 0.0460666 0.0701296 0.160853 0.045759 0.0440303 0.0435229 0.0434852 0.0707137 0.0432281 0.0427672 0.0431821 0.0420115 0.0419524 0.040265 0.142856 0.0396618 0.0395636 0.0506029 0.0656298 0.0521928 0.0466683 0.0383232 0.039543 0.0422694 0.0415709 0.0465081 0.0601009 0.0394985 0.0381399 0.0381344 0.061209 0.037931 0.0452197 0.0377102 0.0375948
threshold=1.0000000180025095e-35 0.83333333333333337 2019.5000000000002 0 2019.5000000000002 2020.5000000000002 3.5890233078138993 33.020000000000003 -1.0000000180025095e-35 2018.5000000000002 2017.5000000000002 0.63231097728902352 2019.5000000000002 11.379165124598854 0.58333333333333337 2014.5000000000002 -2.927377731137113 6.0528775852421273 1.0000000180025095e-35 61.678067917056815 2019.5000000000002 1.0000000180025095e-35 -4.592425496802573e-16 3.9799997041075827 5.4590008887556198 11.431967846893484 160.15000000000003 2014.5000000000002 0.93301270189221952 0.93301270189221952 0.25000000000000022 -1.0000000180025095e-35 14.361215932167731 3.5000000000000004 2018.5000000000002 -32.50838846629231 1869.2773187935816 -1.0000000180025095e-35 -8.8301270189221892 -10.402007560499966 0.93301270189221952 1.9272004741461413 -1.0000000000000002 -6.7141016151377562 1.5308084989341916e-16 0.12597036626616234 0.46544352736141326 2.4161262816396127 -1.0000000000000002 4.5000000000000009 18.093266739736606 2.4685540264468053 2018.5000000000002 -1.616025403784439 2018.5000000000002 1.3598195762956995 12.772225541561705 8.8301270189221963 -0.68301270189221941 0.86956797460555557 23.060000000000006 9.1848509936051497e-17
decision_type=2 2 2 1 2 2 2 2 2 2 2 2 2 2 2 2 2 2 2 2 2 2 2 2 2 2 2 2 2 2 2 2 2 2 2 2 2 2 2 2 2 2 2 2 2 2 2 2 2 2 2 2 2 2 2 2 2 2 2 2 2 2
left_child=4 3 15 6 27 8 7 13 -5 -10 -8 12 -9 16 -15 17 43 -3 19 20 22 23 -12 25 -20 39 33 -1 36 -30 -24 -13 -25 48 -35 -27 37 38 -29 -22 56 -42 -28 58 45 -45 -47 -46 -17 50 54 -51 -53 -54 -50 -14 -18 -58 -2 -60 -16 -56
right_child=1 2 -4 5 -6 -7 10 11 9 -11 18 31 55 14 60 26 40 -19 24 -21 21 -23 30 32 -26 35 42 28 29 -31 -32 -33 -34 34 -36 -37 -38 -39 -40 -41 41 -43 -44 44 47 46 -48 -49 49 51 -52 52 53 -55 61 -57 57 -59 59 -61 -62 -63
leaf_value=-0.026372979388051717 0.020028665942636782 -0.04204888793824673 0.051560495344450376 -0.045423637064513189 -0.050983872778355172 -0.050730711665624428 0.013208175702048276 -0.033262616291340613 -0.0067471710192150581 0.085178063886060557 -0.023944067935890032 0.0095712702774040266 0.085486327828672729 -0.039904525544988127 0.00060557324769634877 -0.14432158515109139 -0.013458090316046662 -0.0033430360664353275 -0.021120489405717854 -0.0098010358737761084 0.013449480432358241 -0.014704372100089291 0.043912492128577563 0.026883987227925024 0.016796838314448014 -0.047129966357306263 -0.11994471767000314 -0.041568299787123418 0.041707740792222711 0.66679098752646182 -0.016443698396866418 -0.042837424138575463 -0.017321531771271086 0.055398906999262768 -0.1924725958515745 0.010992672519996277 0.25338312245511324 -0.012255248535507111 0.085750534423878394 -0.032525122161706728 0.086755330916168022 -0.018451262006626484 0.027763376457764378 0.14244393240712655 0.039826188244496213 -0.041893229942094642 0.01950066656625022 -0.021820157924435587 -0.0031552910449164544 0.018723707417166436 0.044042956934770949 -0.025090330885303547 -0.095271316654558513 0.094804701930959454 -0.019385118225058989 0.0019800602232330493 0.0043268834486657462 0.13935955035804834 0.017213444792890435 -0.032235092815783864 -0.044913057322530772 -0.084808041955374072
leaf_weight=0.22030794854345126 0.08931191881220002 0.11474423142635659 0.82118704315371349 0.09934869016524317 2.6042875655830358 0.52994053871589131 0.98408731942936345 0.27535597928385847 0.097262240110920994 0.038509764679474756 0.050930772436913685 0.042756814684253186 0.014468770636995032 0.22413043080314299 0.29488739210682979 0.0043755069609662236 1.0237496112663378 0.37355529498654505 0.59666143517551962 1.2410743229124817 0.068433821234975767 0.43341746781743484 0.22148723867849307 0.41955266017703252 0.11757998013763427 0.034058644999276799 0.0046207753985072477 0.0088904276171888341 0.0049238547323966477 0.0013011546552661457 0.036591172378393821 0.63918983052190015 0.064201182758552022 0.0048175700994761428 0.0071443594752054196 0.52671423061383416 0.0016720576504667397 0.1467176126527644 0.023889801331279492 0.18049524190791977 0.049877176659720024 0.091386819366562122 0.27597176545214097 0.010506791403713689 0.038006189397492562 0.036309630280811689 0.74298181809399466 0.15971664149037679 0.18739672159563503 0.46371099899988621 0.03208265650755493 0.11782855348474186 0.0053796884749317533 0.018324867488900054 0.061859309368173854 0.24879055082192281 0.19982250139673841 0.0087601450250076596 0.064227336275507807 0.16503225948781619 0.053802616613666032 0.034043521114199393
leaf_count=5445 694 4135 54954 523 10772 679 30426 7933 2622 367 684 137 207 450 1515 201 5012 30041 5523 10418 486 2515 5385 2966 1054 198 45 325 419 21 263 1923 437 386 125 2397 120 6292 304 650 78 313 27085 108 249 1475 7085 670 9375 24718 2337 3235 25 594 2030 946 1516 44 494 1225 355 772
internal_value=0 -0.00210968 0.0179345 -0.00706909 -0.0455544 -0.0376089 -0.00459619 -0.00996348 -0.00803348 0.0193261 0.00022931 -0.028185 -0.0137938 -0.00312552 -0.0195204 0.00174722 0.00037911 -0.0124384 -0.00297082 -0.000375441 0.0053704 0.00175383 0.0255814 0.00726872 -0.0148785 -0.000945306 0.00743635 -0.0108721 0.00735119 0.172363 0.035355 -0.0395515 0.0210173 0.00207746 -0.0926444 0.00746258 0.00168137 -0.000663281 0.05122 -0.0198861 -0.00658955 0.0186948 0.0253309 0.00770794 0.0126506 0.0183137 0.0166401 -0.00997053 0.00330239 0.00400401 -0.0103512 0.0114843 -0.0122346 0.0516674 -0.0165112 0.00656958 -0.00948794 0.00999804 -0.00761354 -0.018382 -0.00641792 -0.0426089
internal_weight=0 12.7405 2.52704 10.2134 3.01199 0.765061 9.44836 4.47307 0.235121 0.135772 4.97529 1.22056 0.538615 3.25251 0.57282 1.70586 2.67969 0.4883 3.9912 3.27696 2.03588 1.72687 0.309009 1.29346 0.714241 0.809702 1.21756 0.407703 0.187395 0.00622501 0.258078 0.681947 0.483754 0.936964 0.0119619 0.560773 0.18117 0.179498 0.0327802 0.248929 1.3736 0.141264 0.280593 1.30609 0.987521 0.789798 0.779291 0.197723 0.925002 0.920626 0.315382 0.605244 0.141533 0.0237046 0.2833 0.263259 1.23233 0.208583 0.318572 0.22926 0.34869 0.0959028
internal_count=283778 260080 160058 100022 23698 4191 95831 32429 3512 2989 63402 11146 9086 21283 2320 105104 18963 34176 32976 26399 15981 9649 6332 7134 6577 3731 70928 12926 7481 440 5648 2060 3403 43798 511 2595 7041 6921 629 1136 6963 391 27130 12000 9587 8668 8560 919 43287 43086 14514 28572 3854 619 12177 1153 6572 1560 2413 1719 1870 2802
cat_boundaries=0 1
cat_threshold=1
is_linear=0
shrinkage=0.05


Tree=64
num_leaves=63
num_cat=1
split_feature=66 68 3 8 1 3 66 0 16 5 8 19 64 56 17 68 58 39 25 40 68 58 8 64 55 63 8 33 3 3 65 57 54 30 63 42 3 78 54 70 47 21 68 16 8 1 34 36 52 19 57 8 20 58 40 56 3 23 28 36 58 3
split_gain=1.76115 0.485676 0.524641 0.333972 0.231244 0.217745 0.106413 0.104353 0.0959612 0.094177 0.0832833 0.0902661 0.080463 0.0796492 0.0860949 0.0734812 0.0706263 0.0661018 0.0679924 0.0797467 0.0755251 0.110143 0.0627127 0.0615968 0.0602912 0.0606388 0.0590728 0.0716504 0.0641268 0.0581111 0.0569001 0.0566659 0.0791089 0.0728276 0.0774036 0.100858 0.0656758 0.055566 0.0536181 0.052638 0.0774754 0.0674385 0.052476 0.0904536 0.126537 0.0782828 0.0508424 0.0675993 0.0536047 0.0597587 0.0850105 0.0488066 0.055159 0.0482617 0.0467545 0.0463688 0.0463056 0.0462935 0.0454289 0.122705 0.0657264 0.0447446
threshold=1.0000000180025095e-35 0.83333333333333337 2019.5000000000002 1.5000000000000002 3.5000000000000004 2019.5000000000002 83.625000000000014 0 -1.0000000000000002 0.6830127018922193 3.5000000000000004 1.866025403784439 40.015000000000008 113.21294655569078 -1.0000000180025095e-35 0.58333333333333337 0.59214286653115389 -0.93301270189221919 -0.6830127018922193 -1.0000000180025095e-35 0.41666666666666669 3.3447989210925715 11.500000000000002 101.13250000000001 -4.3857260649341159 11.133928571428573 4.5000000000000009 -1.0000000000000002 2019.5000000000002 2014.5000000000002 50.005000000000003 2.6929755762351957 8.2590687185401261 -0.25000000000000022 4.7750000000000012 -0.5 2020.5000000000002 1.0000000180025095e-35 0.1100890109446758 0.91461673028528789 -0.27557263768474799 0.93301270189221952 0.41666666666666669 9.1848509936051497e-17 2.5000000000000004 9.5000000000000018 0.25000000000000022 -2.7554552980815443e-16 -0.99154701224373543 1.0000000180025095e-35 -2.8723366613602042 7.5000000000000009 -2.7554552980815443e-16 81.955293529069863 9.1848509936051497e-17 7.4171530274663331 2020.5000000000002 0.93301270189221952 -0.5 -0.68301270189221941 1.9272004741461413 2019.5000000000002
decision_type=2 2 2 2 2 2 2 9 2 2 2 2 2 2 2 2 2 2 2 2 2 2 2 2 2 2 2 2 2 2 2 2 2 2 2 2 2 2 2 2 2 2 2 2 2 2 2 2 2 2 2 2 2 2 2 2 2 2 2 2 2 2
left_child=5 3 29 4 -2 38 8 9 -6 26 11 31 24 14 17 -8 22 -10 -19 -20 -21 -22 -12 -23 55 -26 27 -5 -28 37 51 33 54 -9 35 -35 -34 -3 -1 40 41 -16 43 44 45 -29 47 -40 -49 -50 -51 -30 -53 -42 -33 -11 -27 -38 59 -41 -60 -18
right_child=1 2 -4 7 6 -7 15 10 13 12 16 -13 -14 -15 39 -17 61 18 19 20 21 23 -24 -25 25 56 28 42 30 -31 -32 32 36 34 -36 -37 57 -39 46 58 53 -43 -44 -45 -46 -47 -48 48 49 50 -52 52 -54 -55 -56 -57 -58 -59 60 -61 -62 -63
leaf_value=-0.049684746672996542 -0.043366341936183675 -0.0025782779088380234 0.051444262504246177 -0.006701718594632553 0.077439868981587917 -0.050934968002910024 -0.015792325801475115 0.026169813708212194 0.079377842573489912 0.058583313379001148 -0.039283112217382815 0.068336975458417201 0.070919244461576908 -0.044413291671454448 -0.024626345033509498 0.043538122164867216 0.0070008882314404764 -0.042391530647894249 -0.063545880919438566 -0.01707883626241399 -0.041047323945732905 0.061818504133559382 0.10266713777810935 -0.032012375214629248 -0.035867169575524473 0.05826927455955784 0.060046340300491954 -0.042468206666075876 -0.041200860751963601 0.0077601729925024336 0.059155986319019818 -0.041982986926686901 0.0028996130010322204 0.056469038075833082 -0.0064868827542079073 -0.037572983406054153 -0.038694238613012404 -0.040745027336873192 -0.040162684969747293 -0.057115023902346719 0.081394674763371005 0.062491880706381134 0.062681085878351667 0.1416915180024971 0.071651283687298992 0.080560045639787151 -0.046016131125780485 -0.010005867171390086 0.025505076261850876 0.22557387174334692 -0.0034555213091535374 -0.081832145487942209 0.053214931491552431 -0.045689842311125384 0.018361277274780544 -0.015217369735965934 -0.016586650030237387 0.0080221454149093322 0.02265040314844774 0.063919384259458645 -0.04130420863358255 -0.0057707841080447634
leaf_weight=0.079784433281930744 0.87512117412643275 0.36062389855283017 0.77832810928032348 0.054862493765540421 0.026701570565819899 2.5206378605926147 0.085373698611874604 0.13393298721712277 0.027400605526054278 0.06251650549529586 0.16864532864656245 0.033176276654557912 0.046431995997409103 0.24464317508454758 0.22329799594217525 0.13425135633224272 1.2258855780730757 0.0798661489125152 0.034582235249217774 0.11109126019346127 0.03993479399878197 0.15297883981929772 0.0081571216032898519 0.019748602558138373 0.12952861967823992 0.039286067563807592 0.062650649506394984 0.07338873404478341 0.073549745942727895 1.1995313816287305 0.031909476098007872 0.48111972565766314 0.35334851754669216 0.030735342847947322 1.4464309967643201 0.39390326692318955 0.24467430988443084 0.12964616668705276 0.066399038563986656 0.041778292099479586 0.036033457376106304 0.024668212109645538 0.41254345964352979 0.016257026458333712 0.063334559655231715 0.015695198388129938 0.060664018452598611 0.1012208847694186 0.11073472993871225 0.009450829317984244 0.0070920351859058419 0.0095831995859043673 0.0358343137081647 0.0094245762502396246 0.034393640422422322 0.032269766757053731 0.043574133060246822 0.067703873857681174 0.043763416564615909 0.041983550741861109 0.48969346172270889 1.5565304927326904
leaf_count=1238 345 27340 54841 74 96 10691 286 1176 40 306 5489 85 597 367 756 857 36832 182 28 332 42 390 159 62 301 328 2115 254 435 70950 366 2295 5613 92 9892 2177 749 6775 3793 20 593 44 2336 80 507 64 1303 4161 2225 157 147 37 761 76 241 179 108 196 45 86 679 20947
internal_value=0 -0.00241024 0.0174776 -0.00725859 -0.0221579 -0.0452953 -0.012218 -0.00172352 -0.016576 0.00335681 -0.00311088 -0.0137113 0.00957244 -0.0181248 -0.0134517 0.0204749 -0.00209094 0.00403776 -0.000673227 0.00862498 0.016334 0.0337884 -0.032734 0.0510905 0.000299373 -0.0144989 0.0402799 0.0479187 0.0175246 0.00183237 -0.000132357 -0.0145656 -0.0232528 -0.00944755 -0.0119971 -0.0307662 -0.0118664 -0.012671 -0.0126417 -0.0223939 -0.00495912 -0.0159596 0.0530744 0.0295787 0.0176207 -0.0207925 -0.0043296 0.00424583 0.0171504 0.0387472 0.127387 -0.0160347 0.0247197 0.0550469 -0.037957 0.033458 0.0189044 -0.0285691 -0.0306824 0.00355048 -0.0360575 -0.000143801
internal_weight=0 12.5923 2.46813 10.1242 2.74234 2.95598 1.86722 7.38185 1.64759 1.20322 6.17864 3.21942 0.353607 1.62089 1.37625 0.219625 2.95922 0.465602 0.438202 0.358336 0.323753 0.212662 0.176802 0.172727 0.307175 0.212389 0.849609 0.636081 0.213527 1.6898 0.150877 3.18624 1.18124 2.005 1.87107 0.424639 0.665727 0.49027 0.435346 0.910643 0.293424 0.247966 0.581219 0.168676 0.152418 0.0890839 0.355562 0.294898 0.228498 0.127278 0.0165429 0.118967 0.0454175 0.045458 0.515513 0.0947863 0.0828602 0.312378 0.617219 0.0837618 0.533457 2.78242
internal_count=283738 260023 159906 100117 5326 23715 4981 94791 3838 8848 85943 22516 1819 3742 3375 1143 63427 1076 1036 854 826 494 5648 452 1222 737 7029 3315 3714 105065 1599 22431 9094 13337 12161 2269 6558 34115 13024 2299 1469 800 3241 905 825 318 11786 10483 6690 2529 304 1233 798 669 2536 485 436 945 830 106 724 57779
cat_boundaries=0 22
cat_threshold=4194304 973078528 8388608 134217728 0 137232 12288 34078720 1024 8388608 2147483648 2147483648 17170433 34 134480000 8388608 0 0 4194304 262144 0 268435456
is_linear=0
shrinkage=0.05


Tree=65
num_leaves=63
num_cat=1
split_feature=66 68 3 18 68 3 66 54 65 58 64 9 68 36 58 66 36 3 19 54 9 54 10 43 19 46 65 57 63 1 20 40 68 67 82 10 38 10 54 18 19 68 50 3 22 42 22 3 19 36 9 10 86 20 41 54 9 67 70 72 71 19
split_gain=1.64453 0.430928 0.247162 0.204114 0.186738 0.506557 0.0950187 0.121003 0.0899136 0.0796538 0.0573954 0.0538542 0.0713344 0.0637256 0.0522817 0.0509484 0.0537223 0.0607154 0.0776791 0.0492124 0.0595033 0.0571398 0.054746 0.048424 0.0481853 0.060449 0.0457569 0.0515261 0.0465719 0.0477196 0.0446905 0.0415386 0.0714163 0.0412219 0.053445 0.0473241 0.0467875 0.0476785 0.0440943 0.0407283 0.0405545 0.0397508 0.0557562 0.0393147 0.0554884 0.0610076 0.0419998 0.0454044 0.0897487 0.0384222 0.037794 0.044831 0.0372729 0.0367037 0.0366139 0.0419698 0.0443467 0.0365893 0.0365781 0.0362668 0.0516304 0.0436309
threshold=1.0000000180025095e-35 0.58333333333333337 2019.5000000000002 1.2500000000000007 0.83333333333333337 2019.5000000000002 33.683333333333337 1.1277219093604407 110.97500000000001 112.18256231881131 3.9800000000000004 7.8971143170299749 0.41666666666666669 -1.0000000000000002 8.9719043872946251 33.020000000000003 -0.5 2013.5000000000002 1.0000000180025095e-35 0.45787514843552302 -0.6830127018922193 18.561517783144847 2.7990381056766584 0.93301270189221952 1.0000000180025095e-35 0.6830127018922193 1.0250000000000001 0.90413262544637962 23.511818181818185 4.5000000000000009 -1.0000000180025095e-35 1.0000000180025095e-35 0.41666666666666669 165.03000000000003 1.0000000180025095e-35 18.093266739736606 -0.5 -14.861215932167726 222.9195187345218 -0.68301270189221941 1.0000000180025095e-35 0.41666666666666669 -46.603539666862069 2014.5000000000002 0.93301270189221952 0.93301270189221952 1.0000000180025095e-35 2010.5000000000002 1.0000000180025095e-35 -1.0000000180025095e-35 -13.928203230275507 -6.7141016151377562 1.0000000180025095e-35 -0.68301270189221941 0.68301270189221941 0.23434337469832447 -8.8301270189221892 12.075000000000001 0.74974574871264699 0 1.0099281025573672 1.866025403784439
decision_type=2 2 2 2 2 2 2 2 2 2 2 2 2 2 2 2 2 2 2 2 2 2 2 2 2 2 2 2 2 2 2 2 2 2 2 2 2 2 2 2 2 2 2 2 2 2 2 2 2 2 2 2 2 2 2 2 2 2 2 9 2 2
left_child=2 3 43 6 59 10 7 8 11 19 -6 12 -2 -13 -14 16 -9 18 30 20 -8 -21 -23 -15 25 31 -19 28 29 -28 -18 -11 -33 35 36 50 37 -35 -36 -39 -10 42 -5 46 49 -46 47 48 53 -45 -12 -52 -32 -1 55 -51 -57 58 -30 61 -61 -3
right_child=1 4 -4 41 5 -7 9 15 40 24 33 13 14 23 -16 -17 17 26 -20 21 -22 22 -24 -25 -26 -27 27 -29 57 -31 52 32 -34 34 38 -37 -38 39 -40 -41 -42 -43 -44 44 45 -47 -48 -49 -50 54 51 -53 -54 -55 -56 56 -58 -59 -60 60 -62 -63
leaf_value=0.15398456686641035 -0.013738410792306699 -0.026430150751384458 -0.050888538598061278 0.077199882836573974 -0.02501551918192281 0.051348862956854993 0.14081143458064846 0.030553931176636157 -0.04777901843712249 -0.021737337747352873 0.031196323790768185 0.061057943126481135 0.05901813181034974 -0.037669206429612287 0.0036704544608311997 0.15261205450664431 -0.056242847890568659 -0.036434449196331931 0.19173507165687823 -0.044808735126931211 -0.013489451589988639 0.027349424757037999 -0.041280602674524366 0.017248398608760259 0.059467080586145873 0.12632616898714355 0.036412614785825352 -0.012326772204081194 0.0054413339711936494 0.0039405630116951286 0.04938810578335872 0.020108629407265082 0.31486048390810822 0.041398660640915019 0.0078245786107853984 0.047928183103824518 0.034607441171527781 -0.19462924750930477 -0.087421670460507195 -0.015660592289173023 0.072498909974402545 -0.049345143549415382 -0.029240852043374468 -0.036093002391323403 0.045322033184404566 0.35900697383275365 -0.048656612275619779 -0.020633778949707852 0.1859866810266757 -0.03328396208202701 0.014357947481893306 -0.010193621646843704 -0.035765003898471044 -0.037602193278452926 0.17446650433398347 -0.021372655833733479 0.052928402387162912 -0.015315652735036326 0.080497791034722238 0.0021515159159544665 0.014598989837099098 0.061556642345439443
leaf_weight=0.0029560989278252228 0.40053761305989455 0.9440864873472492 2.3656094830662369 0.013901206697482849 0.18179336039543192 0.7314216428939061 0.0083319897821638733 0.14384218395571191 0.25475815838308336 0.18012035795163683 0.080221217511278975 0.019934918062062934 0.067172020644648001 0.31860271164941878 0.11695599577069515 0.0055698852484057362 0.015323269784857985 0.10028562925072027 0.007270236832482623 0.48917312212870456 0.024980895314911211 0.06011255784687819 0.056247315788823471 0.045926096045150189 0.029633761641889578 0.0079763389549043495 0.18957724532083353 0.6484413761131691 0.10973318634205498 0.28060794579687354 0.080191807143364602 0.018398775998321071 0.0023134634029702275 0.010022843769093015 0.034226302286697319 0.049850915234401216 0.26273078312988207 0.0063074308727664175 0.018840286835256848 0.0064091324015862483 0.0072064478181346195 0.44345646740111988 0.1070247718680547 0.046823221643990443 0.0048845012488527564 0.0022705358042003354 0.091400041153065104 0.091304999516978569 0.0086529467275795469 0.036518078871267456 0.24299592030410955 0.7918027634655137 0.015303224790841341 0.016198029257340152 0.0035714856567210509 0.02910758117832335 0.064766558763039606 0.30014453157855314 0.019050588682148373 3.309583184002804 1.1133110805362774 0.014303071482572705
leaf_count=12 4260 7243 10791 87 5872 54697 14 1132 2703 2412 5991 23 57 928 140 51 61 421 87 670 488 285 237 96 197 42 1202 5964 1402 1815 2953 527 12 671 2284 4167 30599 248 535 398 26 93 691 2714 417 22 1324 3109 94 1543 13768 40502 317 872 95 1058 1677 2270 51 41303 19946 11
internal_value=0 -0.00209836 -0.0447523 -0.0142568 0.0050554 0.0166015 -0.0103071 -0.00624998 -0.0184802 -0.0248583 0.00152026 -0.0114549 -0.00189698 -0.0259899 0.0238619 0.00161107 0.00117067 -0.00122272 0.03341 -0.0340627 0.0251032 -0.0373177 -0.00582571 -0.0307503 -0.000197494 -0.00866498 -0.00370459 -0.00158361 0.00616437 0.0170332 0.0230231 -0.0140263 0.0530311 0.00472899 0.0200869 0.000265657 0.0286523 -0.0401527 -0.0259908 -0.104429 -0.0444703 -0.0424158 -0.0170048 -0.00832139 0.00830068 0.144865 -0.0231613 -0.00359764 0.0523408 0.00289585 -0.00186527 -0.00442832 0.0357422 -0.00803419 0.0165233 0.0121972 0.0298899 -0.00574988 0.0165442 -0.00012972 0.00162061 -0.00219666
internal_weight=0 12.386 2.76406 4.58811 7.79791 2.41662 4.02372 3.14644 1.23109 0.877289 1.6852 0.969129 0.584666 0.384464 0.184128 1.91534 1.90977 1.76593 0.118089 0.638846 0.0333129 0.605533 0.11636 0.364529 0.238443 0.208809 1.64784 1.54755 0.899113 0.470185 0.110818 0.200833 0.0207122 1.50341 0.338537 1.16487 0.28547 0.0227394 0.0530666 0.0127166 0.261965 0.564382 0.120926 0.398454 0.187942 0.00715504 0.210512 0.119112 0.0278071 0.180787 1.11502 1.0348 0.095495 0.0191541 0.133964 0.130392 0.0938741 0.428928 0.128784 5.38128 4.42289 0.95839
internal_count=283677 259949 23728 31714 228235 159732 30843 25959 8233 4884 105035 5504 4457 1047 197 17726 17675 16543 3418 1694 502 1192 522 1024 3190 2993 13125 12704 6740 3017 3331 2951 539 99163 34735 64428 31916 1317 2819 646 2729 871 778 12937 7526 439 5411 4087 978 7087 60261 54270 3270 884 4373 4278 2735 3723 1453 68503 61249 7254
cat_boundaries=0 23
cat_threshold=262144 288 67112962 0 0 0 0 0 134283712 36995 1 0 16640 0 1073741824 8388608 537198592 384 8 2147483648 0 8192 33
is_linear=0
shrinkage=0.05


Tree=66
num_leaves=63
num_cat=0
split_feature=66 68 3 8 3 1 64 79 63 3 1 65 16 18 17 58 36 68 64 68 3 58 70 63 38 77 46 28 3 23 17 81 59 29 8 10 70 66 18 67 58 66 37 39 3 15 64 33 78 54 67 3 1 81 39 57 23 66 45 3 35 22
split_gain=1.57055 0.381951 0.497487 0.267197 0.250219 0.22142 0.103577 0.0880456 0.0746489 0.0862516 0.115062 0.0782716 0.0735306 0.0801032 0.0712235 0.0936062 0.0941077 0.104693 0.0681544 0.0737756 0.0681488 0.0742587 0.0685419 0.0663467 0.0790821 0.0655106 0.0620558 0.0584361 0.0754768 0.0579804 0.0570249 0.0532163 0.0529494 0.0596681 0.0717881 0.0522306 0.0499244 0.0589614 0.0498175 0.0491099 0.0632208 0.0490476 0.0497765 0.0485197 0.0477918 0.0471455 0.0470372 0.0556618 0.0456882 0.0448023 0.0522588 0.0443857 0.0843652 0.0846079 0.0711101 0.0631595 0.0530054 0.061077 0.0439736 0.046213 0.0482123 0.0581774
threshold=1.0000000180025095e-35 0.83333333333333337 2019.5000000000002 1.5000000000000002 2019.5000000000002 3.5000000000000004 316.79750000000007 2.5000000000000004 1.0000000180025095e-35 2018.5000000000002 6.5000000000000009 16.005000000000006 -1.0000000000000002 -0.5 -1.0000000180025095e-35 3.3447989210925715 -1.0000000180025095e-35 0.41666666666666669 5.0750000000000011 0.41666666666666669 2019.5000000000002 39.294194013776377 4.5537096045539043 53.441558441558449 0.25000000000000022 1.0000000180025095e-35 0.25000000000000017 -0.5 2016.5000000000002 -0.6830127018922193 -2.0000000000000004 1.5000000000000002 0.42690497191945204 0.25000000000000028 11.500000000000002 -8.8301270189221892 1.5079248201031361 235.26000000000005 1.866025403784439 120.86000000000001 67.766996503617889 15.083333333333334 1.866025403784439 -0.6830127018922193 2018.5000000000002 -1.0000000000000002 10.982500000000002 -1.0000000180025095e-35 3.5000000000000004 6.2677173500476515 4.0400000000000009 2020.5000000000002 3.5000000000000004 1.0000000180025095e-35 1.0000000180025095e-35 -27.231354637894146 0.93301270189221952 24.416666666666668 -1.3660254037844386 2014.5000000000002 -1.0000000180025095e-35 0.93301270189221952
decision_type=2 2 2 2 2 2 2 2 2 2 2 2 2 2 2 2 2 2 2 2 2 2 2 2 2 2 2 2 2 2 2 2 2 2 2 2 2 2 2 2 2 2 2 2 2 2 2 2 2 2 2 2 2 2 2 2 2 2 2 2 2 2
left_child=4 3 36 5 58 -2 7 12 9 -5 32 -12 -7 49 15 -15 -17 -18 19 -16 31 22 38 24 -23 -8 -24 -20 -29 30 -19 43 33 34 35 -11 37 -3 45 -30 -41 -25 51 -10 -38 -22 47 -33 -46 50 -14 52 -43 54 -54 -53 -57 -58 -1 -60 -61 -62
right_child=1 2 -4 8 -6 6 25 -9 20 10 11 -13 13 14 18 16 17 29 27 -21 21 23 26 41 -26 -27 -28 28 39 -31 -32 46 -34 -35 -36 -37 44 -39 -40 40 -42 42 -44 -45 48 -47 -48 -49 -50 -51 -52 55 53 -55 -56 56 57 -59 59 60 61 -63
leaf_value=0.090919602435745817 -0.044071387691880702 0.0034027356694623779 0.051280699912998176 -0.040843355085986355 -0.05084445349624761 0.06835928956658141 0.0042009767367101212 0.058030331614526642 0.0322305904640178 0.066471376640947835 0.17122386222204028 0.030846103222694855 -0.0066869134333431115 -0.041619032390256862 -0.029299318357696249 0.10653866402317658 -0.039180592112639419 0.071019495738578117 0.048891322722723396 0.036773840036654251 -0.058845491151773989 -0.050960393713556762 0.024742189622506482 0.010411792125562789 0.077401938027696279 0.075525801022983757 -0.028653836319716571 0.03826230229048995 -0.038886472784796816 0.065518711144756964 -0.016834800692007698 -0.13600438939555742 -0.047867320538817947 0.059377764917060108 0.12489974681334333 -0.046959640615548498 -0.017251285686573109 0.041444020601420731 0.071305307154798367 0.063148125397317775 -0.029948412351730992 0.054327227830486116 0.10382745454111907 0.0027735119541284462 0.025867977690630317 -0.0023861601215429164 0.055570955866051014 0.019935749009150596 -0.21052130479935516 -0.002838453499753711 -0.054094342624258621 0.0057969053200169545 0.0022344008036004862 -0.044134748808973168 0.11844299045268297 -0.033204101147761532 0.082695101752956787 -0.012583513316051474 -0.027242552578057973 -0.036885273451045683 0.015668758975075924 0.18609552072015476
leaf_weight=0.010951681380902634 0.7165241658540239 0.98978877548461175 0.6971567372689832 0.25360986897362625 2.281837799742334 0.025146252501145105 0.088227475407620548 0.040620348441734566 0.15027020319576045 0.011800199863500893 0.013208556744757516 0.040005045514590165 0.073697874126082641 0.074464254560552612 0.072859841604440256 0.02915549573572207 0.071777069518248027 0.025227087229723111 0.024981805717288919 0.1005533017214475 0.037550665074378542 0.16320135196383478 0.42619514012858406 0.2649173299778339 0.012951136750416481 0.050690186504652957 0.062377045308494417 0.039135035767230764 0.52841260735840478 0.075445012238560594 0.068963270758104045 0.0071935380474315016 0.082383776108144957 0.034808772957603651 0.0080836921224545222 0.072502634875490912 0.48374096326688221 0.11354326523724012 0.022611892669374245 0.028355006317724474 0.051101227458275389 0.062674504352798754 0.0089757016830843694 2.0045370094130703 0.096893078595712723 2.4122248267217401 0.096651844356074434 0.027982313142274395 0.0020880863639831651 0.081170258432393894 0.27520386986725498 0.18999296984566139 0.078649814581694955 0.10105996891979885 0.015810540115126059 0.56732649293462634 0.020118639233260183 0.10258771167809755 0.20168141326894418 0.046251402218331683 0.1339534774469936 0.0052019352874594907
leaf_count=139 330 61993 54808 9941 10717 77 566 114 3406 99 169 494 58 106 95 51 258 42 126 120 67 602 2461 2665 104 349 296 1209 582 262 203 40 459 175 191 563 23811 14950 99 57 163 749 24 45136 4228 15589 4056 380 149 349 223 1766 959 883 121 3107 77 390 5415 2606 4575 250
internal_value=0 -0.00221479 0.0157544 -0.00654312 -0.0444634 -0.020518 -0.0112715 -0.0146902 -0.00171194 -0.0200424 3.16802e-05 0.0656903 -0.0164852 -0.0178018 -0.0111201 0.00802383 0.0216863 0.0114386 -0.0189333 0.00901308 -0.000327202 -0.00386662 0.000812022 -0.0125889 -0.0415229 0.030227 0.017925 -0.0261451 -0.0290424 0.0328569 0.00669529 0.00671442 -0.0166395 0.00358658 -0.017434 -0.0310823 0.00106483 0.00731754 -0.0025697 -0.0333755 0.00327432 -0.00897955 -0.0134575 0.00482777 -0.0107741 -0.00325158 0.037553 -0.0119543 0.0208812 -0.0362967 -0.0440806 -0.0143824 0.00384616 -0.0123357 0.0216851 -0.0197306 -0.0267593 0.00303814 -0.00788275 -0.0106781 0.00734032 0.0220397
internal_weight=0 12.2772 2.38321 9.89397 2.67988 2.54171 1.82519 1.68627 7.35226 0.516403 0.262793 0.0532136 1.64565 1.6205 1.19043 0.345032 0.270568 0.241412 0.845399 0.173413 6.83586 4.54923 2.96096 1.58827 0.176152 0.138918 0.488572 0.671986 0.647004 0.169635 0.0941904 2.28663 0.209579 0.127195 0.0923865 0.0843028 1.68605 1.10333 2.47239 0.607869 0.0794562 1.41211 1.1472 2.15481 0.582722 2.44978 0.131828 0.0351759 0.0989812 0.430072 0.348902 1.13822 0.258195 0.19552 0.0944604 0.880026 0.690033 0.122706 0.39804 0.387088 0.185407 0.139155
internal_count=284049 260347 159939 100408 23702 5340 5010 4095 95068 12091 2150 663 3981 3904 3274 922 816 765 2352 215 82977 29959 18512 11447 706 915 2757 2137 2011 507 245 53018 1487 1028 853 662 105131 76943 15755 802 220 10741 8076 48542 28188 15656 4476 420 4377 630 281 8052 2712 1963 1080 5340 3574 467 12985 12846 7431 4825
is_linear=0
shrinkage=0.05


Tree=67
num_leaves=63
num_cat=1
split_feature=66 69 3 18 69 3 65 63 74 3 3 41 65 22 67 81 8 65 70 66 63 3 39 26 19 51 3 66 18 8 9 9 9 54 19 38 3 9 69 70 28 19 22 40 36 47 9 20 42 42 22 60 36 36 3 58 58 38 80 63 53 16
split_gain=1.47664 0.354642 0.222689 0.199472 0.14492 0.490595 0.0743715 0.126984 0.0639417 0.0612094 0.0751382 0.0583428 0.0577886 0.0590775 0.0579314 0.0829192 0.0775397 0.0506536 0.0493723 0.0627892 0.0533353 0.0476756 0.0571336 0.0504751 0.0451717 0.0448839 0.044326 0.0457625 0.042834 0.0472823 0.0778567 0.048865 0.0465423 0.0424638 0.0413531 0.0430169 0.0419391 0.0404759 0.0396028 0.0475043 0.0388953 0.038517 0.0415784 0.0384809 0.0435165 0.0382533 0.0480585 0.0523311 0.0544874 0.0382533 0.0374042 0.0373008 0.0370963 0.0351432 0.0347314 0.0343323 0.0338315 0.0338182 0.0333001 0.0331555 0.0326485 0.0324055
threshold=1.0000000180025095e-35 0.58333333333333337 2019.5000000000002 1.2500000000000007 0.83333333333333337 2019.5000000000002 64.040000000000006 65.763750000000016 0 2020.5000000000002 2018.5000000000002 -1.0000000000000002 1.0250000000000001 0.93301270189221952 9.3300000000000018 1.0000000180025095e-35 5.5000000000000009 45.030000000000008 1.219885492444684 11.726666666666668 153.96333333333337 2020.5000000000002 0.68301270189221941 -1.0000000180025095e-35 -1.0000000180025095e-35 2.053762707392409 2016.5000000000002 66.500000000000014 -1.25 1.5000000000000002 9.2500000000000018 21.325317547305488 16.227241335952172 0.57280375523545313 1.6160254037844388 -0.68301270189221941 2017.5000000000002 -11.129165124598853 0.41666666666666669 0.49394968676264372 -0.68301270189221941 0.68301270189221941 1.0000000180025095e-35 -4.592425496802573e-16 0.25000000000000022 -3.3002223653766811 -23.499999999999996 -1.0000000180025095e-35 1.0000000180025095e-35 1.0000000180025095e-35 0.93301270189221952 6.7293628774088399 -2.7554552980815443e-16 -0.68301270189221941 2021.5000000000002 6.9378490071846022 54.769227884637736 0.6830127018922193 1.0000000180025095e-35 162.62242424242427 26.172918358983686 -1.0000000180025095e-35
decision_type=2 2 2 2 2 2 2 2 1 2 2 2 2 2 2 2 2 2 2 2 2 2 2 2 2 2 2 2 2 2 2 2 2 2 2 2 2 2 2 2 2 2 2 2 2 2 2 2 2 2 2 2 2 2 2 2 2 2 2 2 2 2
left_child=2 3 33 6 51 18 8 -8 9 10 -2 -10 13 -13 15 16 28 24 19 20 43 23 -23 59 -17 41 27 60 -14 30 -30 32 -31 45 35 -21 -36 -35 39 -5 -29 42 -16 -6 -45 46 -1 55 -49 -24 -28 -3 -27 -39 -43 -48 -56 -41 -53 -9 -20 -25
right_child=1 4 -4 38 5 -7 7 21 11 -11 -12 12 14 -15 25 17 -18 -19 26 34 -22 22 49 61 -26 52 50 40 29 31 -32 -33 -34 37 36 -37 -38 53 -40 57 -42 54 -44 44 -46 -47 47 48 -50 -51 -52 58 -54 -55 56 -57 -58 -59 -60 -61 -62 -63
leaf_value=0.18969782594425155 -0.033652461023151573 -0.0028350541000958032 -0.050802590756295007 0.10290898668604605 0.031455633124640607 0.05116627252554154 -0.040656475267310747 0.046405432782613804 0.11365014141925688 -0.050893106091861144 0.074500944890792939 -0.026150807497858638 -0.055279366133953636 0.042419694713095701 -0.011138138243058144 0.077692614776887658 -0.0071595904838535097 0.09631509937395806 -0.032238369960759551 -0.025967009205841537 -0.092140362296110279 -0.022643887060234395 0.063940144986480471 0.070122748414095673 -0.019146794496867847 0.028731619664695014 0.0076636147033254873 -0.075137597039167503 0.03707399108581251 0.027858058999671725 0.12841517611997552 0.094607525450933622 -0.034054207012654138 -0.04140598189865171 0.05656528480898694 0.023469821590910555 -0.10763983273377398 -0.035812728100504745 -0.04902448503715217 -0.040222270936393002 0.012192660828738409 -0.0026585970072941049 0.020380754021886306 -0.017970858575488084 0.05563721546672884 -0.051007017082047634 0.1300882385169751 -0.039822295637310511 0.089376388281597788 -0.042609356735053089 -0.056553535052887995 0.00032301232957626826 -0.023508294962597036 0.029893641663354526 0.07773925460208421 -0.0014897561779597564 -0.0074197065850171301 0.024124360621516933 0.015032865450510162 -0.04907746675892468 -0.14506762348673169 0.011857553181261634
leaf_weight=0.0030303406529128543 0.042624047546269139 3.8014604855177367 2.0995903693697073 0.007795130115482495 0.06108922862495092 0.66296324336440182 0.45150541942848554 0.011050283483200474 0.010789075044159602 0.13599644273381273 0.025767091585294111 0.36489566277032137 0.013052626034550485 0.034370077261428378 0.45336801355142575 0.012596055146786966 0.16354453269786973 0.010620114589983132 0.22286366299931615 0.047818367837861198 0.018296135486707499 0.44012419174578099 0.033131835533822596 0.026804502703271282 0.27381704387880745 0.037064480988192372 0.31542341187764578 0.014412123914098629 0.078637307304234016 0.21090443641605816 0.033169881048252137 0.023364130982372444 0.03545881895115599 0.03379018633836528 0.0056254600121974354 0.55142964163587904 0.012593987839863985 0.024308063365652166 0.42220782546792179 0.084932001156630577 0.11054765113158282 0.048392099867669458 0.13602569702879919 0.26092044125880443 0.021753035885467398 0.084064579823917795 0.0095462003373540938 0.08566387925179697 0.0090198135731043294 0.011295676777081098 0.024431989399090526 0.95163572503952287 0.40880063444319603 0.12498015484561553 0.042790204912307672 0.010314090363863215 0.016032510764489416 0.026882191232289188 0.64586010771881774 0.051294610033892241 0.006601416409466764 0.21752094258727084
leaf_count=4 1089 44101 10785 83 1746 54794 2997 266 24 265 205 1096 86 74 4371 44 3426 56 9041 2626 395 2086 143 700 1321 165 14806 568 142 2010 29 118 36 1835 444 54718 411 1518 84 553 9594 309 895 8426 1159 680 43 4716 99 53 833 13979 2683 3960 149 68 40 162 10497 875 152 4940
internal_value=0 -0.00208328 -0.0443946 -0.0134225 0.0043614 0.0147637 -0.00942972 -0.0194985 -0.00463938 -0.0314893 0.00709549 -0.00236011 -0.0028823 -0.020248 0.000588567 0.0104302 0.0217883 -0.010912 0.000345369 0.00757504 -0.00895683 -0.00742486 -0.017189 0.00800291 -0.0148879 -0.00677809 -0.00985462 -0.022226 0.0337864 0.0368334 0.0641722 0.0255009 0.0189471 -0.0094232 0.0172687 0.0195249 -0.0569397 0.00801 -0.0418296 -0.0164323 0.0021205 0.00115057 -0.00386392 -0.00452954 -0.0123064 -0.0252517 -0.00683688 -0.0120363 -0.0275145 0.03685 0.00304708 -0.000140921 -0.0191656 0.0191949 0.0287168 0.0617555 0.0545286 -0.0247522 0.00627014 -0.0321537 -0.0354843 0.0182497
internal_weight=0 12.1324 2.48431 4.39663 7.73573 2.33677 3.85481 1.24273 2.61208 0.204388 0.0683911 2.40769 2.3969 0.399266 1.99764 0.855165 0.558132 0.297033 1.67381 0.979526 0.362059 0.791222 0.484552 0.30667 0.286413 1.14247 0.69428 0.354425 0.394587 0.381535 0.111807 0.269727 0.246363 0.384717 0.617467 0.599248 0.0182194 0.183078 0.541817 0.119609 0.12496 0.696609 0.589394 0.343763 0.282673 0.201639 0.117574 0.114544 0.0946837 0.0444275 0.339855 5.39896 0.445865 0.149288 0.107215 0.0198603 0.0588227 0.111814 1.5975 0.0623449 0.229465 0.244325
internal_count=283573 259865 23708 31575 228290 159713 30693 12060 18633 1559 1294 17074 17050 1170 15880 7268 5847 1421 104919 69925 11726 9063 2282 6781 1365 8612 34994 19355 2421 2335 171 2164 2046 12923 58199 57344 855 7313 882 798 10162 5764 5266 11331 9585 5610 4930 4926 4815 196 15639 68577 2848 5478 498 111 189 715 24476 1141 9193 5640
cat_boundaries=0 1
cat_threshold=2
is_linear=0
shrinkage=0.05


Tree=68
num_leaves=63
num_cat=1
split_feature=66 68 3 74 3 35 3 57 8 47 76 50 50 59 17 58 3 8 65 33 10 54 1 17 3 81 57 68 37 56 23 58 34 36 3 78 10 70 83 3 70 70 60 19 44 3 56 24 58 34 88 8 66 10 47 23 10 66 58 3 9 8
split_gain=1.41609 0.33889 0.449963 0.230725 0.220358 0.173378 0.109404 0.101061 0.129139 0.114028 0.0866751 0.0893031 0.0864881 0.0775178 0.0739811 0.0670503 0.120723 0.0579378 0.0554985 0.0527636 0.0502501 0.0500036 0.0496738 0.0484633 0.0451344 0.060499 0.0496384 0.0595717 0.0731583 0.0464202 0.049513 0.0450987 0.0444579 0.0535696 0.04356 0.0479018 0.0435311 0.0434267 0.0437053 0.0724046 0.0428263 0.0424599 0.0419949 0.0489081 0.0554516 0.0512492 0.0471668 0.0582674 0.0529975 0.0456507 0.044558 0.0417844 0.041169 0.040046 0.0412968 0.0499459 0.0397811 0.0393473 0.0704923 0.0381714 0.0380153 0.0729934
threshold=1.0000000180025095e-35 0.83333333333333337 2019.5000000000002 0 2019.5000000000002 2.2990381056766584 2020.5000000000002 -1.0468294151858817 1.5000000000000002 1.8683730255894526 1.0000000180025095e-35 -12.227534429412804 8.4764764687524643 -1.757639907829623 -1.0000000180025095e-35 0.97984183187507934 2018.5000000000002 8.5000000000000018 0.97000000000000008 1.2500000000000002 13.428203230275509 0.1100890109446758 9.5000000000000018 -0.6830127018922193 2019.5000000000002 1.5000000000000002 0.43350968959045738 0.41666666666666669 3.0616169978683831e-16 4.0552310687951758 1.0000000180025095e-35 8.0731262584743408 1.0000000180025095e-35 -2.7554552980815443e-16 2014.5000000000002 1.0000000180025095e-35 -10.000000000000002 0.70717942632890451 1.0000000180025095e-35 2016.5000000000002 1.0000060415221739 0.6755560817664118 -11.081564345062111 1.8369701987210299e-16 -2.7554552980815443e-16 2021.5000000000002 5.1759562585044216 -1.0000000180025095e-35 45.735345246182931 9.1848509936051497e-17 1.0000000180025095e-35 5.5000000000000009 5.698333333333335 -11.750000000000002 -7.0165258512844071 0.25000000000000022 10.446152422706634 1.7383333333333335 4.5965065307662138 2018.5000000000002 17.160254037844393 2.5000000000000004
decision_type=2 2 2 1 2 2 2 2 2 2 2 2 2 2 2 2 2 2 2 2 2 2 2 2 2 2 2 2 2 2 2 2 2 2 2 2 2 2 2 2 2 2 2 2 2 2 2 2 2 2 2 2 2 2 2 2 2 2 2 2 2 2
left_child=4 3 34 5 21 7 10 15 9 13 11 -5 -11 -9 40 16 -2 19 -17 24 42 -1 53 -22 25 29 27 36 51 -10 37 -14 33 -23 35 56 -26 -31 39 -39 -15 52 -20 44 -44 46 47 -45 -48 60 -50 -29 -37 -18 -55 -56 -3 58 -16 -12 -46 -62
right_child=1 2 -4 6 -6 -7 -8 8 17 12 59 -13 31 14 57 18 22 -19 20 -21 23 32 -24 -25 26 -27 -28 28 -30 30 -32 -33 -34 -35 -36 41 -38 38 -40 -41 -42 -43 43 45 49 -47 48 -49 50 -51 -52 -53 -54 54 55 -57 -58 -59 -60 -61 61 -63
leaf_value=-0.049401791103045864 -0.043407000602636164 -0.0069877163970374807 0.051132934353455554 0.079397659881429467 -0.050762835691360121 0.29714526226930049 -0.050174118665677905 -0.0022779465288411977 -0.02833240980621617 -0.0033146899125298247 0.0085976070531323841 -0.047879265973153423 0.20627953440814994 0.034214807090663373 -0.044524330842122303 -0.035300699715842612 0.068339447599356368 0.013155311765174711 -0.0010499055900803154 0.059752704341022971 0.089191167122758208 -0.037352164410246622 0.11658145226836558 -0.014740400144174996 0.05161200457537185 0.049711379684006018 -0.015418440255574112 0.043889143705804157 -0.028337635942318397 0.0065256839511593744 0.030016442809907701 0.056462403543506678 -0.040817884974816858 0.017222361041454214 0.0068397838003840736 -0.07784872646396368 -0.038709248694345118 -0.027056757767962847 -0.049710868426721108 0.034902531801178735 -0.020962326693867179 -0.059168384022655431 -0.016877036275270783 0.060021076035723611 0.010315958993766437 0.045758656614934799 0.075148105369587798 -0.044616939232226809 0.029286998157323357 -0.017986051601348762 -0.088621489162044986 -0.018038397181316577 0.031742820394723391 -0.039547981602362191 0.068148352758935396 -0.052182148405296627 0.051147883080261025 -0.047192312990135876 0.017008232709785603 0.078383297699015628 0.072676850565563375 0.003822525968540789
leaf_weight=0.068317133802794472 0.20535947352891337 0.321357691099592 0.63658924694459518 0.015677732229050889 1.9960800222777377 0.0047793114499662384 0.41574398551347258 0.23695002377735352 0.14185613622612547 0.16900560015255894 0.059182353852065717 0.11396632976538867 0.0059064911911264053 0.051236248737040913 0.12397045778925353 0.089999909130711209 0.022524937134221545 0.43865064995679848 1.1875088340425453 0.029972679313686856 0.01153385036468535 0.056517215607300497 0.011937285054955282 0.40768469638805971 0.015547704098935355 0.060460762750153552 1.566932254232597 0.16108507401077077 0.063720365877088625 0.49432462599725113 0.1379313695088058 0.033589816989660903 0.061874391520632344 0.21999331100664665 1.1822164956206505 0.011744106013793498 0.093952315215574234 0.13866942914773972 0.078516955923987553 0.071444227518441039 0.11212648629043542 0.080854226629071491 0.20802542735873375 0.017158844217192382 1.3083978086219783 0.18571555551261554 0.039026977950925357 0.059221992120001121 0.025008361275467905 0.12861529954579953 0.011790186484176957 0.032781964142486686 0.031702023309662763 0.044928705141956016 0.027418345819569367 0.012580352220538771 0.03239220919977015 0.58362093239975366 0.074525495223497273 0.029294215936715773 0.073367743609196512 0.080971620522177545
leaf_count=1217 8184 23889 54766 493 10794 19 676 691 1234 683 1685 1098 3 98 51 449 129 12014 12436 160 162 3688 131 3741 47 2239 6913 292 95 11640 3636 370 1509 6374 70974 122 290 2446 822 1081 133 3203 2199 131 16623 1010 668 210 553 1391 77 200 3410 487 229 22 3382 470 94 283 306 1226
internal_value=0 -0.00187888 0.0153932 -0.00596275 -0.043928 -0.00392683 -0.0351281 -0.00408538 -0.00893789 -0.0218393 -0.00644985 -0.0324878 0.0122529 -0.0278509 -0.0342598 0.00165158 -0.0201627 -0.00384834 0.00349929 -0.00626434 0.00443198 -0.010383 0.0198193 -0.011881 -0.00691156 0.00106033 -0.0115413 0.00500832 0.0181409 -0.00170749 0.0023939 0.0788669 -0.00250548 0.00606763 0.00168971 -0.0110464 -0.0258847 -0.0024723 -0.0178827 -0.00598895 -0.00365685 -0.037747 0.00648884 0.0106775 0.00739972 0.0281309 0.00662224 -0.0211102 0.0345577 0.0105732 -0.00849066 0.0334175 0.00211867 0.00906958 -0.00665032 0.0303021 -0.00166435 -0.0406519 -0.0214219 0.0317034 0.0130844 0.0365536
internal_weight=0 12.0111 2.29686 9.7142 2.40278 9.08033 0.633865 9.07555 4.91678 1.39093 0.218121 0.129644 0.208502 1.18243 0.94548 4.15878 0.324749 3.52585 3.83403 3.0872 3.74403 0.406702 0.11939 0.419219 3.05722 1.1232 1.93402 0.367087 0.257587 1.06274 0.920887 0.0394963 0.338385 0.276511 1.66027 0.47805 0.1095 0.782955 0.288631 0.210114 0.163363 0.1243 3.32481 2.1373 1.79938 0.337922 0.152206 0.0763808 0.0758255 1.59135 0.0367985 0.193867 0.0434461 0.107452 0.0849274 0.0399987 0.35375 0.782117 0.198496 0.0884766 1.46274 0.154339
internal_count=283648 260066 159746 100320 23582 96085 4235 96066 45702 2593 3559 1591 1056 1537 846 50364 9182 43109 41182 31095 40733 12788 998 3903 30935 23098 7837 924 587 20859 19625 373 11571 10062 104980 34006 337 15989 4349 3527 231 6735 36830 24394 21745 2649 1639 341 1298 19546 630 492 3532 867 738 251 27271 615 145 1968 18155 1532
cat_boundaries=0 1
cat_threshold=1
is_linear=0
shrinkage=0.05


Tree=69
num_leaves=63
num_cat=1
split_feature=67 3 12 3 35 54 72 3 3 55 8 49 46 65 64 58 8 3 54 3 8 57 63 8 30 56 18 67 64 38 63 30 53 47 15 85 31 30 3 20 28 41 40 8 58 71 85 67 57 64 63 3 3 31 45 27 31 40 40 35 3 26
split_gain=1.36981 0.232744 0.222057 0.138779 0.136253 0.108101 0.130567 0.154004 0.110422 0.0977267 0.112051 0.0962431 0.095509 0.103021 0.0774165 0.0702644 0.064036 0.0600732 0.098826 0.0592832 0.0589017 0.0583592 0.080128 0.10547 0.0582553 0.0568795 0.0794323 0.0564426 0.0551034 0.0535165 0.0506743 0.0546565 0.0595302 0.0509599 0.0502784 0.0583792 0.0500762 0.0491905 0.0489057 0.0565115 0.0488761 0.0937354 0.0470793 0.115827 0.0461795 0.0434079 0.0432067 0.0431407 0.0420449 0.0411225 0.0395636 0.0393007 0.0743228 0.0576301 0.0392727 0.0402428 0.039021 0.0390021 0.0379169 0.0375211 0.0448208 0.0379246
threshold=1.0000000180025095e-35 2019.5000000000002 1.0000000180025095e-35 2020.5000000000002 2.2990381056766584 1.4727969940722387 0 2017.5000000000002 2013.5000000000002 -0.3426219430641026 1.5000000000000002 0.31769809613510885 9.1848509936051497e-17 1.0250000000000001 16.837500000000002 110.32947144847425 3.5000000000000004 2018.5000000000002 0.0083486348757870494 2018.5000000000002 2.5000000000000004 0.43350968959045738 20.389285714285716 6.5000000000000009 1.0000000180025095e-35 1.0263498786436376 1.2500000000000007 135.05000000000004 15.215000000000002 -0.68301270189221941 19.250454545454549 0.25000000000000022 -2.7360304842909526 -8.3794393495494326 -0.93301270189221919 1.0000000180025095e-35 0.68301270189221941 -1.0000000180025095e-35 2013.5000000000002 -1.0000000180025095e-35 9.1848509936051497e-17 -0.6830127018922193 -1.0000000180025095e-35 2.5000000000000004 0.97984183187507934 0.010857142857142866 1.5000000000000002 109.26000000000001 -20.191438829009012 3.9800000000000004 15.324666666666667 2019.5000000000002 2020.5000000000002 1.0000000180025095e-35 0.68301270189221941 -1.0000000180025095e-35 1.0000000180025095e-35 -1.0000000180025095e-35 1.0000000180025095e-35 1.0000000180025095e-35 2021.5000000000002 -1.0000000180025095e-35
decision_type=2 2 2 2 2 2 9 2 2 2 2 2 2 2 2 2 2 2 2 2 2 2 2 2 2 2 2 2 2 2 2 2 2 2 2 2 2 2 2 2 2 2 2 2 2 2 2 2 2 2 2 2 2 2 2 2 2 2 2 2 2 2
left_child=1 -1 4 19 5 8 14 28 -2 11 -11 17 13 -9 16 20 -7 18 -10 -4 54 22 23 34 50 27 29 47 56 -27 31 32 46 -32 -15 -36 -23 38 -30 -40 44 -42 43 -16 -20 -46 -31 -19 57 -25 -22 -44 53 -53 55 -14 -8 -24 -55 60 61 -37
right_child=2 -3 3 -5 -6 6 7 12 9 10 -12 -13 15 21 42 -17 -18 25 40 -21 24 36 48 49 -26 26 -28 -29 37 30 33 -33 -34 -35 35 59 -38 -39 39 -41 41 -43 51 -45 45 -47 -48 -49 -50 -51 -52 52 -54 58 -56 -57 -58 -59 -60 -61 -62 -63
leaf_value=-0.0082514568842052671 -0.043382690453534434 -0.050725077739489255 -0.0092749277919442 -0.051364731092726816 0.25029465119366567 -0.034934280607445661 -0.0069607663626370638 -0.026141726073319188 0.28564730570792735 -0.041088425779137308 -0.0020661621523497794 0.070596544273733089 0.06640487240249883 -0.016600272217610887 0.069907685537204042 0.026026600268418083 0.0038868308883696734 0.014017980460798361 -0.044481795648977716 0.073072327731759187 -0.018702439883097957 0.0057361499213318306 -0.019856422723492941 0.053840480111963851 -0.040659455558634844 0.048654522057101947 -0.049514082965989054 0.067572495468836688 0.036288297927723416 0.02291212069882409 -0.006189975292656559 -0.039855050284553724 -0.026121784266487744 -0.049808585509449638 0.043199647501928375 0.065141412036433199 -0.01774876437917831 0.030720570064160298 0.051951011170445018 -0.024882073390588386 0.22227795842114847 0.0037602317016356308 -0.052085414541422549 -0.048556403275133275 -0.018502701701606793 0.043305698741209632 -0.042559336967261122 -0.05869588927182319 -0.00029334719212395396 -0.018582982024776137 0.025416822754476112 -0.0069340995624426471 -0.040900741464183134 0.28251326286390127 -0.047563045022388166 -0.022084881320362806 0.054477567946575545 0.022358692093927005 0.067618782818190545 0.059115927186810281 0.055039993184489169 -0.030665232827120272
leaf_weight=0.38588149334577915 0.21362558223244876 1.9648638660019058 0.082998879564002759 0.35124132279997866 0.005409402548139818 0.1873530506445602 0.21437609803797197 0.2194999345524592 0.0026783089915641814 0.37267926928507167 0.36329264271728334 0.046315929613342521 0.014694252148728992 0.048032022753432102 0.033255430402277852 0.10220932884146805 0.24531256203363228 0.45579308933520213 0.17026920160128611 0.029668841959392012 0.078168372951950005 1.7492933899038692 0.061793519626911264 0.022411933338844392 0.076167124324797442 0.053358317324409543 0.088484403725146876 0.048134599485138096 0.085921808687999035 0.40547717689594254 0.23778263149574741 0.058315517849223397 0.08871189656383649 0.093210287079500631 0.59906259700210318 0.011746665346436203 0.26082727290554419 1.11331919731424 0.029404788057036058 0.12858630820755934 0.0055735614960212834 0.041073533329836209 0.45587714956036507 0.054365229730365172 0.25430752472584572 0.031978246017388301 0.026869019593505072 0.021353885820190044 0.85826998059690551 0.15623253832939099 0.14520314436708759 0.058978046002039264 0.32099884035790183 0.0024839080083438611 0.19644698003048688 0.10227011498045602 0.029386641583187156 0.47750748742066829 0.011823703453501366 0.029599367941045784 0.025780172556551406 0.085603653729776852
leaf_count=12963 7263 10751 2504 511 49 698 4117 1682 106 178 4221 241 63 164 404 2998 3379 2869 6864 360 1091 41274 2207 377 1576 284 169 451 5748 2612 2505 410 306 127 3176 208 4875 72707 2230 4908 34 1368 8896 932 3470 870 30 114 18210 5216 6804 907 2035 170 179 506 604 22701 129 136 170 397
internal_value=0 -0.0437529 -0.00196774 -0.0358761 -0.000585085 -0.000704428 0.0022663 0.00357412 -0.00870436 -0.0061192 -0.0218261 -0.000691235 0.00464667 0.00728639 -0.00366634 -0.0123533 -0.0129235 -0.00227605 -0.017269 0.0124096 -0.0187531 0.00895926 0.014264 0.0252376 -0.00289863 0.00253198 -0.00417627 0.0159695 0.022334 -1.35768e-05 -0.00286611 0.00605021 0.0111878 -0.0184733 0.0329958 0.0361645 0.00268882 0.0262651 0.00592864 -0.0105822 -0.0188813 0.0298695 -0.0384912 -0.0035947 -0.0238622 -0.0115987 0.0188433 0.0107638 0.00658119 -0.00949706 0.00997738 -0.0420877 -0.0305282 0.0149044 -0.0339058 -0.0109679 0.000445888 0.0175217 0.104926 0.00856986 -0.00358093 -0.0191048
internal_weight=0 2.35075 11.8409 0.463909 11.377 11.3715 8.29226 6.92181 3.07928 2.86566 0.735972 2.12969 5.32082 4.60566 1.37045 0.715159 0.432666 2.08337 0.50588 0.112668 0.61295 4.38616 2.37604 0.978469 0.299539 1.57749 1.05221 0.525282 1.60099 0.963725 0.910367 0.579374 0.521058 0.330993 0.799824 0.751792 2.01012 1.35723 0.243913 0.157991 0.503202 0.0466471 0.937782 0.0876207 0.456555 0.286286 0.432346 0.477147 1.39757 0.178644 0.223372 0.850162 0.394284 0.0732857 0.313411 0.116964 0.243763 0.539301 0.0143076 0.15273 0.12313 0.0973503
internal_count=283504 23714 259790 3375 256415 256366 221874 204324 34492 27229 4399 22830 114010 100793 17550 13217 4077 22589 12712 2864 10219 99111 52962 9844 9471 9877 6443 3434 90314 6274 5990 3358 2948 2632 4251 4087 46149 85593 12886 7138 12606 1402 13473 1336 11204 4340 2642 2983 43118 5593 7895 12137 3241 1206 748 569 4721 24908 299 911 775 605
cat_boundaries=0 22
cat_threshold=0 268959776 0 512 0 0 0 0 138477696 9218 4096 2147487744 768 67108936 1077936128 8390665 604569600 0 262144 0 1024 4
is_linear=0
shrinkage=0.05


Tree=70
num_leaves=63
num_cat=1
split_feature=66 68 3 8 68 3 35 1 79 57 85 29 67 10 45 54 51 9 82 38 10 31 56 3 20 72 63 6 1 8 8 30 3 67 8 67 8 20 3 30 24 28 56 29 40 3 68 85 3 59 57 68 38 25 56 9 8 21 8 43 23 42
split_gain=1.26754 0.319389 0.23003 0.21068 0.129328 0.447937 0.129281 0.13011 0.103386 0.0608889 0.0803512 0.0697022 0.0448212 0.045595 0.0397861 0.0487756 0.0459425 0.0430109 0.0386799 0.0425604 0.0439309 0.0374715 0.0349379 0.034579 0.0548029 0.0345091 0.120434 0.065128 0.0600443 0.100211 0.085352 0.0659175 0.0658647 0.0529291 0.0420684 0.0400821 0.0402594 0.0398861 0.0788399 0.0372872 0.0360964 0.0341176 0.0337651 0.0337274 0.033335 0.0331086 0.0332685 0.0323049 0.0378011 0.0319669 0.0317683 0.0431085 0.0581218 0.0564149 0.0444385 0.0457866 0.0330015 0.0418459 0.0315278 0.0452564 0.0314387 0.0624993
threshold=1.0000000180025095e-35 0.58333333333333337 2019.5000000000002 1.5000000000000002 0.83333333333333337 2019.5000000000002 0.93301270189221952 5.5000000000000009 1.5000000000000002 0.5817443832037098 1.0000000180025095e-35 -1.0000000180025095e-35 165.03000000000003 18.093266739736606 -1.3660254037844386 0.57280375523545313 -1.7160373210690973 -11.129165124598853 1.0000000180025095e-35 -0.5 -14.861215932167726 -0.6830127018922193 3.0552219443419939 2010.5000000000002 -2.7554552980815443e-16 0 7.5634920634920642 1.0000000180025095e-35 6.5000000000000009 1.5000000000000002 4.5000000000000009 0.6830127018922193 2020.5000000000002 5.0200000000000005 9.5000000000000018 7.3500000000000005 1.5000000000000002 0.6830127018922193 2021.5000000000002 -1.0000000180025095e-35 -0.5 -2.7554552980815443e-16 247.79028363697344 -1.0000000000000002 -0.68301270189221941 2017.5000000000002 0.41666666666666669 1.5000000000000002 2021.5000000000002 1.9169357568820111 1.4331958816080852 0.41666666666666669 -1.0000000180025095e-35 0.25000000000000022 20.442167128522424 4.4150635094610973 2.5000000000000004 -0.93301270189221919 10.500000000000002 -1.0000000180025095e-35 1.0000000180025095e-35 -1.0000000180025095e-35
decision_type=2 2 2 2 2 2 2 2 2 2 2 2 2 2 2 2 2 2 2 2 2 2 2 2 2 9 2 2 2 2 2 2 2 2 2 2 2 2 2 2 2 2 2 2 2 2 2 2 2 2 2 2 2 2 2 2 2 2 2 2 2 2
left_child=2 3 14 6 25 12 7 -2 9 10 11 -9 13 41 16 23 -1 -17 19 20 -14 -19 44 24 -16 26 27 47 29 -28 31 37 33 -32 35 36 -30 39 -39 -31 -29 -6 43 -20 -5 46 -24 48 -3 58 51 56 -53 54 -54 -56 57 -47 -46 -60 61 -13
right_child=1 4 -4 22 5 -7 -8 8 -10 -11 -12 60 18 -15 15 17 -18 21 42 -21 -22 -23 45 -25 -26 -27 28 40 34 30 32 -33 -34 -35 -36 -37 -38 38 -40 -41 -42 -43 -44 -45 49 50 -48 -49 -50 -51 -52 52 53 -55 55 -57 -58 -59 59 -61 -62 -63
leaf_value=0.15617515543700466 -0.044070221042817062 -0.025639459122857939 -0.050689216168069429 0.038486282640180919 0.019131755902219983 0.051013132838471358 0.036317710663350183 0.064125803544932747 0.048528436298304702 -0.037059350627590186 -0.052570556559141904 0.045792965608780274 0.043375412634675585 0.041758141646173433 0.090573279263835071 -0.046389845864803436 -0.024618826609549907 0.086237052649478313 -0.10923284664232052 0.031048119712932167 -0.093361825840853035 0.0088421377700902033 0.016860169852333847 -0.038238088422528876 -0.050510976845846794 -0.0016965079343319802 -0.04672623204036723 0.00026353189101043553 -0.058377516400114009 0.0010296926161293737 -0.045884608971278773 -0.02684659183012067 -0.043100788151342287 0.066093013747695731 -0.054926761463584495 0.061155451597874791 0.042872961898965854 -0.067555940629262484 0.059985568307072745 0.068081716882251939 0.067833219590803684 -0.0082015329138186554 -0.065353409118925121 0.037497620759571769 -0.022960757004922092 0.065147207082782585 -0.026719990918809063 -0.059197807733557289 0.074298167710603644 0.018549540744955351 -0.014157010276307367 -0.036057271769537248 0.05346638114778518 -0.010117539257837822 -0.048237177534356267 0.038347482450480919 0.0030915441663979201 -0.023587659891828164 0.22024891915344852 0.0088096500367423423 -0.04807170974258379 -0.013074843942752918
leaf_weight=0.0077255362321011489 0.81145256901390694 0.056515982641940354 1.848038118468821 0.028891799869143142 0.12686763897226971 0.59965124389555047 0.076972757915427681 0.040919750854299997 0.05831224839494098 0.31853653538428262 0.080857577216193022 0.059011223755078168 0.0098500123049234389 0.053263895326835953 0.014241848621168174 0.031485922538650013 0.0064455758447367062 0.017679558157397079 0.0046504420752171418 0.24715346709649555 0.014552211437148799 0.13551596148886325 0.36460684686790035 0.16037323870932596 0.013321442743291501 4.2479370901603488 0.048678581022613798 0.057965475305536529 0.014629057684942381 0.023268699048458075 0.014836475498668733 0.030085444283031393 0.060902008843186195 0.036550880159666121 0.0092751871106884209 0.24562980058180983 0.029851725565094966 0.019481994301713712 0.03204969217767939 0.19031046941745444 0.029991819127644703 1.1402532885297223 0.024221188274623273 0.024810082230942498 0.55388214419303983 0.013966548583994154 0.049769743520300835 0.060300023993477225 0.01136481060530059 0.059470538238201698 0.53407681360886261 0.047178662214719225 0.1425786751024134 0.086564602606813423 0.025743728438101243 0.037523636165133212 0.38892041523195076 0.27278892364847684 0.0027208363126192117 0.036223329744188959 0.037866544493226684 0.19109542526985068
leaf_count=93 447 302 10740 166 6297 54768 74 119 79 683 173 100 693 4415 48 1837 57 248 45 30744 701 5264 9137 4951 523 60984 91 266 24 160 141 71 375 1043 256 2663 329 91 54 1055 254 59196 672 2148 6876 53 162 51 48 386 5459 76 249 88 44 81 4619 1007 58 1112 48 452
internal_value=0 -0.00227939 -0.0433505 -0.0130998 0.00398235 0.0140167 -0.0269749 -0.0300235 -0.015533 -0.0206622 -0.00791523 0.00306318 0.000535515 -0.00355989 -0.0082867 -0.011414 0.073943 0.00683478 0.0171619 0.0248283 -0.0381675 0.0177739 -0.00431259 -0.0293467 0.0223867 -0.00033403 0.00204419 -0.00982967 0.0324966 0.0210776 0.0291775 0.0432909 -0.00792535 0.033763 0.0498954 0.0532467 0.00957321 0.0512503 0.0117674 0.0607766 0.0233036 -0.00546485 -0.02162 0.0143357 -0.0140697 -0.000927988 0.0116259 -0.0325656 -0.0089076 -0.0163975 -0.00428556 0.000907287 0.0154402 0.0237491 0.037991 0.00311586 -0.00639686 -0.0192658 -0.0199033 0.0235819 -0.00561356 0.000814677
internal_weight=0 11.7848 2.23483 4.31993 7.4649 2.24527 1.67502 1.59805 0.786599 0.728287 0.409751 0.328893 1.64562 1.32038 0.386789 0.372618 0.0141711 0.184681 0.325237 0.271556 0.0244022 0.153196 2.64491 0.187937 0.0275633 5.21963 0.971688 0.216138 0.75555 0.456164 0.407486 0.295196 0.112289 0.0513874 0.299386 0.290111 0.0444808 0.265111 0.0515317 0.213579 0.0879573 1.26712 0.0536817 0.0294605 0.681189 1.96372 0.414377 0.128181 0.0678808 0.652297 1.54934 1.01527 0.339589 0.292411 0.205846 0.0632674 0.675676 0.286755 0.592826 0.0389442 0.287973 0.250107
internal_count=283446 259685 23761 31748 227937 159679 2175 2101 1654 1575 892 719 104911 69908 13021 12871 150 7349 35003 32138 1394 5512 29573 5522 571 68258 7274 921 6353 3081 2990 1431 1559 1184 3272 3016 353 1360 145 1215 520 65493 2865 2193 8598 20975 9299 401 350 8432 11676 6217 538 462 374 125 5679 1060 8046 1170 600 552
cat_boundaries=0 22
cat_threshold=32 4325378 0 0 0 0 0 0 8536064 16777248 0 2147549184 8388608 2064 554763264 0 131072 8388640 270532608 262176 2155888648 16896
is_linear=0
shrinkage=0.05


Tree=71
num_leaves=63
num_cat=1
split_feature=66 74 3 68 3 3 51 47 57 8 59 17 3 54 66 22 52 34 36 52 70 90 5 3 10 32 90 64 8 47 22 70 3 10 8 9 58 70 66 50 3 59 14 18 66 50 67 17 1 79 4 52 57 50 33 22 9 53 9 36 59 50
split_gain=1.25145 0.259178 0.22139 0.191981 0.434177 0.123247 0.0990041 0.0786072 0.109707 0.118032 0.0751938 0.0585622 0.0527378 0.047476 0.0441094 0.0563682 0.041339 0.039561 0.046396 0.038796 0.0386793 0.0495224 0.0435953 0.0555876 0.043707 0.0426081 0.0380997 0.0797872 0.0483483 0.0864095 0.0368659 0.0381957 0.0418476 0.0670181 0.0383128 0.042127 0.0452399 0.0357606 0.0355214 0.0414995 0.0351277 0.0359436 0.0380735 0.0537081 0.0368785 0.0363632 0.0619341 0.0431192 0.0401738 0.0338411 0.03302 0.0326693 0.0412105 0.0476593 0.0569255 0.0322409 0.0320262 0.0296577 0.0295657 0.0287948 0.0439912 0.0287079
threshold=1.0000000180025095e-35 0 2019.5000000000002 0.83333333333333337 2019.5000000000002 2020.5000000000002 -4.9819162317044876 0.28102059679102004 -0.42054351678215801 1.5000000000000002 -0.75766309119364805 -1.0000000180025095e-35 2019.5000000000002 0.1100890109446758 66.500000000000014 2.299038105676658 -7.4302830556707233 1.0000000180025095e-35 -2.7554552980815443e-16 -1.5655926874130699 0.7745199431807811 1.5000000000000002 -0.68301270189221941 2016.5000000000002 11.750000000000002 -1.0000000180025095e-35 1.0000000180025095e-35 5.9750000000000005 1.5000000000000002 2.9053303450736085 1.6160254037844388 0.74074887699368719 2021.5000000000002 1.5001923289555077e-15 5.5000000000000009 16.227241335952172 5.6412364887226039 1.219885492444684 83.625000000000014 -13.094489845481894 2013.5000000000002 0.11757458097557107 -0.68301270189221908 1.866025403784439 132.04500000000004 -2.927377731137113 22.045000000000005 -0.93301270189221919 11.500000000000002 1.0000000180025095e-35 -0.93301270189221919 -1.5655926874130699 -2.8723366613602042 -8.9094139625978332 -0.6830127018922193 0.93301270189221952 16.227241335952172 -54.906648759269494 10.196152422706634 0.6830127018922193 -3.8512770523071853 -3.1697216930953043
decision_type=2 1 2 2 2 2 2 2 2 2 2 2 2 2 2 2 2 2 2 2 2 2 2 2 2 2 2 2 2 2 2 2 2 2 2 2 2 2 2 2 2 2 2 2 2 2 2 2 2 2 2 2 2 2 2 2 2 2 2 2 2 2
left_child=2 3 13 7 14 6 12 8 16 10 37 50 -3 -1 20 -16 49 18 -15 -11 21 25 23 -22 -24 -5 28 -28 29 -9 31 32 34 -34 35 58 -37 59 39 -31 -33 42 43 44 -42 46 47 -43 -48 -2 -12 -20 53 -53 -55 -44 -41 -50 -18 60 -10 -56
right_child=1 5 -4 4 -6 -7 -8 26 9 19 11 -13 -14 17 15 -17 30 -19 51 -21 22 -23 24 -25 -26 -27 27 -29 -30 38 -32 40 33 -35 -36 36 -38 -39 -40 56 41 45 55 -45 -46 -47 48 -49 57 -51 -52 52 -54 54 61 -57 -58 -59 -60 -61 -62 -63
leaf_value=-0.049440670049574073 -0.0033931291621678893 0.010029616881290818 -0.050655151317758773 -0.019648375545975962 0.050946987515319564 -0.05000680257772136 -0.03432261488198312 0.092171265432010874 0.0025319407942354551 0.0028505151391694425 0.04089692849845273 -0.044988771811283468 0.08945743745646495 -0.035359347085713554 0.014186896357967563 -0.35328988341124717 0.030580949066033355 -0.039846422998625862 -0.007613344696094794 -0.012486784827397861 -0.020888749895140595 -0.044619045707073722 -0.026509695277207881 0.036236690865760389 0.027115952555709651 0.016563822676772682 -0.044860923114738695 0.0014284525711295854 0.0043702144819073498 -0.018104793602629354 0.040985354512512832 -0.033695666176790227 -0.047385511314773684 0.045878259788624337 -0.010509537465737902 0.25979592517021177 0.064559608694794768 -0.024392432672840171 0.065887051272875571 0.019393793192687834 -0.017507736117765949 0.099760604634811192 0.012106886309903635 0.063776054447653746 0.063537510988653206 -0.023139352134764386 -0.016398482922542337 0.012636056058518553 -0.025906950853023376 -0.025488362432919378 -0.022447613199349226 0.014985735797737147 0.0060911532204098477 -0.04887989472378948 0.17067628653833072 -0.06743234949419584 0.11339281821313092 0.098095933619839357 -0.015145633712128084 -0.049118129036602398 0.073481332764810919 0.064258337636032711
leaf_weight=0.062470517451857943 0.50186628656820209 0.078095138866956404 1.7818042127953502 0.1018886243082272 0.56466892455455298 0.3967872412986253 0.12480855363037058 0.04327518230184102 0.085021235096974124 0.6715703267122991 0.030142524415168737 0.52827794973654674 0.028534505999232351 0.054941802109169768 0.45107588628729889 0.0010459722834639243 0.24306795714846963 0.057195097855810673 0.088848625749960886 1.0680539249351564 0.084062540514423745 0.046675257165588846 0.41430465902567448 0.086308056002962985 0.041833321019112191 0.40065674334619417 0.11287990505206824 0.53103139719814862 1.7417470123864403 0.088689296531811124 0.059580585922048956 0.081386100681129725 0.059056273407804838 0.028586055021150969 0.075781386668040795 0.0035028248676098874 0.019402684569286066 0.14271794096930535 0.028755238942721917 0.07619665315723978 0.31117377572627591 0.015054020947900426 0.8711878135225094 0.023916724991067895 0.014699540330184391 0.26728499062392064 0.4184655344888597 0.25073056133442151 0.0074547500207700059 0.26469562012698589 0.06480209287838079 0.028994638928452332 0.073208770702421821 0.0051783852650260078 0.01739444035320048 0.012929514139614184 0.010284539266649517 0.013652525977704499 0.041366079849922244 0.016920754575039609 0.029403633299807552 0.0099697235400526552
leaf_count=1226 10353 2574 10753 5371 54780 694 1698 99 372 9505 44 551 226 3801 44870 20 3573 1505 3935 8861 3356 919 15531 3324 2763 28255 230 7870 25425 447 407 2636 132 129 2138 9 324 250 219 594 1399 113 5760 87 129 1531 2997 1796 85 7079 114 964 1219 31 97 66 24 136 406 29 40 199
internal_value=0 -0.00185385 -0.0431226 -7.73442e-05 0.0131687 -0.0330931 -0.00409555 -0.00335725 -0.00642185 -0.0141632 -0.0288926 -0.0384911 0.0312848 -0.00941727 6.42002e-05 0.0133367 -0.000727493 -0.00197 0.0058076 -0.00656592 -0.0050397 0.00464632 -0.0135308 0.00805043 -0.0215916 0.00922198 0.00388476 -0.00668624 0.00730706 0.0279997 0.00207276 0.00123235 0.0142025 -0.0169659 0.0213326 0.029184 0.0944161 -0.00706576 0.0143819 0.00592699 -0.00143638 -0.000246533 0.00541924 -0.00854416 -0.0138519 -0.00743421 -0.00148298 0.0175708 -0.0130037 -0.0110227 -0.00233732 0.0159232 0.0314426 0.0616025 0.103137 0.0109437 0.0305724 0.0543001 0.0239308 0.0117611 0.0207637 0.131904
internal_weight=0 11.6754 2.18001 11.0471 2.19252 0.628225 0.231438 8.85461 6.22175 2.63691 0.897286 0.623223 0.10663 0.398202 1.62785 0.452122 3.58484 0.335731 0.278536 1.73962 1.17573 0.549221 0.626509 0.170371 0.456138 0.502545 2.63286 0.643911 1.98895 0.247201 2.81828 2.7587 0.470763 0.0876423 0.383121 0.30734 0.0229055 0.274064 0.203926 0.17517 2.28794 2.20655 1.23391 0.34979 0.325873 0.972642 0.705357 0.265785 0.439573 0.766562 0.0949446 0.223595 0.134746 0.0615372 0.0325425 0.884117 0.0864812 0.0211073 0.284434 0.131346 0.114425 0.0273642
internal_count=284070 260340 23730 255148 159189 5192 4498 95959 61051 19766 1400 709 2800 12977 104409 44890 41285 11751 10246 18366 59519 34545 24974 6680 18294 33626 34908 8100 26808 1383 23853 23446 6711 261 6450 4312 333 691 1284 1065 16735 14099 7441 1615 1528 6658 5127 1909 3218 17432 158 6445 2510 1291 327 5826 618 221 3979 441 412 296
cat_boundaries=0 1
cat_threshold=1
is_linear=0
shrinkage=0.05


Tree=72
num_leaves=63
num_cat=1
split_feature=66 69 3 18 69 3 59 59 65 17 70 24 64 19 35 74 54 54 69 70 70 66 35 76 60 3 59 43 28 33 87 45 47 63 63 51 28 65 59 60 58 40 3 88 84 58 50 3 35 3 79 44 84 22 8 17 64 76 64 20 69 64
split_gain=1.15564 0.244635 0.212599 0.148185 0.107256 0.40679 0.0839542 0.0801625 0.125265 0.074837 0.0874491 0.0724299 0.0570825 0.0555936 0.051194 0.0425509 0.0500511 0.0425292 0.0403077 0.0505713 0.0380312 0.0483061 0.0367858 0.035776 0.0351525 0.0348416 0.0362852 0.0345634 0.0403582 0.0363581 0.0404049 0.0400144 0.0350148 0.037961 0.0360532 0.0378343 0.0345363 0.0320161 0.0415167 0.0315788 0.0351721 0.0437253 0.040089 0.0380489 0.0339936 0.0351727 0.0315752 0.0290995 0.0386386 0.0366245 0.0391723 0.0288734 0.031836 0.0541011 0.0395753 0.0526729 0.054493 0.0321107 0.0285932 0.0284057 0.0363453 0.0283223
threshold=1.0000000180025095e-35 0.58333333333333337 2019.5000000000002 1.2500000000000007 0.83333333333333337 2019.5000000000002 -0.17079352850539162 22.628796670679137 56.060000000000009 1.8369701987210299e-16 0.49394968676264372 0.25000000000000022 33.565000000000005 0.25000000000000028 1.6160254037844388 0 0.43046074344522606 0.1100890109446758 0.41666666666666669 0.48708835821169655 2.4685540264468053 235.26000000000005 -0.6830127018922193 1.5000000000000002 -4.2592961873544466 2020.5000000000002 1.7111670113275113 0.68301270189221941 1.0000000180025095e-35 1.0000000180025095e-35 1.0000000180025095e-35 1.8369701987210299e-16 -220.81286339319863 708.85909090909104 78.166833333333344 -4.9819162317044876 -0.93301270189221908 388.93500000000006 1.7111670113275113 6.5688138522793986 61.678067917056815 -0.68301270189221941 2021.5000000000002 1.0000000180025095e-35 1.0000000180025095e-35 47.473954938037146 -5.2209681709870841 2014.5000000000002 1.0000000180025095e-35 2019.5000000000002 1.5000000000000002 1.6160254037844388 1.0000000180025095e-35 2.7990381056766584 9.5000000000000018 -0.6830127018922193 48.110000000000007 1.0000000180025095e-35 16.030000000000005 -1.0000000180025095e-35 0.41666666666666669 701.66250000000014
decision_type=2 2 2 2 2 2 2 2 2 2 2 2 2 2 2 1 2 2 2 2 2 2 2 2 2 2 2 2 2 2 2 2 2 2 2 2 2 2 2 2 2 2 2 2 2 2 2 2 2 2 2 2 2 2 2 2 2 2 2 2 2 2
left_child=2 3 17 6 39 20 -2 8 9 14 11 23 37 -12 22 16 -15 -1 19 -5 21 27 -8 -11 -18 -14 -27 29 -29 30 51 32 -32 34 35 -34 -31 -10 -39 -3 44 -42 -43 -44 -41 58 -37 -24 49 -49 59 52 53 -6 -54 -56 -57 -58 -46 60 -51 -9
right_child=1 4 -4 18 5 -7 7 61 12 10 13 -13 25 15 -16 -17 24 -19 -20 -21 -22 -23 47 -25 -26 26 -28 28 -30 36 31 -33 33 -35 -36 46 -38 38 -40 40 41 42 43 -45 45 -47 -48 48 -50 50 -52 -53 54 -55 55 56 57 -59 -60 -61 -62 -63
leaf_value=-0.048847051579061038 0.0022902148060731241 -0.0026250362542592203 -0.050622790827515356 0.10652365406781009 0.02665556679327187 0.050930344762381834 0.026909091045522627 0.012351228947658627 -0.049143796896587731 0.00014591122868387485 -0.044120412602867261 0.18280679001324818 0.0082639626493039211 -0.032518968326620878 0.097792580366435622 -0.051612464695236497 -0.014386881364295185 -0.0028328818066722947 -0.049140184608871262 -0.023411809158579239 -0.012716634020938283 0.034346418696829487 -0.029803194873718727 0.12437582479350157 0.0601888974649607 -0.0011472485430799552 -0.044140941631659922 -0.037691597485495748 0.066790567661874842 -0.19939602974215709 -0.12158837297531018 0.044691399874478746 0.0043069025167106921 -0.2901480814954327 0.012494909980337345 -0.003220422712624035 -0.017785627017932005 0.13014796027973205 -0.054716973764392419 0.018988341206934184 0.094511101895580887 0.0022747101583095474 -0.035855393648133123 0.054091791455917387 0.018751143069810433 0.063792435038317011 -0.077667694469780002 0.014386676278522052 0.033098312954785297 -0.031676026451764011 0.022184335490537742 -0.078417280916111498 0.008763356342208109 -0.31998562180400608 -0.23914490050520412 0.053130741945547955 -0.18157058314121377 -0.00078565670061329592 -0.010919698556147855 -0.026345424061822487 0.060057136721202269 -0.035199437961231789
leaf_weight=0.059053170403332245 1.2541113146230602 3.6855989841149039 1.6288430717127083 0.0080716045304142225 0.35336690591930187 0.53552267049451518 0.10394063849889845 0.33469077516474488 0.39485860726972521 0.071846290616122133 0.30467952367007456 0.0065875045547727487 0.089011953765748331 0.046145320957293734 0.013341843110538321 0.040485190838808194 0.024080880295514362 0.33557083251548647 0.30431731238059001 0.1036378477292601 0.39909373399495951 0.12624011127945767 0.10094871773480751 0.0063038254675120689 0.045960099934745813 0.07591279685311747 0.1388116487323714 0.087571379325254273 0.010333029478715616 0.0026803776381711933 0.0077719669061480081 0.029571016426416463 0.046375734194953111 0.0012317553328102795 0.086859562232348253 0.020664412145833921 0.11210078575277294 0.0057893594753295474 0.0063883398906909861 0.59707269651926231 0.01090359870067914 0.36733723443558108 0.13916786755726207 0.012842244750572718 0.11212944697672356 0.020888668755105755 0.045830346246475528 0.16492093137503616 0.073833737883433059 0.020315164219937287 0.063769089441848337 0.0082869738962472184 0.26475863371206287 0.0011292002964182748 0.0034471356229914809 0.010323408468593698 0.0061710112781838689 0.0040802451785566518 0.29434492220843822 0.28606412775252466 0.023048309216392227 0.03454762201226913
leaf_count=1195 10495 44018 10706 79 31287 54772 418 3644 2257 598 1716 17 2321 51 24 42 66 11789 81 734 18793 17614 1495 25 107 414 571 3229 490 27 230 1641 2109 33 6775 768 4714 73 89 8870 125 6054 635 103 1521 563 876 2638 870 107 241 83 14478 11 211 897 327 375 6572 1978 18 463
internal_value=0 -0.00168299 -0.0426455 -0.0114065 0.00376265 0.0131289 -0.00824991 -0.013588 -0.0173539 -0.00865569 -0.023099 0.0235877 -0.034441 -0.0316741 0.000621548 -0.00746977 0.00791178 -0.00971863 -0.0397108 -0.0140233 0.000693394 0.00504877 -0.000927661 0.0101667 0.0345489 -0.0180379 -0.0289411 0.00169425 -0.0266643 0.00445783 0.00787397 -0.00974319 -0.0174549 -0.0134276 -0.0117211 -0.0303565 -0.0220266 -0.0466812 0.033169 -0.000104123 0.00587205 -0.00458116 -0.00666158 -0.0282564 0.0112827 0.000516976 -0.0545319 -0.0048755 -0.000893515 -0.00539032 -0.0136855 0.0143173 0.015512 0.0255514 0.00318796 -0.0582618 -0.0279562 -0.109614 -0.00273474 -0.020629 0.0170815 0.00790217
internal_weight=0 11.5501 2.02347 4.14642 7.4037 2.16341 3.73039 2.47628 2.10704 1.39627 0.546089 0.0847376 0.710773 0.461351 0.850183 0.156671 0.116186 0.394624 0.416027 0.111709 1.62789 1.22879 0.836841 0.0781501 0.070041 0.303736 0.214724 1.10255 0.0979044 1.00465 0.889868 0.238305 0.208734 0.200962 0.19973 0.11287 0.114781 0.407036 0.0121777 5.24029 1.55469 0.530251 0.519347 0.15201 1.02444 0.427363 0.0664948 0.7329 0.631951 0.558118 0.393197 0.651564 0.643277 0.354496 0.28878 0.0240218 0.0205747 0.0102513 0.406474 0.329428 0.0433635 0.369238
internal_count=283523 259833 23690 31632 228201 159740 30738 20243 16136 10411 2622 640 5725 1982 7789 266 224 12984 894 813 104968 86175 7765 623 173 3306 985 68561 3719 64842 60101 12432 10791 10561 10528 3753 4741 2419 162 68461 24443 6917 6792 738 17526 8656 1644 7347 5852 4982 2344 47669 47586 31298 16288 1810 1599 702 8093 2103 125 4107
cat_boundaries=0 1
cat_threshold=1
is_linear=0
shrinkage=0.05


Tree=73
num_leaves=63
num_cat=1
split_feature=67 3 68 3 74 35 3 76 50 57 47 8 17 48 65 58 3 1 26 10 3 65 70 38 47 39 9 16 3 9 36 44 3 67 67 70 78 3 84 8 57 8 10 8 8 10 33 64 64 44 58 65 34 82 38 56 78 42 49 23 67 54
split_gain=1.12009 0.222332 0.203029 0.38625 0.180443 0.104359 0.0902017 0.0690374 0.0698553 0.0575674 0.0645006 0.0748152 0.0724601 0.0673349 0.0509972 0.0467845 0.114181 0.0503538 0.0490555 0.0441929 0.0441537 0.0434974 0.0431034 0.0424287 0.0422146 0.0615147 0.0417755 0.0474199 0.058141 0.124298 0.0588088 0.0402564 0.0431281 0.066912 0.0391298 0.0394869 0.0395562 0.0569641 0.0448573 0.0589291 0.0400218 0.0578534 0.0376337 0.0552265 0.0577968 0.0777353 0.0372239 0.0455374 0.0369949 0.0367842 0.0346066 0.0366106 0.0385554 0.0341117 0.0452861 0.036515 0.0329106 0.0333225 0.032851 0.0440664 0.0326433 0.0323254
threshold=1.0000000180025095e-35 2019.5000000000002 0.83333333333333337 2019.5000000000002 0 2.2990381056766584 2020.5000000000002 1.0000000180025095e-35 -11.904450535351495 -1.0468294151858817 2.5311633845010424 1.5000000000000002 -1.0000000180025095e-35 0.2996386382486414 6.080000000000001 0.97984183187507934 2018.5000000000002 9.5000000000000018 0.6830127018922193 -11.750000000000002 2014.5000000000002 0.97000000000000008 1.942893539581438 -2.7554552980815443e-16 -15.279110814957543 0.68301270189221941 -8.8301270189221892 1.0000000180025095e-35 2016.5000000000002 20.392304845413268 0.93301270189221952 -1.0000000180025095e-35 2020.5000000000002 10.035000000000002 160.15000000000003 2.5806468754254737 3.5000000000000004 2018.5000000000002 1.0000000180025095e-35 4.5000000000000009 -70.676594022465324 9.5000000000000018 -4.3168799669944195e-15 2.5000000000000004 1.5000000000000002 -12.000000000000004 1.8369701987210299e-16 18.020000000000003 2.5500000000000003 0.25000000000000022 1.9272004741461413 37.040000000000006 0.6830127018922193 1.0000000180025095e-35 -0.5 237.59868529049791 1.0000000180025095e-35 1.0000000180025095e-35 -7.2488670556715169 0.25000000000000022 10.035000000000002 0.31848186317396782
decision_type=2 2 2 2 1 2 2 2 2 2 2 2 2 2 2 2 2 2 2 2 2 2 2 2 2 2 2 2 2 2 2 2 2 2 2 2 2 2 2 2 2 2 2 2 2 2 2 2 2 2 2 2 2 2 2 2 2 2 2 2 2 2
left_child=1 20 4 34 5 9 7 8 -6 15 11 12 22 23 -15 16 -2 19 21 -18 42 -17 -11 -14 -23 31 -22 -28 29 30 -29 32 33 -26 35 36 38 -38 39 -4 41 -41 43 44 -1 -46 47 -40 -20 -13 -50 -52 -53 54 -36 -55 57 -49 -21 -60 -34 -27
right_child=2 -3 3 -5 6 -7 -8 -9 -10 10 -12 49 13 14 -16 18 17 -19 48 58 26 24 -24 -25 25 61 27 28 -30 -31 -32 -33 60 -35 53 -37 37 -39 46 40 -42 -43 -44 -45 45 -47 -48 56 50 -51 51 52 -54 55 -56 -57 -58 -59 59 -61 -62 -63
leaf_value=-0.035522963168161496 -0.042758424735709039 -0.050592047501567532 -0.00029707843478901148 0.050858427840884304 0.061062289915833005 0.20613076956693505 -0.049066565987495231 0.028169524639416771 -0.047664848483568112 0.020815428329789845 0.0018086192686456164 -0.0030906024134550363 0.010047343209335619 0.054396861752593853 -0.016738411620965721 -0.031880864008003933 0.069814866655499228 0.099881764864498152 0.033450544832530571 -0.03845600511647785 -0.025323239808754363 -0.00095676337268956249 -0.024026389426110462 -0.038720045439287781 0.094155273388285554 -0.02709815779236277 0.0050251952272364966 -0.0011910835651955539 0.038390478545136331 0.59457895015179385 0.29498807957225137 0.010921737648886926 -0.048148173709421108 -0.013410510353367206 -0.039275502830290528 -0.019980184832012929 0.055154841143796908 -0.1601030497843462 0.033932985180204295 0.042421795860443506 0.035639472386091879 -0.45015403912477708 -0.040918184434471393 -0.040606896791500077 -0.047816488263623391 0.13822175499854858 -0.045146907441758928 -0.02056349711319843 0.047584028728208085 -0.025406040444264141 -0.025897754319199079 -0.0014812661045524268 0.11935329867210878 0.02112629706654777 0.030568975503058246 -0.061891129653507029 0.034827448452162492 0.054146993558236649 0.061548025973228539 -0.051985675586229185 -0.00020992646411165103 0.045511323249685022
leaf_weight=0.015556753296323222 0.17918526835091775 1.555345827682231 0.35408751462682564 0.5086827512683384 0.017377816789121425 0.0059861281406491376 0.32411045747267053 0.083959089290146949 0.098548499844581694 0.13601360875327373 1.5501678114510467 1.8785092113366775 0.048072115318063879 0.037167474692978431 0.07821664065704681 0.075912207731563153 0.022169389828377462 0.016923603556278977 0.043727503921218047 0.045299733310457668 0.057603000071594468 1.1979052167612267 0.088433514938515145 0.6176154036188557 0.021266441398437474 0.016907133693166654 0.083430192318701413 0.0049384455801373406 0.030041489237191854 0.0015254457175615244 0.0025369974837303744 1.5462951903355153 0.082926307788511622 0.045156000607676106 0.025676544707494031 0.26930019053338572 0.0047631060874663298 0.0086638395932823187 0.067831160161404114 0.0013937496610174618 0.20527490421455008 0.0010415912311145803 0.12784209477990849 0.039042156440473264 0.0078615631084630877 0.019649615327125503 0.061583217298903037 0.2771845232882697 0.02149513878612197 0.20480031078932359 0.34636904492845133 0.12953858558057618 0.0069559998310069196 0.026696598417402129 0.24141320250032539 0.026289146341696323 0.034894820117187919 0.015774394531945291 0.026018873813882237 0.01272737296676496 0.062108018351409555 0.16415795871535011
leaf_count=272 8060 10670 17732 54849 515 18 693 1915 1068 313 22512 19591 70 48 293 407 127 136 234 492 3232 16444 119 718 338 117 3312 190 696 20 85 16440 174 1193 1469 9375 408 130 1771 120 20952 84 2828 1817 255 271 1346 14470 120 1982 1819 1419 72 2215 31139 716 1910 1096 225 24 475 1816
internal_value=0 -0.0421275 -0.00106823 0.0128445 -0.00427899 -0.00256426 -0.0327752 -0.00635906 -0.0313662 -0.00270782 -0.00651376 -0.0106905 -0.0218913 -0.0290864 0.00617565 0.00163762 -0.0172856 0.0197812 0.00315885 0.00701853 -0.00837277 0.00551755 0.00314748 -0.0351983 0.00642263 0.010982 0.00979236 0.0263084 0.0717888 0.18326 0.0993255 0.00812357 -0.0123382 0.0210288 0.000921827 -0.00292915 0.00151819 -0.083742 0.00264156 0.0121057 0.0332489 -0.168252 -0.023953 0.0024612 0.0415035 0.0850597 -0.00898604 -0.00335807 -0.0106668 -0.00528433 -0.0144917 -0.0172551 0.00467667 0.0165843 0.0238545 -0.0200632 -0.0110734 -0.0165407 -0.0095457 0.0242545 -0.0276196 0.0387313
internal_weight=0 1.94537 11.3626 2.13055 9.23202 8.70803 0.523996 0.199885 0.115926 8.70204 4.639 3.08883 1.00552 0.781072 0.115384 4.06304 0.302324 0.123139 3.76072 0.106215 0.390028 3.21263 0.224447 0.665688 3.13672 1.93882 0.180076 0.122473 0.0390424 0.00900089 0.00747544 1.75775 0.211457 0.0664224 1.62187 1.30179 1.03249 0.0134269 1.01907 0.561798 0.20771 0.00243534 0.209952 0.0821101 0.0430679 0.0275112 0.457268 0.395685 0.548086 2.08331 0.504359 0.482864 0.136495 0.320075 0.26709 0.0529857 0.327854 0.292959 0.084046 0.0387462 0.145034 0.181065
internal_count=283417 23648 259769 159782 99987 95796 4191 3498 1583 95778 45646 23134 1561 1129 341 50132 9064 1004 41068 868 12978 37404 432 788 36997 20553 7535 4303 991 295 275 18620 2180 1531 104933 69394 60019 538 59481 38888 21156 204 5443 2615 798 526 20593 19247 3664 21573 3430 3310 1491 35539 32608 2931 17476 15566 741 249 649 1933
cat_boundaries=0 1
cat_threshold=1
is_linear=0
shrinkage=0.05


end of trees

feature_importances:
year=533
year_idx=261
same_month_nonzero_rate_3y=222
same_month_mean_3y=201
roll_std_12=172
mean_nonzero_12=170
roll_std_3=142
roll_mean_12=130
item_type_month_sin=129
seasonal_amplitude_ratio=128
item_type_month_cos=119
median_nonzero_12=115
same_month_max_3y=104
roll_std_6=88
name_tok_1_month_sin=82
name_tok_2_month_cos=70
diff1=70
name_tok_11_month_cos=67
name_tok_2_month_sin=64
diff12=59
name_tok_10_month_cos=58
last_nonzero_value=58
item_month_nonzero_rate=58
month=49
lag_12=49
rolling_12_slope=45
name_tok_10=43
lag_1=42
name_tok_12_month_cos=40
name_tok_5_month_cos=38
name_tok_3_month_sin=37
name_tok_9_month_sin=37
name_tok_10_month_sin=37
name_tok_4_month_sin=35
name_tok_1=35
name_tok_3=35
name_tok_1_month_cos=34
name_tok_8_month_cos=33
name_tok_2=33
name_tok_12_month_sin=32
name_tok_5=31
lag_24=29
name_tok_14=29
name_tok_0_month_cos=28
name_tok_3_month_cos=28
name_tok_5_month_sin=28
name_tok_15_month_sin=28
name_tok_0_month_sin=27
name_tok_4_month_cos=26
name_tok_9_month_cos=26
name_tok_11_month_sin=26
name_tok_15_month_cos=26
name_tok_0=26
name_tok_14_month_sin=24
roll_mean_6=24
name_tok_6_month_cos=23
lag_6=23
name_tok_7_month_sin=22
name_tok_13_month_sin=22
name_tok_13_month_cos=21
roll_mean_3=21
name_tok_8_month_sin=19
name_tok_8=18
name_tok_11=18
unique_id=17
name_tok_6_month_sin=17
name_tok_14_month_cos=17
name_tok_7_month_cos=14
Status=14
name_tok_4=14
lag_3=13
name_tok_15=13
lag_2=12
name_tok_6=12
name_tok_9=12
month_sin=11
name_tok_13=10
month_cos=9
quarter_cos=9
name_cluster_id_month_sin=9
quarter_sin=7
name_tok_12=7
quarter=5
name_tok_7=5
Status_month_sin=4
name=4
Status_month_cos=3
name_cluster_id_month_cos=3

parameters:
[boosting: gbdt]
[objective: binary]
[metric: binary_logloss]
[tree_learner: serial]
[device_type: cpu]
[data_sample_strategy: bagging]
[data: ]
[valid: ]
[num_iterations: 1000]
[learning_rate: 0.05]
[num_leaves: 63]
[num_threads: 0]
[seed: 42]
[deterministic: 0]
[force_col_wise: 0]
[force_row_wise: 0]
[histogram_pool_size: -1]
[max_depth: -1]
[min_data_in_leaf: 50]
[min_sum_hessian_in_leaf: 0.001]
[bagging_fraction: 0.8]
[pos_bagging_fraction: 1]
[neg_bagging_fraction: 1]
[bagging_freq: 1]
[bagging_seed: 400]
[feature_fraction: 0.8]
[feature_fraction_bynode: 1]
[feature_fraction_seed: 30056]
[extra_trees: 0]
[extra_seed: 12879]
[early_stopping_round: 0]
[early_stopping_min_delta: 0]
[first_metric_only: 0]
[max_delta_step: 0]
[lambda_l1: 0]
[lambda_l2: 0]
[linear_lambda: 0]
[min_gain_to_split: 0]
[drop_rate: 0.1]
[max_drop: 50]
[skip_drop: 0.5]
[xgboost_dart_mode: 0]
[uniform_drop: 0]
[drop_seed: 17869]
[top_rate: 0.2]
[other_rate: 0.1]
[min_data_per_group: 100]
[max_cat_threshold: 32]
[cat_l2: 10]
[cat_smooth: 10]
[max_cat_to_onehot: 4]
[top_k: 20]
[monotone_constraints: ]
[monotone_constraints_method: basic]
[monotone_penalty: 0]
[feature_contri: ]
[forcedsplits_filename: ]
[refit_decay_rate: 0.9]
[cegb_tradeoff: 1]
[cegb_penalty_split: 0]
[cegb_penalty_feature_lazy: ]
[cegb_penalty_feature_coupled: ]
[path_smooth: 0]
[interaction_constraints: ]
[verbosity: -1]
[saved_feature_importance_type: 0]
[use_quantized_grad: 0]
[num_grad_quant_bins: 4]
[quant_train_renew_leaf: 0]
[stochastic_rounding: 1]
[linear_tree: 0]
[max_bin: 255]
[max_bin_by_feature: ]
[min_data_in_bin: 1]
[bin_construct_sample_cnt: 200000]
[data_random_seed: 175]
[is_enable_sparse: 1]
[enable_bundle: 1]
[use_missing: 1]
[zero_as_missing: 0]
[feature_pre_filter: 1]
[pre_partition: 0]
[two_round: 0]
[header: 0]
[label_column: ]
[weight_column: ]
[group_column: ]
[ignore_column: ]
[categorical_feature: 0,72,73,74]
[forcedbins_filename: ]
[precise_float_parser: 0]
[parser_config_file: ]
[objective_seed: 16083]
[num_class: 1]
[is_unbalance: 0]
[scale_pos_weight: 0.304433]
[sigmoid: 1]
[boost_from_average: 1]
[reg_sqrt: 0]
[alpha: 0.9]
[fair_c: 1]
[poisson_max_delta_step: 0.7]
[tweedie_variance_power: 1.5]
[lambdarank_truncation_level: 30]
[lambdarank_norm: 1]
[label_gain: ]
[lambdarank_position_bias_regularization: 0]
[eval_at: ]
[multi_error_top_k: 1]
[auc_mu_weights: ]
[num_machines: 1]
[local_listen_port: 12400]
[time_out: 120]
[machine_list_filename: ]
[machines: ]
[gpu_platform_id: -1]
[gpu_device_id: -1]
[gpu_use_dp: 0]
[num_gpu: 1]

end of parameters

pandas_categorical:[]
