tree
version=v4
num_class=1
num_tree_per_iteration=1
label_index=0
max_feature_idx=91
objective=tweedie
feature_names=unique_id month quarter year month_sin month_cos quarter_sin quarter_cos year_idx item_type_month_sin item_type_month_cos Status_month_sin Status_month_cos name_cluster_id_month_sin name_cluster_id_month_cos name_tok_0_month_sin name_tok_0_month_cos name_tok_1_month_sin name_tok_1_month_cos name_tok_2_month_sin name_tok_2_month_cos name_tok_3_month_sin name_tok_3_month_cos name_tok_4_month_sin name_tok_4_month_cos name_tok_5_month_sin name_tok_5_month_cos name_tok_6_month_sin name_tok_6_month_cos name_tok_7_month_sin name_tok_7_month_cos name_tok_8_month_sin name_tok_8_month_cos name_tok_9_month_sin name_tok_9_month_cos name_tok_10_month_sin name_tok_10_month_cos name_tok_11_month_sin name_tok_11_month_cos name_tok_12_month_sin name_tok_12_month_cos name_tok_13_month_sin name_tok_13_month_cos name_tok_14_month_sin name_tok_14_month_cos name_tok_15_month_sin name_tok_15_month_cos lag_1 lag_2 lag_3 lag_6 lag_12 lag_24 roll_mean_3 roll_std_3 roll_mean_6 roll_std_6 roll_mean_12 roll_std_12 diff1 diff12 zero_ratio_12 nonzero_run_length mean_nonzero_12 median_nonzero_12 last_nonzero_value same_month_mean_3y same_month_max_3y same_month_nonzero_rate_3y item_month_nonzero_rate seasonal_amplitude_ratio rolling_12_slope name item_type Status name_cluster_id name_tok_0 name_tok_1 name_tok_2 name_tok_3 name_tok_4 name_tok_5 name_tok_6 name_tok_7 name_tok_8 name_tok_9 name_tok_10 name_tok_11 name_tok_12 name_tok_13 name_tok_14 name_tok_15
feature_infos=-1:6:30:38:40:251:329:404:425:39:333:453:583:37:400:420:422:424:398:399:423:227:21:53:419:426:579:421:370:575:365:577:584:418:578:367:88:331:397:395:371:366:95:372:330:86:417:109:361:36:254:96:363:347:351:216:217:255:428:348:427:349:429:405:582:297:298:299:301:306:364:122:354:265:369:406:344:368:340:250:343:350:355:345:358:346:479:580:437:439:90:247:248:352:581:438:357:436:435:362:482:87:407:440:342:396:484:441:2:10:202:511:512:531:534:545:547:548:549:560:566:569:570:193:311:444:503:510:513:544:550:561:197:442:194:408:431:445:465:174:196:359:221:62:105:179:466:356:546:64:110:504:171:181:244:586:623:4:243:416:480:481:483:3:485:16:411:467:537:104:410:464:624:245:409:463:47:97:307:412:625:51:100:332:414:413:446:415:514:172:28:447:468:335:336:219:334:190:536:360:141:473:11:52:199:341:142:274:470:138:140:469:472:604:287:288:491:603:605:92:379:475:489:106:144:184:270:474:126:380:290:291:294:381:31:165:173:220:382:443:430:487:540:94:125:143:293:123:273:505:338:449:56:192:376:593:58:132:205:206:207:572:210:450:502:616:101:195:272:401:451:535:84:102:103:375:378:57:203:339:377:558:559:59:60:61:133:147:153:204:316:318:319:529:556:592:246:317:402:476:506:508:135:492:516:518:519:520:521:522:155:185:383:517:598:12:22:71:73:373:384:462:608:612:711:5:208:310:541:610:642:643:644:645:646:647:66:93 [1:12] [1:4] [2009:2022] [-1:1] [-1:1] [-1:1] [-1:1] [1:14] [-25:25] [-25:25] [-1:1] [-1:1] [-1:1] [-1:1] [-2:2] [-2:2] [-3:3] [-3:3] [-2:2] [-2:2] [-2:2] [-2:2] [-2:2] [-2:2] [-2:2] [-2:2] [-3:3] [-3:3] [-2:2] [-2:2] [-2:2] [-2:2] [-5:5] [-5:4.3301270189221936] [-2:2] [-2:2] [-2:3] [-2.598076211353316:3] [-2:2] [-2:2] [-3:3] [-3:3] [-2:2] [-2:2] [-2:2] [-3:3] [-2078.099154440155:8282.9432640239247] [-2078.099154440155:8282.9432640239247] [-2078.099154440155:8282.9432640239247] [-2078.099154440155:8282.9432640239247] [-2523.4232419562427:8282.9432640239247] [-2266.4736758241761:7928.942263993059] [-1986.8896653796662:4198.9412639621942] [0.0013722631612230641:4197.1470017007423] [-1638.4728609593574:2094.4812447633271] [0.013307728267480105:3634.7992111561171] [-883.79501685864216:1072.3486682314444] [0.026899110619750789:2902.9487079622404] [-7761.8332499974285:8969.1667500025724] [-5001.9840731504064:4213.4290816174116] none none [0:4499.0683333333336] [0:4429.6750000000002] [0.050000000000000003:9991] [0:8165] [0:8440] [0:1] [0:1] [0:1624.9400000000001] [-482.66541782959581:564.68423252005425] -1:97:377:408:409:445:513:625:640:64:331:672:714:34:103:106:259:411:30:36:384:369:265:325:426:514:591:550:299:328:266:316:334:268:323:270:356:41:622:26:305:287:273:362:626:366:275:105:288:379:512:294:355:276:281:7:9:509:373:23:282:301:374:38:332:108:449:450:451:452:274:284:466:25:289:393:62:297:50:55:526:269:304:54:291:57:150:531:689:690:14:154:292:358:595:691:306:687:684:278:538:66:357:688:27:56:541:682:399:412:424:440:517:518:628:629:630:634:635:636:641:645:646:93:427:618:619:631:643:644:649:696:615:692:49:277:378:623:695:271:423:592:8:293:340:457:668:286:418:104:413:650:421:511:666:324:479:0:28:533:540:663:675:400:543:33:280:520:665:31:295:341:482:32:594:272:111:348:392:40:481:29:345:432:620:43:693:42:603:420:667:697:300:107:676:370:401:414:522:267:494:290:433:436:52:525:95:283:495:203:204:285:303:321:677:678:319:329:607:89:279:360:610:206:298:398:405:422:81:463:83:504:506:507:88:261:425:508:638:686:516:536:654:205:364:465:505:96:464:648:60:683:90:330:410:674:431:443:491:515:527:627:318:605:617:694:39:344:404:523:702:712:528:616:703:76:87:51:74:530:600:602:673:110:112:115:312:320:403:458:485:490:524:529:606:671:37:114:262:302:642:647:487:604:656:657:659:661:662:664:85:314:337:389:658:20:21:78:102:146:381:428:552:704:708:113:402:407:444:467:468:472:473:477:484:551:313:503 -1:7:25:20:21:12:4:10:16:24:23:13:6:18:9:17:11:2:22:1:8:19:5:3 -1:0:1 none [0:2] [0:3] [0:2] [0:2] [0:2] [0:2] [0:3] [0:2] [0:2] [0:5] [0:2] [0:3] [0:2] [0:3] [0:2] [0:3]
tree_sizes=6561 7029 7031 7094 6973 7052 6994 7115 7058 6970 7183 7200 7129 7271 7166 7097 7106 7297 7200 7336 7120 7322 7120 7291 7204 7395 6824 7315 7526 7566 7424 7425 7459 7533 7609 7693 7566 7527 7622 7621 7572 7733 7726 7432 7667 7425 7660 7635 7711 7673 7906 7615 7643 7925 7828 7579 7877 7730 7878 7585 7722 7732 7629 7824 6916 7868 7644 7739 7853 7857 7673 7628 7804 7690 7788 8053 7962 6944 7933 7885 7663 7897 8099 7530 7892 7908 7879 7945 7629 7432 7857 7720 7898 7585 7781 7782 7913 7932 7833 7689 7872 7836 7847 6992 8005 7712 7690 7744 8078 7996 7826 7592 7541 7792 7929 7944 7901

Tree=0
num_leaves=63
num_cat=2
split_feature=67 63 64 66 64 66 67 67 64 0 3 66 67 1 66 67 3 66 3 56 58 3 16 64 66 3 64 63 73 65 3 67 64 3 67 89 42 3 68 64 70 67 65 67 51 26 47 65 3 66 16 78 3 59 66 67 66 49 54 66 64 65
split_gain=9615.21 1117.21 747.948 359.335 278.319 159.27 137.964 71.9016 55.5009 44.9132 41.98 38.0652 36.4392 34.5811 34.4604 33.092 27.9982 24.3559 23.6203 20.872 20.4294 19.5146 18.3791 18.0252 17.9917 14.3785 13.0079 11.976 11.5136 11.3377 11.303 10.8821 10.7533 10.4957 11.8478 10.038 12.5863 9.81088 7.63047 7.59115 7.18897 7.14569 7.08044 6.89693 6.44123 5.94 5.74935 5.67226 5.987 5.60165 5.57542 5.40036 5.11495 4.77709 4.55452 4.49394 4.47064 5.65103 4.46947 4.22529 4.18392 4.03136
threshold=200.215 611.0875000000002 89.027500000000018 285.37166666666673 416.13250000000011 1110.511666666667 35.140000000000008 862.87000000000012 1162.7075000000002 0 2018.5000000000002 206.05500000000001 92.765000000000015 11.500000000000002 365.37500000000006 178.23500000000004 2019.5000000000002 420.91333333333336 2018.5000000000002 1014.8986466016598 267.49330666416995 2019.5000000000002 1.0000000180025095e-35 717.0200000000001 10.016666666666667 2020.5000000000002 1276.0125000000003 237.72500000000002 1 48.110000000000007 2018.5000000000002 841.08500000000015 45.102500000000006 2019.5000000000002 88.600000000000009 1.0000000180025095e-35 0.6830127018922193 2019.5000000000002 0.83333333333333337 29.045000000000005 3.9710307416471307 290.74000000000007 501.18000000000006 17.970000000000002 57.617323236999759 -0.93301270189221908 -246.84401679687485 1437.5000000000002 2018.5000000000002 588.22000000000014 9.1848509936051497e-17 1.0000000180025095e-35 2019.5000000000002 -96.68773436937353 102.43333333333335 679.92000000000019 41.731666666666676 5.758043165526014 88.649870066978693 538.73333333333346 32.025000000000006 51.025000000000006
decision_type=2 2 2 2 2 2 2 2 2 9 2 2 2 2 2 2 2 2 2 2 2 2 2 2 2 2 2 2 9 2 2 2 2 2 2 2 2 2 2 2 2 2 2 2 2 2 2 2 2 2 2 2 2 2 2 2 2 2 2 2 2 2
left_child=2 3 6 11 9 8 16 17 14 21 23 13 52 28 18 24 29 55 -3 26 35 27 -20 51 37 39 46 -4 32 45 50 -32 -2 -26 -35 -9 -37 -11 41 -13 47 -30 58 -18 -40 -1 -7 48 -16 -50 -10 -6 61 -29 -23 -5 57 -54 -41 -19 -47 -8
right_child=1 5 4 7 10 19 12 20 30 15 -12 25 -14 -15 40 -17 43 59 22 -21 -22 54 -24 -25 33 -27 -28 53 38 -31 31 -33 -34 34 -36 36 -38 -39 44 42 -42 -43 -44 -45 -46 60 -48 -49 49 -51 -52 -53 56 -55 -56 -57 -58 -59 -60 -61 -62 -63
leaf_value=4.9778678219424108 4.9759473291109275 5.0999386590676323 5.0161942649382443 5.065599078372327 5.0828941339584013 5.1374971654051302 4.9706090301357646 5.1026531535500208 5.1369402858494455 4.9891812631616572 5.0287297607873462 5.0911005440444592 4.9887985249127196 4.987283280573811 5.1108969921300096 5.0178752631312671 4.9473353875047019 5.0798977916902661 5.0397953227104608 5.1603619347228591 5.120663228113715 4.9762031047978983 5.0831191951102861 5.11612744586954 5.0013779239706206 5.0392782559933647 5.1478756615895689 5.0653087199801865 5.0338402554534332 4.9723241280473687 5.0910831103660463 5.1249438359785149 5.0228289425049741 4.9663486144130351 4.9909753581995835 5.0446749687182519 5.0992039277881425 4.9547764569708361 5.0346238663529661 5.0426969422865469 5.1248489689541632 5.055309675055601 5.0790824972800293 4.954490014931288 5.015315670848894 4.9552969795598809 5.1170130171805077 5.1209841158732248 5.0819583004793341 5.1026777939674481 5.116105566641572 5.0457809555812707 4.9673143789469698 5.0357964965675563 5.0097532627239536 5.0445543292492969 4.9732677997006656 4.9545569444058941 5.0616696103308048 5.0937027091887543 4.9655032393571856 4.9833869619175886
leaf_weight=36.070090860128403 15.589813590049742 92.974270381033421 90.677815787494183 256.1717439442873 36.182611547410488 63.356879979372025 165.91493345797062 72.496555425226688 154.88809831440449 33.055085003376007 33.355117574334145 17.976938471198082 301.54488434642553 45.86201699078083 107.75769912451506 113.19274807721376 1021.8544824719429 140.43638976663351 42.115018010139465 152.48434218764305 123.3433344066143 24.88043150305748 58.461435310542583 46.661562666296959 189.83664976805449 153.09893986582756 144.86031118035316 18.80051202327013 75.91523252427578 172.30869633704424 38.445339918136597 61.983642563223839 56.77851764112711 59.071106567978859 281.93640041351318 21.110057674348354 21.219768434762955 55.531533129513264 230.78848118335009 66.19953265786171 53.932723194360733 79.179172202944756 28.845777630805969 502.46955560147762 53.13977973908186 580.43889952450991 74.575250409543514 46.768064774572849 50.788100272417068 91.195741534233093 40.507954068481922 13.443689830601214 537.90667347609997 50.661311343312263 17.046059347689152 28.15576296299696 238.97229660302401 103.5076120942831 58.447514429688454 91.56855284422636 121.41761074215174 98.296023763716221
leaf_count=71 95 270 539 581 143 42 847 86 215 205 66 11 932 61 270 88 900 309 92 92 99 151 51 120 1330 245 78 63 55 963 77 64 246 162 351 72 36 26 269 221 39 66 76 780 112 1867 65 60 101 121 61 47 443 270 64 34 226 233 108 141 871 729
internal_value=5.01445 5.08582 4.97129 5.05848 5.00842 5.12091 4.9611 5.08381 5.10818 4.9989 5.07707 5.0368 4.97334 5.02888 5.09871 4.99331 4.95384 5.07332 5.08177 5.14545 5.10653 5.01994 5.06498 5.09382 4.98847 5.05042 5.13741 5.02816 5.03261 4.96078 5.12561 5.11198 5.01294 4.99196 4.98671 5.09136 5.07201 4.96761 5.0354 5.06036 5.10806 5.0448 5.05676 4.94969 5.03101 4.95808 5.12642 5.105 5.10201 5.09527 5.13262 5.07284 4.96926 5.04378 4.98984 5.06352 4.96743 4.96526 5.05159 5.08535 4.95706 4.97536
internal_weight=0 2911.42 4945.03 1636.32 1064.33 1275.09 3880.7 754.502 839.818 934.69 129.643 881.822 1446.14 557.253 543.993 732.624 2434.56 516.332 193.551 435.277 238.17 202.066 100.576 96.2879 619.431 324.569 282.792 160.14 511.391 910.235 295.825 100.429 72.3683 530.844 341.008 114.826 42.3298 88.5866 439.023 171.47 350.442 155.094 153.493 1524.32 283.928 737.927 137.932 296.51 249.742 141.984 195.396 49.6263 1144.6 69.4618 41.9265 284.328 880.387 641.414 124.647 232.005 701.857 264.211
internal_count=17108 4621 12487 2923 3625 1698 8862 1358 1421 3249 376 1565 3410 904 1004 2162 5452 1065 413 277 293 1087 143 310 2074 661 185 872 843 3772 417 141 341 1843 513 194 108 231 502 416 591 121 405 1680 381 2809 107 552 492 222 276 190 2478 333 215 615 902 676 329 450 2738 1576
cat_boundaries=0 19 20
cat_threshold=0 1075839040 8388608 16 4096 1074266112 1024 1207959552 393216 8 16843264 8192 1064960 0 4 3221225505 1 34 131136 16842752
is_linear=0
shrinkage=1


Tree=1
num_leaves=63
num_cat=3
split_feature=66 63 64 66 66 66 64 66 3 0 66 66 68 3 3 66 72 64 64 66 3 64 56 68 3 49 66 64 9 63 0 20 66 63 56 66 63 37 64 37 85 36 68 68 3 3 37 66 49 63 64 66 17 66 56 54 10 64 55 66 63 48
split_gain=9091.39 1291.13 506.971 479.749 170.876 146.469 138.923 67.7336 58.836 56.5673 56.0937 41.3632 40.2957 37.769 28.6083 35.5052 27.639 27.2357 25.9962 25.0487 24.8799 20.0493 18.0123 17.0397 16.8231 16.5199 14.4326 14.6611 11.6155 11.5209 11.1763 11.0285 10.8797 10.7831 10.3906 9.50997 9.01696 8.2886 8.2459 6.90861 6.67505 6.5926 6.58921 6.55467 6.91689 5.70325 5.59574 5.2032 4.92237 4.83686 4.37579 4.19516 4.06765 4.0592 4.03985 4.00837 3.96876 3.95522 3.92652 3.78811 3.76047 3.50733
threshold=97.166666666666671 611.0875000000002 89.027500000000018 301.78166666666669 1287.4433333333334 17.045000000000005 279.27000000000004 538.73333333333346 2018.5000000000002 0 588.22000000000014 45.833333333333336 0.58333333333333337 2019.5000000000002 2019.5000000000002 33.893333333333338 1 736.10000000000014 1162.7075000000002 211.53500000000003 2014.5000000000002 44.060000000000009 1227.1381832492805 0.83333333333333337 2019.5000000000002 1103.9685066770173 183.80500000000004 11.970000000000002 14.28941916244324 123.25458333333334 2 0.6830127018922193 7.0233333333333343 55.621666666666677 329.84438179569167 68.071666666666673 1656.7454166666669 1.0000000180025095e-35 670.75000000000011 0.25000000000000017 1.5000000000000002 1.0000000180025095e-35 0.83333333333333337 0.41666666666666669 2019.5000000000002 2019.5000000000002 -1.0000000180025095e-35 411.14000000000004 -0.37742310535315221 332.18579545454554 407.61000000000007 136.73333333333338 0.25000000000000022 70.416666666666671 141.18827471997045 413.73570230521028 14.289419162443236 11.020000000000001 10.553916650569056 771.07833333333349 332.18579545454554 174.6664144954679
decision_type=2 2 2 2 2 2 2 2 2 9 2 2 2 2 2 2 9 2 2 2 2 2 2 2 2 2 2 2 2 2 9 2 2 2 2 2 2 2 2 2 2 2 2 2 2 2 2 2 2 2 2 2 2 2 2 2 2 2 2 2 2 2
left_child=2 3 5 9 8 20 14 12 18 24 19 43 -5 17 30 -16 33 31 25 -10 46 -9 -6 -17 60 38 27 -18 59 -29 61 50 45 -11 54 48 -20 47 -3 -26 52 55 -31 -7 -45 -22 -1 -14 -13 -49 -8 -44 -28 -25 -23 -21 -40 -37 -46 -12 -2 -4
right_child=1 4 6 7 22 11 13 21 10 16 28 35 37 -15 15 23 26 -19 36 41 32 34 -24 53 39 -27 40 29 -30 42 -32 -33 -34 -35 -36 57 -38 -39 56 -41 -42 -43 51 44 58 -47 -48 49 -50 -51 -52 -53 -54 -55 -56 -57 -58 -59 -60 -61 -62 -63
leaf_value=-0.059965372889150249 0.037872937403904072 0.07431424729683811 0.0019320351202030965 0.10219746949367661 0.12369199265825544 -0.034835230166316469 0.028086293344466735 0.11737200946831194 0.018087749584373917 -0.042776289097635603 0.090142453155942159 -0.026469256012096855 0.043539579303629901 -0.026851068049964302 -0.055149551414877686 -0.0071915238412920274 0.022216348009216666 0.083580092059154051 0.10629473701939157 0.066248721407844408 -0.060049837399644271 0.065934807674995238 0.1476710968074319 -0.045408823707835465 0.02007348466399507 0.12838757314824861 0.015641905676149138 -0.012307259928423936 0.076958681479715546 0.020499348312268878 -0.014421115168024804 -0.00593527155082432 -0.058029823488571136 -0.0053067034529269618 0.10083435297630863 0.0047707248901473582 0.12643370949335792 0.064591185343428101 0.097383859356982808 0.045826761642959929 0.040155386494391321 0.048115600074297986 -0.0067324522485937904 -0.039633474723748278 -0.048200410231607205 -0.067635621968046664 -0.041034566428043699 0.042309533975418576 -0.040046780506251489 0.062239600061642641 0.055325152222974655 0.0098717623927324638 0.032030266076448335 -0.026281587103618959 0.081728372776726593 0.085939851408283419 0.078325598938107949 -0.020630527172810085 -0.060333415719826325 0.10578104353140741 0.05697474504007341 0.030757865524963249
leaf_weight=49.428530067205429 36.730328217148781 71.120015852153301 115.16293853521347 44.849819213151932 247.90112629532814 124.37202314287424 30.431321360170841 47.85445936024189 32.207993887364864 24.01887608319521 57.134240880608559 133.60163234174252 201.43815803527832 19.302716933190823 89.909490816295147 145.56819113343954 135.4147332534194 37.582187503576279 123.35780590027571 98.927044160664082 355.03429215401411 65.304107829928398 114.48034006357193 39.404868312180042 110.77448300272226 29.398107826709747 166.53738385438919 92.348874740302563 72.264413297176361 77.260257750749588 203.315743714571 15.642560891807078 896.12969155609608 95.727139353752136 54.205116182565689 17.078610740602016 101.16040462255478 107.93722835183144 163.07063710689545 34.044963210821152 47.047143541276455 39.358023896813393 67.552815549075603 239.06130219995975 662.46342729777098 820.17287503182888 185.64896664023399 44.199676498770714 133.41190731525421 97.811396159231663 28.601784117519855 87.076134368777275 49.003928408026695 93.685764357447624 106.55724813789129 34.983884036540985 32.813385367393494 149.25080062448978 74.145852893590927 120.16485299170017 86.306299321353436 11.616915732622145
leaf_count=203 140 215 597 25 153 34 126 23 60 162 89 423 467 53 128 61 11 74 220 155 1145 116 66 185 308 24 257 270 73 52 1487 49 2218 327 49 16 98 110 393 22 86 66 147 1675 756 612 732 124 205 224 100 144 80 160 144 48 74 409 201 104 324 26
internal_value=0 0.0644128 -0.0448074 0.0376924 0.101948 -0.0524677 -0.00937845 0.0680131 0.0910609 0.0166518 0.0779257 -0.0404911 0.0569964 0.0377551 -0.0182538 -0.0278289 0.00984613 0.0488641 0.102535 0.0585789 -0.0604301 0.0879709 0.131267 -0.0190139 0.0363216 0.0928136 0.0135532 0.00839861 0.0938549 0.00262777 -0.00756278 0.0313925 -0.0621796 -0.0118342 0.0817472 -0.0274072 0.115369 0.0525052 0.0888968 0.0261277 0.0230923 0.0661055 0.00857558 -0.0456454 -0.0470234 -0.0653439 -0.045015 0.0487069 -0.0332532 0.0560365 0.0412836 0.00261787 0.0193678 -0.0319447 0.0757271 0.071393 0.0941913 -0.0180223 -0.0494217 0.100742 0.0512723 0.004239
internal_weight=0 3218.34 4670.02 1880 1338.34 3839.8 830.224 770.157 975.961 1109.84 455.04 1533.39 496.236 131.561 698.664 368.568 841.987 112.258 520.92 205.477 2306.41 273.921 362.381 278.659 267.856 296.402 722.241 459.653 249.564 324.238 330.096 74.6757 2071.34 119.746 226.066 433.343 224.518 451.386 267.004 144.819 262.588 173.269 231.889 1100.04 975.671 1175.21 235.077 343.449 267.014 142.011 59.0331 154.629 215.541 133.091 171.861 133.911 195.884 166.329 736.609 177.299 123.037 126.78
internal_count=17125 5450 11675 3612 1838 8629 3046 1282 1619 2330 595 3719 950 402 2644 534 1536 349 1024 329 4910 332 219 406 794 706 1047 624 266 613 2110 275 3975 489 309 1053 318 925 682 330 423 269 343 2666 2632 1757 935 815 628 348 226 291 337 345 260 203 467 425 957 193 464 623
cat_boundaries=0 19 42 61
cat_threshold=64 64 0 0 16 20480 16 0 147456 8915008 4608 2097152 1 0 0 0 692 65634 131072 0 0 0 0 0 0 0 0 0 2147483648 0 0 8388608 134283264 0 8388608 8192 256 0 0 0 25203728 1024 65536 1075838976 2155872256 0 4096 524288 1024 2147483648 393216 0 16875520 0 1064960 0 0 3238003235 0 0 131072
is_linear=0
shrinkage=0.05


Tree=2
num_leaves=63
num_cat=5
split_feature=67 66 63 0 0 66 67 63 8 63 3 66 3 67 67 3 68 54 66 65 0 3 63 68 3 73 63 67 3 63 3 66 51 67 63 47 3 0 3 37 49 3 68 47 51 3 1 9 63 71 56 66 43 66 68 82 1 67 65 67 65 63
split_gain=8207.93 1029.07 597.954 289.705 211.817 207.451 153.804 60.9135 59.2419 53.1083 49.982 48.2684 45.9578 45.3327 35.8018 34.8816 34.331 30.5025 26.7603 24.6143 23.5308 17.6707 15.7729 15.0119 12.3671 12.0559 11.72 10.5213 10.4528 9.34094 9.01005 8.20286 8.00438 7.76238 7.56821 8.2037 7.07286 7.03322 6.61688 6.51511 5.64879 5.64429 5.20551 8.6829 5.91207 5.25352 5.14684 4.97823 4.93924 4.899 4.6711 4.57107 4.56879 4.56182 4.39806 4.39781 4.3834 4.37648 4.02842 4.01736 3.84381 3.77169
threshold=200.215 404.90500000000003 111.72500000000001 0 1 1110.511666666667 35.140000000000008 824.07719696969707 1.5000000000000002 1187.4166666666667 2019.5000000000002 233.33166666666668 2019.5000000000002 87.940000000000012 92.765000000000015 2019.5000000000002 0.83333333333333337 963.39018537853167 628.14333333333354 652.80000000000007 2 2020.5000000000002 45.101010101010111 0.83333333333333337 2018.5000000000002 3 626.11684523809538 198.05500000000004 2019.5000000000002 410.005 2014.5000000000002 7.0233333333333343 -140.31481841148673 875.09000000000003 1656.7454166666669 -166.36625489938243 2019.5000000000002 4 2017.5000000000002 -1.0000000180025095e-35 95.625656313522526 2020.5000000000002 0.83333333333333337 -14.28506206616346 -89.089698558156599 2021.5000000000002 1.5000000000000002 2.7990381056766584 78.42791666666669 16.937107105811872 1508.0839972712054 276.53833333333336 0.25000000000000017 104.66000000000001 0.41666666666666669 1.0000000180025095e-35 6.5000000000000009 69.205000000000013 53.040000000000006 287.5800000000001 17.010000000000002 611.0875000000002
decision_type=2 2 2 9 9 2 2 2 2 2 2 2 2 2 2 2 2 2 2 2 9 2 2 2 2 9 2 2 2 2 2 2 2 2 2 2 2 9 2 2 2 2 2 2 2 2 2 2 2 2 2 2 2 2 2 2 2 2 2 2 2 2
left_child=2 3 6 7 10 9 15 21 -5 16 19 25 20 -14 28 22 61 34 29 55 26 33 30 -13 49 37 46 53 48 -18 39 -17 47 38 35 -7 -11 -10 -2 -1 -16 -39 59 44 -44 -46 -6 -20 -8 -9 -19 -25 -34 56 -41 -4 -15 -22 -53 -27 -30 -3
right_child=1 5 4 8 12 17 14 24 11 36 -12 23 13 27 40 31 18 50 32 -21 57 -23 -24 51 -26 42 -28 -29 60 -31 -32 -33 52 -35 -36 -37 -38 41 -40 54 -42 -43 43 -45 45 -47 -48 -49 -50 -51 -52 58 -54 -55 -56 -57 -58 -59 -60 -61 -62 -63
leaf_value=-0.062633711987703442 0.069608919521115545 0.10979019441248455 0.073831898536014046 -0.024801231052989921 -0.022120566177075356 0.11350319384419567 -0.038245276934528519 0.092027522868193351 0.014601225149635178 0.10994149760367407 -0.020574287697417419 0.054605548125542192 -0.051925338794362785 -0.018824540066528481 -0.023243428849870771 -0.067736235930526037 0.051666777291372881 0.12913824098279722 0.07911330226319685 0.097466281686174647 -0.020947919335934817 0.029817951856024191 -0.037602071935478452 0.023720863266328565 0.06985055235449579 0.019733897588213367 0.047455951569887633 0.010262928715863068 -0.050922585756562368 0.067978193243160262 -0.057702849150612884 -0.059882383374082582 0.083048814409094271 0.087526107202226103 0.12463442262045483 0.092497937069578706 0.089381338337479646 -0.025308784558788086 0.050108410564168343 -0.032020898035452848 -0.044335958474879839 0.012828122885361976 0.02037987650589403 0.02206646187879574 0.0084270363035291659 -0.0161184988621919 0.010361500046058901 0.053103799098501894 -0.022609988158598663 0.11040176953734906 0.14531077547748988 0.055068618782763895 0.1000942444237468 -0.0081169324749170955 -0.051366274206307655 0.04152915552273273 -0.037408029528853894 -0.0055158261768902574 0.034521559355661653 0.034564697781511493 -0.043500768401317114 0.091840663666849787
leaf_weight=37.774719297885895 77.120272554457188 53.124757617712021 13.739443629980086 62.044032990932465 13.477567583322523 139.33173917979002 202.15230546891689 84.454808503389359 30.319637879729271 142.53957182168961 17.494685776531696 113.60957892239094 123.36291485279799 124.49045903980732 346.10845045000315 738.32634502649307 139.67418143898249 83.896084234118462 45.011230394244194 47.366402111947536 106.95551074296236 52.292026147246361 167.53101301938295 88.830750294029713 44.4646997153759 91.215445965528488 20.809917464852333 34.965886771678925 245.02220077067614 236.19079767167568 552.69980752468109 604.79057421535254 151.37382033467293 26.711973831057549 79.322501122951508 69.753770351409912 59.203080877661705 36.04885720461607 99.78935956209898 81.538705907762051 34.947344429790974 13.274561196565626 55.628808163106441 301.85102894902229 62.755392745137215 33.402493476867676 128.18537820875645 31.114350281655788 67.336514122784138 63.592114746570587 95.439457640051842 27.626313216984272 53.102966286242008 66.978542380034924 45.928371615707874 45.198439344763756 42.587166249752045 80.53713221102953 174.73474798351526 91.43140983581543 605.73084427416325 65.167047202587128
leaf_count=129 270 30 41 25 69 102 1267 199 77 192 109 46 274 185 978 618 229 52 64 127 719 195 1400 223 91 43 57 11 305 481 2058 1059 195 23 50 87 79 160 281 64 44 43 113 297 183 41 671 57 554 88 61 43 24 133 361 212 107 457 345 59 628 78
internal_value=0 0.0634348 -0.0420964 0.03622 -0.00467126 0.0941725 -0.0507872 0.070163 0.0225671 0.0810573 0.0534245 0.0253908 -0.0148789 -0.0268284 -0.0384167 -0.0591207 0.0751071 0.121553 0.0706392 0.0706283 -0.00190621 0.0557445 -0.0514166 0.0391904 0.0929748 0.0175883 0.0116982 -0.0153199 -0.04292 0.0619168 -0.0546401 -0.0641997 0.0823229 0.0624027 0.111484 0.106496 0.103908 -0.00171066 0.0586093 -0.044396 -0.0251779 -0.0125088 0.0197208 0.0171611 0.00740613 -9.93791e-05 0.00727121 0.0684826 -0.0343385 0.09992 0.137745 0.0331761 0.0874755 -0.0191417 -0.0389913 0.0490595 -0.0235614 -0.013594 0.0373266 0.0271581 -0.0456383 0.0999018
internal_weight=0 3075.44 4596.04 1631.2 866.149 1444.25 3729.89 448.425 1182.77 976.502 123.799 1120.73 742.35 392.385 1501.3 2228.59 774.759 467.744 656.467 106.304 349.966 255.914 885.473 404.801 192.512 715.928 162.473 269.022 1120.24 375.865 717.942 1343.12 280.602 203.622 288.408 209.086 201.743 79.6431 176.91 165.242 381.056 49.3234 636.285 453.638 151.787 96.1579 141.663 76.1256 269.489 148.047 179.336 291.192 204.477 234.056 127.467 58.9379 167.078 187.493 202.361 182.647 850.753 118.292
internal_count=17263 4626 12637 2845 3172 1781 9465 1147 1698 1429 489 1673 2683 710 3776 5689 1158 352 1050 380 1973 769 4012 657 378 1016 797 436 2754 710 2612 1677 340 574 239 189 271 280 551 554 1022 203 736 634 337 224 740 121 1821 287 113 611 219 425 425 253 292 1176 388 102 933 108
cat_boundaries=0 20 40 60 61 76
cat_threshold=4160 32 16777216 0 102416 16384 0 0 0 264704 1024 0 0 0 2147483648 8388628 20971520 100728927 4325376 196608 0 1073741856 83886080 0 0 0 0 0 0 0 2560 0 0 0 0 20 4 98 131136 32768 2162688 2621504 8388608 16 33592352 524288 1024 1207959552 131072 0 16843776 8192 1064960 0 0 3238003201 0 0 0 65536 16783364 0 0 67108864 0 0 0 0 0 0 2155872256 0 0 0 0 8
is_linear=0
shrinkage=0.05


Tree=3
num_leaves=63
num_cat=4
split_feature=63 63 63 57 49 58 12 63 0 49 49 64 0 64 49 71 56 73 63 64 57 57 58 31 63 0 10 53 50 71 1 19 54 68 53 49 10 64 64 52 57 71 63 64 3 49 68 63 57 83 58 49 49 10 49 49 50 57 20 63 8 78
split_gain=6994.17 694.04 576.44 255.122 169.025 148.58 136.855 118.331 112.042 98.0471 88.9649 85.4216 59.0218 49.0202 40.2038 39.4643 38.4895 30.8953 30.7666 28.2324 24.373 24.1476 20.0282 19.8522 15.5255 14.9641 14.704 14.1325 14.0784 13.4002 12.7086 12.1737 11.7362 11.0067 10.9992 10.997 10.5947 13.9303 9.95268 9.7508 9.46708 9.38116 9.36704 9.02541 8.99494 8.22354 7.68514 7.30713 7.30367 7.29043 9.36011 7.14134 6.61743 6.3552 6.18992 6.13908 6.2183 5.89591 5.56159 5.55644 5.04336 5.02886
threshold=237.72500000000002 687.08730158730179 100.93924242424245 -29.857004038473452 490.56530475182132 13.970446164142372 -0.24999999999999997 11.457689393939395 0 567.38530676645951 177.11924398854259 1119.2500000000002 1 342.52750000000003 127.78164742544605 106.85479405799445 0.45704716525417771 2 43.63068181818182 168.57750000000001 -6.2460610409786321 -12.812350094019576 294.99352034840052 0.25000000000000017 390.51500000000004 3 15.588457268119894 -117.01649239873028 -25.913533298439244 11.992158614387353 8.5000000000000018 -1.0000000180025095e-35 8.7228388568683162 0.83333333333333337 -55.384641139756631 -7.8553741370618608 5.7500000000000009 1388.4525000000001 2024.2100000000003 -104.70181447407145 -72.456795792280161 -44.204295731786928 526.73916666666673 71.215000000000018 2019.5000000000002 346.99585748498856 0.58333333333333337 515.19000000000017 -11.749504811995159 1.0000000180025095e-35 77.923807045986592 -13.588101222126216 -123.14184886113105 10.446152422706634 -64.944036311134496 -437.64369322342742 367.5520245464337 0.32207812907598082 9.1848509936051497e-17 954.01125000000013 3.5000000000000004 1.0000000180025095e-35
decision_type=2 2 2 2 2 2 2 2 9 2 2 2 9 2 2 2 2 9 2 2 2 2 2 2 2 9 2 2 2 2 2 2 2 2 2 2 2 2 2 2 2 2 2 2 2 2 2 2 2 2 2 2 2 2 2 2 2 2 2 2 2 2
left_child=2 4 3 6 8 16 -1 -7 24 11 12 13 43 -3 18 36 35 33 57 30 -20 22 45 27 -2 -19 38 -8 32 48 52 -23 -18 -14 -25 -5 37 -11 60 -6 -26 -15 51 -4 -30 47 -43 -21 -27 -22 -51 54 -10 -36 -33 -48 59 -9 -29 -57 -13 -35
right_child=1 9 10 5 39 7 23 14 19 15 -12 26 17 41 -16 -17 28 25 20 21 49 31 -24 34 40 29 -28 58 44 -31 -32 42 -34 61 53 -37 -38 -39 -40 -41 -42 46 -44 -45 -46 -47 55 -49 -50 50 -52 -53 -54 -55 -56 56 -58 -59 -60 -61 -62 -63
leaf_value=0.097371046373175646 0.040184562394531838 0.0039857479495159871 0.046294569088880889 -0.032809503505479197 0.10281527454101853 0.0083052689377610765 0.012623977759763389 -0.046444594180430704 -0.037221174661463512 0.063271220372306661 0.033117858844049934 0.10526404536267958 -0.047836511176824664 0.054624984553581016 0.019703472741844599 0.13619436895921758 -0.055428434356407298 -0.019249825308454399 -0.024011800658384718 0.025026554856020955 -0.037473640237827899 -0.012562899789047698 0.070123735249134331 0.043502384501410245 0.079551845396236304 0.0069338201229836739 0.075572351524732753 -0.02945437398045447 -0.054982492821717827 0.03077700624089354 0.026068037922129542 0.013883160391573682 0.011407324177532626 -0.012444188420650639 -0.026986455999180422 -0.049696101782578696 0.11010734323473188 0.10636771784438795 0.12105890975034826 0.078116359948629199 0.056721904343133081 0.057399534877514848 0.035615708965539492 0.015064209327955665 -0.063326995884820603 0.053426643213952962 0.093177597229699607 0.051414206047448945 -0.0096156416657309091 -0.042870698815795964 -0.066545452532815574 0.022298698405671325 -0.0036623533130481301 0.020630115268542977 -0.011605466162699526 0.074359891145526158 0.055404664033072752 -0.056555678736016503 -0.0009716876397160225 0.091309764357760198 0.091242877719072357 -0.039426654769441849
leaf_weight=34.508156441152096 134.08921894431114 26.72569327801466 28.484481021761894 162.35191197693348 72.959916770458221 134.73905710875988 30.236684307456017 378.7308017835021 24.140591003000736 34.796587079763412 157.61365256458521 178.19525116682053 81.632512010633945 57.217957839369774 27.3243003860116 135.32151117920876 13.963155619800093 177.38351883739233 295.76820975542068 242.02868413925171 466.14915708452463 33.239211089909077 36.303938671946526 22.5736163854599 53.416481703519821 96.052665926516056 50.198637254536152 114.69120145589113 460.33856347948313 29.34817285835743 24.024630010128021 66.553453497588634 12.402237661182879 51.356118619441986 14.141915768384935 237.37842371314764 128.2296463996172 40.662050053477287 72.124897211790085 88.347558289766312 302.93751322478056 47.913900479674339 68.2726666405797 123.16265693306923 1082.104323476553 35.658887133002281 60.975420258939266 29.424845442175865 217.91836351156235 184.87094753235579 53.92787804454565 131.92358159273863 37.522888496518135 13.889711186289786 37.096167661249638 207.94236125051975 33.297876641154289 232.80024223774672 20.149682879447937 62.999421671032906 100.19627203047276 26.015835545957088
leaf_count=9 502 155 20 88 57 10 54 1067 96 60 140 148 127 149 62 90 78 662 958 382 1385 56 33 20 97 377 84 569 2198 82 44 84 34 221 97 56 86 49 49 48 867 53 81 346 1265 8 93 84 1140 608 43 308 38 11 78 423 74 712 67 96 206 46
internal_value=0 0.0649813 -0.0354986 -0.0439628 0.0411047 -0.0472304 0.00492015 -0.0367372 0.0349197 0.0923549 -0.00132383 0.083704 -0.00785352 0.0698564 -0.0404388 0.115265 -0.0566882 -0.0140684 -0.041458 0.0219797 -0.0360586 0.0256724 0.0350039 -0.00987152 0.0535943 -0.00778829 0.100882 -0.0182704 -0.0602173 -0.0014892 -0.00478116 0.0161656 -0.023989 -0.0329566 0.0175261 -0.0428375 0.10136 0.0864944 0.104506 0.0892878 0.060144 0.0735993 0.0193083 0.0196355 -0.0608366 0.0308523 0.0762272 0.0278869 -0.00455269 -0.041113 -0.0482172 0.0145822 -0.0168003 -0.00339238 0.00476079 0.0786973 0.0757952 -0.0502937 -0.0251981 0.0783011 0.100218 -0.0215169
internal_weight=0 2654.74 4982.01 3993.04 1417.94 3742.85 250.191 1774.31 1256.63 1236.8 988.968 897.788 831.354 497.073 1639.57 339.01 1968.54 679.707 1612.25 766.19 1000.72 680.501 343.416 215.683 490.443 520.703 400.715 165.078 1568.81 343.319 85.6881 337.085 26.3654 159.004 50.6052 399.73 203.688 75.4586 350.516 161.307 356.354 470.347 303.846 151.647 1542.44 307.112 413.129 271.454 313.971 704.948 238.799 235.573 61.6635 28.0316 103.65 365.215 304.24 611.531 134.841 270.942 278.392 77.372
internal_count=17230 4678 12552 9391 2863 8564 827 4845 2758 1815 3161 1530 3021 1043 4835 285 3719 2655 4773 1292 2994 1114 507 818 1466 2261 487 690 3575 1599 178 607 112 394 128 144 195 109 403 105 964 888 551 366 3463 474 739 466 1517 2036 651 470 134 108 162 686 593 1779 636 519 354 267
cat_boundaries=0 20 40 41 62
cat_threshold=1112 320 0 0 0 16384 1 0 2147483648 1879844868 512 0 0 0 2147483648 4 0 4259955 4325504 131072 0 1073741888 0 0 0 1073741824 0 1073741824 393216 2147483753 65536 0 0 1048576 8 1 1920 268435458 2 131329 33822720 268500992 1572864 0 0 0 2097152 294938 8 0 4194304 57344 1073741824 67584 2147483648 268435456 2449479688 0 4096 134283264 0 64
is_linear=0
shrinkage=0.05


Tree=4
num_leaves=63
num_cat=3
split_feature=66 63 64 66 66 66 0 65 66 64 73 0 66 3 66 49 66 3 66 1 64 66 68 66 64 3 68 3 70 3 3 3 70 66 66 68 3 64 3 66 64 68 63 3 37 3 64 63 66 8 37 76 63 64 64 19 59 68 66 66 44 58
split_gain=6799.68 1049.2 450.705 296.773 200.838 130.26 107.328 66.8704 51.8762 38.799 36.0703 30.2819 28.0079 27.438 44.6784 27.2225 25.9062 24.7489 24.275 22.7132 20.8949 20.0022 16.071 15.5826 13.2207 12.682 10.9205 11.1417 10.8905 10.5404 9.65013 9.39317 9.36186 9.12119 9.02812 8.85997 9.3805 8.63065 8.31567 8.28455 8.04811 7.95482 7.85943 7.04065 6.99024 6.68568 10.7646 6.37014 6.22109 5.97852 5.90728 5.86238 7.25803 5.78174 5.73512 5.73143 5.45137 5.3236 6.03214 5.15217 4.87426 4.84259
threshold=97.166666666666671 526.73916666666673 71.215000000000018 285.37166666666673 1196.5716666666669 16.676666666666673 0 966.35500000000013 538.73333333333346 670.75000000000011 1 2 45.833333333333336 2018.5000000000002 195.42500000000004 842.13548914702221 158.04000000000005 2019.5000000000002 2588.291666666667 11.500000000000002 99.545000000000016 646.18666666666684 0.58333333333333337 63.373333333333342 1162.7075000000002 2019.5000000000002 0.83333333333333337 2019.5000000000002 7.2019395058877862 2019.5000000000002 2019.5000000000002 2014.5000000000002 2.9104758136314182 7.0233333333333343 290.13333333333338 0.83333333333333337 2019.5000000000002 136.01000000000002 2020.5000000000002 79.626666666666679 165.75000000000003 0.83333333333333337 1926.1450000000002 2018.5000000000002 1.0000000180025095e-35 2019.5000000000002 175.01750000000001 1926.1450000000002 701.14000000000021 6.5000000000000009 -1.0000000180025095e-35 1.0000000180025095e-35 390.51500000000004 717.0200000000001 30.015000000000004 1.8369701987210299e-16 245.2290897016122 0.41666666666666669 33.020000000000003 43.553333333333349 -1.0000000180025095e-35 7.0630742225636283
decision_type=2 2 2 2 2 2 9 2 2 2 9 9 2 2 2 2 2 2 2 2 2 2 2 2 2 2 2 2 2 2 2 2 2 2 2 2 2 2 2 2 2 2 2 2 2 2 2 2 2 2 2 2 2 2 2 2 2 2 2 2 2 2
left_child=2 3 5 10 7 17 9 13 22 29 38 30 57 15 -15 53 19 31 42 28 -10 -16 -5 25 34 37 -25 -28 41 49 -8 50 -27 -19 -9 -18 40 -13 -2 55 -37 -12 -6 47 60 46 -43 -26 -45 -4 -1 52 -22 -3 -33 -14 -39 -7 -59 -32 -24 -52
right_child=1 4 6 8 18 12 11 24 20 -11 16 23 39 14 21 -17 35 33 -20 -21 51 -23 44 26 43 32 27 -29 -30 -31 59 54 -34 -35 -36 36 -38 56 -40 -41 -42 45 -44 48 -46 -47 -48 -49 -50 -51 61 -53 -54 -55 -56 -57 -58 58 -60 -61 -62 -63
leaf_value=-0.059904217774515406 -0.032213779868109027 0.062758316021014338 0.030862526981069189 0.082205943375948665 0.1026726365244042 -0.032491409856314879 -0.021218634580335363 0.058903580945538526 0.094554348503548255 0.078658437093133859 0.017548750962239786 -0.020038746556833745 -0.033587122699597294 0.0031234891419450522 0.050915050038629478 0.11751617541598543 0.035381715263686858 -0.0670942160223547 0.13528997212697252 -0.027512651733303414 0.031640917103958457 0.076903845764911036 0.017855219965935674 0.009146828646488225 0.095484033095313975 -0.042025253896552407 0.0077523618360288218 -0.021886574243883617 0.019960267664606613 -0.026950758536782866 -0.054436675690492757 -0.058051119205074109 -0.01714528297564881 -0.058322296814275143 0.084487605576387292 0.0084911714884132253 0.015579732280311696 0.00075383992927049439 -0.0034057412823973302 -0.010164814933042858 0.041066855096611177 -0.01436308777580046 0.12252181983959563 0.069627920018047171 0.054359640610037355 -0.0091718444392265112 0.029348224700479861 0.1160853937532132 0.096219875443507186 -1.7458509908127872e-05 -0.029382519767714541 0.071294123628349859 0.066161901986090885 0.078115865581441124 -0.045511932238009575 -0.01412368214646275 -0.039641932731844846 -0.04705806860450977 -0.037577729732520659 -0.03332420248416406 0.04063536134183815 -0.046708554191914102
leaf_weight=40.367913313210011 47.110339641571045 135.61904040724039 55.32778599858284 26.764575988054276 185.33262619376183 109.80639868974686 51.927608251571655 43.848390877246857 79.454768180847168 32.835445359349251 71.310069099068642 181.56940381973982 194.32088543474674 37.761215902864933 197.22947219014168 33.833492293953896 108.8064993917942 729.50889728218317 120.25668412446976 44.241217702627182 27.157551027834415 118.53107211738825 25.394158370792866 99.20654559135437 128.5040455982089 85.343675829470158 46.70718164741993 98.73608136177063 168.72778718173504 12.754287526011465 80.386609643697739 431.95146779716015 67.884267807006836 499.09553736820817 161.43824902921915 25.307378046214581 347.50113205611706 104.61247000098228 53.495407417416573 69.118471913039684 75.600686356425285 23.753646612167358 68.230822145938873 39.78263283520937 93.671596638858318 116.70600734651089 34.602614104747772 52.998436510562897 49.18800300359726 21.869482442736626 76.435719877481461 83.778334841132164 34.657316625118256 111.8117597848177 115.59195503592491 46.965258330106735 9.0762872472405416 562.56512054800987 239.1034559533 45.114441096782684 311.85937944054604 85.37469245493412
leaf_count=169 249 407 227 16 145 25 252 98 56 61 58 1576 557 56 335 27 90 621 74 74 69 109 78 57 213 297 263 202 21 84 127 1487 5 836 229 126 503 627 103 172 293 185 46 69 117 292 151 48 46 132 43 86 66 276 868 80 28 1753 526 101 658 561
internal_value=0 0.0539688 -0.042102 0.0283047 0.0850884 -0.0512344 -0.0126806 0.0744179 0.0542757 0.0297184 0.0124328 -0.0187863 -0.0383987 0.0637961 0.0545239 0.0754503 0.015186 -0.0591622 0.116788 0.00654416 0.0739308 0.0606708 0.0446112 -0.0135981 0.0885902 -0.0193314 -0.0036439 -0.0123684 0.0101739 0.0151574 -0.0372473 -0.0520031 -0.0310027 -0.0635308 0.079023 0.0225825 0.0194767 -0.0132744 -0.015368 -0.0254267 0.032897 0.00347175 0.108014 0.0958516 0.0422762 -0.00226239 0.0115557 0.1015 0.0843295 0.0221144 -0.042793 0.0626759 0.0509956 0.0696983 -0.055404 -0.0297987 -0.00247114 -0.0428163 -0.0442305 -0.0468473 0.0389201 -0.0385241
internal_weight=0 3284.27 4193.56 1799.9 1484.37 3200.21 993.352 1110.55 682.738 122.787 1117.16 870.565 1221.88 634.786 353.522 281.264 1016.56 1978.33 373.82 459.341 225.048 315.761 457.69 693.136 475.76 448.486 244.65 145.443 415.1 89.9516 177.429 749.722 153.228 1228.6 205.287 557.216 448.409 295.258 100.606 310.405 100.908 246.372 253.563 270.473 430.925 175.062 58.3563 181.502 88.9706 77.1973 202.178 145.593 61.8149 247.431 547.543 241.286 113.689 911.475 801.669 125.501 337.254 161.81
internal_count=17206 5469 11737 3291 2178 7698 4039 1913 1146 504 2145 3535 3113 1210 500 710 1793 4585 265 781 277 444 869 3055 703 2533 522 465 707 443 480 3128 302 1457 327 1012 922 2231 352 809 419 686 191 376 853 628 336 261 115 359 773 221 135 683 2355 637 655 2304 2279 228 736 604
cat_boundaries=0 20 21 41
cat_threshold=0 1075838976 83886080 0 33824 0 0 0 131072 0 2560 0 1048576 0 2147483648 17 0 2 131136 163840 16779264 268435456 1048576 0 16 524288 35651584 2076 0 0 0 2621440 1275068416 0 2147500544 270532608 268441600 268435456 20480 65544 16
is_linear=0
shrinkage=0.05


Tree=5
num_leaves=63
num_cat=5
split_feature=67 66 63 0 66 67 0 66 3 65 63 67 3 3 8 67 69 66 54 73 63 63 3 67 67 67 3 0 57 3 66 3 63 59 37 70 49 55 65 3 76 26 70 71 3 9 63 8 15 65 66 57 73 67 63 53 67 60 53 8 65 65
split_gain=6255.51 951.107 421.874 248.745 203.416 158.202 148.972 70.9576 48.0021 45.514 45.1042 36.8081 30.0775 29.2266 28.9459 28.9273 27.3569 24.3325 23.4154 18.4558 14.888 14.5783 14.2895 13.5598 13.4696 13.1531 13.0588 12.5379 11.5922 10.885 9.07945 8.23691 10.7804 10.2038 7.55331 7.70692 7.48864 7.479 7.3312 7.30466 7.26435 7.12803 6.94661 6.04327 5.73619 5.54027 5.3753 5.34456 5.22703 4.95164 4.62195 4.62192 4.3441 4.28229 4.1109 3.68781 3.68695 3.65769 3.62148 3.44711 3.43515 3.37608
threshold=178.23500000000004 404.90500000000003 100.93924242424245 0 1287.4433333333334 35.140000000000008 1 233.33166666666668 2019.5000000000002 1208.1800000000003 594.09125000000006 89.975000000000009 2019.5000000000002 2019.5000000000002 1.5000000000000002 87.940000000000012 0.83333333333333337 588.22000000000014 963.39018537853167 2 44.358181818181826 1329.9841666666669 2018.5000000000002 584.48000000000013 1614.6900000000003 15.030000000000003 2019.5000000000002 3 5.4296461000932013 2020.5000000000002 701.14000000000021 2019.5000000000002 191.32416666666671 -5.4277876662463909 1.0000000180025095e-35 0.77869796144823589 -304.38995295310605 99.358471760287202 728.25500000000011 2017.5000000000002 1.0000000180025095e-35 -0.93301270189221908 0.80750373907271011 39.982519289699411 2019.5000000000002 0.25000000000000155 1656.7454166666669 6.5000000000000009 -1.0000000000000002 51.025000000000006 555.77333333333343 7.950230444931452 4 256.97000000000008 360.63541666666669 1063.954716841034 526.16500000000008 -12.547447575542455 -59.443951924099174 4.5000000000000009 19.040000000000003 609.46000000000015
decision_type=2 2 2 9 2 2 9 2 2 2 2 2 2 2 2 2 2 2 2 9 2 2 2 2 2 2 2 9 2 2 2 2 2 2 2 2 2 2 2 2 2 2 2 2 2 2 2 2 2 2 2 2 9 2 2 2 2 2 2 2 2 2
left_child=2 3 5 8 9 12 10 14 21 16 26 44 20 27 -5 -15 50 42 46 29 41 39 40 -10 30 -14 47 -8 60 59 -19 32 -21 52 35 61 -24 -37 -12 -2 -11 -1 -18 -23 49 -35 -6 -4 -43 -7 -3 -46 57 -47 -44 -20 -36 -33 -29 -16 -13 -9
right_child=1 4 6 7 18 11 13 34 23 22 38 28 25 15 19 -17 17 24 55 31 -22 43 36 -25 -26 -27 -28 58 -30 -31 -32 33 -34 45 56 37 -38 -39 -40 -41 -42 48 54 -45 51 53 -48 -49 -50 -51 -52 -53 -54 -55 -56 -57 -58 -59 -60 -61 -62 -63
leaf_value=-0.029963974986377692 0.075359946132403155 0.097149584088702862 0.033255152825209446 -0.020638455373033913 0.097725332252194777 -0.039141676232347503 0.0029940795979598207 0.034823245885949886 0.023889694723925149 0.11099061853327177 0.046602594517756973 -0.028586418237167906 -0.066664885204580013 -0.049517343655865048 -0.043566291315341427 -0.018138826829844239 0.068633909028891923 0.062788739816579037 0.12143439884934273 0.0034404070138379012 -0.034832999822127633 0.083743454768378314 0.091348090521366956 0.066954062564647726 0.045961996592764523 -0.056079576561602444 -0.020650130789409308 -0.034075415830837584 -0.039061509990261527 0.011772473026174624 0.080287247533164727 0.0030460322534659827 0.03424880190016525 0.0048603758348588523 0.036366895705291134 0.030400936329010555 0.068298498660978188 0.0075655104528246052 0.085154074523768913 0.054503561301707394 0.087313184694488205 -0.025042964675638692 0.038604641752046615 0.11100964146969822 -0.040832251470069636 0.014123770165302439 0.11392955035692716 0.0048821418988891988 -0.054708188057481781 -0.024255169308085762 0.077196901572696736 -0.054915444936713881 0.0085180587869983695 0.024660726569058152 0.052316575971005475 0.13674373495006883 0.054923747161725614 -0.019125407183254894 -0.014386700764554033 -0.013171296271738776 -0.014138697639496026 0.059439482372763509
leaf_weight=32.59527213871479 113.23686626553535 63.177419513463974 59.794214382767677 70.169386483728886 137.16681779921055 135.92993242293596 146.74051528424025 26.743198215961456 70.464523285627365 76.588680654764175 18.271881721913815 49.720827780663967 681.37528930604458 114.73335622996092 22.560888439416885 204.11788420379162 49.772873163223267 114.58731797337532 78.962972372770309 39.132846377789974 141.72140564024448 72.576425418257713 61.882823452353477 24.681997001171112 48.908633723855019 515.48721799254417 18.933621734380722 27.583246223628521 71.993434272706509 24.255038574337959 209.96321494877338 39.472868606448174 103.47727090120316 85.908189006149769 54.449285104870796 286.4968633055687 81.842741459608078 40.985823690891266 37.93481932580471 66.716658852994442 56.13893224298954 15.230825424194334 77.627644315361977 28.225022375583649 656.0153835490346 213.20243150740862 81.638614594936371 22.974625959992409 592.43947631120682 94.831040143966675 53.690123736858368 63.936650678515434 102.9870627373457 176.04190638661385 184.75726609677076 78.385367512702942 52.648869067430496 35.181662708520889 152.38499666005373 15.903553687036036 238.45504070818424 29.068316079676151
leaf_count=74 247 33 235 22 108 851 862 74 235 92 68 149 757 284 106 394 117 171 57 205 1272 150 51 29 54 938 107 163 184 71 240 63 341 121 77 617 81 69 94 166 60 1 177 32 663 73 40 141 2495 806 70 218 149 102 392 45 32 46 1001 98 470 75
internal_value=0 0.0526484 -0.0402659 0.0282912 0.0826885 -0.0481989 -0.00778526 0.0182365 0.0640495 0.0716502 0.0344917 -0.0347272 -0.0571231 -0.0183762 0.0102376 -0.0294299 0.0656227 0.0618113 0.11435 0.0127623 -0.049497 0.0761549 0.0891468 0.035061 0.070423 -0.0621058 0.0168103 -0.00815079 -0.0211149 -0.0124702 0.0741091 0.0147237 0.0257948 0.0125306 0.0337501 0.0304699 0.0782228 0.027543 0.0726216 0.0676276 0.100976 -0.0527428 0.0515084 0.0913782 -0.0398841 0.0163528 0.103771 0.0253795 -0.0539647 -0.0330241 0.0879831 -0.0420829 0.00230691 0.0188893 0.0482598 0.129061 0.0454893 -0.00652804 -0.0164882 -0.0309991 -0.0166315 0.0476441
internal_weight=0 3249.68 4093.2 1794.59 1455.09 3289.73 803.469 1418.69 375.901 1078.94 157.909 1310.88 1978.85 645.56 928.293 318.851 802.484 685.617 376.154 858.124 781.987 280.755 276.453 95.1465 373.459 1196.86 101.702 326.709 360.169 62.7195 324.551 795.404 142.61 652.794 490.392 383.294 143.726 327.483 56.2067 179.954 132.728 640.266 312.158 100.801 950.713 475.153 218.805 82.7688 607.67 230.761 116.868 719.952 177.642 389.244 262.385 157.348 107.098 74.6545 179.968 38.4644 288.176 55.8115
internal_count=17215 4988 12227 3200 1788 8878 3349 2341 859 1538 645 3341 5537 2704 1397 678 1254 1151 250 1375 3842 595 284 264 465 1695 483 2026 803 275 411 1100 546 554 944 835 132 686 162 413 152 2570 686 182 2538 296 148 376 2496 1657 103 881 258 175 569 102 109 109 1164 204 619 149
cat_boundaries=0 20 40 41 60 61
cat_threshold=4096 32 16777216 0 102416 16384 0 0 0 512 3072 0 0 0 2147483648 8388628 20971520 100728908 4194304 65536 0 1075839072 83886080 0 33792 0 0 0 131072 0 69120 0 1048576 0 2147483648 528 4 98 131072 32768 16779264 2162688 524288 2155872256 0 167776288 524288 1024 3355443200 262144 0 16777216 270336 18432 0 0 3238002695 1 0 64 44040192
is_linear=0
shrinkage=0.05


Tree=6
num_leaves=63
num_cat=4
split_feature=67 67 64 66 64 0 66 67 70 67 73 3 3 66 64 70 3 56 3 66 64 3 67 67 68 70 0 3 55 3 51 67 57 67 8 64 66 88 64 66 48 63 25 33 66 68 71 0 8 58 3 51 57 47 66 64 10 50 66 67 50 66
split_gain=5774.59 879.381 363.234 239.282 188.414 113.244 103.284 60.7519 58.2267 53.1266 38.6561 38.6166 34.6491 33.8134 33.5172 28.8518 28.0859 23.8247 20.742 17.1815 15.2219 15.0188 14.7827 14.5815 14.4493 11.9142 11.5061 11.3421 9.77088 9.01531 8.78862 7.96519 7.75402 7.72032 7.62894 7.56042 7.56032 6.42394 5.98065 5.77644 5.73987 5.22706 5.02386 4.94481 4.94472 6.92957 4.90152 4.87319 4.97606 4.76433 4.52179 4.33241 4.20082 4.01632 4.55656 3.98849 4.10019 3.75914 6.00968 3.70294 3.60809 3.58048
threshold=155.33500000000001 485.16500000000008 71.215000000000018 1287.4433333333334 515.71250000000009 0 19.916666666666668 1166.5000000000002 0.48393826551213609 302.62000000000006 1 2019.5000000000002 2019.5000000000002 42.965000000000011 797.75000000000011 6.3634107398572057 2019.5000000000002 1508.0839972712054 2021.5000000000002 610.27333333333343 819.23000000000013 2019.5000000000002 17.070000000000004 73.195000000000007 0.58333333333333337 1.0435402561383476 2 2018.5000000000002 89.105444803911197 2014.5000000000002 -510.04648617908043 2155.0000000000005 -10.313054586732799 223.20000000000002 4.5000000000000009 293.19750000000005 420.91333333333336 1.0000000180025095e-35 29.045000000000005 315.49500000000006 -34.861299376999476 345.45833333333343 -1.0000000180025095e-35 -1.0000000180025095e-35 74.166666666666671 0.83333333333333337 61.216852730897216 3 2.5000000000000004 7.0630742225636283 2016.5000000000002 -5.613119255496847 -11.749504811995159 -70.367684752935318 427.22000000000008 136.01000000000002 17.160254037844386 -52.989878163476696 218.67750000000004 628.54500000000019 -40.026807240278337 74.166666666666671
decision_type=2 2 2 2 2 9 2 2 2 2 9 2 2 2 2 2 2 2 2 2 2 2 2 2 2 2 9 2 2 2 2 2 2 2 2 2 2 2 2 2 2 2 2 2 2 2 2 9 2 2 2 2 2 2 2 2 2 2 2 2 2 2
left_child=2 4 6 7 9 14 16 8 43 10 15 20 26 -14 21 35 29 31 30 24 -6 34 -18 -8 -10 27 -7 -26 37 42 -9 -5 -17 41 -4 47 -30 53 -31 51 -32 -12 -1 -3 45 -15 -33 -2 -49 -44 -22 -11 -25 54 -27 -28 -57 -53 -59 -55 -29 -54
right_child=1 3 5 17 11 12 23 18 19 39 33 -13 13 44 -16 32 22 -19 -20 -21 50 -23 -24 52 25 28 55 60 36 38 40 46 -34 -35 -36 -37 -38 -39 -40 -41 -42 -43 49 -45 -46 -47 -48 48 -50 -51 -52 57 61 59 -56 56 -58 58 -60 -61 -62 -63
leaf_value=-0.058977792077510506 0.0075462767731195625 0.10381851362440353 0.041057297441551788 0.090269084570829008 0.05163546933576877 0.0015359320350428604 -0.040965730678623385 0.10337115793296003 0.068766927299526506 0.02767603932343328 0.0026785290277625312 0.015539445667103352 -0.052125985521086105 -0.018473864002973319 0.086846016932623518 -0.01343670546573953 -0.065547202618107911 0.13358240845591118 0.05808058336502811 0.064234107666671189 0.084143898264034622 -0.025919065020917304 -0.054348280047254949 -0.019439217731479552 0.071618990627691143 0.030190748459236735 -0.020951737058361904 0.052962554656340657 0.0060708377681203936 -0.055377220411372718 0.073886601534622662 0.098655430883164807 -0.057721765008586216 0.017937148310347872 0.010246234676469679 0.017051542841494065 0.039209041084588087 0.033904274539394402 -0.043081021232811753 0.036801123159695734 0.088238225837755549 0.020732919660952209 -0.027173977731220163 0.081576122221779221 -0.015014829386798529 -0.039613525613118969 0.11475866637759378 -0.022937319049118041 -0.003398251530794474 -0.044185810353937767 0.066019041752143209 0.026089314585783532 -0.03525771672518789 0.0456166488373052 0.050396916660138638 -0.0030755371238213301 -0.039595074706474526 -0.010071703992808012 0.019750850057506635 0.06051511462732051 0.028234474831581764 -0.018747077025832667
leaf_weight=29.391410946846008 42.165044628083706 46.803621500730515 45.791999690234661 98.383164413273335 119.04983177036047 130.46161938458681 568.42984960973263 51.90700663626194 72.897300973534584 254.32561197131872 192.53893899917603 47.128361277282238 136.42530870437622 85.607452183961868 22.339833915233612 13.910871379077433 794.260005351156 74.206667363643646 96.000707656145096 208.63284883648157 76.525935336947441 15.66024563461542 468.48052545264363 107.34300147742033 72.718996204435825 51.767236419022083 199.80185382813215 34.093159571290016 31.752470552921295 413.28664784878492 141.29072514176369 83.574915133416653 34.149817995727062 365.09460783004761 35.795012541115284 41.678771935403347 37.584674052894115 105.35520722717047 129.99258381873369 111.59371376037598 137.43891725689173 50.631952054798603 74.639609135687351 53.608306333422661 136.1192734092474 70.8484842851758 108.73530557751656 56.583041720092297 76.829645544290543 91.745603486895561 62.5284623503685 56.968381389975548 154.30478298664093 80.766655929386616 60.515741184353828 65.376833997666836 8.7098238393664342 26.47152591496706 46.684484474360943 86.23834590613842 26.002190321683884 41.712751604616642
leaf_count=96 119 52 182 75 355 624 1786 64 41 428 430 92 286 35 52 43 883 52 41 268 161 108 745 350 183 69 1708 65 54 1526 187 59 94 324 220 104 59 270 1060 244 136 104 54 96 214 229 61 41 319 693 127 112 300 95 101 449 47 67 136 75 57 107
internal_value=0 0.0475701 -0.0417347 0.0722467 0.021635 -0.0149836 -0.0506058 0.0628196 0.055896 0.0137181 0.00629764 0.057159 -0.0214141 -0.0315691 0.029178 -0.00948983 -0.0568615 0.108296 0.0785405 0.0517275 0.0647585 0.0189307 -0.0613924 -0.0362418 0.0477722 0.045164 -0.0111695 0.0583362 0.0413105 -0.04912 0.0844811 0.101841 -0.0449037 0.0131242 0.0275394 -0.00209251 0.0240336 0.0444249 -0.0524351 0.0267864 0.0809633 0.00643773 -0.0399207 0.0919437 -0.0219836 -0.0280466 0.10776 -0.00663693 -0.0108704 -0.0365544 0.0759937 0.0238794 -0.0273901 0.0483935 0.041081 -0.016669 -0.00736887 0.016459 0.00895955 0.0533099 0.0422632 -0.0317442
internal_weight=0 3435.13 3826.52 1760.27 1674.86 952.938 2873.59 1395.37 968.737 1369.63 873.583 305.233 833.351 429.001 119.587 265.317 2001.8 364.9 426.637 868.325 258.104 97.2473 1262.74 871.79 659.692 586.795 404.35 132.814 453.98 739.056 330.637 290.693 48.0607 608.265 81.587 217.257 69.3371 384.643 543.279 496.044 278.73 243.171 195.777 100.412 292.575 156.456 192.31 175.578 133.413 166.385 139.054 384.45 303.361 279.288 112.283 273.889 74.0867 130.124 73.156 167.005 60.0953 196.018
internal_count=17214 5460 11754 2160 3300 4154 7600 1913 1485 2565 1578 735 3592 764 562 720 5057 247 428 1337 643 510 1628 2543 1069 1028 2828 305 723 3429 387 195 137 858 402 583 113 610 2586 987 323 534 843 148 478 264 120 479 360 747 288 743 757 340 170 2204 496 315 203 170 122 407
cat_boundaries=0 20 21 39 57
cat_threshold=0 1075839008 83886080 0 1024 0 0 0 0 0 3584 0 1048576 0 0 17 4 34 131136 65536 52561984 65536 524288 2155872256 0 134250624 524288 1024 3221225472 393216 0 16891904 1024 2048 0 2147483648 3238003234 0 64 0 0 0 0 0 0 0 1073741824 0 0 0 0 0 0 12 1 257 268435456
is_linear=0
shrinkage=0.05


Tree=7
num_leaves=63
num_cat=5
split_feature=67 67 63 0 66 0 66 67 0 63 65 67 70 73 70 71 66 0 67 36 55 8 67 70 66 42 65 56 65 8 66 66 67 66 47 37 70 65 66 58 70 38 56 65 68 66 71 65 8 68 66 65 63 70 68 56 49 58 63 71 63 55
split_gain=5182.48 824.432 330.469 228.608 166.174 125.773 72.0487 65.1318 42.5922 39.4975 39.4501 36.889 43.165 26.3936 32.2233 25.3229 25.0643 18.8998 15.7369 15.5136 12.7544 12.3881 12.1336 11.0098 14.5682 10.0407 9.32827 9.00012 8.97199 8.81567 8.81265 7.9951 7.74829 7.3022 7.1603 6.85819 6.34657 6.31433 6.19143 5.6416 6.31455 5.60078 5.39164 4.83691 4.74882 4.67898 4.26393 4.25376 4.0061 3.65494 4.38454 3.56649 3.53507 3.52006 3.43739 3.36918 3.26404 3.14601 3.09172 2.99893 2.99194 2.87921
threshold=155.33500000000001 628.54500000000019 49.511111111111113 0 1196.5716666666669 1 206.05500000000001 33.050000000000004 2 482.24375000000003 901.92000000000019 1166.5000000000002 0.48881442843723161 3 6.3634107398572057 148.16125134660766 25.500000000000004 4 1779.2700000000002 1.0000000180025095e-35 -21.213570325602788 5.5000000000000009 2155.0000000000005 0.027556205381267265 7.0233333333333343 -1.0000000180025095e-35 428.17000000000002 80.418589851270454 133.08500000000001 3.5000000000000004 141.45000000000005 538.73333333333346 76.375000000000014 538.73333333333346 -30.892059603194628 0.68301270189221941 0.30211752561449906 901.92000000000019 315.49500000000006 847.44634424151548 6.7362293800649971 0.93301270189221952 223.59748828114363 86.050000000000011 0.83333333333333337 13.030000000000003 10.889552801908154 195.03000000000003 2.5000000000000004 0.58333333333333337 70.416666666666671 402.74500000000006 492.48875000000004 2.8375366568914964 0.83333333333333337 6.127992935267085 48.532489343754925 48.672508361831831 76.194444444444471 47.711783288671931 1329.9841666666669 12.151678467866228
decision_type=2 2 2 9 2 9 2 2 9 2 2 2 2 9 2 2 2 9 2 2 2 2 2 2 2 2 2 2 2 2 2 2 2 2 2 2 2 2 2 2 2 2 2 2 2 2 2 2 2 2 2 2 2 2 2 2 2 2 2 2 2 2
left_child=2 3 7 10 11 9 13 23 45 29 21 12 -3 35 17 22 27 -15 39 25 -16 56 -6 -1 -25 31 38 43 49 -4 41 -14 -9 -21 -29 -5 52 -11 46 40 53 -19 -27 -10 -32 -7 -8 -31 -12 -18 58 -23 -30 -13 -44 -34 -2 -47 -51 -24 -50 -22
right_child=1 4 5 6 15 8 26 32 16 37 48 18 19 14 20 -17 28 30 -20 33 61 51 59 24 -26 42 -28 34 36 47 44 -33 55 -35 -36 -37 -38 -39 -40 -41 -42 -43 54 -45 -46 57 -48 -49 60 50 -52 -53 -54 -55 -56 -57 -58 -59 -60 -61 -62 -63
leaf_value=-0.038367714557416922 0.051009896847833025 0.097566921260614767 0.027530722140941873 0.012647695441385623 0.082505435027664623 -0.060633551993572635 0.01727046049415841 -0.04149853961111663 -0.032069684435152304 0.044607212474888781 0.088511260864211488 0.076684954060031341 0.018687887437835466 0.024198786463672635 -0.0065125150054648352 0.12532924318127461 -0.0082412675184431808 -0.013611563399015212 0.050459674283217008 0.020044084576300331 -0.038457484583644702 0.024111691773686883 0.096121506918619426 -0.063029433671076898 -0.053386268924423809 0.052764385772095482 0.039321430585738046 -0.020281151955932043 -0.0028966936676315287 -0.0186556847398506 0.023649289980006372 0.054048192167202296 -0.019948516849027032 0.046678120045510245 -0.052147169277898357 0.026840909647036018 -0.011974005406627736 0.082031476341248188 0.033893535548095467 0.093879495123736958 0.086128743670037922 0.010976422253431664 0.073205533530512776 -0.018985397593668546 0.0024592978747878923 -0.051636399883774942 0.029724596989225461 0.0066725797502226406 0.064221170856970822 -0.033302168619434525 -0.015448438551489148 0.041421036638045257 0.0290060408416228 0.061959170277345058 0.059750083347801297 -0.034468052979500487 0.068607973140532116 -0.037150348835226138 -0.022101216896249727 0.10867489462852853 0.079416424823559095 -0.066658779650058772
leaf_weight=71.313684269785881 79.342040218412876 57.198272407054901 30.715311855077744 395.84214913100004 120.47068654745817 68.121484644711018 204.4145053178072 368.68920123204589 232.7158172018826 24.506922006607056 49.120974063873291 99.363563664257526 30.064522929489613 80.618302948772907 23.520103856921196 87.831955909729004 55.559974372386932 142.66344173997641 53.235329478979111 47.362286627292633 16.702848561108112 51.137063354253769 89.835515797138214 825.57584789022803 745.17205905914307 195.44011763483286 166.65872099250555 22.664410293102264 19.315438061952591 30.364541918039322 32.172856450080872 34.13659556210041 68.211271464824677 56.356570512056351 79.338473834097385 108.42407768964767 164.7635635882616 20.868645489215851 148.27998030185699 58.172926425933838 108.89769677817822 27.6487717628479 71.443631768226624 101.41385028138757 148.38706647604704 79.883776307106018 103.5362543463707 36.507077239453793 65.442107781767845 89.396763283759356 169.69053614139557 71.18488335609436 15.774834305047987 68.599252007901669 141.41923642158508 96.445477433502674 39.450198903679848 70.608235225081444 198.18349293991923 101.1354004740715 64.150288701057434 19.754829153418541
leaf_count=36 213 72 120 335 110 192 463 1249 1246 81 71 136 78 264 53 59 11 437 61 56 103 214 66 1755 2354 311 291 104 116 231 15 45 63 58 92 43 636 46 310 51 35 13 63 821 350 70 105 183 163 532 377 264 71 91 178 273 85 105 1008 58 125 16
internal_value=0 0.0450312 -0.0401765 0.024652 0.0742664 -0.0222087 0.0157627 -0.0526516 -0.0267685 0.0217557 0.0571869 0.0635774 0.056139 0.00751666 -0.000861668 0.101618 -0.0224308 0.00389408 0.0757124 0.0520267 -0.035219 0.0453535 0.0949311 -0.0575823 -0.0584547 0.0558705 0.0291976 -0.032067 -0.0168487 0.00535666 -0.00142043 0.0374894 -0.0374711 0.0345159 -0.0450667 0.0153942 -0.00786207 0.061819 0.0254995 0.0797249 0.0767508 -0.00961991 0.0587607 -0.0280984 0.00623501 -0.0475846 0.0214577 -0.00482828 0.076352 -0.0203508 -0.0218222 0.0341848 0.0114452 0.0706707 0.0642662 -0.0284531 0.0568541 -0.0448398 -0.0255831 0.10277 0.0717431 -0.0537385
internal_weight=0 3459.42 3685.8 2038.45 1420.96 1510.39 1618.62 2175.41 1367.43 142.962 419.828 1021.69 633.421 995.734 491.468 399.274 1148.82 431.49 388.269 576.223 59.9778 241.114 311.442 1642.06 1570.75 472.504 622.889 436.133 712.685 97.5869 350.872 64.2011 533.346 103.719 102.003 504.266 199.854 45.3756 456.231 335.033 276.861 170.312 408.303 334.13 180.56 218.613 307.951 66.8716 178.713 512.831 457.271 122.322 35.0903 167.963 212.863 164.657 118.792 150.492 287.58 190.971 129.592 36.4577
internal_count=17233 5461 11772 3933 1528 6042 2798 5730 5381 661 1135 1235 861 1629 1251 293 5014 1079 374 789 172 776 234 4145 4109 675 1169 2263 2751 534 815 123 1585 114 196 378 823 127 878 313 262 450 552 2067 365 367 568 414 359 1928 1917 478 187 227 241 336 298 175 1540 124 288 119
cat_boundaries=0 18 37 58 59 78
cat_threshold=1024 288 16777216 0 65552 0 0 0 0 537141760 3072 0 0 0 0 8388628 37748736 100728925 0 1075838976 83886080 0 33587200 0 0 1073741824 131072 0 69120 0 1048576 0 0 2147483665 4 34 131136 0 0 1342177280 1610631104 0 33554432 268509192 4194304 0 0 2621440 2080374784 0 16384 268435456 4198400 0 0 0 16 128 12984984 0 64 0 0 0 0 0 1073741824 0 8388608 0 0 0 0 0 1 16778192 34 131072
is_linear=0
shrinkage=0.05


Tree=8
num_leaves=63
num_cat=5
split_feature=66 0 64 66 0 66 66 66 64 0 71 3 66 64 73 70 69 3 70 35 66 65 66 3 8 64 66 3 66 69 56 82 66 10 66 3 37 3 3 5 66 66 69 69 70 55 63 70 57 63 8 66 3 66 63 64 20 3 59 49 55 0
split_gain=4831.94 694.219 383.439 270.183 106.305 102.135 94.3185 42.5731 34.1694 31.7861 30.4756 30.0374 36.6132 29.55 28.6484 27.8081 26.8599 24.3493 17.7227 24.5012 17.5861 17.3128 16.7793 13.2193 13.1091 12.8864 10.7207 10.6056 10.0559 9.24027 8.87255 8.65286 8.26878 7.87191 7.4551 7.42547 7.34301 6.54438 6.2785 5.87676 5.65754 5.34019 5.18493 4.93873 4.58911 5.47839 4.52392 4.31805 4.30484 4.2982 4.28563 4.14644 4.01812 3.86011 3.76908 3.62675 3.6025 3.18362 3.16463 3.10923 3.01902 2.99417
threshold=93.636666666666684 0 60.050000000000004 233.33166666666668 1 1110.511666666667 19.278333333333336 460.07166666666672 622.59000000000015 2 106.85479405799445 2019.5000000000002 42.136666666666677 783.35750000000007 3 4.6706220161904115 0.41666666666666669 2014.5000000000002 16.396012218243104 0.68301270189221941 7.0233333333333343 420.86000000000007 404.90500000000003 2018.5000000000002 5.5000000000000009 136.01000000000002 701.14000000000021 2018.5000000000002 76.166666666666671 0.58333333333333337 416.28507614755756 1.0000000180025095e-35 509.56666666666666 15.588457268119894 150.13333333333335 2019.5000000000002 -1.0000000180025095e-35 2019.5000000000002 2020.5000000000002 0.6830127018922193 28.388333333333335 73.140000000000001 0.83333333333333337 0.83333333333333337 0.77869796144823589 89.105444803911197 449.0462500000001 20.475709417428465 -15.867340315950015 3.7633333333333341 2.5000000000000004 285.37166666666673 2019.5000000000002 236.67833333333337 5.4226190476190483 736.10000000000014 0.6830127018922193 2020.5000000000002 -608.65975070699437 -33.180496934502138 17.140807964206502 4
decision_type=2 9 2 2 9 2 2 2 2 9 2 2 2 2 9 2 2 2 2 2 2 2 2 2 2 2 2 2 2 2 2 2 2 2 2 2 2 2 2 2 2 2 2 2 2 2 2 2 2 2 2 2 2 2 2 2 2 2 2 2 2 9
left_child=2 5 6 9 8 13 17 16 24 35 39 25 -13 22 38 34 -5 36 19 26 37 51 27 33 -4 -6 46 -2 40 -14 -24 48 -25 50 61 -3 -1 -19 -11 -7 -8 43 -37 -31 55 -46 57 52 -17 -42 -15 -18 -22 -29 -38 -23 -27 -9 -52 -30 -40 -16
right_child=1 3 4 7 11 10 28 18 -10 14 -12 12 29 23 15 31 21 20 -20 -21 47 44 30 32 -26 56 -28 53 59 41 -32 -33 -34 -35 -36 42 54 -39 60 -41 49 -43 -44 -45 45 -47 -48 -49 -50 -51 58 -53 -54 -55 -56 -57 -58 -59 -60 -61 -62 -63
leaf_value=-0.058286086034494311 0.048465555863500924 0.03924741815200615 0.024307058336365782 0.065859714417259269 -0.017890769999301708 0.094542761820059509 -0.041820649793978981 0.030314930234324591 0.064796039926659416 1.33753925277078e-05 0.12167578439400523 -0.049132248765718707 0.0028225061131584394 0.094960429296848572 0.0060912448975740819 -0.0024627603695220601 0.018403521977571828 -0.056252638288933968 0.080705258814241232 0.02467823929818222 -0.047923978386088868 0.040575502978383138 0.048791027747780581 0.04012463188101667 -0.0086001956644925093 0.0029042489227833063 0.064950720124474115 -0.0070148104030939478 -0.0001948992139160046 -0.021464429547525407 0.08128531524857828 -0.062189206707249506 0.06772370808513227 0.058235394396724795 0.0092765301664768981 0.032010071578009842 -0.021536465739337388 -0.0655366266724378 0.012358183547188387 0.078541579819576712 -0.017162213054495869 -0.015984635953206545 0.006651772737609008 -0.038281398978356529 0.041090438249998869 0.017399377473473785 0.053867862272853367 -0.040600644340510174 -0.032990964736715221 -0.034679618398497716 0.09285580721398734 0.029141564703841535 -0.056143741028808127 0.025543288733593652 -0.03915215432850197 0.059258417385958689 -0.026263325126481565 0.047630530431111213 0.07577551232443662 -0.027002955879829441 0.021212911277702279 -0.0087898311736941594
leaf_weight=33.983007006347179 41.592663124203682 93.286782510578632 72.172513999044895 64.666661068797112 273.5809952840209 218.2868437319994 330.23913703113794 42.274313993752003 37.799501314759254 73.031101755797863 105.10675451159477 163.20427186414599 37.916829407215118 54.107941478490829 38.164231032133102 17.363547429442406 131.1153599023819 270.63677537813783 52.458994120359421 79.766374528408051 212.31293814256787 50.178827494382858 47.679246336221695 37.541530840098858 52.1195253059268 132.74168286472559 164.06679056584835 15.803632177412508 24.025968194007874 96.33073465526104 37.55370782315731 19.026821099221706 97.940211854875088 38.5419632345438 152.56968313455582 37.978521108627319 50.596885919570923 635.65077629312873 236.70299072563648 77.845160901546478 38.641965217888355 139.26350063085556 42.95904678106308 79.842799250036478 136.57891566306353 29.710096150636673 184.67951203882694 69.27445350587368 34.476124383509159 373.35676680132747 33.234965071082115 286.00466961413622 496.04151099175215 21.474044233560562 75.939636282622814 53.853959888219833 11.503712356090544 71.34442164003849 147.36662559211254 19.671460717916489 162.24306776374578 140.78776306658983
leaf_count=165 149 344 251 42 2284 158 971 101 79 211 78 362 9 67 103 49 316 1064 18 84 1355 145 144 89 296 771 140 79 54 44 52 12 165 61 350 28 16 635 88 58 42 178 146 254 234 45 313 36 122 1146 54 513 954 67 551 107 44 47 292 73 38 424
internal_value=0 0.0429005 -0.0397222 0.0280215 -0.0148819 0.0783959 -0.0500769 0.0429564 0.0218217 0.00910788 0.098546 -0.0212551 -0.0295452 0.0656505 0.00496143 -0.00480161 0.035052 -0.0562574 0.0529549 0.0502696 -0.0580311 0.0321539 0.0477282 0.0728462 0.010508 -0.0115148 0.0546846 0.0311076 -0.0355726 -0.0204985 0.063108 -0.0333504 0.0600761 0.0791778 0.00115618 0.0280241 -0.0376503 -0.0627642 0.0132119 0.0903365 -0.0369449 -0.0233018 0.0185507 -0.029086 0.0420105 0.0368577 0.0490382 -0.0525149 -0.0227656 -0.0330366 0.0826168 0.0257662 -0.0536801 0.0117405 -0.0321083 0.050247 0.000578106 0.0411879 0.0789187 -0.0122632 0.0159592 -0.00576702
internal_weight=0 3369.36 3726.85 2395.29 1096.48 974.075 2630.37 1346.7 162.092 1048.59 401.239 934.385 516.558 572.837 874.365 402.388 752.108 1844.44 594.59 542.131 1683.92 687.442 164.103 408.733 124.292 417.826 462.365 78.8703 785.935 353.354 85.233 70.8665 135.482 273.251 331.522 174.224 160.52 906.288 471.977 296.132 742.238 315.437 80.9376 176.174 270.322 166.289 298.298 777.629 51.8397 411.999 234.71 417.12 708.354 37.2777 126.537 104.033 144.245 113.619 180.602 43.6974 398.946 178.952
internal_count=17167 5533 11634 4020 4572 1513 7062 2105 626 1915 294 3946 847 1219 1397 1060 1402 4776 703 685 4044 1360 491 728 547 3099 601 295 2286 485 196 183 254 474 877 518 732 1699 337 216 2159 476 174 298 531 279 461 2345 171 1188 413 829 2309 146 567 252 815 148 346 127 126 527
cat_boundaries=0 20 40 59 60 77
cat_threshold=0 32 3581936128 32 90160 0 0 0 0 1024 3072 0 0 0 16384 8388628 38273026 100794368 268435584 32768 0 1075871776 83886080 0 33592352 0 0 1073741824 393216 0 2560 0 1048576 0 2147483648 17 0 34 131136 163840 0 64 0 0 1152 20480 0 1073741824 0 2048 512 2097152 0 0 0 0 16777904 65634 131072 12850912 0 524288 0 0 0 0 16 0 0 0 0 0 0 0 12 1 4
is_linear=0
shrinkage=0.05


Tree=9
num_leaves=63
num_cat=3
split_feature=67 67 63 63 66 72 66 67 63 65 66 3 67 3 73 58 72 71 67 49 3 63 3 66 65 3 66 3 26 67 3 67 63 66 68 65 66 15 57 66 63 66 53 65 34 57 57 65 66 65 63 57 71 63 78 56 48 48 49 67 65 3
split_gain=4313.39 628.377 302.143 183.734 153.366 118.21 78.0305 63.7008 53.495 38.7789 34.3569 36.8121 30.8667 26.556 20.548 25.6963 20.6024 17.7666 17.7202 19.9299 16.8506 16.8086 15.6207 12.1109 11.7909 10.3835 8.32321 8.14743 8.02617 7.6602 7.59348 7.47518 7.13271 6.93906 9.41634 8.33424 8.6031 9.86886 6.8996 7.33213 6.87117 6.80596 6.14454 6.11117 5.57017 4.94553 4.87231 4.79908 4.46339 4.368 4.23061 4.46903 4.22425 4.1507 4.03145 3.79459 3.7317 3.29827 3.2286 3.17023 3.06139 3.05218
threshold=155.33500000000001 628.54500000000019 49.511111111111113 687.08730158730179 1595.2516666666668 0 201.6216666666667 28.160000000000004 1656.7454166666669 750.02500000000009 19.916666666666668 2019.5000000000002 1166.5000000000002 2018.5000000000002 1 107.06401167302745 2 106.85479405799445 1779.2700000000002 490.56530475182132 2019.5000000000002 86.992857142857162 2019.5000000000002 297.10833333333341 50.005000000000003 2018.5000000000002 7.0233333333333343 2019.5000000000002 -0.93301270189221908 76.375000000000014 2019.5000000000002 88.600000000000009 230.29166666666669 628.14333333333354 0.58333333333333337 1170.1600000000001 404.90500000000003 0.25000000000000017 0.79939264890637274 49.401666666666678 449.0462500000001 160.49000000000004 -40.11655640388701 901.92000000000019 0.6830127018922193 37.560878808288827 9.6061630206645567 17.010000000000002 97.693333333333342 89.030000000000015 20.825757575757578 -10.313054586732799 1.2934919470268305 179.23136363636365 1.0000000180025095e-35 2.6866711800312442 -92.366033317273747 -21.542776155874353 -69.038194361049989 237.08500000000001 129.11000000000004 2019.5000000000002
decision_type=2 2 2 2 2 9 2 2 2 2 2 2 2 2 9 2 9 2 2 2 2 2 2 2 2 2 2 2 2 2 2 2 2 2 2 2 2 2 2 2 2 2 2 2 2 2 2 2 2 2 2 2 2 2 2 2 2 2 2 2 2 2
left_child=2 3 7 6 8 9 14 20 12 22 11 49 33 43 40 16 -16 -6 42 -20 28 38 32 27 44 -10 -22 53 -1 47 60 -32 -4 34 -3 36 37 -36 39 -12 46 56 -14 -5 -18 -29 58 -9 -26 -7 51 -30 -48 -8 -45 -31 -17 -57 -2 -60 -23 -15
right_child=1 4 5 13 17 10 23 29 25 -11 21 -13 18 61 15 41 24 -19 19 -21 26 30 -24 -25 48 -27 -28 45 50 55 31 -33 -34 -35 35 -37 -38 -39 -40 -41 -42 -43 -44 54 -46 -47 52 -49 -50 -51 -52 -53 -54 -55 -56 57 -58 -59 59 -61 -62 -63
leaf_value=-0.025056246510248743 0.0012449195067685355 0.0601646592060361 0.0012311980441605268 0.053158603577483289 0.089873818577470788 -0.03177988630413079 0.0078517555855464449 -0.046361281666293719 0.097226387624785457 0.062031225977332773 -0.031054459878521058 -0.056869185091948243 0.056782330468433076 0.043822303972722201 0.0092843592545714844 0.015977220673492463 -0.030846427858957394 0.11709283994953255 0.064852937714724737 0.016350243513516965 -0.065823442772592292 -0.013949952612757083 -0.023825116615010036 0.033074417934705183 -0.035934499066115004 0.071608531960547853 -0.055683768538917704 0.018294502590568296 -0.037966015752776791 -0.015000302582292267 -0.038511050950867681 -0.016825172233610488 0.024238151957589119 0.05524097708381575 0.0085770335111020838 0.061543851876451332 0.042617293253795846 0.041271711665413782 -0.039793748289704979 -0.011402225721235344 0.031740165734390077 0.022490817730735156 0.072804914305703128 0.074109877564149121 -0.063864998126172731 -0.0020797861095750002 -0.021762183435886127 -0.037255045994838323 -0.0092390495077863 -0.016773723109130927 -0.046021672738795746 -0.057915138470209918 0.0077955244972194434 0.035284462947194714 0.055600631190298733 -0.018088772166659894 -0.007903779855000027 -0.041349597557349495 0.011405360441409017 0.022709270168816551 -0.0012462295387464194 0.026853711412774095
leaf_weight=29.935508280992508 55.420391961932182 68.45248681306839 67.893252164125443 84.232492879033089 132.30887791514397 107.56001614406705 15.984504669904707 251.51933448761702 86.054842576384544 35.590056896209717 145.93335753679276 168.90357195213437 76.503895699977875 47.38609341531992 72.07811563462019 26.565778166055679 42.397990576922894 109.62333327531815 49.368119664490223 37.092310279607773 502.43513280153275 93.695881575345993 37.53420864790678 397.69218676537275 18.685516923666 73.201537400484085 338.90023733302951 222.87001473456621 31.643682800233364 42.035146646201611 47.565943870693445 241.47046774998307 66.866911709308624 169.98060400784016 47.899176739156246 39.226565636694431 211.44343517720699 44.546033084392548 115.6215694732964 70.338157564401627 41.64617695659399 83.346144907176495 274.64620121568441 124.6649778932333 18.280117891728878 34.378736197948456 20.316566698253155 340.62413265556097 96.63094125688076 88.306330110877752 191.30676303431392 248.87239477410913 29.844500608742237 100.37751200795174 38.505227744579315 22.301683016121387 42.574751533567905 48.126723580062389 242.23495276272297 83.374763876199722 96.028251953423023 60.126864485442638
leaf_count=70 126 36 347 225 89 985 69 600 87 79 480 311 113 102 214 51 221 73 80 36 542 784 237 831 46 83 692 327 168 38 199 298 302 212 95 47 349 11 536 211 103 116 197 250 10 59 74 1129 256 610 1380 746 72 332 74 142 103 148 161 50 625 96
internal_value=0 0.0405163 -0.0388313 0.0224532 0.0659463 -0.0207787 0.0154126 -0.0510266 0.0585018 0.0138503 -0.026793 -0.0397645 0.0542906 0.0550798 0.00517808 -0.00320297 -0.0132118 0.102207 0.0643216 0.0440448 -0.057414 -0.0212868 0.00470162 0.0270017 -0.0217185 0.0854512 -0.0617391 0.0205376 -0.050162 -0.038851 -0.0152922 -0.020394 0.0126471 0.0467424 0.0432324 0.0398543 0.0370546 0.0243314 -0.0299341 -0.0246629 0.0120901 0.0128698 0.0693141 0.0640959 -0.0407937 0.0155717 0.0104726 -0.041123 -0.0135647 -0.0250144 -0.0517549 -0.0556648 -0.00417613 0.0315161 0.069742 -0.0268885 0.00127199 -0.0339839 0.012401 0.0142998 -0.00752 0.0343326
internal_weight=0 3419.96 3431.01 1999.62 1420.35 1383.31 1644.7 2047.7 1178.42 207.884 1175.42 364.77 1019.16 354.916 873.397 400.559 248.073 241.932 437.611 86.4604 1343.09 810.654 172.294 771.303 175.995 159.256 841.335 373.611 501.758 704.607 478.761 289.036 134.76 581.548 411.568 343.115 303.889 92.4452 331.893 216.272 472.837 152.487 351.15 247.403 60.6781 257.249 431.191 592.143 115.316 195.866 471.823 280.516 50.1611 116.362 163.17 112.464 69.1405 70.4284 381.03 325.61 189.724 107.513
internal_count=17135 5476 11659 3968 1508 6004 3221 5655 1346 965 5039 1906 1176 747 1603 1017 747 162 426 116 3598 3133 886 1618 533 170 1234 787 2364 2057 1906 497 649 750 538 502 455 106 1227 691 586 270 310 549 231 386 483 1729 302 1595 2294 914 146 401 324 328 154 290 337 211 1409 198
cat_boundaries=0 22 23 45
cat_threshold=1 1073741824 2147483648 1 0 0 2048 0 0 0 5120 33554512 524288 66560 0 4 2686976001 0 134217728 269893632 268436514 16 14955160 0 0 0 0 0 0 0 0 0 0 0 0 1090519040 198656 0 0 2097153 0 0 268959744 268500992 1077936128
is_linear=0
shrinkage=0.05


Tree=10
num_leaves=63
num_cat=6
split_feature=67 0 64 67 67 0 67 0 67 0 64 3 64 67 73 0 1 67 3 67 67 29 3 85 64 3 63 3 67 71 56 67 3 10 65 19 3 63 57 65 25 58 16 57 84 52 67 29 57 54 58 65 63 64 36 46 3 59 20 54 65 65
split_gain=3903.18 570.98 318.016 194.628 107.091 86.9829 85.0804 40.8198 33.921 27.8173 24.8739 24.0036 23.9206 23.2837 19.2447 16.7279 16.3501 15.184 14.4748 19.1677 14.3965 14.2517 13.5051 13.3789 11.9744 11.8628 9.89157 9.56375 9.33131 8.93535 8.90247 8.08278 7.73276 7.70166 6.91035 6.16003 5.71211 5.65908 5.57816 5.41797 5.27895 5.67334 5.1576 5.03469 4.80148 4.69816 4.68733 4.57396 4.59013 4.51216 6.74429 8.78003 4.17984 4.09588 4.01536 3.82042 3.58544 3.5447 4.61081 3.45427 3.18817 3.17156
threshold=155.33500000000001 0 60.050000000000004 425.46000000000009 33.050000000000004 1 2155.0000000000005 2 1004.7150000000001 3 1162.7075000000002 2019.5000000000002 622.59000000000015 1216.1650000000002 4 5 10.500000000000002 17.970000000000002 2019.5000000000002 49.255000000000003 76.375000000000014 -1.0000000180025095e-35 2018.5000000000002 1.0000000180025095e-35 2648.7900000000004 2018.5000000000002 515.19000000000017 2019.5000000000002 187.03000000000003 30.45080649826615 208.96350742992971 330.46500000000009 2014.5000000000002 15.588457268119894 133.08500000000001 0.25000000000000017 2016.5000000000002 21.280946969696974 32.846876943218398 17.010000000000002 -1.0000000180025095e-35 5.5487166933257468 0.93301270189221952 87.929482705006464 1.0000000180025095e-35 -2.8701550044221409 98.035000000000011 0.68301270189221941 28.960060688450152 9.665529252401555 89.037524309687925 217.05500000000004 144.58958333333337 819.23000000000013 1.0000000180025095e-35 -1.0000000180025095e-35 2019.5000000000002 -43.177737349835475 0.6830127018922193 0.11085531756485983 849.33500000000015 286.72000000000008
decision_type=2 9 2 2 2 9 2 9 2 9 2 2 2 2 9 9 2 2 2 2 2 2 2 2 2 2 2 2 2 2 2 2 2 2 2 2 2 2 2 2 2 2 2 2 2 2 2 2 2 2 2 2 2 2 2 2 2 2 2 2 2 2
left_child=2 6 4 7 11 12 10 25 26 -7 13 32 27 22 15 -9 35 -13 34 -20 39 -17 -2 -10 33 53 30 61 -16 36 38 -24 40 43 -11 -8 -15 -34 49 -6 -1 -42 45 -12 59 -23 -21 48 -30 -5 51 -51 -47 55 -28 -3 -45 -36 -59 -22 -33 -4
right_child=1 3 5 8 20 9 16 14 23 18 24 17 -14 29 28 21 -18 -19 19 46 44 42 31 -25 -26 -27 54 -29 47 -31 -32 60 37 -35 57 -37 -38 -39 -40 -41 41 -43 -44 56 -46 52 -48 -49 -50 50 -52 -53 -54 -55 -56 -57 -58 58 -60 -61 -62 -63
leaf_value=-0.058743563929723991 0.053829060789314577 0.049597604974353664 0.010021733203893459 0.047364519089956252 -0.04346144975773767 -0.043670811222245393 0.075748681803771714 0.0097531006816802789 0.042085843611464349 -0.014915100477133448 0.078498079734988291 -0.064020829210194322 0.06498144088591587 0.03612819079618642 -0.0060915409223011117 -0.055773124431669312 0.11195442638681491 -0.051289823930907724 -0.05082185997761627 -0.025148495427304626 -0.011191158382076351 0.00037818552390687325 0.0056514592469814858 0.065508986122788437 0.094790065752126035 0.018367031115922822 0.045730700677732328 -0.021135610322599415 0.011864515126092344 0.077951419018070386 0.042378341605528697 0.030784614730939377 -0.054908878864408275 0.049147189022789445 0.013476921083062749 0.09441325161778763 0.064167935401793982 -0.043692608500534066 0.0092529398336424727 -0.033296811792391315 -0.016409608304593048 -0.039622763579483772 0.012351767269078148 0.069846927623785304 -0.013629963981504501 -0.033078648684615707 -0.013770832506351428 0.024745141553584104 -0.0011743770631580828 -0.0069752008655622564 0.031270324703514756 0.028271733108108561 -0.0056122034234860297 0.058684162460956091 0.031681225327495191 0.028963720400219842 0.05277181420581685 -0.0025543084917121041 -0.035534352163957006 -0.030439580525393251 0.050412400611844981 0.03005002992918861
leaf_weight=22.569127611815929 145.58506077528 29.780426904559135 36.585199438035488 31.511973455548286 206.31587472558022 102.0036705583334 85.769467443227768 79.347175978124142 103.26500780880451 238.53523161262274 118.77798229455948 618.55583838745952 29.782692387700081 26.28021202981472 86.427524156868458 22.618478283286095 85.89708086848259 376.92519449442625 52.276989847421646 154.7490453645587 27.244987666606903 27.320143714547157 24.858830071985722 148.82304686307907 46.172194689512253 191.72647476196289 220.23089745640755 16.35684572532773 488.28446663916111 92.614710286259651 130.53241178393364 57.290548123419285 244.70516779646277 48.276239648461342 30.974902093410492 91.224979788064957 58.804828554391861 208.08691792935133 38.422465227544308 359.58309866115451 38.116211049258709 85.061547067016363 17.926004685461521 100.09134565293789 90.168978370726109 43.773710995912552 218.11049600690603 58.517478749155998 78.323833085596561 29.425027139484882 268.34083107858896 44.220317855477333 20.263457536697388 19.62412366271019 66.126363292336464 90.926261775195599 44.373095288872719 135.42584526538849 11.497505456209181 161.2990328297019 32.383342042565346 42.996470414102077
leaf_count=75 389 79 209 24 499 156 72 169 89 2133 119 891 77 89 296 29 66 681 162 315 18 129 89 60 39 474 372 104 494 68 144 162 891 75 142 39 93 1577 77 1256 32 581 32 186 150 163 315 36 118 76 387 99 33 28 107 334 51 859 46 388 71 174
internal_value=0 0.0383635 -0.0368469 0.0241985 -0.0468158 -0.014112 0.0687457 0.0109068 0.0398533 -0.019231 0.0612458 -0.0544428 0.0239336 0.0532543 0.00525597 -0.00777422 0.0940553 -0.0592004 -0.0157907 -0.0224683 -0.0324214 -0.0182623 0.043724 0.055914 0.0710275 0.025679 0.0349684 0.0136856 0.00917856 0.0672049 0.0309997 0.0308792 -0.0465299 0.0675054 -0.00935277 0.0853686 0.0555073 -0.0497543 0.0273939 -0.0370026 -0.0365129 -0.0324397 -0.0121697 0.0708722 -0.0231198 -0.0169813 -0.0184929 0.0114366 0.0100621 0.0292601 0.0275919 0.0141888 -0.0243874 0.0374987 0.0424864 0.0340545 0.0646022 -0.00189451 -0.00513517 -0.0276581 0.0378727 0.0208426
internal_weight=0 3394.16 3507.93 2335.76 2438.63 1069.29 1058.4 1254.86 1080.9 943.574 795.508 1594.02 125.721 437.818 922.802 211.249 262.892 995.481 841.57 425.137 844.612 131.902 260.118 252.088 357.691 332.057 828.81 95.9385 711.553 177.7 542.453 114.533 598.539 311.519 416.433 176.994 85.085 452.792 411.921 565.899 145.747 123.178 109.283 263.242 278.713 91.3573 372.86 625.126 566.608 373.498 341.986 73.6453 64.0372 140.331 286.357 120.707 144.464 177.898 146.923 188.544 89.6739 79.5817
internal_count=17188 5457 11731 3849 7039 4692 1608 2414 1435 4128 1431 4728 564 961 1499 555 177 1572 3972 792 2311 386 711 149 470 915 1286 487 944 250 807 322 3156 431 3180 111 182 2468 663 1755 688 613 357 356 556 325 630 648 612 586 562 175 196 441 479 413 237 1047 905 406 233 383
cat_boundaries=0 21 40 60 80 81 102
cat_threshold=0 32 2508194304 32 90144 0 0 0 0 1024 3072 0 0 0 2147500032 8388628 38273026 100794368 268435584 98304 8 0 1075839008 83886080 0 33555456 0 0 0 131072 0 69120 0 1048576 0 2147483648 17 0 34 64 2147483724 64 0 0 5136 20480 0 0 278528 9177152 512 2097152 1 0 0 0 272 65662 0 131072 0 0 1 0 0 33554464 67592 0 0 0 2621440 1543503872 0 16384 268435456 0 268435456 4096 0 16 50464768 0 0 0 0 0 0 0 1073741824 65536 0 0 0 0 0 12 1 285213312 268435456 0 0 64
is_linear=0
shrinkage=0.05


Tree=11
num_leaves=63
num_cat=5
split_feature=66 72 64 66 66 67 72 66 72 64 71 72 64 73 68 70 66 70 3 9 67 65 3 3 57 3 57 67 66 66 3 3 67 70 9 67 66 67 64 65 67 91 63 42 64 68 71 67 65 67 40 63 55 18 63 65 50 78 91 63 63 67
split_gain=3635.48 545.011 334.886 179.77 92.0991 82.9945 69.913 39.5343 30.6101 27.3508 25.841 25.5891 21.8528 20.8988 18.0391 17.4202 16.6861 16.0364 15.3753 15.2934 14.2959 12.5263 11.6218 11.5043 11.4913 10.6797 14.8361 10.2191 9.61487 7.84351 7.76155 7.44978 9.63645 7.20417 6.80759 6.54495 6.24842 6.08246 5.68493 5.62071 6.92684 5.36917 5.36901 5.28693 5.90493 5.1462 5.01973 5.01069 4.68686 4.65757 4.58689 4.44151 4.7281 4.36526 4.25817 4.11879 3.81586 3.69296 3.51442 3.51084 3.40191 3.36675
threshold=93.636666666666684 0 47.980000000000011 233.33166666666668 1110.511666666667 28.160000000000004 1 538.73333333333346 2 914.23250000000007 106.85479405799445 3 435.75750000000005 4 0.58333333333333337 9.8414211667858087 70.416666666666671 4.6706220161904115 2019.5000000000002 14.28941916244324 87.940000000000012 476.05000000000007 2019.5000000000002 2018.5000000000002 -15.867340315950015 2019.5000000000002 -3.264414103587765 16.030000000000005 365.37500000000006 671.23833333333346 2016.5000000000002 2019.5000000000002 287.5800000000001 0.16102161789322297 -14.289419162443233 101.02500000000002 134.22666666666669 223.20000000000002 102.59000000000002 3.0300000000000007 750.51500000000021 1.5000000000000002 134.83333333333334 -1.0000000000000002 162.10500000000005 0.83333333333333337 47.711783288671931 526.16500000000008 1208.1800000000003 750.51500000000021 1.0000000180025095e-35 21.67015151515152 -7.9706783453177161 -1.0000000180025095e-35 1656.7454166666669 38.025000000000006 -27.528060635821042 1.0000000180025095e-35 1.0000000180025095e-35 310.98583333333335 367.13333333333338 47.040000000000006
decision_type=2 9 2 2 2 2 9 2 9 2 2 9 2 9 2 2 2 2 2 2 2 2 2 2 2 2 2 2 2 2 2 2 2 2 2 2 2 2 2 2 2 2 2 2 2 2 2 2 2 2 2 2 2 2 2 2 2 2 2 2 2 2
left_child=2 4 5 11 9 18 12 14 41 28 48 31 22 37 -5 19 25 36 51 49 55 39 -4 34 -19 38 35 -20 30 54 -2 59 -33 -14 -11 -27 57 -13 -10 -16 42 -8 47 -18 -45 -30 -23 -41 -6 -9 -26 52 -1 -36 -25 56 -7 -15 -51 -3 -38 -28
right_child=1 3 6 7 10 20 8 15 16 23 -12 13 33 17 21 -17 43 24 27 -21 -22 46 -24 29 50 26 61 -29 45 -31 -32 32 -34 -35 53 -37 60 -39 -40 40 -42 -43 -44 44 -46 -47 -48 -49 -50 58 -52 -53 -54 -55 -56 -57 -58 -59 -60 -61 -62 -63
leaf_value=-0.04289358989945849 0.046410367573623351 0.018261917796555713 0.0071046693464730934 0.053412895229663776 0.070645071601546192 -0.032443076549018575 -0.03824643962205293 0.03571386070036988 -0.020806632610372498 0.085138788019788955 0.10520641182167888 0.0010830646485552964 0.056065195682395208 -0.0035948320375355346 0.042817530220529663 0.070009635744601104 0.011191483437309116 0.0074383865941136124 -0.063918111049541412 0.0210668043263511 -0.021896911750846026 0.039124063157615081 -0.025443462603114492 0.027712895052152443 -0.056015551709202541 -0.025025339507639854 -0.049634172438188573 -0.052413962324251565 0.064180991836799206 0.064446843909262641 0.01428663307365341 -0.0026515569366064441 0.025854023055704861 0.018062244766745617 0.08007514896330499 -0.0054449533967062362 0.0016031344697626914 0.013969618830156428 -0.0077472466869888193 0.021472377138271919 0.00051568884505779657 -0.059656020633164358 0.025594731412516655 -0.013173369798503845 0.010278259823588279 0.0433867142268268 0.015881987771274756 -0.011080796696067511 0.083602373124587626 0.045491987962056522 -0.025227201235684851 -0.043038827271224482 -0.056873285884523277 0.061899733868854605 0.054062621505861622 -0.031730481092261932 -0.043755600015943356 -0.023284827410442143 0.057629228963503268 0.037402113645375601 0.018120360050156482 -0.03368616430032343
leaf_weight=85.835809245705605 32.022303864359856 33.252005070447922 145.79509848356247 74.838615924119949 122.97735397517681 95.971755810081959 149.78321333602071 59.491251185536385 185.590960431844 55.436608403921127 125.9120611846447 122.85923910886049 26.716649323701859 84.218390606343746 36.64695031940937 74.908584848046303 38.544754028320312 16.965861357748508 556.8234933540225 62.700230702757835 161.32163362205029 239.93579415977001 33.780350606888533 36.627207800745964 23.825060039758682 107.11726331338286 44.298462696373463 295.47020641714334 41.691058069467545 56.116691067814827 45.550600424408913 49.180510476231575 74.651019304990768 23.387210175395012 41.038881585001945 70.943469494581223 115.46234706044197 359.5316274240613 151.24533921480179 29.040711365640163 33.376305460929871 36.400690972805023 483.51950494945049 155.82907804846764 32.427222453057766 103.91293661296368 25.721575930714607 19.935639910399914 161.36475464701653 123.58348129689693 24.575485207140446 198.33894040435553 204.77036317065358 169.39692616462708 26.37186673283577 155.34813246876001 333.87593758106232 33.201512195169926 115.27470655739307 85.722243800759315 42.703146159648895 130.8285297267139
leaf_count=268 113 157 747 46 112 254 501 79 1854 65 91 198 69 266 13 17 1 50 788 48 345 520 215 75 66 140 161 509 62 74 202 146 90 57 58 35 322 167 1057 60 63 43 881 326 91 280 24 65 98 150 60 1490 732 316 44 532 1099 105 84 256 53 254
internal_value=0 0.0367344 -0.035938 0.0235981 0.0673802 -0.0484377 -0.0163562 0.0356155 -0.0214682 0.0556923 0.0863489 0.00827592 0.00874767 0.00385231 0.0298592 0.0480668 -0.0172569 -0.0055429 -0.0558751 0.0435143 -0.0350752 0.0278288 0.000981965 0.0637655 -0.0279707 -0.0213123 -0.027387 -0.0599299 0.0417657 0.0508524 0.0275474 0.0222031 0.0145328 0.0383264 0.0695507 -0.0172241 -0.000424349 0.0104705 -0.0149427 0.0238408 0.0226119 -0.0402693 0.0239968 -0.00567954 -0.00913382 0.0493408 0.0368737 0.00822173 0.0779984 0.0482317 -0.0403827 -0.0488072 -0.0527441 0.0654443 0.0387431 -0.0387081 -0.0412299 -0.00916235 0.0513495 0.0320526 0.00606262 -0.0377202
internal_weight=0 3463.54 3420.44 2445.12 1018.42 2087.76 1332.69 1378.97 1103.01 608.165 410.254 1066.15 229.679 823.343 943.015 435.958 916.825 340.952 1341.24 361.05 746.517 868.176 179.575 384.988 65.3664 690.024 353.188 852.294 223.177 119.116 77.5729 242.806 123.832 50.1039 265.872 178.061 275.585 482.391 336.836 602.519 565.872 186.184 532.496 226.801 188.256 145.604 265.657 48.9764 284.342 298.349 48.4005 488.945 290.606 210.436 62.9991 585.196 429.848 117.42 238.858 118.974 158.165 175.127
internal_count=17144 5576 11568 3986 1590 6017 5551 2050 4463 1289 301 1936 1088 1287 1672 378 3919 922 3787 361 2230 1626 962 632 176 3501 590 1297 657 193 315 649 236 126 439 175 746 365 2911 1082 1069 544 1006 418 417 342 544 125 210 313 126 2490 1000 374 119 1885 1353 371 234 413 375 415
cat_boundaries=0 21 43 66 87 88
cat_threshold=3145728 0 536870912 0 0 0 16384 0 0 0 16779266 5232 134217728 0 2147483664 50176 603980128 0 0 14958592 24 67108865 1073741824 2147483648 1 0 0 6144 0 0 0 5120 33685616 524288 1024 512 1026 2686451713 0 0 1196036 268436002 16 0 1572864 59392000 0 0 0 0 0 1130592 16384 1 0 33 268435456 0 32 16 256 285212672 2176 134234112 2048 256 0 0 16384 0 262144 0 0 0 0 0 1024 0 16777216 2192 16777218 2176 2098177 0 134217728 135402496 7274498 8656608
is_linear=0
shrinkage=0.05


Tree=12
num_leaves=63
num_cat=4
split_feature=67 66 64 0 66 67 0 3 67 3 56 3 67 64 65 67 68 66 72 65 49 3 67 6 49 3 64 0 3 54 3 49 38 8 3 25 5 68 49 49 3 49 57 56 63 8 63 67 66 56 66 66 57 66 84 70 70 66 63 64 57 49
split_gain=3256.12 487.855 302.438 131.363 127.943 95.4217 64.0568 29.1832 27.7032 26.1593 24.5271 23.3282 22.5832 22.5265 22.1521 18.2909 16.8986 16.1011 13.4723 12.0855 15.0953 12.055 11.4652 10.6987 12.3237 10.2916 9.87336 9.39265 9.11836 8.52702 7.29425 7.8129 7.26593 7.21267 7.15864 6.50688 6.22697 6.10109 6.02246 5.96203 5.77062 7.43323 5.71756 5.58465 12.2693 5.34777 5.22074 5.17347 4.97908 4.87413 4.62632 4.54541 4.27 4.76003 4.22821 4.18162 4.07162 3.92588 3.91438 3.8997 3.74557 3.62018
threshold=155.33500000000001 404.90500000000003 62.045000000000009 0 1287.4433333333334 29.450000000000003 1 2018.5000000000002 302.62000000000006 2019.5000000000002 1227.1381832492805 2019.5000000000002 76.375000000000014 596.54750000000013 1170.1600000000001 88.600000000000009 0.41666666666666669 628.14333333333354 2 214.58500000000004 127.78164742544605 2018.5000000000002 16.030000000000005 0.50000000000000022 106.6107833458576 2019.5000000000002 1276.0125000000003 3 2014.5000000000002 4.0146290664641011 2019.5000000000002 177.11924398854259 1.0000000180025095e-35 1.5000000000000002 2020.5000000000002 -1.0000000180025095e-35 0.6830127018922193 0.83333333333333337 -16.757752520906603 -134.4373020040257 2020.5000000000002 77.871892878656965 38.728393779877045 3.13688712450125 40.462689393939399 4.5000000000000009 18.253000000000004 613.21000000000015 1.0000000180025095e-35 538.66594636433149 789.08333333333337 33.020000000000003 5.9417863320336428 76.166666666666671 1.0000000180025095e-35 4.5116580859041786 3.8136164705777191 153.66666666666669 4.7750000000000012 448.08000000000004 -81.165024391870261 383.75336097979431
decision_type=2 2 2 9 2 2 9 2 2 2 2 2 2 2 2 2 2 2 9 2 2 2 2 2 2 2 2 9 2 2 2 2 2 2 2 2 2 2 2 2 2 2 2 2 2 2 2 2 2 2 2 2 2 2 2 2 2 2 2 2 2 2
left_child=2 3 5 7 14 9 13 26 19 28 36 27 51 25 16 33 -3 37 42 20 43 32 -11 49 -25 45 60 59 35 -20 31 -21 -16 -13 47 -1 -6 -18 -23 -31 -41 -42 -10 -5 -45 -4 -30 -9 -37 50 -19 -7 -17 -54 58 -46 -39 -32 -14 -8 -2 -62
right_child=1 4 6 8 10 12 11 34 18 22 -12 15 54 -15 21 52 17 23 29 30 -22 38 -24 24 -26 -27 -28 -29 46 39 57 -33 -34 -35 -36 48 -38 56 -40 40 41 -43 -44 44 55 -47 -48 -49 -50 -51 -52 -53 53 -55 -56 -57 -58 -59 -60 -61 61 -63
leaf_value=-0.058484619974383534 0.058758869020738652 0.074360145102099942 0.028842856155602017 0.011627496069791389 0.078557193574006007 -0.040248164402785939 -0.00073769684069417783 0.027578001299553446 0.0083824194060903093 -0.063078231747896951 0.10340253973426605 -0.024433085678886739 -0.011929691055870148 0.05947353572336507 0.078614999698083859 -0.013274839223650463 0.054933226538077751 0.043129533921597955 0.042103019187389061 0.017970742725643016 -0.024490159130563644 0.059841117179981952 -0.050955275993002397 0.049566602878005905 0.00684669795141219 -0.020780766559816245 0.065178679567803544 -0.014161614062928665 -0.054617579632173147 0.028705018028899833 -0.0012887107935380213 0.056975019100211133 0.054042370833308685 -0.045389907942216388 0.012431248200339782 -0.016413686123669141 0.062587492031577374 0.03553972564165149 0.039106704634629674 0.022851020000366207 0.017096008768455535 -0.00368307543043628 -0.019312794936114167 -0.031916054104108089 -0.00086864689332651556 0.0032920562874191417 -0.043036647034186297 0.052109997852246452 -0.038195848581635272 0.067621001246320853 0.056004923907752219 -0.030007298061536208 -0.041385592037018942 -0.013156411353012912 -0.012052605278457612 0.011357608260676376 0.02217140685904706 0.012880204129375187 -0.028940641272212509 0.029092245809717011 0.038117002244474223 0.054804496158637341
leaf_weight=20.705421302467585 40.346812605857849 41.779531955718994 47.830896079540253 140.96141730248928 199.38304145634174 468.50880910083652 142.09394787997007 106.58826044201851 49.493453972041607 554.01648791506886 91.415954798460007 65.072161436080933 43.824226520955563 29.369089044630527 89.256586953997612 199.73765485733747 35.014605566859245 126.41027028858662 45.697796404361725 63.489597342908382 54.662860058248043 69.422512128949165 300.98782559111714 38.908483013510704 29.820793494582176 21.641975518316031 82.620308965444565 259.77735340967774 179.26105258613825 132.05736064910889 72.954830132424831 16.093300491571426 45.377867639064789 111.24796006828547 66.362340226769447 50.100201509892941 87.974693775177002 316.84100002795458 70.6733777821064 179.87311865389347 135.27634520083666 63.122050791978836 29.88971309363842 27.945592485368252 252.84102811664343 35.811378113925457 212.88700670003891 26.918414890766144 55.076683904975653 47.037263989448547 155.70220132172108 140.95064592733979 32.637094382196665 27.529372587800026 92.700868606567383 96.675973139703274 69.441198244690895 148.19763547927141 148.10942705348134 11.87174993753433 141.94785120338202 42.151321694254875
leaf_count=70 98 11 174 7 131 1764 826 272 108 839 64 10 30 74 116 209 40 162 12 214 62 74 581 75 39 123 130 2218 601 202 84 39 39 435 235 12 60 627 64 387 130 73 47 179 713 220 1631 27 561 61 130 510 95 79 162 56 112 107 387 23 424 60
internal_value=0 0.034235 -0.0351119 0.0181265 0.0556799 -0.0451609 -0.0119735 0.0399348 0.0104673 -0.0534386 0.0808444 -0.0169585 -0.0324492 0.019318 0.047287 -0.0252252 0.0433423 0.0417603 0.0184807 0.00476008 0.000500433 0.0596489 -0.0588106 0.0489736 0.031031 0.0099515 0.0504012 -0.00865254 -0.0445721 0.0210329 0.0128773 0.0258582 0.0703329 -0.0376556 0.0258528 -0.0328639 0.0736681 0.0349481 0.0493813 0.0195584 0.0163652 0.010485 -0.00181666 0.00313545 -3.58573e-05 0.0179033 -0.0483306 0.0325243 -0.0278201 0.0527201 0.0502357 -0.0378797 -0.0167923 -0.0284692 -0.0208214 0.00251312 0.0331365 0.00820609 -0.0250565 0.0014671 0.0449616 0.0419378
internal_weight=0 3530.63 3251.75 2016.17 1514.46 2267.13 984.621 506.935 1509.23 1373.03 378.774 849.967 894.094 134.653 1135.69 436.224 860.955 819.176 635.41 873.822 573.087 274.73 855.004 397.879 68.7293 105.284 307.066 413.743 518.03 556.027 300.735 79.5829 134.634 176.32 199.869 125.882 287.358 421.297 140.096 510.329 378.272 198.398 79.3832 518.424 377.463 83.6423 392.148 133.507 105.177 329.15 282.112 609.459 259.904 60.1665 284.635 349.517 386.282 221.152 191.934 153.966 224.446 184.099
internal_count=17105 5471 11634 3666 1805 7148 4486 1246 2420 4295 255 3895 2853 591 1550 828 1257 1246 959 1461 1017 293 1420 467 114 517 712 3067 2875 804 444 253 155 445 534 643 191 779 138 792 590 203 155 955 948 394 2232 299 573 353 292 2274 383 174 579 769 739 191 417 849 582 484
cat_boundaries=0 20 39 62 82
cat_threshold=4160 32 16777216 0 102416 16384 0 0 0 2560 3072 0 0 0 0 8388612 20971520 100728958 4325376 196608 0 1075839008 83886080 0 33587200 0 0 0 0 0 69120 0 1048576 0 2147483648 17 4 34 131136 0 0 0 0 0 0 0 0 0 268435456 0 0 1082130432 512 0 8388608 0 128 0 4096 0 0 1 65536 1572864 2155872256 0 134218880 2621440 1024 3355443200 393216 0 16826368 328704 2048 0 0 3238003238 0 64 0 65536
is_linear=0
shrinkage=0.05


Tree=13
num_leaves=63
num_cat=6
split_feature=66 0 64 66 66 0 66 0 0 3 64 3 70 64 66 66 49 64 72 66 68 71 66 8 64 56 63 8 66 66 58 3 63 68 3 0 3 68 3 66 49 70 82 71 45 56 49 58 51 66 33 56 63 54 91 14 64 33 47 47 36 66
split_gain=2895.79 480.026 215.062 189.854 64.6389 62.7483 58.8125 34.8442 24.0437 20.9695 20.7457 19.1742 24.3388 18.4163 19.874 17.5569 17.093 14.0685 13.6224 13.062 11.9972 11.6684 11.1579 9.79124 10.3307 9.10818 8.74099 7.41267 7.37738 7.21698 7.15515 7.02609 7.05474 6.82841 6.69509 6.63645 6.51122 6.44976 6.44819 6.16095 5.76871 4.93977 4.90881 4.86756 4.8445 6.70986 4.64641 4.3768 4.26961 4.09732 3.75022 4.61604 3.67628 3.61919 3.45365 3.43435 4.1099 3.72823 3.66813 3.26518 3.15189 3.07102
threshold=73.140000000000001 0 37.062500000000007 206.05500000000001 1595.2516666666668 1 16.676666666666673 2 3 2014.5000000000002 497.57500000000005 2019.5000000000002 1.5353870120988546 783.35750000000007 365.37500000000006 588.22000000000014 241.06593337873383 73.605000000000018 4 7.0233333333333343 0.58333333333333337 106.85479405799445 102.43333333333335 4.5000000000000009 2024.2100000000003 348.0252081173291 9.6833333333333353 5.5000000000000009 35.500000000000007 37.356666666666676 3.0265135598687136 2019.5000000000002 472.30958333333336 0.58333333333333337 2019.5000000000002 5 2019.5000000000002 0.83333333333333337 2018.5000000000002 349.59833333333341 685.00922792888252 3.2859633987407997 1.0000000180025095e-35 15.308231964791261 -0.6830127018922193 620.85885111107928 -21.613355339405754 25.8352575677293 -394.88060047574351 45.833333333333336 1.0000000180025095e-35 269.80617992143056 12.785972222222226 141.86426465654117 1.0000000180025095e-35 -0.68301270189221908 145.55500000000004 1.0000000180025095e-35 254.32299101141533 -265.52051663938624 1.0000000180025095e-35 236.67833333333337
decision_type=2 9 2 2 2 9 2 9 9 2 2 2 2 2 2 2 2 2 9 2 2 2 2 2 2 2 2 2 2 2 2 2 2 2 2 9 2 2 2 2 2 2 2 2 2 2 2 2 2 2 2 2 2 2 2 2 2 2 2 2 2 2
left_child=2 4 6 8 13 10 9 35 36 26 27 17 28 14 38 20 18 -7 47 34 -9 -6 37 24 44 -16 -1 -4 -13 30 -8 32 -22 -14 -11 -5 -3 -20 -2 46 43 48 -38 -17 -15 -46 60 -10 -25 -35 51 53 -32 -24 -48 58 -57 -58 -19 -50 -33 -40
right_child=1 3 5 7 21 11 29 15 16 19 -12 12 33 23 25 40 -18 55 22 -21 31 -23 50 41 -26 -27 -28 -29 -30 -31 52 39 -34 49 -36 -37 42 -39 61 -41 -42 -43 -44 -45 45 -47 54 -49 59 -51 -52 -53 -54 -55 -56 56 57 -59 -60 -61 -62 -63
leaf_value=-0.016377463780899024 0.033724425508297677 0.029817360252642824 0.0069541185070120014 -0.0027887985164672872 0.073226204197352776 -0.028118261858479765 -0.025561990022908761 0.047614349666651401 -0.03279074945250797 -0.052544681553438832 0.043788302570880587 -0.049684729643723724 -0.013286725659683061 0.074291028684348517 0.03748176469807641 0.039288203246624319 -0.037708851363958101 -0.015646647978457495 0.006252275388081931 -0.049109593055275194 0.024312089664518189 0.09578082491859502 0.0019563702857024095 0.058959523337644329 0.081571007195802681 0.064660445152585358 -0.045669292707483461 -0.015535081898261478 -0.031675186711333611 -0.022826387451165747 -0.051069724331573918 0.029600390356376384 0.03936128620867272 -0.035586208746691043 -0.063041582715911731 0.016077356287727523 0.018192617190391509 -0.009587940011961657 -0.0089789222972917332 0.030059239705729719 0.027957682220236993 0.069214208696136675 -0.010210135824012199 0.052480837209622148 0.062174852098946347 0.042622565417555998 0.00047992376427509947 -0.0098669271764085451 0.029024819467482532 -0.021311210181030677 0.011078967798426889 0.014826374171893898 -0.037762764786091751 -0.017981342077239237 0.018250943580532732 -0.011420156147739308 -0.0043096887577300539 0.023560622411771551 -0.052322588165247236 0.046528215525807146 0.014328710952000041 0.019367673897923692
leaf_weight=49.243893936276436 45.154752403497696 95.587192103266716 104.63885536044836 62.231130309402943 140.32738374173641 192.27929482609034 106.40951479971409 86.15038888156414 26.670952819287777 225.21137442439795 30.930207967758179 161.66872914135456 122.90627306699753 40.452905982732773 55.954223729670048 137.18196535110474 28.906609646975994 66.773677323013544 95.057363495230675 515.26585271582007 124.08475036174059 96.966839730739594 176.5785313397646 50.716360576450825 61.783465623855591 68.64085690677166 52.751756098121405 56.385054308921099 87.716485600918531 119.77193255349994 65.875860817730427 110.36198896169662 209.1090856641531 97.734536238014698 466.68837172538042 212.30886591970921 53.522936120629311 198.3706873357296 18.285825327038765 259.0742299258709 52.554456561803818 27.495312511920929 21.252769850194454 142.59457366168499 123.91141703724861 67.936656296253204 42.728363864123821 94.947409585118294 35.902494803071022 103.50084983929992 324.62175138294697 63.593990698456764 244.69597095996141 26.129688605666161 75.911872863769531 132.92858123779297 36.241704106330872 17.938784085214138 7.5926531553268424 103.32229220867157 48.692684195935726 20.01099918782711
leaf_count=33 162 370 452 147 91 1941 58 39 237 949 64 529 10 55 152 184 30 529 67 1583 393 62 355 98 52 69 411 468 326 382 100 129 536 72 598 340 65 402 99 294 38 15 120 100 173 60 66 415 78 77 163 37 972 46 78 1155 226 78 20 253 84 59
internal_value=0 0.0287961 -0.0368187 0.0180099 0.0591942 -0.0205225 -0.0475825 0.0295733 0.00316349 -0.0532971 0.00597218 -0.0252852 -0.0316073 0.05235 0.0398075 0.033001 0.00019703 -0.0178515 0.00128822 -0.0551365 0.0298161 0.0824428 0.00347437 0.0574514 0.0633996 0.0524548 -0.0315271 -0.000920829 -0.0433502 -0.0336442 -0.0367515 0.0280536 0.0337568 -0.0225727 -0.0596249 0.0118532 0.0199979 -0.00445643 0.0209247 0.0245133 0.043157 0.0494064 0.01012 0.0460121 0.0585667 0.0552511 0.0193393 -0.0137625 0.046539 -0.0282442 0.00747126 0.00307348 -0.0405853 -0.00061366 0.0118507 -0.0103018 -0.00668918 0.00491798 -0.0193912 0.0420145 0.0249251 0.00583285
internal_weight=0 3725.09 3065.15 2768.22 956.862 1219.24 1845.91 1562.98 1205.24 1309.16 191.954 1027.28 573.527 719.568 208.047 1288.44 1034.88 453.755 1005.97 1207.17 956.113 237.294 884.352 511.521 294.084 124.595 101.996 161.024 249.385 536.753 416.981 869.963 333.194 324.142 691.9 274.54 170.363 293.428 83.4516 536.769 332.331 217.436 74.7757 279.777 232.301 191.848 277.695 121.618 189.941 201.235 590.924 266.302 310.572 202.708 118.64 261.475 187.109 54.1805 74.3663 139.225 159.055 38.2968
internal_count=17246 6213 11033 4735 1478 5947 5086 2428 2307 3574 984 4963 1014 1325 541 1941 1752 3949 1722 3130 1619 153 1070 784 340 221 444 920 855 1512 1130 1580 929 159 1547 487 555 469 320 651 322 444 185 284 288 233 357 652 429 149 601 438 1072 401 144 2008 1459 304 549 331 213 158
cat_boundaries=0 20 39 59 78 100 120
cat_threshold=0 32 3581936128 32 94256 0 0 0 0 1024 3072 0 0 0 16384 8388624 38273026 100794368 268435584 32768 4096 1210089472 83886080 0 33587232 524288 0 1207959560 393216 0 16779776 0 1050624 0 2147483648 3238002739 1 0 131136 2092 0 0 0 134217856 1073750016 0 0 327680 2155872361 4096 0 0 0 0 67108864 536872448 2 131074 5 0 1073741888 0 0 0 4096 0 1073741824 0 0 4608 2097152 1 0 8 5 772 98 64 0 0 1 0 0 0 0 0 0 0 8 131072 0 134217728 0 8388608 16777216 256 0 0 256 58823680 32 0 0 0 0 0 0 0 0 2147483688 0 0 0 0 0 0 536870912 0 2 1
is_linear=0
shrinkage=0.05


Tree=14
num_leaves=63
num_cat=5
split_feature=67 0 64 66 67 67 0 3 0 3 0 71 66 67 63 64 57 66 67 70 8 45 64 64 82 3 57 63 26 64 68 49 0 10 66 67 55 3 3 15 8 67 3 3 63 71 68 66 3 68 5 50 67 55 67 57 50 64 34 66 57 64
split_gain=2735.8 367.566 253.81 129.493 116.626 58.2066 57.6003 35.8873 34.7035 22.9596 21.7401 20.4754 18.5055 17.0482 16.1745 15.5621 14.8189 14.7072 13.9526 13.3172 10.6406 10.6233 10.4675 9.37634 8.60721 8.28035 8.13789 7.58979 7.28097 7.28004 6.66294 6.46661 6.32225 6.20987 8.62107 6.04544 6.03907 5.81583 5.53483 5.472 5.42635 5.28437 5.17263 4.69394 5.38142 4.28798 3.9454 3.91745 4.78576 5.63033 3.90876 3.70525 3.55326 3.52998 3.48946 3.55189 3.40202 4.42532 3.34806 3.30211 3.29029 3.28235
threshold=155.33500000000001 0 84.830000000000013 285.37166666666673 35.140000000000008 1697.0000000000002 1 2019.5000000000002 2 2019.5000000000002 3 148.16125134660766 40.00833333333334 16.030000000000005 134.83333333333334 528.16500000000008 5.1967296023237095 48.695000000000007 708.50500000000011 0.14927995927616147 2.5000000000000004 -0.93301270189221919 36.117500000000007 2648.7900000000004 1.0000000180025095e-35 2017.5000000000002 63.197480847143204 719.1736111111112 -0.93301270189221908 736.10000000000014 0.83333333333333337 177.11924398854259 4 5.8170722959499284e-16 610.27333333333343 1344.3550000000002 10.177596378059169 2019.5000000000002 2018.5000000000002 -1.0000000000000002 4.5000000000000009 538.53000000000009 2019.5000000000002 2019.5000000000002 68.00833333333334 39.982519289699411 0.41666666666666669 158.04000000000005 2019.5000000000002 0.58333333333333337 0.6830127018922193 -49.959191272523931 454.89000000000004 93.89416197516384 101.02500000000002 5.712828991533172 -8.5694810660644958 9.1650000000000009 1.0000000180025095e-35 4.078333333333334 -86.269298205178259 293.19750000000005
decision_type=2 9 2 2 2 2 9 2 9 2 9 2 2 2 2 2 2 2 2 2 2 2 2 2 2 2 2 2 2 2 2 2 9 2 2 2 2 2 2 2 2 2 2 2 2 2 2 2 2 2 2 2 2 2 2 2 2 2 2 2 2 2
left_child=2 5 4 8 7 15 19 22 25 32 41 24 -11 59 16 30 43 36 29 -4 -18 -17 28 31 -7 -3 35 47 -1 52 -2 33 50 -23 42 51 46 -38 -21 -30 -27 -5 58 44 -10 -26 -6 48 -16 -50 61 53 -12 -20 -19 -56 -41 -58 -35 -9 -32 -8
right_child=1 3 6 10 17 11 9 13 14 12 18 -13 -14 -15 27 21 20 54 26 38 -22 23 -24 -25 45 40 -28 -29 39 -31 60 -33 -34 34 -36 -37 37 -39 -40 56 -42 -43 -44 -45 -46 -47 -48 -49 49 -51 -52 -53 -54 -55 55 -57 57 -59 -60 -61 -62 -63
leaf_value=-0.017852360148055874 0.044265408145379499 0.037390722450076706 0.057543759285396762 0.017785162957928924 -0.020214610154919131 0.070926813589272955 0.0038467020178467749 -0.066020631467994001 -0.025999536253761869 -0.042733122195528377 0.01960337890202099 0.093604057813433561 -0.01553674746339798 -0.048192122849335946 0.014696950142507076 0.076660714240691277 -0.038730339989485683 -0.024685537878909512 0.038783119221594053 0.028341381221998287 0.00043908141103323926 0.050488671018684386 -0.027833046511845112 0.073332402570331412 0.041956544426551785 0.025787742183761099 0.025127727365283528 0.030981112548457836 -0.013859154673667823 0.042454665716106878 0.022673137498876891 0.053466466432052523 -0.010456328221946516 0.017262317180552801 0.049423198155694487 0.055318208710529185 -0.025971724888805683 -0.053839660846898243 -0.0077354615615904442 -0.041034645077436399 0.0086541963419365375 -0.0080193766565618083 0.006292496631558982 0.0049343809706505377 0.0037804990183967248 0.065117263076883078 -0.031264974846621475 0.010546124883750603 0.012930516928468822 -0.0078349917007390652 -0.011352402735851854 0.031303931407040332 0.02922178863917084 0.051426410442142134 -0.00912856303908215 -0.031282050734281218 -0.060515476994298212 -0.045970713466123296 0.040723580728604242 -0.058002939723606387 -0.0068224668362080274 0.026994694051293074
leaf_weight=25.301838353276253 31.395057357847691 90.645956225693226 33.32298793643713 37.990628600120544 93.688394498080015 223.87015959620476 118.59376562386751 271.91889896988869 30.16863913834095 84.336010161787271 128.3644041121006 85.038225412368774 242.11773056536913 372.35892660915852 57.221026822924614 35.42536136507988 47.032166101038456 92.903464008122683 150.62744183838367 32.131550393998623 27.462532065808773 108.14008914679289 127.68457174301147 34.716699063777924 46.329046934843063 118.15057635307312 72.703839913010597 36.778340429067612 13.331800460815428 86.915833160281181 34.444223895668983 187.07333253324032 176.99364138394594 23.268879100680351 61.297954976558685 83.111415475606918 28.805648118257523 53.479092348366976 15.888230711221693 177.3941761367023 75.897276394069195 41.526554942131042 25.902545742690563 191.38155811280012 30.513445138931274 35.143750846385956 586.04106359928846 401.61047548800707 45.081919759511948 118.30563771724701 37.721341244876385 85.952982932329178 381.06582374125719 87.147339165210724 126.03241580724716 21.126081958413124 72.409017004072666 188.27529492974281 43.887726798653603 243.34568701684475 13.032352842390535 17.585163436830044
leaf_count=59 43 304 78 48 66 125 741 339 241 198 303 62 444 842 174 43 43 393 135 137 129 230 1380 30 85 144 84 25 1 167 123 246 1322 68 96 55 222 181 91 932 312 80 54 239 125 36 1701 497 12 183 246 109 673 42 364 95 188 1208 89 510 50 73
internal_value=0 0.0306948 -0.0333806 0.0199345 -0.0410838 0.0563157 -0.00805727 -0.0499447 0.00899875 -0.0128294 0.0321299 0.0719056 -0.0225627 -0.0563435 0.00435704 0.0470892 -0.00469802 -0.0278907 0.0338712 0.0296168 -0.0242905 0.0502298 -0.0405473 0.0482964 0.0658626 0.024069 0.0405357 0.00891028 -0.0439527 0.0290801 0.0263943 0.0463631 -0.00413969 0.0413007 0.0348638 0.0432891 -0.0312906 -0.0440839 0.0164047 -0.0454156 0.0190864 0.00382778 0.0252735 0.00109232 -0.0110249 0.0519471 -0.0297419 0.00760571 0.00225278 -0.00210537 0.0027334 0.0402009 0.0267982 0.043417 -0.0170986 -0.0123089 -0.046376 -0.0500107 0.0325946 -0.0622341 0.0145766 0.00683587
internal_weight=0 3414.62 3252.79 2425.66 2494.1 988.965 758.69 1492.02 1270.25 677.348 1155.41 390.381 326.454 887.624 985.556 598.584 326.558 1002.08 1075.89 81.3428 74.4947 519.713 604.397 484.287 305.343 284.694 479.543 658.997 476.712 596.346 78.8716 449.571 350.894 262.497 154.357 406.839 762.014 82.2847 48.0198 451.41 194.048 79.5172 93.0592 252.064 60.6821 81.4728 679.729 622.219 220.609 163.388 173.9 323.728 509.43 237.775 240.062 147.158 438.078 260.684 67.1566 515.265 47.4766 136.179
internal_count=17315 5504 11811 4124 8481 1380 3330 5459 2428 3024 1696 308 642 1691 1668 1072 777 3022 1568 306 172 856 3768 813 246 760 425 891 2388 1143 216 783 2382 537 307 341 2170 403 228 2329 456 128 211 605 366 121 1767 866 369 195 1060 286 976 177 852 459 2328 1396 157 849 173 814
cat_boundaries=0 20 40 59 80 97
cat_threshold=0 32 3581936128 32 90160 0 0 0 0 1024 1024 0 0 0 16384 8388628 38273026 67239936 268435584 32769 0 1073741856 16777216 0 0 0 0 0 0 0 3584 0 0 0 2147483648 16 0 34 131136 65536 64 64 0 0 128 20480 0 0 0 526336 6656 0 1 0 0 0 1696 33620094 4325376 36 0 0 0 134217728 0 0 0 0 0 0 0 0 0 0 0 536870912 0 2 4 16 65536 2621440 75497472 0 33587200 2621440 1024 3355443200 131072 0 16883712 24577 1067008 0 0 3238003235 1
is_linear=0
shrinkage=0.05


Tree=15
num_leaves=63
num_cat=5
split_feature=67 72 64 67 67 67 72 72 65 64 67 3 67 3 73 71 67 67 57 16 71 67 67 67 8 64 3 3 8 8 73 70 64 67 63 50 64 15 71 60 67 30 91 60 64 63 57 58 63 65 64 71 3 55 50 63 56 57 20 3 3 67
split_gain=2587.82 359.317 265.337 121.231 81.4505 71.8432 69.994 25.6023 24.8481 22.8347 15.8654 15.1164 21.1678 14.7154 13.6391 13.2537 11.9542 11.7702 11.1277 10.3363 10.1144 9.51787 8.98736 8.8362 10.7489 8.3493 8.31425 7.80224 7.69743 7.47898 7.18997 15.6172 6.48081 6.32254 5.99323 5.94653 5.87555 5.84369 5.7422 5.60347 5.56781 5.47703 5.51951 5.18605 5.13066 4.88562 5.04191 4.79502 4.22352 3.75658 3.73639 3.56925 3.25829 3.25524 3.11171 3.0622 3.04569 3.01821 3.00086 2.91759 2.91638 2.82863
threshold=155.33500000000001 0 37.062500000000007 425.46000000000009 29.450000000000003 2155.0000000000005 1 2 84.015000000000015 587.02250000000015 1004.7150000000001 2018.5000000000002 841.08500000000015 2019.5000000000002 3 106.85479405799445 17.970000000000002 87.940000000000012 -3.264414103587765 0.6830127018922193 106.85479405799445 23.145000000000003 314.8250000000001 1697.0000000000002 3.5000000000000004 2024.2100000000003 2019.5000000000002 2017.5000000000002 3.5000000000000004 11.500000000000002 4 6.3634107398572057 571.40000000000009 648.8850000000001 1780.6087500000003 -190.72494245404519 35.545000000000009 -1.0000000000000002 19.972974121024418 -7.7420284311365739 92.765000000000015 1.0000000180025095e-35 1.5000000000000002 39.860963160298034 140.84750000000003 17.828333333333337 -10.313054586732799 2.3650561146747386 12.785972222222226 85.015000000000015 1388.4525000000001 1.5090709253063044 2018.5000000000002 61.96553052306141 -12.0836633568421 95.912878787878796 42.692505965356453 4.5898829181970751 -1.0000000180025095e-35 2019.5000000000002 2016.5000000000002 7.3500000000000005
decision_type=2 9 2 2 2 2 9 9 2 2 2 2 2 2 9 2 2 2 2 2 2 2 2 2 2 2 2 2 2 2 9 2 2 2 2 2 2 2 2 2 2 2 2 2 2 2 2 2 2 2 2 2 2 2 2 2 2 2 2 2 2 2
left_child=2 5 4 7 13 11 9 27 18 28 32 19 34 37 36 -7 61 47 40 20 25 26 30 39 -25 38 -10 -3 -4 41 31 -16 33 49 -13 -35 -9 -1 50 -12 -8 55 56 -37 -23 46 -39 -6 -49 -5 -2 -14 -46 -24 -19 -20 -43 -40 -38 -30 -34 -15
right_child=1 3 6 10 17 15 8 14 21 -11 23 12 51 16 22 -17 -18 54 29 -21 -22 44 53 24 -26 -27 -28 -29 59 -31 -32 -33 60 35 -36 43 58 45 57 -41 -42 42 -44 -45 52 -47 -48 48 -50 -51 -52 -53 -54 -55 -56 -57 -58 -59 -60 -61 -62 -63
leaf_value=-0.01325204493390688 0.038373538162128566 0.033999094252734931 0.016485936130965224 0.0066824753878688779 -0.025302229322303429 0.066748220742473802 -0.023890423652586257 -0.026942688229350354 -0.015697818363010079 0.046755814957217902 0.032240088181609762 0.015989731552788763 0.039132143650487512 -0.06577532971709775 0.0020729203728952462 0.08837514347796277 -0.047617209281304494 -0.0096905107740497473 -0.030454902721628492 0.030251560169957177 0.081179220026718804 -0.013877279307681123 0.017704392106973731 0.0027867245453494505 0.044963837542774054 0.072584396388139585 -0.048251722665647277 0.016720779948525482 -0.00073171006312805476 -0.051458111671043499 0.0081894552616975699 -0.037725445870535987 0.045912260409334021 0.04501262758427399 0.043411511677630556 0.03118999459229781 -0.019250622742998189 -0.033050179320032069 0.065574665290626999 0.049697759682971882 -0.0080320157716692667 -0.041051716965224964 -0.066028741473534852 0.013925786613989058 0.0050097234711236069 -0.041254953959377366 -0.055477841347354728 -0.046570397121611193 -0.033631071554569909 0.022465670497268286 0.056491842675189377 0.052182489674622357 -0.011019451363366236 0.0020692942350765873 -0.029205559014805729 -0.020605955964892425 -0.012553029042934708 0.050197288297880366 -8.0901904775336063e-05 -0.020174512663406932 0.031876245107273687 -0.058404792744635829
leaf_weight=13.247640609741209 111.84041859209538 97.039788506925106 64.114556238055229 42.72567655146122 124.12860931456089 179.59869477152824 179.42208318039775 32.98201809823513 46.843630723655224 36.046827018260956 62.201222039759159 95.734378799796104 81.145119249820709 238.3957061804831 190.23606659471989 116.98559075593948 209.21149251237512 74.614983309060335 258.2312628030777 45.093040868639946 35.011136710643768 351.93784035742283 224.91899411380291 30.416922882199287 30.010202556848526 46.162843644618988 33.741110600531101 199.9880369156599 77.448217388242483 44.092853397130966 409.10248650610447 28.319312915205956 48.624794334173203 56.763659074902534 25.162735685706139 178.80662171542645 24.819406904280186 29.157652072608471 59.992341607809067 176.08846162259579 80.038987636566162 39.329000920057297 18.593173980712891 57.483844794332981 70.565655678510666 191.82426339387894 178.27866280078888 83.258441384881735 260.02748939394951 320.51681891828775 38.16502520442009 147.86505256593227 57.566972769796848 39.073991872370243 28.126818351447582 113.65749219432473 12.309379510581492 68.168525174260139 115.04920472949743 25.697164703160524 154.90713649988174 286.74482348933816
leaf_count=1 273 331 222 78 74 97 1104 131 344 81 83 254 93 269 413 76 443 199 1137 74 45 1313 307 27 73 40 25 480 515 309 326 31 115 41 44 181 71 146 70 118 174 246 2 93 449 1482 531 150 1210 595 59 122 157 74 83 321 58 95 360 197 226 564
internal_value=0 0.0294231 -0.0323565 0.0189197 -0.0458009 0.0539167 -0.0170653 0.0088787 -0.0212178 0.0101604 0.0308833 0.0462325 0.038623 -0.0534793 0.00506783 0.0752788 -0.0577242 -0.0303559 -0.0273597 0.0528161 0.0556477 -0.0134275 0.00756514 0.0408103 0.0237333 0.0528916 -0.0293283 0.0216372 0.00288109 -0.0318216 0.00439444 -0.00294902 0.0274346 0.0250172 0.0216971 0.0304809 -0.00752374 -0.0459226 0.0496235 0.0451407 -0.0189984 -0.0298633 -0.0426692 0.02699 -0.0107584 -0.0470066 -0.0523254 -0.0337241 -0.0367693 0.0206092 0.0429833 0.0475584 -0.00219181 0.0153902 -0.015033 -0.0274448 -0.0342583 0.0573955 -0.00348253 -0.0055756 0.0352295 -0.0617508
internal_weight=0 3571 3226.65 2520.07 1717.02 1050.92 1509.64 1361.53 1306.33 203.307 1158.55 754.341 349.907 1146.86 1064.5 296.584 734.352 570.156 745.674 404.433 359.34 560.655 891.651 298.717 60.4271 324.329 80.5847 297.028 167.26 486.213 627.658 218.555 859.829 656.297 120.897 293.054 172.851 412.508 278.166 238.29 259.461 442.12 70.2316 236.29 480.07 399.261 207.436 467.415 343.286 363.242 150.005 229.01 128.133 263.993 102.742 371.889 51.6384 128.161 139.869 103.145 203.532 525.141
internal_count=17302 5496 11806 4154 5152 1342 6654 2524 5639 1015 1630 1169 513 3436 1713 173 1276 1716 3351 656 582 2288 1151 301 100 537 369 811 934 2073 770 444 1329 988 298 315 562 2160 497 201 1278 1764 306 274 1919 2159 677 1434 1360 673 332 215 606 381 282 1458 304 165 431 712 341 833
cat_boundaries=0 21 43 64 65 66
cat_threshold=3145728 0 536870912 0 0 0 16384 0 0 0 16777218 5488 134217728 0 2684354576 52228 603980128 0 0 6553600 24 67108864 1073741824 2147483648 1 0 0 10240 0 0 2048 5120 33554512 524544 1024 1024 4 539492353 0 201326592 269893636 268435458 16 0 0 16384 32769 262144 0 0 0 0 0 132096 0 285212672 536871060 2 2 0 0 0 1276265472 4325378 16975872 35652672
is_linear=0
shrinkage=0.05


Tree=16
num_leaves=63
num_cat=5
split_feature=66 67 64 0 66 64 3 72 0 71 66 67 3 3 57 65 11 66 3 66 37 73 70 3 58 78 67 85 64 0 64 66 4 66 65 68 3 3 54 63 54 58 64 58 8 57 70 49 49 70 67 57 66 50 26 67 5 57 37 64 65 65
split_gain=2398.21 332.621 203.802 104.904 97.5364 80.0295 46.2574 32.6869 29.5637 27.3823 23.7419 23.741 21.4635 18.6386 17.8494 13.3833 13.5907 10.7839 10.4749 9.98284 11.2546 8.6578 8.5228 7.92166 7.68079 7.58805 7.27969 6.93468 6.65446 6.56194 5.86162 5.44409 5.12219 4.83792 4.70146 4.95043 5.52647 4.42576 5.67725 4.37449 4.99769 4.28428 4.2014 4.15515 4.10442 4.01208 3.85144 3.84364 3.74567 3.72019 3.5842 3.42895 3.24948 3.18754 3.85376 3.14725 2.93347 2.82649 2.74406 2.73006 3.36677 2.70032
threshold=73.140000000000001 505.10000000000008 60.050000000000004 0 9.6866666666666692 515.71250000000009 2019.5000000000002 1 2 148.16125134660766 28.388333333333335 287.5800000000001 2019.5000000000002 2019.5000000000002 -7.704799255664585 527.72500000000014 0.25000000000000011 1441.3783333333336 2019.5000000000002 436.1183333333334 1.0000000180025095e-35 3 14.004625905068385 2018.5000000000002 309.40331906989348 1.0000000180025095e-35 101.02500000000002 1.0000000180025095e-35 286.97750000000008 4 819.23000000000013 5.0100000000000007 0.93301270189221952 847.4766666666668 1719.6750000000002 0.83333333333333337 2018.5000000000002 2019.5000000000002 2.1164698910900213 271.7716666666667 317.64301771867162 59.888762344154429 29.045000000000005 27.761763309178409 2.5000000000000004 -65.495183899713894 0.68362127181159282 -1.0607841375791016 54.61842186487236 7.2019395058877862 1216.1650000000002 94.82712477408414 52.565000000000005 -8.5694810660644958 -0.5 397.49500000000006 0.6830127018922193 73.234990260330491 0.25000000000000017 692.25000000000011 217.05500000000004 2711.9500000000003
decision_type=2 2 2 9 2 2 2 9 9 2 2 2 2 2 2 2 2 2 2 2 2 9 2 2 2 2 2 2 2 9 2 2 2 2 2 2 2 2 2 2 2 2 2 2 2 2 2 2 2 2 2 2 2 2 2 2 2 2 2 2 2 2
left_child=2 5 4 9 13 7 8 43 24 17 37 18 30 42 26 16 19 23 28 20 27 48 -12 25 -4 -3 52 44 -9 56 -7 -15 33 34 35 -17 45 -6 -39 -21 -41 -16 53 -2 -5 -37 -43 -40 -20 -23 -25 -38 -8 54 -1 -14 -10 58 -13 60 -31 -11
right_child=1 3 6 15 10 12 14 11 29 61 22 57 55 31 41 32 -18 -19 21 39 -22 49 -24 50 -26 -27 -28 -29 -30 59 -32 -33 -34 -35 -36 36 51 38 47 40 -42 46 -44 -45 -46 -47 -48 -49 -50 -51 -52 -53 -54 -55 -56 -57 -58 -59 -60 -61 -62 -63
leaf_value=-0.022821552427699635 -0.029079134632366128 0.073754161858134895 0.017066277927172024 -0.019689169613177956 -0.032529984549000183 0.03082841111747377 -0.038465522196318769 0.0075030492436827488 0.00480342276386339 0.090087431130274953 -0.026277346413274727 0.015894639747366962 -0.0090959565854715797 -0.064096741469995624 -0.043385158969862163 0.045682331812747556 0.052204924213799235 0.064934393079094682 -0.0038695552574018219 0.020160107124363877 0.034950980180605766 0.0011812651375287661 -0.0073866025146442195 0.029954620717185094 0.057038445027126343 0.048310466989686877 -0.0013810935628713542 0.017212398737700769 0.028175853828497872 -0.013965830561341845 0.044739730830105101 -0.054599071466079334 0.020806491921373023 0.046469512090371395 0.053034157264589536 0.057288507588143023 0.029787446201460118 -0.033610626870830301 -0.04061913131448229 0.02899712087333476 0.042999503799221961 -0.038669057294391462 -0.034843990187933389 -0.0089877499376687844 0.0091125336371570206 0.03504348037735585 -0.014843586934907373 -0.052350209062038425 -0.019327466388175243 0.011465045984332659 0.046925966636910503 0.012991290164504538 -0.016616374746356292 -0.052557962445481957 -0.046240810413160277 0.015850970803426297 -0.01111869852724446 0.0020808623214129698 0.023850527306801306 -0.045057075022149166 0.0031427927373915208 0.075009806875755106
leaf_weight=21.870451372116804 30.264877114444971 47.666150212287903 24.295075967907906 26.75707796216011 234.67749566584826 140.50760030001402 26.78702337667346 113.84701520204544 116.91065816581249 60.554713845252991 309.96133644878864 449.19491188973188 25.740393564105034 334.00846335291862 119.6901380084455 80.655527040362358 53.012381315231323 182.07163619995117 134.21149876713753 83.653620988130569 56.978963062167168 237.62111999094486 73.951951317489147 49.999518886208534 23.782188519835472 76.062202990055084 62.61773394420743 83.37427993118763 59.153361603617668 231.697465416044 164.22550338506699 275.18965082243085 39.230015940964222 173.2828626036644 38.834422186017036 25.692610442638397 124.56831552088261 167.53861941024661 181.32040670141578 220.48303423821926 89.629114255309105 36.804550997912884 74.757101517170668 171.89460508152843 23.004313305020332 96.02930748462677 31.462067954242229 113.55174620449543 55.351997166872025 139.61262552440166 82.346222072839737 40.190411046147346 46.65698155015707 167.15936732664704 89.257157560437918 24.84587400406599 38.43950791656971 29.992031022906303 142.84836883842945 6.3347977250814429 32.830216474831104 58.271000131964684
leaf_count=46 271 41 62 22 1891 381 97 521 687 49 1096 908 54 442 380 66 12 74 334 126 35 271 79 80 46 95 47 129 226 2131 316 481 54 167 40 45 162 188 483 320 77 121 718 554 85 217 58 382 65 10 65 56 44 763 421 53 246 88 115 14 165 52
internal_value=0 0.0264038 -0.0345602 0.0417658 -0.0429301 0.011898 -0.0131377 0.00703155 -0.0031896 0.0603221 -0.0326233 0.00978422 0.0333186 -0.0545089 -0.0276994 0.0327912 0.027965 0.0556317 0.00380253 0.0257642 0.0163551 0.000515539 -0.0226385 0.0490173 0.030496 0.0581126 -0.0139064 0.0083965 0.0145716 -0.00752826 0.0383254 -0.0598064 0.0382912 0.0394754 0.03649 0.03474 0.0316593 -0.0381224 -0.0409606 0.030307 0.0330441 -0.0376841 -0.0453678 -0.0114302 -0.00637436 0.0397389 -0.0276886 -0.0451366 -0.00796314 0.00485846 0.0405143 0.0256903 -0.0245854 -0.0481948 -0.0416318 0.00315694 0.000811454 0.0170556 0.0178142 -0.01217 -0.0118425 0.0826935
internal_weight=0 3731.66 2841.55 1812.35 2043.24 1919.31 798.308 1563.99 474.29 556.971 1081 1361.83 355.319 962.242 324.018 1255.38 636.893 438.146 739.798 583.88 190.115 566.797 383.913 256.074 48.0773 123.728 136.062 133.136 173 426.213 304.733 609.198 618.483 579.253 405.971 367.136 286.481 697.088 462.411 393.766 310.112 187.957 353.044 202.159 49.7614 121.722 68.2666 294.872 189.563 377.234 132.346 164.759 73.444 278.287 111.128 50.5863 155.35 622.035 592.043 270.862 264.528 118.826
internal_count=17324 6236 11088 2069 6990 4167 4098 3363 3351 456 4119 2538 804 2871 747 1613 806 355 1427 794 271 680 1175 281 108 136 188 236 747 3243 697 923 807 753 586 546 480 2944 1053 523 397 559 1948 825 107 262 179 865 399 281 145 218 141 1230 467 107 933 1111 1023 2310 2296 101
cat_boundaries=0 21 43 63 64 80
cat_threshold=0 0 3581936128 32 90112 0 0 0 0 0 0 0 0 0 16384 8388624 34078720 0 0 32768 8 0 0 1 131072 0 0 0 0 0 2147483648 9 131072 8519680 134447104 0 8388608 8192 256 1291845632 512 0 58823680 0 1073741824 16777216 0 33587200 0 0 0 0 0 2560 0 0 0 2147483648 20 0 0 131072 131072 52566064 65536 3670016 67108864 0 134218880 2621440 16777216 3221225480 131072 0 16818176 263169 1050624 0 131072 3238003235
is_linear=0
shrinkage=0.05


Tree=17
num_leaves=63
num_cat=5
split_feature=67 72 63 67 72 66 67 72 56 3 72 68 66 66 63 8 63 63 9 67 67 3 67 63 8 63 72 3 3 70 3 45 67 3 40 55 65 50 76 65 3 3 67 57 47 67 66 63 52 56 58 56 63 50 52 51 66 65 49 9 8 76
split_gain=2094.17 287.29 234.196 93.7879 59.778 55.5154 54.2544 31.3465 25.5679 23.0425 18.4196 15.0042 15.6662 14.7287 14.1506 13.8338 13.648 12.215 11.0563 9.79041 9.74811 9.5796 13.476 8.37343 8.36029 8.28819 8.25514 8.06935 7.36964 8.36046 6.78299 6.35114 8.04914 6.0176 5.81398 5.68473 5.47998 5.1716 4.98033 4.83295 4.79919 4.44934 4.44704 4.19059 4.00574 3.82078 3.80513 3.74903 3.70505 3.63926 3.59591 3.55169 3.41371 3.22373 3.17499 3.15507 3.14918 2.89235 2.88117 3.58836 2.86117 2.8261
threshold=155.33500000000001 0 39.791666666666679 397.49500000000006 1 1110.511666666667 24.205000000000002 2 1508.0839972712054 2019.5000000000002 3 0.41666666666666669 588.22000000000014 19.363333333333337 1656.7454166666669 1.5000000000000002 373.7070833333334 1.0000000180025095e-35 12.250000000000002 11.040000000000001 223.20000000000002 2019.5000000000002 50.025000000000006 72.609848484848499 5.5000000000000009 382.20166666666671 4 2014.5000000000002 2018.5000000000002 0.94127357394423805 2019.5000000000002 0.25000000000000022 726.95000000000016 2019.5000000000002 -0.93301270189221908 394.93877516537651 53.040000000000006 -55.987225371276971 1.0000000180025095e-35 1814.6400000000001 2019.5000000000002 2016.5000000000002 87.940000000000012 -81.165024391870261 -246.84401679687485 101.02500000000002 8.7216666666666676 17.828333333333337 -253.10721091417363 117.73065979385791 5.7869806330926368 280.07203925349694 58.996666666666677 -384.5348599818268 -4.6532227161283073 -30.869846127173897 306.64000000000004 34.080000000000005 2.0469688707813138 12.250000000000002 4.5000000000000009 1.0000000180025095e-35
decision_type=2 9 2 2 9 2 2 9 2 2 9 2 2 2 2 2 2 2 2 2 2 2 2 2 2 2 9 2 2 2 2 2 2 2 2 2 2 2 2 2 2 2 2 2 2 2 2 2 2 2 2 2 2 2 2 2 2 2 2 2 2 2
left_child=2 5 6 10 16 14 9 46 39 27 30 -5 26 21 25 -12 33 54 51 -11 36 52 55 45 35 -2 -13 34 43 -30 -3 32 49 60 -1 -16 61 -19 50 44 -25 -18 -42 -27 48 -15 -6 -29 -7 56 -36 -14 -9 -31 -8 -23 -28 -39 59 -45 -4 -17
right_child=1 3 4 11 7 8 17 13 -10 19 15 12 18 23 24 20 41 37 -20 -21 -22 22 -24 40 -26 28 31 47 29 53 -32 -33 -34 -35 38 -37 -38 57 -40 -41 42 -43 -44 58 -46 -47 -48 -49 -50 -51 -52 -53 -54 -55 -56 -57 -58 -59 -60 -61 -62 -63
leaf_value=-0.0029872679979130088 0.0048366992426483743 0.024916288976716341 0.013544188424531976 0.044625972144745736 -0.059631600639144015 0.065518059030238704 -0.012184862544758132 -0.028832981703155583 0.085949981449619198 -0.062618857805842656 -0.022384305597846939 0.026899124457502588 0.0312635465144658 -0.023145681627456061 0.04792256186577639 -0.007494985303911187 0.036849107671294304 -0.0084166222294944013 0.01553527998367632 -0.050112820312417997 0.007948937579896018 -0.060733016056916549 -0.018145835246827117 -0.0045912259246858661 0.031783189253671212 0.050973202864207992 -0.0019447439159427987 -0.050878334965568019 0.013569858262393647 0.04965440650658795 0.0091447868921060368 0.026784590685306503 -0.0048418409441127758 -0.017350525449818764 -0.063862164413394276 0.068992246031662638 -0.00016832519282884112 -0.038773746368698875 -0.0083159781849081148 0.063933987933195893 -0.028468857436620056 0.0091319013552215063 -0.0115387741457884 0.024108377333204072 0.043140343000326611 -0.010542902496844761 -0.040405497809211072 -0.039204738223872347 0.049223014067033333 0.019552916496378463 -0.034674424990018091 0.042773955555719466 -0.014557289038086233 0.029896522834748564 -0.026643456781525951 -0.040829528609116449 0.014724828870196214 -0.026312663727882286 0.041572671644020905 0.045847006433105165 -0.0035996397096226315 -0.02987077214609643
leaf_weight=17.706044550985098 22.839591421186924 143.30994589626789 59.002448000013828 96.725919783115387 32.83490401506424 64.247420191764832 75.644759103655815 60.810562063008547 86.786437034606934 333.66644912585616 54.345684759318829 322.1033234000206 120.7619604319334 249.12620883435011 72.45194773375988 31.928337097167969 44.676711216568947 16.339125864207745 71.375294670462608 294.72778106108308 500.46377052366734 34.857165221124887 60.145982317626476 233.95457058399916 42.948115795850754 70.053188011050224 44.962964974343777 150.1033000163734 67.234542854130268 31.841409459710121 130.02916161715984 93.814242959022522 58.264150656759739 36.012229964137077 13.0598645247519 57.357395112514496 240.54451409727335 349.06650701910257 14.847905982285736 115.65883749723434 45.990012936294079 21.421177744865417 247.67292976006866 67.247800663113594 89.5533157736063 79.276911042630672 119.0203635469079 126.94478851556778 76.325269088149071 197.70992357283831 54.958900842815638 150.58992697298527 134.49707369878888 58.713307991623878 76.23405397683382 46.435401827096939 76.602738253772259 53.735809110105038 140.01708434522152 26.449751824140549 41.423138279467821 25.288007900118828
leaf_count=10 114 460 213 28 129 47 82 736 70 452 22 623 142 915 87 100 143 81 43 629 657 82 5 1825 84 144 115 550 178 50 301 100 77 213 27 56 517 1288 20 71 245 68 341 164 85 163 212 963 57 290 298 67 1178 104 19 164 181 414 256 42 277 142
internal_value=0 0.0261738 -0.030341 0.0161256 -0.0165198 0.0473415 -0.0439003 -0.0202462 0.0616858 -0.0508873 0.00576098 0.0257216 0.0241122 -0.0171761 0.0386198 0.00200158 0.00878494 -0.0315907 0.0330456 -0.0567533 0.00368692 -0.0261787 -0.0360886 -0.0138353 0.0509056 0.0342381 0.0202535 -0.0411257 0.035693 0.0269268 0.0167991 0.0148269 0.0122483 0.000184705 -0.0289946 0.0572324 -0.0034765 -0.0359928 -0.0345516 0.0555959 -0.00993383 0.0278664 -0.0141902 0.0402465 0.0514053 -0.0201034 -0.0418094 -0.0455294 0.0566705 0.0153671 -0.0402786 0.0376514 -0.0190021 0.0368439 -0.0194422 -0.0493639 0.00855933 -0.0371114 0.0370313 0.0302449 0.00647277 -0.0173845
internal_weight=0 3448.55 3124.19 2358.82 1547.16 1089.73 1577.04 1344.62 432.571 1006.02 1125.91 1232.91 1136.18 1192.77 657.154 852.57 202.536 571.02 342.727 628.394 798.225 336.746 141.439 856.021 172.757 484.397 793.457 377.621 461.557 157.789 273.339 471.354 377.54 136.438 100.573 129.809 297.761 419.141 82.8667 345.785 527.618 66.0979 293.663 303.768 230.126 328.403 151.855 277.048 140.573 319.276 68.0188 271.352 195.308 90.5547 151.879 81.2926 121.566 402.802 233.715 93.6976 100.426 57.2163
internal_count=17216 5474 11742 3865 6909 1609 4833 5995 330 2949 2199 1666 1638 5654 1279 1438 914 1884 252 1081 1416 2165 251 3489 227 1052 1386 1868 938 332 761 763 663 703 355 143 759 1783 345 260 2411 211 586 606 189 1078 341 1513 104 586 325 209 1914 154 101 246 296 1702 462 206 490 242
cat_boundaries=0 21 43 65 87 109
cat_threshold=3145728 0 536870912 0 0 0 18432 0 0 0 16779266 5232 402653184 0 2147483664 50176 604504384 0 0 6602752 24 1 0 2147483648 1 0 0 10240 0 0 0 5120 33554512 134217728 1024 1536 536870912 2686976001 0 134217728 1982468 268435714 16 0 1572864 59392000 320 0 0 0 0 96 16384 3145728 0 16416 64 1081344 0 32784 256 536870912 256 16384 2147483648 0 0 16384 32768 0 0 0 0 0 0 1024 0 16777216 537919636 2 134219906 1025 0 0 1276249088 20971522 1073741824 0 0 0 856064 0 0 0 0 0 67108864 0 0 67108864 16777476 12 67108870 32 0 0 75497472 327680 8
is_linear=0
shrinkage=0.05


Tree=18
num_leaves=63
num_cat=7
split_feature=67 66 64 0 0 66 0 3 3 0 66 0 64 67 3 66 66 67 67 54 54 3 4 58 30 37 64 67 3 58 8 56 73 50 70 73 55 3 54 55 3 71 49 57 64 63 71 45 63 67 70 70 16 49 63 70 3 63 63 48 5 64
split_gain=1904.74 241.992 212.123 71.2563 70.5323 70.4627 57.5739 23.9113 22.7573 19.4656 18.5395 18.2875 16.0319 15.1139 18.4009 14.5191 13.9551 12.1053 10.7449 10.4053 9.0146 8.88444 8.45876 10.3229 8.38436 8.25376 7.80164 6.88521 6.72222 6.03318 4.954 4.82827 6.82334 4.6501 4.53399 4.50211 4.56617 4.49066 4.23285 4.07325 3.91822 3.79978 4.53056 5.70495 3.70458 3.27532 4.13604 3.22958 3.21625 3.2115 3.19843 2.86774 2.83697 2.80887 2.76543 2.70775 2.7409 2.7072 6.09939 2.67194 2.66332 3.18788
threshold=155.33500000000001 404.90500000000003 38.042500000000011 0 1 16.676666666666673 2 2018.5000000000002 2014.5000000000002 3 2588.291666666667 4 435.75750000000005 89.975000000000009 2019.5000000000002 7.0233333333333343 201.6216666666667 76.375000000000014 39.165000000000006 4.8292336764274806 706.16465724512966 2019.5000000000002 0.93301270189221952 267.49330666416995 -0.93301270189221908 -1.0000000180025095e-35 64.095000000000013 1697.0000000000002 2019.5000000000002 7.0630742225636283 3.5000000000000004 230.62890544705957 5 -9.4818904800400627 3.5247870569806148 6 14.99210357420181 2018.5000000000002 71.299385690734439 8.4393600720617279 2016.5000000000002 -1.8655360971837023 77.871892878656965 87.929482705006464 797.75000000000011 345.45833333333343 18.066627335640309 0.93301270189221952 310.98583333333335 326.75500000000005 1.7305245644940304 1.4774230781481916 -1.0000000180025095e-35 42.784304220807776 1187.4166666666667 20.475709417428465 2019.5000000000002 5.4226190476190483 12.785972222222226 -8.3905417155346793 0.6830127018922193 145.55500000000004
decision_type=2 2 2 9 9 2 9 2 2 9 2 9 2 2 2 2 2 2 2 2 2 2 2 2 2 2 2 2 2 2 2 2 9 2 2 9 2 2 2 2 2 2 2 2 2 2 2 2 2 2 2 2 2 2 2 2 2 2 2 2 2 2
left_child=2 4 5 10 7 8 12 20 25 34 27 -8 28 14 26 21 31 57 -16 -18 40 -10 23 24 -5 -1 -13 30 -4 -27 -3 32 51 -19 50 36 -21 -29 -37 -20 -2 -25 -43 -44 -14 46 -26 -41 -15 -9 -6 -11 59 -53 -32 56 -17 -7 -59 -34 61 -28
right_child=1 3 6 22 9 17 11 49 15 16 -12 13 44 48 18 55 19 33 39 35 -22 -23 -24 41 45 29 60 37 -30 -31 54 -33 52 -35 -36 38 -38 -39 -40 47 -42 42 43 -45 -46 -47 -48 -49 -50 -51 -52 53 -54 -55 -56 -57 -58 58 -60 -61 -62 -63
leaf_value=-0.055581808909976639 0.042253993688741887 0.053775879482356764 0.0079095565533224676 0.050343452417388003 -0.0080055383496938325 -0.023156905948452888 -0.043360908955126232 0.0051155206026982595 -0.047861436530730113 0.0051979981551440249 0.073160524683674719 -0.024178962323625316 0.02189159468889916 -0.0099969707003903282 -0.04667945483421751 -0.039287315916116582 0.04002358593657375 -0.0076613271761091298 -0.022494438207948414 0.014218803257537325 0.064871179243290375 -0.061318184622302097 0.0093223218779706317 0.029608186884424056 0.012881800915292469 -0.011728060775744837 -0.010001408673662093 0.066209139979580209 -0.017093142180072806 -0.037402657316308117 0.047383144007440869 0.015916411195811841 -0.016918763753471341 -0.027272915377198656 -0.025330911431596992 0.0098459819493054608 -0.010302984137472481 0.051009032333672412 0.019832467214642609 -0.03165983116446798 0.029598414548801345 0.047476953433342843 0.04047662901141072 0.023832729242111952 0.047377312481682095 0.027915738807410717 0.031227803130365314 -0.064697899697199496 0.0085961766801059235 0.020627604574525435 0.0074974394103126812 -0.0045261903381407873 0.0077941488498064664 -0.023780105842647323 0.03176542440538787 -0.032266061986650524 -0.048141168268427785 -0.047461577318955422 -0.029590381669705769 0.0051669709900563996 -0.017364995855970917 0.0038470688550709706
leaf_weight=21.599667888134718 140.91790714859962 82.60661144554615 105.51480891555548 35.765421852469444 120.93028943985701 91.318281456828117 69.589609861373901 42.474961221218109 193.09228207543492 32.984772741794586 121.59689968824387 121.80036581680179 33.717260427772999 355.51014709100127 71.060694303363562 124.78980106860399 42.243458807468414 97.560418110340834 243.12952254340053 37.255325078964233 32.21134278178215 336.24822145700455 42.903470568358898 127.62954615056515 94.846941247582436 60.630036942660809 148.17322754859924 84.563148558139801 36.074014760553837 36.750531896948814 46.40918180346489 106.15486405789852 23.401465952396393 43.793632507324219 28.465367078781128 164.01962953805923 38.708454176783562 114.22832879424095 300.52151989936829 30.588924687355757 108.05759346485138 122.77131271362305 182.45666617155075 71.724043235182762 24.707576900720596 337.13060829043388 45.439601019024849 9.7563058920204622 24.886786364018917 155.5911490470171 45.896089389920235 46.479559786617756 535.27076967805624 31.972353503108025 72.817995697259903 42.681401874870062 291.83019966632128 58.755541536957026 254.75344334170222 33.013953559100628 70.702854163944721 57.753899440169334
leaf_count=112 292 56 520 38 242 64 99 157 969 64 71 1419 110 799 264 861 8 236 291 60 26 589 79 169 180 37 1419 63 208 308 41 94 53 106 231 405 53 59 503 203 219 96 118 80 50 610 50 6 85 294 138 159 550 52 101 29 726 101 1158 68 630 381
internal_value=0 0.0246032 -0.0289001 0.0393147 0.013335 -0.0410316 -0.0145997 0.0299825 -0.048279 0.00806891 0.0550071 -0.01864 0.0101263 -0.0167562 -0.021008 -0.0507653 0.0101522 -0.0263344 -0.0292941 0.0161247 0.0399815 -0.0564094 0.0307797 0.0319867 0.0269935 -0.0276196 -0.0136348 0.0508702 0.00153937 -0.0214174 0.044365 0.00597695 0.00447633 -0.0137373 -0.00655196 0.0142569 0.00152289 0.0574749 0.0159628 -0.024936 0.0367614 0.037065 0.0395897 0.0357801 0.0326694 0.0252442 0.0188242 -0.0396491 -0.00878055 0.0173011 -0.00374047 -0.00658143 0.0065593 -0.0123729 0.0378446 -0.0442604 -0.0454892 -0.0307329 -0.0329397 -0.00399433 -0.0089922 -0.00611749
internal_weight=0 3649.46 3056.77 1582.89 2066.57 1653.8 1402.97 479.253 1107.62 1587.32 522.222 1202.95 200.014 1133.36 752.966 988.642 1392.03 546.181 354.535 582.748 281.187 529.341 1060.67 1017.76 513.183 118.98 398.43 400.625 141.589 97.3806 201.834 809.278 703.123 141.354 195.292 540.505 75.9638 198.791 464.541 283.475 248.976 504.582 376.952 254.181 58.4248 477.417 140.287 40.3452 380.397 198.066 166.826 111.437 591.686 78.4519 119.227 459.301 416.62 404.827 313.509 56.4154 276.63 205.927
internal_count=17259 5479 11780 1811 3668 5296 6484 988 3631 2680 391 5596 888 5497 4613 3174 2069 1665 764 1029 537 1558 1420 1341 878 457 3849 320 728 345 198 1040 946 342 611 1021 113 122 908 500 511 463 294 198 160 840 230 209 884 451 380 275 671 211 142 1616 1587 1323 1259 121 2430 1800
cat_boundaries=0 20 40 61 81 96 97 98
cat_threshold=0 0 2508194304 32 90144 0 0 0 0 0 0 0 0 0 16384 16 34078720 0 0 32769 0 32 0 0 102416 16384 0 0 0 512 3072 2097152 0 0 0 8388628 20972032 100728926 4325376 196608 0 1207959584 83886080 0 33588224 0 0 1073741832 131072 0 16845312 0 1048576 536870912 2147483648 3221225523 4 268435490 131136 0 64 0 128 0 0 16384 0 49152 0 65536 2147483656 0 0 0 840433664 0 67108864 536870913 32768 536936450 21 0 0 0 0 0 33554432 0 0 0 0 2621440 1946157056 1 16384 268435458 18877440 4333586
is_linear=0
shrinkage=0.05


Tree=19
num_leaves=63
num_cat=6
split_feature=66 0 64 67 66 67 0 65 3 0 66 72 49 3 56 72 67 3 58 67 67 63 78 57 70 57 70 3 63 37 58 3 67 65 1 0 37 66 67 66 71 3 49 53 71 3 66 47 47 68 67 70 66 71 91 64 63 87 57 58 63 34
split_gain=1697.63 243.173 173.928 96.7871 67.5904 50.665 44.4556 23.7233 20.812 16.8211 16.2263 15.3254 14.6789 14.5684 14.4562 12.1483 11.5932 11.3993 11.1866 10.6541 9.48727 8.7036 10.0847 7.83954 12.3041 7.31179 7.21346 7.13167 6.61222 6.55059 6.01885 5.825 7.7163 5.60103 5.4342 5.40345 5.20597 6.47237 5.159 4.71316 4.46424 4.12633 4.04264 3.9353 3.77309 3.65516 3.52426 3.50931 4.54766 3.501 3.45901 3.4334 3.42612 3.35644 3.25972 3.13942 5.96899 3.0856 2.98874 2.57953 5.0042 2.56532
threshold=73.140000000000001 0 37.062500000000007 348.96000000000009 16.676666666666673 1697.0000000000002 1 169.87500000000003 2019.5000000000002 2 7.0233333333333343 3 -193.41523886882646 2019.5000000000002 1508.0839972712054 4 1031.9100000000003 2019.5000000000002 224.27545419789706 913.8950000000001 76.375000000000014 1392.91875 1.0000000180025095e-35 -11.749504811995159 6.0003467005662783 -6.2460610409786321 8.9435469926258797 2014.5000000000002 310.98583333333335 -1.0000000180025095e-35 7.0630742225636283 2019.5000000000002 44.185000000000009 467.5800000000001 11.500000000000002 5 1.0000000180025095e-35 427.22000000000008 237.08500000000001 153.66666666666669 33.238852640078363 2016.5000000000002 567.38530676645951 548.88576462681601 30.45080649826615 2019.5000000000002 11.020000000000001 158.98369514576669 -331.3756955224664 0.83333333333333337 526.16500000000008 1.756558837272918 236.67833333333337 8.463326388382443 1.5000000000000002 6.1025000000000009 25.550505050505055 1.0000000180025095e-35 -45.345363924510899 3.6263054938564685 13.381818181818184 1.0000000180025095e-35
decision_type=2 9 2 2 2 2 9 2 2 9 2 9 2 2 2 9 2 2 2 2 2 2 2 2 2 2 2 2 2 2 2 2 2 2 2 9 2 2 2 2 2 2 2 2 2 2 2 2 2 2 2 2 2 2 2 2 2 2 2 2 2 2
left_child=2 5 4 7 8 13 18 23 27 54 -10 12 -5 21 40 51 33 28 45 52 58 43 42 38 -25 -11 47 29 -9 -1 -31 35 -33 36 -26 -27 37 50 -3 53 -7 -20 61 44 -2 -4 -29 48 -18 -12 -13 -14 -15 -19 -8 -22 -57 -50 -6 -60 -61 -23
right_child=1 3 6 11 20 14 9 17 10 25 49 16 15 19 -16 -17 26 39 41 -21 55 22 -24 24 34 31 -28 46 -30 30 -32 32 -34 -35 -36 -37 -38 -39 -40 -41 -42 -43 -44 -45 -46 -47 -48 -49 57 -51 -52 -53 -54 -55 -56 56 -58 -59 59 60 -62 -63
leaf_value=-0.053011464860772108 0.030951004108765213 -0.0047093521322593337 0.0038775117056475379 0.037918089418318028 -0.0070002109116069329 0.043905235936429733 -0.035792440366147218 0.0053549911529580272 -0.060303495369553733 -0.0099583770413526791 -0.039452888188995248 0.013976248791426511 -0.0026901037924626017 -0.0075909165061498101 0.074317699651509792 0.012559877965984824 0.038312151652328763 0.0018540257450682281 0.040406767805824619 0.034362479152002239 -0.0055277967862758133 0.054340387326897055 0.024613094612840388 -0.0063631204539660027 -0.021430021275201602 -0.0041002184804006404 0.046431787351292823 -0.045210690799233191 0.024675016001059018 -0.0095849480911786369 -0.036990487185944533 -0.043512954885560957 -0.021287300374924715 0.026621302716725709 -0.061911244101822777 -0.019842978806160524 0.025641556179494096 0.023455663078848162 0.010144820846107322 0.0083673296232842087 0.056649002805936099 0.012435179264378734 0.066027212218053272 0.017547653407010141 0.042816027681397271 -0.016514627602297407 -0.031318562839464839 0.039387406090180994 0.010848814120000222 -0.050151760109171051 0.00027867982320022185 -0.025294950732852844 0.015420653884294791 -0.016306629829078052 -0.055759884808376438 -0.042789374501028835 -0.0084335214220403014 0.027774791381698395 -0.022740709124518147 -0.046699743554643569 -0.029406027419919569 0.039279577461950169
leaf_weight=20.18266111984849 178.24070324003696 123.65295756235719 108.37730078399181 42.735520958900452 14.393829345703123 115.70306426286697 102.75802409276366 62.960819415748119 366.86609572172165 274.82775715366006 155.62024708464742 144.82401432842016 37.90798844397068 20.892858326435089 91.498384833335876 183.55411347746849 43.506655305624008 80.478497132658958 27.229176327586174 90.358806118369102 63.352014236152172 64.990865111351013 40.515214413404465 298.02594018727541 20.268716063350439 105.62213084101677 78.29596771299839 254.78533535078168 149.31327979266644 47.214502103626728 34.801779218018055 46.543772906064987 242.60433398932219 374.21077430993319 14.027935050427912 172.98487507179379 176.40756976604462 140.29347935318947 110.8581620156765 235.42297945916653 169.24188563227654 25.562213927507401 41.284492790699005 34.561115406453609 107.36386130750179 27.563330214470625 55.619088429957628 55.302948489785194 54.842425659298897 150.32699079811573 67.604704551398754 30.165175311267376 71.634577408432961 37.203793033957481 25.514981865882874 20.923729825764894 31.944366294890642 52.896754711866379 87.64382928609848 51.200377095490694 228.59086361899972 50.04618763923645
leaf_count=117 415 446 579 26 87 81 268 257 581 1433 260 304 13 95 70 356 75 136 65 110 56 79 80 760 115 812 22 1429 446 35 293 273 371 631 14 1861 94 231 136 292 94 43 41 67 112 160 355 75 62 449 82 105 178 64 41 64 133 45 51 94 1045 72
internal_value=0 0.0219138 -0.030019 0.0134972 -0.0407932 0.0418463 -0.0153063 0.002541 -0.0477907 -0.0195056 -0.0532126 0.0219555 0.0104693 0.0342792 0.0570267 0.00622354 0.0245067 0.00978788 0.00695987 0.0221504 -0.0255432 0.0385697 0.0468435 -0.00468728 -0.00962685 -0.0164577 0.0335083 -0.0389496 0.0189447 -0.0274934 -0.0212139 -0.0198936 -0.0248649 0.0219396 -0.0379876 -0.0147342 0.0186287 0.0151213 0.00231252 0.00428315 0.0514743 0.0268626 0.0526052 0.0334829 0.0354113 -0.0002572 -0.0427215 0.0286094 0.0246685 -0.0447098 0.00961704 -0.0110794 0.0102246 -0.00388724 -0.0368884 -0.0130349 -0.0220306 0.019159 -0.0293504 -0.030226 -0.0325707 0.0477883
internal_weight=0 3691.09 2743.05 2614.76 1583.47 1076.33 1159.59 1132.21 1085.42 970.856 672.813 1482.55 294.363 699.889 376.443 251.627 1188.19 565.379 188.732 182.886 498.049 517.002 196.837 566.834 332.323 842.583 284.845 412.603 212.274 102.199 82.0163 567.755 289.148 903.341 34.2967 278.607 529.13 352.722 234.511 353.105 284.945 52.7914 156.322 320.166 285.605 135.941 310.404 206.549 151.246 305.947 212.429 68.0732 92.5274 117.682 128.273 116.22 52.8681 107.739 381.829 367.435 279.791 115.037
internal_count=17236 6281 10955 4787 5049 1494 5906 2666 3519 5059 1290 2121 500 1249 245 474 1621 1195 847 383 1530 866 272 1471 889 4750 279 2229 703 445 328 3317 644 1342 129 2673 711 617 582 492 175 108 192 594 527 739 1784 257 182 709 386 118 273 200 309 253 197 107 1277 1190 1139 151
cat_boundaries=0 20 41 61 83 99 119
cat_threshold=0 32 3581936128 32 123920 0 0 0 0 1024 3072 0 0 0 16384 8388624 38273026 100794376 268435456 98304 4096 1210580992 83886080 0 98336 524288 0 1073741824 393216 0 16779776 0 1050624 0 2147483648 3221225527 1 0 131136 131072 64 0 0 128 0 0 50331680 268501000 4194304 0 0 2621440 2080407552 1 49152 268468226 0 0 0 0 16 0 0 0 32768 0 0 0 0 0 268435456 268567552 0 9535488 536872960 570425346 8388640 0 128 0 1073746944 18874368 64 0 0 0 0 0 0 0 0 0 268435456 0 0 8388608 0 570425344 8388608 270598144 0 0 0 4096 2099200 1024 2281701384 0 0 268443648 271877 81920 24 2097152 16779784 0 0 4 65536
is_linear=0
shrinkage=0.05


Tree=20
num_leaves=63
num_cat=4
split_feature=66 67 66 0 3 0 64 64 66 3 55 66 3 0 23 68 64 64 66 3 68 53 72 56 66 65 57 58 25 3 66 68 65 58 64 64 3 68 8 66 33 36 68 64 88 51 67 47 56 8 53 60 68 8 8 66 66 60 57 86 49 64
split_gain=1562.36 208.63 158.149 73.2939 69.0489 66.0149 39.7074 37.8723 27.8669 19.4554 18.0833 15.7819 12.5577 11.7364 12.5906 9.46077 9.21199 8.8393 8.66657 7.94935 7.25241 7.08019 7.05542 6.06603 6.82601 7.06093 6.70207 5.72681 5.6562 5.30881 5.12876 5.28341 5.03263 4.8578 4.57008 4.3818 4.28867 5.72122 4.25041 3.78542 3.65616 3.52977 3.29621 3.19895 3.13746 3.11528 3.27775 3.10481 3.09462 3.07972 3.0776 3.04743 3.03358 3.53136 2.99118 2.91112 2.79171 2.75058 2.52965 2.64748 2.4877 2.47473
threshold=73.140000000000001 628.54500000000019 16.010000000000002 0 2019.5000000000002 1 86.075000000000017 58.132500000000007 153.66666666666669 2018.5000000000002 533.65675942487371 7.0233333333333343 2019.5000000000002 2 -1.0000000180025095e-35 0.58333333333333337 448.08000000000004 286.97750000000008 1110.511666666667 2014.5000000000002 0.58333333333333337 -12.763447363318804 3 14.192937698150859 628.14333333333354 286.72000000000008 215.179877251063 847.44634424151548 -1.0000000180025095e-35 2019.5000000000002 297.10833333333341 0.83333333333333337 85.015000000000015 7.0630742225636283 33.117500000000007 18.020000000000003 2019.5000000000002 0.83333333333333337 2.5000000000000004 37.990000000000002 1.0000000180025095e-35 1.0000000180025095e-35 0.58333333333333337 101.58000000000001 1.0000000180025095e-35 -49.140631129025103 1314.075 -9.3720622912167375 208.96350742992971 6.5000000000000009 57.650700751802177 -30.847702819404166 0.83333333333333337 4.5000000000000009 2.5000000000000004 3.6800000000000002 447.62333333333339 5.5763511219482149 15.73970196268062 1.0000000180025095e-35 27.676806110509482 63.062500000000007
decision_type=2 2 2 9 2 9 2 2 2 2 2 2 2 9 2 2 2 2 2 2 2 2 9 2 2 2 2 2 2 2 2 2 2 2 2 2 2 2 2 2 2 2 2 2 2 2 2 2 2 2 2 2 2 2 2 2 2 2 2 2 2 2
left_child=2 3 4 9 7 10 21 19 13 38 18 55 17 29 -15 -14 -9 -8 52 28 -16 39 -10 -7 25 56 27 45 -1 54 31 -24 -33 -30 -22 47 61 -38 -2 44 -19 48 -13 -17 -4 49 -47 -21 -27 51 -40 -26 -3 -54 -5 -6 -25 -39 -34 -60 -59 -23
right_child=1 5 6 8 11 23 12 16 22 -11 -12 42 15 14 20 43 -18 40 -20 35 34 36 30 24 26 41 -28 -29 33 -31 -32 32 58 -35 -36 -37 37 57 50 -41 -42 -43 -44 -45 -46 46 -48 -49 -50 -51 -52 -53 53 -55 -56 -57 -58 60 59 -61 -62 -63
leaf_value=-0.054246144544177068 0.042805670060995948 0.045485052804863382 -0.026858199201432287 0.033664205623631226 -0.064202305877173516 0.043794094134320151 -0.0026706246750933748 -0.011910601040225092 -0.0056228229253310483 0.015129127716176216 0.069199773706938958 -0.03440548616235839 0.0038616671107442897 -0.040798660976915049 0.010548164017405177 -0.015368244347088939 0.022978228491421629 0.0099536665016095351 0.053705098683338316 -0.034883855494121804 -0.026874273553386396 -0.023447506262033992 0.018511147125117516 0.0028998010085973642 0.021439456052127191 0.022091733829212333 0.013095520672747364 0.047970846893252955 -0.012308889152885701 -0.00057705329092194019 0.016584193330943929 -0.0060319660518115877 0.010687134965289681 -0.032725106630187455 -0.0064656407039198303 -0.03447954790258876 -0.023639404819564169 -0.030293482293194365 0.024297256376205546 -0.010397289192116223 0.038307467876046331 0.012653016436177512 -0.047004365635801827 -0.031015765656091689 -0.014211864800500337 0.029782726231134204 0.013863721875165429 -0.050060540972236313 0.032734423944354184 0.043583715860990441 0.035309898111061062 0.033888647192523373 0.040892617369764288 0.021060937307742278 0.011818197270360447 -0.055450390717742673 0.018508755805240956 -0.037991081958090339 -0.0056690417361146403 0.009611525152173327 -0.059115532390552498 -0.008969052133490682
leaf_weight=15.459075301885603 95.403403237462044 75.864931434392929 120.70201343670487 21.424649946391582 176.22193922661245 52.624223463237286 217.31054185330868 108.90854410082102 64.076133832335472 231.18452360481024 115.56281152367592 65.101700991392136 46.436798587441444 26.851004853844643 60.345555394887924 72.937008563429117 22.897872149944305 28.893880695104599 191.51834627985954 46.299303982406855 30.03192612528801 132.58107133582234 116.43508978188038 54.826865494251251 67.180971443653107 130.56522443890572 52.459935083985329 49.796382486820221 60.988242343068123 79.397850587964058 321.20441541075706 67.245733313262463 352.90983302146196 55.787229456007481 316.68684425577521 164.15864858031273 200.50272567942739 114.66892094537616 113.5624932795763 115.90429458767176 18.745933316648006 45.731893271207809 256.29470313340425 59.15347944945097 82.61142285913229 87.029791265726089 51.453258574008942 123.83003503456712 143.23570328205824 55.325769066810608 143.74029302597046 183.23303087055683 49.688699752092361 40.943970218300819 58.324571818113327 206.18708311021328 59.988906271755695 76.100323837250471 55.72779880464077 57.690783597528934 17.061563666909933 37.965091094374657
leaf_count=75 165 76 659 50 288 9 1560 873 166 599 105 43 28 35 14 106 43 110 95 231 188 1114 82 67 74 182 65 24 56 205 532 156 551 538 936 1433 151 359 310 472 54 63 811 267 139 111 86 526 148 101 326 107 49 71 189 354 89 255 107 166 45 377
internal_value=0 0.0206849 -0.0295904 0.0109109 -0.0420033 0.0350327 -0.0175423 -0.0295158 0.00532327 0.0259579 0.0509273 -0.0526194 -0.00530112 -0.00328617 -0.00746453 -0.015551 -0.00584959 0.00160541 0.0464517 -0.0362022 -0.0054491 -0.023587 0.0103066 0.026995 0.0263689 0.0216902 0.0300876 0.031892 -0.0258248 0.00806823 0.0112991 0.00886125 0.00675547 -0.0220623 -0.00823339 -0.0403072 -0.0268837 -0.029665 0.0337916 -0.0176086 0.0211107 0.0255116 -0.0444524 -0.0223756 -0.0217197 0.0300895 0.023868 -0.0459303 0.0276593 0.0329075 0.0304494 0.0305488 0.0381083 0.0319335 0.0176871 -0.0594835 0.0110552 -0.0354782 0.00859945 0.00210348 -0.0418598 -0.0202245
internal_weight=0 3719.27 2643.71 2212.24 1302.13 1507.03 1341.58 598.329 1628.35 583.891 473.579 703.805 443.478 593.062 433.915 178.527 131.806 264.95 358.016 466.523 407.064 898.097 1035.29 1033.45 980.828 434.349 546.479 494.019 132.235 159.147 971.214 650.009 533.574 116.775 346.719 334.288 578.88 408.334 352.706 319.218 47.6398 319.533 321.396 132.09 203.313 444.223 138.483 170.129 273.801 305.74 257.303 250.414 166.498 90.6327 79.7492 382.409 114.816 207.831 466.328 113.419 93.1619 170.546
internal_count=17266 6299 10967 4777 5271 1522 5696 3775 3377 1400 396 1496 2125 1617 1173 401 916 1724 291 2859 1138 3571 1760 1126 1117 549 568 503 669 444 1594 1062 980 594 1124 2190 2301 810 801 1270 164 393 854 373 798 479 197 757 330 282 636 181 196 120 239 642 156 659 824 273 300 1491
cat_boundaries=0 20 40 59 81
cat_threshold=1024 32 16777216 0 65552 0 0 0 0 270848 3584 0 0 0 0 8388628 4194848 104923231 4325376 196608 0 0 2508194304 32 90112 0 0 0 0 0 0 0 0 0 16384 8388624 34078720 0 0 32768 65536 1073741824 0 16 33559680 4128 1040 1073741824 0 0 65536 0 0 0 12 2147483649 1364 268435488 64 0 0 0 0 0 0 0 0 0 0 0 0 8388608 32768 0 25198592 0 0 0 0 64 36864
is_linear=0
shrinkage=0.05


Tree=21
num_leaves=63
num_cat=5
split_feature=67 67 64 67 0 58 0 0 66 49 0 64 66 49 53 63 67 23 0 68 67 67 66 65 37 65 66 71 63 65 55 64 9 70 1 59 91 57 10 67 63 60 49 50 50 52 48 54 71 70 67 14 16 77 31 54 64 65 66 57 56 64
split_gain=1457.99 204.569 150.256 68.6961 66.5994 51.1206 32.0335 24.5168 19.3949 14.7554 13.3672 13.2679 13.0991 13.0903 14.8233 12.2888 10.557 10.332 9.13437 8.14014 10.9649 7.88969 7.83016 6.42172 6.33957 9.85655 5.10906 4.96498 4.70642 4.20369 4.07108 4.05758 4.01597 3.50816 3.50297 3.53078 3.50172 3.27667 3.19891 3.18499 3.11269 3.04581 2.74344 2.54705 2.53136 2.48435 2.48242 2.41064 2.31736 2.27303 2.25805 2.23902 2.23664 2.19553 2.18313 2.58504 2.13152 2.06652 1.93947 1.93293 1.85509 2.66898
threshold=110.02500000000002 628.54500000000019 37.975000000000009 21.960000000000004 0 1089.6216532614087 1 2 1287.4433333333334 567.38530676645951 3 736.10000000000014 229.65833333333339 -343.56859112649016 315.21914803399324 578.37166666666678 76.375000000000014 -1.0000000180025095e-35 4 0.29166666666666669 7.3500000000000005 163.22500000000002 12.680000000000001 119.03000000000002 1.0000000180025095e-35 1500.7750000000003 460.07166666666672 47.711783288671931 72.609848484848499 17.010000000000002 5.288361298084757 16.957500000000003 24.500000000000004 0.38153823311744545 5.5000000000000009 -519.14681641416826 1.5000000000000002 -3.264414103587765 15.79422863405995 42.090000000000011 224.17000000000002 98.821221025340307 -16.757752520906603 -9.1723425461777737 -60.683550321890131 26.986081061637833 -95.898782464788511 1.9949651194393938 33.238852640078363 1.616558169652685 374.25000000000006 -0.68301270189221908 9.1848509936051497e-17 1.0000000180025095e-35 -1.0000000180025095e-35 0.11085531756485983 8.9775000000000009 49.025000000000006 427.22000000000008 51.886535957302961 329.84438179569167 140.84750000000003
decision_type=2 2 2 2 9 2 9 9 2 2 9 2 2 2 2 2 2 2 9 2 2 2 2 2 2 2 2 2 2 2 2 2 2 2 2 2 2 2 2 2 2 2 2 2 2 2 2 2 2 2 2 2 2 2 2 2 2 2 2 2 2 2
left_child=2 4 3 19 11 8 15 -6 10 -7 13 48 17 -3 41 40 29 -9 36 -1 56 23 32 30 25 26 -12 -10 37 47 -19 43 52 -25 42 -36 -8 57 45 -31 -4 53 -28 -22 -37 59 -26 -5 -2 -46 -23 -49 -20 -15 -18 -56 -21 -24 -14 -13 61 -30
right_child=1 5 6 16 7 9 18 12 27 -11 24 38 58 14 -16 -17 54 21 22 20 31 50 28 33 46 -27 34 -29 60 39 -32 -33 -34 -35 35 44 -38 -39 -40 -41 -42 -43 -44 -45 49 -47 -48 51 -50 -51 -52 -53 -54 -55 55 -57 -58 -59 -60 -61 -62 -63
leaf_value=-0.031418122710367306 0.017684637209381248 0.040071830282245861 -0.0057415899985676783 -0.028703530124978428 -0.010033372515102973 0.041596516994441515 -0.029192746665883923 -0.017155621526192769 0.032870494104245494 0.068326140476263938 0.013780504932424151 0.047085964361209619 0.01283750765340156 0.00074191208314604512 -0.02458933431194938 0.035876294500823525 -0.00090812406400100877 -0.0038871679559783915 -0.020826674369138539 -0.062422371673033467 -0.042120794050919369 0.0084788370177079405 -0.020172914284967192 0.019790357244327143 0.029326125482334587 0.04227971486456187 0.02757325087077972 0.047957770984502886 -0.011460636132859988 -0.030697043495524646 -0.023638290194752901 -0.039460515744082485 -0.061346134738656757 0.00047789594633459239 0.040385054042124169 0.031079768944875321 -0.050749270391459871 -0.023272851937876197 0.021106840967057762 -0.020299508733652896 0.009675387806774462 0.025190570307723727 0.011279438428152979 -0.051810228546253202 0.026528389298672336 0.029102581942183677 0.039101708805362581 -0.047975653140279295 0.035884457495815335 0.010566782112800916 -0.0022825854744508707 -0.034704234732524354 -0.035363193921254032 0.016347781118829976 -0.0031183374697892753 -0.024858704962588702 -0.053695539131454507 -0.0062618208594495094 0.021232198602868263 0.034754981171050102 -0.028478191764221741 -0.0011201915645931728
leaf_weight=61.810789305716753 337.70623272657394 38.026358872652054 100.81277661770582 114.96450553834438 224.26563803106546 93.380481123924255 146.19996961578727 52.800916217267513 84.2502581179142 115.4790173470974 95.715231239795685 60.558412909507751 399.85609372705221 41.290950454771519 29.499338731169701 27.077480494976044 31.369311399757862 69.825933799147606 117.57683457806706 144.06004904210567 95.21613011136651 779.49538758397102 45.079302005469799 30.976507000625134 96.241283059120178 88.434015944600105 47.950334265828133 154.58042153716087 246.22406448423862 154.13195657357574 41.652376417070627 166.87848537415266 7.5989049896597853 97.622143216431141 59.205310821533203 135.01316383481026 21.62594547867775 150.42656346783042 41.302028030157089 141.05681930109859 48.486329421401024 44.783307902514935 56.010168969631195 235.75512077286839 58.133644461631775 74.121708109974861 199.69372752308846 42.793936595320702 18.445679873228073 36.189442172646523 51.99706044793129 123.48862556368113 34.146479599177837 49.62195049226284 21.12409645318985 38.765712659806013 136.05220065265894 65.467876937240362 83.103835679590702 66.877165526151657 12.480468496680258 83.587581496685743
leaf_count=41 981 31 834 197 885 100 741 84 97 91 88 92 601 93 27 52 10 250 1116 273 316 931 203 121 75 89 88 76 1224 812 107 1131 5 274 59 139 32 534 78 393 205 75 61 528 87 175 87 165 41 51 97 473 96 120 13 158 552 228 108 130 56 427
internal_value=0 0.0190319 -0.0290938 -0.039365 0.0100281 0.0333968 -0.0151043 0.00517786 0.0297462 0.0563754 0.0268847 0.0243654 0.00734915 0.0129835 0.00753405 0.00462364 -0.0273948 0.00443659 -0.0186929 -0.0488825 -0.05027 0.00550053 -0.0158086 -0.0024839 0.0296338 0.0269204 0.0241382 0.0426356 -0.0134122 -0.0298963 -0.0112669 -0.0458175 -0.0258748 0.00512983 0.0266641 0.0294993 -0.0301727 -0.01847 0.0337836 -0.0257286 -0.000734777 0.0145174 0.0187947 -0.0490227 0.0266891 0.0363812 0.0359226 -0.0342707 0.0186272 0.0204043 0.00780588 -0.0381197 -0.0240982 0.00925989 -0.0115936 -0.0171905 -0.0581837 -0.0119345 0.014282 0.0406148 -0.00955599 -0.00883995
internal_weight=0 3954.11 2614.26 1507.47 2430.61 1523.5 1106.79 1831.6 1314.64 208.859 1075.81 599.011 1607.33 203.222 165.196 176.377 667.695 1124.37 930.414 839.773 777.962 1071.57 762.588 240.077 872.586 576.651 488.217 238.831 603.266 576.436 111.478 497.85 159.322 128.599 392.502 288.542 167.826 260.974 242.859 295.189 149.299 135.696 103.961 330.971 229.336 201.557 295.935 281.247 356.152 94.3231 831.492 166.283 151.723 90.9129 91.2591 59.8898 280.112 110.547 482.96 127.436 342.292 329.812
internal_count=17304 6489 10815 5062 4955 1534 5753 3458 1343 191 1170 1497 2573 346 315 1091 2221 1864 4662 2841 2800 1780 3889 752 824 662 573 173 2672 2040 357 1975 1217 395 485 336 773 965 475 1205 1039 288 149 844 277 397 162 835 1022 138 1028 638 1212 213 181 171 825 431 709 222 1707 1651
cat_boundaries=0 20 40 61 82 100
cat_threshold=1088 288 0 0 16 16384 0 0 0 1610885632 3072 2097152 0 0 0 8388628 4194816 100728925 4194304 196608 0 1075871744 16777216 0 33588352 524288 262160 3355443208 131072 4194304 16787968 262144 1050624 0 2147483648 16777241 0 0 131136 65536 0 0 0 2 1024 32 49152 8 0 4194304 49152 1073741824 0 3004694528 32 128 536870913 49152 671154178 16 32 16 256 0 0 8320 0 0 0 0 270336 0 0 0 0 2147483648 67108864 128 4194304 268435458 65536 20 0 0 0 16 0 50331648 268507178 4194304 0 0 539492352 1543536648 32769 49281 268468226 4096 268435456 4096
is_linear=0
shrinkage=0.05


Tree=22
num_leaves=63
num_cat=5
split_feature=67 67 64 67 0 0 64 3 67 3 49 73 8 91 3 36 67 51 65 26 67 63 67 0 0 3 53 63 8 68 10 65 67 15 67 63 70 16 67 3 64 64 70 67 70 55 57 49 54 5 47 15 50 3 77 10 65 8 57 50 31 3
split_gain=1293.77 176.167 142.589 62.2685 60.6157 55.1826 29.069 27.1893 19.3546 18.7689 15.0431 11.7926 11.6051 11.0397 10.678 10.0399 9.73074 9.52658 8.28354 8.07669 7.96512 6.74475 6.49484 6.4941 6.17828 5.97107 7.71203 5.76507 5.44456 6.37015 5.39039 5.29768 5.22025 5.16043 4.67325 4.44956 4.44087 4.27899 4.19477 6.10304 4.14709 4.00853 4.68418 3.81051 3.78107 3.7764 3.33767 3.29442 3.22293 3.20497 3.19773 3.19531 3.16968 3.14698 2.99201 2.93142 2.91969 2.84421 2.73375 2.72267 2.52998 2.27563
threshold=110.02500000000002 485.16500000000008 38.042500000000011 21.960000000000004 0 1 132.14500000000001 2019.5000000000002 314.8250000000001 2019.5000000000002 2917.5911311374498 2 11.500000000000002 1.5000000000000002 2019.5000000000002 1.0000000180025095e-35 1344.3550000000002 -331.52664385641782 81.020000000000024 -0.93301270189221908 74.090000000000018 138.81958333333336 7.3500000000000005 3 4 2018.5000000000002 403.80352003093896 824.07719696969707 4.5000000000000009 0.83333333333333337 21.650635094610966 17.970000000000002 178.23500000000004 -1.0000000000000002 1393.6200000000001 922.583484848485 0.87525233220948639 0.93301270189221952 25.960000000000004 2019.5000000000002 8.9775000000000009 571.40000000000009 1.616558169652685 287.5800000000001 6.0003467005662783 67.708698897217474 -8.6970474271802374 241.06593337873383 1.1984108139622462 0.6830127018922193 -265.52051663938624 1.0000000180025095e-35 -11.286743892554647 2019.5000000000002 1.5000000000000002 10.196152422706634 55.105000000000011 2.5000000000000004 -36.171597877895394 -9.1723425461777737 1.866025403784439 2019.5000000000002
decision_type=2 2 2 2 9 9 2 2 2 2 2 9 2 2 2 2 2 2 2 2 2 2 2 9 9 2 2 2 2 2 2 2 2 2 2 2 2 2 2 2 2 2 2 2 2 2 2 2 2 2 2 2 2 2 2 2 2 2 2 2 2 2
left_child=2 5 3 7 10 9 12 19 11 35 28 13 18 24 23 16 21 -17 30 -1 31 53 -9 51 -7 26 -18 -19 -3 -30 38 48 56 -21 -31 -2 -16 44 39 -4 46 42 45 -11 57 -23 -35 -27 -5 59 -43 -8 -22 -6 -42 -25 -13 -26 -33 -50 -40 -44
right_child=1 4 6 20 15 8 14 22 -10 43 -12 32 -14 -15 36 17 25 27 -20 33 52 41 -24 55 37 47 -28 -29 29 34 -32 58 -34 40 -36 -37 -38 -39 60 -41 54 50 61 -45 -46 -47 -48 -49 49 -51 -52 -53 -54 -55 -56 -57 -58 -59 -60 -61 -62 -63
leaf_value=-0.0068169847212987585 0.023331900303571393 0.045749089041204491 -0.022032314183960629 -0.025828866812731312 -0.008689097014643361 0.002560658373542826 0.016129093072248437 -0.062984332999307849 0.0101753901203794 -0.0095845550616999731 0.063228108838809638 -0.017896707290256563 -0.043231934672324536 -0.046818516868975701 -0.034700136992237819 -0.004634897657038577 0.011738064191928192 0.014033860797494144 -0.010658564626103432 -0.0069189799570004047 -0.0074706820192116039 0.016828719068181893 -0.050768478339435409 0.0041628808436212049 -0.019815194337732961 0.045483531081104075 0.04212435358876937 0.033859043556455089 0.047083213872253719 0.01733007773713837 -0.055480461506357839 0.00089857209137238149 0.0049669678030456136 -0.030561333958863249 0.038576361376423472 0.0347379650704795 -0.0023957530650228027 0.010456246178804231 -0.019036998498358645 -0.04947936856652934 -0.034264189066244774 0.015682371924259333 0.016850822358063702 0.010429493284037507 -0.033942646236422451 -0.0042910785302547909 -0.055040380536236888 0.03142638220950629 -0.027180938340031144 -0.048759029662118841 0.02954228055895344 0.045024190400958848 -0.026161611493030958 0.01622975829137208 -0.053926424484486958 -0.013495582886530983 -0.0020369602422573713 -0.0057072633157447079 -0.025208141034983329 -0.04068643956735267 -0.0027750744946724738 0.026516559175000017
leaf_weight=21.584223002195358 217.7030388340354 236.27361077070236 77.175858717411757 85.576229549944401 23.330849707126617 97.892527528107166 25.736974529922009 166.44812733121216 482.94427670538425 31.865958772599697 92.833303242921829 35.475240591913462 45.531639475375414 19.496254593133926 25.264689214527607 54.199001550674438 55.863263443112373 143.8271342664957 302.68737164512277 12.456434249877928 66.563975803554058 119.88243713974953 314.20631049945951 118.11823707073927 72.625510193407536 91.780625864863396 33.345174744725227 49.218687266111374 58.78032523393631 59.708148837089539 11.051901936531065 10.411103162914513 422.80900529026985 17.976682640612125 45.684690207242966 140.80574209988117 18.376894131302834 16.793327860534191 425.62974298000336 27.459417846053839 196.61107457429171 48.308968752622604 82.827218025922775 93.750111572444439 25.027002938091755 25.704236552119255 61.782815963029861 76.353616148233414 75.554365631192923 47.53349132463336 300.38456547260284 15.228937596082686 34.40757717564702 27.728053942322731 21.459830693900585 29.340344529598951 159.45473147556186 70.312797725200653 272.16996404901147 73.738051973283291 25.341386795043945 229.95169781893492
leaf_count=50 673 144 874 135 95 315 136 266 757 170 67 194 454 14 127 29 125 173 1443 1 160 237 772 739 62 62 33 32 61 104 25 66 569 75 48 259 8 30 1631 61 1401 75 146 236 136 45 198 63 241 197 435 24 75 22 94 144 507 386 1129 252 1 167
internal_value=0 0.0179372 -0.027846 -0.038109 0.0288747 0.0071792 -0.0146163 -0.0473987 0.00205527 0.0215392 0.0441973 -0.00218548 -0.0186253 -0.0100939 0.00118853 0.0228363 0.0250244 0.013888 -0.0173365 -0.0363914 -0.0267748 0.022467 -0.0549988 0.00635019 -0.00791787 0.0335521 0.0230961 0.0190885 0.0408892 0.0338951 -0.0209037 -0.0290864 0.00181666 -0.0384486 0.0265397 0.0278117 -0.0210972 -0.0129097 -0.0202159 -0.0292352 -0.0397673 0.023582 0.0205085 0.00535238 -0.0160144 0.0130999 -0.0495231 0.0390999 -0.0339296 -0.0374517 0.0276221 0.0215984 -0.0138399 0.00484334 -0.0361991 0.000608078 -0.00492327 -0.0128754 -0.0242463 -0.0338515 -0.0181232 0.023957
internal_weight=0 3742.94 2625.42 1478.48 1855.99 1886.96 1146.94 812.525 1402.83 484.125 493.28 919.886 914.877 302.147 232.066 1362.71 1115.46 247.245 869.346 331.871 665.955 858.118 480.654 188.424 282.651 257.343 89.2084 193.046 400.447 164.173 566.658 564.983 617.739 310.287 105.393 358.509 43.6416 184.759 555.606 104.635 297.83 807.059 458.366 125.616 167.965 145.587 79.7595 168.134 282.402 196.826 348.694 40.9659 100.972 51.0589 218.071 147.459 194.93 142.938 282.581 149.292 450.971 312.779
internal_count=17250 6471 10779 5112 2163 4308 5667 2857 2970 1338 424 2213 4489 943 1178 1739 1505 234 4035 1819 2255 1222 1038 1043 929 283 158 205 357 213 2592 2020 1270 1769 152 932 135 614 2567 935 1768 1105 595 406 584 282 273 125 825 690 510 160 235 117 1495 883 701 448 1195 493 1632 313
cat_boundaries=0 20 40 41 60 81
cat_threshold=0 0 2508194304 32 73760 0 0 0 0 0 0 0 0 0 16384 8388624 34078720 0 0 32768 1024 1073741920 0 0 65680 16384 0 0 0 272896 3584 2097152 1 0 0 8388612 0 100728958 131072 229376 50464912 0 1075838976 16777216 0 0 0 0 134217728 0 0 512 0 0 0 2147483648 16 0 0 131072 0 0 0 0 0 2097152 0 1073741824 16384 0 16859136 0 0 536870912 12 1 536871168 268435456 0 0 64
is_linear=0
shrinkage=0.05


Tree=23
num_leaves=63
num_cat=6
split_feature=67 67 67 3 0 0 64 64 72 49 0 49 66 0 3 46 3 67 1 67 3 65 64 66 63 37 58 68 63 10 3 54 67 65 9 58 37 66 0 66 50 63 64 70 43 58 66 65 66 3 70 57 57 19 1 64 1 49 3 58 67 67
split_gain=1201.77 156.968 126.693 61.6729 54.8527 35.9551 30.0696 27.728 15.8501 15.2527 13.9905 14.1959 13.4151 11.5955 11.1932 10.6017 10.1409 10.0913 9.71057 8.82296 7.58654 7.13926 7.05038 6.87246 6.32336 6.01825 5.45039 4.8078 4.73484 4.63339 4.28412 5.05093 4.27932 4.36467 4.25339 4.17683 3.89394 7.89763 3.72209 4.27779 3.66737 3.24801 3.08154 3.08118 3.01443 3.16075 2.86071 2.6209 2.76778 2.53935 2.70736 2.43792 2.38459 2.37435 2.34044 2.32059 2.27884 2.23261 2.21224 2.16678 2.0495 2.03524
threshold=110.02500000000002 485.16500000000008 24.205000000000002 2019.5000000000002 0 1 58.132500000000007 96.827500000000015 2 2917.5911311374498 3 -134.4373020040257 6.4800000000000004 4 2017.5000000000002 1.3660254037844386 2019.5000000000002 52.055000000000007 2.5000000000000004 223.20000000000002 2014.5000000000002 989.98000000000013 448.08000000000004 701.14000000000021 17.828333333333337 -1.0000000180025095e-35 7.0630742225636283 0.83333333333333337 324.95272727272737 21.325317547305485 2016.5000000000002 5.2316133057717105 2155.0000000000005 2711.9500000000003 11.129165124598854 3.0265135598687136 1.0000000180025095e-35 301.78166666666669 5 136.73333333333338 -2.8213829751497062 922.583484848485 270.50000000000006 0.70456913066263716 -1.0000000180025095e-35 384.71645351862315 2.6833333333333336 966.35500000000013 404.90500000000003 2019.5000000000002 1.0618820362724737 -5.5383009077783631 -7.4735457235708447 -1.0000000180025095e-35 1.5000000000000002 57.057500000000012 3.5000000000000004 127.78164742544605 2017.5000000000002 196.94394631251797 577.60000000000014 21.960000000000004
decision_type=2 2 2 2 9 9 2 2 9 2 9 2 2 9 2 2 2 2 2 2 2 2 2 2 2 2 2 2 2 2 2 2 2 2 2 2 2 2 9 2 2 2 2 2 2 2 2 2 2 2 2 2 2 2 2 2 2 2 2 2 2 2
left_child=2 5 3 6 9 14 20 13 53 18 11 -6 46 35 59 19 42 29 -3 21 25 27 54 30 52 -1 -27 -10 -25 55 41 -32 33 -20 40 -4 37 -33 -29 -40 -30 57 -9 -18 -21 -46 -5 48 60 -16 -51 -38 -22 -7 -8 -15 -37 -12 -55 -2 -39 -14
right_child=1 4 7 12 10 8 22 16 15 -11 23 -13 61 17 49 -17 43 -19 32 44 24 -23 -24 28 -26 26 -28 38 34 -31 31 36 -34 -35 -36 56 51 47 39 -41 -42 -43 -44 -45 45 -47 -48 -49 -50 50 -52 -53 -54 58 -56 -57 -58 -59 -60 -61 -62 -63
leaf_value=-0.048782620468672766 0.022053120659069753 0.020933425269662492 -0.014560623538230975 -0.064032730533652424 0.025813353556045599 -0.024452160606138588 -0.038501370555441242 -0.00091253180587723057 0.0058859242870078193 0.060288188258411368 0.017229541764036235 -0.016378930737612998 -0.045710517010153939 -0.024291111157994025 0.017927646341026834 -0.02345980846042782 -0.02805654965305995 -0.012327404732835695 0.033834817719241239 -0.0037175204725660807 -0.03245927435626228 0.029873401848341193 0.021139071219744232 0.013970191949633276 -0.031374243813974162 -0.0054894805290990507 -0.029919433320096386 0.0051401898886514778 0.03618605696675254 -0.057214169164187492 0.033922947221281329 -0.0057972489756474514 0.048214585699427451 0.049504359482060473 0.018815711858474204 -0.045623339050110963 0.019101247696110157 0.017678236555395559 -0.012496724488033115 0.0036435097998767092 0.023951899188418849 0.043782798060104773 0.015222089477826382 -0.01084829603694836 0.0089867394131821956 0.019648295361149631 -0.054328221038803415 0.026744315302818223 0.018254201646045989 -0.0014409249706732576 0.013557553147636764 0.030142453094255048 -0.049568011828757273 -0.021074474084170187 -0.0081190358107982429 -0.015168718720297595 -0.032791411485982067 0.031637170657490624 -0.0054394834267179294 0.032156102926401087 0.0034238292211328744 -0.035961458427807541
leaf_weight=18.21640782803297 90.719919450581074 72.673280939459801 27.001918628811836 126.44366465508938 32.824324123561382 23.591401882469654 6.8837150000035754 178.48605607077479 178.19227332249284 89.228552848100662 52.504901565611362 50.773031257092953 181.46200587227941 342.02660364285111 101.91168987005949 30.94777338206768 38.720437772572041 413.94095658510923 208.9720403701067 41.822365835309029 25.330297697335482 20.16989529132843 22.036590233445168 52.085202053189278 161.37394030019641 47.184876296669245 44.233794741332531 69.440026961266994 212.28184214234352 9.7928215079009515 52.208859503269196 40.155805587768555 130.88468945026398 56.444034665822983 68.202233254909515 43.629642326384783 122.2662917971611 40.941155448555946 152.13402841240168 56.224355429410934 86.100697621703148 27.787084549665451 35.474881678819656 79.259149599820375 684.45249021053314 77.375388860702515 190.12331246398389 63.557965725660324 305.95435222238302 51.829977441579103 71.725148022174835 84.579942911863327 103.9315682053566 26.300503581762314 80.048228558152914 87.561380166560411 167.17150078713894 55.112841844558716 161.8627018481493 127.88011886179447 65.656256422400475 75.936573721468449
leaf_count=121 338 73 33 183 20 64 50 1325 180 61 155 82 605 1674 270 62 207 1465 192 60 153 46 41 71 1474 37 415 245 170 28 8 39 65 57 82 110 84 81 614 87 133 35 137 83 993 96 376 95 452 212 156 53 408 180 655 698 306 81 454 262 76 135
internal_value=0 0.0171028 -0.0271887 -0.0400739 0.0270739 0.00710835 -0.0274077 -0.0173808 0.00335501 0.0406123 0.0212874 0.000167718 -0.0513116 -0.0212304 0.0194631 0.00541596 -0.00472693 -0.0177217 0.0377347 0.00615653 -0.0337471 0.000763153 -0.0041215 0.0226044 -0.0379749 -0.0225395 -0.0173101 -0.000524484 0.0280766 -0.0232069 0.0203369 0.0189038 0.0408157 0.0371671 0.0300809 -0.0317409 0.0178194 0.0154969 -0.00463641 -0.00776853 0.0326558 0.0285429 0.0017626 -0.016496 0.0093521 0.0100696 -0.0582044 0.0172929 0.0158368 0.012085 0.00726586 0.023616 -0.0462154 -0.0090712 -0.0105249 -0.0224317 -0.0354472 0.0246079 -0.00762486 0.0279633 0.00889856 -0.0428344
internal_weight=0 3937.78 2506.27 1083.2 1971.2 1966.58 509.239 1423.07 1522.51 558.203 1412.99 83.5974 573.966 1091.12 444.067 1310.76 331.941 853.322 468.974 1279.81 400.271 476.161 108.969 1329.4 290.636 109.635 91.4187 455.991 418.67 439.381 910.725 775.321 396.301 265.416 366.585 237.803 723.112 516.266 277.798 208.358 298.383 135.405 213.961 117.98 803.65 761.828 316.567 476.11 412.552 225.467 123.555 206.846 129.262 211.755 86.9319 429.588 210.801 107.618 188.163 218.6 106.597 257.399
internal_count=17203 6484 10719 4653 2165 4319 3354 6066 3081 448 1717 102 1299 4314 1238 2383 1752 3865 387 2321 2608 1172 746 1615 2035 573 452 1126 456 2400 1159 888 314 249 385 449 880 743 946 701 303 271 1462 290 1149 1089 559 704 609 638 368 137 561 698 705 2372 416 236 634 600 157 740
cat_boundaries=0 20 40 62 83 106 124
cat_threshold=0 0 2508194304 32 90144 0 0 0 0 0 0 0 0 0 16384 8388624 34078720 0 0 32768 0 96 0 0 65664 0 0 0 0 797184 3584 2097152 1 0 0 8388612 4194368 100728942 131072 131072 0 0 16777217 133120 0 0 2048 0 0 2147483648 16777217 0 131072 134382080 0 276824064 16785408 256 83886080 512 0 16880656 0 0 0 0 0 0 0 0 0 0 0 0 0 0 0 0 536870912 0 2 4 20 4194304 889192448 0 0 0 33554432 134223872 0 0 0 2621440 2449473536 1 1218461696 420511744 4096 0 0 1024 0 0 0 128 0 1074266112 0 0 0 524288 1024 1073741824 0 0 0 0 1048576 0 12 2147483648 4 268435456
is_linear=0
shrinkage=0.05


Tree=24
num_leaves=63
num_cat=4
split_feature=66 0 64 67 67 67 0 3 64 72 0 52 67 64 70 65 66 10 67 49 20 65 70 67 36 51 71 64 51 67 68 89 3 3 47 3 64 58 66 89 59 64 66 65 65 70 21 3 70 22 67 65 56 65 3 57 3 70 66 47 65 24
split_gain=1042.42 146.619 119.949 60.4233 59.8165 26.869 24.1404 23.8417 15.6112 14.8259 14.1505 9.90406 9.89097 9.54279 8.92475 7.93773 7.5509 7.52463 7.07708 6.98459 7.81384 9.34217 6.71928 6.60884 6.95404 6.86565 6.05379 5.2295 5.13943 4.21311 4.18616 4.12564 4.03934 3.93796 4.12516 3.8386 3.82543 3.44064 3.33916 3.18804 3.42491 3.11188 3.09407 3.07534 3.05117 3.01273 3.00443 3.89914 4.79902 3.50675 2.89309 2.84112 3.14797 2.68628 2.45782 2.41178 2.24262 2.206 2.20582 2.18459 2.09792 2.07492
threshold=65.111666666666679 0 37.975000000000009 24.205000000000002 314.8250000000001 1924.5000000000002 1 2019.5000000000002 54.072500000000012 2 3 -639.63269741007082 11.040000000000001 435.75750000000005 6.3634107398572057 214.58500000000004 1.0000000180025095e-35 21.650635094610966 76.375000000000014 567.38530676645951 0.6830127018922193 966.35500000000013 0.83239123260839498 592.16500000000008 1.0000000180025095e-35 -205.89136443408447 30.45080649826615 70.165000000000006 28.49201877154211 689.94000000000017 0.83333333333333337 1.0000000180025095e-35 2019.5000000000002 2018.5000000000002 60.524077604892277 2019.5000000000002 19.020000000000003 2.3650561146747386 132.04500000000004 1.0000000180025095e-35 -57.626218131100032 504.95000000000005 16.010000000000002 440.76500000000004 6.0850000000000009 0.77869796144823589 1.8369701987210299e-16 2019.5000000000002 0.83239123260839498 0.93301270189221952 81.335000000000022 28.030000000000005 208.96350742992971 254.09000000000003 2021.5000000000002 2.2149411513915234 2019.5000000000002 2.7509131944392959 4.416666666666667 -12.199377004281784 476.05000000000007 0.25000000000000017
decision_type=2 9 2 2 2 2 9 2 2 9 9 2 2 2 2 2 2 2 2 2 2 2 2 2 2 2 2 2 2 2 2 2 2 2 2 2 2 2 2 2 2 2 2 2 2 2 2 2 2 2 2 2 2 2 2 2 2 2 2 2 2 2
left_child=2 5 3 7 8 19 13 16 14 29 31 -7 58 35 55 30 -1 27 37 20 21 39 -21 45 51 -26 -13 50 -16 43 -10 -8 60 -23 -35 -4 59 -5 -32 40 -2 -27 -39 -6 -20 56 47 49 -49 -29 -12 -25 57 -41 -34 -3 -11 -53 -9 -18 -17 -14
right_child=1 4 6 18 9 11 10 12 15 23 17 26 61 -15 28 32 36 -19 44 22 -22 33 -24 24 25 41 -28 46 -30 -31 38 -33 54 34 -36 -37 -38 42 -40 53 -42 -43 -44 -45 -46 -47 -48 48 -50 -51 -52 52 -54 -55 -56 -57 -58 -59 -60 -61 -62 -63
leaf_value=-0.019093037024239156 0.029380254007159323 -0.0025892499572694665 0.0026777283714270019 -0.018207693283430897 0.00013112124874287221 0.056610367104782046 -0.04192978961869518 -0.061495097771948087 0.0063457500864675352 0.023249750669296718 -0.019349241575679382 0.028394241519099861 -0.042492367140265774 0.031595307014376163 -0.022822338837645558 0.0092011152618551393 -0.030058561484904336 -0.05449319382437439 -0.027346950351010459 0.047987514197933692 0.0051019585022756362 0.034843534840824586 0.026895988911918012 0.032733107149906245 -0.0015010087752324484 0.010772926566634432 0.043618068382237168 -0.0055097842531997105 -0.06449635038154454 -0.016392612003529691 -0.006940935219547935 -0.023860442912477506 -0.0017675048628931274 0.034278897749626218 0.01419707227594664 -0.023573567054015237 -0.030638277376222642 -0.035437642766037773 0.0022540746586813157 -0.0077904703116809214 0.0143615886686786 0.026339584085499995 -0.025137839707960963 0.018460080952375207 -0.0068448502940914513 0.012225927611259695 -3.019636668877559e-05 -0.033270103191824239 -0.011778243943623206 -0.03819539392327792 -0.0058286716219568642 0.019882150473312717 0.025293564393574032 0.01436800868643112 0.0079395098484694258 -0.017091920042105416 0.0076817255078373203 0.0072999854167979609 -0.051366353859577545 -0.045551043616179163 0.020497641811159383 -0.057444768233778171
leaf_weight=68.961296640336514 78.165482982993126 80.497173212468624 116.72132536396384 116.34726689755917 98.964845597743988 90.360647231340408 74.074225403368473 166.31277947127819 147.87041006982327 118.31320779025555 282.41521839797497 109.15807290375233 221.47005846723914 28.161010533571243 21.742166861891747 93.073957644402981 27.742906216531992 10.953520767390726 23.266221385449171 61.537042781710625 53.876236118376255 204.59312648326159 97.7346550822258 68.759608179330826 62.034689292311668 62.620800420641899 162.53054109215736 201.19147971644998 11.213909711688755 30.158008962869644 259.33717780932784 55.078679252415895 103.32220842689276 45.130198448896408 59.010010451078415 15.811991468071936 112.40208735689521 102.57585678994656 159.43616954982281 16.864843547344208 73.800097338855267 65.881755411624908 252.15071132034063 29.769415318965912 82.480476401746273 604.17997628450394 76.127563085407019 36.426904164254665 90.520165268331766 8.55493565648794 46.010958168655634 164.15218149125576 285.72003751993179 72.374336712062359 176.78859367966652 44.522494908422232 28.755126476287842 44.221256509423256 79.421603567898273 126.54992704838514 73.60030023753643 25.916751857846975
leaf_count=44 171 278 768 71 204 73 148 338 99 271 1839 99 616 74 137 360 223 28 37 73 75 340 74 20 35 48 81 1764 20 64 880 171 236 43 116 167 1026 421 383 82 198 58 1213 27 173 980 199 202 81 46 127 251 192 189 61 75 46 45 143 694 185 50
internal_value=0 0.0155657 -0.0259409 -0.0354712 0.00938587 0.0307796 -0.0130856 -0.0441198 0.000763895 0.0155136 -0.0162286 0.0422707 -0.0511164 0.00485991 -0.0138557 0.00304283 -0.0338408 -0.0131793 -0.023045 0.025731 0.0232742 0.0250545 0.035045 0.0169936 0.0204156 0.0121593 0.0375015 -0.0127466 -0.0370027 0.000403533 -0.00088647 -0.0317645 0.00802625 0.0308147 0.0228997 -0.000454203 -0.0376543 -0.025669 -0.00344019 0.0176817 0.0220866 0.0187538 -0.0281162 0.00436964 -0.0113557 0.0137881 -0.00900069 -0.011029 -0.0179452 -0.00684293 -0.0174551 0.0232105 0.0218853 0.0101804 0.00435896 -0.007754 0.0202059 0.0172119 -0.0582215 -0.0427654 0.0141895 -0.0440588
internal_weight=0 3960.07 2447.65 1405.6 2834.94 1125.14 1042.05 828.777 1171.4 1663.53 881.354 362.049 493.121 160.694 157.976 1013.43 335.656 752.201 576.821 763.086 603.814 549.938 159.272 1504.64 753.39 190.537 271.689 741.247 32.9561 158.892 566.644 129.153 446.785 308.733 104.14 132.533 266.695 471.074 418.773 241.205 151.966 128.503 354.727 128.734 105.747 751.248 412.821 336.693 126.947 209.746 328.426 562.853 494.093 89.2392 280.111 125.02 147.068 208.373 245.734 154.293 166.674 247.387
internal_count=17232 6569 10663 5049 4955 1614 5614 3134 2714 2241 4605 253 1147 1009 510 2204 1987 4286 1915 1361 1214 1139 147 1946 649 141 180 4258 157 295 1362 319 842 499 159 935 1943 1705 1263 640 369 106 1634 231 210 1297 2292 2093 283 1810 1966 508 488 271 297 353 317 296 481 917 545 666
cat_boundaries=0 20 39 62 82
cat_threshold=0 32 3581936128 32 90160 0 0 0 0 1024 3072 0 0 0 2147500032 8388628 38273026 100794368 268435584 32768 0 1074823168 83886080 0 0 526336 1024 2281701384 393216 0 16845312 270336 1050624 0 2147483648 2147483709 0 0 131072 0 0 0 0 0 0 0 0 0 268435456 0 0 9469952 2560 0 142606336 0 128 0 4096 4325504 0 1 0 0 128 0 0 50331680 268503048 4194304 0 0 2621440 2080407808 1 16384 268468226 0 268435456 0 0 16
is_linear=0
shrinkage=0.05


Tree=25
num_leaves=63
num_cat=7
split_feature=66 64 67 67 66 0 0 3 0 0 63 49 66 71 3 10 67 24 64 26 72 48 66 3 70 68 0 65 0 41 66 70 17 3 68 70 70 55 60 77 50 64 42 43 52 55 19 54 37 66 49 66 59 51 3 37 3 3 67 60 45 80
split_gain=957.409 125.966 116.385 46.5836 40.2001 34.4763 30.315 26.5229 22.0664 13.0322 12.7847 11.6607 11.5017 11.3685 9.64327 9.24806 9.05371 8.34716 7.94875 7.02543 6.91371 6.70398 6.37963 6.23669 11.4817 5.66506 5.45303 4.54383 4.4538 4.41715 4.41206 4.06872 5.23506 3.99726 3.90797 3.82568 4.44768 3.50851 3.49026 3.37915 4.23 3.77362 3.70384 3.36285 3.25299 4.19685 3.03373 2.93852 3.1639 4.78614 4.46297 2.70338 2.60522 2.58702 2.85949 2.56674 2.57264 2.43392 2.42191 2.41511 2.32271 2.1483
threshold=73.140000000000001 37.975000000000009 485.16500000000008 21.960000000000004 1595.2516666666668 0 1 2019.5000000000002 2 3 140.97166666666669 -220.30064197695535 28.388333333333335 106.85479405799445 2019.5000000000002 8.8301270189221963 1031.9100000000003 0.6830127018922193 435.75750000000005 -0.93301270189221908 4 847.59242378093211 4.6683333333333339 2019.5000000000002 1.5353870120988546 0.58333333333333337 5 849.33500000000015 6 -1.6160254037844388 33.020000000000003 62.500000000000007 -1.0000000180025095e-35 2014.5000000000002 0.83333333333333337 20.475709417428465 4.6706220161904115 117.33198387766556 393.34124666785948 1.5000000000000002 -8.5694810660644958 9.1650000000000009 -0.5 1.0000000180025095e-35 -60.264693191772487 141.80082062435534 0.25000000000000017 5.4799239657937351 1.0000000180025095e-35 373.72500000000008 -71.242161036029358 7.4033333333333342 -113.84811002176905 -309.53236150464176 2018.5000000000002 0.25000000000000017 2017.5000000000002 2021.5000000000002 187.03000000000003 102.03069364957481 -0.93301270189221919 1.0000000180025095e-35
decision_type=2 2 2 2 2 9 9 2 9 9 2 2 2 2 2 2 2 2 2 2 9 2 2 2 2 2 9 2 9 2 2 2 2 2 2 2 2 2 2 2 2 2 2 2 2 2 2 2 2 2 2 2 2 2 2 2 2 2 2 2 2 2
left_child=1 3 6 7 8 18 14 19 11 -7 17 -4 35 16 55 37 27 28 52 -1 57 -6 -9 26 30 -26 -11 47 -8 -21 -25 32 -14 46 -30 36 60 -13 58 40 42 -42 -31 44 -35 -46 -18 -10 49 50 -49 -28 -3 -29 -55 56 -2 -12 -22 -53 -5 -24
right_child=2 5 4 12 21 9 10 22 13 23 20 15 31 -15 -16 -17 33 -19 -20 29 38 -23 61 24 25 -27 51 53 34 39 -32 -33 -34 43 -36 -37 -38 -39 -40 -41 41 -43 -44 -45 45 -47 -48 48 -50 -51 -52 59 -54 54 -56 -57 -58 -59 -60 -61 -62 -63
leaf_value=-0.0047438459534568491 0.024200658958160513 0.019098994377473574 0.022836015744693124 -0.018547272077681497 0.03617730633677585 -0.031138886486158153 0.0079285787311296589 -0.059364930032009391 0.031507700735225359 -0.0011227281446600391 -0.0012413840531062341 -0.0021094005928789031 0.0015050712161130022 0.043982237947657765 0.0064240412335025412 0.011587670505417133 0.0040748134200627268 -0.032056664748548604 0.026781568136876252 -0.010796121851480052 -0.00013965989542542458 0.052863536982594328 -0.044399067794551515 -0.038320063633934878 -0.0055022790419623838 -0.018604827504895723 -0.024463915651161766 0.03539298673936106 0.0040677921787723942 -0.008758667237821486 -0.020019591062159042 0.00023857286088514257 -0.022504894609922672 0.031496832833216151 -0.0076106073277646749 -0.019714219523647693 -0.043426762612191847 -0.023351907254884424 0.022529012987471782 -0.05153245942045083 -0.051809207763193713 -0.034314248627246635 -0.031654740521842681 0.037751242565023074 0.026965963242133018 0.011013764604683248 0.026466219682594425 0.013624254194849287 0.022150972623560649 0.017197510362181031 -0.0065699244414738735 -0.012841586453532837 -0.00085179935472225405 0.027610559584316338 0.011111828986360216 0.035620450387693021 0.013768476423496831 -0.018170072175623438 0.0082343459268339816 0.007746855270932107 -0.031001122299475933 -0.056972541664285149
leaf_weight=21.029649250209332 204.93471769988537 19.432321488857269 60.84593665599823 44.91880401968956 193.88654862344265 126.67617919668555 80.323568016290665 171.35030774772167 34.654912859201431 157.08436867594719 106.84115728735924 33.340218581259251 27.68573334813118 62.648716285824776 125.99159156531096 59.115306317806244 30.501618728041649 24.671988889575005 45.384119033813477 18.177904270589352 98.199583157896996 87.296821475028992 190.46645947173238 71.512856855988503 154.89233863353729 176.50090935081244 48.199072737246752 54.221549779176712 96.689731929451227 23.4255086556077 61.052389852702618 37.225653097033501 126.13822953030467 193.82901640236378 276.44842571020126 81.854855943471193 65.789017546921968 46.615954704582691 39.034747324883938 31.945415753871202 43.9878223054111 102.98749021068215 71.806979674845934 86.385601371526718 145.28443251550198 57.568443924188614 30.010465651750565 67.875566728413105 184.71684144437313 374.2169498950243 45.835365131497383 194.05162551626563 103.59884257614613 80.431567937135696 38.994069904088974 34.519712746143341 83.045640468597412 26.498412638902664 715.17765095829964 15.372330419719217 224.84205781295896 41.347077868878841
leaf_count=49 574 46 31 33 117 393 88 372 7 1206 257 98 62 69 355 30 91 17 98 73 311 53 538 396 10 104 505 56 72 91 346 33 595 178 1042 82 118 20 55 165 131 829 472 44 134 51 19 88 140 663 73 2224 502 127 65 29 236 42 1013 110 1326 100
internal_value=0 -0.0243627 0.0153195 -0.0349289 0.0238546 -0.0124351 0.00653489 -0.0435683 0.0209374 -0.015851 0.00295492 0.00436166 -0.0247551 0.0229818 0.0177581 -0.00340753 0.0222196 -0.00373408 0.0083981 -0.0326568 0.00622937 0.0413578 -0.0520493 -0.0133213 -0.0174556 -0.0124807 -0.00901737 0.0190884 -0.0021931 -0.0346648 -0.0298919 -0.014594 -0.0181835 0.0272941 -0.00446478 -0.029406 -0.0317702 -0.0144942 0.00783236 -0.0362474 -0.0342314 -0.0395503 -0.0260227 0.0288116 0.0268648 0.0224388 0.0151796 0.0173092 0.0165777 0.0144678 0.00548425 -0.0132723 0.00229936 0.0263357 0.0222235 0.0227367 0.0211923 -0.00428429 0.00722335 -0.0113303 -0.0289274 -0.0466417
internal_weight=0 2498.74 3880.65 1324.98 1968.28 1173.76 1912.38 716.525 1687.09 1005.34 1463.89 199.917 608.454 1487.18 448.492 139.071 1424.53 478.134 168.415 313.361 985.752 281.183 403.164 878.666 463.958 331.393 414.707 880.947 453.462 292.331 132.565 191.05 153.824 543.58 373.138 417.405 335.55 79.9562 852.412 274.153 242.208 146.975 95.2325 483.067 396.682 202.853 60.5121 707.3 672.645 487.928 113.711 257.623 123.031 173.647 119.426 322.5 287.98 133.34 813.377 209.424 269.761 231.814
internal_count=17254 11009 6245 5069 2154 5940 4091 2820 1984 5294 2897 179 2249 1805 1194 148 1736 1219 646 1810 1678 170 1010 4901 856 114 4045 1219 1202 1761 742 690 657 517 1114 1559 1477 118 1379 1688 1523 960 563 407 363 185 110 971 964 824 161 2839 548 248 192 839 810 299 1324 2334 1359 638
cat_boundaries=0 21 41 62 82 105 124 142
cat_threshold=4096 1207959552 83886080 0 33653888 0 0 1073741824 393216 4194304 16779776 0 1050624 0 2147483648 2147483703 1 0 131072 196608 64 0 96 0 0 65680 16384 0 0 0 272896 3584 2097152 0 0 0 8388608 1152 100728956 0 196612 0 0 0 0 33579136 0 0 0 0 0 0 0 0 0 0 67108864 553648256 0 2 4 28 0 0 128 0 0 50331648 268501036 0 0 0 2621440 2080407552 1 49152 268468226 268435456 268435456 0 0 16 0 0 0 1 0 0 0 0 0 0 512 32 1082654720 134251008 16777216 25165824 0 0 0 0 64 16 1024 2162688 1572864 8388608 0 134742048 2623488 1024 2281701384 0 0 106496 271873 16384 8 2228224 1090519560 0 0 64 0 0 0 1073741824 0 1073741856 0 0 0 0 0 0 0 0 12 0 880 268435456
is_linear=0
shrinkage=0.05


Tree=26
num_leaves=63
num_cat=0
split_feature=66 67 64 66 58 64 3 3 67 57 63 66 67 63 53 49 57 37 67 30 48 70 64 66 64 20 67 77 67 54 47 3 37 66 3 49 70 63 48 66 49 64 3 36 66 89 3 64 63 5 64 63 15 66 58 68 66 50 57 57 51 58
split_gain=864.804 118.267 103.623 53.2594 36.0337 35.9007 29.2887 25.3419 19.9116 16.0442 14.7366 12.665 12.3713 10.0878 9.3061 7.39424 6.54026 8.62234 6.0915 5.95797 5.34734 6.55967 5.11347 5.0741 5.0223 5.00549 4.99829 4.54346 4.50225 4.33236 4.26808 4.24489 4.00133 5.56652 4.69027 6.60956 5.56192 5.22702 3.89983 3.85595 4.38747 3.72124 2.95021 2.93704 4.54928 3.35147 2.92344 2.81751 3.48202 2.79271 2.58586 2.51384 3.12939 2.43449 2.40386 2.38818 2.32333 2.57892 2.23814 2.18771 2.15276 2.08958
threshold=65.111666666666679 641.2700000000001 38.042500000000011 14.793333333333335 1089.6216532614087 736.10000000000014 2019.5000000000002 2019.5000000000002 223.20000000000002 -3.264414103587765 224.17000000000002 1196.5716666666669 10.035000000000002 345.45833333333343 658.57449663491855 -240.26110383303157 -6.4500378799370131 1.0000000180025095e-35 1004.7150000000001 0.6830127018922193 260.63817164925666 16.396012218243104 73.605000000000018 233.33166666666668 388.98000000000008 0.93301270189221952 70.355000000000004 1.5000000000000002 76.375000000000014 317.64301771867162 -737.57046604170455 2019.5000000000002 1.0000000180025095e-35 297.10833333333341 2019.5000000000002 145.35363404502962 1.1407798032676311 117.27922077922079 -36.873253038604034 37.990000000000002 -8.7596464370447915 52.145000000000003 2010.5000000000002 1.0000000180025095e-35 527.68333333333351 1.0000000180025095e-35 2019.5000000000002 6.1025000000000009 25.550505050505055 0.6830127018922193 202.25000000000003 21.280946969696974 -1.0000000000000002 211.53500000000003 5.5487166933257468 0.58333333333333337 555.77333333333343 -60.683550321890131 -43.834045068949443 -18.452191425661297 -29.984678345023845 3.0265135598687136
decision_type=2 2 2 2 2 2 2 2 2 2 2 2 2 2 2 2 2 2 2 2 2 2 2 2 2 2 2 2 2 2 2 2 2 2 2 2 2 2 2 2 2 2 2 2 2 2 2 2 2 2 2 2 2 2 2 2 2 2 2 2 2 2
left_child=2 5 3 7 11 8 10 16 13 26 22 14 -9 41 18 -6 17 42 43 32 21 24 59 -21 -20 29 -8 51 58 50 -17 49 33 34 37 36 53 -10 -13 40 -11 -2 -1 45 -45 -3 -15 -30 -49 -7 -12 52 -18 -36 -19 -14 57 -47 -5 -4 -41 -60
right_child=1 4 6 28 15 31 9 12 19 39 25 38 55 46 -16 30 27 54 20 23 -22 -23 -24 -25 -26 -27 -28 -29 47 -31 -32 -33 -34 -35 35 -37 -38 -39 -40 60 -42 -43 -44 44 -46 56 -48 48 -50 -51 -52 -53 -54 -55 -56 -57 -58 -59 61 -61 -62 -63
leaf_value=-0.061760129194195004 -0.013918947737665758 0.021354512866229969 -0.0018973069094242547 -0.0030819120389856225 0.030582994612001133 0.027818842774666327 -0.024206257355053554 -0.06000134951701918 -0.014189036244356735 -0.029671207928487844 -0.011190353659812087 0.024402215196510195 -0.030578107681578051 0.0161521799451665 -0.001502343987850032 0.060108662692249216 -0.013773426499094202 0.0080120687915554729 0.005123240069518498 -0.02014637013079329 0.03405513899186205 0.036599885385773988 -0.0045280690125646386 0.0073761523644927541 0.021787056338060093 -0.015708628469425293 -0.0069967910485214686 -0.056908680656622163 -0.0040329660826741876 0.033146458879860514 0.043020317488837972 0.0055489628570737672 0.013284395091121864 0.012649721795837614 -0.011481850941367078 -0.012353052418656208 0.0090841546444966302 0.014049851059062672 0.03558560792695175 -0.013405537655894431 -0.049331854824534643 -0.0027472877790145267 -0.029189250811587998 -0.001303358186731124 0.019430717793114519 0.015331137992917999 -0.0002031239745613537 -0.039316071443711298 -0.0083049361781540147 0.015657304945645018 0.013351095291027088 -0.027479712115562344 -0.041472540081303876 0.0022227284512932616 -0.015683892029120232 -0.044777721109479356 0.020602243348829041 -0.005748830240384542 -0.016851654341332869 -0.018511943474599175 -0.029448225801066725 -0.025847750484905466
leaf_weight=7.8032167926430693 88.988184738904238 307.29981435835361 23.397978723049164 13.335389815270899 67.200622394680977 229.96291379630566 59.293195001780987 182.34436654672027 18.10790178924799 70.45693201944232 12.813277803361414 132.79604129493237 34.566008146852255 87.72278218716383 49.741859614849091 65.529248356819153 11.250804901123045 20.444696988910437 56.054407231509686 32.233994260430336 116.73658825457096 61.034354113042355 271.3193592838943 34.85415443778038 233.85496291518211 15.050711631774901 146.28392304480076 24.950150344520807 56.726592130959034 25.292463570833206 82.599309146404266 29.951455667614937 453.21072931587696 351.90414544194937 56.789120867848396 68.0356635004282 242.56605165451765 172.42614764720201 188.76016329228878 31.736235562711954 47.511785104870796 459.11905000731349 63.76286044716835 50.911443650722504 55.073359370231628 27.957511685788631 39.681551724672318 16.019271038472652 20.811598170548677 59.397851571440697 66.130831241607666 80.996237300336361 108.8543867431581 75.470878250896931 22.461554303765297 206.56756376102567 35.665405750274658 30.162229768931866 82.164644725620747 129.30796562880278 61.307462282478809 301.07817003875971
leaf_count=14 422 364 268 93 64 399 180 434 120 169 90 111 51 296 42 50 1 27 79 35 88 5 2259 92 249 39 123 97 48 43 66 46 231 718 108 64 303 512 117 49 321 1407 536 45 57 51 60 53 104 115 256 779 580 146 116 731 33 68 52 1523 213 1388
internal_value=0 0.0145513 -0.0242917 -0.0337551 0.0253481 0.00780933 -0.0119275 -0.042008 0.00551696 -0.0219017 -0.00427972 0.0223101 -0.0501738 -0.00161522 0.0195929 0.0443392 -0.0318529 -0.0221154 0.0206694 0.00871693 0.0247851 0.0217016 -0.00864733 -0.00584766 0.0185651 0.0112457 -0.0119604 -0.0367839 -0.0208908 0.0151376 0.0505799 0.0234677 0.00939619 0.00760772 0.00480646 0.00198429 0.0045867 0.0113661 0.0309671 -0.0315869 -0.0375895 -0.00456107 -0.0327406 0.0168734 0.00947078 0.0188295 0.0110581 -0.0110246 -0.021793 0.0253224 0.00936782 -0.0342871 -0.0388778 -0.00366167 -0.00439284 -0.0427422 0.0105562 0.00439133 -0.0232184 -0.0159662 -0.0239762 -0.023919
internal_weight=0 4061.8 2214.04 1254.14 1561.38 2500.42 959.902 764.002 2181.11 416.59 543.313 1346.05 423.478 675.512 1024.49 215.329 340.524 114.472 974.75 1505.6 467.68 350.944 424.025 67.0881 289.909 119.287 205.577 226.052 490.136 104.237 148.129 319.312 1438.51 985.3 633.396 442.862 374.826 190.534 321.556 211.012 117.969 548.107 71.5661 507.07 105.985 401.085 127.404 93.5575 36.8309 289.361 78.9441 201.101 120.105 132.26 42.9063 241.134 93.7851 58.1197 396.578 152.706 93.0437 383.243
internal_count=17200 6563 10637 5104 1489 5074 5533 3366 4514 1055 4478 1309 1216 2185 1081 180 2150 693 1039 2329 421 333 4050 127 328 428 303 1457 1738 389 116 560 2202 1971 1253 621 557 632 228 752 490 1829 550 618 102 516 356 205 157 514 346 1360 581 254 143 782 152 119 1533 1791 262 1440
is_linear=0
shrinkage=0.05


Tree=27
num_leaves=63
num_cat=6
split_feature=66 67 0 3 66 0 64 67 67 64 72 0 3 66 67 0 15 3 70 49 52 0 55 67 3 68 64 56 82 70 85 8 70 10 34 67 10 63 64 54 54 5 3 56 55 8 53 54 8 3 58 54 65 21 48 5 5 8 49 64 67 67
split_gain=797.862 108.126 93.771 50.8775 39.1479 26.5499 25.5191 16.964 16.0196 15.826 11.3648 9.23384 8.75572 7.47491 7.38094 7.1315 7.03812 6.94162 12.6037 12.774 6.76767 6.53666 6.418 5.32997 5.30672 6.08837 5.25163 5.18132 5.09712 4.50163 4.43167 5.04327 4.35243 3.9788 3.88071 3.77694 3.70318 3.51215 3.26277 3.17206 3.15169 3.06037 3.0235 3.31578 3.01296 2.95502 2.91705 2.90746 2.84437 2.81526 2.79291 2.7427 2.70577 2.66289 2.65283 2.52223 2.51929 2.51535 2.24395 2.14744 2.13924 2.093
threshold=73.140000000000001 24.205000000000002 0 2019.5000000000002 236.67833333333337 1 58.132500000000007 11.040000000000001 1697.0000000000002 89.027500000000018 2 3 2018.5000000000002 497.76166666666671 53.040000000000006 4 1.0000000180025095e-35 2019.5000000000002 6.7362293800649971 39.28097489127699 -639.63269741007082 5 197.92231044763369 913.8950000000001 2019.5000000000002 0.58333333333333337 87.197500000000005 1014.8986466016598 1.0000000180025095e-35 9.8414211667858087 1.5000000000000002 2.5000000000000004 1.0330102751494883 21.325317547305485 -0.93301270189221908 280.35000000000008 15.588457268119894 1780.6087500000003 109.99500000000002 80.460147521030095 623.86900743201147 0.6830127018922193 2018.5000000000002 25.711305068864302 4.1826710921650641 7.5000000000000009 -12.431495795843379 101.39338976872763 4.5000000000000009 2021.5000000000002 24.462408743933839 317.64301771867162 6.0850000000000009 -1.0000000180025095e-35 142.6530198960651 1.0000000180025095e-35 0.6830127018922193 2.5000000000000004 18.939485179308321 407.61000000000007 299.62000000000006 689.94000000000017
decision_type=2 2 9 2 2 9 2 2 2 2 9 9 2 2 2 9 2 2 2 2 2 9 2 2 2 2 2 2 2 2 2 2 2 2 2 2 2 2 2 2 2 2 2 2 2 2 2 2 2 2 2 2 2 2 2 2 2 2 2 2 2 2
left_child=1 3 8 6 10 44 15 -5 12 14 50 22 21 42 33 -1 41 26 19 32 -10 45 51 37 48 -26 -12 57 -22 36 31 -21 -19 -7 -17 -34 54 60 -27 -28 -30 47 58 -44 52 55 -16 -8 -11 -9 -4 -6 -3 -36 -15 -2 -55 -23 59 -13 -14 -45
right_child=2 5 4 7 11 9 16 49 20 24 17 13 23 29 46 34 -18 18 -20 30 28 27 -24 -25 25 38 39 -29 40 -31 -32 -33 35 -35 53 -37 -38 -39 -40 -41 -42 -43 43 61 -46 -47 -48 -49 -50 -51 -52 -53 -54 56 -56 -57 -58 -59 -60 -61 -62 -63
leaf_value=-0.039498432686281004 0.012433210081120303 -0.037773404722419662 -0.02435242382211909 -0.057718383855658507 0.0050913779072264331 -0.019006642779571252 -0.0069238745212498931 -0.043589997077141167 0.046032508806786193 0.0050353732894473837 -0.0088988071577512564 -0.0014548468451967491 -0.011449083892072177 0.017341700187156372 -0.0063527651371769389 -0.004370828959512474 0.024707133738594289 -0.0047980075273766978 0.010706025234876423 -0.028829408104303185 0.03467919175053559 0.03487675983371482 -0.015355619951382654 0.021816038336856282 0.0027262044132984231 -0.010310774422869947 0.0086099184215554011 0.046350542209719556 0.010801700387551036 0.030491699764631664 -0.0013069135731587148 -0.0057532548494555929 0.0019570269946080489 -0.052294253180515671 -0.044294624832733262 0.013774958782747461 0.0060553441371596836 0.024202346550924195 -0.027702802457063615 0.020303166911199516 0.030812567925492831 -0.023442057893037074 0.023370492289392936 0.010896799209885481 -0.042547198948141587 0.022629897968917422 -0.014599202981631317 0.024507940404946114 -0.0055028791701346724 -0.033429904767550464 -0.005585278870872866 0.01862044832879629 -0.02418248089615245 -0.018842989880351213 0.025809994857166701 -0.012457609257895337 -0.033513019677341514 0.024701167347336371 0.02156679484276465 0.015928157794559254 0.0067874851616041669 0.0014116932675325986
leaf_weight=158.64119671657681 20.07635785639286 52.50279077142477 21.904844015836716 208.23658588528633 164.53903537988663 421.49020624905825 55.546078618615866 143.95996278710663 96.496811091899872 164.59774525091052 26.54745664075017 23.497011601924896 19.964095443487167 289.4211600869894 215.86682607233524 29.201458036899567 19.394281685352325 131.58394855260849 327.11025143414736 63.133173704147339 224.85165196657181 83.101009905338287 33.551755398511887 126.24375945329666 59.049324382096529 69.391791950911283 113.65103003382683 41.037762574851513 43.104286044836044 93.415904372930527 44.976140566170216 37.884970642626286 191.37774433940649 9.1722681112587434 14.857426166534422 104.5380035713315 53.200741529464722 24.813178032636642 44.107369914650917 118.43866522610188 36.202868044376373 24.822532664984465 47.855928361415863 417.44293546676636 47.145984526723623 21.786242097616196 213.10571048781276 8.4805145859718305 104.79936654120684 129.52557841688395 208.73006315529346 48.5044184923172 121.06525188311934 127.92138843983412 135.91165862977505 20.641990453004837 37.946921784430742 225.6214721351862 142.57269731163979 72.855024382472038 82.676500491797924 67.57501046359539
leaf_count=782 62 66 214 542 361 2327 490 611 81 948 185 90 92 309 673 140 31 251 42 33 102 103 18 157 34 121 408 52 67 16 26 112 238 32 112 91 53 37 232 308 40 220 16 553 102 45 814 17 794 171 724 26 184 1122 140 50 421 405 294 185 196 55
internal_value=0 -0.0223502 0.0136625 -0.035505 0.00900369 -0.0140672 -0.0239264 -0.0469655 0.0263483 -0.0110535 0.00290395 0.0143912 0.0218425 0.0160009 -0.0150916 -0.030195 -0.00258185 0.00490521 0.00287409 -0.00159311 0.0344954 0.0263399 0.00477677 0.0145341 -0.00344904 -0.0102951 0.0121675 0.0288346 0.0308351 0.020452 -0.0143624 -0.0201751 0.00276772 -0.0197156 -0.0203153 0.00613194 0.0184921 0.00732134 -0.0170696 0.0145771 0.0199364 -0.00853858 0.0129097 0.0108142 -0.02998 0.00669591 -0.0104494 -0.00276064 0.000935841 -0.0387781 -0.00706153 0.00817159 -0.0282936 -0.0240156 0.0200477 -0.000185083 -0.0221992 0.0274402 0.0175834 0.011689 0.00324038 0.00957529
internal_weight=0 2480.83 4046.84 958.534 2980.22 1522.29 476.812 481.722 1066.62 1301.58 1389.88 1590.34 665.962 1343.75 859.635 368.568 108.243 1159.24 900.604 573.494 400.656 412.265 246.595 253.698 441.946 172.548 258.637 349.76 304.159 571.949 145.994 101.018 427.5 430.662 209.927 295.916 478.534 127.454 113.499 232.09 79.3072 88.8491 771.799 532.874 220.714 62.5046 428.973 64.0266 269.397 273.486 230.635 213.043 173.568 180.726 425.333 40.7183 165.868 308.722 238.925 96.352 102.641 485.018
internal_count=17223 10986 6237 4659 4748 6327 3335 1324 1489 5975 2632 2116 1199 1711 3846 2577 758 1694 793 751 290 717 405 482 2129 387 901 560 209 518 171 145 580 2359 1795 329 502 325 353 716 107 727 1193 624 352 157 1487 507 1742 782 938 387 250 1655 449 112 1543 508 569 275 288 608
cat_boundaries=0 20 43 66 87 106 125
cat_threshold=4096 32 3581936128 32 90128 0 0 0 0 1024 3072 0 0 0 16384 8388624 34078722 100794376 268435584 32768 4194304 889192464 0 134217728 0 50331648 134221824 0 0 0 524288 2566914048 1 1207975936 420478976 0 0 0 1024 16 0 0 128 0 0 1 131072 0 0 2048 0 0 2147483648 513 131072 8519680 134382080 0 8388608 8192 256 67108864 268440064 1344 25269248 1024 12 0 0 18 134217728 0 0 0 81920 524352 4096 0 0 0 0 67108864 285212672 2 2 4 20 0 0 0 134226176 0 0 0 2621440 0 0 100925440 2097168 4185919488 134217728 102563840 0 0 0 32 0 0 83886080 0 24576 0 0 0 0 0 0 0 0 0 0 0 0 0 128
is_linear=0
shrinkage=0.05


Tree=28
num_leaves=63
num_cat=10
split_feature=66 0 65 66 66 0 67 0 66 66 8 91 64 67 58 0 55 65 34 0 55 34 67 37 57 51 8 73 23 47 59 46 48 67 57 56 55 52 48 58 0 66 65 51 17 71 43 57 68 28 0 8 53 55 65 0 9 67 1 51 0 33
split_gain=766.346 105.755 96.4174 47.6553 42.3093 25.558 20.3601 19.7105 9.87053 9.21428 9.12482 8.3355 8.20848 7.78344 7.00554 6.84202 6.52723 6.41518 5.83386 4.98279 6.76866 4.87847 4.42773 4.41471 4.36757 4.35728 4.27413 4.18432 7.39149 4.06324 4.0379 4.02618 3.88365 3.7192 3.69313 4.38233 3.68093 3.53424 3.5299 3.99863 3.305 3.15319 2.89801 2.8929 2.87246 2.80276 2.77817 2.7429 2.6625 2.54463 2.51347 2.47395 2.3663 2.29268 2.07343 1.9873 1.98445 1.98208 1.98088 2.47397 1.96479 1.85187
threshold=60.165000000000013 0 38.025000000000006 14.793333333333335 315.49500000000006 1 2155.0000000000005 2 8.4166666666666696 7.0233333333333343 4.5000000000000009 1.5000000000000002 12.995000000000003 178.23500000000004 224.27545419789706 3 460.53271291493957 428.17000000000002 -2.7554552980815443e-16 4 2.9044574462087467 -1.0000000180025095e-35 1216.1650000000002 1.0000000180025095e-35 -3.9102816393244919 -331.52664385641782 4.5000000000000009 5 -1.0000000180025095e-35 965.05411732881146 -357.83750792779199 0.93301270189221952 -95.898782464788511 101.02500000000002 63.197480847143204 329.84438179569167 93.89416197516384 -122.73262427227948 -25.72118881807808 0.46617100212238627 6 646.18666666666684 61.050000000000004 75.556341521746475 -1.0000000180025095e-35 5.499248137628693 -0.6830127018922193 -6.0613619867279711 0.83333333333333337 -1.0000000180025095e-35 7 2.5000000000000004 186.31459723551117 -174.21848918617718 18.050000000000004 8 11.750000000000002 418.44000000000005 9.5000000000000018 -23.203859692986377 9 0.25000000000000033
decision_type=2 9 2 2 2 9 2 9 2 2 2 2 2 2 2 9 2 2 2 9 2 2 2 2 2 2 2 9 2 2 2 2 2 2 2 2 2 2 2 2 9 2 2 2 2 2 2 2 2 2 9 2 2 2 2 9 2 2 2 2 9 2
left_child=2 6 3 9 7 14 10 36 11 12 16 49 24 17 26 25 18 50 -2 51 33 47 40 29 -1 -6 -4 -15 -29 34 -8 58 -25 -21 37 -36 42 41 44 -40 -12 -17 -3 -41 -5 -24 -30 -14 -11 -7 -9 -10 -27 -42 -50 -48 -57 -58 -22 -60 -44 -20
right_child=1 4 5 38 15 8 30 13 19 48 22 -13 21 27 -16 23 -18 -19 61 20 31 -23 45 32 -26 52 -28 28 46 -31 -32 -33 -34 -35 35 -37 -38 -39 39 43 53 -43 60 -45 -46 -47 55 -49 54 -51 -52 -53 -54 -55 -56 56 57 -59 59 -61 -62 -63
leaf_value=-0.041294826601979688 0.036448839030667972 -0.018316816005791717 0.0092327545955692373 0.0022531321362923742 -0.0060497911819060966 -0.006111042109651083 0.045396349460085125 0.0045162339388719556 0.010948700728804123 -0.029341680299788172 0.0040420967367751698 -0.055164624829083943 -0.0084731115143225951 0.012779696935901561 0.021863029623118421 0.015016964741134382 0.044392597086577064 0.017804866093556703 0.019638460476257186 -0.01342361202840168 -0.01797264236646148 -0.042766699612380582 0.014885103719187715 0.013831750257240006 -0.05644697329835055 0.007918032703480812 -0.0087042642574647854 -0.011867511253029265 -0.007957027333332296 0.031220581104434764 0.032960926547309748 -0.045303776750720608 0.028280440642181354 0.0011661615422180361 0.016086933288299767 -0.0041897913197698851 -0.035847157187261204 0.014460562801941315 -0.011490222691021146 -0.026475438837658849 0.004421660660248794 0.032269302420358241 0.0055567913037053189 -0.010867373754367412 -0.017133189019654511 0.03015381309510522 0.001323377188094413 -0.032635232047434092 -0.041992604561778585 -0.025426345426573807 -0.0056762970072466333 -0.0069249279522841231 0.020276095323267681 0.020217610964061002 -0.029168975270195848 0.0062453661658894068 0.0095723355204499205 0.02083920808488739 -0.014088791895583104 -0.041444340712875352 -0.0080934108306481307 0.02874718197061811
leaf_weight=68.269282847642899 89.966062754392624 63.387600522488356 62.390513882040977 25.350485026836395 47.385632753372192 20.47112900391221 113.91147455573082 71.820583760738373 22.776851523667574 155.60007128864527 92.301931194961071 22.733987532556057 16.587478522211313 254.63252100348473 48.569098234176636 47.801495656371117 50.569189891219139 39.592879220843315 222.98905636370182 276.88165328279138 144.71349691599607 151.16881779953837 46.438746422529221 67.034254431724548 156.77146121487021 177.02323733270168 71.012267664074898 58.008121117949486 32.103126496076584 39.854112327098846 152.90333408117294 18.096065141260624 151.87990646064281 51.862856030464172 55.005674824118614 51.685848623514175 14.2291262447834 444.26811604201794 66.060698360204697 303.09247180633247 26.607997551560402 59.390027463436127 28.850458219647408 32.911211408674717 77.587786909192801 85.191652774810791 151.14794184267521 40.239931855350733 116.70665621384978 102.07603879086673 258.33146625012159 129.05487077496946 49.585736855864525 168.08609137684107 43.185638811439276 514.0869343355298 225.77026603370905 47.194760635495186 13.22259360924363 22.044024102389812 104.64764942228794 74.423570662736893
leaf_count=305 107 419 345 57 38 92 64 335 146 685 216 28 38 183 87 110 51 116 256 854 745 821 93 61 326 373 679 68 22 23 74 55 91 41 107 54 14 583 15 1374 101 50 111 26 451 87 336 241 532 629 693 1216 37 372 415 827 255 40 48 127 369 69
internal_value=0 0.0129083 -0.0232371 -0.0324896 0.0079906 -0.0117069 0.0259781 0.00331303 -0.0153439 -0.0404971 0.0224525 -0.0273582 -0.0452322 0.00514707 0.00531221 0.0153782 0.027498 -0.00121344 0.0252925 -0.0129981 -0.015232 -0.0380717 0.0171742 0.0174704 -0.0518504 0.00746637 -0.000315385 0.00702029 0.00541718 0.015718 0.03827 -0.0228225 0.0238561 -0.0111219 0.0147793 0.00626404 -0.0107778 0.0164267 -0.0206205 -0.0227357 0.0136917 0.0245757 -0.00951347 -0.0249466 -0.0123589 0.0247671 0.00650634 -0.0255825 -0.0339979 -0.0221998 -0.00349417 -0.00398141 0.0106222 0.0171766 -0.038529 0.00700125 0.00797352 0.0115203 -0.0205621 -0.0311879 -0.00533346 0.0219178
internal_weight=0 4178.11 2259.44 1253.53 3054.72 1005.91 1123.39 1863.8 823.934 748.529 856.574 145.281 433.037 1652.69 181.972 1190.91 437.948 369.745 387.379 678.652 526.821 207.996 418.626 916.919 225.041 273.995 133.403 1282.94 1028.31 698.005 266.815 198.076 218.914 328.745 658.151 106.692 211.115 551.46 505.003 402.064 286.996 107.192 196.886 336.004 102.938 131.63 970.303 56.8274 315.492 122.547 330.152 151.832 226.609 194.694 159.892 938.2 787.052 272.965 179.98 35.2666 133.498 297.413
internal_count=17183 6805 10378 5286 5315 5092 1490 3788 3981 3363 1352 749 1731 2875 1111 1527 483 1144 432 3232 1870 1100 869 1079 631 448 1024 1731 1548 927 138 975 152 895 904 161 913 743 1923 1415 689 160 899 1400 508 180 1480 279 1632 721 1028 1362 410 473 947 1458 1122 295 920 175 480 325
cat_boundaries=0 20 40 61 82 98 99 119 137 155 175
cat_threshold=4096 32 3313500672 32 94256 0 0 0 0 1024 3072 0 0 0 16384 8388624 38273024 100794368 4194432 98304 0 1344274432 16777216 0 33652768 2623488 16777216 2281701376 131072 0 16812032 8192 1067008 0 2147483648 1073741853 0 0 131144 65536 0 0 0 0 0 0 360448 8 0 4194304 49152 0 0 857210880 32 0 537001984 53248 671088652 273 192 92 0 0 2 524416 0 0 0 0 524289 0 0 0 0 0 67108868 822083712 4194308 2 4 20 1075904512 134250496 2147483649 1 4224 0 33554432 67108864 262144 0 1056768 67437061 8192 808 131072 2151677986 2101376 0 0 75497472 0 24576 0 0 0 0 0 0 0 0 0 0 0 37748736 100663296 0 65536 0 1073741824 0 0 0 524288 1024 1073741824 0 0 512 0 0 0 4 2164261379 1 2 2148 128 0 0 134217728 1073741824 16384 0 65536 2147483753 0 0 0 0 0 0 256 268435456 0 0 0 0 0 0 65536 0 0 0 0 0 0 303562752 0 0 131072 0 0 1
is_linear=0
shrinkage=0.05


Tree=29
num_leaves=63
num_cat=9
split_feature=66 66 67 3 0 0 0 64 66 0 0 0 67 67 3 64 8 3 69 3 31 49 3 44 70 63 54 69 0 3 19 42 67 64 63 63 1 66 66 54 66 54 10 66 0 44 50 10 48 20 66 58 55 64 41 55 53 64 56 19 0 49
split_gain=703.544 89.6898 89.3087 58.9803 29.532 29.3064 24.6446 16.3402 15.1978 14.2117 10.6037 8.75607 8.61669 8.06544 6.71548 6.42323 5.515 5.35335 5.0746 4.88965 4.45995 4.59411 4.35707 4.91267 4.26164 4.18403 3.95765 3.95279 3.75963 3.71702 5.19875 3.53419 3.49365 3.89703 3.38158 3.42641 3.21911 3.15087 3.14443 2.76586 3.3972 2.73486 2.57939 2.52981 2.47854 2.28556 2.26903 2.24532 2.18376 2.1731 2.08932 2.07916 2.07906 2.07577 3.40704 2.06238 2.01652 2.01515 3.10269 2.00516 1.99142 1.98634
threshold=60.165000000000013 16.010000000000002 628.54500000000019 2019.5000000000002 0 1 2 143.00750000000002 6.4800000000000004 3 4 5 4040.7050000000004 178.23500000000004 2019.5000000000002 635.42250000000013 1.5000000000000002 2019.5000000000002 0.83333333333333337 2019.5000000000002 0.68301270189221941 1103.9685066770173 2014.5000000000002 0.6830127018922193 0.96054566011434395 449.0462500000001 0.35402608755050907 0.83333333333333337 6 2018.5000000000002 0.25000000000000017 -0.5 1166.5000000000002 797.75000000000011 1656.7454166666669 1038.1321212121213 10.500000000000002 3.6800000000000002 37.990000000000002 3.6699554261266365 206.05500000000001 2.1164698910900213 15.79422863405995 48.695000000000007 7 -1.0000000180025095e-35 -63.716841286020077 -9.184850993605146e-16 -9.9294038237286841 -1.0000000180025095e-35 1441.3783333333336 25.8352575677293 33.968919726621856 24.590000000000003 -1.2500000000000004 343.65678145758528 143.22181187385786 448.08000000000004 260.41100013615551 -1.0000000180025095e-35 8 106.6107833458576
decision_type=2 2 2 2 9 9 9 2 2 9 9 9 2 2 2 2 2 2 2 2 2 2 2 2 2 2 2 2 9 2 2 2 2 2 2 2 2 2 2 2 2 2 2 2 9 2 2 2 2 2 2 2 2 2 2 2 2 2 2 2 9 2
left_child=1 3 5 4 15 14 12 11 37 51 -6 26 29 19 42 -1 -15 28 43 60 21 22 25 32 -16 -8 -3 -10 46 30 55 -12 36 -34 35 -35 45 -5 41 -18 49 -20 -2 -19 56 -24 -13 -28 -40 -41 -31 -7 -43 54 -33 -4 -9 58 -51 -46 -11 -53
right_child=2 7 6 8 10 9 20 44 27 13 31 17 -14 16 24 -17 39 18 38 -21 -22 -23 23 -25 -26 -27 47 -29 -30 50 -32 53 33 34 -36 -37 -38 -39 48 40 -42 52 -44 -45 59 -47 -48 -49 -50 57 -52 61 -54 -55 -56 -57 -58 -59 -60 -61 -62 -63
leaf_value=-0.00026209349783978857 0.022417234589153231 -0.011836579388311523 0.032047084866580415 -0.058740545430115747 -0.03779562071731235 -0.022689579113911354 -0.015787921826962172 0.0074768990093130282 -0.031132987214245574 0.011608944382462974 -0.0066619153093269217 0.025017771422641596 0.04353764997083398 -0.0073124017783747115 -0.0050084960009710152 0.033458725026427244 0.013409109061612518 -0.013725424097264769 -0.016773262316676064 -0.0065404556589824542 0.0026538593793255685 0.0066601307767873768 0.0076569685769919812 0.030011081389200358 0.013308143852034941 0.01390733634530276 -0.023761865675753738 -0.042904203862436013 -0.011012146648255982 0.016940502732955737 0.021909181684151239 -0.0031241857066735389 0.027010520232203534 0.019944183305261497 0.027467558317924703 0.0028800914862343106 0.0063436162233778196 -0.047761101542913319 -0.0099542681015606475 -0.0078063423650009739 0.0088989506593151607 -0.028529376913279583 0.010459901451821577 -0.0033327220761530094 -0.021107047434899037 0.018533119557460394 -0.00092291541373819015 -0.034879219203761996 -0.025260768318536627 0.0037543026056009402 0.027517295939132089 -0.0057087394401761265 -0.053598927696558364 -0.017343790429119633 -0.03179859032086612 0.045157728796039735 0.034096538655726129 -0.0054649945709596883 0.015626465631925348 -0.00022106427443053253 -0.00022909086535835406 -0.023979863834153743
leaf_weight=74.015780981630087 311.05812001228333 42.293795496225357 56.03511369228363 129.95309194549918 154.66832668334246 25.200693011283875 16.997023887932301 39.13891663402319 154.8355715367943 57.506157591938972 49.864470649510622 9.321092411875723 113.61923682689667 68.314452588558197 43.076477214694023 17.451809093356133 160.53254259377718 239.82279909029603 52.783199287950993 218.06271961331367 52.929207324981689 89.699466407299042 55.242466270923615 95.563382044434547 120.83644569665194 39.264372885227203 100.11568422615528 132.21947577781975 163.35770699009299 82.968626633286476 69.670189037919044 12.1339985281229 181.66305790841579 61.961431562900543 49.013652265071869 56.010766878724098 81.415113866329193 131.43371354416013 78.948906932026148 39.303444683551788 635.29641050845385 76.763534519821405 52.749451875686646 77.471842043101788 13.057363130152224 384.57749138772488 88.156987026333809 83.126355852931738 33.059633400291204 395.0470419600606 106.78684043884277 164.57168962061405 9.2687186785042268 121.44291301816702 70.826555911451578 64.549184501171112 8.6948833763599378 46.973481446504593 63.93950030207634 95.828734751790762 83.393780518323183 16.353347696363926
leaf_count=585 660 59 55 298 905 252 89 257 376 231 263 67 59 30 158 28 40 230 45 475 26 59 55 50 205 76 414 546 1826 107 55 2 129 67 38 66 102 279 158 79 1169 420 113 30 51 424 614 380 155 555 36 558 37 1411 523 54 22 82 38 391 532 42
internal_value=0 -0.022468 0.0121878 -0.0331717 -0.0207588 0.00622451 0.0211877 -0.0131991 -0.0444973 0.00335495 -0.0261431 -0.0154379 0.0308318 0.00481414 0.0165833 0.00556351 0.0065455 -0.0125158 -0.0153894 -0.00184964 0.0166908 0.0175095 0.018462 0.0192502 0.00849451 0.00493616 -0.0245353 -0.0365549 -0.00673684 0.0278442 0.0327828 -0.0178931 0.018068 0.0219424 0.0164288 0.0118425 0.0154765 -0.0532197 -0.0207043 0.00725142 0.00641409 -0.0257331 0.0206835 -0.0111879 0.00186522 0.017167 0.00141267 -0.0288052 -0.014472 0.00351894 0.0228927 -0.0088071 -0.0312303 -0.0215083 -0.0276046 0.0390653 0.0101861 0.0043987 0.00540816 -0.0024964 0.00541008 -0.00736022
internal_weight=0 2260.06 4160.18 1048.85 500.404 2502.22 1657.97 1211.21 548.442 1974.5 408.936 1054.49 493.629 1768.37 527.72 91.4676 1409.41 828.954 568.119 358.963 1164.34 1111.41 1021.71 965.447 163.913 56.2614 225.536 287.055 260.836 380.01 190.254 254.268 869.884 348.649 166.986 117.972 521.235 261.387 250.824 1341.09 1180.56 138.815 363.808 317.295 156.72 439.82 97.4781 183.242 112.009 545.263 189.755 206.126 86.0323 204.403 82.9606 120.584 47.8338 505.96 458.987 108.886 140.9 180.925
internal_count=17138 10372 6766 5216 3717 5219 1547 5156 1499 4083 3104 4435 366 3231 1136 613 1993 3582 1075 1238 1181 1155 1096 931 363 165 853 922 2507 307 164 2199 881 300 171 133 581 577 815 1963 1923 502 773 260 721 479 681 794 313 754 143 852 457 1936 525 109 279 675 593 442 763 600
cat_boundaries=0 19 39 56 77 96 119 138 154 173
cat_threshold=0 2097152 25165824 0 134251648 32 570425344 139460608 393216 0 2097152 327685 43008 804 2149580800 20 0 0 131072 1024 32 0 0 16 0 0 0 0 1610883584 3072 0 1 0 0 8388628 4194848 104923227 4194304 98304 0 0 2508194304 32 90112 0 0 0 0 0 0 0 0 0 16384 8388624 34078720 0 524288 8388608 0 16384 32 49152 0 65536 4194304 0 0 0 857210880 32 268435584 536870912 36864 134283270 16 64 0 16 0 134226176 0 0 0 2621440 0 0 105119744 272 427823104 134217728 69009408 0 0 0 48 0 805306368 4194304 0 0 33554432 134223872 4194304 0 0 537395200 3120562176 1 1289798656 285212674 1073741824 0 2147483648 1024 0 0 0 128 0 1048576 1 0 0 2099200 50331648 2348810240 0 0 18882560 1142947844 2048 16777320 2228224 2091 0 0 72 0 2097152 0 0 33554432 0 0 134217728 0 0 2048 8193 1064960 0 0 1073741840 0 1073741824 0 0 0 0 0 1073741824 0 0 66048 0 0 2147483648 0 2164261379 0 32 64
is_linear=0
shrinkage=0.05


Tree=30
num_leaves=63
num_cat=7
split_feature=67 67 64 66 0 0 3 72 3 70 67 3 0 0 67 70 49 66 70 66 67 49 0 3 49 49 50 64 1 28 67 34 67 43 47 51 50 0 67 70 37 70 67 70 63 63 87 91 60 57 67 3 60 65 3 57 3 70 67 65 63 47
split_gain=615.501 90.9026 66.4277 41.8153 30.599 25.0913 19.3735 18.0984 13.144 12.9389 11.4558 10.1324 9.73685 9.63091 8.18479 8.0876 6.43175 5.84588 5.39104 4.44884 4.07127 3.82054 3.60402 3.96061 3.53984 3.5184 3.50225 3.978 3.3051 3.2763 4.36737 3.23836 3.2312 3.95587 3.15149 3.05229 2.83093 2.7536 2.72819 5.81335 2.64819 2.52275 2.36383 2.35215 2.23953 3.07333 2.19582 2.04113 1.93156 2.52521 1.92181 1.88784 1.85857 2.75214 1.80695 1.6963 2.23126 1.69595 1.67665 1.68535 1.99427 1.60701
threshold=82.015000000000015 485.16500000000008 37.062500000000007 9.6866666666666692 0 1 2019.5000000000002 2 2019.5000000000002 1.5157545358576241 178.23500000000004 2019.5000000000002 3 4 7.3500000000000005 1.4285972142379353 2917.5911311374498 20.070000000000004 10.757935918387561 2588.291666666667 21.030000000000005 106.6107833458576 5 2019.5000000000002 -6.4633179781783872 -4.3586015649413623 -8.5694810660644958 16.030000000000005 1.5000000000000002 0.6830127018922193 302.62000000000006 -0.5 862.87000000000012 0.25000000000000017 -51.235995813243925 -272.37307609276615 -86.921183137732825 6 1216.1650000000002 0.39356673734291775 -1.0000000180025095e-35 4.3100961538461542 252.06000000000003 0.22050649074271125 12.034444444444446 59.826893939393948 1.5000000000000002 1.0000000180025095e-35 -321.86067015356667 -56.105602853670099 14.050000000000002 2019.5000000000002 102.03069364957481 683.30000000000007 2019.5000000000002 -16.82391229219537 2016.5000000000002 1.3235232819870597 76.375000000000014 17.010000000000002 12.785972222222226 -97.556142820282744
decision_type=2 2 2 2 9 9 2 9 2 2 2 2 9 9 2 2 2 2 2 2 2 2 9 2 2 2 2 2 2 2 2 2 2 2 2 2 2 9 2 2 2 2 2 2 2 2 2 2 2 2 2 2 2 2 2 2 2 2 2 2 2 2
left_child=2 4 3 8 11 16 13 21 26 20 22 35 15 34 -10 -7 38 18 41 28 -8 -6 23 -9 -22 50 31 -28 -14 44 -31 -1 40 52 36 -2 -4 -15 39 -3 61 51 -13 -37 -12 -46 -39 -26 57 -50 -16 -5 54 -54 -34 56 -33 -42 59 60 -19 -30
right_child=1 5 6 17 7 12 9 10 14 -11 29 42 19 37 25 -17 -18 58 -20 -21 24 -23 -24 -25 47 -27 27 -29 32 30 -32 55 33 -35 -36 43 -38 46 -40 -41 48 -43 -44 -45 45 -47 -48 -49 49 -51 -52 -53 53 -55 -56 -57 -58 -59 -60 -61 -62 -63
leaf_value=-0.0087151713727369878 0.031200331633627787 0.034132012621880037 0.031962131376084592 -0.02203101828239596 -0.0095472564784065961 0.013151478308107742 -0.049840777653627405 0.010261573506490365 -0.057710387832190901 -0.012932508206793692 0.011948181182436846 -0.013814965676652162 0.0050937576437032313 -0.0037816915678849645 -0.043615413208508605 -0.012751890840949963 0.042611472438816488 -0.032533521856501796 -0.012673996801854501 0.031086193232167072 -0.02243893942326769 -0.030423135245336026 -0.0054535126900827147 -0.0068956741497636365 -0.029187834915915308 -0.050294162925391177 -0.045423892648973271 -0.028487080508339025 0.012212188589592159 -0.020061081343592135 0.0062845794612178957 0.012950844867063941 0.014898138434860292 0.028441711678562066 0.00062112556334362407 0.026692346165082082 0.0062785545394215313 -0.014069548547102427 0.028290366595948621 0.0079899362600403308 0.014558778543065563 -0.04319490139237505 0.0061202778893467086 0.015686119372919867 -0.0062698253698903863 0.0061537680376483987 -0.042545498787007169 -0.051330604430294462 0.022563815380743951 0.014090538281764771 -0.02987515689801043 -0.032032814361300781 0.001637060919725399 0.016888520055067583 0.021537046338456628 -0.033719100593672877 -0.034135332260693756 -0.0016798862950247911 -0.0043403838264908642 -0.014616650807118034 -0.017903595719006234 -0.0013694762830696481
leaf_weight=23.001037608832121 58.993778273463249 35.476134717464447 18.387609004974365 76.382100995630026 222.45311887934804 61.315093189477921 27.251328213140368 90.574026688933372 132.87141116335988 199.36646396666765 155.62311309576035 18.628405347466469 73.042515352368355 128.45992861315608 43.098479086533189 59.253534436225891 70.105981767177582 35.540428351610899 53.220580585300922 47.011138573288918 81.694929072633386 24.311990704387426 389.07930037379265 53.506809264421463 20.641561280936003 65.04899100586772 74.526575647294521 64.824850630015135 44.150841429829597 28.003646999597549 35.892168499529362 4.8468172736465913 180.75411978363991 87.810142949223518 88.508086215704679 65.723347499966621 25.759098142385483 170.67792040109634 347.92785161733627 53.091559126973152 32.94218236207962 32.675974337384105 73.705214962363243 185.70306399464607 52.549599297344685 944.51421594619751 7.0494763702154151 20.991408692672849 109.97975489497185 438.56953339278698 62.140655735507607 123.39968272298574 43.94460991024971 90.484994381666183 236.71864660084248 57.853145767003298 5.2317177727818489 31.409528627991676 24.51719719171524 147.79905775561929 67.599773313850164 42.983879342675209
leaf_count=76 105 44 40 796 883 32 141 427 274 99 15 117 117 1212 173 98 53 79 59 28 295 43 960 236 235 249 345 597 44 44 71 56 229 52 662 145 125 2008 199 92 63 95 193 472 80 1485 39 89 170 568 123 505 46 125 129 404 49 40 41 597 284 64
internal_value=0 0.0104843 -0.0235747 -0.0315461 0.00384631 0.0181156 -0.0125131 0.00125923 -0.0415692 -0.0212881 0.00306302 0.0162364 0.0146767 -0.00551562 -0.0484097 0.000388987 0.0280011 -0.0220176 -0.0270289 0.015846 -0.0323508 -0.0111521 -0.00303083 0.00363748 -0.0284861 -0.0411526 -0.0325641 -0.0375451 0.0154511 0.00575879 -0.00526194 -0.0249309 0.0160158 0.0185844 0.00563887 0.0209648 0.0169761 -0.0101993 0.026296 0.0184612 0.0136684 -0.0303154 0.00209832 0.0185632 0.00636969 0.00549899 -0.0143894 -0.0403523 0.014828 0.0157894 -0.0355022 -0.0282089 0.0170161 0.0119029 0.0186626 -0.0304213 -0.0114914 0.00663282 -0.0168204 -0.0180397 -0.0229448 0.0055123
internal_weight=0 4486.23 1883.37 1094.58 2399.26 2086.97 788.788 1996.51 533.444 349.946 1749.74 402.754 1580.37 438.842 303.16 120.569 506.602 561.135 285.678 1459.8 150.579 246.765 533.16 144.081 123.328 170.288 230.284 139.351 1412.79 1216.58 63.8958 90.9327 1339.75 639.713 132.655 310.42 44.1467 306.187 436.496 88.5677 700.036 232.458 92.3336 251.426 1152.69 997.064 177.727 41.633 612.901 548.549 105.239 199.782 551.902 134.43 417.473 67.9317 10.0785 64.3517 275.456 250.939 103.14 87.1347
internal_count=17216 7469 9747 4802 5276 2193 4945 4244 2346 859 3318 1032 1805 4086 819 130 388 2456 1455 1675 760 926 1623 663 619 545 1527 942 1647 1695 115 585 1530 581 827 722 165 3259 335 136 949 1396 310 617 1580 1565 2047 324 841 738 296 1301 529 171 358 509 105 103 1001 960 363 108
cat_boundaries=0 20 40 62 83 102 121 141
cat_threshold=0 1073741856 0 16 65552 16384 0 0 0 270848 3584 0 1 0 0 8388628 1024 100728922 0 98304 0 0 2239758848 32 81920 0 0 0 0 0 0 0 0 0 16384 8388624 524288 0 268435456 32768 0 0 16777217 133120 0 0 0 0 64 2147483648 16777257 32 545259520 134250496 1572864 8388608 16785408 256 1694498816 0 260 16880640 0 0 0 0 128 0 0 0 0 0 0 0 0 0 0 67108864 553648256 0 2 0 12 2162688 1074790400 16777216 0 33920 2621440 0 2281701376 393216 0 16787968 1 1067008 0 2147614720 3221225494 0 0 131136 65536 64 67108864 0 33554560 524288 3072 3221225472 0 0 65536 262144 0 2147483656 4 2147484203 5 0 64 0 2097152 2160066561 0 589824 2048 50332678 8388608 0 0 1073741824 288256 8192 10506 2097152 2088 0 0 8 131072
is_linear=0
shrinkage=0.05


Tree=31
num_leaves=63
num_cat=9
split_feature=67 0 65 66 66 3 3 49 72 67 0 66 58 0 67 55 0 58 59 0 67 63 46 73 42 0 70 55 41 68 3 57 52 67 76 49 66 49 58 73 8 3 65 53 70 70 3 65 38 49 8 66 8 76 3 51 68 67 64 20 4 9
split_gain=559.43 78.3647 62.4391 38.2826 31.1585 24.4609 20.6235 16.696 14.1443 13.4753 12.0912 11.3401 8.89427 8.47575 7.99263 6.59907 6.03545 5.88418 5.33025 5.25495 5.362 5.1493 5.10051 4.80371 4.78991 4.35192 4.26336 4.10023 3.99177 3.98997 3.70709 4.95325 3.68876 3.29518 3.02703 2.99598 2.91392 2.88678 2.86892 2.56053 2.45845 3.61895 2.32449 2.26698 2.15341 2.11547 2.24173 2.09695 2.78625 2.07244 2.05693 2.01634 2.01058 1.92117 2.10042 1.94487 2.01235 1.89584 1.85768 1.8222 1.79683 1.78352
threshold=89.975000000000009 0 38.025000000000006 14.793333333333335 236.67833333333337 2019.5000000000002 2019.5000000000002 567.38530676645951 1 29.450000000000003 2 6.0900000000000007 1269.0621170832878 3 155.33500000000001 394.93877516537651 4 327.65601924803167 -44.71266113674907 5 1216.1650000000002 954.01125000000013 0.6830127018922193 6 -0.93301270189221908 7 3.6655356586108807 27.04472274144722 -1.0000000180025095e-35 0.83333333333333337 2019.5000000000002 5.4296461000932013 28.961353604676166 11.040000000000001 1.0000000180025095e-35 52.483033579693938 31.166666666666668 -24.239861269125679 3.0265135598687136 8 3.5000000000000004 2019.5000000000002 989.98000000000013 -146.38471268209733 6.0003467005662783 1.4606079854809439 2019.5000000000002 376.54000000000002 0.25000000000000022 -27.404579143238806 4.5000000000000009 701.14000000000021 4.5000000000000009 1.5000000000000002 2016.5000000000002 -394.88060047574351 0.83333333333333337 3.0600000000000005 286.97750000000008 -1.0000000180025095e-35 1.0000000180025095e-35 4.1650635094610973
decision_type=2 9 2 2 2 2 2 2 9 2 9 2 2 9 2 2 9 2 2 9 2 2 2 9 2 9 2 2 2 2 2 2 2 2 2 2 2 2 2 9 2 2 2 2 2 2 2 2 2 2 2 2 2 2 2 2 2 2 2 2 2 2
left_child=2 7 3 6 8 10 13 16 -3 33 17 57 18 -1 30 19 -2 50 -9 26 51 28 32 40 -15 52 -6 -11 -18 -13 39 61 60 -7 -20 -22 -29 -5 -39 -10 -16 -42 -27 -34 -40 -30 -47 48 59 -33 -4 53 -12 54 58 -56 -57 -8 -21 -25 -23 -32
right_child=1 4 5 37 15 9 11 12 14 27 25 29 -14 24 23 -17 21 -19 34 20 35 22 -24 47 -26 42 -28 36 45 -31 31 49 43 -35 -36 -37 -38 38 44 -41 41 -43 -44 -45 -46 46 -48 -49 -50 -51 -52 -53 -54 -55 55 56 -58 -59 -60 -61 -62 -63
leaf_value=-0.035783019620893732 0.0066219957959623675 -0.01087769921274028 0.011809941589334103 -0.010080900785613037 0.0050954934816976414 -0.057554334600194393 -0.063181730037182263 0.032239723880480881 0.0073115516795558737 -0.014242102973274912 0.0055531380368042662 -0.029509204233934595 0.044896585316122124 0.005908926989154635 0.0096981055704953734 -0.0088836397657766041 -0.0044974099502456113 0.036691478415421308 0.026661623604645513 0.001925876679583679 0.026265713660228146 0.023806785349802698 0.01011461922716508 -0.0094623692584677316 -0.019443469600365762 -0.012610663398384042 -0.021652113699907664 -0.049000767696589051 0.012023510832143841 -0.043412402434031133 -0.0087318354394756974 -0.0024023873579909478 0.0060408621831704685 -0.034113825683214138 0.010707996733807623 0.014761653489388835 -0.018526046609343861 -0.012040827964179658 -0.021217403172099952 -0.0058226016429232781 0.0101061929500945 -0.0045067550464531203 -0.042756166690643388 0.022552338402613583 -0.03625549682593629 0.013304392645651215 0.02728575581150296 0.011250083359737784 -0.015929550019465596 -0.02339798987864232 -0.0021303134867036938 0.017779993966329132 -0.007054820679761209 0.020406784422994428 -0.0019421505770101663 0.015246546936226374 0.0086437531524889127 -0.050938977469271479 0.018513577666646533 0.0024115176881276141 0.032130380312531633 0.00097860680154064086
leaf_weight=144.98415109142661 146.29377467930317 198.51258094981313 55.569743175059557 89.408423848450184 65.187146693468094 20.929861353710294 40.536671794950962 155.36943209171295 110.72664950042963 229.42185508832335 60.377260860055685 101.62404797226191 82.029021382331848 22.029819171875715 511.55922085046768 39.582401901483536 25.309685528278351 17.208615183830261 55.995590537786484 19.898591615259647 95.988610833883286 113.83631959557533 63.068110823631287 38.837056063115597 120.74694611132145 224.71131134778261 19.311172425746918 15.432400256395342 132.76650553941727 104.84041390568018 72.33241606131196 15.528309650719164 31.426512718200684 52.855129167437553 63.394521117210388 137.90093173086643 15.952271491289137 82.301509544253349 232.5803536567837 46.294508330523968 84.163365624845028 85.320235997438431 6.5820398181676856 61.409468442201614 26.520139105618 50.459992453455925 66.391210697591305 37.286086775362492 29.385008946061134 48.348639488220215 50.517818588763475 105.74272474646568 66.391173496842384 47.182256937026978 37.398524656891823 137.5438472032547 716.61570475995541 143.781469585374 111.21668417751789 192.2842031121254 150.63242983818054 136.56494691967964
leaf_count=773 280 779 224 454 128 41 70 93 501 454 459 274 64 85 307 22 54 32 65 56 47 125 67 112 1279 2204 84 61 342 466 177 46 48 171 43 87 93 33 1324 281 279 244 19 109 44 105 71 82 37 151 339 67 752 17 43 45 1089 411 299 444 123 110
internal_value=0 0.0103708 -0.0220134 -0.0297357 0.00614886 -0.0115143 -0.0371367 0.0212074 0.00130359 -0.021898 -0.00429662 -0.0446168 0.0304484 -0.0269785 0.00307564 0.0112667 0.0175417 0.00885296 0.026135 0.0118005 0.0124804 0.0194641 0.0232238 0.00559318 -0.0145151 -0.00882536 -0.00090972 -0.0165609 0.0144233 -0.0365691 -0.00258634 -0.00610951 0.0255377 -0.040763 0.0181905 0.0194829 -0.033511 -0.0180788 -0.0201734 0.00353404 0.00785365 0.00274985 -0.0129103 0.0169629 -0.0227566 0.0163418 0.0212482 0.00015461 -0.00142754 -0.018294 0.00517173 0.0111934 -0.000973138 0.0105424 0.0100873 0.00921834 0.00970699 -0.0536315 0.0159962 0.000416259 0.0285476 -0.00238371
internal_weight=0 4339.09 1925.3 1109.35 3140.71 815.949 678.544 1198.38 1607.14 334.592 481.358 390.783 356.789 287.761 1408.63 1533.57 841.594 123.296 274.76 1493.99 1409.49 695.3 420.373 978.835 142.777 358.062 84.4983 260.807 274.927 206.464 429.795 272.774 357.305 73.785 119.39 233.89 31.3847 430.81 341.402 157.021 681.043 169.484 231.293 92.836 259.1 249.618 116.851 297.792 260.506 63.8769 106.088 1175.6 126.768 1069.86 1022.67 891.558 854.16 184.318 131.115 231.121 264.469 208.897
internal_count=17185 7123 10062 5213 5534 4849 3358 1589 3550 820 4029 1221 265 2137 2771 1984 1324 595 201 1962 1750 1044 472 1505 1364 3434 212 608 572 740 1266 484 405 212 108 134 154 1855 1401 782 830 523 2223 157 1368 518 176 675 593 197 563 1616 1211 1549 1532 1177 1134 481 355 556 248 287
cat_boundaries=0 20 43 63 82 99 119 120 140 141
cat_threshold=4096 32 3581936128 0 90160 0 0 0 0 1024 1024 0 0 0 16384 8388628 38273026 100794377 128 32769 0 0 16777217 131072 0 0 0 0 64 2147483648 16777737 131072 11534336 32768 1048576 8388608 16781312 256 620756992 32768 256 102400 1024 0 1076887552 16777216 1610612737 33588352 2621440 16777216 2147483648 393216 0 16812032 67108865 1050624 0 0 3238002708 0 0 131136 65536 0 0 0 1207968000 0 0 0 2621440 0 0 105119744 2097168 4051701760 134217728 169672704 0 0 0 32 0 0 92274688 0 16432 0 0 0 0 0 0 0 0 0 0 0 4194306 4 0 0 0 0 0 0 0 65536 64 4096 0 0 0 0 0 536870912 0 2 4 42345648 1075904512 0 8388608 0 134217728 2048 570426384 134217736 0 0 8704 805662212 16384 0 2149711872 0 0 2147483648 8 131072 36700816
is_linear=0
shrinkage=0.05


Tree=32
num_leaves=63
num_cat=8
split_feature=66 67 0 0 66 0 64 64 49 14 72 50 47 0 0 8 46 85 66 64 66 67 58 64 67 49 64 14 57 55 91 65 57 8 65 53 10 16 70 65 73 1 60 0 49 57 67 26 57 57 85 37 8 8 55 8 65 47 60 7 48 46
split_gain=536.438 81.3746 66.8453 37.0584 27.5278 19.8241 12.8748 10.8873 9.88492 9.3055 8.92083 8.65465 7.5002 5.84385 5.83033 5.47704 4.94497 4.79836 4.68034 4.50046 4.4482 4.03482 4.02338 4.01869 3.81075 3.54587 5.48501 3.5091 3.35586 3.24387 4.95397 3.16394 3.22153 3.107 3.00556 2.97765 2.97647 2.86311 4.18023 4.22516 2.80306 2.68927 2.45037 2.32894 2.2901 2.26052 3.33242 2.17619 2.1192 2.10065 2.07838 1.98353 1.9833 1.96705 1.96354 1.89003 1.8734 1.8527 3.23561 1.72365 1.70187 1.6999
threshold=65.111666666666679 22.045000000000005 0 1 206.05500000000001 2 136.01000000000002 9.1650000000000009 567.38530676645951 0.93301270189221952 3 -103.00151487014342 -372.26500129051982 4 5 2.5000000000000004 1.3660254037844386 1.0000000180025095e-35 6.0900000000000007 374.50500000000005 4.416666666666667 223.20000000000002 2.3650561146747386 177.72000000000003 32.385000000000012 -193.41523886882646 382.23000000000008 -0.68301270189221908 -5.3715054891891016 2.9044574462087467 1.5000000000000002 509.06500000000005 -17.451152838938654 6.5000000000000009 476.05000000000007 95.536703259016718 3.2320508075688776 0.6830127018922193 1.756558837272918 683.30000000000007 6 5.5000000000000009 276.21462891556206 7 1587.5452700762751 66.601690164449465 913.8950000000001 -0.68301270189221941 -1.0568931790438907 -2.5461057966300102 1.0000000180025095e-35 1.0000000180025095e-35 4.5000000000000009 4.5000000000000009 104.75195017321794 2.5000000000000004 50.005000000000003 753.66226982042792 589.69421188183321 -0.5 -10.281633655670877 9.1848509936051497e-17
decision_type=2 2 9 9 2 9 2 2 2 2 9 2 2 9 9 2 2 2 2 2 2 2 2 2 2 2 2 2 2 2 2 2 2 2 2 2 2 2 2 2 9 2 2 9 2 2 2 2 2 2 2 2 2 2 2 2 2 2 2 2 2 2
left_child=1 3 8 11 10 22 14 9 15 18 33 -1 -10 25 -7 36 21 20 49 -17 -9 23 -3 40 -16 -6 -27 -24 51 47 -31 45 55 -4 -25 -23 -2 38 39 41 -12 -21 53 54 -14 46 -15 -26 -29 -5 -40 -19 -47 -13 -8 -33 61 58 -34 -50 -22 -30
right_child=2 5 4 7 13 6 43 17 12 -11 16 42 44 31 24 19 -18 28 -20 37 60 35 27 34 29 26 -28 48 56 30 -32 32 57 -35 -36 -37 -38 -39 50 -41 -42 -43 -44 -45 -46 52 -48 -49 59 -51 -52 -53 -54 -55 -56 -57 -58 -59 -60 -61 -62 -63
leaf_value=0.026466781943506042 0.030524474238450103 -0.0097505158462230807 -0.01436567577871083 -0.046464712990313017 0.018180079893457404 -0.0023912347171380268 0.0052506847700441424 -0.045756119830176752 0.036702623966168128 -0.0169853374347048 0.0031886555391278334 -0.0030497489174166549 0.025462530074891961 0.0090028341408489778 -0.021440957215038126 0.0014540796683243035 -0.013203565331255994 -0.022497367892404606 -0.037220145674991427 -0.0067561153390582026 -0.021300223171652422 0.0080315452359259864 -0.041604553687058232 0.0033563560612235414 -0.02878555531031865 0.0035358421160105215 -0.020615308271371202 -0.020502169394904356 -0.031131928364275557 -0.015315057847806868 -0.043115316322994937 0.022732195787736234 0.011802031404712577 0.0033000825394601525 0.019613699633156196 -0.0033621901338798613 0.017934495703995922 0.003829109549952938 0.034320641285111725 0.017791030385231995 -0.0053217074918187361 0.012787957694272335 0.026365225132998445 -0.002292872570088741 0.015227980306416512 -0.012236395742744438 0.017371534563253289 -0.0096082135065939725 -0.023157166144325218 -0.057426758942183853 0.019916869187129174 -0.0021450557404955688 0.0085222867547896635 -0.018608311442364241 0.025222371732762251 0.014164535699744414 -0.020126355457103576 0.022470928615483679 -0.0054574313269133146 -0.038370941352738143 -0.034616518035625925 -0.051202657882907426
leaf_weight=20.334593281149864 103.96509832143784 30.757250264286995 121.85737895965576 89.157651860266924 31.686430141329765 153.21348593756557 57.028017535805702 88.875144317746162 137.73771691322327 28.190401125699282 142.87053588032722 36.431957114487886 170.53308726847172 715.94518095254898 138.23018606565893 55.23070266097784 48.377752929925919 38.68936231546104 79.719603702425957 31.349211409687996 32.705026403069496 423.09256666898727 44.340176614001393 140.90095194429159 15.273923367261885 167.43232150375843 27.349590212106705 88.611222483217716 136.89777374826372 155.46278083883226 17.86658213660121 137.10664075613022 288.74144054949284 31.278090864419937 35.615281105041504 66.333575688302517 85.595738776028156 41.006078518927097 46.88161838054657 289.48210629820824 265.08738170191646 40.136048585176468 4.4503314048051825 126.19956751912832 80.441064640879631 21.141242146492004 142.65829542279243 469.93415910750628 32.478549346327782 85.721700979396701 53.767605364322662 17.335731476545334 25.24657578766346 45.921414919197559 15.693695515394209 121.33669330179691 37.175298303365707 33.916918054223061 29.973325788974762 43.621891289949417 90.08108832128346 11.430499996989964
leaf_count=34 93 37 467 236 20 1090 364 390 108 44 112 335 123 1036 1060 196 40 250 230 90 294 347 126 397 39 323 29 205 794 906 54 97 495 259 92 74 62 68 38 495 865 94 6 551 47 35 100 1715 74 158 76 24 85 755 36 180 191 23 27 160 415 40
internal_value=0 -0.0200152 0.0103778 -0.0322683 0.00641032 -0.0125761 -0.00955838 -0.0360544 0.0206783 -0.0442428 0.000849871 -0.00264732 0.0273274 0.010517 -0.0120636 0.0174969 0.0024122 -0.0317405 -0.0472609 0.0150019 -0.0372364 0.00313813 -0.0255687 0.000333596 -0.0137213 0.00255534 0.000144747 -0.0291191 -0.0269242 -0.0123093 -0.0181807 0.0116128 0.0144691 -0.010098 0.00663656 0.00648731 0.0248395 0.0164906 0.0176153 0.0151029 -0.00239359 0.00421708 -0.00977256 0.00192528 0.0221822 0.00981246 0.0103933 -0.0102119 -0.025758 -0.051838 0.026626 -0.0161998 -0.00093848 -0.0117254 0.00840491 0.0187098 -0.0301631 0.0113612 0.0101789 -0.0318779 -0.0310696 -0.0326786
internal_weight=0 2231.83 4154.07 843.118 3017.95 1388.71 1148.9 735.979 1136.13 282.789 1275.41 107.138 388.712 1742.53 949.981 747.414 1122.28 453.19 254.599 557.853 211.661 1073.9 239.809 584.474 796.768 226.468 194.782 209.052 241.529 658.537 173.329 1516.07 611.075 153.135 176.516 489.426 189.561 502.623 461.617 360.967 407.958 71.4853 86.8037 198.921 250.974 904.991 858.603 485.208 164.712 174.879 100.649 56.0251 46.3878 82.3534 72.7217 258.443 185.504 352.632 318.715 76.1004 122.786 148.328
internal_count=17206 10613 6593 4196 5103 6417 5815 3066 1490 668 2653 1130 278 2450 4864 1212 1927 2398 624 1057 1099 1887 602 1466 3774 372 352 565 1299 2714 960 2078 822 726 489 421 155 861 793 679 977 184 1096 951 170 1256 1136 1754 439 394 114 274 120 1090 400 277 1025 545 522 234 709 834
cat_boundaries=0 20 39 62 85 106 127 128 148
cat_threshold=4096 32 2508194304 32 94256 0 0 0 0 1024 3072 0 0 0 16384 8388628 38273026 67239936 268435584 32768 0 16 16777216 0 99328 0 536870912 84934656 393216 0 2415919104 131213 4235264 4210 2097152 16 0 0 131072 0 822083600 0 0 1024 33554432 134230016 5242880 0 0 524288 3640655872 1 136365056 420478978 0 0 0 1024 16 0 0 128 0 0 1 131072 0 0 0 0 0 0 131593 0 0 134251008 0 25165824 16777216 256 1140850688 0 256 42046464 1024 2052 0 0 16 134217728 0 0 0 327680 2155872361 4096 0 0 0 0 0 536872448 0 2 4 8 0 1048576 2147483648 67108864 0 2048 318767104 2214592512 0 0 16818176 2097156 43008 2164261120 2228224 4779 0 0 72 0 64 25174528 2162688 1075838976 0 0 33558528 0 0 134217728 0 0 2560 8705 18432 0 0 1073741840 0 0 0 65536
is_linear=0
shrinkage=0.05


Tree=33
num_leaves=63
num_cat=8
split_feature=67 67 66 3 0 0 0 58 0 66 66 0 3 0 0 67 71 0 67 59 67 8 16 1 68 36 63 67 44 8 70 37 66 3 37 71 53 64 17 55 42 70 8 63 53 64 57 8 64 65 70 8 9 64 64 53 65 65 56 57 48 51
split_gain=453.531 62.9358 61.6993 50.4584 32.5156 19.6506 18.1648 15.8786 13.7975 12.029 11.1932 9.95422 8.45103 6.73283 6.18542 10.2111 5.83563 5.59587 4.99641 4.81629 4.81424 3.94283 3.83615 3.12926 3.12016 3.05946 4.54032 3.07116 2.8975 2.81059 3.92608 2.75487 4.50036 2.72973 2.70481 3.53971 2.85961 2.63934 2.63724 2.59713 2.56316 2.55908 2.55733 2.54747 2.53978 2.51283 2.40622 2.37428 2.32446 2.30331 2.15969 2.09612 2.09467 2.06144 2.01393 2.77523 2.57627 1.99955 1.94171 1.93153 1.83667 1.94372
threshold=89.975000000000009 21.960000000000004 404.90500000000003 2019.5000000000002 0 1 2 1089.6216532614087 3 4.078333333333334 158.04000000000005 4 2019.5000000000002 5 6 294.98000000000008 43.081482654634065 7 1393.6200000000001 -608.65975070699437 44.185000000000009 5.5000000000000009 0.93301270189221952 10.500000000000002 0.83333333333333337 -0.93301270189221908 285.04113636363644 960.48000000000013 1.0000000180025095e-35 6.5000000000000009 1.8463062193666357 -1.0000000180025095e-35 1.0000000180025095e-35 2019.5000000000002 -1.0000000180025095e-35 33.238852640078363 82.035557409812881 63.062500000000007 0.25000000000000022 2.9044574462087467 -0.5 9.8414211667858087 4.5000000000000009 50.171250000000008 186.31459723551117 91.455000000000013 -482.70118006899935 3.5000000000000004 2.0350000000000006 715.29500000000019 0.81620924231761682 5.5000000000000009 -17.753520777580984 8.9775000000000009 147.99000000000004 403.80352003093896 1719.6750000000002 63.070000000000007 111.66588008253029 -6.6728202577393665 -3.343486595951187 -11.453489430882977
decision_type=2 2 2 2 9 9 9 2 9 2 2 9 2 9 9 2 2 9 2 2 2 2 2 2 2 2 2 2 2 2 2 2 2 2 2 2 2 2 2 2 2 2 2 2 2 2 2 2 2 2 2 2 2 2 2 2 2 2 2 2 2 2
left_child=1 3 4 6 16 29 -1 17 43 -5 14 -8 13 42 47 24 21 18 44 51 -14 -2 31 -9 38 -21 27 -27 46 30 -6 32 -13 -23 36 48 -12 -15 -16 -22 59 -11 -10 60 -4 52 -28 -7 -36 -50 -35 -19 -42 -54 -48 56 -56 -26 -59 -33 61 -3
right_child=2 8 7 9 5 10 11 23 12 41 34 22 20 37 15 -17 -18 19 -20 25 39 33 -24 -25 57 26 28 -29 -30 -31 -32 40 -34 50 35 -37 -38 -39 -40 -41 45 -43 -44 -45 -46 -47 54 -49 49 -51 -52 -53 53 -55 55 -57 -58 58 -60 -61 -62 -63
leaf_value=-0.034800946518943519 0.016777210224968406 -0.032662990252461506 0.006466929114492286 -0.054702806011708044 -0.013385151783864577 0.012560615687068699 0.014042974583800692 0.022212807132996917 0.011418037661894621 -0.038848367301267311 0.0046191193810793049 -0.062671617018631304 -0.020232631560403072 -0.013876671011270198 0.0032544777248642697 -0.036519563059011495 0.029199802213734166 0.018638411391417028 -0.007177376458987925 0.023598246134290998 -0.0078691502950714448 0.013733023263072981 -0.041607018500468225 0.033817850257280548 -0.012882736958825214 0.009564186749704771 0.025310255653401149 -0.0074757804435807863 0.022170893567287499 -0.0046774943402363954 -0.032211368197283097 0.0090452945521501075 -0.016425436018211306 -0.011050491288450232 0.01658144607676152 0.018762504805121233 -0.015162818345846488 -0.0043081558478881036 -0.00757339750694373 -0.017502601319668951 0.00020000100141229834 -0.024651134839226305 -0.0020620770766431166 -0.041404563996038 0.021244237986964634 -0.00031964826118392048 0.023393250019423165 0.001044198155972276 0.0043911758703399865 0.012982765473838531 0.0061617790983000383 0.02904081359623303 -0.043314952854094271 -0.017309012402241038 0.01228553587204324 0.002942005610663424 0.023315519257579555 -0.0020100624459685997 -0.01299069070358529 -0.0099862715777769007 -0.031190802120556433 -0.017549545139361276
leaf_weight=112.24874785915017 281.2290330901742 26.26592430844903 109.14368665218353 147.92795610241592 77.147968627512455 87.33472865074873 30.523828886449337 115.50403428077698 68.365416489541531 217.73585337586701 46.511749804019928 6.857570648193362 202.55944860354066 149.06079682707787 245.1698719933629 23.261917732656002 65.239091157913208 144.54441878199577 55.481567621231079 77.251197919249535 252.14735034480691 78.590715914964676 12.161888264119623 116.85694906115532 82.220008231699467 85.50936471670866 40.78341743350029 38.280340686440468 108.42095592617989 38.863357100635767 43.200597919523716 24.194321684539318 22.589636217802763 26.455196224153042 47.848641723394394 56.423624411225319 30.085790172219276 139.52903504297137 72.972011264413595 96.830801222473383 15.957760639488695 37.157283842563629 72.489261548966169 22.157232634723186 39.636022850871086 27.80460662022233 42.802979752421379 91.794154811650515 772.76559166610241 86.767982140183449 58.577069371938705 72.826179355382919 8.1781687587499601 111.68947953358293 603.68327008187771 72.401774108409882 58.028419524431229 223.59280522167683 49.100604981184006 29.694771785289049 55.494091045111418 111.93237553909421
leaf_count=637 443 56 175 337 115 192 68 94 428 805 105 3 728 1677 224 33 88 89 36 68 472 190 41 81 422 111 33 56 48 232 207 78 316 109 12 68 28 1238 44 277 59 27 701 44 31 190 27 399 1326 116 153 75 74 1229 792 65 51 661 125 218 219 189
internal_value=0 -0.0200425 0.00870036 -0.030855 0.00376679 0.000943203 -0.0183204 0.0158609 -0.0127723 -0.043361 0.00237433 -0.0103741 -0.00990507 -0.00474674 -0.00177959 -0.00389452 0.0149418 0.0140323 0.00536564 0.015196 -0.0141011 0.0131867 -0.0136652 0.0280491 -0.00282481 0.0139949 0.0132883 0.0042948 0.0144904 -0.0154006 -0.0201431 -0.0128426 -0.0271951 0.00701542 0.00589247 0.00661117 -0.00315078 -0.00894063 0.000770895 -0.0105421 -0.0108996 -0.0367788 0.00418363 -0.0242223 0.0104037 -0.0140143 0.013472 0.00630697 0.00585557 0.00525848 0.000806706 0.0221236 -0.0168178 -0.0190833 0.0128506 0.0122359 0.0132528 -0.00604797 -0.00398721 -0.00144176 -0.0235073 -0.020422
internal_weight=0 2001.55 4366.31 804.722 2585.15 2075.06 401.901 1781.15 1196.83 402.821 1915.85 289.652 980.982 429.445 875.446 696.317 510.091 1548.79 204.261 1344.53 551.538 444.852 259.128 232.361 673.055 1127.16 1049.91 123.79 926.121 159.212 120.349 246.966 29.4472 163.623 1040.4 963.806 76.5975 288.59 318.142 348.978 217.519 254.893 140.855 215.85 148.78 163.63 817.7 179.129 907.382 859.534 85.0323 217.371 135.825 119.868 776.916 734.113 661.712 354.913 272.693 53.8891 193.692 138.198
internal_count=17235 10111 7124 4082 5292 4309 2913 1832 6029 1169 3755 2276 5521 4044 2100 1509 983 1657 242 1415 1477 895 2208 175 1476 1251 1183 167 1016 554 322 2167 319 452 1655 1522 133 2915 268 749 1848 832 1129 508 206 1552 968 591 1454 1442 262 164 1362 1303 935 908 843 1208 786 296 464 245
cat_boundaries=0 20 41 60 83 102 122 141 162
cat_threshold=4096 1073741856 0 0 4240 0 16 0 0 1610613248 3072 2097152 1 0 2147483648 8388628 640 100728922 4325376 98304 0 0 8388608 0 16384 0 4 0 0 4194304 0 1073741824 0 17301504 32 339738624 537001984 53248 6 20 208 0 0 0 1207968000 0 0 0 2097152 0 0 100925440 2097424 293605376 134217728 102563840 0 0 0 32 4194304 889192464 0 134217728 0 33554432 134230016 4194304 0 0 524288 2566914048 1 1210074112 152567808 0 0 0 1024 0 0 0 128 0 0 16777216 0 134218752 0 0 0 0 0 0 1 0 0 2149580800 20 0 0 131072 65536 1075838976 0 1610612736 33554432 2621440 50331648 201326592 0 0 18917888 67117061 1067008 512 2097152 1073741824 0 0 131144 65536 65536 0 67108864 0 66592 4096 3072 1073741824 131072 0 66048 0 0 0 12 2147484161 1044 32 64 16 256 0 0 524416 0 0 0 0 0 0 0 0 0 0 0 0 4194304 272629760 65540 20
is_linear=0
shrinkage=0.05


Tree=34
num_leaves=63
num_cat=9
split_feature=66 67 0 0 72 0 67 68 67 49 0 65 63 10 71 47 59 56 65 56 64 20 49 0 51 0 56 66 0 0 37 49 82 8 8 51 8 49 71 68 54 49 10 84 66 68 47 6 71 8 9 55 46 71 8 8 67 67 54 60 49 20
split_gain=421.15 67.8704 53.0026 28.007 21.3074 17.4442 15.8252 10.9031 12.4381 10.5855 7.58104 7.44425 5.93378 6.76612 5.70511 5.65495 4.80153 4.69783 4.46893 4.34663 3.73689 3.64563 3.44749 6.8321 3.91053 4.57515 3.8556 3.20504 3.20422 3.07339 3.32708 2.94392 2.87967 2.85766 2.70452 2.62565 2.68465 2.48326 2.46 2.31888 2.28881 2.61563 2.23907 2.58175 2.22164 2.47904 2.15715 1.92867 1.90726 1.87318 2.65396 1.83273 3.28068 2.40414 2.33014 1.75814 1.75 1.68389 1.50381 1.47226 1.46904 1.435
threshold=65.111666666666679 24.205000000000002 0 1 2 3 317.44000000000005 0.29166666666666669 10.035000000000002 567.38530676645951 4 966.35500000000013 118.62500000000001 21.325317547305485 22.765828183934868 -401.08074154595312 -0.42712568898528142 4.7204282239793232 771.29500000000019 0.45704716525417771 9.1650000000000009 0.6830127018922193 -437.64369322342742 5 -33.54614665747571 6 491.08373012045115 701.14000000000021 7 8 0.25000000000000017 241.06593337873383 1.0000000180025095e-35 4.5000000000000009 3.5000000000000004 -205.89136443408447 5.5000000000000009 52.483033579693938 -4.1875739219372372 0.83333333333333337 0.29289610777998121 -3.0750539494420273 -3.7500000000000004 1.0000000180025095e-35 218.67750000000004 0.83333333333333337 -45.854875493413736 0.50000000000000022 5.499248137628693 6.5000000000000009 -5.0000000000000018 2.9044574462087467 1.3660254037844386 3.8373242033116837 2.5000000000000004 4.5000000000000009 220.13000000000002 3.0600000000000005 300.95312424806019 356.49594071825504 -6.126956263914713 0.25000000000000017
decision_type=2 2 9 9 9 9 2 2 2 2 9 2 2 2 2 2 2 2 2 2 2 2 2 9 2 9 2 2 9 9 2 2 2 2 2 2 2 2 2 2 2 2 2 2 2 2 2 2 2 2 2 2 2 2 2 2 2 2 2 2 2 2
left_child=1 3 9 11 14 19 12 -5 17 18 35 34 13 37 38 -11 -17 57 29 -3 40 33 -8 -24 27 -26 44 47 55 -2 46 -14 61 59 -1 -7 -37 56 -4 -35 -10 -42 -21 -44 45 -27 58 -25 -39 50 -40 53 -53 54 -30 -12 -6 -9 -31 -20 -45 -19
right_child=2 5 4 7 6 10 22 8 20 15 28 -13 31 -15 -16 16 -18 32 21 42 -22 -23 23 24 25 26 -28 -29 51 30 -32 -33 -34 39 -36 36 -38 48 49 -41 41 -43 43 60 -46 -47 -48 -49 -50 -51 -52 52 -54 -55 -56 -57 -58 -59 -60 -61 -62 -63
leaf_value=0.0028899160809802735 -0.001377131648984101 -0.005753225676111284 0.0014927977076719067 -0.012138984665709271 -0.0022483765737054441 0.024552575915314085 0.01976897411932289 -0.058231425862410841 -0.025284730492747643 0.03468303257673893 0.0012288403689094951 0.030265083569492948 0.0033500204154313048 -0.034242106866771718 -0.038222861442250934 0.027623737659336886 0.01275841843775307 -0.031388122747054853 0.019907652802876555 -0.01962383906496697 -0.025825304289237377 0.0043677374493715339 -0.0047960779351970935 0.0090475306733938093 0.012715092154286201 0.0057375126295022361 -0.011565203169803863 0.017167422176919599 -0.0083654914793489868 0.009732470944726011 0.022889115889222211 0.020041746149223688 -0.052730313742618475 0.023960599218634804 -0.014831944758418923 0.0067399738857513228 -0.0066342201669349829 -0.019761431939629179 -0.024528033396415381 0.011150790025713501 -0.033710384762041773 -0.05114510690484584 -0.035287969307450928 -0.0092453391510603933 0.0070195439484721685 -0.013585749043497981 -0.0031316940685712151 0.015308634546845449 -0.0027001352340713892 0.0025176587807122074 -0.0083566803377358514 -0.014343272314174916 -0.043992559479682461 0.010202980298710021 -0.015882388684483308 -0.0080803440067629094 0.010151361081263891 -0.045929568364151491 0.022941923125902583 0.027436282612321412 -0.030269780248206243 -0.04792100905172076
leaf_weight=32.496931992471218 51.898701637983322 26.498350732028484 64.730317901819944 58.055542960762978 118.76388706639409 12.049972198903559 82.254603445529938 38.932213235646486 34.649017032235861 120.23391261696815 90.436204425990582 13.922616988420485 638.97210009396076 18.422236144542694 15.36990764737129 125.98206342756748 95.499006703495979 106.404968990013 164.05393744260073 62.980187986046076 276.64225665293634 42.626124531030655 81.036887869238853 572.25077217817307 204.86629329621792 36.173330783843994 38.794077098369598 229.60884146392345 329.91451298817992 125.33052163571119 64.532946795225143 27.554939977824688 22.97934952378273 48.919906720519066 63.782762350514531 77.867010120302439 72.420746866613626 31.422504514455795 33.702773563563824 127.16765783727169 56.201613308861852 34.852863401174545 95.909097902476788 17.658247347921133 279.02069462835789 30.672456577420235 27.87919794023037 156.67201732844114 34.218387857079506 25.065773703157902 102.63245269283652 186.49492907524109 9.821205507963894 14.141486570239065 149.95801052451134 115.48656781204045 37.420235335826874 97.432999968528748 26.018847294151783 107.48059216141701 15.691761270165442 14.97162204608321
leaf_count=245 159 35 153 81 491 32 69 92 72 102 526 18 1359 28 14 65 82 739 177 202 1674 39 95 717 309 32 45 139 203 270 39 56 73 70 951 400 585 60 157 276 156 108 185 69 519 79 65 198 46 176 297 1084 27 53 1450 1099 46 351 47 99 78 34
internal_value=0 -0.0182469 0.00929723 -0.029183 0.00560679 -0.0109582 0.00692565 -0.0325027 -0.0347093 0.0184428 -0.008035 -0.00358346 0.00161175 -0.00512524 -0.00839787 0.0259532 0.0212141 -0.0427868 0.015412 -0.0236561 -0.0290735 0.01834 0.00978173 0.00927747 0.00998069 0.00684077 0.00329593 0.012016 -0.00984973 0.0105569 0.0126358 0.00404007 -0.0365002 0.0196705 -0.00885035 0.00197417 0.00029521 -0.00270712 -0.00674207 0.0147096 -0.0362219 -0.0403839 -0.0273544 -0.0311211 0.00505812 -0.00312904 0.00964907 0.0103933 -0.0108674 -0.0100447 -0.0123543 -0.0115721 -0.0158266 -0.0101157 -0.0107145 -0.0038071 0.000722483 -0.0494417 0.0120033 0.0228877 -0.0191377 -0.0334274
internal_weight=0 2128.65 3987.25 851.325 2859.63 1277.33 2618.12 741.122 683.067 1127.62 1058.59 110.202 906.774 240.247 241.501 341.715 221.481 280.721 785.908 218.738 402.346 490.248 1711.35 1629.1 1548.06 589.527 384.661 958.532 896.253 295.66 243.762 666.527 144.356 447.622 96.2797 162.338 150.288 221.825 226.131 176.088 125.703 91.0545 192.239 129.259 345.866 66.8458 179.229 728.923 65.6409 161.401 136.335 690.33 196.316 494.014 479.873 205.923 156.184 136.365 151.349 271.535 33.35 121.377
internal_count=17197 10622 6575 4594 5085 6028 4288 3380 3299 1490 5459 1214 2086 671 797 249 147 1289 1241 569 2010 661 2202 2133 2038 984 675 1054 4442 580 421 1415 846 622 1196 1017 985 643 783 346 336 264 534 332 630 111 382 915 106 630 454 2817 1111 1706 1653 1625 537 443 317 276 147 773
cat_boundaries=0 20 39 61 84 103 124 143 164 184
cat_threshold=4096 32 3581936128 32 91136 0 0 0 0 1073742848 3072 0 0 0 16384 8388624 38273024 67239944 4194432 98305 0 2129936 16777216 0 33792 32 553648128 68157440 393216 0 2416967680 13 40960 4464 2097152 16 0 0 131088 0 0 1 16384 0 0 0 0 0 2415919104 131073 0 8781824 134447104 17302016 8388608 4096 256 1157627904 0 0 25203712 0 822083600 0 134217728 1024 33554432 134283264 0 0 0 524288 4211081216 1 1222688768 419430400 0 0 0 1024 0 128 0 128 0 1075838976 67108864 32 33591296 524288 16777216 71303168 0 4194304 16787968 4 1050624 2147483656 2097152 2147483675 0 0 131136 4 0 0 0 0 0 0 0 65536 64 0 0 0 0 0 0 0 0 0 256 20 1024 0 0 0 0 0 1 0 2147483648 805315076 0 2097152 0 0 0 0 2 33619985 131072 2166784 135266304 2148532224 0 32 2099200 0 2281701376 262144 0 0 69493249 114688 16777984 131072 4194464 0 0 8 0 64 0 0 83886080 0 0 0 0 0 0 0 1024 0 0 0 0 8388608 4194304 0 0 32768
is_linear=0
shrinkage=0.05


Tree=35
num_leaves=63
num_cat=10
split_feature=66 0 0 3 66 72 67 0 49 67 66 0 44 67 90 1 57 8 0 67 67 3 66 3 47 91 0 47 86 69 77 10 59 50 65 3 57 63 57 66 0 0 49 65 49 73 49 70 8 39 67 50 59 51 63 63 70 49 3 8 3 58
split_gain=384.909 50.3917 46.8026 29.1862 41.6258 27.6186 19.8414 12.6635 10.4027 8.89733 7.40112 7.39582 6.0221 5.88442 5.34693 5.29767 5.27554 5.02305 4.48532 4.2429 4.17254 4.08624 3.97826 3.21757 3.77233 3.2131 2.93587 2.81271 2.78706 2.75518 2.7183 2.58008 2.49185 2.48573 2.4703 2.44307 2.37917 2.27251 2.16766 3.09943 2.11203 2.00162 1.8727 2.02154 1.86291 1.86269 1.79387 1.78354 1.78215 2.11957 1.75873 1.56774 1.57354 1.5585 1.48718 2.03624 1.44968 1.43602 1.34898 1.33934 1.32347 1.3162
threshold=45.833333333333336 0 1 2019.5000000000002 8.7216666666666676 2 178.23500000000004 3 567.38530676645951 628.54500000000019 9.6866666666666692 4 0.25000000000000017 35.140000000000008 1.0000000180025095e-35 10.500000000000002 6.6175678836626597 4.5000000000000009 5 1779.2700000000002 545.0200000000001 2019.5000000000002 3.6800000000000002 2019.5000000000002 -309.2058271624399 1.5000000000000002 6 -59.060650235266259 1.0000000180025095e-35 0.41666666666666669 1.5000000000000002 24.500000000000004 -44.71266113674907 -68.067051870134392 2422.6400000000008 2017.5000000000002 -4.4118926888912871 504.04166666666669 28.960060688450152 218.67750000000004 7 8 -89.595144041090364 221.12500000000003 221.79793881121054 9 -113.5207489173586 2.4999263883163541 4.5000000000000009 0.68301270189221941 7.3500000000000005 -285.92055744331759 -55.186267484015588 -254.71624574240411 12.034444444444446 59.826893939393948 0.78696874457404953 190.55441577414931 2013.5000000000002 2.5000000000000004 2019.5000000000002 6.8695559749380672
decision_type=2 9 9 2 2 9 2 9 2 2 2 9 2 2 2 2 2 2 9 2 2 2 2 2 2 2 9 2 2 2 2 2 2 2 2 2 2 2 2 2 9 9 2 2 2 9 2 2 2 2 2 2 2 2 2 2 2 2 2 2 2 2
left_child=2 8 10 7 22 20 18 61 17 26 30 27 14 -6 23 32 29 34 21 40 46 59 -5 24 -11 -18 -8 33 51 -15 50 41 -10 -9 47 44 -12 -26 54 56 -19 42 -13 -44 53 -20 -3 -2 49 -43 60 -25 -53 -28 -37 -56 -40 -30 -29 -7 -1 -4
right_child=1 5 3 4 13 6 9 11 15 12 36 31 -14 16 -16 -17 25 19 45 -21 -22 -23 -24 28 37 -27 35 58 57 -31 -32 -33 -34 -35 -36 38 -38 -39 39 -41 -42 48 43 -45 -46 -47 -48 -49 -50 -51 -52 52 -54 -55 55 -57 -58 -59 -60 -61 -62 -63
leaf_value=-0.038550273998692153 0.01748631447988205 0.0076027869767056767 -0.013887499054612987 -0.055464888416369665 -0.024140434470925166 0.018305530251544501 0.001457199168890754 0.028068261659847049 0.02503848757686343 -0.0049226042352453342 -0.021739733086661051 -0.037690495193028445 0.019566079840874905 0.0037711532024999536 -0.0025641973777066895 0.032852018850410919 -0.021126020215674477 0.012728239218695045 -0.011759589741072923 0.026463482595960704 -0.029841840882605903 -0.0051628344330406604 -0.038968615002606483 0.024028858183739097 0.00043559102632376065 -0.051254161612407291 0.024203706139292003 0.010708525567987083 0.012932717324026869 -0.011952890209875888 -0.05445821386148806 -0.038014682473263374 0.01291402562742382 0.0024717084854128804 0.025708355077765796 0.011110638540687993 -0.034671196474011547 0.0127955870161686 -0.0011781645620322783 0.0062625470197837574 0.0039790020003264903 -0.00023420749064000801 -0.013582564414544125 0.020841433113141128 0.023070350305900114 -0.003101985266608917 -0.010987486884601274 0.0075913124961651812 -0.0093596748342016263 -0.022782819753220815 -0.036219767618616387 0.020019482703596884 0.010138221878694098 0.0079334639579644543 -0.0035084516477974139 0.0065607259931378384 -0.01859568028108231 0.0043144714686109966 -0.0023304774573398835 0.0066463045367491855 -0.052946522783780731 -0.026036472027686854
leaf_weight=28.87114305794239 319.30394143611193 13.964481018483637 28.636986386030912 61.965347483754158 162.57728233188391 34.048763610422611 354.2328739836812 22.139159820973873 91.183033481240273 54.44015297293663 75.250470906496048 7.7180051617324343 196.66872176527977 30.614362776279449 78.945653289556503 128.43930050730705 42.27762720733881 138.18355415761471 75.050758104771376 35.006674662232399 29.470107704401016 71.420390632003546 89.099835861474276 67.13858425617218 48.691430389881134 11.192277386784552 16.672992095351219 27.288283847272396 123.3398842215538 309.5023285895586 38.943818278610706 7.0064011625945559 79.174044400453568 16.594168670475483 81.027953296899796 160.54471252858639 67.451107174158096 157.4189668148756 22.90535119920969 69.666038781404495 191.32848904654384 166.99614637345076 109.29288069903851 4.4379963129758826 32.73553241789341 342.71551288291812 183.43017794191837 53.115335524082184 128.92828713729978 11.115650743246077 116.24616938829422 78.317526012659073 82.975022822618484 125.54331509023905 54.480344347655773 640.39055205881596 24.96965403854847 79.483891129493713 72.635861083865166 89.056304074823856 35.711149640381336 100.64504693076015
leaf_count=130 390 19 226 195 829 102 781 53 62 87 67 31 61 34 45 97 269 360 274 40 91 293 397 48 73 20 36 197 90 551 84 24 74 91 61 12 109 215 59 135 474 992 1274 15 80 1046 724 43 1683 23 308 48 63 429 52 790 52 39 497 390 103 1322
internal_value=0 0.00790194 -0.0196686 -0.0151799 -0.0224602 0.00474927 0.0059997 -0.0080762 0.0170474 0.00801682 -0.0357328 -0.00455864 0.0117565 -0.0161382 0.00976381 0.0251845 -0.0128328 0.0142834 -0.00203798 0.00991335 -0.0117734 0.00413858 -0.0457352 0.0111706 0.00678368 -0.0274324 0.00560835 0.00528305 0.0138211 -0.0105375 -0.0424757 -0.00774039 0.0194036 0.0171022 0.0177965 0.00681727 -0.0278521 0.00987567 0.00589853 -0.000468152 0.0081551 -0.00742601 -0.0128025 -0.0122393 0.0123163 -0.00489585 -0.00967234 0.0160751 -0.00472838 -0.00164143 -0.0398952 0.0176086 0.0149362 0.00984094 0.00677336 0.00577127 -0.0102624 0.00955534 0.00123034 0.00987105 -0.0465108 -0.0216693
internal_weight=0 4425.48 1773.14 1410.66 707.229 3308.72 3081.85 703.435 1116.76 2469.56 362.474 574.153 967.42 556.164 770.751 298.796 393.587 817.966 612.292 364.519 226.865 194.525 151.065 691.805 260.551 53.4699 1502.14 138.657 431.255 340.117 219.772 435.495 170.357 38.7333 453.447 1147.91 142.702 206.11 972.957 117.541 329.512 428.489 121.449 113.731 174.952 417.766 197.395 372.419 307.04 178.112 180.828 228.431 161.293 142.216 855.416 694.871 47.875 202.824 99.9241 123.105 64.5823 129.282
internal_count=17259 7735 9524 8723 2295 6134 5300 6428 1601 3195 801 4880 769 1703 708 233 874 1368 2105 874 834 785 592 663 375 289 2426 838 288 585 625 4042 136 144 494 1645 176 288 1100 246 834 4018 1320 1289 545 1320 743 433 2698 1015 541 159 111 465 854 842 111 129 694 492 233 1548
cat_boundaries=0 20 43 65 84 103 122 142 161 176 177
cat_threshold=4096 32 2508194304 0 106512 0 0 0 0 268436992 3072 0 0 0 16384 8388608 38273024 100794392 4194432 32768 4194304 654311424 0 134217856 0 33554432 0 2097152 0 0 786432 2466250768 3506835456 134217728 236716032 0 0 0 0 0 0 0 128 0 0 16777217 131136 0 0 0 0 0 268435456 9 131072 8388608 134250496 18350080 276824064 4096 256 1677721600 128 4 16846848 0 16 0 67117824 0 0 134217728 5767168 512 0 3334471680 352 679477248 1084228608 65536 0 0 2147483648 1328 2162688 1073741824 16777216 536870912 167805952 2097184 0 134217728 131072 0 18876416 67117061 1067008 8 2147614720 3221225489 0 0 131136 65536 1073741888 0 0 4256 524288 65536 2147483648 0 0 82432 0 1048576 0 4 2197819947 4 268435554 64 2092 128 0 0 17408 1073750016 1 1073741824 327680 2155872361 4096 0 0 537919488 0 67108864 16777601 268435456 536870912 4 0 32 0 0 65536 0 0 0 0 1536 1024 0 0 0 0 0 0 131072 128 0 32768 272629760 16401 65552 16777216 268435456 16777216 0 0 135266304 3807232 106954752 71335954 21004288 269344
is_linear=0
shrinkage=0.05


Tree=36
num_leaves=63
num_cat=8
split_feature=66 0 0 3 66 72 0 66 0 66 49 66 68 49 49 55 59 66 3 57 56 65 70 3 91 76 57 71 64 3 66 48 66 72 5 0 70 64 21 52 57 77 47 68 47 10 55 5 48 3 66 54 54 3 59 66 0 68 64 55 64 91
split_gain=359.217 56.7215 45.2269 28.3685 49.1604 19.2123 16.7809 16.0423 10.0554 9.15861 8.9022 7.87594 7.68241 7.36944 6.25691 5.47683 5.15131 4.62283 4.61543 4.51675 4.38106 5.99438 10.7052 4.86614 4.29445 4.20094 4.07897 6.68048 3.67294 3.49405 3.38178 3.17775 3.05973 2.96969 2.89891 3.44596 2.85777 3.41102 2.65559 2.53291 2.4986 2.40534 2.29079 2.26141 2.15244 2.12345 2.11827 2.10846 2.0898 1.98689 1.918 1.91635 1.90411 2.53391 1.85393 1.84771 1.73447 1.64692 1.59093 1.56219 1.55914 1.55181
threshold=65.111666666666679 0 1 2019.5000000000002 7.0233333333333343 2 3 206.05500000000001 4 15.676666666666668 154.68140365443375 10.016666666666667 0.58333333333333337 567.38530676645951 -437.64369322342742 7.4527581231592004 -300.08035851749759 486.25333333333339 2010.5000000000002 -81.165024391870261 6.127992935267085 50.005000000000003 6.3634107398572057 2018.5000000000002 1.5000000000000002 1.0000000180025095e-35 10.718648774636998 14.531250279011941 1162.7075000000002 2017.5000000000002 3.6800000000000002 -86.356574498825609 41.731666666666676 5 0.6830127018922193 6 1.3235232819870597 692.25000000000011 0.68301270189221941 201.65414156644067 0.9807711130573542 1.5000000000000002 -62.357235470141681 0.83333333333333337 279.26229684643818 6.9641016151377562 154.67551698987702 0.6830127018922193 133.66815858049736 2020.5000000000002 170.11000000000004 2.1164698910900213 4.8292336764274806 2016.5000000000002 -219.39249305518527 18.753333333333337 7 0.58333333333333337 20.050000000000004 -2.958640539006915 93.822500000000005 1.0000000180025095e-35
decision_type=2 9 9 2 2 9 9 2 9 2 2 2 2 2 2 2 2 2 2 2 2 2 2 2 2 2 2 2 2 2 2 2 2 9 2 9 2 2 2 2 2 2 2 2 2 2 2 2 2 2 2 2 2 2 2 2 9 2 2 2 2 2
left_child=1 11 13 6 30 10 19 20 -8 57 14 41 -11 28 -4 32 -15 52 -10 -3 -7 22 31 46 -17 -18 -25 43 36 -16 -5 -22 51 -31 35 -20 37 -2 39 48 -13 -1 -21 -28 55 -30 56 -38 -19 -39 -35 -14 -9 54 -54 -36 -23 -6 -59 -32 -58 -50
right_child=2 3 5 4 9 7 8 17 18 12 -12 40 15 16 29 24 25 38 34 42 21 23 -24 26 -26 -27 27 -29 45 33 59 -33 -34 50 44 -37 47 49 -40 -41 -42 -43 -44 -45 -46 -47 -48 -49 61 -51 -52 -53 53 -55 -56 -57 60 58 -60 -61 -62 -63
leaf_value=-0.039457129100311121 -0.00095736173347578965 0.041590618955890141 0.022571446490417226 -0.054241797340727607 -0.017824823290182975 0.0096292616640450326 -0.021562720511943464 0.017232033025236331 0.0074953633437944041 -0.0015626447400497404 -0.034490470409899845 -0.023157339676795393 -0.011287447008282719 0.029312202614760408 -0.024787496020778607 -0.020683840540752573 0.025179505136279534 0.010300034964982234 0.0025331565434954205 0.019436399511995512 0.01038285830195098 -0.0041888522716451845 -0.043059122586709041 0.0023333973724600056 -0.049578110013234408 0.01014072435988396 0.0074397644167840202 -0.031297998012654607 0.021093568439972593 -0.014063084301866334 -0.032093442673676316 -0.009356215378412254 -0.0076063203384099075 -0.005108432550047573 -0.01950940516362426 -0.0081704272827475555 0.020155086731750298 0.014345182403917129 0.020234013628559904 0.0012331265248444571 -0.037157109412745568 -0.053261211331426243 0.003870713395780539 -0.0071540504287801237 -0.043171512038520959 0.012186400155468336 0.0287640117192225 0.0088480703152207709 0.012068115602334359 -0.0019305013086010226 0.005786498522957294 -0.020109341850360018 0.024291514065906093 0.0060384586951412519 0.010201895696807888 -0.0069603075734124865 -0.0050245374806406878 -0.024590113306729455 -0.038070403209516504 -0.049484983955961355 0.012619319912923706 0.020750694644425957
leaf_weight=160.61442102491856 75.593125015497208 10.378872916102408 20.273565769195557 72.815949253737926 47.809962406754494 156.43304902687669 126.66845319606364 47.955914318561554 56.409808073192835 148.61027225106955 26.558689959347248 111.10695178806782 117.28451672196388 180.01875099539757 23.221952550113201 70.819754363968968 90.298217356204987 391.24003187566996 101.96616836637259 30.486497968435287 30.044364884495735 24.38310856372118 20.314535934478045 472.43765715509653 15.712626459076999 95.59974592924118 39.071235403418541 24.075262852013111 234.04134434461594 48.08896803855896 37.89827099815011 63.448664903640747 200.81022322550416 101.9280799292028 54.177147658541799 270.32322077825665 116.44347025454044 131.35892172902822 100.44662579894066 55.00165531039238 44.690356194972992 39.273912824690342 105.20167499780655 82.796936336904764 6.1007204651832572 93.700467258691788 13.412845224142073 63.830273389816284 100.31254675984383 21.873938992619514 66.916664831340313 129.56218154728413 30.736872464418411 848.52894699573517 97.111068777740002 63.963372454047203 14.06001155823469 64.731715193018317 33.068650593981147 19.584827195852995 114.38362199813128 105.67183378338814
leaf_count=459 281 24 3 215 42 36 1412 12 404 41 27 114 108 95 240 469 83 393 795 81 58 157 47 494 37 61 34 38 205 28 115 261 309 351 635 2800 151 313 46 107 62 91 517 281 19 99 34 53 111 40 131 613 56 1280 295 543 104 305 321 127 427 81
internal_value=0 -0.016494 0.00865267 -0.0126148 -0.0185361 0.00551264 -0.00589213 0.00676762 -0.00913041 -0.0140457 -0.00668183 -0.0346272 -0.011618 0.0173263 -0.00410246 -0.0144153 0.0232836 0.00969099 -0.00594995 0.00917181 0.00190709 0.000562522 -0.0101612 0.00211797 -0.0259305 0.0174457 7.63681e-05 -0.00722993 0.014603 -0.00635423 -0.0470848 -0.00301298 -0.0121894 -0.00438101 -0.00759727 -0.00539025 0.0114434 0.00773413 0.0126661 0.0115005 -0.0271732 -0.0421693 0.00736802 -0.00247524 -0.0142106 0.018547 0.00971237 0.0161516 0.0124461 0.0120218 -0.000746343 -0.0159178 0.00750493 0.00702717 0.0135893 -0.0127151 0.0080403 -0.0254302 -0.0291481 -0.0380188 0.00991594 0.0165224
internal_weight=0 2140.07 4221.61 1784.38 958.709 3118.85 825.676 2831.87 679.609 828.41 286.988 355.686 682.8 1102.76 260.429 534.189 365.917 1777.01 552.94 146.067 1054.86 898.428 113.808 784.621 86.5324 185.898 618.381 145.943 736.842 240.156 130.299 93.493 447.657 216.934 496.531 372.289 409.1 228.826 752.673 652.226 155.797 199.888 135.688 121.868 124.241 327.742 166.24 180.274 597.224 153.233 168.845 246.847 1024.33 976.377 127.848 118.141 152.827 145.61 97.8004 57.4831 128.444 205.984
internal_count=17171 10658 6513 9932 2702 5132 7230 4352 6608 2245 780 726 1577 1381 753 1536 239 2381 5196 622 1971 1935 366 1569 506 144 847 353 1142 750 457 319 1030 510 4792 3595 838 634 738 692 176 550 598 315 1197 304 722 204 585 353 482 721 1643 1631 351 1178 688 668 626 242 531 192
cat_boundaries=0 23 44 66 86 105 124 144 161
cat_threshold=4194304 654311424 1048580 134217728 0 33554432 0 2097152 0 0 786432 2457862160 3238400000 134217728 118226944 0 0 0 0 0 0 0 128 4096 32 2508194304 0 94256 0 0 0 0 1536 3072 0 0 0 16384 8388628 34078720 100794368 0 32768 8 0 0 1 147457 0 0 0 0 0 3489660928 1 0 8781824 134447616 553648128 8388608 0 256 1140850688 0 524544 25203712 65536 1074790400 67108864 0 33587360 2621440 0 2147483648 131072 0 18876928 201326596 1050624 0 2147483648 55 0 0 131136 65536 0 16 4194304 8960 0 0 402653184 1572864 512 0 1178599424 352 411041792 14681088 135331840 0 0 2147483648 1056 0 0 0 131072 0 0 0 0 0 0 0 0 8388608 0 536870912 8388608 0 256 67108864 1342177280 0 2172649473 536870912 134218752 2080 587202560 0 0 0 8192 132097 65536 16777728 2228224 3221228040 0 0 16 131072 0 128 0 0 1024 0 0 8 0 8388608 16777216 0 0 0 0 0 1
is_linear=0
shrinkage=0.05


Tree=37
num_leaves=63
num_cat=7
split_feature=66 66 56 3 0 0 66 0 66 0 0 56 15 0 64 19 63 49 49 3 68 3 0 55 48 66 70 8 66 14 56 57 50 59 77 58 64 57 3 64 63 66 49 59 50 3 70 3 64 57 38 8 91 70 47 8 47 77 50 49 42 3
split_gain=341.768 46.8929 45.9076 40.9349 15.5968 14.831 14.5979 10.8858 10.7554 10.009 8.03916 10.1832 7.53326 7.10134 6.70435 5.46491 5.4436 4.42132 3.65278 3.65107 3.57397 5.39111 3.7996 3.63763 3.18933 3.56327 3.16658 3.03317 2.99313 2.9553 2.96316 2.87997 2.76953 2.74864 3.01742 2.57047 2.49821 2.47867 3.7528 2.41262 2.3892 2.26839 2.05268 2.03363 2.01715 1.97555 2.63932 1.95346 1.94901 1.93657 1.90468 1.92138 1.88737 1.75828 1.7286 1.6052 1.71619 1.59395 1.56636 1.5408 1.48685 1.49813
threshold=45.833333333333336 9.6866666666666692 125.91253437696797 2019.5000000000002 0 1 878.08333333333337 2 3.6800000000000002 3 4 7.7561505066733831 1.0000000180025095e-35 5 2.0350000000000006 -1.0000000180025095e-35 43.63068181818182 241.06593337873383 -9.4019332046909323 2018.5000000000002 0.41666666666666669 2019.5000000000002 6 38.538652947457109 675.24759847434109 136.73333333333338 1.2373621639088228 2.5000000000000004 646.18666666666684 -0.68301270189221908 62.253098905370706 3.1607100398052803 225.37207612290538 222.5525669800553 1.0000000180025095e-35 6.0124757137901925 571.40000000000009 87.929482705006464 2019.5000000000002 4.0850000000000009 400.21958333333345 118.03166666666668 2917.5911311374498 -608.65975070699437 -384.5348599818268 2019.5000000000002 7.2019395058877862 2019.5000000000002 1013.0000000000001 7.1142954669382137 0.6830127018922193 3.5000000000000004 1.0000000180025095e-35 0.97736402383304644 -228.16361977265038 6.5000000000000009 -94.138502635455566 1.5000000000000002 -62.313346683524422 86.396995896649813 -1.0000000180025095e-35 2020.5000000000002
decision_type=2 2 2 2 9 9 2 9 2 9 9 2 2 9 2 2 2 2 2 2 2 2 9 2 2 2 2 2 2 2 2 2 2 2 2 2 2 2 2 2 2 2 2 2 2 2 2 2 2 2 2 2 2 2 2 2 2 2 2 2 2 2
left_child=1 3 7 4 57 31 9 58 -5 19 -9 -12 14 32 -6 42 -13 41 53 27 -15 22 -22 26 25 50 -23 -4 40 -16 35 52 47 55 -35 -31 -26 48 -39 -20 -21 45 -8 -29 -42 -18 59 -7 -27 -43 51 -11 -3 -10 -45 56 -17 -1 -2 -47 61 -60
right_child=2 5 6 8 12 13 15 10 18 24 11 16 -14 20 29 33 17 -19 39 28 21 23 -24 -25 36 37 -28 43 -30 30 -32 -33 -34 34 -36 -37 -38 38 -40 -41 44 49 -44 54 -46 46 -48 -49 -50 -51 -52 -53 -54 -55 -56 -57 -58 -59 60 -61 -62 -63
leaf_value=-0.029692947818168381 -0.0020395553083888259 -0.027584288855386576 0.024800191475813728 -0.053956374566776925 -0.049351305364793117 0.0028152852229199493 0.020603164881809848 0.0092980629251542997 -0.035822491228115212 0.0084870936959486575 0.010542216782018724 -0.017272583231251994 0.016531157592554569 -0.0033110862338984661 -0.022787684498972161 0.012929452186497265 0.0026621569743169871 -0.020233013648427459 -0.027593055696821352 0.017795071411119582 -0.00011810430035422625 -0.024219816425434245 -0.011854888410546677 -0.038021410501304517 0.0059486820662635071 0.0085767141692697068 -0.012939798464162908 0.022609222325276745 0.018087444176231506 0.007832986785441573 0.01294855660308003 -0.039324752039684045 0.027270025912714449 0.0023705554730316693 0.017183286690680383 -0.011628089095947973 -0.011394345895513207 0.0060768610049347672 -0.016625239412368969 -0.045981626475050483 0.011417433089544994 0.0040620709954380732 0.031764531028973982 0.0030613919340312249 0.0004449401546875861 -0.0057527489668368599 0.0030837239840547713 -0.011619379580260551 0.019092073489908573 -0.0021326126309889454 -0.011613501700572251 -0.0071400660524336612 -0.016223789504927703 -0.023083404021405546 0.014600530439299634 0.022853997683422562 0.020610549177673181 -0.045745895460009511 -0.012177339564948892 -0.019011919932711997 -0.015416813364712437 0.0082790751453726847
leaf_weight=113.92935706116259 49.431700170040131 94.686717111617327 102.37069702148438 112.84046391770244 10.759852729737757 102.16041950508952 85.80052238702774 393.3634793125093 47.510522125288844 54.136504277586937 246.10390538722277 47.198803558945656 28.595145802944899 123.29779174551368 30.55425688996911 195.29659643769264 146.16602221131325 26.234217412769794 23.195121865719557 42.03046041727066 120.80562279745936 78.970912348479033 174.37190409377217 18.54647783190012 40.066189013421535 730.5273964330554 293.26927295513451 67.850541830062866 85.449278995394707 20.285689249634743 18.61538102850318 33.739627085626125 9.6331134177744371 71.681425794959068 66.067114263772964 103.73231637105346 43.102258056402206 82.102091416716576 23.389942213892937 77.22409481741488 66.900495752692223 480.26977518200874 79.234000444412231 38.200066581368446 112.02200085669756 205.24655460938811 86.381269231438637 30.417238555848598 46.894920244812965 171.11478346586227 31.323659293353558 30.894494894891977 59.554217875003815 63.008678954094648 215.81920863687992 108.43311424553394 115.86375045776367 17.89184196293354 21.730064783245325 24.529104590415955 104.7971904464066 15.218230694532393
leaf_count=764 174 411 124 298 27 767 52 837 130 125 103 259 99 139 324 115 887 32 74 52 1223 596 1927 60 65 882 537 83 77 51 59 160 23 69 55 1016 46 195 37 351 78 780 56 74 181 480 9 222 36 355 35 142 47 108 357 94 46 88 172 28 542 36
internal_value=0 -0.0182165 0.0074805 -0.0287334 -0.0167329 -0.0120497 0.0119593 0.00185265 -0.0414968 0.00956454 0.00304546 0.00127686 -0.00701363 -0.00917883 -0.011055 0.0179698 -0.000633167 5.57807e-05 -0.0348316 0.0141067 -0.0110124 -0.0125573 -0.00745706 -0.0164096 0.00630994 0.00715123 -0.0153329 0.0173036 0.0101408 -0.00867573 -0.00565274 -0.0247745 0.00129345 0.0156033 0.00947505 -0.00844483 -0.00303939 0.00823512 0.0010433 -0.0417342 0.00706761 0.000533698 0.0259618 0.0149193 0.00454764 -0.00214479 -0.00436714 -0.000496454 0.00921101 0.00243477 -0.00107348 0.00280924 -0.0231979 -0.0285597 0.0128652 0.0176152 0.0157896 -0.0296245 -0.00922112 -0.0071682 -0.0123761 -0.00375177
internal_weight=0 1807.6 4553.24 668.143 344.364 1139.45 2535.46 2017.79 323.779 1813.08 1826.61 1433.24 212.543 951.473 183.947 722.377 1187.14 1139.94 210.938 730.643 809.262 685.964 295.178 390.787 1082.44 999.269 372.24 424.241 306.402 173.188 142.633 187.981 142.211 557.342 137.749 124.018 83.1684 882.914 105.492 100.419 220.953 1113.71 165.035 321.87 178.922 462.323 316.157 132.578 777.422 651.385 116.355 85.031 154.241 110.519 254.019 419.593 311.16 131.821 191.177 229.776 141.745 36.9483
internal_count=17271 9501 7770 3389 2428 6112 3076 4694 961 2589 3770 2933 1576 5494 1477 487 2830 2571 663 1026 4482 4343 3150 1193 1563 1452 1133 638 388 1450 1126 618 1012 379 124 1067 111 1150 232 425 311 2539 108 514 259 1404 517 989 918 1135 302 267 458 238 431 255 161 852 924 508 750 208
cat_boundaries=0 19 42 63 84 104 125 141
cat_threshold=0 32784 0 1207968000 65536 0 0 2621440 0 0 100663296 2101520 4051701760 134217728 102563840 0 0 0 32 4194304 620757008 0 0 0 33554432 134230016 0 0 0 524288 2432696320 2281836545 1075856384 152567808 0 0 0 1040 0 0 0 128 0 128 1 0 0 33554432 114720 0 0 4194304 0 1073741824 0 18350080 34 128 131329 32768 536936518 272 128 0 32 0 0 102416 0 1 0 0 1024 3072 0 0 0 2147483648 8388628 306708480 67239961 4325504 98305 24 5136 1073741888 0 0 0 8192 0 0 2147614720 1879060036 512 2097152 1 0 12 1 144 33620057 0 131072 2097152 0 0 16 33587200 2099200 2080 201326592 262144 0 16787456 2359300 1075200 8 2149711872 2151677969 0 0 131136 0 64 1073807360 1075871744 2147483649 536870912 0 0 50331652 8388608 0 0 270532608 67135105 65536 9025 0 1073743880
is_linear=0
shrinkage=0.05


Tree=38
num_leaves=63
num_cat=10
split_feature=67 0 67 3 67 0 0 0 67 0 67 0 71 67 3 47 0 67 3 73 56 46 0 70 57 63 3 10 47 51 48 70 52 51 70 67 38 65 57 0 8 63 57 53 47 59 48 70 8 51 70 64 18 64 64 57 65 42 65 3 77 64
split_gain=297.365 46.0556 32.1618 23.2628 35.1818 12.1007 11.8455 10.7621 8.3856 6.44367 5.69092 5.55561 5.22107 4.82952 4.27072 3.90264 3.22702 3.15854 3.04416 3.03061 2.77649 2.67197 2.9423 2.86761 2.60353 2.51325 3.0508 2.39145 2.88401 2.14093 2.07181 1.91627 2.37708 1.89553 4.21292 2.71355 2.55958 1.85884 1.83019 1.80902 1.75615 1.74258 1.73394 1.66001 2.41846 2.28285 1.64165 1.64034 1.70154 2.37125 2.23094 1.90931 1.62563 1.60205 1.55297 1.54957 1.46675 1.46295 1.3975 1.37337 1.3111 1.2658
threshold=96.825000000000017 0 505.10000000000008 2019.5000000000002 18.030000000000005 1 2 3 223.20000000000002 4 15.030000000000003 5 222.62546487050392 39.165000000000006 2017.5000000000002 -60.549225325161906 6 5.2150000000000007 2019.5000000000002 7 120.5872354974238 0.6830127018922193 8 1.494068600138956 1.1522648399036479 1.0000000180025095e-35 2010.5000000000002 16.727241335952172 -23.943485272985381 -219.60092997618753 430.55770260265911 1.5353870120988546 -4.9273838804991419 199.98501742803182 1.4606079854809439 2068.4500000000003 -2.7554552980815443e-16 12.005000000000001 -12.121961069171261 9 3.5000000000000004 304.36000000000007 8.2236708553178683 -101.95124033644657 -265.52051663938624 -178.26225624247658 -8.3905417155346793 7.2019395058877862 4.5000000000000009 -372.37511011029721 2.1057367635799689 1119.2500000000002 1.0000000180025095e-35 457.23000000000008 596.54750000000013 -7.9893627134208467 989.98000000000013 -1.0000000180025095e-35 30.040000000000003 2019.5000000000002 1.5000000000000002 1162.7075000000002
decision_type=2 9 2 2 2 9 9 9 2 9 2 9 2 2 2 2 9 2 2 9 2 2 9 2 2 2 2 2 2 2 2 2 2 2 2 2 2 2 2 9 2 2 2 2 2 2 2 2 2 2 2 2 2 2 2 2 2 2 2 2 2 2
left_child=1 10 7 5 17 15 12 14 11 -7 60 38 47 -6 -2 55 18 -5 20 -18 -13 22 23 -8 37 -11 -27 42 -29 -25 39 -21 -33 35 -35 36 -24 -12 -9 -28 -16 59 -15 -43 -45 -46 -10 48 50 56 61 -51 -19 -47 -17 -3 -50 -40 -59 -38 -1 -4
right_child=2 3 6 4 13 9 21 8 46 25 24 16 -14 27 40 54 19 52 -20 31 -22 -23 33 29 -26 26 30 28 -30 -31 -32 32 -34 34 -36 -37 41 -39 57 -41 -42 43 -44 44 45 53 -48 -49 49 51 -52 -53 -54 -55 -56 -57 -58 58 -60 -61 -62 -63
leaf_value=-0.038518568394478259 0.015907415948367566 0.030407268372901315 0.014978780688466406 -0.053608045731209301 -0.020528587190341799 -0.019238098561799574 0.0093749339885102322 -0.0032018821164132316 0.0026453040025245034 -0.017422258074466471 -0.028839753908689619 0.0092534973221456325 0.031360893982639734 -0.0086375882156145729 0.015009532484423133 0.00041477243893970402 0.00075114473200520995 -0.033890131006229195 -0.001442777130726474 -0.001699613113512433 0.034919901738867637 0.016272984088225025 0.016256125239280023 0.0045952134729193876 -0.037336995160821791 0.0050576080508209246 -0.012666917778209094 -0.0092612303829022868 -0.043280626950639944 -0.015662805325813954 0.025454272066093905 -0.0037036635130038471 -0.019209465420650575 0.011553598903731727 -0.0056307061590443819 0.021424648611093829 -0.0025868680441534196 -0.01654566334571694 -0.0045691585616459279 -0.0044033830277094548 0.0041374539702313164 0.014525305256550332 -0.02031286645165329 -0.0028759387328178196 0.014291464957502893 0.0015194440319884319 0.0065769884639016122 0.023020622856862419 0.01180493565871428 0.011927816668800016 0.010156232079719768 -0.0017075589676745944 -0.051055466284023722 0.0093832723917067901 0.024858159961903502 0.010803883614297474 0.02437883218335191 -0.035281575506369713 -0.017153109350586858 0.0071792278709807882 -0.050925448554105301 0.022179536895944246
leaf_weight=140.35844542086124 208.03452995419502 18.82732405513525 91.88030980527401 36.825625928118825 167.10040425509214 125.30383722484112 44.259044796228409 30.288169171661139 524.66571084409952 46.494919016957283 73.296491235494614 51.50031404197216 65.295335412025452 377.00926122255623 45.655106067657471 108.59664942696691 309.79939605668187 88.090952480211854 55.638742063194513 74.494992177933455 13.246997743844984 126.99141484498978 124.84393435716629 21.420815587043762 48.253383979201317 62.157803643494844 108.11149087548256 13.003123022615911 11.960218448191879 33.343471564352512 4.8730382807552806 44.624570604413748 55.405137494206429 82.130529463291168 63.044331729412079 51.151288196444511 53.95069969445467 52.962474256753922 16.450341168791056 250.76974512264132 199.21486650034785 140.90959410369396 34.730389501899481 43.554867506027222 159.06146305799484 95.128608509898186 537.48450712114573 84.200913488864899 48.770182654261589 70.422138959169388 77.585181176662445 40.402700066566467 16.353504072874784 202.91851282119751 6.9115508496761313 21.698648780584335 44.223836302757263 13.915680851787327 45.036260239779949 108.18471892178059 25.10188876837492 181.77200227975845
leaf_count=456 430 81 82 127 762 1573 28 149 873 74 106 210 54 659 34 821 826 528 155 304 34 73 134 11 102 350 1464 62 60 96 16 86 98 116 95 35 104 70 99 2578 531 161 266 39 127 105 699 36 72 99 38 55 77 299 12 67 44 51 199 65 81 116
internal_value=0 -0.0162588 0.0077818 -0.0122083 -0.018555 -0.00609654 0.0122913 0.00361679 0.00181212 -0.00924618 -0.0327926 -0.00238278 0.0176429 -0.0132996 0.0104099 0.00616601 -0.000418257 -0.0410172 0.00658711 -0.00225758 0.0145047 0.00930076 0.00865332 -8.15739e-05 -0.0274582 -0.00625201 -0.0051794 -0.0105335 -0.0255603 -0.00773897 -0.00692868 -0.00734964 -0.0122921 0.00933995 0.00409106 0.0102131 0.00959547 -0.0236827 -0.0124092 -0.00736839 0.00616451 0.00856084 -0.0096224 0.00973123 0.00838196 0.00945465 0.00463487 0.0165177 0.0155312 0.0118971 0.0176401 0.00695686 -0.0365778 0.00687335 0.00187737 0.0199111 0.0177845 -0.0177534 -0.0214324 0.00392955 -0.0404008 0.0197618
internal_weight=0 1838.79 4280.9 1498.82 745.073 753.745 2055.45 2225.46 1772.55 597.711 339.973 710.401 704.553 603.803 452.905 156.034 604.71 141.27 120.386 484.324 64.7473 1350.89 1223.9 99.0233 174.512 472.407 425.912 436.703 24.9633 54.7643 363.754 174.525 100.03 1124.88 145.175 979.704 928.552 126.259 105.69 358.881 244.87 803.708 411.74 641.573 500.663 457.109 1062.15 639.257 555.056 203.819 351.237 110.825 104.444 298.047 115.508 40.526 92.994 75.4023 58.9519 162.135 165.46 273.652
internal_count=17254 10392 6862 9577 2541 7036 2084 4778 3783 6055 815 2211 596 1809 995 981 1713 732 399 1314 244 1488 1415 135 278 4482 4408 1047 122 107 4058 488 184 1280 211 1069 1034 176 498 4042 565 900 925 731 570 531 1572 542 506 270 236 154 605 404 833 148 116 349 250 169 537 198
cat_boundaries=0 15 35 56 77 96 117 137 138 159 178
cat_threshold=4194304 654311424 1048576 134217856 0 33554432 0 2097152 0 0 786432 2474639376 2433093632 1207959552 252444672 2162688 1073741824 16777216 0 33588352 2621440 33554432 2147483648 0 0 18882560 67371012 1050624 0 2147614720 1090519092 0 0 131144 65536 0 0 3581936128 32 74752 0 4 0 0 0 0 0 0 0 16384 8388624 13107200 100794368 0 98304 8 0 32 0 16 65584 20480 0 0 262144 270848 3072 2097152 1 0 0 4 1024 104923243 131072 131072 32 0 16 4194304 8960 16 0 32 524288 512 0 1186988032 1053024 1753219072 14681088 1114112 0 0 0 1072 0 0 8388609 0 0 33554432 144 0 0 0 0 3221225472 0 34603008 34 301990016 0 4096 536936460 272 64 0 1073741824 0 0 128 0 2048 1073741824 0 8388616 66048 0 0 0 12 2147484171 0 268435456 0 32768 27330080 0 0 0 0 0 0 0 0 0 0 0 0 0 0 0 67108864 130 0 2 1 4 0 0 268435456 1140867088 65536 0 268435458 17825792 0 0 3087007744 542848 106954752 33046 4194304 0 0 2147483648 256
is_linear=0
shrinkage=0.05


Tree=39
num_leaves=63
num_cat=10
split_feature=66 65 0 67 0 67 57 0 66 64 37 0 67 51 0 66 9 0 59 8 53 56 73 70 44 0 68 58 53 70 59 37 0 8 67 8 0 58 55 57 91 67 89 70 58 49 10 53 91 8 65 63 50 58 1 47 51 70 11 59 57 34
split_gain=267.227 46.6364 29.7499 23.5223 16.7852 12.9775 10.5289 9.59868 7.6818 7.25916 6.63239 6.00982 4.14397 4.12113 3.98192 6.17979 4.60983 3.8222 3.66513 3.61015 3.5788 3.6421 3.51679 6.56247 3.49452 6.04174 3.3823 3.15781 2.85029 2.80867 2.70266 2.92156 2.62997 2.51129 2.48059 2.38934 2.35241 2.30853 2.25986 2.16163 3.28283 1.97462 1.96209 1.88723 1.87622 1.83 1.80031 1.75884 1.60989 1.59763 1.5931 1.55334 1.53394 1.57164 1.51392 1.48485 1.86336 1.41164 1.34657 1.34231 1.33472 1.31102
threshold=56.343333333333341 38.025000000000006 0 16.965000000000003 1 317.44000000000005 -6.4500378799370131 2 1110.511666666667 8.9775000000000009 1.0000000180025095e-35 3 44.185000000000009 -1200.682868630244 4 7.7183333333333346 -18.593266739736602 5 -275.69640563998081 7.5000000000000009 163.56234560852099 260.41100013615551 6 4.883356734787248 0.6830127018922193 7 0.58333333333333337 224.27545419789706 152.40419402176323 9.8414211667858087 -608.65975070699437 1.0000000180025095e-35 8 5.5000000000000009 6.5000000000000009 2.5000000000000004 9 7.2081772216474436 74.272587413157595 5.9417863320336428 1.5000000000000002 3.0600000000000005 1.0000000180025095e-35 3.8136164705777191 0.83592054522330284 7.55250695730592 -3.5000000000000004 120.36213298702586 1.5000000000000002 4.5000000000000009 9.0900000000000016 32.858928571428578 425.16946343858865 66.688802030262693 9.5000000000000018 -94.138502635455566 -128.4426972274031 0.22602135018987804 0.25000000000000011 -190.31727279577959 -35.059958640698788 -1.0000000180025095e-35
decision_type=2 2 9 2 9 2 2 9 2 2 2 9 2 2 9 2 2 9 2 2 2 2 9 2 2 9 2 2 2 2 2 2 9 2 2 2 9 2 2 2 2 2 2 2 2 2 2 2 2 2 2 2 2 2 2 2 2 2 2 2 2 2
left_child=1 3 8 6 20 22 10 27 13 41 44 37 -13 -2 35 16 -16 19 -10 28 21 43 50 32 25 -7 -17 49 38 -25 -27 52 -24 -19 57 -9 -28 -5 -15 -38 54 -8 59 -4 -1 -14 -12 -34 -18 -3 -6 -39 53 -32 -41 56 -33 -11 -37 -35 -57 -46
right_child=2 7 4 11 5 24 9 14 18 34 46 12 45 17 15 26 48 33 -20 -21 -22 -23 23 29 -26 30 36 -29 -30 -31 31 55 47 42 -36 58 39 51 -40 40 -42 -43 -44 -45 61 -47 -48 -49 -50 -51 -52 -53 -54 -55 -56 60 -58 -59 -60 -61 -62 -63
leaf_value=-0.051854800589404781 0.028299575290461912 0.0067912775791172143 -0.0054193763031265352 -0.036345786422375903 0.00867769563827917 -0.0054050492287235326 -0.057590642304223921 0.011321535242082788 0.025841787697538983 -0.029528220002080986 0.0084783870490048301 -0.016760190769095691 -0.0043716398161994163 -0.0040680048176098427 0.0050894335418889157 -0.002425691068560241 -0.02420828167016998 0.014926591897654004 0.015511797975361286 0.012909014722283927 -0.023031819901069145 0.011071950062199375 0.0057257213796979177 -0.021422068023398307 0.015340623266309091 0.015755888415193601 -0.0036161421887185444 0.01676589655773655 -0.013779024838350116 -0.0041974771641304556 -0.0026462560775670461 0.012157726435190117 -0.00058011243670568044 0.017664677177181717 -0.027146614938062027 -0.0060506262831228168 -0.012239581830976757 -0.020194179357011292 0.016689324619020413 -0.013390421086696511 -0.052707055260787651 -0.04271767139652579 0.00079542365204140651 -0.017275056235786835 -0.0099421506381500054 -0.017219896239919562 -0.012407700005657128 -0.014280521785994087 -0.042754334817211609 -0.0054522056616804222 0.0028683280828050994 -0.033781334775489669 -0.003865234420168662 0.0070490666048202439 -0.032370032739690517 0.016415851464390185 -0.00090701763228079172 -0.043903679675829026 0.016179785836182067 0.0079828680112075581 0.010063883124720528 -0.030190289192041489
leaf_weight=7.8567466139793387 34.190264031291008 50.975370399653912 145.87824491411448 44.596098981797695 153.75550425797701 81.994673281908035 32.44298368319869 27.682397652417421 158.91431227326393 27.117952523753047 19.653459312394261 263.97286991402507 142.50154127925634 33.61800616979599 12.628926627337931 132.34619073197246 69.96382987126708 381.02883431315422 186.80700409412384 55.182522885501385 34.259631037712097 28.336191080510616 184.30543699860573 49.523298278450966 160.13352918624878 113.35729791224003 92.594379149377346 40.652812719345093 37.941839933395386 45.330070428550243 43.810105197131634 58.058971792459488 296.58588660880923 53.479301080107689 134.59472049027681 124.6883601937443 163.58382332697511 98.438260082155466 21.496938124299049 37.652105532586575 8.20508975535631 71.498249616473913 63.218885563313961 43.599304735660553 10.527854071930049 34.405508708208799 21.719655852764845 25.435103729367256 14.051325116306542 55.822165694087744 507.63407414779067 26.751890063285828 36.318687289953232 910.71019069105387 14.573422770947216 141.70914968848228 51.501531600952148 46.123323673382401 7.2056684195995322 108.29061539471149 198.61001223325729 33.21835583075881
leaf_count=7 39 270 587 82 25 64 56 189 87 196 39 1914 562 104 10 86 387 485 124 110 39 29 729 85 50 88 909 70 52 35 104 47 801 88 898 1296 644 198 26 308 15 311 183 281 105 220 75 65 30 587 712 52 70 1437 82 68 60 121 9 212 157 349
internal_value=0 -0.015581 0.00695625 -0.0228202 0.00451398 0.00554271 -0.0321677 -0.00695948 0.0139231 -0.0365715 -0.0174003 -0.0166247 -0.0125081 0.011321 -0.00930855 -0.0113981 -0.0230763 0.0105514 0.0202601 0.00260088 -0.00770423 -0.00564708 0.00167626 -0.00110263 0.00829133 0.00760136 -0.00913813 0.00459456 -0.00323233 -0.0131905 0.00826917 0.0077375 0.00114009 0.0122511 -0.0311761 -0.00191329 -0.011944 -0.0250991 0.00402815 -0.0145742 -0.0233058 -0.0473599 0.00826463 -0.0081474 -0.0293578 -0.00687041 -0.00248619 -0.00161219 -0.0273101 0.000391713 0.00415601 -0.0230976 0.00622033 0.00660408 -0.0186866 0.011079 0.00601633 -0.0385811 -0.00483613 0.0111836 0.0127088 -0.0253174
internal_weight=0 1868.05 4445.02 1015.42 3310.85 3058.77 404.753 852.626 1134.17 311.777 92.9761 610.666 440.88 788.447 705.176 545.599 96.6441 754.257 345.721 148.239 252.073 217.814 1262.57 601.18 1796.2 1636.07 448.955 147.45 93.0568 94.8534 1554.08 1440.72 506.326 606.018 207.836 159.576 316.609 169.786 55.1149 224.014 60.4306 103.941 224.989 189.478 51.603 176.907 41.3731 322.021 84.0152 106.798 661.39 125.19 990.839 954.52 52.2255 449.88 109.561 73.2413 131.894 161.77 340.319 43.7462
internal_count=17120 10077 7043 5185 5533 4597 2157 4892 1510 1582 575 3028 2696 1299 3965 2471 427 1260 211 292 936 897 2452 1715 2145 2095 2044 927 182 120 2031 1943 1595 968 1215 1494 1958 332 130 1049 405 367 483 868 461 782 114 866 417 857 737 250 1611 1541 390 332 107 317 1305 300 225 454
cat_boundaries=0 20 41 62 85 101 121 122 143 162 181
cat_threshold=4096 32 3573547520 0 95232 0 0 0 0 1024 3072 0 1 0 16384 8388624 46661632 100663320 268435584 98304 65568 0 0 2 0 0 50176 8 0 0 0 1073741824 0 302514176 32 268435456 805437440 53248 134217798 272 112 2162688 136314880 83886080 536870913 33587328 2097152 0 2147483648 262144 4194304 10240 262145 1050624 8 2147483648 22 0 0 131136 0 64 4194304 956301312 0 0 0 33554432 8192 2097152 0 0 524288 2952790016 134615041 1207959552 152043520 0 0 0 1056 0 0 0 128 1073741824 0 8388609 0 66560 526336 33554432 201326592 131072 0 285212672 90112 24576 614 19005440 3221227529 0 0 352321536 0 24576 0 0 0 0 0 0 0 0 0 0 0 0 0 268435584 65536 14951072 0 0 0 0 0 0 0 0 0 0 4096 0 0 0 0 67108864 0 0 0 1 12 2147483648 1073741888 0 16 0 0 0 1073741824 0 2147483648 512 0 1048576 1048576 12 1 0 65638 256 0 1074823168 2151677952 16 0 0 150994944 0 0 0 135365120 620757516 98304 8464 0 20971552 0 0 8
is_linear=0
shrinkage=0.05


Tree=40
num_leaves=63
num_cat=10
split_feature=67 65 0 66 67 3 3 72 0 67 66 42 66 70 0 3 70 66 0 0 66 49 70 22 72 10 53 50 80 0 73 19 70 3 70 68 66 4 49 8 56 48 10 50 0 54 30 49 49 3 66 41 70 91 51 67 70 90 47 65 3 68
split_gain=259.709 35.6041 34.1194 21.8808 19.394 18.9716 9.61563 8.43453 7.43391 6.97243 5.63089 5.26794 5.09233 4.32 4.18735 4.067 4.271 4.14634 3.64047 3.53934 3.50162 3.2863 3.18742 2.99348 2.73999 2.47116 2.44751 2.37326 2.31094 2.22676 2.34595 2.20588 2.12248 2.45556 2.7155 2.11115 2.10074 3.03803 2.84116 2.03365 1.9921 2.41409 1.98921 1.98867 2.08575 1.95365 1.89088 1.88695 1.87649 2.18303 2.28511 2.11343 1.91297 1.79205 1.74459 1.98861 1.7494 1.73724 1.72669 1.63848 1.60218 1.52561
threshold=74.090000000000018 38.025000000000006 0 7.0233333333333343 223.20000000000002 2019.5000000000002 2018.5000000000002 1 2 19.135000000000002 3583.2166666666672 -0.93301270189221908 21.736666666666668 0.34893868940885769 3 2018.5000000000002 1.7305245644940304 1110.511666666667 4 5 4.078333333333334 54.61842186487236 2.0324433847723595 -0.68301270189221941 6 5.3480762113533169 226.64771754446028 -9.1723425461777737 1.0000000180025095e-35 7 8 1.0000000180025095e-35 20.475709417428465 2019.5000000000002 2.5584139474879337 0.83333333333333337 236.67833333333337 0.93301270189221952 165.5687176415307 5.5000000000000009 1014.8986466016598 -46.218565779569126 21.650635094610966 -14.233041763630839 9 492.67546508427557 1.0000000180025095e-35 -89.595144041090364 -1.0607841375791016 2019.5000000000002 97.166666666666671 0.68301270189221941 2.6786117953919724 1.5000000000000002 -35.397143544452241 1487.8600000000004 1.311658637276351 1.0000000180025095e-35 75.666836556377589 48.110000000000007 2010.5000000000002 0.58333333333333337
decision_type=2 2 9 2 2 2 2 9 9 2 2 2 2 2 9 2 2 2 9 9 2 2 2 2 9 2 2 2 2 9 9 2 2 2 2 2 2 2 2 2 2 2 2 2 9 2 2 2 2 2 2 2 2 2 2 2 2 2 2 2 2 2
left_child=1 3 10 5 8 11 14 24 21 58 15 -1 27 -10 31 17 18 19 -17 26 -7 59 53 -13 47 57 -2 -5 -22 -15 -31 39 33 34 -29 -35 38 43 -9 -3 41 -21 60 54 -45 -46 -37 -6 61 52 51 -51 -50 -11 55 -38 -56 -25 -8 -4 -16 -32
right_child=2 6 4 12 7 20 9 36 13 22 -12 23 -14 29 42 16 -18 -19 -20 40 28 -23 -24 25 -26 -27 -28 32 -30 30 48 -33 -34 35 -36 46 37 -39 -40 -41 -42 -43 -44 44 45 -47 -48 -49 49 50 -52 -53 -54 -55 56 -57 -58 -59 -60 -61 -62 -63
leaf_value=-0.00019721275589191373 0.0094126730824174408 0.0056824142663369917 -0.020604083552396443 -0.01647044122549373 0.00073724292365255693 -0.050247198762021716 -0.027255711550352182 0.0058527057739286483 0.0095473601602016483 -0.015385333255239062 0.026930959555031542 -0.053803258574121451 -0.010996319316961302 0.0029523532490499278 0.00589738558891409 0.0094743893719175659 0.014198104775740728 0.023586340997081748 -0.0022529628190254072 0.00884036910696708 -0.032861640073967066 -0.037418245689629918 -0.0060134689905276782 -0.012705127561086136 0.00085772615666994108 -0.033837012990005383 -0.00922290934283501 -0.015917033231366246 -0.053898171025015262 0.002035462383185983 0.0074373792781405462 0.017448658725405779 -0.0088739753224936681 -0.021736284672124975 -0.043234311199940097 -0.04020473861261907 0.010138906755460397 -0.0019943703205625531 -0.0057257290947164115 -0.0085203563616866058 0.025377682646932492 0.017652081238448785 -0.034153586028180152 -0.0023025535327351825 0.0064185133309483059 0.019979574247353415 -0.02315941692774591 -0.017967166282750774 0.0025911892008367602 -0.022382396514546297 -0.0031327915930654351 -0.0070286473124520719 -0.021625259027292208 -0.037231757202120942 0.010601555738506433 0.017374834792382807 0.0026103114565487703 -0.027060503850345436 -0.049882298178694405 -0.006363192521324482 -0.0080866423820404876 -0.0036731879781580108
leaf_weight=26.176521942019463 44.206878751516342 78.665059261023998 33.975435692816973 172.67275390215218 20.110751636326313 104.19360450655222 37.329328563064337 477.14754881337285 92.162751883268356 125.79954912513494 73.516361355781555 8.3046050295233709 190.95498913340271 184.00636341422796 23.045881230384111 160.91621901094913 242.91657443344593 124.94001796841621 107.47823835164309 128.96068549901247 71.753255436196923 15.185472965240477 127.64361358433962 53.998148247599602 276.62657369673252 36.044577624648809 29.29437118768692 75.538978101685643 15.958696791902183 162.21766898408532 34.927481971681118 25.228095181286335 20.535681843757629 46.376155639067292 10.342997141182421 55.354488916695118 579.74838235974312 69.347988069057465 59.600981473922729 37.086301404982805 44.99360678344965 195.64871029555798 6.729508113116025 67.110344737768173 338.97123005241156 28.815894812345505 23.043320924043655 40.919414974749088 55.505282457917929 58.628328647464514 48.073096707463264 36.283975046128035 9.5596068017184717 10.144019303843377 137.14722792804241 113.54828509688377 136.79634056985378 34.565930912271142 10.891928680241106 49.808061562478542 184.16089195758104 267.71971434727311
leaf_count=116 92 565 138 885 31 335 189 589 276 787 38 13 945 749 242 167 147 81 274 204 229 51 79 409 504 316 44 849 52 106 19 71 6 168 62 307 547 119 71 429 60 276 23 55 643 27 84 89 317 152 120 21 83 53 209 65 162 303 29 182 1953 1053
internal_value=0 -0.0173284 0.00602614 -0.0235663 0.00346304 -0.0334664 -0.00847942 0.00599957 -0.00218152 -0.0148857 0.0134252 -0.0206993 -0.0177244 -0.000731077 -0.00285125 0.0126297 0.00939469 0.0155416 0.00504725 0.0132732 -0.0440504 -0.0145471 -0.0116877 -0.024737 -0.00136494 -0.0227999 0.00174759 -0.0209055 -0.0366891 -0.00184506 -0.00315391 0.0037834 -0.024218 -0.0257138 -0.0192069 -0.0301924 0.00720871 0.00822129 0.00456703 0.0011319 0.0151092 0.0141514 -0.00706973 0.00872655 0.00591834 0.00728299 -0.0351946 -0.0101419 -0.00480969 -0.00855936 -0.0120143 -0.0165128 -0.000966793 -0.0170155 0.0099892 0.011324 0.00661105 -0.0183079 -0.0323665 -0.0121381 -0.00653132 -0.00239096
internal_weight=0 1612.54 4546.82 945.815 3393.94 350.995 666.724 2345.89 1048.05 311.808 1152.87 159.09 594.819 949.084 354.916 1079.36 511.311 568.044 268.394 443.104 191.906 98.969 263.587 132.913 337.657 124.609 73.5012 403.864 87.712 856.922 672.915 140.979 231.192 210.656 85.882 124.774 2008.23 1471.49 536.749 115.751 369.603 324.609 213.936 1402.14 434.897 367.787 78.3978 61.0302 510.697 208.05 142.985 94.9123 65.0649 135.944 967.24 693.297 273.944 88.5641 48.2213 83.7835 207.207 302.647
internal_count=17260 9499 7761 5079 6378 1773 4420 3111 3267 1137 1383 1157 3306 2896 3283 1345 588 757 441 676 616 371 919 1041 624 1028 136 2361 281 2620 1871 1065 1476 1470 911 559 2487 1827 660 994 540 480 2218 1708 725 670 391 120 1765 693 293 173 400 840 983 612 371 712 218 320 2195 1072
cat_boundaries=0 20 43 64 83 103 121 137 155 156 177
cat_threshold=4096 32 3581936128 0 91168 0 1 0 0 268436480 1024 0 1 0 16384 8388628 38273024 67239937 0 98305 0 0 2147483648 16385 0 0 0 0 0 1342177280 268435456 0 1085636608 35328 50331648 192938112 0 0 0 4096 2621442 0 1024 0 0 0 0 0 33554432 65540 8 0 0 524288 2885681152 0 16777216 0 306184192 131072 0 65540 16 32 1075838976 1075838976 16777216 0 98304 526336 587202560 134217728 393216 0 16785408 91648 1050624 0 2097152 1073741882 0 0 72 0 0 512 0 0 0 1 0 0 268436480 0 0 0 0 16384 8388608 34078720 0 0 32768 0 0 83886080 0 24576 0 0 0 0 0 0 0 0 0 0 0 0 131072 0 0 0 0 0 0 0 0 0 268435456 0 0 8388608 0 50331648 8388608 0 1073741824 0 0 33554560 528416 0 3221225472 262144 4194312 8704 2359296 0 2281701384 12 2147483691 1 268435456 8397568 2147483648 0 0 0 0 0 0 0 0 1073741824 0 0 0 0 2147483648 67108864 0 0 268435456 4 4
is_linear=0
shrinkage=0.05


Tree=41
num_leaves=63
num_cat=10
split_feature=66 0 0 3 66 66 0 72 70 72 49 66 66 0 0 49 57 56 91 55 66 64 71 56 69 63 58 63 63 3 3 0 65 53 66 52 9 54 8 65 64 73 70 0 65 57 18 54 66 3 70 66 55 51 65 70 8 3 54 5 70 60
split_gain=222.579 35.632 29.0407 20.9876 35.1454 14.648 10.4186 7.50168 7.03874 6.00119 5.95985 5.72348 5.09105 4.95751 4.10412 7.57188 3.4529 3.42744 3.31814 3.11242 3.01114 2.88433 2.83992 7.16498 2.73124 3.10699 2.62806 2.53703 2.26314 2.62612 2.19831 2.19567 2.19394 2.09629 2.71448 1.86471 1.85442 2.87846 2.11904 1.75032 1.765 1.9679 2.13379 1.74658 1.72451 2.80475 1.68885 1.64479 1.63772 1.59109 2.52418 1.56578 2.02897 1.50321 1.49717 1.45267 1.38409 1.32473 2.4656 1.31417 1.30552 1.29197
threshold=45.833333333333336 0 1 2019.5000000000002 6.0900000000000007 193.11833333333337 2 3 1.2269339435455338 4 6.1132021070493829 5.0100000000000007 3583.2166666666672 5 6 221.79793881121054 -3.9102816393244919 6.004054678487794 1.5000000000000002 -58.581871935282841 1.7383333333333335 2648.7900000000004 33.238852640078363 670.12108316759327 0.83333333333333337 1392.91875 21.847121229193881 40.462689393939399 1.0000000180025095e-35 2013.5000000000002 2021.5000000000002 7 214.58500000000004 -380.0986768635716 878.08333333333337 -639.63269741007082 1.7757378587636622e-15 623.86900743201147 4.5000000000000009 939.67500000000007 36.117500000000007 8 1.5717637003460945 9 6.0850000000000009 2.9808565835167253 -0.93301270189221908 492.67546508427557 34.368333333333347 2019.5000000000002 1.2818956882707677 1196.5716666666669 166.43825463320178 -91.889631800447617 1437.5000000000002 20.475709417428465 4.5000000000000009 2018.5000000000002 104.63330639720188 -0.68301270189221941 6.3634107398572057 -120.0125479181456
decision_type=2 9 9 2 2 2 9 9 2 9 2 2 2 9 9 2 2 2 2 2 2 2 2 2 2 2 2 2 2 2 2 9 2 2 2 2 2 2 2 2 2 9 2 9 2 2 2 2 2 2 2 2 2 2 2 2 2 2 2 2 2 2
left_child=1 11 12 6 20 7 19 -4 -6 32 26 -1 21 -8 49 17 -13 -16 48 -3 -5 33 23 24 -11 31 55 60 -15 -30 -22 46 61 34 59 -35 47 38 -38 40 -29 42 -42 -31 -18 -46 56 57 -12 53 -51 52 -24 -9 -49 -10 -26 -37 -59 -2 -19 -7
right_child=2 3 5 4 8 9 13 14 10 22 18 16 -14 28 15 -17 44 27 -20 -21 30 -23 51 -25 25 -27 -28 39 29 43 -32 -33 -34 35 -36 36 37 -39 -40 -41 41 -43 -44 -45 45 -47 -48 54 -50 50 -52 -53 -54 -55 -56 -57 -58 58 -60 -61 -62 -63
leaf_value=-0.041942416567422709 0.0095220799104033787 0.032908067347720803 -0.0094809711943883088 -0.056804417119018007 -0.0224124213353981 -0.0024507707042518779 -0.017809578549049805 0.019333725517551175 -0.014447821274858328 0.010913432087505628 -0.030991155983347264 -0.020511512953439517 0.026653810685901683 -0.017809148380346564 0.0068649899449063053 -0.023959443120240922 -0.041440055595085602 -0.0059920815546244477 -0.051213680800394901 0.0048605052125911341 -0.032367935848613021 0.022083643474242062 0.012094272737518038 -0.015512389545843379 0.022059057883993351 0.019091837168320681 -0.0034503956677155801 0.0078620036689200021 0.0010084200433473768 -0.0016499012691409379 -0.04952334607372634 0.0029935009229331067 -0.00042954715915188477 0.018783381447207169 0.013520372670826775 0.0095229901933261626 0.019721175160941559 0.0067012094783983969 0.011291498598621951 0.012592924017382604 -0.0009841442652479594 -8.7644764786205329e-05 -0.013251653511879248 -0.010737107383303994 -0.02113247025234602 -0.043934634526555577 0.0065516893035329066 0.021168108581562397 -0.0053858410777332761 -0.0084852051581328514 0.0071074881611440932 0.014391656998331587 0.0031940123083158212 0.007375856302759303 0.0070470494043415382 -0.0066003659864306997 0.0071465368219324954 0.013111735160058756 -0.0042257805347020519 -0.0047975654145188465 -0.025723556540142373 -0.022660752731149772
leaf_weight=98.402896344661713 22.772323228418827 10.736304819583891 184.33392766863108 30.938726494088769 151.97175824455917 11.7375515922904 113.32206148281693 35.163799978792667 158.32960614934564 274.11239850521088 13.344294292852284 98.1534513682127 63.991400241851807 36.604551870375872 168.44424643740058 33.043641477823257 41.792550630867481 20.023921754211187 11.742418024688957 125.65284108743072 52.410371170379221 67.739682912826538 142.87136736512184 38.230353832244873 34.75528222322464 39.905221164226532 167.78906941413879 54.29646423459053 129.44360885024071 99.211226504296064 29.00947386957705 697.59722255170345 59.581145152449608 99.594288885593414 61.843407943844795 131.37583102285862 175.5142540037632 109.83700899779797 129.60133335739374 25.139494925737381 72.397735290229321 552.79039253666997 69.451407752931118 158.56284597702324 42.789137713611126 19.692485630512238 387.57505415380001 41.83371065557003 11.737779598683117 36.302583828568459 91.056620217859745 160.42455983161926 116.04453377425671 104.04547699540854 34.047550112009048 93.974591407924891 28.172263354063034 31.104512192308903 60.183915711939335 54.055076383054256 14.420184567570685 24.236907936632633
leaf_count=363 66 38 806 72 1058 25 1501 91 554 127 107 117 37 59 53 30 96 160 21 738 214 49 91 49 50 41 117 79 1205 967 66 1264 50 119 39 268 147 76 268 25 296 1209 44 1914 105 53 653 44 44 162 131 70 93 406 70 39 67 50 93 146 88 93
internal_value=0 -0.0154794 0.00573872 -0.0118204 -0.0178322 0.00347368 -0.00555829 -0.000328411 -0.0130909 0.00624716 -0.00999057 -0.0310196 0.0128549 -0.0086042 0.00105916 -0.000415414 -0.0272422 0.000376659 -0.0292779 0.00658551 -0.043526 0.0121149 0.00683693 0.00585584 0.00641456 0.00537652 -0.00829988 -0.000975098 -0.00578907 -0.00480229 -0.0384803 0.00489981 -0.00571818 0.0114054 0.00572329 0.0123745 0.0114799 0.013642 0.0161406 -0.000384281 -0.000819886 -0.00149851 -0.00653014 -0.00772019 -0.0335779 -0.0283191 0.00761619 0.00847467 -0.0190085 0.00645923 0.00266293 0.0105102 0.00810523 0.0103964 0.0148321 -0.0115249 0.0153828 0.00630816 0.00168159 -0.000553095 -0.0142528 -0.0160667
internal_weight=0 1695.61 4559.65 1394.78 721.248 3476.15 673.533 1460.91 608.89 2015.24 456.918 300.831 1083.49 537.144 1276.58 1010.01 202.428 976.964 36.8245 136.389 112.359 1019.5 1919.69 1500.35 1462.12 1188.01 420.093 808.52 423.822 387.218 81.4198 1148.1 95.5556 951.763 138.671 813.092 713.498 414.953 305.116 774.075 748.936 694.64 141.849 257.774 104.274 62.4816 450.503 298.546 25.0821 266.568 127.359 419.34 258.916 139.209 75.8813 252.304 62.9275 222.664 91.2884 76.8274 34.4441 35.9745
internal_count=17173 9448 7725 8714 2292 6253 6422 3580 1940 2673 882 734 1472 5646 2774 1984 371 1954 172 776 352 1435 2505 2251 2202 2075 710 1901 4145 4086 280 2034 168 1386 251 1135 1016 491 415 1653 1628 1549 340 2881 254 158 770 525 151 790 293 254 184 497 114 593 117 411 143 212 248 118
cat_boundaries=0 23 44 63 86 107 126 147 167 168 187
cat_threshold=4194304 654311424 1048576 134217856 0 33554432 0 2097152 0 0 786432 2197815312 2969964545 134217728 118226944 0 0 0 0 0 0 0 128 4096 32 2508194304 0 73744 0 0 0 0 536871424 3072 0 1 0 16384 8388624 34078720 67305480 128 98305 4 65536 1048576 16777216 536870912 167806080 2097152 33554464 201326592 131072 0 2099200 335545349 1067008 0 2147614720 1073741844 0 0 131136 0 0 16777217 131136 0 0 2048 0 2097152 3221225472 16777769 0 536870944 33280 1048576 8388608 16781312 256 536870912 2688 4 5120 1024 0 0 2147483648 0 0 0 0 0 0 268435456 0 0 8650752 0 0 41943040 0 128 0 0 128 0 16 0 1073750785 0 0 402653184 524288 512 0 3330277376 1052768 142606336 14681088 135331840 0 0 0 1312 0 1073741888 0 0 128 1074270208 8208 3221225472 131072 0 512 2097152 0 0 12 557 1924 96 131072 0 32 3072 0 0 0 33554432 0 1 0 2147483648 1342972932 0 0 0 0 0 0 8390144 37748819 0 131072 33556640 1075838976 1073774592 2155872257 0 589824 526336 16777216 8388608 0 0 553656320 270344 73728 4745 2097152 2147485736 0 0 8
is_linear=0
shrinkage=0.05


Tree=42
num_leaves=63
num_cat=9
split_feature=66 0 0 3 67 66 0 72 55 66 0 57 67 66 3 53 0 49 63 0 67 55 43 8 67 65 5 57 57 68 49 0 1 0 49 21 68 8 55 54 50 54 71 63 57 90 3 65 4 9 57 77 8 3 9 71 67 55 53 63 1 77
split_gain=201.818 37.6446 22.2366 21.2476 29.0808 12.4006 9.46111 6.80411 7.11022 5.99499 5.65031 5.19825 4.88888 4.86493 4.83899 4.58864 4.35252 3.5836 3.01786 2.72791 2.60774 2.41771 2.65595 2.38051 3.11026 2.46379 2.37829 2.37335 2.82313 2.36127 2.28865 2.2104 2.14233 2.13048 2.10395 2.08497 2.05717 2.00164 1.97261 1.93992 2.17356 1.93374 1.91626 1.85546 1.77 1.68856 1.63263 2.08162 1.69016 1.59027 1.52029 3.08172 1.73886 1.46192 1.41998 1.36158 1.34817 1.33701 1.32331 1.31473 1.28953 1.26669
threshold=45.833333333333336 0 1 2019.5000000000002 17.970000000000002 118.03166666666668 2 3 197.92231044763369 3.6800000000000002 4 3.7569463546817876 862.87000000000012 6.4800000000000004 2017.5000000000002 1063.954716841034 5 -7.2510405078804281 954.01125000000013 6 44.185000000000009 343.65678145758528 0.25000000000000017 4.5000000000000009 1432.6350000000002 2422.6400000000008 -0.93301270189221919 141.04871941778018 -65.495183899713894 0.83333333333333337 106.6107833458576 7 2.5000000000000004 8 -3.3449726485235627 -1.0000000180025095e-35 0.83333333333333337 6.5000000000000009 -9.9400635398075377 0.35402608755050907 -1.6371925451190916 3.2506895392159874 4.148585104846048 59.826893939393948 -81.165024391870261 1.5000000000000002 2018.5000000000002 369.56000000000006 1.0000000180025095e-35 -5.3480762113533151 27.795685619488715 1.0000000180025095e-35 2.5000000000000004 2016.5000000000002 18.09326673973661 6.7825259720981519 49.255000000000003 -174.21848918617718 106.33237039552422 9.0871212121212146 10.500000000000002 1.5000000000000002
decision_type=2 9 9 2 2 2 9 9 2 2 9 2 2 2 2 2 9 2 2 9 2 2 2 2 2 2 2 2 2 2 2 9 2 9 2 2 2 2 2 2 2 2 2 2 2 2 2 2 2 2 2 2 2 2 2 2 2 2 2 2 2 2
left_child=1 13 15 6 9 10 27 8 14 -5 38 20 33 61 -7 23 -8 56 37 -12 -6 22 -14 25 29 32 -18 28 -3 53 36 58 -2 46 35 -33 -21 -16 -4 -15 59 -35 -19 -43 57 -11 47 -9 -49 -42 54 52 -52 -25 -45 -38 -13 -34 -28 -41 -17 -1
right_child=2 3 5 4 11 7 16 12 -10 45 19 17 21 39 18 60 26 42 -20 30 -22 -23 -24 24 -26 -27 31 -29 -30 -31 -32 34 44 41 -36 -37 55 -39 -40 40 49 43 -44 50 -46 -47 -48 48 -50 -51 51 -53 -54 -55 -56 -57 -58 -59 -60 -61 -62 -63
leaf_value=-0.037008272977025629 0.0045076915089212058 0.033435127550969022 -0.0057804934664044154 -0.050237422974677808 -0.014149572604459471 -0.021429402278043252 -0.016800266949141253 0.024939591196280333 -0.026922318689179756 -0.026595183557853626 0.0056363364643884977 -0.020422115202006472 0.0096117955429626464 -0.013299144310042683 -0.0013308505022807792 0.016036540141422636 0.0049091159846785882 -0.026375958911899196 0.018244808763977379 0.0026821949472732591 -0.0059036082292253838 0.0013525988005986165 0.018698707526170543 0.017586515104575234 0.014053425089354116 0.021105873383699347 -0.0023908636379048145 0.03296165055959694 0.0031237737727281482 0.0019437675704391316 -0.01456416128939711 -0.035797192306910523 0.012787452729529454 0.0083048237218432495 -0.0047529308851497025 -0.012265910089824516 -0.0053389682615274971 0.012770634712204729 -0.0199552473166935 -0.031658981873195075 -0.024826094089649184 -0.0076644295740226839 -0.04964683233116559 0.0049418750965627605 0.010473138630135475 -0.048456923571282395 0.0057968971142123189 0.0043992293072685719 0.015122200033089584 -0.043997378976988889 -0.019096471727046122 0.0035716667718324229 -0.0021665255232117806 0.0057991060588796287 -0.0017718361731971549 0.0035182077009376883 -0.0038171884675343489 0.021914020659196374 0.020155440354902684 -0.020224673114450115 0.02662488909374679 -0.049609540121531945
leaf_weight=94.285775810480118 89.136240676045418 8.1483869180083257 44.112569998949766 56.971740724518895 165.89255929924548 23.114598158746958 109.59998331218958 25.519444972276688 26.048126101493835 73.7336654830724 147.45519813895226 27.179576084017754 386.98502734303474 23.659970112144947 188.98095583170652 58.543084159493446 48.221481312066317 34.994810085743666 27.079784870147705 215.62300312146544 227.1758504640311 66.716317817568779 101.50553651154041 48.31124646961689 143.50977572798729 77.709200456738472 125.48596054688096 7.9320531934499732 134.1383072771132 200.54240181669593 33.263533402234316 10.16043673455715 83.744618281722069 195.03263158351183 111.03067296743393 128.04078631848097 241.34943472594023 29.030769012868404 55.329655207693577 41.116345621645451 16.391442004591227 40.074208900332451 11.839364945888518 744.98576706275344 257.1930560618639 10.034615091979502 343.05238156765699 77.669638693332672 69.749038636684418 31.807457439601421 28.184136673808098 133.86177650094032 32.837851598858833 57.744762301445007 88.068842940032482 52.900893412530422 22.215205162763596 77.050744265317917 6.8640192076563826 64.696689523756504 56.513548612594604 25.292319476604462
leaf_count=387 69 20 191 196 658 189 1340 40 9 432 559 85 338 32 317 66 341 410 4 180 369 60 46 75 137 50 1286 14 959 486 78 85 62 34 1148 1131 1164 144 219 70 54 63 39 1137 269 54 498 179 145 97 24 352 85 100 117 145 65 64 23 140 37 61
internal_value=0 -0.0148846 0.00566973 -0.0109741 -0.0176949 0.00360878 -0.00499305 0.00527031 -0.00191717 -0.0377243 -0.00187358 -0.0119337 0.0061582 -0.0308391 0.000439846 0.0116634 -0.00800183 -0.0223495 0.00250234 -0.000172829 -0.00938378 0.0102806 0.0115 0.0107117 0.00797832 0.0128155 -0.00542725 0.00594758 0.00485963 0.00513474 -0.00182333 -0.00687571 0.0115451 0.00490627 -0.00949718 -0.0139959 -0.0010279 0.000546924 -0.0124185 -0.0266289 -0.0286767 0.00369735 -0.0322587 0.00289059 0.0130458 -0.029214 0.00764563 0.011755 0.00947265 -0.0374776 0.00330208 -0.000673488 -0.00998594 0.0111686 0.00423212 -0.00374661 -0.0129541 0.0171608 -0.00113574 -0.0246678 0.0212373 -0.0396736
internal_weight=0 1616.91 4568.53 1319.66 630.037 3418.53 689.622 2628.5 294.254 140.74 790.034 489.297 2334.24 297.25 268.206 1150 539.403 96.229 245.092 690.592 393.068 555.207 488.491 1034.94 450.108 584.834 429.803 150.219 142.287 306.598 543.137 381.582 507.125 1779.04 249.232 138.201 509.873 218.012 99.4422 177.672 154.012 1263.05 46.8342 1068.01 417.988 83.7683 515.991 172.938 147.419 48.1989 1027.94 194.884 61.022 106.056 833.055 294.25 49.3948 160.795 132.35 105.813 115.057 119.578
internal_count=17228 9496 7732 8655 2308 6317 6347 3781 663 682 2536 1626 3118 841 654 1415 5354 599 465 2126 1027 444 384 1312 798 514 4014 993 979 661 1567 3673 464 2674 2364 1216 1489 461 410 393 361 1812 449 1778 395 486 862 364 324 151 1715 461 109 175 1254 1309 150 126 1309 210 103 448
cat_boundaries=0 23 43 62 84 105 124 145 165 186
cat_threshold=4194304 654311424 1048580 134217728 0 33554432 0 2097152 0 0 786432 2197815312 2433093632 1207959552 102498304 0 0 0 32 0 0 0 128 4096 0 2499805696 0 33660960 0 1 0 0 805306880 3072 0 1 0 2147500032 8388628 38273026 100663312 0 98304 2162688 0 16777216 0 167806080 2097152 33554432 67108864 0 0 18884608 67109893 1124352 8 2147614720 3221225490 0 0 131136 0 0 2147483648 16384 0 0 0 0 0 268435456 0 0 9764864 134316544 570425344 58720256 0 128 0 524288 64 25203712 0 0 1 0 134218752 33554432 327730 0 0 0 0 1073741824 0 0 2 33554560 0 53248 65548 272 128 0 16 268435456 67117825 16 0 134217728 524288 512 0 3334471680 2101536 679477248 10486784 65536 0 0 0 1280 0 1074790432 0 0 4096 0 2048 3221225472 393216 0 512 2097152 1048576 0 4 2147484201 16 32 64 0 64 1073741824 1074790400 2147483649 1073741824 65536 2080 36 142606336 131072 0 0 268788224 16384 864 2129920 8 0 0 24 131072 1024 32 8388608 0 524432 4096 16 0 2147483648 1074536452 0 0 0 0 8 0 1188 65609 541196288 131072 32
is_linear=0
shrinkage=0.05


Tree=43
num_leaves=63
num_cat=9
split_feature=63 0 0 50 72 0 53 70 3 56 24 70 54 54 58 50 10 20 52 72 0 3 73 63 9 63 48 51 70 73 6 73 77 65 53 33 58 81 70 37 56 63 24 76 3 70 3 53 70 55 70 63 54 47 8 65 10 63 20 33 64 63
split_gain=161.594 37.5091 23.5038 13.6362 10.9284 8.2962 6.83542 6.26225 13.5076 5.96495 5.74588 5.6905 5.13485 4.47019 4.33085 4.1156 3.44766 3.36782 3.7311 3.08824 3.05334 2.9775 2.80038 2.76733 2.72933 4.1273 3.19566 2.56794 2.3612 3.01191 2.15881 2.75919 2.84093 2.11757 2.55796 2.09758 1.93568 1.93206 1.87238 1.73713 3.49086 2.90552 1.7173 1.69585 1.68097 1.52842 1.61949 1.50569 2.28116 1.50057 1.4826 3.40745 1.47927 1.45964 1.45027 1.44445 1.43961 1.43311 1.39668 1.34036 1.30305 1.28893
threshold=111.72500000000001 0 1 -31.705299999990199 2 3 462.23402424912098 2.1427302310035761 2019.5000000000002 138.26246256921789 0.6830127018922193 0.67694070173968923 450.45615700889766 2273.8948688753958 10.674754008074625 -7.7113353022077638 15.588457268119894 0.6830127018922193 22.505437925038837 4 5 2017.5000000000002 6 1237.7300000000002 1.4083438190194564e-15 1656.7454166666669 -54.911854425871645 -54.942405457438326 2.0324433847723595 7 -1.0000000180025095e-35 8 1.0000000180025095e-35 10.045000000000002 -3.4602760638965671 0.25000000000000033 19.543690505221928 1.0000000180025095e-35 20.475709417428465 -1.0000000180025095e-35 0.45704716525417771 9.6833333333333353 1.0000000180025095e-35 1.0000000180025095e-35 2010.5000000000002 1.1321120269011482 2017.5000000000002 315.21914803399324 0.38153823311744545 5.288361298084757 32.181818181818194 14.683333333333335 1.5408007968830992 -228.16361977265038 2.5000000000000004 555.43500000000006 10.446152422706634 1237.7300000000002 -2.7554552980815443e-16 -0.6830127018922193 5.9750000000000005 566.4070833333335
decision_type=2 9 9 2 9 9 2 2 2 2 2 2 2 2 2 2 2 2 2 9 9 2 9 2 2 2 2 2 2 9 2 9 2 2 2 2 2 2 2 2 2 2 2 2 2 2 2 2 2 2 2 2 2 2 2 2 2 2 2 2 2 2
left_child=1 15 13 22 6 50 12 8 39 20 36 60 19 17 54 37 30 18 24 -4 -6 43 -3 -19 25 59 47 -16 29 -22 53 32 -32 34 52 -18 38 58 -9 40 -7 -41 -29 -20 -31 46 -24 48 -26 -38 51 -5 -17 -11 -13 61 -47 -50 -1 -2 -10 -23
right_child=2 3 4 5 9 7 -8 10 11 16 -12 14 -14 -15 27 33 35 23 21 -21 28 55 45 -25 26 -27 -28 42 -30 44 31 -33 -34 -35 -36 -37 49 -39 -40 41 -42 -43 -44 -45 -46 56 -48 -49 57 -51 -52 -53 -54 -55 -56 -57 -58 -59 -60 -61 -62 -63
leaf_value=-0.0089811885914510697 0.010173280263007959 0.0050894242788607968 -0.016509276610222737 -0.02998564031060541 0.0050439694356443892 -0.058088592289446017 -0.028711966114286926 -0.014594197272056759 -0.056947529785407493 0.01479674971336108 -0.026052469101946731 -0.045931814381445557 0.014450896816569343 0.026979518598861909 0.0062900438613996889 -0.023893195163786903 -0.0045254464193996849 0.0088835833329276997 0.0082782884655587946 -0.0027249631215350307 -0.013629352054292283 0.003827837906675654 -0.002893783277877828 -0.0073722799663650035 0.0029481566750166922 0.017985572330394495 0.019972278012082505 -0.017635108975777473 0.0035229398540094904 0.012625348559796121 -0.013024619105416545 0.0074180051997256337 0.0044435737381847548 -0.025996108925757266 -0.045579604201355844 0.0056732614413282124 -0.0033085306371789442 -0.035783863440214073 -0.0057810573640833859 0.0066399492638077613 -0.013647042725278186 -0.0098081271947929229 -0.03743064264299114 0.023317955309316421 -0.0015371045752668102 0.00085323767642944345 -0.019233303807977404 0.003892577033204152 0.012145091516710414 -0.011235676496446806 0.008020384786618694 -0.000838996561600316 -0.040314284728283495 0.0081557575881033781 -0.027106576682602856 0.0053761586361407805 -0.011519435452777439 0.022241890579671266 -0.022156508684202582 0.0025070562304998984 -0.036225602966257063 -0.013504172758807593
leaf_weight=25.144697621464729 109.17938934266567 145.468934237957 43.997313469648361 10.824385883286594 429.40330025181174 5.0151433162391177 29.080513566732407 147.63116322271526 9.3780434746295196 147.73072302341461 45.848256353288889 18.776473760604858 35.78965736925602 44.813194304704666 10.57845828682184 35.384949579834938 99.657152086496353 67.421065606176853 44.998492538928986 222.90588779933751 41.753281507641077 20.542287603020668 32.724418118596077 42.801012828946114 38.189127698540688 109.23453408479691 236.46370549499989 139.28337697871029 280.89223048090935 21.977970954030752 35.955216567963362 609.79902634397149 66.003753423690796 63.414170766249299 51.537873186171055 102.03489566594362 254.34864315763116 21.366999268531799 101.83867021277547 30.06266601011157 37.154101395979524 251.18980336375535 11.891344795003532 32.124618947505951 448.75773710012436 139.91007681936026 28.261895891278982 48.789273262023926 77.640566922724247 78.007767219096422 38.647751033306122 136.20683735795319 22.394330818206072 188.07970014959574 22.478969443589449 127.42688014358282 28.258956681936979 64.207823395729065 100.55522968247533 119.33682517707348 39.712375957518816 22.44956398755312
leaf_count=21 136 320 82 32 1357 3 14 695 27 110 46 7 17 49 32 87 187 100 92 529 142 60 420 49 120 83 187 605 165 202 136 619 193 263 187 67 207 37 59 22 541 3098 38 56 1721 562 209 22 95 117 13 1012 64 298 281 198 86 43 289 179 379 55
internal_value=0 -0.0115892 0.00557688 -0.00855908 0.00302605 -0.0108911 -0.00539504 -0.012362 -0.0162318 0.00417343 -0.00901063 -0.0249079 -0.00333316 0.0113896 -0.0212139 -0.027181 0.00662024 0.0108858 0.0117582 -0.00571787 0.00170777 0.00639136 -0.00014193 0.00257117 0.0134125 0.00999122 0.015896 -0.0175257 -0.000159458 -0.00218087 0.00777279 0.00621372 -0.00156317 -0.0332648 -0.0374813 0.000634024 -0.00766773 -0.0218838 -0.0109965 -0.00946892 -0.0189324 -0.00805002 -0.0191922 0.0145429 -0.00085766 -0.00353083 -0.0104657 0.0116838 0.0137951 -0.00516912 -0.000658647 -0.00298476 -0.0302577 0.0110773 -0.0356745 0.00270238 -0.00122585 0.0167154 -0.019521 0.00616979 -0.0401842 -0.00522262
internal_weight=0 2083.3 4009.44 1763.5 2803.82 1388.87 331.773 1203.2 575.521 2472.04 627.675 252.099 302.693 1205.62 203.009 319.798 1249.26 1160.81 1050.58 266.903 1222.78 247.542 374.624 110.222 803.041 337.751 465.29 161.753 793.381 512.489 1047.57 711.758 101.959 172.731 109.317 201.692 581.826 147.067 249.47 323.422 42.1692 281.252 151.175 77.1231 470.736 229.155 60.9863 228.827 180.038 332.356 185.679 147.031 57.7793 335.81 41.2554 170.419 168.169 141.848 125.7 228.516 49.0904 42.9919
internal_count=17122 9759 7363 8811 5839 7214 642 6157 5033 5197 1124 1369 628 1524 963 948 1610 1475 1326 611 3587 461 1597 149 865 398 467 675 2230 2065 1356 948 329 601 338 254 1078 347 754 3664 544 3120 643 148 1923 1277 629 280 258 324 1057 1044 151 408 288 313 648 138 310 315 406 115
cat_boundaries=0 23 43 66 85 104 122 123 124 125
cat_threshold=4194304 654311424 1048704 134217728 0 33554432 0 3145728 0 0 786432 2449473552 2433093632 134217728 102498304 0 0 2147483648 2 0 0 0 128 4096 32 2164261376 0 90128 0 0 0 0 1342178816 1024 0 0 0 16384 8388628 38273026 100663304 268435456 229377 67108864 0 0 16385 0 0 0 0 0 0 268570624 0 9699328 134447648 554172416 8388624 16 384 1140850688 0 33554692 16 1024 2097152 1048576 0 0 0 32 285213696 67108864 0 0 57344 1076232200 75777 16777736 2228236 6154 0 0 8 0 0 0 0 0 0 0 0 0 0 4096 0 8388608 0 0 8388608 0 128 1140850688 2147484756 1075839040 0 0 0 1073747968 0 1207959560 2147500032 545269764 512 1 16384 0 0 512 4 272695315 58722336 268288 77888
is_linear=0
shrinkage=0.05


Tree=44
num_leaves=63
num_cat=9
split_feature=66 0 0 3 66 72 67 0 67 66 67 0 66 0 46 71 68 55 8 8 49 3 66 55 48 14 66 57 0 57 10 71 71 56 48 73 70 77 1 63 66 85 3 63 63 9 10 66 47 42 39 26 64 14 0 50 49 49 57 67 57 67
split_gain=186.851 27.2269 25.2887 20.5045 25.8143 14.0197 8.14628 8.10835 4.74843 4.61881 4.42388 4.30609 3.88819 3.54994 3.43857 3.19532 3.06157 2.87642 4.66328 2.83634 3.68298 2.83585 2.70304 2.53787 2.45508 2.28078 2.98106 2.27656 2.23289 2.1846 2.18134 2.40417 2.14698 1.90206 1.89156 1.79159 1.7895 1.74321 1.73664 1.92614 2.71504 1.69812 1.63795 3.3258 1.62021 1.59704 1.59417 1.6755 1.57169 1.48664 1.43995 2.64975 1.73762 1.36826 1.35594 1.31703 1.75913 1.31447 1.29666 1.46747 1.46653 1.28594
threshold=45.14500000000001 0 1 2019.5000000000002 7.0233333333333343 2 314.8250000000001 3 16.965000000000003 1110.511666666667 5.2150000000000007 4 15.676666666666668 5 1.3660254037844386 18.990912163769007 0.41666666666666669 74.272587413157595 2.5000000000000004 2.5000000000000004 106.6107833458576 2018.5000000000002 91.585000000000022 533.65675942487371 111.55949060226739 -0.68301270189221908 4.078333333333334 5.1967296023237095 6 -65.495183899713894 15.588457268119894 70.912167415293496 5.499248137628693 42.692505965356453 -193.55094148139 7 1.1613766219278225 1.5000000000000002 3.5000000000000004 1656.7454166666669 460.07166666666672 1.0000000180025095e-35 2014.5000000000002 317.22000000000003 756.17875000000015 -8.2500000000000018 8.5801270189221945 404.90500000000003 -37.404531149795432 1.0000000180025095e-35 -1.0000000180025095e-35 -2.7554552980815443e-16 8.2500000000000018 0.93301270189221952 8 -8.5694810660644958 -4.3586015649413623 -77.835716284250779 -10.878435061590341 150.50000000000003 -40.411687259925344 485.16500000000008
decision_type=2 9 9 2 2 9 2 9 2 2 2 9 2 9 2 2 2 2 2 2 2 2 2 2 2 2 2 2 9 2 2 2 2 2 2 9 2 2 2 2 2 2 2 2 2 2 2 2 2 2 2 2 2 2 9 2 2 2 2 2 2 2
left_child=1 8 9 7 10 19 14 29 37 13 -5 -9 36 38 22 17 -14 42 -19 20 45 -11 28 30 -21 26 -13 49 -7 -3 31 34 -29 50 -15 -30 -6 -1 -2 40 -40 -24 43 -8 -20 -4 47 61 -47 -18 51 -27 -52 -31 -54 -10 -57 -32 60 -60 -37 -17
right_child=2 3 5 4 12 6 15 11 55 21 -12 25 16 23 -16 46 27 18 44 24 -22 -23 41 -25 -26 33 -28 32 35 53 57 -33 -34 -35 -36 58 -38 -39 39 -41 -42 -43 -44 -45 -46 48 -48 -49 -50 -51 52 -53 54 -55 -56 56 -58 -59 59 -61 -62 -63
leaf_value=-0.033243696418226401 -0.0080163270248563411 0.029389169990881911 -0.018589509954376214 -0.049410998165584787 -0.028718778885947129 0.0049599780915412523 -0.022588842299586145 -0.016167779953052221 -0.018548677302476262 0.020167817351127874 -0.030246713070569149 -0.032573151441156079 0.0072298351065856366 0.0053799997965516232 -0.01233492709030002 0.0061213674879593994 -0.0087468458385031658 -0.019536423470142408 -0.0016255316137628575 -0.0059720951129600894 -0.02737469382512131 0.012005150996045462 -0.00028385388643897038 0.021638963142520704 0.011443753466591371 -0.042164797229696391 -0.0084652944401650953 -0.015598645772140174 0.001871766618732599 0.0023524803497497072 -0.0012096417246928023 0.023811017087574968 -0.039125266419054845 0.0049230851946029906 0.012319464973521323 -0.011096966152928543 -0.016216788663048057 -0.047505147509682759 0.0077154411462419864 0.012571791057395081 -0.012093877309936357 0.0045525313028822413 0.005975213014754662 0.0046663758814568064 0.012287284605577754 0.0044683514938803712 0.012228524597728892 0.0090442799623709214 -0.01062621055706188 -0.019760315043581916 0.0047701480872210785 -0.0070648531193752617 -0.00045227700203787508 0.020310833983507443 -0.0090319674355846691 -0.019071438207638864 -0.034571128755202511 0.011438266783736842 -0.0057446906838248182 -0.01770789027503775 0.0058191395236129977 -0.0067114527457255288
leaf_weight=115.31792016327381 35.198702156543732 9.0082478821277601 27.340711828321218 52.02814528811723 43.748701900243759 97.885771442204714 15.40901807695627 124.85279719717801 76.614463850855827 182.4911721944809 71.492072906345129 15.212425783276556 23.004928685724735 141.25060352310538 46.743176370859146 45.368003956973553 284.08174796029925 30.454201176762581 63.568096131086349 128.90026165917516 34.165780283510685 255.20671927928925 257.42303691059351 49.362513139843941 24.003938417881727 7.1648266278207329 81.643479600548744 42.949862454086542 119.98937614634633 120.09691407904029 63.860712349414825 34.909724377095699 12.525175988674162 55.404230516403913 322.18928108364344 18.196106716990471 82.78675327822566 26.316868484020233 41.598738268017769 46.386138021945953 29.609027951955795 615.33877186849713 989.76775198429823 40.905666530132294 31.194635048508644 29.455033026635647 248.61391034722328 223.82041653990746 41.601638793945312 34.345087327063084 46.083049055188894 21.54699144884944 84.356000278145075 11.634055454283951 121.18944491446018 32.206196889281273 42.414013803005219 30.284120082855225 181.37440625578165 29.853132784366608 43.304127849638462 34.26621749997139
leaf_count=395 64 20 58 130 401 508 76 1494 73 114 339 106 26 248 46 81 571 34 174 751 32 109 512 56 46 41 937 356 128 746 117 36 28 421 430 104 316 84 109 65 34 968 1315 134 60 33 111 182 93 161 55 171 1017 58 1292 43 87 40 570 79 227 31
internal_value=0 -0.0145586 0.00507825 -0.0112622 -0.0177588 0.00283313 0.00380589 -0.00540349 -0.0283469 0.0111931 -0.0383189 -0.00802929 -0.0129071 0.00901218 0.000999655 0.00612411 -0.0104739 0.00464602 -0.00251564 -0.00761197 -0.0132313 0.0154084 0.00145683 0.0105816 -0.00323804 -0.00536821 -0.0122517 -0.0115632 -0.0015126 0.00519817 0.00983893 0.0111576 -0.0209105 -0.00354234 0.0102044 -0.00317144 -0.0205393 -0.0358936 0.00162082 0.00464328 -0.000521507 0.00312603 0.00550328 -0.00279129 0.00295438 -0.00832037 0.00926011 0.00682815 -0.00436908 -0.00993474 -0.00521538 -0.0158238 -0.00400492 0.0039385 -0.00597227 -0.0231535 -0.0278814 0.00285889 -0.00537798 -0.00743547 0.000814162 0.000599467
internal_weight=0 1638.02 4651.29 1345.15 646.962 3418.94 3133.48 698.192 292.869 1232.35 123.52 557.453 523.442 794.65 1410.11 1723.37 396.907 1171.3 125.217 285.467 132.563 437.698 1363.36 641.857 152.904 432.6 96.8559 373.902 490.603 140.739 592.494 498.35 55.475 335.745 463.44 392.717 126.535 141.635 152.793 117.594 71.2078 872.762 1046.08 56.3147 94.7627 98.3974 552.069 303.455 71.0567 318.427 280.34 28.7118 251.628 131.731 205.545 151.235 74.6202 94.1448 272.728 211.228 61.5002 79.6342
internal_count=17143 9368 7775 8686 2328 6353 5340 6358 682 1422 469 5534 1859 1199 3142 2198 1142 1793 268 1013 216 223 3096 927 797 4040 1043 1116 1616 824 871 714 384 2997 678 1108 717 479 272 208 143 1480 1525 210 234 184 405 294 126 732 2576 212 2364 804 2309 203 130 157 980 649 331 112
cat_boundaries=0 23 43 66 85 104 124 143 144 162
cat_threshold=4194304 654311424 1048576 134217728 65536 33554432 134217728 2097152 0 0 786432 2197815312 2164658177 134217728 101449728 0 0 0 0 0 0 0 128 4096 32 2239758848 0 94256 0 1 0 0 1073742848 1024 0 0 0 16384 8388628 38273056 100794368 268435456 98304 0 0 16777217 16448 0 0 0 0 0 2415919104 8 135168 9437184 163872 17825792 8388608 16777232 256 1677721600 2176 33554500 36864 1 2162688 3178496 16777216 536870912 33555584 2097152 33554464 67108864 393216 0 18876416 67108865 1116160 1 2147614720 1073741844 0 0 131136 0 16 0 8960 0 0 0 5767168 512 0 3334471680 4192 1954545664 10486784 135331840 0 0 0 1328 0 0 92274688 0 24576 0 0 0 0 0 0 0 0 0 0 0 0 0 268435456 65536 0 1073741824 0 0 0 524288 2048 2147483648 131072 4194304 16810496 262144 1048576 134217728 0 553 64 0 256 10486272 1073741824 0 2147483649 0 0 16777216 553648128 8388608 0 0 1056768 436100 40960 1000 18874368 42 0 2147483648
is_linear=0
shrinkage=0.05


Tree=45
num_leaves=63
num_cat=8
split_feature=67 65 67 67 3 72 72 3 67 72 65 73 28 72 3 67 57 1 67 71 67 77 3 53 71 67 3 65 72 60 18 10 10 53 3 47 37 52 70 67 44 37 57 67 26 58 63 72 71 63 63 53 70 67 63 3 72 64 1 58 63 65
split_gain=152.512 26.245 21.5156 18.209 13.0365 7.99755 7.9063 6.83625 5.36791 5.21107 5.09056 4.45669 4.05979 3.97132 3.70288 3.61155 3.43428 3.09031 2.90036 2.74999 2.55607 2.53544 2.45673 2.493 3.49794 2.43838 2.83868 2.40282 2.3482 2.23706 2.15081 2.13148 2.1251 2.11488 2.57355 2.07571 2.04375 2.04169 1.96743 1.85757 1.84373 1.80675 1.80278 1.77078 1.67739 1.66026 1.64816 1.62779 1.602 1.601 4.33839 1.62498 1.56602 1.5357 1.40329 1.39013 1.36705 1.27883 1.27829 1.1895 1.18658 1.13035
threshold=82.015000000000015 37.040000000000006 317.44000000000005 17.970000000000002 2019.5000000000002 0 1 2018.5000000000002 3.0600000000000005 2 1274.5000000000002 3 9.1848509936051497e-17 4 2019.5000000000002 37.500000000000007 26.931859601665977 1.5000000000000002 1393.6200000000001 4.9180477452399449 35.140000000000008 1.5000000000000002 2018.5000000000002 658.57449663491855 -2.5431582822817296 862.87000000000012 2019.5000000000002 827.98000000000013 5 -232.13355744966 0.93301270189221952 21.650635094610966 3.7500000000000013 -7.6311664730785225 2019.5000000000002 139.06963237502455 -1.0000000180025095e-35 -639.63269741007082 0.027556205381267265 11.040000000000001 -1.0000000180025095e-35 1.8369701987210299e-16 -6.4500378799370131 1697.0000000000002 -0.68301270189221941 472.08236122836729 373.7070833333334 6 5.499248137628693 12.785972222222226 5.4226190476190483 18.198341936581663 2.4382621951219519 12.075000000000001 20.460833333333337 2010.5000000000002 7 347.03000000000003 5.5000000000000009 202.12237492614307 40.462689393939399 22.030000000000005
decision_type=2 2 2 2 2 9 9 2 2 9 2 9 2 9 2 2 2 2 2 2 2 2 2 2 2 2 2 2 9 2 2 2 2 2 2 2 2 2 2 2 2 2 2 2 2 2 2 9 2 2 2 2 2 2 2 2 9 2 2 2 2 2
left_child=1 3 6 4 21 18 14 13 -6 10 16 12 33 27 41 35 29 46 22 28 32 36 23 24 -4 40 43 -3 -13 -7 53 55 -5 47 -35 38 44 -20 -9 -40 -19 -2 -38 -27 -1 -26 -11 -8 -17 50 -22 -51 -28 61 -44 -15 -16 -31 -36 -24 -30 -10
right_child=2 7 5 20 8 9 11 15 30 17 -12 19 -14 31 56 48 -18 25 37 -21 49 -23 59 -25 45 26 52 -29 60 57 -32 -33 -34 34 58 -37 42 -39 39 -41 -42 -43 54 -45 -46 -47 -48 -49 -50 51 -52 -53 -54 -55 -56 -57 -58 -59 -60 -61 -62 -63
leaf_value=-0.051849613162115886 0.0087860463041333804 0.0030108327157972303 0.0044813185715623025 -0.013558435357231825 -0.054261667184237722 -0.016656050571751634 -0.0081532919863459546 0.0057624324874407098 -0.031313285567085049 -0.012267600481463269 0.012383106644446603 -0.0090920006491950044 -0.023500096895414428 0.0062003506181269518 0.0055036282172688149 -0.0062688555531854196 -0.021806505589083768 -0.0017496010262401632 0.02061928966969459 0.0030626972228333556 -0.0031384203993789872 -0.036440282621840486 0.010289445450529077 0.0003556306250887149 0.013170931386230031 0.0071666513424639786 0.0073842337360634962 0.022757350141348831 -0.010272252748848264 -0.004476452986246107 -0.051264561958944077 -0.031838527486886863 -0.023747602517298651 0.00044021020508704084 -0.0090898540553012112 -0.039132870879916348 -0.0034313769938809284 0.012374386381478858 -0.039939970898344002 -0.016226307250077815 0.005870294470788474 0.023831966385816496 -0.021675102189216346 -0.0034501766295042774 -0.021485321884993355 0.023891749270041535 0.0016940664032755602 0.0023183156910240024 -0.020633037889596861 -0.0066182769933793703 -0.033662605091342487 -0.026140971964506987 0.01399429920233692 -0.023286885984574485 -0.0094801079712039729 -0.005937414094025842 -0.0053315253100739294 0.0082154904107563115 -0.01968198172898046 0.00051108013360316013 0.00028735856520353456 -0.043845005768280931
leaf_weight=5.5713128335773972 212.75831490010023 114.90565140172839 72.308271706104279 183.21331104636192 32.296319010667503 23.855219103395939 41.930710449814796 9.1014824882149679 92.952843866311014 29.170672759413719 41.777888357639313 96.922850966453552 32.134720515459776 26.577928226441145 38.793645143508911 201.34400097094476 32.299360491335392 85.547577656805515 97.001574456691742 404.62470698356628 24.212878696620464 15.601561766117809 43.609749794006348 43.373874217271805 81.458905845880508 157.08694234490395 136.94618991017342 17.790921568870544 28.989031851291656 48.279061190783978 13.559259174391626 7.3918884024024001 71.005491819232702 58.261192444711924 102.12372297793627 11.163689505308865 37.752527011558414 332.34224633872509 9.1848631966859084 81.856092356145382 1102.0536009445786 22.017440423369408 53.836761452257633 52.368121653795242 24.769315572455525 64.872420832514763 76.762611374258995 121.12910472229123 21.481632627546787 208.86328260041773 22.419100573286414 11.231986582279204 259.19389772415161 50.55389622785151 41.987880039960146 209.79231421649456 63.447762258350849 33.70136633515358 39.502113353461027 108.42576985061169 323.29271180927753 22.313846113160253
leaf_count=14 650 840 127 1020 87 20 76 22 373 62 8 585 69 273 37 613 33 85 72 449 39 125 82 42 87 211 111 25 152 130 37 25 600 337 79 34 314 221 68 476 1632 35 347 61 270 54 121 379 81 966 72 53 84 279 443 2273 259 41 113 187 767 63
internal_value=0 -0.0133263 0.0045492 -0.0189387 -0.027091 0.00709372 -0.000139668 -0.00612203 -0.0354967 0.00533828 -0.00275692 -0.00197987 -0.00630663 -0.00150174 0.00654428 -0.0113276 -0.00753549 0.0061156 0.0112247 7.20265e-05 -0.0128169 -0.0171797 0.00837196 0.0113058 0.0134781 0.00663803 0.00922 0.00526177 -0.00262024 -0.00318021 -0.0321182 -0.00518666 -0.0164044 -0.00495811 -0.00840536 -0.0186826 -0.0153465 0.0142372 -0.0164028 -0.0186187 0.0053214 0.0101971 -0.0126856 0.00451222 -0.027061 0.0179237 -0.00215053 -0.000732293 -0.00765364 -0.00939764 -0.0178134 -0.00761457 0.0117092 -0.0305526 -0.0163316 -0.00457262 -0.00120349 0.000741083 -0.0120442 0.0033159 -0.000565531 -0.0337392
internal_weight=0 1622.73 4508.36 912.142 391.196 2922.44 1585.93 710.59 211.676 2079.04 179.913 1248.91 395.082 376.459 337.017 334.132 138.135 1899.13 843.393 853.829 520.946 179.519 414.049 262.013 218.64 1793.2 605.595 132.697 449.205 105.836 179.38 243.762 254.219 362.947 199.887 111.306 163.918 429.344 100.142 91.041 1187.6 234.776 133.577 209.455 30.3406 146.331 105.933 163.06 222.826 266.727 46.632 220.095 396.14 165.821 95.8246 236.37 102.241 81.9804 141.626 152.036 352.282 115.267
internal_count=17290 9832 7458 5102 2352 3471 3987 4730 839 2599 232 3006 1053 3436 981 1294 224 2367 872 1953 2750 1513 579 310 268 2184 467 865 1504 191 752 2571 1620 984 529 600 1388 293 566 544 1717 685 1104 272 284 141 183 455 694 1130 111 1019 195 715 790 2546 296 171 192 269 919 436
cat_boundaries=0 23 45 66 67 89 112 131 153
cat_threshold=3145728 0 0 0 0 0 18432 0 0 0 2048 5488 0 0 2147483648 51200 536871008 0 0 207618048 8 0 16 0 0 2147500032 0 0 0 0 0 0 0 0 0 1224998912 1048576 0 1156 2753560577 0 0 1278624768 268566530 1077936128 0 0 0 0 0 0 0 0 0 268435456 33554432 0 9437184 512 536870914 8388624 0 0 0 0 6291456 33560816 1140851329 1073741824 2147483648 1 0 0 26624 0 536870912 17 4128 33554448 0 1024 131072 0 2751463426 0 0 131072 369099296 1 0 0 0 0 0 0 0 0 0 1073741824 4105 0 536870912 65536 0 0 0 0 671154176 268468228 260 72704 1024 0 0 2097152 0 0 0 0 0 64 0 16777216 32 0 0 0 0 16789504 0 16777216 0 0 16384 0 0 0 0 0 0 0 0 0 262144 0 0 0 0 0 0 0 131072 1077936128
is_linear=0
shrinkage=0.05


Tree=46
num_leaves=63
num_cat=10
split_feature=66 66 0 3 66 0 72 0 0 77 67 0 9 54 58 68 66 67 57 8 68 3 73 0 55 63 70 38 9 63 70 57 8 65 65 0 58 34 66 4 67 57 68 47 48 1 52 70 63 3 63 68 67 3 70 70 60 36 70 57 57 0
split_gain=140.767 25.1101 23.8191 14.2942 19.9174 12.2689 9.48213 8.26286 6.72882 4.44356 4.43338 3.76939 5.09923 3.66229 3.55794 3.47749 3.35613 2.94954 2.70395 2.62788 2.46385 2.35193 5.82667 4.34556 3.75358 2.94925 2.57283 2.33472 2.25175 2.88503 2.62663 2.17659 2.10668 1.96581 1.91934 1.8061 2.05594 1.7899 1.7651 1.70836 1.63583 1.76556 1.60702 1.55663 1.5131 2.14411 1.61355 1.57002 1.74571 1.49631 1.46759 1.46168 1.45384 1.43949 2.01545 1.42136 1.3436 1.645 1.64163 1.32879 1.3226 1.26248
threshold=28.02833333333334 206.05500000000001 0 2019.5000000000002 8.7216666666666676 1 2 3 4 1.5000000000000002 1216.1650000000002 5 14.28941916244324 450.45615700889766 604.10586624093469 0.83333333333333337 3.6800000000000002 3.0600000000000005 2.2149411513915234 3.5000000000000004 0.58333333333333337 2019.5000000000002 6 7 35.376344677975631 304.36000000000007 2.1057367635799689 0.6830127018922193 -12.000000000000005 1237.7300000000002 0.44778836400521665 -53.936421591237583 2.5000000000000004 19.040000000000003 1084.0700000000004 8 6.8695559749380672 -0.93301270189221908 94.685000000000016 -0.93301270189221919 9.3300000000000018 -8.2149568056920987 0.83333333333333337 -13.17056166399146 14.992696320814801 1.5000000000000002 238.2427910532968 16.396012218243104 136.89898989898992 2016.5000000000002 9.6833333333333353 0.58333333333333337 14.900000000000002 2018.5000000000002 1.594014466910364 1.0908264588010084 787.77067755342796 1.0000000180025095e-35 2.3203219276156619 5.9417863320336428 -124.02522227745429 9
decision_type=2 2 9 2 2 9 9 9 9 2 2 9 2 2 2 2 2 2 2 2 2 2 9 9 2 2 2 2 2 2 2 2 2 2 2 9 2 2 2 2 2 2 2 2 2 2 2 2 2 2 2 2 2 2 2 2 2 2 2 2 2 9
left_child=2 5 9 8 16 14 42 10 31 17 28 12 13 60 19 -6 -5 -1 27 -2 -8 23 55 -22 61 38 -25 52 -3 53 -31 -4 -17 -20 -33 36 43 -37 -26 -39 41 50 -7 -10 45 -13 56 48 -47 -21 -41 -51 -19 -30 -55 59 57 -46 -59 -23 -9 -24
right_child=1 7 3 4 15 6 20 11 35 -11 -12 44 -14 -15 -16 32 -18 18 33 49 21 22 24 26 25 -27 -28 -29 29 30 -32 34 -34 -35 -36 37 -38 39 -40 40 -42 -43 -44 -45 46 47 -48 -49 -50 51 -52 -53 -54 54 -56 -57 -58 58 -60 -61 -62 -63
leaf_value=-0.046024031876817847 0.012246859313429082 0.015697729307738825 0.029099658723123607 -0.043691485683372028 -0.0074232436117141936 -0.0051605435531735834 0.0053600536709987393 -0.012174182183755671 0.014246401781451644 -0.046024445480417765 0.014998916083322052 -0.0030884786244874561 -0.015073690052864004 0.014108499852148626 0.025909762563133938 -0.011870545755692394 -0.027258965755758403 -0.024902617435305224 -0.044161489702820453 0.0089693173759851086 0.00806496609529005 0.0023723243972055023 0.0025956345757817373 0.00014480854901017018 -0.021084137291670423 -0.038190331406897135 -0.011355573188583039 -0.037602424437083212 0.015832164571009177 0.004026823295423078 -0.013715767790724184 0.0014109246707179708 -0.024152994492010235 -0.023087861246547561 0.022325873212620088 0.0037513194650830545 -0.019341158666489788 0.003204459434962466 -0.0012937713331000915 -0.05015622416145047 -0.0064504401730054867 -0.010892802644867821 -0.020189189263873423 -0.011138088647169858 0.0091317169913385527 -0.0040542962205001032 -1.571843210610865e-05 0.012217267234065358 0.0054893949930500917 0.0077543410062121234 -0.017831817758174336 -0.004389671245318188 -0.014949053053678319 -0.0012963586040811341 0.011938278541098982 0.0022996200603507991 0.01671961045818077 0.0077723624462022085 -0.0044357501477766464 -0.013235934469782343 0.0010367389727416506 -0.0058112079254772873
leaf_weight=17.800330869853497 132.99786105751991 63.462959676980972 9.9165642783045751 52.010222581215203 236.46249376423657 22.338308051228523 135.6964734941721 21.118239149451256 8.5139671843498963 33.217034444212914 418.31408053636551 77.225452855229378 47.295702815055847 55.947922736406326 26.774877846240997 78.452302396297455 77.182967025786638 69.985677659511566 27.231964513659477 65.927360519766808 147.14128806442022 24.645822592079639 48.156950667500496 231.11909526586533 24.850962914526463 14.236151210963724 61.593091886490583 20.745584644377232 54.182717561721802 63.702400133013725 31.015749037265778 76.527784109115601 62.903809064999223 18.64185706526041 12.804640263319014 43.114462655037642 76.364068783819675 35.089091368019581 20.611565083265305 5.9517154432833186 203.72245620749891 42.579891262575984 87.318840399384499 20.778231518343091 522.97316157072783 50.641268834471703 59.687083944678307 81.317826241254807 890.30545529723167 36.465492010116577 8.5641692019999009 77.30957917496562 77.102715417742729 52.444215282797813 63.71572034060955 398.46587869897485 46.948407292366028 63.221018180251122 48.787184461951256 30.524672906845808 184.12959084659815 450.35165395773947
leaf_count=82 196 62 36 203 399 117 59 53 47 100 231 130 51 18 38 28 393 239 92 183 514 35 83 1813 127 33 477 47 74 106 53 638 817 62 17 249 1080 294 48 12 2308 239 438 190 745 56 115 19 1160 23 112 356 117 79 36 352 29 112 19 91 423 964
internal_value=0 0.00389094 -0.0145162 -0.0107847 -0.0169271 -0.000363354 -0.00210728 0.0068822 -0.00525742 -0.0278699 0.0114319 0.005224 3.2081e-05 0.00276857 0.00817587 -0.0111321 -0.0338743 -0.0264689 -0.0248401 0.00691887 -0.00107617 -0.00168521 -0.00301212 0.00136723 -0.00636837 -0.0183306 -0.00219997 -0.0218998 0.00723795 0.00521244 -0.00178304 0.00624645 -0.0173363 -0.0355977 0.00440881 -0.00779029 -0.0137226 -0.00560127 -0.0121117 -0.00715326 -0.00854673 -0.0160265 -0.0156963 -0.00375992 0.00608908 0.00494493 0.00786745 0.0055518 0.00497576 0.00297562 -0.0310853 -0.000497453 -0.019685 0.00910224 0.00596307 0.00123106 0.00855744 0.00795395 0.0024549 -0.0062634 -0.000322551 -0.00506359
internal_weight=0 4932.96 1315.66 1050.94 507.012 2036.53 1697.05 2896.44 543.927 264.725 746.838 2149.6 308.491 261.196 339.475 377.819 129.193 231.508 213.708 312.7 1587.39 1451.7 1011.84 439.853 558.207 59.6987 292.712 167.834 328.524 265.061 94.7181 99.249 141.356 45.8738 89.3324 444.678 105.656 339.022 45.4625 295.907 260.818 57.0958 109.657 29.2922 1841.11 1099.49 741.617 1022.26 940.947 179.702 14.5159 113.775 147.088 170.343 116.16 453.636 681.93 634.981 112.008 55.1705 205.248 498.509
internal_count=17319 9518 7801 7062 1840 5947 5151 3571 5222 739 641 2930 545 494 796 1244 596 639 557 758 4596 4537 1733 2804 1255 208 2290 403 410 348 159 691 845 154 655 4531 1317 3214 175 2965 2671 363 555 237 2385 1365 1020 1235 1216 562 124 379 356 189 115 478 905 876 131 126 476 1047
cat_boundaries=0 23 43 63 83 103 124 125 143 162 180
cat_threshold=4194304 654311424 4 134217856 65536 0 8192 2097152 0 0 786432 2206203920 2433093632 134217728 102498304 0 0 0 0 0 0 0 128 0 1073741856 0 48 65696 0 0 0 393216 0 3584 2097152 1 0 8 1073741844 1472 96 131136 229376 0 0 2097152 64 0 0 0 0 0 0 16409 279840 536870944 512 1048576 8388608 0 256 1610612736 32768 0 32 2508193792 32 25744 0 1 0 0 268435456 0 0 0 0 16384 8388624 34078752 0 268435456 196609 2162688 1073741824 2172649472 536870912 134251648 2097152 0 8388608 262144 0 538970112 262148 10240 545 2147483648 48 0 0 131136 131072 44 256 0 18 0 1073741824 0 0 327680 524384 0 0 0 0 0 67108864 536870912 0 131074 0 12 25437252 2048 0 0 134234112 33554432 1076367360 16 3221225472 0 0 118784 1543503872 1048576 2147483648 0 2155874819 20971524 65544 0 16 0 8960 0 0 0 68681728 512 0 3334471680 3146016 1216348160 1024 134283264 0 0 2147483648 1072 0 524288 0 0 0 0 2048 0 0 0 0 1073741824 0 0 0 4224 512 268435456
is_linear=0
shrinkage=0.05


Tree=47
num_leaves=63
num_cat=10
split_feature=66 0 66 3 66 72 0 0 0 23 56 49 56 0 67 67 54 0 67 58 63 54 91 22 49 47 67 51 57 64 50 77 56 66 71 18 54 4 0 49 56 60 68 73 67 54 3 10 9 57 47 34 70 3 8 50 82 47 70 0 67 10
split_gain=127.74 20.0275 18.3821 13.8702 23.6484 7.75385 7.55395 5.6153 4.83981 6.55505 8.17019 4.7427 4.66224 4.60364 4.5441 3.97153 3.78121 3.13944 3.01647 2.99315 2.9906 2.85464 2.2834 2.26845 2.81738 2.21856 2.20645 2.18513 2.08941 1.99701 2.31387 1.97371 1.85057 6.01753 1.75975 1.7082 1.96088 1.77513 1.68222 2.33853 2.58605 1.65418 2.30618 1.61899 1.8851 1.82863 1.80104 1.57068 1.54447 1.52852 1.65213 1.50469 1.4813 1.44961 1.43785 1.41763 1.3519 1.32531 1.29872 1.22726 1.20324 1.21552
threshold=40.00833333333334 0 206.05500000000001 2019.5000000000002 7.0233333333333343 1 2 3 4 -1.0000000180025095e-35 97.627279864588914 -1.6254138189899743 3.13688712450125 5 16.965000000000003 1697.0000000000002 963.39018537853167 6 25.960000000000004 7.390014293225561 68.00833333333334 4.8292336764274806 1.5000000000000002 -2.7554552980815443e-16 10.317382067432797 -863.25466419502925 8.0500000000000025 -272.37307609276615 -6.2460610409786321 956.75000000000011 246.34607594657874 1.5000000000000002 670.12108316759327 1595.2516666666668 39.982519289699411 -0.68301270189221941 257.79544203644758 0.25000000000000011 7 -3.6094146786953671 0.31415568984431991 -15.476176922047353 0.83333333333333337 8 708.50500000000011 246.02503480055307 2019.5000000000002 16.727241335952172 -11.379165124598851 -2.373453742038429 -44.455028104434014 -0.5 1.2028448717981015 2020.5000000000002 3.5000000000000004 176.85296356236319 1.5000000000000002 -351.60256517655552 1.0715633423180595 9 178.23500000000004 13.428203230275509
decision_type=2 9 2 2 2 9 9 9 9 2 2 2 2 9 2 2 2 9 2 2 2 2 2 2 2 2 2 2 2 2 2 2 2 2 2 2 2 2 9 2 2 2 2 9 2 2 2 2 2 2 2 2 2 2 2 2 2 2 2 9 2 2
left_child=1 14 5 7 19 23 16 49 27 10 -10 18 -11 15 31 29 35 -9 -6 -5 28 -15 -13 -2 56 -18 -21 -7 -14 30 59 -1 34 -34 43 -4 37 -37 -19 40 -40 -16 -43 44 -23 53 -46 54 -47 50 -3 -42 -50 -45 -29 60 -25 -39 -20 -8 61 -22
right_child=2 3 6 4 11 8 13 17 9 12 -12 22 20 21 41 -17 25 38 58 26 55 32 -24 24 -26 -27 -28 47 -30 -31 -32 -33 33 -35 -36 36 -38 57 39 -41 51 42 -44 45 46 48 -48 -49 52 -51 -52 -53 -54 -55 -56 -57 -58 -59 -60 -61 -62 -63
leaf_value=-0.029169103119032921 0.0049420828116294533 0.02190386417075868 0.016991115756606348 -0.050224454156961022 -0.017160308209962557 0.01680313387922416 -0.0025942939482959657 -0.00025730359967145384 -0.0032214926378856534 0.0080944983275920805 -0.047818203090717742 -0.016967805271604738 -0.00063515982810688704 0.015164336993400224 -0.012103328258081128 -0.017414616160910928 0.024182274074870211 -0.0040864316037577007 -0.014072394947921936 -0.039919232903943974 -0.0001207645877200525 0.0054125121742433085 -0.039466669752512826 -0.0068804545800441432 -0.027719500219284456 0.013148883948617391 -0.022121374997894471 0.010522458411414496 -0.01029020237999379 0.0119650943034056 -0.013860322129924475 -0.045414798739944806 -0.008847610755860897 0.011293644840671663 0.011078808883896674 -0.0022482889006441758 0.010313336483470312 0.00080718970368599374 -0.040647833846334427 -0.0070892999724485864 -0.0029620685312334032 -0.015111259751177934 -0.031050052161579685 0.0071757360229729051 0.0045517730221548026 0.0049864848411095139 0.014210750065668611 -0.004097180882053352 0.00066509870448210441 -0.0004860906115300627 0.0048057173531968929 -0.017600334841369542 -0.01391294982895463 0.001803047883188252 0.0032554870742002931 -0.0088447576481057444 -0.022491282185873967 0.011489425896480407 -0.0045645145566622419 0.0032716785210503453 0.0026365261601749117 -0.0085808145493912937
leaf_weight=118.83110953867435 17.813886433839798 20.435301348567009 55.79271411895752 30.777578685432673 72.383904628455639 42.846197016537189 116.9079784154892 139.15196757763624 28.651733711361885 166.22374244779348 16.007700480520725 109.17274894937873 100.76417031511664 84.766338407993317 53.260038077831268 28.468632757663727 65.430932521820068 138.97485690005124 41.425988405942917 36.856331675313413 365.91009004972875 345.51025655865669 12.576283333823083 73.369441714137793 29.088934719562531 150.03153893351555 33.011169090867043 112.98306961357594 126.23138209059834 43.942339956760406 25.40307442098856 22.186543717980385 80.349554941058159 68.869186580181122 169.65966263413429 73.637584939599037 300.35905836522579 46.047041177749634 10.691227559000252 106.17216250486672 21.382914301007986 44.705929964780807 46.093754224479198 315.64616634696722 69.381181925535202 48.75585463643074 158.54529270529747 43.116137266159058 34.894587501883507 70.779044676572084 45.775736033916473 98.07228346914053 34.807232201099396 208.46315377950668 171.22743659839034 39.507507465779781 17.10112053155899 78.595197319984436 270.03087312541902 308.16507245600224 448.12074472755194 48.030807964503765
leaf_count=474 51 77 61 135 387 90 245 1404 121 44 23 664 448 17 46 17 42 1562 245 153 1255 308 45 247 79 121 150 201 364 26 55 79 74 37 126 102 263 78 27 1088 120 80 82 634 94 42 75 104 66 441 244 1164 48 277 600 125 64 69 419 635 633 167
internal_value=0 -0.0125553 0.00400071 -0.00958009 -0.0150993 9.87303e-05 0.00647525 -0.00459088 0.00104098 -0.000370148 -0.0192067 -0.0106933 0.000276698 0.00487025 -0.0244858 0.000731124 0.0107391 -0.00690988 -0.00796594 -0.037233 -0.000874768 0.00619384 -0.0192919 -0.0109093 -0.0141835 0.0164995 -0.0315101 0.00602248 -0.00600429 0.00179074 0.000798272 -0.0317251 0.00573879 0.000448218 0.00630852 0.00869414 0.0077658 0.00390672 -0.00930584 -0.0120848 -0.0170886 -0.019099 -0.0232025 0.00564295 0.00760825 0.00371291 0.0112705 0.00479531 -0.00183984 0.00430772 0.0100829 -0.01498 -0.00661479 0.00503876 0.00614435 0.000416735 -0.00983128 0.00754305 -0.00582913 0.00167429 0.000841181 -0.00110241
internal_weight=0 1542.75 4759.42 1257.67 606.235 1846.99 2912.43 651.435 1709.62 1339.45 44.6594 505.59 1294.79 2142.54 285.077 522.887 769.894 514.445 383.841 100.645 1128.56 1619.65 121.749 137.373 119.559 215.462 69.8675 370.173 226.996 494.418 450.476 141.018 1534.88 149.219 1385.66 554.432 498.639 198.28 375.293 236.319 130.146 144.06 90.7997 1216 573.437 642.567 227.926 327.327 118.458 136.99 66.211 119.455 69.7018 524.109 284.211 901.569 90.4706 124.642 311.457 425.073 862.062 413.941
internal_count=17214 9086 8128 8325 2198 4616 3512 6127 4175 3180 144 1760 3036 2776 761 978 736 5365 1051 438 2992 1798 709 441 390 163 303 995 812 961 935 553 1781 111 1670 573 512 249 3961 2399 1311 208 162 1544 477 1067 169 905 156 762 321 1284 114 911 801 2180 311 147 664 880 2055 1422
cat_boundaries=0 23 45 66 85 105 126 142 161 162 183
cat_threshold=4194304 654311424 4 134217728 0 33554432 0 2097152 0 0 786432 2206203920 2433093633 134217728 118292480 0 0 0 0 0 0 0 128 0 0 0 64 0 0 0 0 64 1073741824 16794121 32 32 512 16777216 8388608 4096 256 1694498816 2176 256 2048 0 0 3581936128 32 17424 0 1 0 0 268435456 0 0 0 0 2147500032 8388624 34078720 1 128 131072 8 2162688 1081344 16777216 0 134218880 2097184 0 79691776 131072 0 18874368 67109889 18432 512 2149711872 1073743920 0 0 131136 0 1073741920 0 16 65696 0 10240 0 393216 0 3584 2097152 1048576 0 12 8388661 1492 32 64 131072 2147483772 256 0 2 134217888 0 0 0 327680 8915049 4096 0 0 0 0 4 545259648 6 2 1 20 0 1075838976 2147483649 0 622592 17301504 587202560 0 262144 0 2048 537223176 1155072 301 32768 4 1342177280 0 8388608 0 0 2048 268435456 2281701376 0 0 403709952 271221376 33554432 1140898000 0 10 0 0 24 11273220 36 0 0 0 0 0 0 0 262144 32 0 0 0 0 0 0 545259520 4 2 0 16
is_linear=0
shrinkage=0.05


Tree=48
num_leaves=63
num_cat=9
split_feature=66 72 72 67 3 66 72 49 49 72 72 3 56 72 67 55 46 63 58 67 3 70 59 63 53 66 42 64 49 72 5 72 64 67 65 10 66 60 1 58 72 59 50 56 53 70 8 69 67 47 10 65 64 32 56 66 15 8 57 56 60 10
split_gain=121.252 21.1676 18.9671 15.8717 9.8019 18.5083 6.36601 5.775 5.64422 5.59242 4.86808 4.45889 3.98622 3.80236 3.21668 3.14845 3.03811 3.08868 2.77328 2.62727 2.54044 3.02755 2.45532 2.44633 2.37656 2.48762 2.42425 2.33205 2.27199 2.60723 2.05991 2.08536 2.01825 1.9335 1.88796 1.80842 1.72311 1.72236 1.88627 1.64663 2.08803 1.64589 1.59205 1.83916 1.534 1.52277 1.50644 1.49394 1.49265 1.4586 2.58026 2.51685 1.71048 1.50348 1.41317 1.39617 1.38945 1.34145 1.30386 1.29009 1.27197 1.21428
threshold=28.02833333333334 0 1 317.44000000000005 2019.5000000000002 7.0233333333333343 2 127.78164742544605 5.3398490926278148 3 4 2019.5000000000002 2.8830399199700771 5 31.355000000000004 -2.958640539006915 1.3660254037844386 22.041666666666668 558.08356138808324 9.3300000000000018 2014.5000000000002 2.1861529480443669 -608.65975070699437 373.7070833333334 -347.08726252496211 588.22000000000014 9.1848509936051497e-17 1212.8175000000003 1103.9685066770173 6 0.6830127018922193 7 25.532500000000002 6.5000000000000009 2422.6400000000008 -15.155444566227674 183.80500000000004 -21.137607465175368 10.500000000000002 35.533408999519828 8 28.303195971232658 425.16946343858865 223.59748828114363 174.8288005962967 4.5116580859041786 5.5000000000000009 0.58333333333333337 45.030000000000008 -9.3720622912167375 -9.184850993605146e-16 6.0850000000000009 4.0850000000000009 -0.68301270189221941 2.6866711800312442 3.6800000000000002 -1.8660254037844384 1.5000000000000002 -12.812350094019576 4.5774550398759963 26.68438969313803 -5.7500000000000009
decision_type=2 9 9 2 2 2 9 2 2 9 9 2 2 9 2 2 2 2 2 2 2 2 2 2 2 2 2 2 2 9 2 9 2 2 2 2 2 2 2 2 9 2 2 2 2 2 2 2 2 2 2 2 2 2 2 2 2 2 2 2 2 2
left_child=2 7 19 10 9 15 24 13 14 32 11 18 -12 36 -7 33 17 -14 -3 54 23 28 -23 45 25 -5 -26 -25 29 34 31 -11 -4 -6 -22 -24 -2 -37 60 57 -41 61 43 -31 46 -8 -34 -21 -10 50 -49 -51 -53 -54 -1 -32 -33 -19 -59 -17 -39 -15
right_child=1 3 4 6 5 8 20 -9 48 30 12 -13 16 41 -16 59 -18 39 -20 47 21 22 35 27 26 -27 -28 -29 -30 42 55 56 44 -35 -36 37 -38 38 -40 40 -42 -43 -44 -45 -46 -47 -48 49 -50 51 -52 52 53 -55 -56 -57 -58 58 -60 -61 -62 -63
leaf_value=-0.042603480106347048 -0.0052986734806697022 0.0082323860676238019 0.025844934782177927 -0.0056495049267478387 -0.038055802659273878 -0.014338840207699139 -0.0012067555006164082 -0.032723275267230428 -0.023500460654583399 0.00048227119936821675 0.00614712015288966 -0.0031438990944106966 -0.015421391249846548 -0.0076612274377798398 -0.0050239926199970985 -0.052675274570400568 -0.017027252553405474 0.0076714561149937924 0.029452710059926154 -0.010549826199080774 0.0066485599172791373 0.015808884428981176 0.013860024275109729 0.0049028774964746183 0.010656334703467508 0.010563376606396401 0.018418139895477553 -0.011427288380501577 -0.0076693060523405146 0.0014391548832178417 -0.02604041465417048 0.0080967551804364511 0.0051189420330476233 -0.018257277626100812 0.018822444414371545 0.0019228724645707043 0.0083959647684588353 0.0084739307022536781 0.014202070370167467 -0.0053963808181949962 0.0014128632238366446 -0.007670597642596551 -0.0075032606086771194 0.0074198902100008225 0.019866808785927188 -0.026693258621024809 -0.0074141371239315277 -0.0085956061211478595 -0.047018568371158725 -0.040195880663419808 -0.029346248628942764 -0.0094858667804114602 -0.014073923090456342 -0.033420164921322097 -0.028734959941842747 -0.011524982749704647 -0.010080085833416366 0.0017798143539428447 -0.0059921422316777115 -0.036419962623366983 0.002614137118659314 -0.022897906475328203
leaf_weight=31.508481062948704 59.173188909888268 241.1785594150424 9.8801253810524923 39.449982598423958 19.27691463753581 152.56263864599168 10.520322583615782 26.796610310673714 26.932947847992182 88.732214303687215 200.24671711027622 93.824838675558567 36.363913729786873 17.080977968871593 236.13452544994652 19.919998180121183 30.45759030431509 24.807897109538317 16.446729198098183 20.087019950151443 479.85887353122234 93.190297544002533 89.711957186460495 118.8895261734724 423.88514794409275 59.108783006668091 131.90225926041603 26.788445591926575 38.646591126918793 461.59535405784845 21.708067500963807 11.055154800415037 62.957530226558447 34.226554278284311 34.111410975456238 167.91688460856676 37.542577296495438 248.19376627355814 92.955450177192688 120.93887905031443 798.02254654094577 51.853696458041668 37.440188333392143 178.15598098933697 11.16949826478958 13.232329830527304 38.722594201564789 30.247697092592716 9.0016549378633481 32.346880033612251 29.681594055145979 16.96223446726799 14.055371001362799 35.175188988447189 44.045863151550293 69.936106188222766 214.5788687877357 68.02567969635129 261.07544266805053 31.51933834515512 147.73190261423588 55.769215799868107
leaf_count=116 98 766 42 104 80 647 55 33 332 981 88 351 227 73 372 46 48 13 29 53 748 60 51 239 321 32 68 24 38 819 188 1 461 130 22 145 31 86 94 619 1919 117 63 197 17 59 475 52 34 108 54 31 54 155 209 863 2142 490 1092 168 88 195
internal_value=0 0.00361162 -0.0134529 0.00435018 -0.0101754 -0.0150796 0.00668763 -0.0103821 -0.0104328 -0.00545582 0.000797543 0.00601715 -0.000429976 -0.00814716 -0.00868005 -0.0338823 -0.00141628 -0.00105311 0.00958709 -0.0256918 0.0053364 0.00584215 0.00815655 -0.000526044 0.0110605 0.00407387 0.0124984 0.00189995 0.0042619 0.004649 -0.00816601 -0.00644423 0.00386074 -0.0253905 0.00731421 0.00720127 1.56186e-05 0.00629175 0.00779234 -0.000642631 0.000473392 -0.0134043 0.00248152 0.00310465 0.00227811 -0.015405 0.000346 -0.0233957 -0.0293918 -0.025024 -0.0188729 -0.0287649 -0.0231789 -0.0278968 -0.0345186 -0.0149633 -0.0087995 -0.0035405 -0.00438567 -0.0427149 0.00628746 -0.0193254
internal_weight=0 5032.89 1312.43 4784.67 1058.31 529.575 2893.29 248.216 424.632 528.74 1891.39 351.45 1539.94 221.42 388.697 104.943 1339.69 1309.23 257.625 254.11 2238.94 2069.51 839.7 169.431 654.346 98.5588 555.787 145.678 1229.81 1191.16 406.01 314.366 122.73 53.5035 513.97 746.51 96.7158 656.798 488.881 1272.87 918.961 124.704 677.192 639.751 112.85 23.7527 101.68 178.556 35.9346 158.469 59.9293 98.5397 66.1928 49.2306 75.5543 91.6442 225.634 353.909 329.101 51.4393 395.926 72.8502
internal_count=17313 9502 7811 8955 6979 1809 3313 547 1385 5170 5642 1146 4496 514 1019 424 4408 4360 795 832 2788 2411 524 377 525 136 389 263 1887 1849 4175 3124 995 210 770 464 129 413 268 4133 2538 385 1079 1016 953 114 936 507 366 454 106 348 240 209 325 1051 2143 1595 1582 214 174 268
cat_boundaries=0 21 43 66 88 110 129 151 172 195
cat_threshold=0 0 2097152 147520 0 0 0 0 0 3489660928 9 0 545259552 402653696 555220992 0 16781312 384 1677721600 0 33554436 134217728 302646432 69211136 0 67108864 0 0 0 1090519040 50332836 0 536870912 0 4096 65536 0 98312 0 262144 0 0 16390 3145728 0 0 65536 0 0 16384 0 0 0 16777216 1392 0 0 33554432 3072 96 0 0 138412032 8 0 17 1140850688 1049104 2155872256 1024 0 0 26624 0 2684354560 73745 135168 32 0 1056 131072 2 2953314304 0 524288 0 33554433 1048576 0 0 2147483648 0 0 0 0 0 0 0 33558528 0 151519232 1048576 2147483648 33554560 606076929 0 0 1077298176 268435562 4210688 0 0 0 147456 0 0 0 0 0 3221225472 0 0 0 134218240 17301504 0 16777216 128 536870912 0 0 536870912 524288 0 0 0 0 0 67108864 2048 0 268435456 536870928 2147483676 67108882 536871168 0 0 77594624 0 32 268436096 264196 0 131 0 0 0 0 34149376 35328 0 39845904 1 64 32768 0 67108868 64 0 0 469762560 0 0 0 1 0 0 6144 0 0 0 18890784 1056 1074790400 536870912 0 2048 0 0 65536 35456 0 0 1024
is_linear=0
shrinkage=0.05


Tree=49
num_leaves=63
num_cat=11
split_feature=67 0 0 66 0 66 72 57 64 0 23 66 57 66 60 58 60 42 64 8 49 64 68 67 50 0 0 67 17 8 59 65 57 45 60 57 65 1 55 53 59 63 56 87 67 50 64 71 71 0 55 51 65 65 0 0 51 73 55 28 71 55
split_gain=103.909 20.0377 14.1767 9.33041 8.79569 8.29471 5.19434 5.03218 5.92461 5.00731 5.80417 4.06114 3.6266 3.39348 3.11711 2.90996 2.83719 2.67344 2.37655 2.35985 2.32352 2.54852 2.20382 1.98468 1.84955 2.35846 1.91579 1.76168 1.72371 1.70985 2.09405 1.63411 1.61506 1.59652 1.59291 1.55754 1.95248 1.55077 1.54662 1.85817 1.49765 1.47247 1.37261 1.36895 1.45783 1.3645 1.61647 1.35963 1.68652 1.54456 2.01853 1.35462 1.31299 1.30593 1.29756 1.25506 1.23048 1.22826 1.63651 1.42437 1.51486 1.23134
threshold=81.335000000000022 0 1 153.66666666666669 2 9.0166666666666675 3 -2.74117547493687 7.0300000000000002 4 -1.0000000180025095e-35 15.083333333333334 -8.466821849782777 3583.2166666666672 508.77463303359741 847.44634424151548 -37.398970882414019 -0.93301270189221908 219.87750000000003 8.5000000000000018 -3.3449726485235627 9.1650000000000009 0.58333333333333337 6.5000000000000009 -14.233041763630839 5 6 8.0500000000000025 1.8369701987210299e-16 5.5000000000000009 -865.75463460684261 38.025000000000006 42.841427290279846 0.25000000000000022 66.248440300989643 -3.4396150954825004 6.0850000000000009 3.5000000000000004 42.555201896368288 -2.0559688133434668 -190.31727279577959 43.63068181818182 260.41100013615551 1.5000000000000002 198.05500000000004 43.450569555521646 99.545000000000016 -4.4504422544733595 -2.8071221243502946 7 1.3090252048774869 -89.089698558156599 1437.5000000000002 1124.5050000000003 8 9 -372.37511011029721 10 141.80082062435534 -0.68301270189221941 -38.942646727595893 -65.778254189387866
decision_type=2 9 9 2 9 2 9 2 2 9 2 2 2 2 2 2 2 2 2 2 2 2 2 2 2 9 9 2 2 2 2 2 2 2 2 2 2 2 2 2 2 2 2 2 2 2 2 2 2 9 2 2 2 2 9 9 2 9 2 2 2 2
left_child=1 11 13 9 19 7 32 17 -9 51 12 23 -11 14 29 -16 43 -6 28 41 21 27 -18 -1 26 -26 -8 -19 37 33 -31 -7 -5 56 -34 -25 -37 -10 55 -40 -24 -3 -43 44 -12 -27 -47 -42 -49 -50 -51 -4 -48 -35 -32 -33 -2 58 -28 -59 -61 -62
right_child=2 4 3 6 5 31 24 8 18 10 16 -13 -14 -15 15 -17 22 20 -20 -21 -22 -23 40 35 25 45 57 -29 -30 30 54 38 34 53 -36 36 -38 -39 39 -41 47 42 -44 -45 -46 46 52 48 49 50 -52 -53 -54 -55 -56 -57 -58 59 -60 60 61 -63
leaf_value=-0.037432845519790432 0.001956571077191722 0.025914658655852144 0.011786427575495357 0.00017324884813059118 0.0061405213681350384 -0.0097358756695464718 0.012618677393936737 -0.040804963398496014 -0.026209174120495629 -0.0076335127948693919 -0.0051344832442271572 -0.013599773102174556 -0.03739069887485607 0.020903061749615884 0.0077073658006254877 0.019768498764441457 0.0046603725965896686 -0.034136383239870081 0.014598208679500521 -0.0089521855024335614 0.00085481456473404877 -0.010306634025947661 0.006687142421888584 -0.019302747790581835 -0.0058659229801289615 0.00032847576029613524 0.0030091178644558094 -0.012512105328245241 -0.037768949574816552 0.012922035282574974 -0.0020249194747881004 0.00074042288814645679 -0.014446329664831743 0.019358784417556837 -0.00065913438722162859 -0.038443903694293097 -0.023659688842797746 -0.014279758397784196 -0.03579542589335407 -0.0091170828155912337 0.0025456056618178248 0.0019264194442713347 0.016073523334977958 -0.023875338904637472 -0.019660756001277174 0.016445061646458644 0.0034222191888279886 -0.018609021016506591 0.0025214491843066236 -0.0023912119475173171 -0.010766320719217015 0.0025413908076945368 0.013221432552435892 0.0086755842965857109 0.0047134662537712205 -0.0058161582062437748 0.0083866936270125935 -0.0012873756034104599 -0.012477957839230773 0.015473582012378959 0.0024387886727586221 0.0068197617054766603
leaf_weight=44.871486812829971 95.025627925992012 8.6636156029999238 49.783711973577738 312.97673394531012 21.93426919542253 372.47205436229706 100.56524316966534 34.47852208930999 37.403632353059947 20.922205537557602 97.27137141674757 62.850306615233421 20.052082255482674 52.757134795188904 103.10321360826492 97.113526284694672 118.99524727463722 24.660694662481546 5.4337142407894126 33.374616317451 26.190427893772721 76.978114126250148 37.661239206790924 61.362765096127987 64.825216010212898 193.4334603920579 84.484877269715071 15.238532131537793 11.379030656069515 53.657898500561714 112.34680124372244 100.86436848342419 42.448054745793343 53.148306101560593 41.364922061562538 37.178077958524227 55.925692096352577 100.28394671343267 8.1963084675371629 32.045454975217581 73.867460489273071 93.052519876509905 21.018324993550777 14.735214918851851 21.000837355852127 30.938234440982342 306.59474386274815 21.071550201624632 71.255972068756819 181.31716175749898 119.26708428561687 194.1189891397953 38.473109796643257 61.948523581027985 173.1970052793622 290.84598617255688 342.78721156716347 65.932340383529663 21.372978910803795 43.064939871430397 203.75633323192596 753.57454573363066
leaf_count=194 110 35 126 537 96 2616 81 64 250 59 471 58 47 25 119 68 43 103 20 360 182 540 41 149 86 314 240 99 75 49 251 1019 87 70 56 131 211 1021 40 234 231 573 42 24 80 21 563 86 299 381 475 603 44 41 354 1706 361 102 10 37 296 632
internal_value=0 -0.0112555 0.00366461 0.00199737 -0.00851273 -0.0100291 0.00377869 -0.0164938 -0.0220643 -0.00192442 -0.00381963 -0.0237752 -0.0221961 0.00844392 0.00791947 0.0135575 -0.00287473 -0.0101138 -0.0178822 0.00266593 -0.0126058 -0.0156222 -0.00146034 -0.0281762 0.00484692 0.00266656 0.00597157 -0.0258775 -0.0190661 0.00665413 0.00385941 -0.00730905 -0.00144119 0.00836864 -0.00764182 -0.0254872 -0.0295633 -0.0175205 -0.00521639 -0.0145508 -0.00290419 0.00604241 0.00453312 -0.00950427 -0.00771382 0.00367635 0.00549641 -0.00367805 -0.00484809 -0.00406829 -0.00553034 0.00425401 0.00451478 0.0136088 0.00215641 -0.00425743 0.00699106 0.00524887 -0.000107599 0.00577668 0.00629999 0.00588732
internal_weight=0 1576.7 4490.21 3345.13 1314.51 1158.41 2303.81 353.981 188.979 1041.32 797.417 262.188 40.9743 1145.09 1092.33 200.217 756.443 165.002 154.5 156.109 143.068 116.877 623.436 199.338 1907.02 634.265 1272.75 39.8992 149.067 892.111 339.202 804.424 396.79 552.91 83.813 154.467 93.1038 137.688 431.952 40.2418 504.44 122.734 114.071 133.007 118.272 569.44 376.006 466.779 392.912 371.84 300.584 243.903 345.068 115.097 285.544 391.71 437.813 1172.19 105.858 1066.33 1000.4 957.331
internal_count=17338 9818 7520 6072 9075 8065 3106 2450 1430 2966 2237 743 106 1448 1423 187 2131 1020 1366 1010 924 742 1556 685 2426 1028 1398 202 1346 1236 654 5615 680 582 143 491 342 1271 2999 274 1513 650 615 575 551 942 628 1472 1241 1155 856 729 607 111 605 2725 471 1317 250 1067 965 928
cat_boundaries=0 15 36 55 77 98 118 138 157 175 191 192
cat_threshold=4194304 654311424 4 134217856 0 33554432 0 2097152 0 0 786432 2206203920 3238400001 134217728 101515264 0 32 1434452480 0 90144 0 0 0 0 1073743360 3072 0 1 0 16384 8388624 38273024 65561 0 98304 8 2097152 2097152 16777216 0 99456 2097184 0 138412040 393216 0 16779776 4 1058816 0 2149580802 2147487762 0 0 72 0 0 2147483648 16384 0 0 0 0 0 268435456 268566528 0 11894784 1050624 536870912 58720386 524288 128 0 4096 20971712 8 4096 1073741824 2147483648 16 128 0 76816 3221225472 262144 0 512 2359296 0 0 12 4194853 1488 268435458 256 0 64 0 0 0 0 0 12288 0 0 0 0 0 0 0 0 0 4 0 64 268435456 1 0 0 0 0 5120 4096 1 0 0 0 0 0 0 0 0 0 0 64 268435456 1 65536 0 0 0 0 2101280 0 8 0 4194304 81920 0 0 2147483656 0 2147487754 4 0 536870912 0 0 67108864 0 73728 0 0 0 0 0 3072 0 0 0 0 8388608 0 65545 1073741824 402653184 2147483649 0 0 524288 50335744 2147483648 0 0 135307264 335897600 16384 260 16908288 32 16973826
is_linear=0
shrinkage=0.05


Tree=50
num_leaves=63
num_cat=13
split_feature=66 0 72 3 66 66 0 0 0 70 3 0 77 24 49 91 3 46 72 54 5 70 59 72 71 0 10 0 73 66 55 50 3 3 71 53 57 66 8 58 37 3 55 19 47 10 73 46 70 51 54 70 6 20 0 51 46 18 63 71 54 69
split_gain=96.7145 17.1961 15.5181 12.7639 16.7568 11.6869 6.53004 5.7021 4.89687 4.80567 3.97928 3.87939 3.69317 3.67778 3.49979 3.21072 3.03492 2.94594 2.81911 2.73873 2.58451 2.20805 2.13326 2.73154 2.1218 2.08099 2.07168 2.35073 2.04682 1.92212 2.78764 2.33113 1.87614 1.84398 1.84067 1.83026 1.76044 1.68711 1.67595 1.6465 1.58545 1.57162 1.55799 2.05483 1.54059 1.5082 1.49882 2.63583 1.41025 1.39722 1.33817 1.32738 1.31464 1.26715 1.26025 1.23914 1.49668 1.44908 1.25643 1.36246 1.29412 1.21041
threshold=28.02833333333334 0 1 2019.5000000000002 3.6800000000000002 285.37166666666673 2 3 4 1.1015744623599419 2019.5000000000002 5 1.5000000000000002 0.6830127018922193 -3.0750539494420273 1.0000000180025095e-35 2018.5000000000002 0.93301270189221952 6 6.5841542803929336 0.6830127018922193 0.96054566011434395 930.76407668818501 7 4.7630165807890767 8 15.79422863405995 9 10 2588.291666666667 268.85625510397261 295.89762117558058 2019.5000000000002 2020.5000000000002 -0.15339160536148383 74.761661069134746 -2.373453742038429 733.94833333333349 4.5000000000000009 116.57490288683671 1.0000000180025095e-35 2016.5000000000002 5.642503739697891 0.68301270189221941 -88.094152050263773 -4.0000000000000009 11 -2.7554552980815443e-16 1.6341567936949071 -4.3393527580912785 0.95393461599311558 4.883356734787248 1.0000000180025095e-35 0.6830127018922193 12 -114.58688632286785 1.0000000180025095e-35 -0.93301270189221908 1276.3333333333337 47.711783288671931 269.56972121247799 0.58333333333333337
decision_type=2 9 9 2 2 2 9 9 9 2 2 9 2 2 2 2 2 2 9 2 2 2 2 9 2 9 2 9 9 2 2 2 2 2 2 2 2 2 2 2 2 2 2 2 2 2 9 2 2 2 2 2 2 2 9 2 2 2 2 2 2 2
left_child=1 12 14 8 -5 6 10 16 35 -6 40 53 20 24 18 33 -7 38 44 -9 36 -12 23 29 25 -13 27 -10 -27 30 31 32 -21 39 50 -3 -1 -34 -11 -16 41 45 54 -44 -2 -4 -26 -48 -20 -38 -29 -22 -46 -8 -30 56 58 -57 59 60 -25 -56
right_child=2 3 5 4 9 7 11 19 26 17 21 13 -14 -15 15 -17 -18 -19 48 22 51 -23 -24 55 46 28 -28 34 42 -31 -32 -33 37 -35 -36 -37 49 -39 -40 -41 -42 -43 43 -45 52 -47 47 -49 -50 -51 -52 -53 -54 -55 61 57 -58 -59 -60 -61 -62 -63
leaf_value=-0.014840641852936301 -0.00035760997407640037 0.0038564914733913189 0.022981665020928174 -0.042955126054234641 -0.020991802184294667 0.017076338789356261 -0.0086207116240118141 0.015221958051512045 -0.011044417258598832 -0.0052459745643459264 -0.01233756396285041 0.003182248493275391 -0.041180744272427031 0.0071558088351477579 -0.010782451173147061 -0.031083514867534984 0.0087514413639709129 -0.023279012055869779 -0.0037554656399302632 -0.0010354792352633656 -0.039291296742528778 0.0035277873688798786 0.012168889216231812 0.0032522499191072712 0.0065205615564971663 0.0015429746135478036 -0.018327315544854894 -0.020352052061042278 0.0019884687847532222 0.011752886904529877 -0.008246042995877818 -0.010411976695760085 0.0030319671126905431 -0.022276330910939803 0.00083259015391694388 0.024353081503971408 -0.012276146937730449 0.012340762443782608 -0.014550642815656279 0.010005204299324924 0.018667318708019694 0.0047108134101869099 -0.0065879651486679333 -0.028850234115619457 -0.026228555692646274 0.009864508681520591 -0.014298057138614421 0.0020484111723125362 0.010487269360248949 -0.029391098495040919 -0.0051025439488660085 -0.022081111959657181 -0.0092064582930208132 -0.026769761946542955 0.0075670174042132754 0.010909537843399843 0.013477989413288028 0.0037510650586946208 -0.00049202852747522792 0.011882757386267121 0.010364024518988227 -0.0047655611333343208
leaf_weight=87.873614985495806 19.736143849790096 95.847983095794916 28.535408198833466 47.688602294772863 105.64374483935535 179.68411791324615 64.141871213912964 69.149469673633575 107.89300739765167 233.85172925889492 26.622243225574493 211.65885771438479 30.904835060238838 207.34799684397876 35.494536127895117 26.654324591159821 280.19905745983124 31.410021062940359 32.874740093946457 138.73476268351078 29.773815460503101 124.44062712788582 100.65667131543159 192.39381490647793 163.91157078370452 249.05277796834707 31.898836456239223 16.906670477241278 119.63791158422828 41.598588407039642 75.574567347764969 33.10618856549263 132.03480772674084 23.466043643653393 171.68490205518901 12.287864670157431 15.388317588716744 77.094011843204498 61.023643249645829 13.019634664058684 51.918357238173485 111.4671935364604 143.83392835222185 11.170171018689869 21.099189311265945 94.436723232269287 26.817915961146355 306.61237661913037 36.874806448817253 52.982521083205938 96.487358571961522 17.963280446827412 24.530063211917877 11.313855081796644 21.219596266746521 79.673602193593979 93.532084733247757 627.35861115157604 55.791917398571968 124.11011558771133 95.828994005918503 318.93886298500001
leaf_count=236 34 685 59 207 858 150 362 23 1330 85 120 872 99 177 199 34 180 50 77 326 141 169 81 305 418 247 401 83 451 16 44 59 172 58 1433 32 66 28 655 24 61 263 648 43 116 213 57 563 85 186 1184 24 110 37 7 113 96 820 45 83 61 1262
internal_value=0 -0.011954 0.00363208 -0.00882367 -0.0148285 0.00425754 0.00171491 0.0067082 -0.00358583 -0.0117231 0.00713465 0.000396765 -0.0240496 0.000891545 -0.0087251 -0.016259 0.0117486 -0.00872214 -0.00387106 0.0054226 -0.0226331 0.000731791 0.00508879 0.00468543 7.14008e-05 -0.00117741 -0.00593315 -0.00507805 -0.00225632 0.00143479 0.000526072 0.00226623 0.00347282 -0.0107695 -0.00235013 0.00566199 -0.0195221 0.0064636 -0.00717155 -0.00520372 0.0107615 0.00901071 -0.00379546 -0.00819227 -0.0104331 0.0129083 0.00277199 0.000712296 0.00330104 -0.025539 -0.00737619 -0.0328152 -0.0170776 -0.0100148 -0.00239578 0.00590393 0.00770369 0.00455773 0.00654997 0.00750281 0.00561679 -0.00388211
internal_weight=0 1247.51 4923.35 1012.62 479.618 4689.6 2293.08 2396.52 533.007 431.929 437.421 1855.66 234.886 1780.2 233.749 98.6345 459.883 326.285 135.115 1936.64 203.982 151.063 1867.49 1766.83 1572.85 1075.51 424.871 392.972 863.853 498.143 456.544 380.97 347.864 71.9802 285.079 108.136 156.244 209.129 294.875 48.5142 286.358 234.439 614.8 155.004 65.3654 122.972 497.342 333.43 69.7495 68.3708 113.394 47.7371 45.6293 75.4557 459.796 1268.69 561.657 707.032 468.125 412.333 288.223 340.158
internal_count=17123 7755 9368 7003 1855 8631 6029 2602 5148 1648 885 5144 752 4745 737 315 330 790 422 2272 653 289 2249 2168 4568 3530 4431 4030 2658 645 629 585 526 281 2700 717 488 200 740 223 596 535 2411 691 260 272 1038 620 162 252 1267 165 226 399 1720 1523 590 933 494 449 366 1269
cat_boundaries=0 23 44 64 83 103 123 144 167 186 205 206 207 224
cat_threshold=4194304 654311424 1048580 134217856 0 0 0 2097152 0 0 786432 2206203920 17174528 134217728 101449728 0 0 0 48 0 0 0 128 0 0 16777217 131136 0 0 0 0 0 1342177280 268452360 0 545259552 134217760 18350080 25165824 4096 256 1677721600 0 4 0 1073741856 0 0 65680 16384 8192 0 262144 0 3072 2097152 0 134217728 2147483648 8388656 4195264 65658 4194368 98304 0 0 360710656 0 1024 0 1 0 0 0 0 0 0 0 16384 8388608 34078720 0 268435456 65536 0 25165824 536870912 1152 2097152 0 12582912 393216 0 538968064 5 51200 545 2149613568 56 0 0 131072 131072 268435456 256 2176843780 32 1024 16777216 4 0 0 0 0 134217728 0 0 0 0 0 2147483648 1024 4 0 0 0 64 0 0 0 0 0 268435456 268451848 0 8388608 0 0 8388608 4096 0 1140850688 0 4 0 0 0 0 0 0 0 0 0 67108864 0 0 98304 536871172 570425348 19600 604504064 128 0 134217728 144 8 1 2099236 524352 67108864 0 0 4096 0 1077936128 147456 526336 16818688 603979776 1048576 805306368 12 16777216 0 301989888 131072 0 16 0 8960 16 0 268435456 1048576 0 0 1186988032 3283296 415236096 1073742848 135331840 0 0 2147483648 1024 8390208 2170896 2147483648 671088640 0 0 0 1074266112 16512 0 0 2155872256 86016 262144 0 2148532352 268566530 2147483776 33
is_linear=0
shrinkage=0.05


Tree=51
num_leaves=63
num_cat=9
split_feature=66 56 0 72 0 66 70 42 0 49 66 57 64 10 10 56 66 57 33 66 52 47 49 55 57 0 0 10 55 47 65 60 70 57 71 48 70 63 91 64 48 49 70 20 65 64 55 18 48 0 58 52 0 68 52 50 71 9 73 49 60 33
split_gain=80.674 13.6075 12.3167 7.05165 6.66437 5.74052 6.90418 5.14905 5.0659 4.94451 4.69095 3.54682 3.35521 2.93363 2.65749 2.47487 2.2106 2.08095 2.06557 1.9838 1.97074 1.96014 2.60776 1.88063 1.85498 1.81762 1.76839 1.82754 2.67712 1.75972 1.75075 1.72319 1.71208 1.63272 1.62814 1.62602 2.91839 1.60997 1.60343 1.97378 2.18938 2.20031 1.59643 1.60358 1.59477 1.75425 1.38851 1.38141 1.35712 1.31399 1.3079 1.30276 1.28576 1.27249 1.27132 1.23254 1.232 1.6742 1.34622 1.22957 1.29914 1.22165
threshold=28.02833333333334 123.14684495428411 0 1 2 6.4800000000000004 0.9960876991651787 -2.7554552980815443e-16 3 261.08672698233704 114.05833333333335 274.38949246032979 8.2500000000000018 7.6471143170299749 15.588457268119894 10.009892288494434 878.08333333333337 -3.264414103587765 0.25000000000000033 2.0283333333333338 -639.63269741007082 -228.16361977265038 -437.64369322342742 70.958643309451602 -16.82391229219537 4 5 4.7500000000000018 8.13624272871313 -14.28506206616346 14.020000000000001 356.49594071825504 4.5116580859041786 -53.936421591237583 6.7825259720981519 -95.898782464788511 2.3786716599738305 53.261363636363647 1.0000000180025095e-35 876.90750000000003 -148.38230859916797 111.71989211555162 6.7362293800649971 0.6830127018922193 13.005000000000001 12.995000000000003 2.9044574462087467 -0.5 -95.898782464788511 6 6.6657832368752343 -1.0000000180025095e-35 7 0.83333333333333337 -149.22072009802946 28.98447479152853 16.147599075477231 8.5801270189221945 8 -80.793571291845879 148.53143887552173 1.0000000180025095e-35
decision_type=2 2 9 9 9 2 2 2 9 2 2 2 2 2 2 2 2 2 2 2 2 2 2 2 2 9 9 2 2 2 2 2 2 2 2 2 2 2 2 2 2 2 2 2 2 2 2 2 2 9 2 2 9 2 2 2 2 2 9 2 2 2
left_child=2 3 13 32 29 6 7 50 20 10 25 14 -9 19 16 -12 21 -8 35 -1 24 23 -23 -10 -3 44 -7 -28 30 33 -29 42 52 -4 46 -16 -37 -17 39 40 41 -24 43 49 -5 -46 -27 -21 -18 -22 -6 -33 -2 -54 -14 -55 58 -58 -42 -31 -61 -48
right_child=1 8 4 9 5 26 17 12 11 -11 15 -13 54 -15 18 37 48 -19 -20 47 31 22 38 -25 -26 34 27 28 -30 59 -32 51 -34 -35 -36 36 -38 -39 -40 -41 56 -43 -44 -45 45 -47 61 -49 -50 -51 -52 -53 53 55 -56 -57 57 -59 -60 60 -62 -63
leaf_value=-0.034935089234734297 0.004218966587756558 0.0056021876341350247 0.031692359003811503 -0.021449435056775656 0.0076850789687928599 -0.0017551519039836366 -0.02031818011593195 -0.043246208340755356 0.0018912906401713414 -0.023523247528274498 0.0079181843147886361 -0.010270933308161713 0.0070010729461093633 -0.036584644367495103 0.0010133625380359683 -0.010093374104298735 0.004555996330962795 -0.045604446337777563 0.0044608519193029593 -0.02833697824939992 0.0017385744360191688 0.015309943848298516 0.0017326000127452215 -0.010539195978823399 0.017988488615253082 -6.6892088226609106e-05 -0.0074907809835452095 -0.020333985342050928 -0.028957083057503039 -0.025922550067720464 -0.0067218027579347504 0.0043273295058840339 -0.018753147966964933 0.0057331480198754212 0.0053703188253629002 -0.0018501305160204366 -0.021837403695113489 0.0025330849929864579 0.0066723635401500494 -0.0085660204321229023 -0.00393484522958605 -0.01652823084901154 0.012048219213175546 -0.0031432569023794412 0.013705203354587621 -0.0086330614759206128 -0.0075462449084386946 -0.016864257082862259 0.011347638738552983 0.007633348747866084 -0.0090365231451673828 0.013874261573543177 -0.00038302864406584866 -0.0085412232941137894 -0.017536759435895447 -0.021356916557357053 0.0027999762459137486 0.012781641157989271 0.0045044608737415609 -0.0033682362046369898 0.02119990872474857 0.0013638667026701333
leaf_weight=20.36600499227643 21.878423932939768 45.078684359788895 6.8671689890325061 19.609330601990223 26.928923169150949 117.35447729937732 12.103150130249558 12.920405052602289 128.68693394213915 20.218942753970623 234.64603885263205 44.153413772583008 5.6169731169939032 30.412025399506092 73.568732187151909 25.940853729844093 120.52968336641788 24.825496727600694 120.19311714917421 30.846812792122364 154.86478179693222 55.654285609722137 46.094807460904121 39.849892862141132 91.747018456459045 437.08330965414643 347.19632621109486 34.301730174571276 25.434150956571102 5.3991914093494406 75.86643723025918 47.010833956301212 35.989182867109776 51.351782742887735 95.544563949108124 48.658441767096519 29.236625641584396 942.74583263322711 360.04784299433231 38.650965645909309 58.986205644905567 25.689915761351585 101.35261018574238 51.864767234772444 10.333215631544588 58.805088251829147 142.42247992940247 175.60814512148499 188.72674995660782 370.02835872024298 20.669674188829958 148.95988327264786 35.325687155127525 88.235737942159176 87.637028373777866 23.827281918376684 81.983039759099483 86.156321112066507 153.07339959964156 57.421370786614716 5.937202811241149 52.70642608217895
leaf_count=114 156 60 22 56 33 1378 121 62 178 30 55 40 23 92 98 107 70 35 91 96 227 53 94 63 99 1601 2041 270 230 23 532 75 230 367 272 106 27 1850 451 37 46 39 46 57 13 302 660 524 70 472 268 150 124 398 898 112 136 58 361 622 23 314
internal_value=0 0.00305085 -0.0115207 0.000172116 -0.00849066 -0.0102171 -0.0179034 -0.0132412 0.00543522 0.00107457 0.00132611 0.00369332 -0.0193672 -0.0211789 0.004088 0.00331097 0.00497541 -0.037317 -0.000433492 -0.0200471 0.00824628 0.0039036 0.00482435 -0.00104785 0.0139077 -0.00159909 -0.00794505 -0.00922227 -0.0143357 0.00222332 -0.0109601 0.0074544 -0.00843862 0.00879515 -0.000703488 -0.00431737 -0.00935202 0.00219496 0.00413834 0.00227878 0.00320616 -0.00480248 0.00626095 0.00524396 -0.00796635 -0.00529445 -0.00163253 -0.0185784 0.00870066 0.0060727 0.000423729 0.0115841 -0.0067441 -0.00810763 -0.0160588 -0.0112661 0.00471826 0.00791468 0.00218386 -0.00301786 -0.00106601 -0.00513953
internal_weight=0 4956.16 1175.06 2245.31 917.831 790.855 190.702 153.773 2710.85 2040.06 2019.84 1699.94 106.174 257.233 1655.79 1203.33 1384.13 36.9286 271.657 226.821 1010.91 1074.87 906.337 168.537 136.826 816.504 600.153 482.799 135.602 126.977 110.168 874.081 205.256 58.219 727.757 151.464 77.8951 968.687 850.682 490.635 451.984 71.7847 678.111 576.758 88.7476 69.1383 632.212 206.455 309.256 524.893 47.5986 195.971 169.267 147.389 93.254 112.063 380.199 168.139 212.06 68.7578 63.3586 195.129
internal_count=17258 9484 7774 6280 6948 5891 1440 1284 3204 5260 5230 2018 983 826 1978 2012 1656 156 322 734 1186 1516 1275 241 159 3218 4451 3073 1032 1057 802 1027 1020 389 2847 231 133 1957 1222 771 734 133 802 756 371 315 2575 620 140 699 301 225 790 634 921 510 601 194 407 668 645 974
cat_boundaries=0 23 46 67 87 107 123 143 162 163
cat_threshold=4194304 654311424 1048576 134217856 0 0 0 2097152 0 0 67895296 2206203920 688263168 134217728 119275520 0 0 0 0 0 0 0 128 0 0 2147483648 131136 0 0 0 0 2097216 268435456 17176 16384 545259552 268599328 1048576 8388608 135168 0 134217728 16512 134217728 6144 1024 1075904512 0 16777216 0 33792 2099232 0 134217728 262144 0 538976256 16397 24576 130 2149613568 26 0 0 131072 0 128 0 32 293601792 16 81968 0 1 0 0 268436480 3072 0 0 0 16384 8388624 34078720 67239944 536871040 98305 65536 134217728 1048576 0 134217728 16777216 134217734 1048576 0 0 536870912 3221225472 1 2097152 268435488 2181040128 0 0 65536 16 4096 32768 2147483648 0 0 0 318767104 8388608 0 0 2048 70067840 1116161 7012 0 4196384 0 32 16777216 0 65536 0 1 0 0 0 0 0 0 0 0 8388608 33554432 0 0 32768 0 0 4194304 0 0 0 4096 0 262144 0 0 0 0 524288 0 0 0 2147483648 2 6561824
is_linear=0
shrinkage=0.05


Tree=52
num_leaves=63
num_cat=10
split_feature=66 0 72 67 0 66 65 41 64 0 10 70 64 67 70 0 34 71 0 10 0 56 19 8 70 0 64 51 68 49 0 60 66 8 54 54 50 67 8 49 70 70 8 84 60 1 56 38 65 71 65 87 0 66 57 70 10 46 67 59 71 8
split_gain=75.7581 16.8363 13.4557 11.4113 6.30994 5.73591 4.57433 3.0687 3.65616 3.00558 2.84413 2.83514 4.10106 4.43476 2.72988 3.20038 2.49471 2.31926 2.13744 2.12882 2.12578 2.04675 2.00282 1.98555 2.50758 4.16456 3.24501 2.82059 2.85626 1.94046 3.16938 1.92772 1.86484 1.76974 1.75793 2.35585 2.46611 1.79475 1.71775 1.66784 1.65267 1.63547 1.62896 1.61462 1.60562 1.55415 1.52917 1.51188 1.50141 1.4884 1.61306 1.42526 1.37706 1.33159 1.29934 1.25119 1.24509 1.16093 1.14459 1.12732 1.09937 1.0897
threshold=28.02833333333334 0 1 317.44000000000005 2 6.4800000000000004 2.0500000000000003 -0.6830127018922193 8.2500000000000018 3 7.6471143170299749 16.396012218243104 89.027500000000018 299.62000000000006 6.7362293800649971 4 -0.5 222.62546487050392 5 4.7500000000000018 6 99.513660749643421 -1.0000000180025095e-35 3.5000000000000004 6.3634107398572057 7 993.46000000000015 -351.52852657900365 0.83333333333333337 -642.17951605045153 8 224.14941523018373 1.3466666666666669 10.500000000000002 1.5408007968830992 2.5588186500435675 -11.685759132620687 11.040000000000001 5.5000000000000009 -71.242161036029358 0.29757766949947578 2.6134961014193983 2.5000000000000004 1.0000000180025095e-35 -21.137607465175368 2.5000000000000004 138.26246256921789 -0.93301270189221908 42.175000000000004 -1.8655360971837023 1500.7750000000003 1.0000000180025095e-35 9 789.08333333333337 0.63444927832047149 1.4606079854809439 5.8170722959499284e-16 0.6830127018922193 1099.8850000000002 -28.256975009516754 6.7825259720981519 4.5000000000000009
decision_type=2 9 9 2 9 2 2 2 2 9 2 2 2 2 2 9 2 2 9 2 9 2 2 2 2 9 2 2 2 2 9 2 2 2 2 2 2 2 2 2 2 2 2 2 2 2 2 2 2 2 2 2 9 2 2 2 2 2 2 2 2 2
left_child=1 10 14 11 42 6 -6 -8 32 17 34 12 13 18 15 -2 -10 23 -4 61 56 48 55 41 25 26 -25 28 -27 -11 -31 45 -9 40 37 -36 -37 -1 -29 -16 -22 53 -3 44 -18 -24 -47 -44 -21 52 54 -40 -32 -5 58 -17 -14 -56 -51 -45 -20 -7
right_child=2 4 3 9 5 19 7 8 16 29 -12 -13 20 -15 39 22 43 -19 60 21 33 -23 31 24 -26 27 -28 38 -30 30 49 -33 -34 -35 35 36 -38 -39 51 -41 -42 -43 47 59 -46 46 -48 -49 -50 50 -52 -53 -54 -55 57 -57 -58 -59 -60 -61 -62 -63
leaf_value=-0.026761983012646852 -0.018225328028136006 0.011969236114589742 0.0041314732683595317 0.008909523558841205 -0.038982034688354456 -0.0037000092582493028 -0.00012201863911339638 -0.044029171375668391 0.0021907857215291396 0.013226553241784242 -0.039035330923299062 0.0062472490363497148 0.00056094877688788521 -0.033188237925341001 -0.0089135273924594808 -0.028037055570279114 -0.040080760531222726 0.017653883435522488 -0.0058399294819004108 -0.013355555826712721 0.0073099648370156802 -0.030351155003816008 -0.011481919736999333 0.0019592779102053826 0.011117187091123568 0.020849522052658952 -0.020372430206386339 0.00587290311892745 0.0048924507146235465 -0.0054730475306718207 0.0065310981984485319 -0.016630434637826427 -0.017621813636060839 -0.0097150897263475009 -0.037636628007259608 -0.0093856043986087524 -0.02641041733132082 -0.010624662555957743 0.0020937114314870282 -0.035449451712275981 0.0017571000654015647 0.0041188672515687207 0.02370692605649001 0.013620917981093545 -0.018087059082059754 -0.0023433350035252563 0.0076937286518323229 -0.0021657147666575322 -0.0034215294185398443 0.0061549227665198512 0.00020131764605156442 -0.011725334129889468 0.00055832851835364665 0.015322365587679136 0.0027108330320602357 -0.0064332468971463903 -0.0078019975178526962 0.010696812604894657 0.010925614495444819 -0.011634743586684725 0.0010784963897056165 -0.0088861045260518173
leaf_weight=25.341831598430872 37.457500606775284 32.029726814478636 78.495724778622389 227.10380330681801 20.780567653477192 308.30618987977505 31.89066693931818 16.84087391290814 20.950671700760722 57.849257960915565 26.627548385411501 193.9412847161293 86.386435993015766 12.634276390075682 10.534118473529817 12.386963903903963 9.5290235783904773 56.418686866760254 342.81522050127387 121.7063583470881 157.54872389882803 13.640868278220294 26.52013698592782 32.654839992523193 122.14490473270416 48.207242906093597 32.414723262190819 96.383282572031021 67.045731455087662 79.41208815574646 121.89727139472961 19.952164247632027 11.086648700758813 30.067185927182436 29.607277072966099 29.442548520863056 76.641035702079535 53.825700700283051 40.907820522785187 13.522907860577105 896.33120696246624 106.22800531983376 5.960392862558364 5.0993888340890399 64.247792659327388 96.80179487913847 62.414768759161234 107.20583760645241 55.325754975900054 482.34907678514719 134.01416130363941 34.305781632661819 386.16315333545208 125.78198647499084 343.71125603467226 14.602800421416758 91.802962176501751 52.45316980779171 170.05182322859764 33.088883707299829 68.973515633493662 150.85012130066752
leaf_count=112 40 145 274 179 109 902 234 48 84 44 102 97 259 15 33 28 73 44 1606 872 470 88 116 60 51 64 43 130 98 43 204 31 95 224 96 79 328 103 100 86 1904 51 21 38 387 488 74 1034 419 636 102 61 680 42 510 82 237 34 94 435 157 1943
internal_value=0 -0.0109487 0.00279407 0.00343263 -0.00783662 -0.00947439 -0.0166941 -0.014291 -0.0171003 0.00547765 -0.0226823 0.000508936 -0.00012158 -0.00393964 -0.00743736 -0.00625284 -0.0136448 0.00773142 -0.00318593 -0.00724802 0.00139979 -0.011689 -0.00339622 0.00721437 0.00494466 0.00280229 -0.00794446 0.00533121 0.0115669 0.00419226 0.00392068 -0.0018618 -0.033546 0.00222544 -0.0217113 -0.0251659 -0.0216853 -0.0157903 0.00145371 -0.0238299 0.00258722 0.00955799 0.00188469 -0.0166079 -0.0209278 -0.00027533 0.00159131 -0.000803019 -0.010251 0.00436846 0.0053667 -0.00420931 0.00213089 0.0111953 0.00602687 -0.0163483 -0.00354849 0.0037682 0.00739843 -0.00826228 -0.00457013 -0.00540384
internal_weight=0 1250.03 5070.69 4776.49 1008.54 863.344 213.515 192.734 160.843 2817.5 241.486 1959 1765.06 502.919 294.193 270.136 132.916 989.597 490.284 649.829 1262.14 190.673 232.679 933.178 474.064 351.919 65.0696 286.85 115.253 1827.9 1770.05 205.689 27.9275 1083.95 214.858 135.691 106.084 79.1675 171.597 24.057 1053.88 459.114 145.196 111.965 73.7768 185.737 159.217 113.166 177.032 1690.64 1182.58 75.2136 508.06 352.886 1048.57 26.9898 178.189 396.164 652.401 38.1883 411.789 459.156
internal_count=17238 7747 9491 8513 6927 5727 1503 1394 1160 3270 820 5243 5146 2052 978 859 1017 923 2037 4224 3094 1379 819 879 607 556 103 453 162 2347 2303 709 143 2598 718 503 407 215 291 119 2374 272 1200 933 460 678 562 1055 1291 2260 1376 161 884 221 1274 110 496 544 730 473 1763 2845
cat_boundaries=0 19 42 63 83 101 120 140 159 180 200
cat_threshold=4194304 654311424 4 134217856 0 0 8192 2097152 0 0 786432 2197815312 1225134080 134217728 119275520 0 0 0 32 0 0 1 131136 0 0 0 0 0 2415919104 33571080 0 545259552 1048576 50856960 8388608 16781312 128 1140850688 4 4194436 8388608 1024 1073807360 0 25165824 0 33792 2097184 0 142606336 393216 0 268437504 279041 26624 800 2149580800 4120 0 0 131072 0 128 4096 0 92275200 32 78992 0 0 0 0 1879048704 0 0 0 0 2147500032 8388628 38273024 67174400 272629760 65537 0 0 0 0 0 33554432 0 0 0 0 0 0 0 0 0 0 536870912 36864 4096 0 0 134217728 0 32 8192 4194304 0 0 24576 1073741824 0 2281701376 12 4194345 80 0 8 65536 524288 2155872256 0 134218768 2105376 49280 0 212992 8 65536 0 0 2147483648 0 50331649 4 0 536936448 256 0 0 83886080 0 73728 0 0 0 0 0 0 0 0 0 0 0 0 0 268435456 32 0 0 0 0 0 0 0 0 0 0 0 0 0 0 0 16777216 0 0 0 12 0 32 0 0 0 0 0 0 0 9220 0 0 0 0 0 0 8388610 131076 131072 131072
is_linear=0
shrinkage=0.05


Tree=53
num_leaves=63
num_cat=14
split_feature=66 0 0 0 67 3 0 55 66 23 66 70 50 67 0 70 5 3 8 48 68 71 66 50 0 77 0 57 70 0 73 44 0 27 63 10 0 54 49 48 3 57 60 49 67 0 8 63 53 51 71 51 0 63 54 4 47 0 65 67 63 65
split_gain=71.0101 19.8997 9.36873 8.04583 7.13452 14.468 5.46017 6.16939 3.98967 3.89592 3.73449 3.13492 2.68903 2.55006 2.68878 2.49642 2.35816 2.24537 2.18869 2.06253 2.05496 2.01938 1.89325 1.79516 1.7745 1.7271 1.69708 3.05068 2.04087 1.6639 1.71244 1.61865 1.61832 1.69287 2.50913 1.58313 1.47718 1.44964 1.4269 1.40223 1.36234 1.79934 1.35013 1.3051 1.38165 1.2866 1.31013 1.28121 1.26927 1.22139 1.20255 1.15388 1.15106 1.31481 1.66975 1.37214 1.39587 1.12282 1.03747 1.0276 1.02185 0.991524
threshold=65.111666666666679 0 1 2 19.965000000000003 2019.5000000000002 3 131.48060491355247 206.05500000000001 -1.0000000180025095e-35 3.6800000000000002 3.5247870569806148 -9.8016164746964716 960.48000000000013 4 5.3349765769252482 -0.93301270189221919 2014.5000000000002 5.5000000000000009 -59.613018254505199 0.58333333333333337 39.982519289699411 0.68333333333333346 -362.73666140222366 5 1.0000000180025095e-35 6 6.6175678836626597 1.4774230781481916 7 8 0.6830127018922193 9 -0.93301270189221919 6.1833333333333345 3.4820508075688781 10 125.86233867566092 432.64801629425909 -68.941236560435968 2016.5000000000002 -4.8054988015482722 356.49594071825504 17.503469054719211 92.765000000000015 11 2.5000000000000004 17.828333333333337 -10.180021179400038 -67.275563754049401 0.19188129788787353 -61.303879346256565 12 55.621666666666677 50.170305813514808 -1.0000000180025095e-35 84.038992744217893 13 11.120000000000003 3.0600000000000005 995.28208333333339 369.56000000000006
decision_type=2 9 9 9 2 2 9 2 2 2 2 2 2 2 9 2 2 2 2 2 2 2 2 2 9 2 9 2 2 9 9 2 9 2 2 2 9 2 2 2 2 2 2 2 2 9 2 2 2 2 2 2 9 2 2 2 2 9 2 2 2 2
left_child=1 12 13 22 5 16 7 11 9 -8 59 37 35 14 23 40 -5 36 42 -15 -19 24 -3 -2 38 -21 49 45 43 -11 52 47 -18 -34 -35 -1 -6 -4 -10 -36 50 -42 -16 44 -29 -28 48 -12 -47 -22 -14 -41 -31 -54 -55 56 -56 -20 -48 -7 -26 -23
right_child=2 3 6 4 17 10 8 -9 21 29 31 -13 15 19 18 -17 32 20 57 25 26 61 -24 -25 60 -27 27 28 -30 30 -32 -33 33 34 39 -37 -38 -39 -40 51 41 -43 -44 -45 -46 46 58 -49 -50 -51 -52 -53 53 54 55 -57 -58 -59 -60 -61 -62 -63
leaf_value=-0.007819285759298274 0.0043111615881760938 0.017643288831486439 -0.0018538146362627698 0.0060191053303981622 0.0050251963065052535 -0.048719346654472043 -0.014936623254773899 -0.031820313782045966 0.0014239808992884961 0.0050826942101966036 -0.013602636156802246 -0.015087896294510237 -0.030161449831291515 0.0071915272137951852 0.0069494735375582681 -0.013744568926243775 -0.00091889379536088756 -0.0010316890114588019 0.0062866286908274081 0.01640322446749478 0.011300053908362391 0.013268432166956324 0.0020185693965417604 -0.011701730129205005 0.004146188881096643 0.0082737667259072528 0.0036060288184996091 -0.015064592981795397 -0.032460552732300745 0.002190862345767053 0.0014301132036907019 -0.041020559400055695 0.0054400540621988977 -0.033092480581560481 -0.027091938199003369 -0.022992673215290277 -0.0048880152472626009 0.010975163099929488 -0.0092176604555812766 0.011523614466474983 -0.01550171259058738 -0.034249714571712386 0.014388218410778864 -0.004044420027740794 -0.041797122149445448 -0.00049850992242735125 -0.018520638808195676 -0.025901145896686739 -0.0076258626877577689 -0.0035234937575097831 -0.0020968449890821405 -0.010264921633271223 -0.019358249336933281 0.0017031463060843167 0.0055976105763594179 -0.014344979032434358 -0.013176001140010133 -0.0032493814142067722 -0.0090561282712070031 -0.032490530134455721 0.011126330138057973 0.0064172158049693355
leaf_weight=38.453186061233282 32.688989803195 21.907001212239265 105.86053703725338 35.228832840919495 78.002841785550117 15.736660824157296 40.166198320686817 20.582526132464409 343.08211306482553 185.05514443665743 51.686184735037386 40.344499334692955 7.4041099511086923 301.09590183198452 268.84094861149788 30.849279932677746 74.006526328623295 167.89611786045134 40.639818593859673 165.32434165477753 15.496683310717343 68.118557289242744 168.57819117605686 37.674782082438469 1129.7831853032112 108.02101498842239 26.530348792672157 43.56110374815762 17.029706882312894 60.875655800104141 554.54109277576208 8.9014013428240997 13.520135547965763 14.07230203412473 11.819668270647524 31.089058443903923 56.015681475400925 27.803307317197323 34.684955775737762 6.4708180353045455 14.857839502394198 92.315989550203085 78.900284796953201 25.28708110190928 5.4367142990231505 87.626924101263285 36.190192554146051 35.875269859097898 217.53537226840854 134.53160942718387 7.8787286132574081 99.677744179964066 16.594336796551943 63.224979512393475 24.301901455968618 50.827450301498175 16.708915688097477 69.430753402411938 144.82530348561704 25.657954221591353 54.984081253409386 234.96921715140343
leaf_count=85 70 27 216 189 800 63 79 15 769 398 256 253 59 180 308 56 948 192 80 70 92 46 836 43 1413 69 38 419 74 280 1083 59 10 29 92 70 785 24 32 36 61 331 95 239 28 69 392 321 95 1117 52 943 117 205 66 82 63 216 1624 135 97 159
internal_value=0 -0.00800896 0.00373256 -0.00596739 -0.00724496 -0.0130493 0.00228681 -0.00564422 0.00284075 0.000323321 -0.0260975 -0.00287235 -0.0217801 0.00767092 0.00523284 -0.0264567 -0.00598957 -0.00515527 0.00654919 0.0100462 -0.00603433 0.00422195 0.0036252 -0.00373219 0.00349746 0.0131906 -0.00714821 -0.00829156 -0.0168487 0.000953827 -8.04972e-05 -0.0207066 -0.00791632 -0.0106773 -0.0131363 -0.0146026 0.00089201 0.000814731 0.000435386 -0.0107557 -0.0296591 -0.0316506 0.00863728 -0.0132697 -0.0180308 -0.00692923 -0.00742556 -0.0186415 -0.00557925 -0.00186784 -0.0156934 -0.00893669 -0.0035934 -0.00565239 -0.00455015 -0.00885516 -0.00205127 0.000547403 -0.0109484 -0.0386601 0.00443272 0.00795702
internal_weight=0 1861.95 4175.13 1639.1 1448.62 392.653 3072.51 194.591 2877.92 1012.3 137.857 174.008 222.848 1102.62 528.176 153.306 254.796 1055.97 457.812 574.441 921.947 1865.62 190.485 70.3638 1562.53 273.345 754.051 604.023 91.3146 972.129 787.074 96.4629 219.567 145.561 132.041 69.5422 134.019 133.664 377.767 117.968 122.457 107.174 347.741 74.2849 48.9978 512.708 486.178 87.5615 305.162 150.028 15.2828 106.149 232.533 171.658 155.063 91.8383 41.0108 110.071 181.015 41.3946 1184.77 303.088
internal_count=17150 10622 6528 9908 9045 3081 5397 508 4889 2373 834 493 714 1131 812 559 2247 5964 699 319 4379 2516 863 113 2311 139 4187 2978 760 2294 1896 636 2058 1110 1100 155 1585 240 801 1071 503 392 403 686 447 2218 2180 577 164 1209 111 979 813 533 416 211 129 296 2016 198 1510 205
cat_boundaries=0 23 43 62 83 103 124 145 165 166 181 199 214 233 251
cat_threshold=0 654311424 1048580 134217728 0 33554432 0 2621440 0 0 786432 2197815312 17174528 16384 51118080 0 0 0 32 0 0 0 128 4096 0 83886592 0 91296 0 17 0 0 805306372 3072 0 1 0 16384 8388624 34079232 100663368 268435456 32769 0 1207959552 67108865 32 33591296 524288 0 71303168 0 4194304 18909696 262144 1048576 2164260872 2147483648 4198452 0 0 131080 32 1048576 0 1 0 0 49152 0 0 8 0 0 0 35127296 0 33554432 536871168 32768 536870914 256 100 0 0 16777216 0 24576 0 0 0 0 0 0 0 0 0 0 0 0 0 268435456 1 2140 256 0 0 32768 1073758208 0 0 327680 526432 4096 0 0 0 0 4 272630914 0 0 0 8 2097152 268435456 2151677952 1073741825 0 18876416 16777216 2147483648 0 0 8192 536903808 34816 134220672 67239938 2147483787 0 0 64 0 64 67584 1073741856 0 0 0 4096 8192 1073741824 131072 0 0 2097152 0 0 12 2147483652 16778452 16384 0 131088 35789824 0 16 0 67108864 134218752 0 536870912 16777216 262144 0 2416967680 655529 2353045504 12403 2097152 1075838976 2097152 0 0 0 32 33554432 134217736 0 0 1342185472 91649 124928 68 0 0 0 2147483648 0 1048576 0 0 0 0 0 0 0 0 0 1543503872 0 0 268435456 0 0 0 0 0 0 0 2147483656 0 0 0 0 0 0 0 16777857 4194304 65568 131136 0 0 0 0 66560 0 16 0 0 0 0 0 0 0 0 16 0 67108872
is_linear=0
shrinkage=0.05


Tree=54
num_leaves=63
num_cat=13
split_feature=66 72 0 66 0 66 56 0 66 0 8 60 0 0 47 56 65 50 73 34 1 50 0 55 70 41 71 8 8 0 51 71 51 8 56 54 65 0 38 71 56 55 70 24 9 54 56 10 41 57 0 51 10 46 67 67 15 45 50 73 70 10
split_gain=67.015 12.0698 11.0047 12.9126 8.88324 5.64771 5.50546 4.33219 3.43622 3.05234 2.90294 2.45058 2.63797 1.99186 1.93095 2.63836 2.27273 1.88261 1.75466 1.77902 1.69413 2.14481 1.66714 1.65732 1.67558 1.61191 1.59852 1.58701 1.57456 2.12864 1.74155 1.73724 1.55377 1.37804 1.34058 1.35524 1.32339 1.34645 1.31477 1.3024 1.96476 1.24534 2.30646 1.19344 1.59592 1.58414 1.33933 1.44439 1.17945 1.21976 1.15799 1.1529 1.13527 1.07604 1.08055 1.05586 1.04179 1.00715 0.996929 0.968312 0.949209 0.943331
threshold=22.715000000000003 0 1 6.4800000000000004 2 81.416666666666671 4.8921443489876042 3 3583.2166666666672 4 2.5000000000000004 -18.278458567960158 5 6 -88.094152050263773 101.65911118483284 42.175000000000004 -19.504407544391608 7 -1.0000000180025095e-35 1.5000000000000002 -69.90522910150527 8 -7.0234095865442372 1.6578458944232393 -1.0000000180025095e-35 -0.036968271500517187 3.5000000000000004 2.5000000000000004 9 -394.88060047574351 19.972974121024418 -14.452212653696732 2.5000000000000004 55.58513524504216 5.4799239657937351 555.43500000000006 10 -0.68301270189221941 26.191360091573191 80.418589851270454 2.5110313751295954 1.3968465045592706 1.0000000180025095e-35 16.727241335952172 93.838995234751636 135.00770891212915 -12.745190528383294 0.25000000000000022 129.18902421768524 11 -309.53236150464176 -21.825317547305477 -0.25000000000000006 49.255000000000003 15.030000000000003 1.0000000180025095e-35 -1.0000000180025095e-35 -14.952525915632878 12 2.2779266377159759 -5.5000000000000009
decision_type=2 9 9 2 9 2 2 9 2 9 2 2 9 9 2 2 2 2 9 2 2 2 9 2 2 2 2 2 2 9 2 2 2 2 2 2 2 9 2 2 2 2 2 2 2 2 2 2 2 2 9 2 2 2 2 2 2 2 2 9 2 2
left_child=2 14 20 6 8 9 10 23 28 -6 -4 12 17 -13 -2 16 25 60 19 -15 -1 56 33 -5 -25 -16 53 -26 31 30 -30 -3 -18 -8 35 -34 37 -14 -24 40 -21 -28 -43 44 46 -46 47 -20 49 -48 -11 -38 -31 -9 -55 -12 -22 -49 -32 -52 -7 -29
right_child=1 4 3 7 5 11 22 26 -10 50 55 13 36 18 15 -17 32 -19 43 39 21 -23 38 24 27 -27 41 61 29 52 58 -33 34 -35 -36 -37 51 -39 -40 -41 -42 42 -44 -45 45 -47 48 57 -50 -51 59 -53 -54 54 -56 -57 -58 -59 -60 -61 -62 -63
leaf_value=-0.020206017716210278 0.001710054625428411 0.0060641918983787048 -0.038649117478233408 -0.011782296285741884 -0.0099974216057983206 0.0027842148305889463 0.015727775314053481 -0.0041075609734612479 0.020766462504185915 0.0035386057218575275 -0.025446236213388176 -0.00019636439277107977 0.0042396752958335773 0.0058562612302521201 -0.0017883780181542437 -0.021194691619562098 -0.0086105866412494788 -0.016059868115404365 0.0085151829517969273 -0.00063741739150325835 0.0050463756584478124 -0.0001128374829674955 -0.00068554321998433787 -0.015918040439561441 -0.041564457275520973 -0.020206671819975774 -0.0020720867522177038 -0.032175870013541559 0.015546032305756323 0.01271158563015443 0.0047802030774994732 0.014414435141417777 0.0071986258126729031 -0.0080851831757677954 0.011870717825272754 -0.012209556452915736 0.011505791610312033 -0.0011234204683697711 -0.021455781659903559 0.0064781997051344339 -0.014876797368640258 -0.0057567196288547586 -0.026820249330070475 0.0082143760254666052 0.0036175594466397176 -0.0086889692315325288 0.0066044595912270439 -0.0069292546991681307 0.013137375485959116 -0.00079232962847776878 -0.0047540153752926098 0.0030870618218025569 0.0030654786947886294 -0.011407731752816751 -0.033824824275623847 -0.0058364407520210288 0.021939717693628888 0.0023118150247830606 0.012092459768551141 -0.00029962379093116366 -0.0078336739847136537 -0.012373118017427982
leaf_weight=7.5688555706292382 44.304265104234219 137.20865657925606 54.938633646816015 64.40306780487299 89.73565967567265 43.84663237631321 7.6600298397243014 55.466573229059577 42.809507727622986 126.51574244536459 61.578896855004132 264.25486290454865 157.41208887845278 84.119825091212988 16.322538640350103 40.933074522763491 66.774972453713417 35.34300471842289 91.040045339614153 64.14482519775629 16.699140246957541 87.188916593790054 8.2052005939185602 47.25691320374608 16.754704087972641 43.635841563344002 191.66677949763834 11.200890809297563 77.892621725797653 32.173683673143387 162.03628735244274 114.07233250141144 16.315320380032063 29.368095408193767 23.253655187785625 20.046327065676451 53.073981016874313 380.75587482005358 106.67556898109615 26.154081404209137 38.926236242055893 86.911499736830592 15.281581247225402 267.80489200353622 66.376087561249733 43.147978439927101 538.58190957456827 32.634177759289742 60.975162029266357 62.168214842677116 162.36862125247717 173.95636068284512 587.23380284383893 155.2265252135694 5.5684200990945092 7.7255762293934813 20.12393905967474 305.46316313371062 65.436175614595413 437.88607751205564 40.482437506318092 12.986318819224833
leaf_count=73 83 131 72 204 607 57 73 181 20 552 508 528 348 84 76 83 165 70 157 207 78 704 80 348 43 209 728 83 91 46 111 83 15 444 37 119 44 866 725 15 31 838 64 76 89 38 443 105 52 95 485 193 999 1416 29 20 32 483 67 2352 47 89
internal_value=0 0.00253577 -0.0112163 -0.0130361 0.00310843 0.00186087 -0.0222587 -0.00938979 0.00679592 -0.00179749 -0.030065 0.00292271 0.000741137 0.0039148 -0.00756064 -0.00970044 -0.00717563 -0.00588139 0.00453507 0.000188382 0.00256397 0.00416045 -0.015874 -0.0167805 -0.0223327 -0.0151926 -0.00671823 -0.0297368 0.00634516 0.00539149 0.00880494 0.0098549 -0.00337243 -0.00248726 0.00249481 -0.00350119 0.00182981 0.00050317 -0.018373 -0.00348658 -0.00601512 -0.00444883 -0.00890648 0.00516115 0.00452297 -0.00123071 0.00510065 0.00292509 0.00651152 0.00583901 -0.000638686 0.00505515 0.00350986 -0.0101126 -0.012184 -0.0232603 0.0142786 0.00141984 0.00688369 -0.00156269 -0.00231294 -0.0215436
internal_weight=0 5137.62 1070.46 938.875 4866.03 3647.17 276.152 662.723 1218.86 816.506 124.243 2830.66 884.87 1945.79 271.586 227.282 186.349 119.672 1681.54 213.345 131.581 124.012 151.909 152.602 88.1988 59.9584 510.121 40.9419 1176.05 924.773 305.365 251.281 126.39 37.0281 59.6153 36.3616 765.198 538.168 114.881 129.225 103.071 293.86 102.193 1468.19 1200.39 109.524 1090.86 429.137 661.725 600.75 726.77 227.03 619.407 216.262 160.795 69.3045 36.8231 338.097 227.472 600.255 84.3291 24.1872
internal_count=17191 10359 6832 5945 9572 8024 1922 4023 1548 3996 600 4028 1625 2403 787 704 621 174 1875 337 887 814 1322 767 563 285 3256 215 1528 1314 269 214 336 517 171 134 1451 1214 805 253 238 1630 902 1538 1462 127 1335 745 590 538 3389 237 1045 1626 1445 528 110 588 178 2837 104 172
cat_boundaries=0 22 41 61 80 103 124 145 146 161 181 200 216 217
cat_threshold=0 524288 27394048 133121 0 0 0 0 64 1342177280 301990152 262144 545521696 0 1572864 276824064 266240 256 1140850688 0 134217732 4096 65536 1075838976 2172649472 0 99456 0 4096 138412032 393216 0 2097152 1074028545 43008 2308 2149613568 16 0 0 131072 0 0 352322048 0 73776 0 262144 0 0 805307904 3072 0 0 0 0 8388628 38274690 100859912 0 163840 4194304 620757008 0 512 0 0 8192 2097152 0 0 67633152 2969567328 3422949376 1207975936 18415616 0 0 0 48 0 524288 5242880 0 1152 0 65574 1048576 0 0 0 32768 1 81805312 268468224 2048 0 0 1280 0 32 0 128 0 0 0 0 128 1073741824 1 0 0 9 4096 0 0 0 0 0 352 64 268566656 0 4 2147486796 0 1073741824 0 134250496 0 128 1073741824 81920 9177092 0 0 0 0 0 0 25165824 32 0 0 16 16787456 0 536870912 0 536870912 0 0 536870912 2097152 0 0 281018368 661752 0 34 65536 0 0 0 0 8224 0 0 0 0 268435456 0 0 0 0 0 8388628 1152 0 0 32768 2147484744 128 536870912 32 0 4096 0 1073741824 16384 1074530308 0 0 0 0 0 0 0 4194336 4194304 0 1746927648 0 134217729 33554432 0 33554432 67108864 262144 0 0 2359296 2048 2281701376 2 1073746473 33565728
is_linear=0
shrinkage=0.05


Tree=55
num_leaves=63
num_cat=10
split_feature=66 0 72 55 3 66 67 0 54 70 0 3 73 55 71 47 67 0 55 50 67 51 59 60 56 13 3 0 56 16 8 34 0 48 73 66 45 48 42 59 50 91 0 8 67 66 60 57 55 68 68 53 77 51 65 4 63 56 57 66 70 67
split_gain=58.9535 16.6787 9.06479 7.32899 6.7607 14.9344 5.93051 4.96663 3.98245 3.63786 3.57674 4.70632 4.9312 3.95927 4.89263 2.99177 2.92859 2.63385 2.33413 2.25888 2.22506 2.19814 2.51633 1.95133 1.88421 1.821 1.77467 1.94606 1.54383 1.54211 1.51319 1.46063 1.75424 1.42571 1.50349 2.10818 1.55437 1.3635 1.4169 1.35645 2.04818 1.3402 1.33743 1.33312 1.36451 1.32039 1.71881 1.41717 1.84286 1.24984 1.23648 1.23115 1.22621 1.20464 1.14389 1.13263 1.0586 1.81951 1.04587 1.04927 0.991372 0.975281
threshold=45.833333333333336 0 1 222.2104945453097 2019.5000000000002 5.0100000000000007 485.16500000000008 2 492.67546508427557 1.081470206607446 3 2019.5000000000002 4 41.237775203109784 6.5529851151926408 -1105.2779986561904 16.965000000000003 5 21.812623881721517 -69.90522910150527 2.0050000000000003 -272.37307609276615 9.7603405270533745 11.484759712102843 8.9241885706633486 -1.0000000180025095e-35 2012.5000000000002 6 128.89523176805582 1.0000000180025095e-35 2.5000000000000004 -0.93301270189221908 7 59.21874820515152 8 771.07833333333349 1.0000000180025095e-35 -439.74172733726346 0.25000000000000022 23.661488063394483 65.928232063711363 1.0000000180025095e-35 9 6.5000000000000009 1924.5000000000002 160.49000000000004 36.301834527936549 -9.5428900125775193 -51.70617749355609 0.83333333333333337 0.83333333333333337 -80.032959279789381 1.5000000000000002 -182.14363620430035 249.19000000000003 0.68301270189221941 1081.2916666666667 348.0252081173291 -2.373453742038429 5.0100000000000007 2.3786716599738305 44.185000000000009
decision_type=2 9 9 2 2 2 2 9 2 2 9 2 9 2 2 2 2 9 2 2 2 2 2 2 2 2 2 9 2 2 2 2 9 2 9 2 2 2 2 2 2 2 9 2 2 2 2 2 2 2 2 2 2 2 2 2 2 2 2 2 2 2
left_child=1 16 3 8 7 20 10 29 39 49 -4 17 13 45 -15 -8 52 28 41 21 -6 -9 55 50 -14 -24 56 37 -12 -3 54 -21 -33 34 35 36 53 -28 -39 40 -2 -11 -32 44 -35 46 47 48 -13 -7 -18 -34 58 -29 -19 -23 57 -17 59 -1 -41 -43
right_child=2 4 6 -5 5 9 15 19 -10 18 11 12 24 14 -16 26 23 30 -20 31 -22 22 25 -25 -26 -27 27 33 -30 -31 42 32 51 43 -36 -37 -38 38 -40 60 -42 61 -44 -45 -46 -47 -48 -49 -50 -51 -52 -53 -54 -55 -56 -57 -58 -59 -60 -61 -62 -63
leaf_value=-0.024149885718897569 -0.005674432076115358 -0.010977673741314552 -0.0038379935420988806 -0.028192782819809043 -0.05438919088901889 -0.0086463762279696439 0.015001939522536159 -0.013839157724841967 0.010625620068132512 -0.0069297055809999786 0.01022079635275858 -0.01165246774722814 0.0072003025656382242 -0.03423916257087805 -0.0022508018492723037 -0.0073019809870576817 -0.0073839440544569389 0.0024253500596554036 -0.019505770080991185 0.005979377428267851 -0.028975438523423238 0.02697963273323355 0.010720355539894845 -0.027254580860525426 0.0014379195102448212 -0.018385187083043455 0.0091519462943534004 -0.0078497470092048945 0.025131331770303651 -0.031038871123497513 -0.0020484275427225134 0.0030052564829007936 -0.024338272066676828 0.0088809980097501028 0.008113054506327844 0.0068650102206052168 0.0059762521426736451 0.0028193352513244791 -0.006990486510635871 0.0019897020957407199 -0.022103767012476586 -0.0061053148805887509 0.0044395482127414163 0.013178580569530203 0.0020828513978754385 0.0012479571746074768 0.0018726246606628673 -0.015797950357841279 0.0084267056588451673 -0.01914437982431743 -0.018931403251777307 -0.0039047023602617279 -0.037572164705563127 0.00071007356214649459 0.011740874478165325 0.009178459568683411 -0.0084565879219336629 0.010180478755214613 -0.029918381430664383 -0.0078693090028515381 -0.0095817814254346226 0.00092975050131084529
leaf_weight=32.296741463243961 130.64320907741785 92.3347984906286 240.76836432889104 30.771491885185242 10.47218862082809 46.945688739418983 80.329226866364479 9.7934800498187524 48.030177235603333 243.0769797693938 40.807031273841858 28.333871025592089 177.35163079947233 23.534693103283644 24.291688375174999 26.55359198153019 54.091847684234381 47.571226552128792 27.003149379044771 56.716505575925112 48.507144720293581 21.86717227473855 12.640305906534197 28.507708646357059 708.90780273079872 9.3485103920102102 78.116568148136139 61.016038969159126 30.213594347238541 10.688322952017186 96.461717266589403 104.43809730932117 7.5411725267767897 305.31647722423077 303.50824537873268 246.25500126183033 87.965935677289963 480.21319830417633 39.865087747573853 80.537949647754431 22.19244322925806 75.638927135616541 390.78055806085467 123.34617665410042 97.348352938890457 130.1625881716609 49.230993449687958 47.055768594145775 19.150841996073723 71.582336373627186 40.568605091422796 327.90721913613379 21.877112710848451 125.94059658795595 107.2500254958868 15.110379569232462 34.744288980960846 33.862644165754318 43.892708823084831 14.2691005282104 24.033072598278522 141.28448859415948
leaf_count=146 391 1325 1001 12 35 293 63 48 9 757 96 117 17 71 53 85 101 188 38 369 258 95 61 70 777 60 76 84 39 150 439 938 57 220 180 151 51 704 35 175 71 165 1383 138 50 224 109 108 49 682 84 3230 110 142 203 52 31 31 227 38 87 93
internal_value=0 -0.00818306 0.00303545 -0.00479214 -0.00585488 -0.00947014 0.00365209 -0.00234818 -0.00259152 -0.00713079 0.00181697 0.00253249 0.000644291 -0.00457565 -0.0179918 0.0055368 -0.0202515 0.00576675 -0.00521887 -0.000389519 -0.0334878 0.00809716 0.0117405 -0.0157865 0.00256214 -0.00165382 0.00516483 0.00549038 0.0145196 -0.0119035 0.00450231 -0.00157243 -0.00254612 0.00654814 0.00529926 0.00343899 0.000495315 0.00294334 0.00206739 -0.00505774 -0.00806005 -0.0043802 0.00320417 0.00863063 0.00723748 -0.00240035 -0.00570332 -0.00964841 -0.00355443 -0.0149864 -0.0123328 -0.00423774 -0.0269498 -0.00208355 0.00887854 0.0197054 -0.00150245 0.00249675 -0.0243808 -0.0191611 -0.000669718 -0.0015233
internal_weight=0 1568.4 4622.46 336.208 1332.9 664.511 4286.25 668.386 305.437 605.532 2161.87 1921.1 1208.02 321.76 47.8264 2124.38 235.504 713.084 487.004 565.363 58.9793 68.7598 58.9664 123.168 886.259 21.9888 2044.05 1948.89 71.0206 103.023 642.064 496.603 439.886 1350.7 824.686 521.178 274.923 598.195 520.078 257.407 152.836 460 487.242 526.011 402.665 273.934 143.771 94.5405 47.4847 118.528 94.6605 335.448 112.336 186.957 154.821 36.9776 95.1605 60.4162 90.4586 46.5658 104.571 216.923
internal_count=17142 9482 7660 745 8706 2321 6915 6385 733 2028 4874 3873 1525 731 124 2041 776 2348 1053 4910 293 316 268 255 794 121 1978 1831 135 1475 2213 4594 4225 1016 608 428 277 815 739 724 462 1015 1822 408 270 607 383 274 166 975 185 3287 521 226 391 147 147 116 411 184 262 258
cat_boundaries=0 19 42 61 82 83 103 122 138 139 158
cat_threshold=4194304 654311424 4 134218112 0 33554432 2048 2097152 0 0 786432 2181038096 17174528 16384 253493248 0 0 0 32 0 0 16777217 16384 0 0 8192 0 0 3489660928 131585 131072 8388608 134217760 587202560 8388624 4112 384 1140850688 0 4259844 8388608 1024 0 16 268435456 8721 0 0 134217728 1048576 512 0 3330277376 1048928 411041792 148898816 65536 0 0 2147483648 1296 67588 256 2239758337 34 32 0 263207 0 0 9 0 0 0 34078720 131074 12583040 0 16385 12 0 128 35782704 0 1073741824 0 0 128 4096 0 0 0 0 4096 0 0 0 0 21 0 0 0 229376 16 256 3238002688 0 1168 0 0 0 2147483648 268707332 0 0 0 0 0 67108868 25165826 4194329 272629760 1075904512 1048576 1 0 128 2080 33554432 8388608 0 0 18876416 83952648 83968 8265 2147614720 1073743874 33957058 8 0 0 16 65536 32 16 0 0 8388608 0 262144 1048576 17825800 0 2147483648 4194308 6 256
is_linear=0
shrinkage=0.05


Tree=56
num_leaves=63
num_cat=11
split_feature=66 0 0 72 0 66 22 65 22 67 67 46 0 51 48 0 63 67 9 55 0 91 71 49 0 47 64 50 67 49 49 57 56 1 58 52 0 64 54 90 68 1 77 70 5 65 50 51 57 51 8 0 56 0 8 49 34 91 5 58 66 66
split_gain=54.1883 12.7779 9.83323 8.10068 5.65433 5.24191 4.26388 3.42866 4.3293 6.65107 3.41109 3.33048 2.70447 2.20399 2.0925 2.6244 1.98024 1.97871 1.8719 1.84709 2.7798 1.82626 1.78631 2.216 2.32175 1.73511 1.70459 1.64328 1.60572 1.79092 1.60191 1.55794 1.5191 1.45012 1.44306 1.42201 1.39581 1.39126 1.3738 1.81127 1.36642 1.34089 1.32619 1.27455 1.25746 1.2501 1.23598 1.214 1.21394 1.28162 1.61297 1.17848 1.23537 1.17013 1.16256 1.31803 1.13468 1.11541 1.08872 1.07267 1.06198 1.04628
threshold=40.00833333333334 0 1 2 3 183.80500000000004 1.3660254037844386 16.030000000000005 -0.93301270189221908 3.0600000000000005 16.965000000000003 1.3660254037844386 4 -8.5591629084202001 100.39343383026217 5 7.041666666666667 3.0600000000000005 -10.500000000000004 1.0336301531940288 6 1.5000000000000002 -1.9370034918269543 -399.50264703156023 7 -130.24747240471962 23.030000000000005 -8.5694810660644958 290.74000000000007 -54.793690173849583 118.07625238776215 -72.456795792280161 892.90705223371106 11.500000000000002 5.5487166933257468 -639.63269741007082 8 1335.3350000000003 317.64301771867162 1.0000000180025095e-35 0.83333333333333337 9.5000000000000018 1.5000000000000002 1.4118331669349418 1.0000000180025095e-35 137.01000000000002 -9.1723425461777737 114.97760704020018 118.98959397578226 -331.52664385641782 2.5000000000000004 9 223.59748828114363 10 3.5000000000000004 -113.5207489173586 1.0000000180025095e-35 1.0000000180025095e-35 0.6830127018922193 558.08356138808324 1.0000000180025095e-35 4.078333333333334
decision_type=2 9 9 9 9 2 2 2 2 2 2 2 9 2 2 9 2 2 2 2 9 2 2 2 9 2 2 2 2 2 2 2 2 2 2 2 9 2 2 2 2 2 2 2 2 2 2 2 2 2 2 9 2 9 2 2 2 2 2 2 2 2
left_child=1 10 14 28 31 11 7 8 -6 16 17 12 54 -12 15 46 -10 -1 41 53 -21 26 36 -24 25 -25 -22 -15 29 -4 40 -3 43 -28 -29 -20 38 -37 39 -7 56 -16 58 -17 -27 -38 47 -2 49 -33 -51 52 -42 61 -5 -56 -14 -31 -19 -53 -55 -9
right_child=2 4 3 5 6 22 -8 19 9 -11 13 -13 30 27 18 32 -18 42 35 20 21 -23 23 24 -26 44 33 34 -30 57 -32 48 -34 -35 -36 37 45 -39 -40 -41 51 -43 -44 -45 -46 -47 -48 -49 -50 50 -52 59 -54 60 55 -57 -58 -59 -60 -61 -62 -63
leaf_value=-0.042525850551787731 0.0057731745574907739 0.024761797693400797 0.0052177864211876007 0.007767735792590969 0.0047831147218267284 -0.0021259755748576975 -0.039519993286830313 0.022930332904343091 -0.046878158112913758 -0.010679317685882612 -0.023590552051246574 -0.018623081979042815 -0.00027545216590053412 -0.0026918129766147804 0.010680847607186773 0.0023231580596893842 -0.022172688294147636 -0.016999141573160997 0.018209895004779843 0.00081717476229535796 -0.021084707088390237 -0.027557985243402267 0.015012535954654765 0.00775825198608723 0.0046744828349036781 0.00048338330276292952 -0.0069333663426785711 -0.0058626495431292874 -0.021232093567771684 -0.0075033660447782081 -0.0085455909389572024 -0.019266712693869443 0.01350278586289622 -0.025400156181040901 -0.024638272541053191 0.012181184014367477 -0.0046274646305359823 0.0046167155266058062 0.0077899565686618891 -0.017418274518271271 0.00020306828315487096 -0.00029230970893329996 -0.035117512608385019 0.0097824474688449677 -0.0089054948265820891 0.0036595963498961001 -0.0030978487098045956 -0.0023492487402942412 0.019108329219516693 0.01491537129592143 -0.0004956434477042988 -0.0034299414797461813 0.018744013225216214 0.0080403411132291339 -0.010242562030175928 0.0030908067286537447 0.006078467124458824 -0.022458945123655639 -0.029184887496086331 -0.017900557491692778 -0.004872620494118525 0.0011884303560880042
leaf_weight=14.309291991405187 177.24778766930103 7.8945589102804652 18.409523516893387 122.39268651604652 36.996294755488634 143.11743727326393 10.207393942400811 6.035826861858367 16.46688196528703 255.646778665483 37.117230143398046 25.267651304602623 247.94492694362998 47.148564413189888 45.583942055702209 112.17588380351663 15.984138635918496 66.998886520043015 61.18525442481041 74.290821803733706 29.366211761720479 15.767361644655464 46.739139631390572 40.155537784099579 1305.6641906537116 74.598259299993515 169.03717455174774 18.346958830952644 35.498993873596191 35.041131552308798 75.207037415355444 7.5586664006113997 100.55334022641182 11.344121200963853 23.142417561262846 193.14591108262539 51.393100876361132 88.698080539703369 27.948224142193794 22.392960980534554 147.849893450737 71.521492138504982 18.153419341892004 116.99270901829004 68.325404703617096 397.38748644292355 94.122771829366684 62.127680085599422 9.6337849944829923 20.132826272398233 108.37371200881898 401.60054778493941 9.5653164461255056 16.704577952623367 21.472609370946884 135.46293412521482 98.048441980034113 19.352515369653702 25.232631843537092 13.228361673653124 339.98038647789508 66.473551681265235
leaf_count=73 258 22 28 258 30 336 64 61 25 1614 72 68 242 52 53 181 105 293 42 762 249 45 35 49 1469 101 1463 43 28 163 132 36 76 141 59 213 105 60 38 68 824 104 78 88 73 522 174 103 27 94 853 1531 20 31 86 536 70 24 111 38 1965 616
internal_value=0 -0.00827727 0.00272451 0.00142859 -0.00598768 0.00186177 -0.00729102 -0.0070481 -0.0113183 -0.013386 -0.018436 -0.00064793 -0.000291079 -0.0133615 0.00678602 0.00504897 -0.0347092 -0.0250321 0.00943721 -0.00514381 -0.00815513 -0.0106738 0.00336623 0.00429236 0.0039558 -0.00135113 -0.00991343 -0.00907812 -0.0114556 -0.00826209 -0.00151473 0.00293723 0.00813261 -0.00809474 -0.0163355 0.0113005 0.001152 0.0098006 -0.00234247 -0.00419497 -0.000955372 0.00397905 -0.0227643 0.0061312 -0.00400502 0.0026515 0.00170525 0.00366508 0.00195628 0.000741874 0.00191877 -0.00245515 0.00125028 -0.00304031 0.00397289 0.00126648 0.00152514 -0.0128244 -0.0203329 -0.00379979 -0.00415148 0.00263488
internal_weight=0 1468.34 4707.42 3584.06 1217.9 3475.76 1064.3 1054.09 325.094 288.098 250.449 1298.04 1272.77 125.755 1123.35 663.22 32.451 124.694 460.135 729 299.806 225.515 2177.72 1535.48 1488.74 183.079 209.748 88.6379 108.302 72.8032 993.445 153.594 329.722 180.381 41.4894 343.029 642.239 281.844 193.459 165.51 918.237 117.105 110.385 229.169 142.924 448.781 333.498 239.375 145.699 136.065 128.507 572.244 157.415 429.194 279.328 156.936 345.993 54.3936 92.2315 414.829 356.685 72.5094
internal_count=17180 8984 8196 6844 8203 6601 7171 7107 1774 1744 781 3805 3737 226 1352 880 130 555 472 5333 2660 1898 2796 1727 1692 223 1853 154 243 215 2857 1032 345 1604 102 315 1069 273 442 404 2725 157 482 269 174 627 535 361 1010 983 947 2413 844 2673 880 622 312 187 404 1569 1996 677
cat_boundaries=0 23 44 63 84 104 125 141 162 183 203 222
cat_threshold=4194304 637534224 4 134217856 65536 0 8192 2097152 0 0 786432 2197815296 3238400001 134234112 101515264 0 0 0 0 0 0 0 128 4096 32 2499805184 1073741824 73728 0 1 0 0 805307392 2048 0 1 0 2147500032 8388628 38273056 67239936 0 229377 8 0 0 0 131136 0 0 0 0 64 2147483648 8 0 545259552 134217728 1572864 8388608 0 0 1140850688 2097152 0 2164260865 536870912 33555456 2097152 805306368 205520896 131072 0 18874368 1073758212 2048 256 2149711872 18 0 0 131136 0 128 0 1207959552 0 16 5280 1073745920 1024 3221225472 262144 0 1536 2097152 1048576 16777216 6 168 772 64 131072 16 0 32 83886080 0 65536 0 1 0 0 0 0 0 0 0 2147483648 4 37748736 67239936 0 196609 8 1342242816 2097152 0 67108864 32768 2048 16777216 8388608 262144 0 536872960 406705 1130496 23 4194304 2048 0 0 0 0 32896 0 0 0 344064 2049 0 0 0 0 0 0 8388608 4 268435584 4 16 60 320 0 0 0 20480 0 0 0 262208 0 0 0 0 0 67108864 128 4194329 128 0 4 2099200 0 0 0 33554432 524288 0 0 0 8390656 16871424 262144 0 2684354568 268435464 2202013696 65 81920 72 256 1073741824 134217728 8388608 0 0 16777216 33558528 524288 0 0 0 469794817 40960 8804 1081344 1073741832 0 0 16
is_linear=0
shrinkage=0.05


Tree=57
num_leaves=63
num_cat=11
split_feature=66 3 67 67 0 0 0 0 68 70 66 14 65 72 0 57 70 36 55 52 67 67 37 0 57 70 59 8 37 64 0 59 66 73 53 51 4 64 55 47 47 70 8 0 0 16 50 3 47 9 50 3 50 9 8 70 3 48 53 48 71 60
split_gain=48.0243 12.3707 11.6731 11.0052 9.09674 6.40735 5.96619 3.06458 3.04166 2.63465 3.19262 2.61873 2.55148 2.67691 2.43549 2.12088 5.94066 2.10617 1.91415 1.90951 3.82546 1.74661 1.74316 1.72045 1.6777 2.3259 1.66001 1.62056 1.61766 1.56273 1.5389 1.50155 2.02316 1.48995 1.46888 1.39337 1.30956 1.29861 1.29375 1.269 1.57028 1.26581 1.12073 1.60121 1.13604 1.10862 1.10137 1.08534 1.07242 1.80116 2.17077 1.06836 1.06768 1.28302 1.05953 1.04328 2.19984 0.97118 2.02691 1.95103 1.25835 0.926799
threshold=24.131666666666671 2019.5000000000002 628.54500000000019 7.3500000000000005 0 1 2 3 0.58333333333333337 12.020789272375469 14.793333333333335 -0.68301270189221908 204.12000000000003 4 5 10.718648774636998 4.6706220161904115 0.6830127018922193 10.553916650569056 -428.14833401513533 2068.4500000000003 2.0050000000000003 0.93301270189221952 6 -3.9102816393244919 2.8375366568914964 -608.65975070699437 7.5000000000000009 0.68301270189221941 13.100000000000001 7 -52.78423549023794 3.6800000000000002 8 74.761661069134746 -510.04648617908043 0.68301270189221941 28.027500000000003 4.4626017030525169 -8.3746033882517903 -88.094152050263773 16.396012218243104 3.5000000000000004 9 10 0.25000000000000017 -59.058010185132183 2020.5000000000002 504.82656733384061 -7.2500000000000027 -3.4011542970620456 2018.5000000000002 27.988800551114469 3.7500000000000004 5.5000000000000009 1.936333199723087 2019.5000000000002 82.015875235787533 204.90365082981671 -241.28792412572628 9.2330262755261305 -105.18787258470859
decision_type=2 2 2 2 9 9 9 9 2 2 2 2 2 9 9 2 2 2 2 2 2 2 2 9 2 2 2 2 2 2 9 2 2 9 2 2 2 2 2 2 2 2 2 9 9 2 2 2 2 2 2 2 2 2 2 2 2 2 2 2 2 2
left_child=1 5 4 21 18 45 22 19 -5 10 24 31 13 -8 29 30 23 26 39 -4 55 -3 35 -17 28 36 51 47 -10 -13 -15 -7 -33 -32 -31 -6 38 -12 -26 40 -2 48 44 -44 -14 -1 -42 -20 49 50 -28 -9 53 -39 -37 -21 -57 58 59 -51 -61 -16
right_child=2 3 7 8 6 11 12 17 9 -11 37 14 42 15 61 16 -18 -19 27 20 -22 -23 -24 -25 25 -27 41 -29 -30 34 33 32 -34 -35 -36 54 -38 52 -40 -41 46 -43 43 -45 -46 -47 -48 -49 -50 57 -52 -53 -54 -55 -56 56 -58 -59 -60 60 -62 -63
leaf_value=-0.014094937262872821 0.00047622802830203051 -0.050568355929014569 0.010286225058504694 -0.0035685009890859308 0.015505965502748555 0.0091104447475419507 -0.014489476065175203 0.014081247796326656 -0.017925874894715109 -0.0028893356786853291 -0.0065502079277758342 0.026685972831651208 0.008203428156885087 0.0043631916728846072 0.018869320277843694 0.0037969503027359391 -0.033976643922555796 -0.00116647738530939 -0.028464903891759527 0.0044194034286911994 -0.010264511788594374 -0.029856161390972708 0.016564014727747507 -0.0058543951204799846 -0.014486113020599756 -0.040010361114782941 0.0038749574059082021 -0.0052061890324186077 0.0016910704675565783 0.0028540655827229804 -0.0042515972057405203 -0.025055930267269821 -0.0065533488712273893 0.00023127393365629154 0.025332091677530373 0.0064353956921716516 -0.033645623308935772 -0.013500073276269762 -0.028408493887658516 -0.00044021927408977382 -0.00085691070990967673 0.011984439546019982 0.0032296521100112214 -0.0027252474622623249 0.0020539390667539572 -0.03615795203102868 -0.018959017493930853 -0.013595879633275465 0.010589939016625522 0.010977713269344947 -0.0087132325922497263 0.0070406080828418205 -0.0037883409779505281 -0.034711780217197619 0.0013249718914410094 -0.0091411542028234736 0.0044375977961325528 0.010034542347170737 -0.00059642996177189139 -0.00021306629473775895 0.0080832068525587778 -0.0019445182561661637
leaf_weight=115.14366334117949 21.88479670509696 12.229461604729293 61.171358063817024 80.587179381400347 30.526550218462944 10.335691912099717 29.017016343772411 126.61192357540131 45.581451134756207 43.943211359903216 87.962100427597761 11.672977939248083 81.069721430540085 146.5821178406477 5.4655661880969992 58.850286789238453 17.001840773969889 80.993112742900848 27.949944026768208 278.62514008581638 65.994973376393318 60.693028083071113 36.33965091407299 151.1869702283293 62.21201990172267 18.464716039597988 139.07389628142118 20.401841595768929 13.658043950796126 44.865801837295294 245.60190665349364 19.664244133979082 59.411811491474509 677.60700431838632 8.6728492192924005 260.83487693965435 16.416315380483866 17.119378535076979 22.802391088567674 48.554850980639458 10.44202111661434 88.593419454991817 181.66478345915675 264.91599512472749 614.54820167273283 5.9898523353040209 43.023533288389444 21.880424872040749 100.30582472681999 172.06075341999531 45.436129994690418 93.796397715806961 10.553503714501856 12.215891072526572 165.95262498036027 50.377350822091103 73.118731796741486 142.03189394623041 110.70782896876335 100.14420402795076 84.081329979002476 249.41690745763481
leaf_count=1175 62 46 75 133 50 59 84 79 303 35 251 36 113 330 41 406 30 86 93 314 68 250 29 780 212 52 126 98 33 328 595 144 800 2393 14 444 160 119 210 201 25 18 644 761 750 49 212 33 82 129 73 58 63 94 476 98 34 76 57 113 42 2402
internal_value=0 -0.00975815 0.00208052 -0.0153645 0.00024361 -0.00442866 0.000943457 0.00527775 -0.0123285 -0.0143401 -0.0159792 -0.0012169 -6.86272e-05 -0.00156106 0.000866595 -0.00115117 -0.00554925 0.00658668 -0.00996817 0.00194171 0.000892759 -0.0333297 0.00590432 -0.00324814 -0.0202869 -0.0236882 0.00716349 -0.0170761 -0.0134031 0.00876535 -0.000228543 -0.00881192 -0.0111545 -0.000994087 0.00649533 0.00518637 -0.0207169 -0.0099436 -0.0182203 -0.00674374 -0.0108057 0.00628369 0.00166316 -0.000291557 0.00291808 -0.0140279 -0.0154236 -0.0219359 0.00571866 0.00510292 0.000775079 0.0110851 -0.0174267 -0.0223331 0.00444825 0.00272386 -0.00110154 0.00641408 0.00531294 0.00714915 0.00357339 -0.00144164
internal_weight=0 1035.08 4968.96 504.439 3155.84 530.639 2961.7 1813.12 431.516 350.929 306.986 409.506 2468.05 1325.85 320.094 1296.83 227.039 1283.84 194.137 529.288 468.116 72.9225 493.654 210.037 179.135 119.895 1202.84 70.2322 59.2395 65.2116 1069.79 89.4117 79.0761 923.209 53.5387 457.314 101.431 127.851 85.0144 123.905 75.3504 982.435 1142.2 446.581 695.618 121.134 53.4656 49.8304 893.842 793.536 184.51 220.408 39.8888 29.3353 426.788 402.121 123.496 609.026 466.994 356.286 184.226 254.882
internal_count=17146 7009 10137 1961 8609 5048 7885 1528 1665 1532 1497 3824 6886 4618 2821 4534 1216 939 724 589 514 296 999 1186 970 634 853 224 336 378 3318 1003 944 2988 342 970 582 527 422 500 299 716 2268 1405 863 1224 237 126 698 616 199 137 276 213 920 446 132 417 341 284 155 2443
cat_boundaries=0 21 40 61 82 103 122 141 160 161 172 192
cat_threshold=0 536870912 4194432 34 17408 33554432 134266884 4194304 0 4194336 0 939524096 0 0 0 0 805306368 2147520512 134219014 272 192 0 16 0 134226689 0 0 0 69730304 512 0 1174667264 2228496 427823104 136315904 135069696 0 0 0 32 0 32 0 1207959568 65552 0 262160 67108864 0 268698112 3072 2097152 0 134217728 2147483656 1073741844 4194416 104923136 0 98304 32 1040 0 0 48 48 0 0 0 2147483648 270340 0 0 0 0 2147483648 0 8388610 131073 4194432 32768 12 0 524288 0 0 0 0 0 0 0 0 0 0 0 1049088 0 2155872384 0 0 0 4096 33554432 0 32768 16777216 536870912 33792 32 536870912 12582912 0 0 538968064 16842752 8192 256 67141632 16 0 0 131088 270532608 1048704 0 0 0 0 0 3221225480 131072 8388608 8192 0 0 16777224 32 4131 0 2 64 4096 1073741824 0 1024 134742016 1073743904 128 0 262144 9 16859136 1140850688 0 2147483648 6 2147483777 128 268435456 536870912 37814304 92 1073742144 16777216 0 524288 16384 0 1073741824 393216 8396865 512 2048 0 0 0 0 0 0 0 0 0 0 0 0 0 0 0 16777216 122 0 4
is_linear=0
shrinkage=0.05


Tree=58
num_leaves=63
num_cat=10
split_feature=66 72 3 67 72 72 68 72 72 50 67 55 59 8 59 8 70 57 51 2 42 47 70 53 55 70 72 57 72 47 3 5 48 66 72 70 2 68 66 18 66 59 3 80 67 66 47 37 55 49 48 51 14 36 8 72 57 25 58 72 59 3
split_gain=40.9105 16.3976 7.4118 15.0168 6.42489 5.0829 4.47988 3.46079 3.37974 3.14079 2.859 2.77977 2.58802 3.63611 2.05057 2.04485 2.40747 2.48096 1.99161 3.34326 1.9558 1.83074 1.76772 1.75692 1.98047 1.72226 1.94587 1.79164 2.19353 1.94281 1.80388 1.63149 1.89474 2.05569 1.53209 1.52343 2.68232 1.45041 1.3874 1.31722 1.30744 1.2579 1.31923 1.23227 1.52147 1.20961 1.18005 1.13781 2.00972 1.16384 2.28516 1.11717 1.09807 1.0868 1.07406 1.23383 1.5188 1.2148 1.76576 1.19166 1.04403 1.03297
threshold=77.993333333333354 0 2019.5000000000002 13.210000000000003 1 2 0.58333333333333337 3 4 -0.6959047089930851 2.0050000000000003 10.553916650569056 -275.69640563998081 3.5000000000000004 0.063392917919610894 5.5000000000000009 4.5116580859041786 27.795685619488715 -26.038291498361591 3.5000000000000004 0.25000000000000022 -52.941582672444355 1.0715633423180595 204.90365082981671 154.67551698987702 6.3634107398572057 5 -12.121961069171261 6 965.05411732881146 2021.5000000000002 0.6830127018922193 675.24759847434109 3.3450000000000006 7 6.7362293800649971 2.5000000000000004 0.83333333333333337 4.078333333333334 -2.7554552980815443e-16 3.0100000000000002 -1539.2393322979265 2018.5000000000002 1.0000000180025095e-35 1031.9100000000003 37.356666666666676 279.26229684643818 -1.0000000180025095e-35 104.75195017321794 221.79793881121054 220.80782237608497 51.384348944631689 -0.86602540378443849 -1.0000000180025095e-35 5.5000000000000009 8 -0.1601778935671114 -1.0000000180025095e-35 13.082348653746132 9 -57.626218131100032 2017.5000000000002
decision_type=2 9 2 2 9 9 2 9 9 2 2 2 2 2 2 2 2 2 2 2 2 2 2 2 2 2 9 2 9 2 2 2 2 2 9 2 2 2 2 2 2 2 2 2 2 2 2 2 2 2 2 2 2 2 2 9 2 2 2 9 2 2
left_child=1 9 4 10 21 12 -5 52 15 14 -4 22 20 39 -1 16 17 -7 -13 53 41 -3 45 24 46 26 -10 34 29 30 -29 54 33 -33 -28 36 -25 40 -16 -14 -11 -2 -43 44 -27 -8 -15 48 60 -49 -51 -24 -6 -20 55 56 -9 58 -57 -56 -30 -36
right_child=5 2 3 6 7 8 11 31 25 37 -12 18 13 23 38 -17 -18 -19 19 -21 -22 -23 51 35 -26 43 27 28 47 -31 -32 32 -34 -35 61 -37 -38 -39 -40 -41 -42 42 -44 -45 -46 -47 -48 49 -50 50 -52 -53 -54 -55 59 57 -58 -59 -60 -61 -62 -63
leaf_value=-0.0087324598463515112 0.0028929976908951896 0.018281863362516571 -0.051020230465865617 0.0014195295455302038 -0.022964567101175878 -0.00012654556479598113 -0.017241937792363531 0.014261109146130192 -0.0064772616994645191 -0.036025917698404623 -0.023947605410277323 -0.0053941931129734234 0.014717909285668391 4.3487271751616963e-05 -0.032414931323521488 0.0071362993782970192 -0.016968294991147475 -0.013727747600861831 -0.033211336789963207 -0.043793386026659935 0.017406148710130371 0.0057115625902022784 -0.0050339115198367061 -0.017666182913414902 0.012103125849259183 0.0014644667392917504 0.00038173837323653603 0.0038817240245223143 0.0053341534836517579 0.014024255641037348 -0.007666245804732197 -0.023855522451083598 0.018419842531740682 -0.0048085629343084637 0.0092663022167852657 0.003757457184083178 0.00020583124960649104 -0.038245873673148585 -0.017062519860989323 0.0067214455587479537 -0.016278771542639726 0.013733492061184269 0.0054975791316623892 0.0071262419451313622 0.0081153040428563229 -0.0049373861624846423 0.011493565694781778 -0.00090927530290387979 -0.015665379468047348 -0.00076077385500404994 0.013778899061522454 0.0064292223381670751 -0.0092048122927661704 -0.011809672411397597 -0.0083405622159242205 -0.035118517130193982 0.0017733933862526603 0.00068866514706481278 0.0011243892621997441 0.00048720765095833744 -0.0057100876907073168 0.0042104732545688523
leaf_weight=65.988440953195095 88.708792269229889 41.791263580322266 11.351652699522672 197.5800602491945 17.250381330028176 166.84305440634489 50.580000050365925 41.02728808298707 59.190183684229851 12.350429572165011 69.202771212905645 35.435113381594419 62.577940031886101 193.10164874047041 18.924788471311331 41.225859247148037 35.356879010796547 41.959773108363152 6.8343339115381232 12.136187208816407 65.668692961335182 94.377453692257404 395.24742804281414 36.883540391921997 53.595238953828812 365.01536063104868 237.23898605257273 327.21569325774908 35.896394789218903 42.163355201482773 37.714789047837257 15.949736520648001 7.7673428654670706 126.6687155533582 129.88526546955109 46.391903877258301 48.734394490718842 24.219113685190678 66.170009791851044 290.90457217395306 26.087439347058535 109.1383293569088 87.688918963074684 298.5964834690094 112.49113196134567 33.007794838398695 25.470183916389942 521.06417091563344 33.210219636559486 72.859131701290607 42.956793189048767 22.462518125772476 90.919338203966618 44.924989722669125 54.065162880346179 5.9586512483656389 59.894760079681873 218.45606395229697 7.7078840471804142 99.72926464676857 52.980890080332756 454.73132668435574
leaf_count=198 73 103 39 107 203 255 468 321 55 61 477 138 56 444 90 192 107 64 48 109 62 394 1047 49 55 217 573 686 35 21 48 112 11 1376 312 18 79 90 128 233 89 113 83 53 22 176 43 1125 46 112 47 47 1091 330 846 40 472 1305 84 1192 106 713
internal_value=0 -0.00559616 -0.00391599 -0.00718781 -0.000698991 0.00312512 -0.00511142 -0.00254075 0.00206522 -0.0183901 -0.0277627 -0.00725981 0.0060235 0.00443323 -0.0153473 -0.00305659 -0.00490283 -0.00285976 -0.0149013 -0.0201737 0.00962573 0.0089148 -0.00574567 0.00119395 0.00348981 0.00259192 0.00184071 0.00211034 0.000860776 0.00376975 0.00268827 -0.00106026 -0.00562893 -0.00693868 0.00390892 -0.00353947 -0.00749329 -0.0286622 -0.0204768 0.00813708 -0.0226237 0.00783635 0.0100643 0.00460676 0.00303127 -0.012383 0.00137777 -0.000739462 -0.00517088 9.84129e-05 0.00463207 -0.00441748 -0.0104345 -0.0146356 0.000329234 0.00192515 0.00623241 -0.000207123 -0.0146776 -0.00312676 -0.00124946 0.00524403
internal_weight=0 1974.07 1760.33 878.763 881.563 4217.46 798.208 745.395 3108.6 213.74 80.5544 600.628 1108.86 757.659 151.083 285.386 244.16 208.803 99.3306 63.8955 351.205 136.169 501.298 404.177 272.167 2823.21 2047.11 1987.92 1166.06 407.094 364.93 637.225 150.386 142.618 821.856 132.01 85.6179 62.657 85.0948 353.483 38.4379 285.536 196.827 776.103 477.506 83.5878 218.572 758.968 122.088 636.88 115.816 417.71 108.17 51.7593 486.839 333.045 100.922 232.123 13.6665 153.794 88.8773 584.617
internal_count=17289 11192 10536 2986 7550 6097 2470 7053 4789 656 516 2363 1308 977 416 618 426 319 625 487 331 497 1738 688 542 4171 3879 3824 2226 755 734 5759 1499 1488 1598 146 128 240 218 289 150 269 196 292 239 644 487 1471 187 1284 159 1094 1294 378 4260 2222 793 1429 124 2038 141 1025
cat_boundaries=0 22 44 65 87 109 128 150 173 194 211
cat_threshold=134217728 269090976 69207040 0 67108864 0 0 0 16777216 33558564 33554432 536870912 32 4096 65536 0 65544 0 262144 0 0 16390 0 1074790400 2206334976 2048 0 0 8192 0 268435456 0 5120 64 134742272 131104 0 6 2753576960 0 0 134217728 268436032 16 1048576 0 0 327680 0 0 22528 0 0 0 33561602 1296 335544320 0 2147483656 51204 536871232 0 65536 77611008 16777224 0 37748992 4 768 0 0 2048 0 1073750048 128 271597616 134496512 512 0 32768 2415919104 0 0 32768 34816 0 1441792 0 0 2147483648 16385 0 0 0 0 0 3489660928 513 0 11665408 1048576 536870912 25165824 1 256 0 32768 4718784 4112 0 0 0 131072 0 0 0 0 0 0 285212672 0 0 131072 524288 1024 16 0 67108864 2097152 0 0 524288 0 0 0 0 0 67108864 0 0 185106432 2052 33554454 16 8224 128 134217728 1208222208 272 32800 0 0 0 32768 0 0 0 0 0 67108864 0 64 184647680 134316036 6 16 1024 0 134217728 0 0 1077936192 1024 1140851200 528 0 1024 4194304 0 0 0 2689078784 3138 0 33554432 536870912 1024 131072 536870912 268435456 64 2148007936 0 109052929 1073741824 16 524288 0 4456448 0 0 0 2183011336 393811 264 131072 0 1024 262144 0 2
is_linear=0
shrinkage=0.05


Tree=59
num_leaves=63
num_cat=8
split_feature=66 0 3 67 0 65 0 53 67 68 0 66 1 67 55 91 70 66 60 5 66 49 8 3 55 18 57 0 84 47 48 1 48 8 5 8 51 70 67 50 51 8 51 71 0 3 68 64 68 71 0 52 60 55 66 46 51 47 67 71 0 65
split_gain=37.7479 13.2343 7.04951 13.383 4.65754 3.68877 4.86627 6.50391 3.57421 3.54023 3.40172 2.77682 4.31902 6.35015 2.54407 2.42338 2.08061 2.01501 1.89838 1.91748 2.07749 1.88831 1.82081 1.77601 1.7108 1.91601 1.56272 1.42014 1.3722 1.35688 1.73388 1.3555 1.26148 1.82521 1.86262 1.59151 1.87812 1.60962 1.83487 1.37826 1.24259 1.28168 1.24163 1.88558 1.24081 1.22476 1.71003 1.32431 1.22233 1.29485 1.96814 1.21931 1.18788 1.18417 1.13807 1.12381 1.09347 1.08068 1.56774 1.0782 1.23543 1.05551
threshold=65.111666666666679 0 2019.5000000000002 21.030000000000005 1 1719.6750000000002 2 462.23402424912098 3.0600000000000005 0.58333333333333337 3 153.66666666666669 11.500000000000002 202.45500000000001 16.022646938589137 1.5000000000000002 2.1057367635799689 3.6800000000000002 787.77067755342796 0.6830127018922193 4.078333333333334 -4.3586015649413623 6.5000000000000009 2018.5000000000002 -2.7215087118130619 1.0000000180025095e-35 -91.070761098314335 4 1.0000000180025095e-35 130.73539880008227 675.24759847434109 5.5000000000000009 100.39343383026217 9.5000000000000018 0.6830127018922193 3.5000000000000004 15.766571532048326 2.6134961014193983 1004.7150000000001 -460.09802223295736 -25.196711489723636 3.5000000000000004 -289.20202514226645 16.937107105811872 5 2019.5000000000002 0.83333333333333337 9.9875000000000025 0.83333333333333337 -1.8655360971837023 6 -395.79403640126617 -6.3946410711200263 -0.21803099869856027 10.016666666666667 -1.8660254037844384 97.824044861833173 -130.24747240471962 538.53000000000009 -0.88094620481512298 7 467.5800000000001
decision_type=2 9 2 2 9 2 9 2 2 2 9 2 2 2 2 2 2 2 2 2 2 2 2 2 2 2 2 9 2 2 2 2 2 2 2 2 2 2 2 2 2 2 2 2 9 2 2 2 2 2 9 2 2 2 2 2 2 2 2 2 9 2
left_child=1 17 10 8 32 6 7 16 -4 -5 29 12 44 -14 -11 40 42 23 19 26 -21 28 57 53 -10 -26 -12 -28 52 30 -3 -7 35 34 -34 37 39 38 -2 -37 -16 -42 -6 -44 -8 47 -47 -23 -13 50 -50 -41 -19 -1 -30 -46 -52 -18 -59 60 -29 -38
right_child=4 2 3 9 5 31 11 -9 24 14 18 48 13 -15 15 -17 22 21 -20 20 -22 45 -24 -25 25 -27 27 59 54 -31 -32 -33 33 -35 -36 36 61 -39 -40 51 41 -43 43 -45 55 46 -48 -49 49 -51 56 -53 -54 -55 -56 -57 -58 58 -60 -61 -62 -63
leaf_value=-0.023791313611722514 0.0049770945825838983 -0.010315964639632188 -0.041132918471872379 0.0015837285793577887 -0.0074384658971498544 0.014678252721674107 0.0038848598062473172 -0.026817942776698214 -0.013490835192477235 -0.0053563961589404661 0.022889286195738809 0.00546639328835123 -0.0018020595643372262 -0.040695515191067289 -0.0019944708783909402 -0.03818463881374657 -0.0049964940588901356 -0.0092108240799157175 0.022235550228526649 -0.020771246578801528 -0.002695429725882356 -0.027658081679965335 0.0028374323354546146 -0.034323498992821465 -0.020659134018868562 -0.046165130207702659 0.0057538849284007685 0.0026134366230800782 -0.011102597604178302 -0.031601470917163491 0.021911384488309212 0.005032844027333872 0.0085402924441120281 0.015593119155910619 0.00015792320999907198 0.011456663999927057 -0.012787009894311797 0.00051018950082732393 0.013841940278620922 0.010006317390747759 -0.038126571022481209 -0.011989057142047397 -0.00012351134997623766 0.014064741509205279 0.0067642509289953419 -0.013863092547648751 -0.03369206739220465 -0.0066365772868434564 0.0043797703540973693 0.0033376813491786395 0.00023273649506792582 0.00015403112898303766 -0.021783139936504929 0.0020731513543075886 0.0068225408448478256 -0.0017532376248741125 -0.0054973057651022134 -0.011416045410726198 -0.033039288811590295 0.0013514082145986387 -0.00760269332541701 -0.00092380738929668908
leaf_weight=12.736921958625318 134.67479455471039 80.514012105762959 18.907598858699203 180.58658784627914 38.466305434703827 66.431441128253937 167.09510040283203 30.181317210197449 83.163781872950494 444.66852450743318 8.4225960746407491 381.40300650894642 29.650430366396904 16.244382917881012 18.806070562452078 10.719729844480751 23.225853808224201 43.560523107647896 9.8295590355992299 17.987213421612978 136.7130321264267 11.255741395056246 23.839585684239864 28.925685507245362 42.081318487413228 8.9244845043867809 118.47822031378746 42.914041547104716 19.00556717813015 6.9650256037712088 4.4017762541770926 80.641423776745796 248.43103760480881 62.664783783257008 90.382992044091225 53.876957446336746 23.646473973989487 77.217474684119225 103.02571254968643 40.404741793870926 6.4989438802003887 16.852249527350068 120.49468462914228 29.06533532589674 42.42265573143959 17.473098367452621 28.783880233764648 22.405881561338902 184.83907149732113 1052.5803615041077 224.63652234897017 140.96550736576319 33.037534318864346 6.7815637849271289 16.579353831708431 444.48778504133224 132.29139868915081 24.8037149310112 12.661491893231867 290.8590421769768 75.198957584798336 90.544627174735069
leaf_count=129 151 1149 59 73 23 40 472 11 415 1403 23 145 140 16 81 33 17 48 16 135 1310 75 104 157 378 53 622 495 94 37 6 81 286 74 80 83 62 51 40 63 13 225 331 19 12 53 89 117 322 1440 431 207 80 58 41 1249 246 119 48 2451 721 175
internal_value=0 -0.0059056 -0.00418469 -0.00742715 0.00264671 0.00165432 0.00127791 -0.00464129 -0.0207806 -0.00441283 -0.000835731 0.00195767 -0.000741321 -0.0155683 -0.00658931 -0.0169575 -0.00235587 -0.0166541 0.000411175 0.000106483 -0.00479713 -0.0150484 -0.00887124 -0.0264593 -0.0179125 -0.0251219 0.0015221 0.0011809 -0.0108643 -0.0093662 -0.0086454 0.00938959 0.00548978 0.00775405 0.00630419 0.00420409 0.00188088 0.00678196 0.00881935 0.00443476 -0.0115599 -0.0192635 0.000573237 0.00263382 0.000299163 -0.0209217 -0.0262019 -0.0136657 0.00292368 0.00231541 0.000329266 0.00234887 -0.0146334 -0.0148049 -0.0027511 -0.000990793 -0.0018395 -0.0134704 -0.0187237 -0.000277786 -0.00431328 -0.00338042
internal_weight=0 1864.04 1623.49 831.209 4191.3 3125.46 2978.39 302.738 153.077 678.132 792.283 2675.65 699.9 45.8948 497.546 52.877 272.557 240.546 700.403 690.573 154.7 192.102 84.5306 48.4442 134.17 51.0058 535.873 527.45 112.183 91.8808 84.9158 147.073 1065.84 401.479 338.814 664.356 349.438 314.918 237.701 235.247 42.1573 23.3512 188.026 149.56 654.006 79.9186 46.257 33.6616 1975.75 1594.35 541.767 181.37 76.5981 19.5185 35.5849 486.91 356.928 60.6911 37.4652 408.972 118.113 114.191
internal_count=17177 10639 9698 2733 6538 5266 5145 672 905 1828 6965 4473 1889 156 1755 352 661 941 5773 5757 1445 597 288 344 846 431 4312 4289 263 1192 1155 121 1272 440 366 832 590 242 191 353 319 238 373 350 1733 334 142 192 2584 2439 999 270 128 187 135 1261 677 184 167 3667 1216 237
cat_boundaries=0 19 39 60 79 95 115 135 151
cat_threshold=4194304 50331664 1048580 134218112 0 33554432 8192 2097152 0 0 786432 2197815312 822480897 134217728 51183616 0 0 0 32 1024 0 2164261376 0 24752 0 17 0 0 1342178304 1024 0 1 0 2147500032 8388628 302514304 65552 268435584 196608 36 128 1073741824 0 32768 0 0 0 65536 4194312 0 0 0 524288 40 0 536870915 32768 134283266 0 124 0 0 272629760 67133970 70656 32 134217730 1048576 0 0 1182793728 352 8388608 14681088 0 0 0 2147483648 1280 1073807360 1076887552 83886081 536870912 33587200 2099200 536870912 2147483648 131072 0 18874880 67108864 1050624 0 69206016 3221226018 0 1073741824 0 0 1024 32 0 1073741824 393216 0 68096 2097152 0 0 4 513 84 0 64 16 0 32 0 0 0 0 0 0 0 537405989 0 0 0 0 0 0 16777248 100794372 0 1 2097152 0 0 0 0 524288 33554432 8388608 0 0 939532288 828032 106496 842 2148663296 16
is_linear=0
shrinkage=0.05


Tree=60
num_leaves=63
num_cat=11
split_feature=66 0 0 0 66 0 67 27 73 1 49 8 57 50 54 70 50 8 70 54 60 0 22 65 53 63 9 60 60 67 0 49 34 57 58 0 63 63 59 72 63 49 70 65 71 73 54 36 59 57 59 49 66 59 0 70 50 5 65 8 9 50
split_gain=34.7134 11.3254 8.6153 5.61684 3.6035 2.99202 2.90385 2.74116 2.67377 2.79836 2.26973 2.54054 2.07267 2.19652 1.86606 1.79953 1.7899 1.72895 3.07742 1.71069 1.70942 1.68006 1.61003 1.99231 1.63408 3.1062 1.5663 1.54867 1.54405 1.48032 1.47781 1.40012 1.34241 1.95811 3.06064 1.79212 1.64489 1.56291 1.75394 1.69456 1.42014 1.39573 1.31544 1.26946 1.25631 1.22038 1.6682 1.39137 1.13725 1.12264 1.82993 1.1938 1.53093 1.11469 1.16741 1.19111 1.07029 1.04875 1.02442 0.957149 0.912033 1.02053
threshold=28.02833333333334 0 1 2 84.068333333333342 3 3.0600000000000005 0.93301270189221952 4 1.5000000000000002 2917.5911311374498 4.5000000000000009 -16.82391229219537 -10.172449851449549 0.95393461599311558 1.6810339838135573 -1.6371925451190916 5.5000000000000009 1.816527817304856 3.6699554261266365 -85.07285487446886 5 -0.93301270189221908 17.970000000000002 -7.6311664730785225 6.1833333333333345 8.5801270189221945 61.582076882082411 54.529552586533505 142.88500000000002 6 -304.38995295310605 0.6830127018922193 274.38949246032979 785.17425163621931 7 54.780555555555566 1481.1058333333333 -608.65975070699437 8 113.05212121212122 -343.56859112649016 3.6655356586108807 345.38000000000005 0.052935303838017082 9 1.1984108139622462 -1.0000000180025095e-35 -3.8501283388696801 -2.0226947245596185 0.65358075450379982 -5.8681397088247609 7.0233333333333343 -38.454626641918431 10 1.7075408316923435 271.98092897692322 1.0000000180025095e-35 79.030000000000015 8.5000000000000018 1.7757378587636622e-15 9.2388331225125047
decision_type=2 9 9 9 2 9 2 2 9 2 2 2 2 2 2 2 2 2 2 2 2 9 2 2 2 2 2 2 2 2 9 2 2 2 2 9 2 2 2 9 2 2 2 2 2 9 2 2 2 2 2 2 2 2 9 2 2 2 2 2 2 2
left_child=1 6 17 10 20 59 -1 19 9 -7 11 31 -8 48 -15 21 44 18 26 -6 29 -13 -10 24 -24 -26 -2 -20 -9 -5 -22 -4 33 35 -35 41 -37 38 -38 53 -34 -21 -27 49 -11 -32 -47 -48 -14 -25 -51 52 -52 -40 -55 -56 -43 -17 -42 -3 61 -33
right_child=2 5 3 4 7 8 12 28 22 16 -12 15 13 14 -16 57 -18 -19 27 32 30 -23 23 43 25 42 -28 -29 -30 -31 45 60 40 34 -36 36 37 -39 39 -41 58 56 -44 -45 -46 46 47 -49 -50 50 51 -53 -54 54 55 -57 -58 -59 -60 -61 -62 -63
leaf_value=-0.042006567871698243 -0.011538278220457578 0.0042319710236368704 0.0020997552932800964 -0.0059170121711346413 0.0063715144366873009 -0.034585435932584986 -0.037841854589534957 -0.012643974472239842 0.0057216174417546416 -0.019776795227075025 0.016870160952769126 0.0037557277019774644 0.0020520058531058455 -0.0099480639741438438 -0.022900503001924425 0.012573911579263195 -0.024359078410025454 0.00021021284360995976 -0.015945121842901536 0.010810304157746326 0.003012344334728492 -0.0045094765571811286 -0.0051296823164366234 -0.0014206245532897841 -0.036590658850599984 -0.0088811770472388609 0.002330211747618432 -0.034936777710686283 0.0011078112201976526 -0.026144947825226042 0.00048133763431412843 0.0093136026582567311 -0.0076474450424827353 0.0048073716471459735 -0.017295474267124675 -0.0086616018511028806 0.0078158560602541033 -0.0079269475903086997 0.0026343294958458339 0.0029085807232145824 0.0084302613671924029 0.004914079373551556 -0.027249521257438288 0.017413238373614619 -0.0028204245196373889 0.0062444827469021946 -0.018309276731976951 -0.0046581869567883377 -0.013051438119071411 -0.003140658045315917 -0.032165539155714247 -0.0074197632286181403 -0.011239708161789146 0.001024737256122177 -0.0021995048231135974 -0.011465040464282778 -0.0025299865543262179 0.0024887535609898711 -9.302934096211494e-05 -0.0066500432493303303 0.010639840169652186 0.0025351303185588564
leaf_weight=12.487956952303646 49.655484922230244 104.34364217147231 106.61725175380707 42.075223676860332 249.25688494741917 16.034641642123461 11.425466593354939 47.888672038912773 32.708468796685338 14.65458871424198 43.852316737174988 104.85485573858023 20.284910349175334 38.74497994966805 98.504937633872032 48.474642641842365 20.446433695964515 38.039220452308655 39.178107921034098 92.703190326690674 167.08801000937819 122.99435967206955 115.58699063397944 216.38952126447111 12.931979864835737 99.216043815948069 34.507257252931595 14.785280194133518 35.575476504862309 11.521309662610291 238.41576949134469 119.92756508290768 58.272452287375927 31.54836218059063 31.10404634475708 36.073081966489553 135.42295052111149 37.682451814413071 139.06465028971434 1032.544417899102 38.687623597681522 477.59114890545607 10.808841926977037 6.9006149116903535 42.907756531611085 33.032542321830988 20.100480504333973 261.53171394392848 32.32522083632648 190.79251210018992 13.087500520050524 74.129341228865087 26.313901044428349 111.83759392052889 81.893191248178482 60.17124779522419 53.716774642467499 55.054483763873577 397.15217939764261 25.060018600896001 234.47775787860155 103.40302926301956
leaf_count=90 134 597 103 274 74 52 34 88 115 180 27 269 60 114 502 63 138 332 174 56 986 232 760 1500 86 639 61 20 55 36 475 114 68 70 39 182 105 29 261 1529 46 637 34 32 87 74 67 1282 109 1122 90 846 290 224 165 98 63 73 597 350 195 113
internal_value=0 -0.0075034 0.00184726 0.00224399 0.0014029 -0.00513062 -0.0177789 0.00215785 -0.00617042 -0.0140659 0.00570283 0.00521982 -0.0171591 -0.0159144 -0.0192441 0.00174472 -0.0116512 -0.00873301 -0.0118282 0.00240133 -0.0016506 -0.00073896 -0.00507856 -0.00560592 -0.00939787 -0.0134102 -0.00585211 -0.0211486 -0.00678246 -0.0102653 -0.00100948 0.00726008 0.00204984 0.00255355 -0.00616568 0.00279541 0.00188535 0.00213514 0.00237805 0.00186146 -0.000316599 0.005068 -0.0106857 -0.0038915 -0.00713729 -0.00223848 -0.00425059 -0.00563248 -0.007228 -0.00417384 -0.00613152 -0.0111578 -0.0181904 -0.00094002 -0.00293475 -0.00572119 0.00416146 0.00721085 0.000663546 0.00197218 0.00846185 0.00617514
internal_weight=0 1236.09 5037.77 4861.61 3921.95 1022.31 213.773 3148.19 892.909 94.0434 939.656 895.804 201.286 189.86 137.25 331.378 78.0088 176.165 138.126 3064.72 773.765 227.849 798.866 766.157 238.544 122.957 84.1627 53.9634 83.4641 53.5965 720.169 564.426 2815.47 2321.35 62.6524 2258.7 1634.69 1598.62 1560.93 1425.51 494.112 624.011 110.025 527.613 57.5623 553.081 314.665 281.632 52.6101 520.713 304.323 113.531 39.4014 392.967 253.902 142.064 531.308 103.529 435.84 129.404 457.808 223.331
internal_count=17317 7827 9490 8769 7580 6918 909 4386 5971 457 1189 1162 819 785 616 637 405 721 389 4243 3194 501 5514 5399 1519 759 195 194 143 310 2884 525 4169 3458 109 3349 2593 2411 2382 2277 711 756 673 3880 267 1898 1423 1349 169 3848 2348 1226 380 748 487 263 700 136 643 947 422 227
cat_boundaries=0 19 40 60 81 82 100 119 140 162 163 181
cat_threshold=4194304 654311424 1048576 134218624 0 0 0 2097152 0 0 67895296 2197815296 3775270913 134217728 17629184 0 0 0 32 0 0 1 0 0 33554432 4 0 0 0 0 2147483648 0 268959744 131072 301989888 536870912 53248 65550 0 112 4096 0 285212672 1610612736 33587200 0 17 0 0 1074004992 2048 1073741824 0 134217728 16384 8388624 38273200 67174401 131072 229377 65536 268435456 2164260864 0 134218880 2099232 2048 134217728 262144 0 538970112 517 24576 800 2149580800 4120 0 0 131072 0 128 790530 0 0 16777216 0 0 0 0 0 0 263168 2048 0 0 0 0 16 0 65536 0 1613758464 75497472 134217760 32 526336 1024 2151677952 262144 0 40960 2367488 1064960 0 32 4618 131136 2147483648 320 1040 0 2147484160 18 21536 16416 8192 0 2147483648 8708 1024 0 1 0 0 67108868 4 4194386 272629760 4 12 0 0 2684354560 0 0 0 0 0 0 3221225472 16910336 96 1107296256 100884 0 192954368 532481 0 0 524288 4194320 64 10758674 0 256 8388608 32 0 1073741824 0 1073741824 262144 97 0 0 0 0 0 0 258 4
is_linear=0
shrinkage=0.05


Tree=61
num_leaves=63
num_cat=11
split_feature=66 72 0 3 67 49 66 70 0 67 0 70 60 67 0 3 49 60 51 52 0 70 58 60 49 0 36 73 64 60 63 64 40 50 0 54 68 50 26 40 64 52 58 58 0 73 4 53 59 4 51 71 64 3 1 54 38 68 47 5 39 70
split_gain=34.8115 8.94646 7.84459 5.42252 9.34211 3.97773 3.9729 3.86095 3.82559 2.86576 2.51127 2.46908 2.09599 2.04107 2.17729 1.8303 2.34809 1.76035 2.05145 1.6667 1.63779 1.53979 2.09431 1.52041 1.51375 1.59846 1.38793 1.3788 1.58793 1.24818 1.23417 1.21377 1.1726 1.14574 1.6152 1.15567 1.13277 1.12077 1.10491 1.47373 1.61816 1.08004 1.41111 1.7754 1.09409 1.06479 1.11248 1.26711 1.14009 1.04722 1.30983 1.04206 0.990671 0.979402 1.10359 1.26603 0.965374 0.945145 0.907791 0.90408 0.885314 0.879164
threshold=28.02833333333334 0 1 2019.5000000000002 11.040000000000001 6.1132021070493829 771.07833333333349 5.0893137796315111 2 2.0050000000000003 3 0.8993572265967148 436.12944361463775 178.23500000000004 4 2019.5000000000002 86.396995896649813 323.92739448354592 236.28630918180804 -370.87391126155904 5 1.0133607964297977 604.10586624093469 13.346442791444185 77.871892878656965 6 0.25000000000000017 7 993.46000000000015 -8.6184882249452137 59.826893939393948 26.080000000000002 -1.0000000180025095e-35 14.443574799770877 8 30.912467421116954 0.58333333333333337 683.41814418729871 -0.93301270189221908 -2.7554552980815443e-16 17.042500000000004 21.689407926386043 641.90169817916887 384.71645351862315 9 10 0.68301270189221941 -97.216716884266049 6.2194291855743975 1.0000000180025095e-35 -173.09079562438873 -0.88094620481512298 24.042500000000004 2014.5000000000002 1.5000000000000002 101.39338976872763 0.93301270189221952 0.83333333333333337 -64.1798620327788 0.6830127018922193 -0.6830127018922193 2.8375366568914964
decision_type=2 9 9 2 2 2 2 2 9 2 9 2 2 2 9 2 2 2 2 2 9 2 2 2 2 9 2 9 2 2 2 2 2 2 9 2 2 2 2 2 2 2 2 2 9 9 2 2 2 2 2 2 2 2 2 2 2 2 2 2 2 2
left_child=2 17 7 10 9 11 8 32 37 -5 52 57 13 15 49 24 31 18 29 23 51 22 -14 -8 25 -10 27 28 -21 58 -7 -17 -1 34 -31 -35 -13 -3 -22 40 -40 42 43 45 -43 46 47 -16 -48 60 -51 -12 -4 -41 -55 -56 -11 -6 -2 -29 -15 -34
right_child=1 6 3 4 5 30 19 -9 12 56 20 36 21 14 41 16 -18 -19 -20 26 38 -23 -24 -25 -26 -27 -28 59 -30 33 -32 -33 61 35 -36 -37 -38 -39 39 53 -42 44 -44 -45 -46 -47 48 -49 -50 50 -52 -53 -54 54 55 -57 -58 -59 -60 -61 -62 -63
leaf_value=-0.016693928107177916 -0.0062873443188447703 -0.0026044226422434376 0.014419212404577393 -0.048024071636105323 -0.0088901910287456348 -0.016594548888284665 0.014072112014795963 -0.0052846691079163144 0.0053840213898024248 -0.023991843093081576 -0.020582131116964528 0.00067196584218370597 0.0065931429861575191 0.0044923318340409904 0.0013568466608335403 0.004256955028638037 -0.018016753770960122 -0.024845079486909796 0.011170880490470162 0.004059039973213165 0.0086021215503503026 0.0021972213020928226 0.020553634820571879 0.0058695912173018609 0.0096961963898621016 -0.0020915296976551237 0.0083626393931511799 0.0064025050106665416 -0.0065624029670222047 0.0068121481730554975 -0.037455357033274857 -0.0023426965226624255 -0.027191387148174557 -0.02620051255036486 -0.005657113857694733 -0.005472105202969548 -0.0054141036724574725 -0.015359818521993649 -0.026730150580200042 0.0015272657200654316 -0.0010049480064801939 -0.0024530036163231184 -0.0037972357484575407 0.008998777676138759 0.0033625553815943864 0.0026687213918354493 -0.0046431704285904672 0.0076149283362437819 0.0060723387772682368 0.0096064931911977926 8.4528237381625161e-06 -0.0078439991017064097 0.002305156322181237 -0.0155063694187736 -0.0038946390897999341 0.018284364413143055 -0.010751587582947652 -0.022248492258796257 -0.01726030050388723 0.0010201963876452288 -0.0045500156915576732 -0.041790668762714658
leaf_weight=20.991171628236771 33.223800633102655 265.10882164910436 20.409726694226265 11.114588724449275 29.774158829823136 25.562546269968152 102.42922456562519 27.911416620016098 119.59099435806274 57.826407412998378 22.542537664994597 117.85752266272902 82.825186170637608 32.602974366396666 99.255365744233131 86.291478917002678 21.420889493077993 13.315163087099789 15.910348009318112 73.258745640516281 21.437825236469507 79.804320737719536 39.761223897337914 125.97624865174294 67.194770067930222 152.4473219756037 186.09413173794746 284.40719702839851 67.714661747217178 28.965162388980389 9.8114200755953771 361.65315625630319 46.445492379367352 10.796716574579479 71.678788498044014 17.826830916106701 217.64027993008494 18.417876426130533 13.275977762416007 113.41132331453264 11.329427912831305 128.38183176517487 53.46497730910778 190.82017269730568 188.07695081457496 896.32990099489689 49.826768636703491 437.04933785647154 49.466276615858078 45.467255115509033 162.90172688290477 55.792146844789386 97.497778121381998 19.787945602089167 169.68850290216506 6.6878537144511929 18.068894307129085 23.846892731264234 43.562528876587749 107.51503254473209 159.48058455064893 13.255057878792284
leaf_count=73 94 765 79 42 168 316 78 58 556 398 299 60 141 88 145 183 53 19 21 53 73 74 42 99 253 1328 73 216 52 156 66 887 207 72 219 55 685 62 38 1152 180 300 58 135 504 1084 44 390 69 55 335 699 781 194 1845 24 11 271 277 55 319 43
internal_value=0 0.00245235 -0.00712724 -0.00562541 -0.009387 -0.00632773 0.00292513 -0.019517 0.00220697 -0.0243122 -0.00224084 -0.0048684 0.00265574 0.00236055 0.00306854 0.000177655 -0.0018447 -0.00689392 -0.00612765 0.0058272 -0.00395463 0.00760244 0.0111213 0.00954804 0.0029758 0.00131583 0.00464517 0.00334699 -0.000973752 -0.00746335 -0.0223806 -0.00107135 -0.0268588 -0.00446407 -0.00195372 -0.0132908 -0.00327612 -0.00331605 -0.00233595 -0.00310753 -0.0148851 0.00370541 0.00420257 0.00445085 0.00103203 0.00388435 0.00547058 0.00645673 0.000695132 -0.000343567 0.0021028 -0.0102067 0.00405793 -0.00217143 -0.00430981 -0.00305365 -0.0208396 -0.014831 -0.0125125 0.00480343 -0.00301523 -0.0304328
internal_weight=0 4970.31 1171.97 1063.36 511.503 424.493 4735.04 108.603 3787.64 87.0099 551.861 389.119 3504.11 3301.72 2493.12 808.599 469.366 235.279 221.964 947.395 433.954 202.391 122.586 228.405 339.233 272.038 718.99 532.896 140.973 206.054 35.374 447.945 80.6917 129.267 100.644 28.6235 335.498 283.527 355.619 334.181 24.6054 2092.67 1776.21 1722.75 316.459 1531.93 635.598 536.305 99.293 400.453 208.369 78.3347 117.908 309.576 196.164 176.376 75.8953 53.6211 76.7863 391.922 192.084 59.7006
internal_count=17171 9409 7762 7381 2017 1566 8496 381 7870 451 5364 1184 7043 6786 3526 3260 1123 913 894 626 4504 257 183 177 2137 1884 449 376 105 873 382 1070 323 502 375 127 745 827 3506 3433 218 2729 1925 1867 804 1732 648 535 113 797 390 998 860 3215 2063 1869 409 439 371 271 407 250
cat_boundaries=0 22 37 58 78 99 118 137 138 158 177 178
cat_threshold=0 0 10485761 64 0 0 0 0 0 2415919104 268452136 0 1620049952 134217728 536870912 41943072 0 256 83886080 0 37748740 2048 4194304 83886080 4 134217856 0 0 0 0 0 0 524288 50331648 17174528 134217728 786432 2097184 0 2239758336 288 24704 2099232 2055 4194304 0 0 16793600 0 0 536870912 0 33554434 8388608 4096 268435456 256 128 1073741824 1073741824 2155872256 536870912 134250624 2097152 536870912 4194304 131072 0 538968064 67453444 8192 769 2203058176 16 0 0 131072 131072 2060 0 0 0 33554448 4096 16384 1073741824 147456 2155872264 6144 0 0 1048576 0 8388608 273154049 2 536870912 196613 16 0 16 0 8960 16 32 0 68681728 0 0 100925440 131408 503316480 2098176 65536 0 0 2147483648 1056 268435456 1074790400 0 134217728 33558528 524288 1024 2147483648 0 0 110080 1478500352 18432 2147483648 0 2609 1 64 64 2232320 0 0 0 2 0 1073741824 0 0 0 0 0 0 0 0 34 0 0 0 134217992 16 16 256 0 0 0 24576 0 0 0 2048 0 0 0 0 2147483648 4 33554432 100728956 131072 35664000
is_linear=0
shrinkage=0.05


Tree=62
num_leaves=63
num_cat=9
split_feature=66 0 72 67 3 67 49 0 0 66 67 0 53 54 59 67 8 49 0 0 54 44 65 49 58 51 54 54 54 58 16 60 18 66 55 6 64 35 37 55 37 66 53 64 71 0 57 64 60 73 67 47 1 33 59 51 8 9 57 57 55 57
split_gain=29.0869 8.22518 6.97492 4.48474 4.29464 7.88847 3.72507 3.35611 2.29343 2.28295 2.22464 2.16427 3.57472 2.14644 1.98107 1.73755 1.6201 1.60428 2.02395 1.555 2.34119 1.54446 1.50605 1.50161 1.4758 1.45764 1.41639 1.95094 1.41177 1.37162 1.33062 1.44708 1.22864 2.4192 1.22182 1.23491 1.20439 1.41577 1.19042 1.17612 1.16383 2.24397 2.61003 1.11248 1.04023 1.0299 1.3737 1.16496 0.921757 1.21361 1.16264 1.22239 1.1344 1.00443 0.939976 0.919094 0.867675 1.23171 0.847821 0.968319 0.840637 0.824039
threshold=28.02833333333334 0 1 187.03000000000003 2019.5000000000002 9.3300000000000018 5.0133504811652676 2 3 4.416666666666667 25.960000000000004 4 462.23402424912098 492.67546508427557 -608.65975070699437 2.0050000000000003 6.5000000000000009 -56.316206031582588 5 6 793.20899526477581 0.6830127018922193 621.40000000000009 490.56530475182132 163.72344453249812 -427.84175732701203 1.5408007968830992 4.8292336764274806 388.08158232710247 734.81069575102504 0.93301270189221952 98.821221025340307 1.0000000180025095e-35 153.66666666666669 39.89633887388716 -1.0000000180025095e-35 1276.0125000000003 1.0000000180025095e-35 1.0000000180025095e-35 1.0000000180025095e-35 -1.0000000180025095e-35 373.72500000000008 1.5843933592149011 15.215000000000002 7.2728745345008159 7 -15.002679780926011 352.71000000000009 -14.70698713791934 8 448.41500000000002 307.60296637590835 5.5000000000000009 0.25000000000000033 -28.256975009516754 -254.71624574240411 2.5000000000000004 6.2810889132455356 -14.241963997472295 -6.4500378799370131 6.2319326497879377 -40.411687259925344
decision_type=2 9 9 2 2 2 2 9 9 2 2 9 2 2 2 2 2 2 9 9 2 2 2 2 2 2 2 2 2 2 2 2 2 2 2 2 2 2 2 2 2 2 2 2 2 9 2 2 2 9 2 2 2 2 2 2 2 2 2 2 2 2
left_child=1 9 17 8 7 15 10 38 44 -1 21 12 13 56 16 -6 22 24 60 25 32 43 -13 -24 -2 28 -11 -28 29 -16 31 45 40 -34 35 -8 37 -27 -3 -29 41 42 -21 -7 -4 46 -9 -47 52 50 -50 -52 53 54 -42 -51 57 -5 -20 -60 -19 -57
right_child=2 4 3 11 5 6 34 30 -10 26 -12 14 -14 -15 19 -17 -18 18 58 20 -22 -23 23 -25 -26 36 27 39 -30 -31 -32 -33 33 -35 -36 -37 -38 -39 -40 -41 48 -43 -44 -45 -46 47 -48 -49 49 55 51 -53 -54 -55 -56 61 -58 -59 59 -61 -62 -63
leaf_value=-0.027731992889688792 -0.0094364493326435633 0.0031883204640472482 0.0017159819709339421 0.00079146004047866514 -0.046173253843769801 -0.0058723055351035357 -0.043269663791312495 0.014227995633028038 -0.0018874731596435455 -0.0078323092431270974 -0.0023389361478138981 0.010914023849089136 -0.012731563803639254 0.011079563922312598 0.0075999584035553501 -0.022771670207700712 0.011590758160513076 -0.01645150066442724 0.0025890809379221255 0.0021119284546526579 0.010965124956129169 -0.029924077253603926 -0.0025935630943250761 0.0065528222328627541 0.0094979971711527944 -0.0027142112050317765 -0.030404322554184446 -0.0064320746604594348 0.0099320892148411291 -0.0070263141998164087 -0.020838525616921566 0.0096748362543128893 -0.011501354806411318 0.0020720190787593524 -0.043161845941156005 -0.013851240380349399 -0.0076412189599926227 0.0056097290960910543 0.016031166880912797 -0.022780949935942249 0.0020195433498597375 0.0051047290147749275 -0.015709693975942209 -0.017734105711590478 0.0092072947804471682 -0.0056949167467026515 -0.0022107576305822204 -0.0305625754780561 0.0052224350121971149 -0.0027700030741958557 0.012628762282776852 0.0040570973946559633 0.0047707185515233419 0.0034288266747225606 -0.0069244302920100963 0.0076573703815837032 -0.00089962752010640874 0.010304254265221253 -0.022525245872152402 -0.0053183715332624183 -0.030247601179254343 0.0030163211117452677
leaf_weight=44.534215588122606 19.348977871239185 101.33379688486457 158.4047162476927 121.43870460242033 9.9770658034831268 76.765534690581262 4.0884014265611759 14.748245298862455 795.5508175753057 48.028745085000992 267.92548069730401 70.027222961187363 47.959860950708389 52.844745755195618 29.012725546956062 38.69891247805208 128.9100845605135 25.515921356156468 27.383495543152094 45.377971485257149 105.78002116084099 9.5680806804448348 84.326928466558456 95.915064811706543 21.983502514660358 151.46192861348391 24.379777619615197 27.771074011921883 65.375769555568695 35.817427948117256 11.655999027192591 19.24594958499074 35.970389120280743 375.69455693662167 5.4729866012930861 27.985670653171837 64.549510046839714 77.078472837805748 21.952186148613691 18.21649681404233 50.621244713664055 102.56419709324837 37.540153943002224 26.621366725303233 65.501127000898123 265.2184067312628 91.886805206537247 4.7947073280811301 328.06063376367092 54.052278608083725 139.31023320555687 59.296497732400894 266.5082631893456 110.44405572861433 69.995720364153385 123.54464737325907 354.27870858460665 47.274122804403305 9.6471427083015424 53.625780653208494 19.464869480580091 423.50342505425215
leaf_count=257 82 771 661 136 39 266 62 153 3214 102 547 55 25 18 46 268 142 128 102 65 66 64 79 51 32 299 88 70 60 77 74 131 59 616 27 335 67 116 62 73 47 85 46 293 185 3008 1040 19 259 58 111 54 399 131 79 73 912 46 44 300 66 394
internal_value=0 -0.00685395 0.00193967 0.00230292 -0.00497101 -0.00851749 -0.0063013 -0.00194396 -0.000633227 -0.0170361 -0.00482008 0.0031063 0.000377743 0.00147614 0.00363714 -0.0275683 0.00703691 -0.00756238 -0.0106177 0.00318185 0.00368173 -0.0107053 0.00469129 0.00227365 0.000634213 0.000337418 -0.0144518 -0.01897 0.00474747 -0.000480779 -0.00408796 -0.00369805 0.00335164 0.000886007 -0.0213269 -0.0176011 -0.00161025 9.3155e-05 0.00506433 -0.0129082 0.00391216 0.00015987 -0.00595659 -0.00892663 0.00374043 -0.00438137 5.74314e-05 -0.00591735 0.00434037 0.00513128 0.00691893 0.0100696 0.00254775 -1.62518e-05 -0.00317077 0.00339343 0.000505782 0.00345699 -0.00428793 -0.00794188 -0.0183435 0.00406445
internal_weight=0 1160.87 4950.96 4773.99 997.94 467.103 418.428 530.836 1019.46 162.93 380.88 3754.54 623.796 575.836 3130.74 48.676 379.179 176.97 135.637 2751.56 2328.26 112.955 250.269 180.242 41.3325 423.296 118.396 70.3673 130.206 64.8302 407.55 395.894 2222.48 411.665 37.5471 32.0741 293.09 228.54 123.286 45.9876 1810.82 185.482 82.9181 103.387 223.906 376.648 106.635 270.013 1625.34 1127.77 526.667 198.607 497.569 231.061 120.617 601.1 522.992 168.713 90.6564 63.2729 44.9808 547.048
internal_count=17234 7749 9485 8731 7159 1901 1594 5258 4060 590 1170 4671 1137 1112 3534 307 327 754 640 3207 2542 623 185 130 114 665 333 231 183 123 4425 4351 2476 675 424 397 482 415 833 143 1801 196 111 559 846 4220 1193 3027 1605 949 424 165 656 257 126 525 1094 182 446 344 194 467
cat_boundaries=0 19 41 61 81 102 123 143 159 160
cat_threshold=4194304 620756992 4 134219392 0 0 0 0 0 0 786432 2206203904 17174529 134217728 851968 0 0 0 32 0 0 2166358017 64 0 0 0 0 0 3489660928 264 0 545259552 0 524288 8388736 0 0 1140850688 0 67109120 1 2162688 0 2172649472 0 134218752 2097184 33554432 4194304 131072 0 538970112 81924 2048 67117633 2248146944 1073741842 0 0 131072 131072 0 1610612768 0 134217728 134217728 0 100352 2147483648 0 4194304 3584 2367488 1048576 402653184 4 1073746616 4 66 0 32768 2156 192 0 32 33619968 12288 16384 1073741824 196608 2155874376 0 0 0 0 0 0 25165952 4194374 4194304 32768 36 0 0 128 0 0 33554432 0 0 0 0 0 2147483648 0 0 0 0 0 2147520512 2 256 64 0 256 83886080 0 41984 0 5 0 16384 32 0 0 0 0 0 20 33554434 0 268435584 131072 1073741824 0 0 1073741824 557056 2048 553648128 8912896 262144 0 1056768 67272712 106496 4388 23101440 36 35652752
is_linear=0
shrinkage=0.05


Tree=63
num_leaves=63
num_cat=10
split_feature=66 0 0 3 66 72 49 67 9 0 66 67 70 1 60 9 10 0 9 49 17 54 54 10 8 70 18 46 57 0 27 66 72 55 47 16 70 52 0 0 40 22 54 55 3 8 57 64 63 60 46 8 81 56 51 70 90 0 57 64 67 1
split_gain=30.6072 8.4759 4.57506 4.2788 8.36089 3.78327 3.39105 3.06221 2.40031 2.16621 1.92425 1.89223 1.74811 1.73727 1.89327 1.651 1.59792 1.92553 1.5867 1.57618 1.45881 1.47147 1.41355 1.33387 1.30743 1.30517 1.28475 2.10666 1.39244 1.71112 1.63107 1.83809 1.28114 1.26665 1.22758 1.19856 1.19612 1.31785 1.68506 1.1825 1.28574 1.70435 1.79368 1.17885 1.59336 1.13924 1.3864 1.51465 1.10032 1.09393 1.10212 1.07799 1.03266 1.00403 1.32661 0.992217 0.979393 0.954608 0.94967 1.95518 0.903374 0.872851
threshold=37.356666666666676 0 1 2019.5000000000002 6.4800000000000004 2 -1.6254138189899743 3.0600000000000005 11.750000000000002 3 81.416666666666671 3.0600000000000005 0.891243479948436 1.5000000000000002 173.48106695470429 6.0310889132455365 3.7500000000000013 4 -5.0000000000000018 -3.6094146786953671 3.0616169978683831e-16 0.35402608755050907 413.73570230521028 -9.0000000000000018 3.5000000000000004 3.2859633987407997 1.0000000180025095e-35 0.93301270189221952 153.1252453067824 5 1.0000000180025095e-35 733.94833333333349 6 -56.608045639268816 -41.925610549052315 -0.93301270189221908 10.757935918387561 -639.63269741007082 7 8 -0.93301270189221908 -0.68301270189221941 1.1984108139622462 394.93877516537651 2016.5000000000002 3.5000000000000004 -10.878435061590341 165.75000000000003 400.21958333333345 -14.70698713791934 0.6830127018922193 5.5000000000000009 1.0000000180025095e-35 289.32010113370808 -91.889631800447617 1.2474918665817507 1.0000000180025095e-35 9 -15.404589297556656 44.060000000000009 31.355000000000004 9.5000000000000018
decision_type=2 9 9 2 2 9 2 2 2 9 2 2 2 2 2 2 2 9 2 2 2 2 2 2 2 2 2 2 2 9 2 2 9 2 2 2 2 2 9 9 2 2 2 2 2 2 2 2 2 2 2 2 2 2 2 2 2 9 2 2 2 2
left_child=1 11 13 9 7 18 12 -5 15 35 45 -1 -6 -2 36 25 39 -18 33 -9 21 -13 23 -16 -22 61 28 -28 29 -12 31 -30 -31 -4 -35 -3 37 -15 43 58 -41 42 -42 44 -39 46 -7 52 -20 -23 -51 -40 -48 54 -37 -46 -21 -47 59 -11 -14 -8
right_child=2 3 5 4 6 10 8 19 -10 16 26 20 60 14 22 -17 17 -19 48 56 24 49 -24 -25 -26 -27 27 -29 30 32 -32 -33 -34 34 -36 53 -38 38 51 40 41 -43 -44 -45 55 57 47 -49 -50 50 -52 -53 -54 -55 -56 -57 -58 -59 -60 -61 -62 -63
leaf_value=-0.034574477689860932 -0.0024780439805247444 0.021564141174699656 0.00088410207397312699 -0.043285378181001449 -0.011948254877016739 0.0060851690174296728 -0.0095375260693543618 -0.013830371965151576 -0.037035286306835689 0.035209673565399509 0.01000330586782837 -0.0017308180353908832 -0.0054903087942570934 0.0091834900366038214 0.012957085148920973 -0.0017013315054600004 0.0011736450146204703 -0.011867831612119635 -0.0034017960794927322 -0.020488128226640815 -0.035342407126403901 -0.008104485967008716 0.013126116230197394 0.0028484165009995161 -0.01231676691117841 -0.030839904846016033 0.0011643606895737578 -0.0093327186205275775 -0.0040193502411673843 0.00051491523277945252 -0.0093520281097163056 0.010172653003912999 0.0035232182076565827 -0.026332943114358111 -0.0099800108345414335 0.018859663935063591 0.010040153634158226 -0.012725267374055847 0.0062141345024658802 0.008969541520561947 -0.04588772638912763 -0.0035779061528150276 -0.0068880458728322646 0.005046591590233504 -0.0057294772967073767 0.00040247939673483289 -0.0047478715899972046 0.006837996468080948 0.011597368553413799 -0.016274995002776526 -0.032940308633911529 0.00032301438890644919 0.0027680050373937886 -0.01137380401359178 0.002259681294133167 0.0046408786661509514 -0.044534750423767651 -0.0065351123007499276 0.00094583288293188707 0.00098191047904467926 -8.1976411019961192e-05 -0.026881949321633871
leaf_weight=13.552621852606533 70.938699059188366 9.0257028155028802 17.080676302313805 13.452361991629003 47.088334607891738 92.659976221621037 51.426049814559519 62.856234782375395 9.2201742064207775 6.5934608913958099 80.944796442985535 23.163148801773787 110.58472055010498 90.992739468812943 47.017029225826263 35.843199593946338 46.134461153298616 81.563174240291119 140.8037726432085 9.7863831100985426 15.530854349955918 36.682733291760087 123.40975589305162 106.67514227330685 10.223124135285614 10.838584376499055 572.28743200749159 52.152386829257011 54.508855953812599 474.80547528713942 48.788025170564651 39.238357186317444 1582.7073141783476 16.085526321083307 40.049661919474602 13.493637412786482 80.796846091747284 36.885116666555405 283.19783155620098 18.645810583606362 4.9968950003385526 186.28117215819657 7.1910717487335205 50.841556072235107 45.144214138388634 87.77418857626617 167.22587756812572 50.895260870456696 13.389856696128843 81.486170126125216 11.295958299189804 106.99000708758831 62.889538124203682 11.519495531916617 111.38518986105919 47.161098033189774 7.4638093095272771 116.89351047202945 89.052688006311655 11.361807152628897 255.84431540593505 8.4448784682899696
leaf_count=112 94 30 42 59 347 172 346 237 83 45 85 63 328 99 52 138 584 953 611 79 46 101 122 140 108 24 1005 79 90 918 61 31 1910 72 184 56 25 84 258 51 8 2020 118 42 69 785 205 150 5 427 34 213 41 20 1022 37 43 673 766 108 350 113
internal_value=0 -0.00616846 0.00220574 -0.0044964 -0.00743273 0.00135561 -0.00499716 -0.0212115 -0.0125609 -0.00150947 0.00176781 -0.015743 -0.00287954 0.00504142 0.0056143 -0.010443 -0.0031859 -0.00799368 -0.0047676 -0.0175046 -0.0151948 -0.0133374 0.00914086 0.00594083 -0.0262023 -0.0148743 0.00229717 0.000287659 0.00284729 0.00316622 -0.00193776 0.00192078 0.00283485 -0.0110382 -0.0146659 0.00366605 0.00429732 0.00359558 0.00270388 -0.00139003 -0.00342593 -0.00476308 -0.0228774 -0.00132915 -0.00394113 -0.00086096 0.000781396 -0.000967461 -0.0020993 -0.015414 -0.0183039 0.00448387 -0.00269382 0.00275047 0.00405337 -0.000431002 -0.0308926 -0.00385948 0.00279929 0.0135509 -0.00171416 -0.011984
internal_weight=0 1412.03 4801.23 1220.09 622.849 3711.18 529.29 93.5588 115.773 597.245 3483.77 191.935 413.517 1090.05 1019.11 106.553 451.821 127.698 227.409 80.1064 178.382 152.628 277.102 153.692 25.754 70.7095 2905.43 624.44 2280.99 2138.46 142.535 93.7472 2057.51 73.2159 56.1352 145.424 742.009 661.213 570.22 324.123 217.115 198.469 12.188 180.032 129.19 578.338 373.671 281.011 154.194 129.465 92.7821 390.188 230.115 136.398 124.879 92.3053 17.2502 204.668 107.008 17.9553 366.429 59.8709
internal_count=17173 8819 8354 7928 2147 7119 1729 418 704 5781 6205 891 1025 1235 1141 621 4653 1537 914 359 779 625 314 192 154 483 4179 1084 3095 2913 182 121 2828 298 256 1128 827 802 703 3116 2197 2146 126 232 190 2026 568 396 616 562 461 471 246 1098 1078 106 122 1458 919 153 678 459
cat_boundaries=0 19 40 63 82 98 119 141 162 181 197
cat_threshold=0 50331648 4 134226816 0 0 8192 2097152 0 0 524288 2743074832 285609985 16384 85721088 0 0 0 1024 5120 32 2432696832 0 42128 0 1 0 131072 805306368 1024 0 1 0 16384 8388624 42467456 65552 128 229376 8 0 0 16777217 16384 0 0 0 0 2097216 268435456 41 131072 9699328 131072 17825792 41943040 16781312 128 1140850688 0 0 34816 1024 1073807360 2129920 0 0 134217856 2097152 16777216 213909504 131072 0 18874368 335561729 18432 544 2181169152 1073741844 0 0 131136 0 0 8388609 67108864 65536 0 301989888 16777216 0 0 5242880 41064 73506816 1140861268 4194304 2 0 0 0 0 0 0 0 0 0 0 0 0 0 0 0 0 4194304 67108866 268435456 0 4 0 0 2147483648 557056 0 0 0 0 0 2214592512 16909312 0 50364416 536872960 0 218103840 524289 0 0 1073745920 4784592 25166880 0 0 285212672 0 8320 0 0 0 131072 0 0 0 0 0 0 8388624 33554432 0 128 32768 8 2097152 0 2172649472 1610612736 32768 0 536870912 524288 512 0 537929728 2564608 1610653696 12545 2129920 2048 0 0 16 2097152 0 71303168 1 0 524288 33554466 3221225472 262144 0 16802304 805577216 1067008 155189376 0 34
is_linear=0
shrinkage=0.05


Tree=64
num_leaves=63
num_cat=5
split_feature=66 3 67 66 68 48 22 54 55 3 3 70 49 73 70 49 25 54 49 10 67 49 48 58 66 63 73 76 53 73 10 66 73 59 3 48 18 3 55 9 66 66 19 63 3 9 65 73 53 81 89 50 70 4 55 49 83 85 3 3 36 71
split_gain=24.7408 9.599 9.97435 3.86401 3.19734 2.96416 2.44225 2.33125 2.41324 2.21883 2.13933 3.51854 3.41628 4.41363 3.99171 2.2627 2.08832 2.91567 1.91319 2.01842 1.8677 1.7854 1.75186 1.67103 1.63601 1.62628 1.61234 1.86632 1.60365 1.56457 1.42611 1.82865 1.74753 1.39523 1.39121 1.34595 1.26644 1.22542 1.22492 1.28624 1.16443 1.14494 1.13914 1.63652 1.31179 2.92736 1.17689 2.54126 2.88122 1.22294 1.1625 1.12487 2.29842 1.12371 1.09053 1.24068 1.67125 1.08658 1.07354 1.05297 1.04498 1.03366
threshold=37.990000000000002 2019.5000000000002 7.3500000000000005 486.25333333333339 0.58333333333333337 847.59242378093211 1.0000000180025095e-35 1.1984108139622462 -0.42163720797586274 2014.5000000000002 2019.5000000000002 1.9061245554907973 1.0386474575151923 0 1.0618820362724737 19.578791767562322 -1.0000000180025095e-35 1.7702432563361838 23.5535731645972 -6.5000000000000009 3.0600000000000005 106.6107833458576 77.804143127266983 641.90169817916887 14.360000000000001 7.6306818181818192 1 1.5000000000000002 -64.625220832838338 2 6.0310889132455356 8.7216666666666676 3 -608.65975070699437 2016.5000000000002 -24.203707484690401 -0.93301270189221908 2012.5000000000002 37.317838355919456 -0.93301270189221919 10.750000000000002 3.6800000000000002 -1.0000000180025095e-35 1481.1058333333333 2014.5000000000002 10.446152422706634 2135.0200000000009 4 33.002335120082556 1.0000000180025095e-35 1.0000000180025095e-35 22.035340998512041 1.5527937751279131 1.0000000180025095e-35 -2.5353940611329295 -1.6254138189899743 1.0000000180025095e-35 1.0000000180025095e-35 2019.5000000000002 2019.5000000000002 1.0000000180025095e-35 -2.6372552147174821
decision_type=2 2 2 2 2 2 2 2 2 2 2 2 2 9 2 2 2 2 2 2 2 2 2 2 2 2 9 2 2 9 2 2 9 2 2 2 2 2 2 2 2 2 2 2 2 2 2 9 2 2 2 2 2 2 2 2 2 2 2 2 2 2
left_child=1 5 20 10 -4 9 7 40 25 16 11 18 14 21 23 28 17 -1 19 -2 -3 53 -17 -12 -10 57 27 61 -13 33 32 -32 34 -21 41 -15 -5 -30 39 -26 -6 -11 43 58 45 -44 47 48 -46 51 -51 59 -53 -14 55 -27 -57 -9 -38 -49 -8 -16
right_child=3 2 4 36 6 -7 60 8 24 30 12 15 13 35 26 22 -18 -19 -20 29 -22 -23 -24 -25 38 54 -28 -29 37 -31 31 -33 -34 -35 -36 -37 42 -39 -40 -41 -42 -43 44 -45 46 -47 -48 49 -50 50 -52 52 -54 -55 -56 56 -58 -59 -60 -61 -62 -63
leaf_value=-0.041953434767213277 0.007162283177414349 -0.040551305163223125 0.00020087303147614898 0.0097281045167179232 -0.012540705096802232 0.032697673759095498 -0.017717461943799431 -0.033296616853461775 -0.026186576139984874 0.032210137535463167 -0.002182711060290869 0.0012259736676238362 -0.01493776760923623 -0.0044217402065875539 -0.0054750830434421062 -0.0029753078290698249 0.0030343944354831922 -0.00041940838743216043 0.0063961434198465872 0.010216828727465838 -0.022753135086938967 -0.017577356940317708 0.0078692615787042241 -0.016312779593885874 -0.020364618781945933 -0.0061463685257505734 0.0050986041654041804 0.0076580211323383982 -0.027981062533117187 0.002703252370583296 -0.017560079150918888 -0.0044998130978974758 -0.0045605869670943579 -0.0052392847173745802 0.00057473211048440114 0.00080732762681906848 0.00086758383933697135 -0.0090724852666642358 -0.027249359659206808 -0.00334298764847183 0.00015685232631315802 0.006439252476180434 -0.013910073726681025 0.013419642143933512 0.0025798778032475296 0.0044564621514994384 0.0070738748682205857 0.00031531818115161317 -0.0118286235097137 0.0032095110839202852 0.015206621369690608 0.0035878595263815365 -0.0088460275207293063 -0.0037291622875608994 0.0022423964888690084 -0.027768378231239694 -0.0067402604471670973 -0.010100568560528144 0.0083279972704285964 0.0054117062222755613 -0.038573958593093989 0.00088952433241509083
leaf_weight=6.3218819946050671 138.38416739925742 21.697184493765235 95.456594539806247 89.018785208463669 22.949821836315095 6.1779703199863425 19.700780892744664 10.147846832871439 35.598195687867701 6.9209380745887783 303.98698795586824 37.283044181764126 29.996766470372677 168.14881188794971 90.184340782463551 87.309536598622799 227.80902114138007 12.741818029433487 441.13822569698095 16.209599629044533 45.969223220832646 53.768062554299831 64.939462441951036 22.470255643129349 16.959091501310468 138.61257120221853 512.91999070346355 78.609312534332275 9.639361843466757 237.38884112611413 40.181550454348326 80.491729287430644 236.68629219196737 147.14418864995241 65.173866331577301 458.93421541713178 105.08074362576008 77.130653984844685 11.667402749881147 32.115589322522283 84.667558455839753 11.423841835930942 35.971745036542416 65.710695832967758 80.931008696556091 54.663609504699707 184.47938346862793 131.90120267122984 60.732498943805695 37.734140127897263 43.434287622570992 115.99619695544243 54.690525963902473 87.845356848090887 28.219471788033843 17.378768915310502 20.707770517095923 10.047121075913308 89.11441233754158 437.59808342158794 8.6394403222948295 217.99806307256222
leaf_count=19 489 97 152 118 122 8 144 44 343 27 694 90 108 220 196 205 2033 152 1222 35 214 72 72 77 129 564 427 64 91 851 421 806 2418 622 292 458 116 514 52 260 109 118 107 48 70 45 92 148 42 43 65 132 64 144 101 69 41 56 53 214 30 309
internal_value=0 -0.00582192 -0.0103403 0.00190851 -0.00812259 -0.00178142 -0.0098596 -0.00892064 -0.0110531 -0.00209114 0.000928893 0.00254952 -7.68157e-05 -0.0026215 0.00158072 -0.00243402 0.00170409 -0.0141929 0.0039542 0.00195609 -0.0284601 -0.0094751 0.00165028 -0.00315529 -0.0176754 -0.00821901 0.00329917 0.000761456 -0.00744664 0.000158293 -0.00421631 -0.00884859 -0.00247058 -0.00349182 0.00357087 -0.000585481 0.00393399 -0.0111731 -0.0126874 -0.00922528 -0.00255095 0.0161618 0.00358968 0.00659902 0.00295797 -0.00283293 0.00341536 0.00271452 -0.00336 0.00375739 0.00962932 0.00316424 -0.00039614 -0.00658232 -0.00688488 -0.00834254 -0.0163353 -0.0217564 0.0042911 0.00423134 -0.0240755 -0.00097297
internal_weight=0 1314.46 620.534 4868.49 552.868 693.929 457.411 429.071 321.454 687.751 3281.43 1256.57 2024.86 798.693 1226.17 276.302 246.873 19.0637 980.265 539.127 67.6664 171.61 152.249 326.457 96.3403 225.114 899.712 386.792 124.053 400.743 440.878 120.673 320.205 163.354 83.5186 627.083 1587.06 86.77 60.7421 49.0747 107.617 18.3448 1498.04 259.906 1238.13 90.6354 1147.5 963.018 141.664 821.354 81.1684 740.186 170.687 117.842 204.919 176.699 38.0865 20.195 194.195 569.499 28.3402 308.182
internal_count=17138 8821 2527 8317 2216 6294 2064 1890 1659 6286 6960 4191 2769 1002 1767 972 2204 171 3219 1997 311 324 277 771 784 875 996 569 695 1508 4082 1227 2855 657 437 678 1357 605 441 389 231 145 1239 217 1022 152 870 778 112 666 108 558 196 252 775 674 110 100 169 362 174 505
cat_boundaries=0 1 2 3 4 5
cat_threshold=33687696 35987506 2430020 35922952 131136
is_linear=0
shrinkage=0.05


Tree=65
num_leaves=63
num_cat=11
split_feature=66 0 0 72 0 57 66 66 22 49 64 8 10 23 48 60 56 72 55 0 52 0 66 8 0 54 66 55 63 60 91 68 64 50 16 64 41 49 55 54 19 60 71 9 51 64 10 51 73 57 54 0 8 6 57 57 63 27 57 0 48 59
split_gain=22.2335 11.0641 4.27087 3.09094 3.08789 3.08099 2.64206 2.47141 2.45167 2.02873 1.95869 1.88447 1.79471 2.18944 1.74 1.69919 1.67927 1.67052 2.40507 1.66974 1.64082 2.26757 1.59395 1.49487 1.46557 1.89123 1.39675 1.74142 1.33883 1.28204 2.24264 1.66036 1.2669 1.25471 1.253 1.38247 1.20872 1.19433 1.11852 1.1067 1.16857 1.24104 1.16626 1.15487 1.10125 1.09476 1.08084 1.06663 1.00858 1.02457 1.00551 1.62617 1.43336 1.00139 1.27413 1.09509 0.982111 1.03211 1.06297 0.976549 1.10082 0.931673
threshold=57.815000000000005 0 1 2 3 -3.264414103587765 4.078333333333334 9.6866666666666692 0.93301270189221952 -585.94040594515241 3.1400000000000001 8.5000000000000018 14.289419162443236 -1.0000000180025095e-35 1517.5016748056701 -91.835380163658726 4.5774550398759963 4 64.642513893338659 5 278.89484825938058 6 3.6800000000000002 3.5000000000000004 7 1.0734616934073118 497.76166666666671 245.7056971179901 11.457689393939395 -12.547447575542455 1.0000000180025095e-35 0.83333333333333337 7.0300000000000002 -73.943690090800075 -0.5 65.02500000000002 1.8369701987210299e-16 -59.413102324831989 -58.581871935282841 6.1412919608082923 -0.6830127018922193 508.77463303359741 4.9180477452399449 -16.227241335952161 -47.653780809421384 102.59000000000002 11.750000000000002 199.98501742803182 8 -29.857004038473452 317.64301771867162 9 4.5000000000000009 0.50000000000000022 83.0128121514567 -2.373453742038429 43.63068181818182 1.8369701987210299e-16 73.234990260330491 10 -92.366033317273747 38.65593176744138
decision_type=2 9 9 9 9 2 2 2 2 2 2 2 2 2 2 2 2 9 2 9 2 9 2 2 9 2 2 2 2 2 2 2 2 2 2 2 2 2 2 2 2 2 2 2 2 2 2 2 9 2 2 9 2 2 2 2 2 2 2 9 2 2
left_child=1 6 14 9 11 19 -1 8 16 -4 -8 38 20 -14 50 33 22 18 61 -6 21 23 -7 -5 -9 -26 27 39 -27 -12 31 -31 -33 -15 -19 -36 45 -17 -3 -23 43 42 56 44 -41 -25 -13 -30 -28 -50 51 52 -2 54 55 -52 -42 58 -58 -21 -61 -11
right_child=2 4 3 12 5 7 10 24 -10 17 29 46 13 15 -16 37 -18 34 -20 59 -22 26 -24 36 25 28 48 -29 47 30 -32 32 -34 -35 35 -37 -38 -39 -40 40 41 -43 -44 -45 -46 -47 -48 -49 49 -51 53 -53 -54 -55 -56 -57 57 -59 -60 60 -62 -63
leaf_value=-0.027116759584913882 0.0089405626770868267 0.017600665192333841 0.013150905117086917 0.0075845466559149866 -0.0065819342190041935 -0.027518342303305778 0.00045514199869539206 0.00099390948131276575 -0.040210465537758103 0.00045309935425755633 -0.0083668058805133338 -0.0037902699321215303 -0.014260663691828207 -0.013871213993947269 0.012063294087226169 -0.0032708424058832254 -0.0069013744274472573 0.0069491873070329051 -0.021842011032715356 0.0045953102222873942 -0.003774409711876986 0.0044959254491808093 -0.010274719723199231 0.013349155823370899 -0.00085950098119708823 -0.028902500395702899 0.0073717806161163486 -0.011146599053309081 -0.007024935978017348 -0.006897665055303647 -0.032881258631816436 -0.031262963392288894 -0.013860148835174481 -0.0011967444139154976 -0.016138780197191709 -0.0019959651544726904 -0.0055916809188906761 0.0041332953703094319 0.0039450667114023013 0.011192550807712739 -0.011563909008051739 0.0089225072501872855 0.0023064560170135058 -0.013897433113024119 -0.0067506870640219058 0.0026399525249549078 -0.028790037384713155 -0.02767867089020833 0.0052848669240483726 -0.001091659658851218 0.0073012723550054323 -2.1076141652659017e-05 -0.00084274300629934903 0.00095864356814990073 0.011100364794809484 0.00082569420186215685 0.0013849754097166852 -0.0036377792293754833 -0.0069737906412391821 -0.01723323270671746 -0.00052326755044560251 -0.012885268633872089
leaf_weight=41.721785221248865 138.72716800868511 16.911655142903328 17.638744577765465 306.32859873026609 102.8319127028808 22.125396063551307 23.103237606585026 109.68300453014672 6.8141677016392341 34.435642596334219 46.979820106178522 29.900607090443373 31.506889462471008 35.070552229881287 77.935896217823029 82.423431657254696 146.47480839304626 34.776987671852112 31.906693041324615 90.445254445075989 114.01371625065804 215.09340786188841 33.989422178827226 26.94020864367485 133.97897393070161 7.5355436429381362 148.53143545985222 29.303250066936016 256.84052424877882 37.656378008425236 21.061479300260544 18.263508848845959 24.469330390915275 44.055635802447796 19.064127001911402 184.55472235754132 39.459926337003708 160.56543566659093 132.34660959430039 13.405850537121294 20.085024829953909 47.231604561209679 602.92868075892329 26.687721956521273 23.613099958747625 208.99138091504574 5.054254211485385 6.407068006694316 124.91282568871975 127.0899712741375 187.39267700910568 267.80683399736881 51.277579888701439 86.565567135810852 124.47812843322754 100.19645062088966 495.6302640363574 179.31849882006645 41.195894777774811 10.146596744656561 344.21807274222374 21.121887248009443
leaf_count=233 122 97 15 297 728 93 58 1059 29 99 118 320 21 48 62 203 1414 87 19 738 280 166 159 23 61 26 54 58 2027 108 62 53 146 89 125 542 107 245 652 46 117 36 830 50 90 407 28 32 108 142 107 349 101 88 119 54 1215 290 140 75 1920 37
internal_value=0 -0.00472751 0.00202495 0.00117508 -0.00307955 -0.00395995 -0.015123 -0.00613193 -0.0107112 -0.00326978 -0.0130875 0.00288821 0.00166947 -0.00168099 0.0048326 -0.000450535 -0.00971897 -0.00425897 -0.00978272 -0.00116144 0.00209999 0.00235021 -0.0170737 0.00509375 -0.00426795 -0.0055805 0.00155668 0.000936432 -0.00812245 -0.0151954 -0.0183576 -0.0145525 -0.0212979 -0.00681436 -0.00174868 -0.00332011 0.0025081 0.00162176 0.00549231 0.00114906 0.000652622 0.000956884 0.00067594 -0.00596876 -0.000252816 0.0038628 -0.00740508 -0.00752762 0.00421953 0.00199009 0.00429393 0.00260201 0.00598528 0.00584734 0.00687434 0.00504517 -0.000659357 -0.000353528 0.000743526 0.000234384 -0.000974235 -0.00461789
internal_weight=0 1668.96 4522.26 3487.88 1455.7 1271.49 213.256 723.849 209.404 343.499 171.534 184.213 3144.38 353.622 1034.38 322.115 202.59 325.86 87.4642 547.642 2790.76 2676.75 56.1148 581.72 514.445 404.762 2095.03 1694.49 270.783 148.431 101.451 80.3892 42.7328 79.1262 238.396 203.619 275.392 242.989 149.258 1665.19 1450.1 1386.39 1339.16 63.7067 37.019 235.932 34.9549 263.248 400.534 252.003 956.444 457.812 190.005 498.633 412.067 287.589 736.23 716.145 536.826 444.81 354.365 55.5575
internal_count=17224 10236 6988 5986 9458 8361 778 4900 1695 924 545 1097 5062 606 1002 585 1666 909 155 3461 4456 4176 252 834 3205 2146 3342 3038 2085 487 369 307 199 137 754 667 537 448 749 2980 2814 2628 2592 186 136 430 348 2059 304 250 940 572 223 368 280 161 1762 1645 1355 2733 1995 136
cat_boundaries=0 23 44 66 87 106 127 147 168 169 189 205
cat_threshold=4194304 654311424 1074790400 134217856 4096 33554432 2048 1048576 0 0 786432 570425344 17174529 16384 67895298 0 0 0 1072 0 0 0 128 4096 0 16777728 0 114736 0 17 0 0 1610613764 0 0 1 0 16384 8388624 302515202 131080 128 163840 24 0 0 1 131072 0 0 0 0 0 268435456 131593 1056 1082687488 134283264 553648128 8388640 67112960 0 1157627904 0 4194368 69632 0 32768 2231369729 1 33554432 2097152 0 71303168 131072 4194304 18939904 5 1050624 8 2147483648 4198460 0 0 131144 0 64 0 0 0 0 0 0 0 0 0 0 131080 0 8912896 0 553648128 8388608 0 0 1140850688 2101248 270532608 12582912 784 128 0 134225920 2281701376 0 0 603979776 3221225488 1140850688 134218753 17825792 2048 268435456 2147483648 0 0 128 0 32 1073741824 16 9344 16416 8196 0 0 8704 1024 0 0 0 0 16777216 4195060 100663378 272629760 65536 1344274432 270532608 0 0 32768 0 184549376 2281701376 0 0 1058816 1091577344 98304 21 137363456 2048 0 2147483648 0 0 128 2364416 4096 0 0 0 16384 0 16 0 0 1073741828 0 0 1 0 0 0 525312 8 0 163840 0 135266320 0 0 134251520 2048 268435456 0 0 0 0 470272000 268451840 1140851040 167936000 1073741953
is_linear=0
shrinkage=0.05


Tree=66
num_leaves=63
num_cat=11
split_feature=67 0 3 67 0 70 0 0 55 71 58 5 55 72 57 56 65 10 67 73 67 53 50 8 0 21 3 70 0 9 67 0 32 65 20 84 81 71 44 70 9 56 3 49 38 48 20 38 58 70 70 9 70 64 0 52 73 53 57 57 57 67
split_gain=21.832 7.30595 4.86835 5.02777 3.74178 2.63076 2.36299 2.09827 4.03882 2.22152 2.18898 2.05186 2.03063 2.01047 2.03334 1.72613 2.87229 3.90728 3.42902 1.67739 1.64846 2.49383 1.61129 1.42208 2.47676 1.69921 1.376 2.45568 1.78226 1.35224 1.34928 1.19703 1.31642 1.19586 1.31509 1.12247 1.22268 1.08742 1.08002 1.76399 1.04633 1.17264 1.44622 1.15899 1.24562 1.01092 0.96038 0.953643 0.882075 0.864017 0.863637 0.855366 1.13695 0.835969 0.835413 1.1872 1.11427 1.12933 0.831845 0.820137 0.817473 0.814563
threshold=76.375000000000014 0 2019.5000000000002 10.035000000000002 1 5.3349765769252482 2 3 197.92231044763369 18.990912163769007 496.72478557913195 0.6830127018922193 5.642503739697891 4 141.04871941778018 8.0936828342995373 91.030000000000015 19.959292143521051 294.98000000000008 5 2387.3150000000005 462.23402424912098 -1.6371925451190916 2.5000000000000004 6 -1.0000000180025095e-35 2018.5000000000002 1.7305245644940304 7 -5.0000000000000018 3.0600000000000005 8 -0.5 440.76500000000004 0.6830127018922193 1.0000000180025095e-35 1.0000000180025095e-35 47.711783288671931 0.6830127018922193 8.3607855433379914 2.7554552980815452e-15 620.85885111107928 2018.5000000000002 154.68140365443375 1.0000000180025095e-35 -259.86403657735667 -2.7554552980815443e-16 -0.68301270189221941 3.6263054938564685 6.3634107398572057 6.7362293800649971 -17.753520777580984 1.3367392267788636 26.080000000000002 9 -347.39893683938368 10 152.40419402176323 -42.051951653717346 -12.121961069171261 32.846876943218398 21.030000000000005
decision_type=2 9 2 2 9 2 9 9 2 2 2 2 2 9 2 2 2 2 2 9 2 2 2 2 9 2 2 2 9 2 2 9 2 2 2 2 2 2 2 2 2 2 2 2 2 2 2 2 2 2 2 2 2 2 9 2 9 2 2 2 2 2
left_child=1 5 6 30 20 22 -3 8 10 13 -6 23 38 14 46 -15 17 19 -19 -17 21 26 48 25 59 -8 28 29 45 -28 -4 -21 -33 37 40 36 -24 49 47 -40 41 42 -35 -42 -45 -2 -9 -5 -1 -11 -29 -14 60 -37 55 -18 -56 -58 -47 -25 61 -53
right_child=4 2 3 12 7 -7 11 9 -10 33 -12 -13 51 15 -16 16 54 18 -20 31 -22 -23 35 24 -26 -27 27 50 -30 -31 -32 32 -34 34 -36 53 -38 -39 39 -41 43 -43 -44 44 -46 58 -48 -49 -50 -51 -52 52 -54 -55 56 -57 57 -59 -60 -61 -62 -63
leaf_value=-0.02632986716673218 -0.00482159093238554 -0.0076455265795514898 -0.034849021922626455 -0.015014809883786057 -0.0021464192593161086 -0.0043313474034248345 -0.011092600690442777 0.002399010890452408 -0.016617623297248137 0.0010862803938253452 0.0074308902518763174 -0.0055902446876065093 0.0050509004622385847 0.0049628652484114038 0.0056552062302449909 0.0006934751322768437 0.013000761108732557 -0.0059582696321571829 -0.043287741450679422 0.0013218590209922519 0.01022198497803394 -0.0043700209717143796 -0.039169735144986159 0.018155362029160512 -0.0022507211380904625 0.0085585555154783274 -0.0090601882175616981 0.0090298565207581269 0.011772431631940639 0.0011523209417912323 -0.016552227503672464 0.0063888676617526305 -0.011684997515730175 0.0028242081733541994 -0.0032720091472328533 -0.022223328408177825 -0.01938846094236792 0.011157306921154327 -0.024215036444040852 0.0015414341040608489 0.010677644482055637 0.0050709005486580761 -0.0072856417959383359 -0.0013546644931137256 0.007134638937602124 0.012382129246544429 -0.012039521568336136 -0.0028208147462349311 -0.011681905674669878 0.008001013390181581 0.0024922413327550519 -0.020860949955791904 -0.027119235661517402 -0.0039375790899491801 -0.0050369243991623359 0.0026509310548797379 0.00077770670902585189 0.0073348125239391278 0.0029017160273996125 0.0057994660074209255 -0.027374585804300883 -0.0059813842613320803
leaf_weight=11.733204603195189 30.37890887260437 91.719040190801024 12.406489147804676 16.722426088526845 356.37567472085357 48.861339442431927 12.176446594297884 13.716236837208269 43.002418920397758 95.958246652036905 71.657970309257507 105.38070482574403 6.3662665206938973 263.93972020596266 28.7019929215312 258.51647702604532 29.179407447576523 14.182170990854504 10.864695653319357 43.175037521868944 121.60969281196594 80.455950692296028 17.724914103746418 17.435657572001219 232.33804713562131 113.90271397680044 44.048417761921883 132.90132886171341 127.62294685840607 122.71815484017134 53.64267666824162 11.341221157461403 90.215729724615812 77.252925202250481 84.213727235794067 22.08724277839065 13.967356152832506 86.413136228919029 16.093322345986962 11.325893357396128 80.807994015514851 109.7668641358614 65.253751114010811 76.452797636389732 99.374226868152618 31.390128254890442 71.826993249356747 389.30202102288604 82.844196012243629 85.366091370582581 81.491859450936317 11.666292674839495 13.61019007489085 8.7171914130449277 67.335638254880905 549.25920289009809 1034.2589779794216 70.117221605032682 88.01567479968071 58.458566680550575 6.9088320434093466 43.469689270481467
leaf_count=56 72 1322 74 68 760 83 54 64 24 164 14 1230 42 126 34 444 49 103 11 238 55 87 75 81 2914 462 87 114 115 201 260 52 406 130 42 153 46 51 113 20 90 100 67 83 36 58 272 1174 368 24 32 141 86 28 88 979 2081 115 192 306 82 275
internal_value=0 -0.00526244 -0.00366994 -0.007001 0.0018058 -0.013794 -0.000660238 0.00113409 -0.00196877 0.00156626 -0.000543063 0.000656393 -0.00533678 0.000831113 -0.00538887 0.00113946 0.000681446 -0.00298865 -0.0221508 -0.00179843 0.00477211 0.00393988 -0.0176157 0.00218718 0.00035734 0.00666069 0.00495508 0.0030053 0.00763409 -0.00154513 -0.019989 -0.00589033 -0.00880011 0.00376774 0.00251567 -0.0238455 -0.0304518 0.00654145 -0.00397162 -0.013576 0.00347341 0.00118673 -0.00180509 0.00572124 0.00344333 0.00311418 -0.00972441 -0.00332303 -0.0134991 0.00434168 0.00654488 -0.012551 -0.0140322 -0.0170487 0.00157959 0.00311911 0.000786243 0.0011833 0.00539399 0.0076324 -0.0111614 -0.00912977
internal_weight=0 1418.86 1212.93 581.514 4749.16 205.935 631.411 3888.53 471.036 3417.49 428.034 539.692 515.465 2556.63 114.245 2442.39 2178.45 428.295 25.0469 403.248 860.633 739.023 157.074 434.311 308.232 126.079 658.567 381.16 277.408 166.767 66.0492 144.732 101.557 860.86 593.122 62.4967 31.6923 267.737 433.444 27.4192 508.909 252.274 142.507 256.635 175.827 149.785 85.5432 406.024 94.5774 181.324 214.393 82.0213 75.655 30.8044 1750.15 578.439 1171.71 1104.38 119.406 75.8942 62.0448 55.136
internal_count=17173 9513 8704 2335 7660 809 6369 6647 798 5849 774 5047 2001 5062 370 4692 4566 1254 114 1140 1013 958 726 3817 3301 516 871 434 437 288 334 696 458 787 548 302 121 239 1375 133 506 297 197 209 119 322 336 1242 424 188 146 626 584 181 3312 1028 2284 2196 250 387 498 416
cat_boundaries=0 23 43 62 83 104 105 124 142 161 180 181
cat_threshold=4194304 83886080 4 1207960064 0 33554432 8192 0 0 0 786432 320864256 2164658176 134217728 387710976 0 0 0 48 0 0 0 128 4096 0 293601792 1073741824 598032 0 1 0 0 537133568 1024 2097152 1 0 0 21 525844 8 268435456 196865 0 16 272629760 8464 65536 0 134217760 0 512 0 1174405120 1179952 8388608 14681090 134217728 2570 0 0 1280 2048 1048576 0 2 36864 0 99456 4194304 65536 2151680000 98816 1073741824 0 0 0 0 813694976 49216 541065218 16 108 0 0 2097152 0 0 0 0 0 0 0 33554472 64 0 32 2147483648 8388608 0 0 0 32768 12 58997504 0 0 2172649472 0 33792 524320 822083584 2152726528 0 0 18874880 2048 1946157056 1 2147647488 1073741844 0 0 64 0 0 16777216 0 0 0 0 0 0 262656 1024 0 0 0 0 5 0 8 0 128 0 0 0 0 2050 0 0 0 16384 0 0 8 268566528 2168459776 1 0 256 2147484680 1073741824 0 0 0 532480 16384 0 2147745792 1342186564 2048 0 0 0 2147500032 2147483648 33554656 272826386 134348928 10272
is_linear=0
shrinkage=0.05


Tree=67
num_leaves=63
num_cat=9
split_feature=0 66 0 0 48 66 5 0 8 44 51 39 26 63 51 59 8 52 66 0 65 8 50 9 30 85 70 66 0 52 52 0 0 48 71 63 22 52 53 49 84 0 60 64 8 71 55 50 50 58 71 59 47 58 70 70 59 27 8 66 66 53
split_gain=20.3983 10.1412 3.92941 2.96955 2.27289 2.13655 1.93822 2.18797 1.86562 1.84837 1.62031 1.61729 2.2729 2.6122 1.54013 1.47099 1.53428 1.36326 1.29234 1.25828 1.65971 3.28289 1.38373 1.24062 1.18739 1.99764 2.13165 1.16207 1.10644 1.07578 1.06446 2.2679 1.22992 1.16216 1.55686 1.03226 0.989648 0.988676 0.988047 0.957802 0.936206 0.988102 0.942993 0.919089 1.15588 0.905464 0.898174 0.892894 0.905013 1.7014 0.874271 0.865588 0.998115 0.891091 1.01635 0.852091 0.848271 0.838533 0.836947 0.82725 0.81579 0.812904
threshold=0 77.993333333333354 1 2 -9.3825597215644638 20.345000000000002 0.6830127018922193 3 2.5000000000000004 0.25000000000000017 26.530459662100331 1.0000000180025095e-35 -0.68301270189221941 13.381818181818184 -26.845684899758577 -397.28139728845457 8.5000000000000018 -104.70181447407145 3.3450000000000006 4 49.025000000000006 2.5000000000000004 124.1096024218498 -24.499999999999996 0.6830127018922193 1.0000000180025095e-35 1.1108875475072661 2.0283333333333338 5 -25.171364623689623 0.69570245452612423 6 7 488.39108433799169 47.711783288671931 13.381818181818184 -0.5 -253.10721091417363 360.28099213909712 1103.9685066770173 1.0000000180025095e-35 8 -85.07285487446886 10.982500000000002 8.5000000000000018 43.081482654634065 -174.21848918617718 367.5520245464337 25.833439693699336 245.31228516908695 5.499248137628693 -92.02365821762605 -210.78513381962026 641.90169817916887 1.936333199723087 0.68362127181159282 2.2451328113821103 0.68301270189221941 2.5000000000000004 771.07833333333349 59.665000000000006 -137.88580052441608
decision_type=9 2 9 9 2 2 2 9 2 2 2 2 2 2 2 2 2 2 2 9 2 2 2 2 2 2 2 2 9 2 2 9 9 2 2 2 2 2 2 2 2 9 2 2 2 2 2 2 2 2 2 2 2 2 2 2 2 2 2 2 2 2
left_child=4 2 14 15 9 6 7 35 -6 10 -1 12 13 -9 -2 17 46 39 -8 20 21 -5 28 -14 30 -26 -27 -25 -22 -10 32 56 51 34 37 -4 -13 -34 59 45 41 43 55 -7 -45 -3 -17 48 57 -50 -46 52 -21 54 -53 -43 -32 -39 -42 -18 -44 -48
right_child=1 3 5 19 8 40 18 11 29 -11 -12 36 23 -15 -16 16 38 -19 -20 24 22 -23 -24 27 25 26 -28 -29 -30 -31 31 -33 33 -35 -36 -37 -38 47 -40 -41 58 42 60 44 50 -47 61 -49 49 -51 -52 53 -54 -55 -56 -57 -58 -59 -60 -61 -62 -63
leaf_value=-0.0095324639353754816 0.010589115396368035 0.012578286008462933 0.017288336793786531 -0.040037181057417805 -0.025747671658766132 0.014866432653418488 -0.019640111032709118 -0.04735046967170075 -4.6928011154171427e-05 0.00096076428918925687 -0.029981112004284417 0.0083685463453395149 0.0093799673223144142 -0.0067630604697088469 0.00081873458985871623 0.0014321855458324408 -0.0019604819484088042 0.0032323271444468118 -0.0076211776195414709 0.0049557332247000783 0.0072198184661519775 -0.0026285570651529652 -0.0081476816674294818 -0.016446342011626841 0.0019714975397649823 -0.0017950862527228066 -0.02264752177514226 -0.005491108471668121 -0.00017342423088673368 -0.015972189010182693 0.0084814478815912041 -0.0027541526243832484 -0.003498675873457373 -0.0027418609385642077 0.0085659382209128301 0.0013564550191518415 -0.0025335033523277446 0.0031040993597955184 -0.0092704848005793986 0.016009414094635192 0.0039331711473571144 -0.0050404932680221349 -0.0020108734029613351 0.0018932394694834446 -0.0057319786409860789 0.0027315828810493886 0.010708755064534781 0.0086085563222266879 0.0010018174702010991 -0.011468886249169606 -0.031670580148850748 0.0035217302429723634 0.013161735838131334 -0.0008250273875010242 0.012298510021529228 -0.023091810330688321 0.0010824374392698365 -0.0014711426013925108 -0.0016316563629785131 0.0089839019915533697 -0.0082099490827438806 0.0049908246943044061
leaf_weight=52.720185324549675 78.357130130752921 49.82023760676384 11.26463216729462 7.7915702424943474 51.208079177886248 11.202483013272284 26.847612759098411 7.2206865008920458 12.311710195615886 35.129805754870176 11.868233251385389 28.398741370067 12.968302281573413 8.7902961224317533 83.120915440842509 146.87008574604988 57.946901828050613 84.161439619958401 133.97785392124206 89.78392268717289 51.335447140038013 23.716373767703772 45.493373312056065 26.384917839430273 95.984527662396431 30.073616027832031 20.685834534466267 293.17447722051293 294.28218761458993 76.474629851058125 81.385338112711906 264.34198263287544 74.22968490421772 112.15344276279211 100.00272487103939 104.3443496581167 77.964429692365229 1155.0899214074016 30.189313232898712 61.098570823669434 143.33667434006929 15.734806399792435 371.68068400211632 144.21433119848371 24.315494948998097 43.93661043047905 74.430774316191673 55.967769786715508 204.98654175922275 31.561665177345276 3.7495137825608245 147.01234121620655 63.097840309143066 79.171369500458241 42.525967061519623 11.184241328388451 73.921785801649094 109.65245320647955 127.8192891497165 24.59430342912674 61.912233732640743 376.9940530359745
leaf_count=235 260 61 60 47 131 17 188 14 23 106 36 34 17 145 392 154 141 96 1167 85 95 159 84 171 104 79 36 2245 604 585 180 813 175 98 56 938 369 1122 29 27 198 86 1110 811 372 45 75 39 392 35 22 264 99 53 32 48 207 97 1375 29 155 394
internal_value=0 0.00110842 -0.00202121 0.00245689 -0.0134761 -0.00274802 -0.00477952 -0.00341287 -0.0181474 -0.00826955 -0.0132899 -0.0049115 -0.0066664 -0.0250673 0.00523558 0.00490943 0.00382039 0.00835447 -0.00962757 0.00172052 -0.000820345 -0.0118793 4.95904e-05 -0.00578041 0.0021013 -0.00227086 -0.010293 -0.00639564 0.00112859 -0.0137639 0.00234808 3.50329e-05 0.00277659 0.00217884 0.00251015 0.00267724 0.000377321 0.00213895 -0.00153038 0.0111383 -0.00115458 -0.0021923 -0.00338626 0.000937804 8.65286e-05 0.00796389 0.00482858 0.00240768 0.00217651 -0.000662098 -0.0091974 0.00521523 0.00834254 0.00363003 0.00549094 -0.0125404 0.0046597 0.00270743 0.00130999 0.00130055 -0.00289603 0.0059336
internal_weight=0 6012.25 1807.96 4204.29 239.713 1646.49 731.336 570.511 139.994 99.7182 64.5884 454.902 348.539 16.011 161.478 950.042 711.025 239.017 160.825 3254.25 422.619 31.5079 391.111 332.528 2831.63 146.744 50.7595 319.559 345.618 88.7863 2684.88 419.649 2265.24 1843.64 1731.49 115.609 106.363 1631.49 112.731 154.855 915.15 643.994 460.512 183.482 172.279 93.7568 598.295 1557.26 1501.29 236.548 28.065 421.591 152.882 268.71 189.538 26.919 155.307 1264.74 271.156 82.5412 433.593 451.425
internal_count=17316 16200 10194 6006 1116 9542 5348 3993 739 377 271 2995 2592 159 652 1051 822 229 1355 4955 989 206 783 2433 3966 219 115 2416 699 608 3747 1200 2547 2014 1916 998 403 1860 199 133 4194 2621 1399 1222 1205 106 623 1685 1646 427 394 533 184 349 296 134 387 1219 1573 170 1265 469
cat_boundaries=0 23 44 65 84 105 126 145 165 184
cat_threshold=4194304 83886096 269484164 134225920 0 33554432 0 1048576 0 0 786432 33554432 17174528 2113536 35389440 0 0 2147516416 1056 0 8 0 128 0 1074823200 67108864 32 33554432 0 268435456 67108864 262144 4194304 2113536 5 0 2147483648 2097152 4198452 131073 0 131136 196608 192 4096 32 16777728 0 61568 0 4 0 0 268436992 1024 0 1 0 2147483648 8388624 46661792 0 0 32769 4 1073807360 538968064 25165824 0 134251648 32 536870912 12582912 131584 0 2147483648 2282192904 43009 288 2147483648 0 0 0 16 2096 0 0 3 32 1073750016 16384 0 327680 2684878952 512 0 0 840433664 0 67108864 536870913 0 805306370 16 32 0 0 0 0 0 0 0 0 0 0 0 0 0 34603008 0 0 0 0 268435456 16 32 1024 64 67108864 32 0 0 0 1073741824 2147614720 8658948 2048 0 0 0 0 4 0 196616 128 0 0 1140850688 16 16 16384 1 0 0 262144 0 0 0 0 16384 0 262 100728891 131072 196608 2101248 939524096 0 1 32 2621440 68608 2281701384 131072 0 16779776 1610612736 1067008 512 32 2147484170 0 0 4
is_linear=0
shrinkage=0.05


Tree=68
num_leaves=63
num_cat=10
split_feature=72 67 3 67 72 72 67 58 72 53 63 44 72 3 25 34 72 59 37 8 54 70 10 3 58 50 58 47 70 10 50 63 56 55 18 14 59 55 8 72 54 63 68 72 55 58 43 53 70 54 49 49 3 70 58 72 72 65 59 45 47 34
split_gain=16.9538 10.6464 5.53904 4.40312 2.7333 2.54183 2.53598 1.97627 2.41967 1.92094 3.77082 1.75018 1.55288 1.42499 1.35922 1.31085 1.23878 1.22709 1.32107 1.32783 1.5391 1.30061 1.41242 1.23614 1.18617 1.49222 1.27819 1.19725 1.1803 1.17751 1.1241 1.39045 1.11951 1.09702 1.22304 0.969006 0.965753 0.96983 0.94799 0.945023 0.907481 0.897207 1.37914 0.872951 1.21282 1.17372 0.868386 0.855185 2.80726 1.48076 1.02306 0.92882 1.49844 0.885064 0.854896 0.922901 0.809688 0.772853 0.736035 0.682667 0.992173 0.663183
threshold=0 47.040000000000006 2019.5000000000002 17.970000000000002 1 2 2.0050000000000003 131.31869777275577 3 106.33237039552422 147.21208333333337 0.6830127018922193 4 2014.5000000000002 -1.0000000180025095e-35 -4.592425496802573e-16 5 -608.65975070699437 -1.0000000180025095e-35 2.5000000000000004 213.34903800703484 1.494068600138956 -8.25 2018.5000000000002 5.0330159218156965 -7.7113353022077638 29.968076105563316 -13.878622750300016 1.6341567936949071 -21.825317547305477 -344.09941996791321 1656.7454166666669 34.120815871395131 -2.7215087118130619 1.0000000180025095e-35 -0.68301270189221908 179.29015945202718 -58.581871935282841 2.5000000000000004 6 0.18154925005249078 70.183333333333351 0.83333333333333337 7 343.65678145758528 961.29484656409625 1.0000000180025095e-35 360.28099213909712 1.8463062193666357 450.45615700889766 -104.66209473423611 205.85927346528658 2018.5000000000002 1.7875696943703734 9.1928656511229665 8 9 1274.5000000000002 3.0670564971072287 1.0000000180025095e-35 -40.799004474298627 1.0000000180025095e-35
decision_type=9 2 2 2 9 9 2 2 9 2 2 2 9 2 2 2 9 2 2 2 2 2 2 2 2 2 2 2 2 2 2 2 2 2 2 2 2 2 2 9 2 2 2 9 2 2 2 2 2 2 2 2 2 2 2 9 9 2 2 2 2 2
left_child=11 2 5 6 17 35 -4 8 41 39 -11 12 32 14 15 -7 -15 23 28 57 21 22 -21 -3 -14 27 -27 -26 -19 -9 -22 -32 58 -8 -35 -2 37 -37 -5 -10 -18 -6 -43 47 59 -46 -41 49 -49 50 56 53 -53 -52 -16 -56 -31 -20 61 -45 -61 -1
right_child=1 4 3 38 7 13 33 29 9 10 -12 -13 24 16 54 -17 40 18 19 20 30 -23 -24 -25 25 26 -28 -29 -30 43 31 -33 -34 34 -36 36 -38 -39 -40 46 -42 42 -44 44 45 -47 -48 48 -50 -51 51 52 -54 -55 55 -57 -58 -59 -60 60 -62 -63
leaf_value=-0.025273845675351621 -0.0035692482932952736 0.011466682846182595 -0.041505367231509938 -0.0026982141661964819 -0.013480538817811331 -0.034492411070505186 -0.010120673700486355 0.010033751114896393 0.00376302529670503 -0.027124316892012904 -0.00070934448269539829 -0.024314203117281424 0.0010342765494634248 0.00092117536281354309 0.0086534234984525834 -0.0013823900366362872 -0.021105742920732085 -0.0067634069810548333 0.0052267178154763484 0.0095826903623475977 -0.0042789319223788961 0.010030609111084625 -0.0016232402971903368 0.0036237382685827494 -0.00075574839376657185 -0.022806298670278061 -0.0067029533565341097 -0.012365885712561139 0.0036225213174040727 0.0024481890104576906 -0.0015293433237970585 0.0084346115188800169 -0.011965724894007065 -0.015413960729332999 -0.03363541903890039 0.024040825000876322 0.025375422288256202 0.0051070917061028544 -0.0085609874983871345 -0.00038555741242961734 -0.0064249824890852932 0.0069546045972735566 -0.0058852248150446642 0.0025840198103257179 -0.0075441036067980917 0.0035648491866740158 0.0023722432245868712 -0.01206055324840722 0.0038915022485396657 0.0069309605756780641 0.0023952705278298693 0.0045526874208906241 -0.0085759144519278567 0.011060848079642074 0.0042405089527695851 -0.0045300094024201707 -0.0042724029862452753 0.012801692656857565 -0.035407553269963483 0.001495425194661838 0.0083087126681850761 -0.0095902599264728761
leaf_weight=23.257702589035034 21.276542793959379 100.22204892337322 8.9400176461786014 181.85547308623791 29.6058648545295 4.9976717345416546 76.084995950572193 45.831042587757111 225.39588687196374 18.318430490791798 51.477672383189201 27.01305864751339 34.198972068727016 71.88512215949595 40.834767865017056 7.4388144575059396 11.223586250096558 58.77011014521122 82.887562111020088 43.369571421295404 94.826745539903641 98.127819903194904 79.968894995748997 100.73881589621305 54.065918985754251 30.024822480976582 20.900507537648082 37.680394385010004 51.175882160663605 57.068591833114624 81.677177727222443 61.284288302063942 29.353599957190454 41.19042453635484 11.860752632841466 7.4032171815633765 7.5694900676608077 78.254438940435648 111.05831844359636 1078.3130727168173 169.46042204275727 24.395651429891586 146.52927585318685 936.65459977090359 54.036697372794151 42.460305646061897 388.21519201248884 51.615014493465424 59.226183831691742 96.078633390367031 168.60330612957478 41.897438049316406 45.161757752299309 35.706027716398239 52.91669112443924 47.326440328732133 151.44367275387049 56.710695832967758 11.55218186881393 87.563668943941593 137.08815104886889 9.4909426607191545
leaf_count=151 198 82 40 48 287 22 372 69 546 29 163 107 80 731 63 111 36 69 95 83 103 97 185 66 76 123 30 95 39 53 94 54 61 339 56 28 16 595 1062 3519 2086 50 573 1161 87 42 420 87 43 77 287 78 41 31 615 695 347 35 67 137 173 36
internal_value=0 0.000638752 -0.00419835 -0.0083909 0.0015828 -0.000727365 -0.0157517 0.00100692 -0.000119352 0.000484049 -0.00764212 -0.0117974 -0.0109186 -0.00257743 0.00115823 -0.0146878 -0.00495006 0.00404203 0.00310869 0.0040336 0.00273554 0.00573482 0.00231711 0.00753513 -0.00693684 -0.00933375 -0.0161972 -0.00552406 -0.00192913 0.0021112 -5.78686e-05 0.00274197 -0.017203 -0.0139688 -0.0194878 0.00557228 0.0082563 0.0067435 -0.00492109 0.000822135 -0.00695214 -0.00518593 -0.00405263 0.00192638 0.00270863 -0.00265598 0.000342147 0.000489071 -0.00353683 0.00124605 0.000153389 0.00206691 -0.00225774 0.00390971 0.00255511 7.09223e-05 -0.0025205 0.00830399 -0.0245564 0.00317772 0.00565306 -0.0207286
internal_weight=0 5834.02 951.577 430.99 4882.45 520.587 138.076 3972.69 1962.25 1761.72 69.7961 277.538 250.525 406.084 153.514 12.4365 252.569 909.76 708.799 598.853 459.254 221.466 123.338 200.961 176.871 142.672 50.9253 91.7463 109.946 2010.44 237.788 142.961 73.6544 129.136 53.0512 114.504 93.2271 85.6577 292.914 1691.92 180.684 200.531 170.925 1964.6 1257.8 96.497 1466.53 706.801 110.841 595.959 499.881 291.369 87.0592 204.309 141.078 100.243 208.512 139.598 44.3008 1161.31 224.652 32.7486
internal_count=17241 16415 7113 1917 9302 5196 807 8300 5587 4677 192 826 719 4359 1506 133 2853 1002 854 746 616 365 268 148 404 324 153 171 108 2713 251 148 315 767 395 837 639 623 1110 4485 2122 910 623 2644 1600 129 3939 1044 130 914 837 437 119 318 1373 1310 400 130 254 1471 310 187
cat_boundaries=0 22 45 64 87 106 128 150 172 193 213
cat_threshold=134217728 269090976 10486784 64 67108864 0 0 0 16777216 50331648 256 134217984 8388640 4096 16777216 2147483776 65544 128 1157890048 0 0 16388 0 0 0 0 262144 0 4096 0 0 0 16781314 16 0 256 2147516416 17446 67408192 0 268435456 142606848 2097176 64 17 268435841 1049088 67108864 1 0 0 8192 0 2953838656 9734 4096 32 0 1056 131072 268435458 604504068 0 524288 0 0 0 32768 0 0 8192 0 0 268443648 521 278528 262144 134316176 1048576 8388608 4 256 2281701376 1048704 134283298 0 1024 134217728 524448 0 64 0 0 0 0 16777216 33554432 0 134217728 32 0 0 2147483776 0 0 1140850688 2692760064 17040385 0 130 0 0 0 0 4276256 32768 132096 73416704 256 0 32768 32 2147500032 0 0 0 134217728 1048577 0 0 0 786432 0 0 0 0 0 0 16384 0 65536 537001984 65544 452984832 0 0 536870912 1141375232 21495808 1111490593 0 0 0 786432 0 0 2048 0 0 67108864 33555456 96 369098752 536870912 570425372 0 536873008 0 0 73433088 21495938 40 1140850688 20 0 1024 0 0 0 0 1141506056 65624 0 16 0 0 262144 0 2 64 0 0 1 0 0 0 524288 0 0 0 0 0 67108864 1024 0 0 0 0 0 0 0 0 6291456
is_linear=0
shrinkage=0.05


Tree=69
num_leaves=63
num_cat=11
split_feature=0 67 3 67 0 72 57 0 63 58 0 59 0 49 23 65 49 48 0 58 53 0 52 56 67 65 55 0 34 44 16 3 9 63 67 56 86 60 49 71 53 0 73 34 49 49 64 63 63 33 13 9 67 63 64 67 57 71 70 56 58 67
split_gain=16.2541 9.06908 3.8759 6.07644 3.21399 2.64022 2.71039 2.48858 2.29177 2.06898 1.65066 1.57306 1.41882 1.34362 1.40849 1.3732 1.34299 1.86396 1.44927 1.59659 2.59808 1.6564 1.43459 1.39687 1.32668 1.19507 1.15717 1.56737 1.4217 1.13246 1.11444 1.09613 1.09329 1.05206 1.31227 1.04064 1.21793 0.981877 0.967442 1.13097 1.01217 0.966742 0.961061 0.944051 1.48728 0.936091 1.2959 0.98124 0.916099 0.90442 0.902736 1.01604 1.55954 1.19 1.1583 0.87412 0.901135 0.871871 0.854359 0.821523 0.79893 0.999417
threshold=0 47.040000000000006 2019.5000000000002 10.035000000000002 1 2 70.041716384401326 3 1.0000000180025095e-35 5.7869806330926368 4 -167.68640802452754 5 52.483033579693938 1.0000000180025095e-35 86.050000000000011 1587.5452700762751 1103.9685066770173 6 107.06401167302745 106.33237039552422 7 345.33937123956503 6.127992935267085 2.0050000000000003 148.06500000000003 343.65678145758528 8 1.0000000180025095e-35 0.93301270189221952 -1.0000000180025095e-35 2014.5000000000002 -6.7141016151377553 37.550505050505059 252.06000000000003 8.2541052797309167 1.0000000180025095e-35 0.90732412301861143 -220.30064197695535 -0.20434903263631035 186.31459723551117 9 10 -1.0000000180025095e-35 842.13548914702221 567.38530676645951 108.00750000000001 134.83333333333334 13.381818181818184 0.93301270189221952 0.93301270189221941 3.6739403974420599e-16 2.0050000000000003 13.381818181818184 17.042500000000004 2155.0000000000005 -58.966289446434267 1.3802198971186057 1.2965726443274199 93.599606848793726 90.722476842088625 343.88500000000005
decision_type=9 2 2 2 9 9 2 9 2 2 9 2 9 2 2 2 2 2 9 2 2 9 2 2 2 2 2 9 2 2 2 2 2 2 2 2 2 2 2 2 2 9 9 2 2 2 2 2 2 2 2 2 2 2 2 2 2 2 2 2 2 2
left_child=8 2 7 24 11 6 12 -2 -1 -10 -9 43 -6 14 15 35 17 18 31 20 21 -20 26 -23 -4 57 27 28 -21 30 -5 -7 -30 34 -25 48 -37 41 -14 60 -41 -27 -35 -3 -45 46 47 -29 -11 55 51 52 -12 -53 -55 56 -33 -13 -32 -44 61 -40
right_child=1 4 3 29 5 16 -8 10 9 13 50 25 38 -15 -16 -17 -18 -19 19 22 -22 23 -24 33 -26 37 -28 45 32 -31 58 49 -34 42 -36 36 -38 -39 39 40 -42 -43 59 44 -46 -47 -48 -49 -50 -51 -52 53 -54 54 -56 -57 -58 -59 -60 -61 -62 -63
leaf_value=-0.00024160446078027128 0.0095443837477990415 0.011830667339137679 -0.0426424744243937 -0.017575877041408946 0.0037981113136122506 -0.0086839300802017804 -0.014057182809649181 -0.0078299629150273969 -0.028845129344731657 -0.019159012690784377 -0.020416389842923582 0.0019267015408185263 0.009570182418669115 -0.027740616427461687 0.0008141053825024546 -0.0036899673403769429 -0.0044598309751961536 0.008564697549838381 -0.0056617052020532174 0.0082847959306264051 -0.012801618591844165 0.0044011412072858377 -0.0034938853426507207 -0.0036168875828349054 -0.020049631649151974 0.0023082095866789861 -0.0033825141875390681 0.0012319691650843137 -0.0051548828865651455 -0.019603755372712025 -0.0082180727199886519 0.0078847323708893507 0.0044773261133909028 0.0018966062759288829 -0.027658350997610825 -0.026450849594117448 -0.0096880093031972078 0.0036445911576303588 -0.0097272610464218482 -0.00051258600245971211 -0.014329183575803093 -0.0044220017560452716 -0.0018220664961114338 0.0015987513665591893 0.010289126949806283 -0.0032479453717105689 0.0019577867729698886 0.010907688861877231 -0.0049273653345361362 -0.0095876453730941568 0.0065466733095345397 0.0089006800911732159 -0.002943849772894999 -0.013896780716987998 0.00034370643086358276 -0.0090339251177411501 -0.00028661374363891186 0.010516662545905116 -0.0025888074559396656 0.0072117062828226143 -0.002984232108486461 -0.028376404175041454
leaf_weight=26.669813930988312 40.57986356690526 81.381526321172714 7.5707433791831127 16.043043781071901 85.260643519461155 49.150034800171852 49.681154154241085 91.860639072954655 26.518646258860826 20.414740134030581 14.089200697839258 49.577092319726944 13.41498790681362 15.461998686194418 18.086210608482361 25.11090025305748 101.66786608099937 87.772615760564804 87.230620265007019 251.87277986854315 36.778506465256214 259.98455273546278 93.072361707687378 46.753335110843182 45.847651368007064 97.846441373229027 70.599440529942513 40.127784255892038 37.439480811357498 13.203707110136746 92.003194901160896 38.92826322466135 138.21302117407322 620.84175986424088 6.46029333397746 37.341405552811921 15.265982706099747 232.31300401687622 39.844831513240933 144.77065076678991 14.591296598315237 97.750960096716881 382.2050920650363 111.34776391834021 88.255094647407532 74.540563434362411 994.60935379937291 75.509490437805653 25.34756719134748 26.419017668813467 39.210525827482343 37.299386281520128 136.49886558763683 15.695666572079061 158.26086636446416 24.478873252868652 253.14522944018245 73.089521422982216 252.07822355255485 26.940304413437843 32.726363208144903 8.7642358094453794
leaf_count=42 142 84 43 163 96 187 69 1109 152 77 71 88 18 27 45 31 66 80 245 431 99 137 226 418 339 80 91 82 59 86 732 82 214 958 21 185 71 273 328 605 11 133 1428 140 36 34 1256 83 88 107 344 91 1653 111 1796 29 693 79 524 71 104 48
internal_value=0 0.000525899 -0.00392701 -0.00747879 0.00137443 0.000805501 -0.00307079 -0.00108591 -0.0133044 -0.0159274 -0.00211185 0.0041972 -0.00155297 -0.0137458 -0.0122173 -0.014126 0.00120678 0.00136476 0.00119092 0.0015358 0.000319979 0.000657358 0.00254887 0.00110169 -0.0232516 0.00269412 0.00288306 0.00315742 0.00574262 -0.0052219 -0.0046946 -0.00165837 0.00242427 0.000319939 -0.00653559 -0.01679 -0.0215865 0.0014469 -0.00336541 -0.00422618 -0.00177764 -0.00116332 0.000674126 0.0072918 0.00544123 0.00215787 0.00254025 0.00755008 -0.0112762 -0.00069992 -0.000643512 -0.00144045 -0.0045786 0.000796503 -0.000941177 4.18374e-05 0.000802483 0.00704493 -0.004094 -0.00119796 -0.00902364 -0.0130897
internal_weight=0 6005.6 960.242 426.747 5045.36 4213.79 389.054 533.495 210.217 183.547 492.915 831.561 339.373 157.029 141.567 123.481 3824.74 3723.07 3635.3 3243.18 1467.19 1430.42 1775.98 1343.19 53.4184 550.577 1682.91 1612.31 427.525 373.328 360.124 392.121 175.653 1083.2 53.2136 98.3697 52.6074 427.91 254.112 240.697 159.362 195.597 1029.99 280.984 199.603 1184.79 1110.25 115.637 45.7623 342.971 401.055 361.844 150.588 211.256 173.957 316.552 292.073 122.667 344.081 409.145 81.3354 48.6091
internal_count=17211 16493 7204 1887 9289 8376 1279 5317 718 676 5175 913 1210 524 497 452 7097 7031 6951 5853 3377 3278 2476 3033 382 653 2250 2159 704 1505 1419 1098 273 2896 439 421 256 486 1114 1096 616 213 2457 260 176 1455 1421 165 165 911 4066 3722 1724 1998 1907 804 775 167 1256 1499 480 376
cat_boundaries=0 20 40 63 82 101 122 141 162 183 201 202
cat_threshold=4194304 67108864 1048704 134217728 0 33554432 0 1048576 0 0 524288 385875968 2164658177 134217728 84410368 0 536870912 2147520512 16 16 4096 1073741824 293601280 536887328 12432 0 17 4194304 0 268435456 32768 0 0 0 16384 12587024 302514176 33619968 0 196608 0 0 33554433 16385 0 0 0 0 2147483648 3489660928 33556008 4096 537952256 1048576 570426368 276824064 2147483648 128 0 268439552 67108868 65536 1025 0 0 16777216 0 1024 2097152 0 4194304 0 0 2097152 81920 0 0 2181038080 52 0 0 131072 0 32768 2415919104 9984 0 16777216 268435456 67108864 0 0 1174675456 2097268 33554432 1084228608 134545408 0 0 0 1376 0 0 0 16 0 0 0 0 0 0 4096 0 0 0 0 0 0 0 536870912 5 4 65632 0 0 256 134743040 0 65542 2147483648 16384 0 24576 0 0 268435456 8 33554574 8388611 268435456 65664 0 536870912 0 0 0 20480 16384 1073741824 262144 524288 0 2147483648 0 0 0 2147485696 260 32 0 0 128 0 256 0 2 32800 20480 0 0 262144 524288 3072 0 0 0 2147483648 0 4194468 67108962 268435520 32768 8 0 0 16777216 0 0 0 0 0 0 268435456 0 0 0 0 16384 0 524288 33554432 27603460
is_linear=0
shrinkage=0.05


Tree=70
num_leaves=63
num_cat=9
split_feature=0 67 49 63 3 67 72 53 1 0 0 59 70 65 71 67 8 3 63 3 67 46 0 3 68 49 0 50 65 63 73 30 57 10 70 70 65 49 1 8 64 0 0 70 47 10 91 47 76 52 70 49 48 49 52 22 3 67 54 76 3 57
split_gain=14.8611 9.2087 4.81539 4.75831 3.76257 4.85884 2.82086 2.72999 2.02195 1.94046 1.57894 1.64885 1.81463 1.51058 1.4608 1.45723 1.42804 1.38219 1.29439 2.13411 1.28385 1.61743 1.34026 1.94334 1.87345 1.44041 2.1165 1.39992 1.39634 1.25793 1.19938 2.89482 3.74023 1.63565 1.16098 1.26354 1.18515 1.1537 1.12259 1.11852 1.11452 1.09034 1.08362 1.01571 1.00685 1.02536 1.15874 1.28883 1.29121 1.00415 1.00094 0.99524 0.987485 0.965899 0.955683 0.9263 0.899941 0.895069 0.872596 0.841381 0.82919 1.01719
threshold=0 44.185000000000009 842.13548914702221 1187.4166666666667 2019.5000000000002 6.5000000000000009 1 -8.7229557902324331 11.500000000000002 2 3 -27.137796434046304 16.396012218243104 3.0300000000000007 26.191360091573191 21.960000000000004 2.5000000000000004 2016.5000000000002 373.7070833333334 2019.5000000000002 708.50500000000011 0.6830127018922193 4 2016.5000000000002 0.83333333333333337 77.871892878656965 5 225.37207612290538 599.85000000000002 13.381818181818184 6 0.6830127018922193 3.7569463546817876 -14.289419162443236 12.020789272375469 6.0003467005662783 20.040000000000003 -155.4004929622063 1.5000000000000002 2.5000000000000004 1212.8175000000003 7 8 0.15510558674151301 -30.000841312416696 21.325317547305485 1.0000000180025095e-35 -142.80800966753927 1.0000000180025095e-35 44.137130271213515 2.2389590673731123 -1.6254138189899743 -6.9827223643080334 10.774385397052942 6.9718813528527699 -1.0000000180025095e-35 2021.5000000000002 3.0600000000000005 233.67570233177767 1.0000000180025095e-35 2019.5000000000002 31.778778584014891
decision_type=9 2 2 2 2 2 9 2 2 9 9 2 2 2 2 2 2 2 2 2 2 2 9 2 2 2 9 2 2 2 9 2 2 2 2 2 2 2 2 2 2 9 9 2 2 2 2 2 2 2 2 2 2 2 2 2 2 2 2 2 2 2
left_child=2 4 3 7 8 57 38 16 9 29 11 18 14 55 49 34 -1 53 19 -8 22 37 24 25 28 26 -24 -26 -12 -2 31 33 -33 56 35 36 -7 -22 -3 -19 -39 -15 60 -40 45 46 47 -44 -49 -13 -28 -17 -38 -9 -45 -11 -25 -6 -43 -53 -35 -62
right_child=1 6 -4 -5 5 15 10 17 -10 13 20 12 -14 41 -16 51 -18 39 -20 -21 21 -23 23 30 27 -27 50 -29 -30 -31 -32 32 -34 42 -36 -37 52 40 43 -41 -42 58 44 54 -46 -47 -48 48 -50 -51 -52 59 -54 -55 -56 -57 -58 -59 -60 -61 61 -63
leaf_value=-0.0010776803681754258 0.022715877515642677 -0.0029670022451562567 -0.041164437693011785 0.017813439268886115 -0.034868593740393208 -0.0080748311167853203 -0.011928936571794262 -0.014097180166572659 -0.012675333911404983 -0.024278812205376168 0.0078332275939776447 -0.0070510340102163272 0.0048843605805472612 -0.0057711362180272166 -0.019610937132229583 -0.0019735384968772576 -0.013612436584814567 -0.025212706187536533 0.0096750486254166268 0.0035801313568258014 0.0067402206246925007 0.0098776380544891625 0.0078674301856936479 0.0020245519116062773 -0.0063635775194032422 0.0082896483450945347 0.00017872769971538459 -0.023330969314489924 -0.0054106811607304945 0.0038870201243103768 0.0011533231398638212 0.0013956596026442885 -0.031817473269293593 0.0045573868576898107 -0.00064389446906404618 -0.031775555605411246 -0.0046355255708244681 0.0019730130231189256 0.011665826791851772 -0.014871527182969467 -0.0047195742457449199 -3.9706519873944992e-06 -0.0018189914718156619 0.0045609720989367121 -0.0010759538960362248 0.0034939949521680283 -0.0037353975226947426 -0.027244644562246484 -0.010196342648318486 0.0052719790052502347 -0.010881576746940368 -0.0068430679142012273 -0.027455255620036301 0.009010543841686286 0.00042781680239110389 -0.0030699459277847259 0.011167872719418832 -0.018667565464644483 0.018977240767353205 -0.023437202018354426 0.00063799349230305607 -0.010854994088919115
leaf_weight=57.58207119256258 9.6766957491636258 59.478352569043636 13.649402141571043 13.850463867187498 14.691265375353394 84.215973461978137 31.897968731820583 11.212132966145875 35.652851060032845 12.081832353025677 37.438105300068855 143.03841753490269 37.115790270268917 89.649926220998168 21.113005921244621 190.46001081541181 37.53277947101742 47.272622168064117 37.5602116137743 72.815958708524704 112.01922728866339 72.621040016412735 89.381940085440874 111.45658970996737 47.737225759774446 129.45593680813909 176.50244638323784 16.310064986348152 42.489456906914711 106.47652806341648 1387.8703680559993 16.678625714033842 17.236694037914276 108.82785350084305 26.621552191674709 7.7148258183151475 6.6663030041381743 565.57319263368845 42.535708330571651 58.515849699266255 69.894820094108582 227.00058262050152 21.711089566349983 719.52264543995261 342.50683723576367 27.808093812316656 115.39815195277333 17.653950944542885 29.945764031261206 18.691447656601667 23.13714998587966 45.787941809743643 16.412866584025323 7.5792976543307296 173.60372921079397 8.9707731101661903 35.478582955896854 20.31289894040674 6.2208046168088904 9.1683201212435943 115.99021475762129 23.083286963403225
leaf_count=48 17 85 6 2 73 516 95 147 501 18 55 390 28 1049 27 447 254 69 46 103 102 31 262 340 162 361 1235 43 51 880 2130 62 39 285 20 23 73 455 85 385 32 2410 62 773 648 43 236 61 80 58 272 283 183 67 322 103 39 115 18 79 306 84
internal_value=0 0.000452437 -0.0118197 -0.0106108 -0.0041583 -0.00762793 0.00128118 -0.0124028 -0.00120435 -0.00031543 0.000696269 -0.00241571 -0.00519546 -0.00220051 -0.00724159 -0.00601457 -0.00602396 -0.0172729 0.00171204 -0.00114424 0.00100216 0.00275374 0.000515985 0.00076243 -0.00403277 0.00390655 0.00194331 -0.0106844 0.000792772 0.00502319 0.000210864 -0.00111907 -0.0154842 -0.000617934 -0.0100531 -0.0122311 -0.0108258 0.00206163 0.00365694 -0.0194926 0.0012369 -0.00141834 -0.00150552 0.00411709 -0.00270471 -0.00545698 -0.00680456 -0.0119145 -0.0165193 -0.00562684 -0.00105048 -0.0036839 -0.0208639 -0.00477696 0.00375758 -0.0152415 0.00423227 -0.0254671 0.00048167 -0.00961146 0.00123847 -0.0012696
internal_weight=0 6029.36 247.195 233.545 917.782 422.052 5111.58 219.695 495.73 460.077 4116.44 362.233 219.959 343.924 182.843 387.048 95.1149 124.58 142.274 104.714 3754.21 820.108 2934.1 2790.12 143.975 418.477 289.022 64.0473 79.9276 116.153 2371.65 983.776 33.9153 949.86 141.632 115.01 107.295 747.487 995.14 105.788 635.468 322.871 802.925 935.662 555.024 212.517 184.709 69.3108 47.5997 161.73 199.64 245.416 23.0792 18.7914 893.126 21.0526 146.935 35.0042 233.221 54.9563 247.901 139.074
internal_count=17274 16296 978 972 6808 1812 9488 970 4996 4495 8223 747 503 3598 475 1624 302 668 244 198 7476 620 6856 6545 311 2130 1769 205 106 897 4415 2285 101 2184 815 795 772 589 1265 454 487 3477 1805 1180 1130 482 439 203 141 448 1507 809 256 214 1095 121 379 188 2428 362 675 390
cat_boundaries=0 21 44 63 84 104 123 124 143 161
cat_threshold=4194304 16777216 1048576 134226176 0 33554432 0 1048576 0 0 786432 2147483648 17174528 1073758208 1835008 0 536870912 2147520512 1028 16 44 3145728 0 0 524288 0 0 0 0 0 0 0 80 134217728 272 2181169152 8404996 537396544 0 65536 1140867072 287375376 33570816 16 2097152 0 16777216 0 32896 2097184 553648128 146800640 0 0 538968064 16801800 1073774592 8516 2250244096 1073741844 0 0 131088 65568 135266304 1073741825 0 32896 32 16512 4194304 393216 72 0 469778432 1 17825792 0 335544320 268435456 16384 131200 0 64 270532608 536870912 128 50 21536 0 4 0 0 0 0 0 0 0 0 8390656 8388608 0 65536 1 0 64 0 0 0 16384 1024 8 0 2048 1024 0 0 0 0 37 4194304 33554542 64 37421104 0 16 4194304 16897 0 16777216 268435456 69206016 131072 0 1107296256 2103604 406847488 216009728 134283264 0 0 0 32 0 0 0 0 0 1074266112 34858 1073741824 16384 0 118784 0 0 0 0 20975744 257 369164293
is_linear=0
shrinkage=0.05


Tree=71
num_leaves=63
num_cat=8
split_feature=0 66 3 66 0 58 0 49 0 68 55 51 66 47 67 3 57 8 56 60 86 46 49 65 70 0 65 64 47 47 19 10 65 64 10 0 48 14 58 14 70 10 8 8 70 50 59 72 50 63 3 3 64 49 14 3 0 56 65 54 16 70
split_gain=13.1843 8.57643 3.60394 4.58818 3.97911 3.38034 2.6437 2.62066 2.5698 2.50962 1.79809 2.13092 1.71022 1.75435 1.7732 1.63877 1.60526 1.57144 1.47243 1.47399 1.40263 1.39046 1.33198 2.64123 1.88996 1.59101 1.59469 1.26219 1.20863 1.20535 1.26609 1.20477 1.92395 1.74007 1.61491 2.65372 1.0764 1.29031 1.0665 1.05115 1.04451 1.03791 1.0154 1.0706 0.936774 0.933424 0.929155 1.09498 1.23805 1.17598 1.33196 0.984252 1.07428 0.970766 1.17841 0.865724 1.05643 0.849705 1.34701 0.854791 0.830538 0.877988
threshold=0 77.993333333333354 2019.5000000000002 4.416666666666667 1 1269.0621170832878 2 -4.3586015649413623 3 0.58333333333333337 32.94115569507521 -35.397143544452241 13.030000000000003 -30.000841312416696 115.88000000000001 2019.5000000000002 -1.3695660933749896 2.5000000000000004 2.4175837145716144 16.184465111642258 1.0000000180025095e-35 0.6830127018922193 314.78296637090858 536.65500000000009 1.2818956882707677 4 698.27500000000009 20.050000000000004 -49.981417524845192 97.45851359946154 0.25000000000000017 15.588457268119894 1274.5000000000002 50.115000000000002 14.289419162443236 5 -2.5006223130423186 -0.86602540378443849 309.40331906989348 -0.86602540378443849 1.311658637276351 6.0621778264910704 3.5000000000000004 6.5000000000000009 0.74829426781155728 -71.837838545825363 -608.65975070699437 6 472.95255481307703 367.13333333333338 2015.5000000000002 2016.5000000000002 120.51750000000001 154.68140365443375 0.50000000000000022 2013.5000000000002 7 52.267163835942831 77.00500000000001 623.86900743201147 1.0000000180025095e-35 1.936333199723087
decision_type=9 2 2 2 9 2 9 2 9 2 2 2 2 2 2 2 2 2 2 2 2 2 2 2 2 9 2 2 2 2 2 2 2 2 2 9 2 2 2 2 2 2 2 2 2 2 2 9 2 2 2 2 2 2 2 2 9 2 2 2 2 2
left_child=5 2 4 44 21 7 16 18 22 -5 12 -12 27 14 -14 17 28 -9 -1 39 -17 -2 25 -24 -25 26 -3 36 -6 30 -18 34 33 -33 35 -10 37 -11 -35 -20 -13 -29 -27 45 -4 -44 -37 48 49 50 -48 57 -53 54 -51 -8 -57 -49 -59 -60 -15 -62
right_child=1 8 3 9 6 -7 55 15 31 10 11 40 13 60 -16 20 29 -19 19 -21 -22 -23 23 24 -26 42 -28 41 -30 -31 -32 32 -34 38 -36 46 -38 -39 -40 -41 -42 -43 43 -45 -46 -47 47 51 -50 53 -52 52 -54 -55 -56 56 -58 58 59 -61 61 -63
leaf_value=-0.0023018093616214786 -0.0078138126938966882 -0.0093309724720314572 -0.029981523230943431 0.0014176401451326244 0.024823814900539209 0.0099325623306350651 0.0028417545691566226 0.0048176617532869693 -0.00781709714743117 -0.029478611773784077 -0.0019155115883068123 -0.017721568816727613 -0.0063265607598210517 -0.0026623015931265793 -0.025575480350959023 -0.030549802869711221 0.0033892927836537846 -0.019430769666155197 -0.029517407434157174 -0.0032006348334669174 -0.014116243477172417 -0.033188805481091273 0.014306830546430938 0.0091415384977153943 -0.00090196572156708637 0.0063119129900383241 0.0022503830064602203 -0.027523494358586833 0.0092659149151617329 0.013163017227047647 -0.01568120983574545 -0.0092696472998559185 -0.012000496818876979 -0.0007821489748342825 0.012805491354853583 0.0051987039059055978 -0.0034334990925118866 -0.0086650514558500071 0.0051598257712314787 -0.013570003420093067 -0.04016887466069452 -0.0049860647894572419 -0.0084832438525208765 0.0060348233643689872 -0.014810790344863121 0.0025135620122904039 -0.015221284763239504 -0.0054153827836587246 -0.011186901682554148 0.0096261180201699867 -0.0014868266874342049 0.0034241715615624954 0.00075380213028382846 -0.001230276711709596 -0.00083387748542395441 0.0026030347770321493 -0.0027494580927519621 0.017774464773450158 0.005139620080281071 -0.0047966356370041556 -0.0041965009533102508 0.010083820142918472
leaf_weight=55.397922663018107 107.57207702100277 47.336114853620529 16.001914469525218 182.68696129322052 19.202976197004318 17.722327709197998 182.66660704091191 11.018659880384805 65.287266403436661 9.889593752101062 16.708598200231791 15.231696182861926 59.027700828388333 356.4140691049397 15.005768772214649 36.341371104121208 37.241029214113951 16.974056201055646 12.613706755451856 30.004005750641227 20.202449753880501 5.6839384697377673 89.496914386749268 89.236243963241577 98.592250049114227 270.77958419919014 79.88418547809124 15.682211936451496 35.674124836921692 21.447218015789986 11.35743162781 46.655825451016426 37.627691566944122 252.89481546729803 31.868310838937759 180.86981580406427 66.627808480523527 30.139778101816773 107.66546335816383 57.145867926999927 7.8547501452267161 7.5764836426824322 37.745598927140236 60.168348640203476 27.947458527050912 39.480708301067352 19.467131830751896 20.147245895117521 26.891591839492321 70.663014188408852 189.38248527795076 527.29267092049122 1318.1346228271723 93.530789911746979 43.502585232257843 121.05314874276519 313.24482308700681 19.861485797911882 255.60107761994004 23.647334724664688 17.620357440784574 27.659260274842381
leaf_count=108 1213 92 178 117 44 8 1620 43 71 60 70 161 381 973 53 98 187 208 54 85 44 24 47 64 49 162 109 214 150 60 29 76 44 449 11 186 146 226 96 258 19 103 62 95 84 68 129 208 54 100 484 611 1792 86 73 782 3252 43 679 26 122 64
internal_value=0 0.000629057 -0.00232987 -0.00459153 -2.3426e-05 -0.0107226 0.00134217 -0.0126971 0.00186394 -0.00375604 -0.00522042 -0.0155158 -0.00454394 -0.00315546 -0.0102281 -0.0197801 0.0076909 -0.00988596 -0.00883815 -0.0124677 -0.0246783 -0.00835003 0.0043716 0.00723788 0.00386965 0.00296856 -0.00190877 -0.00962828 0.01471 0.00328975 -0.00106747 0.00123527 -0.00118311 -0.000183562 0.0016123 0.00148732 -0.00732685 -0.0138072 0.00099216 -0.0164536 -0.0253589 -0.020182 0.00442704 0.00103452 -0.0203344 -0.0028613 0.00172697 0.00149283 -0.000771576 -0.000117701 -0.00276703 0.00195124 0.0015168 0.00254634 0.00564036 -4.54867e-05 -0.00126091 0.00452359 0.00519305 0.0042982 -0.00185194 0.0045267
internal_weight=0 5870.93 1727.22 872.074 855.143 257.42 741.887 239.698 4143.71 828.125 645.438 39.795 605.643 475.727 74.0335 84.5365 124.923 27.9927 155.162 99.7636 56.5438 113.256 812.72 277.325 187.828 535.395 127.22 129.916 54.8771 70.0457 48.5985 3330.99 444.844 407.216 2886.15 2854.28 106.657 40.0294 360.56 69.7596 23.0864 23.2587 408.174 137.395 43.9494 77.2263 2788.99 2608.12 443.438 416.546 208.85 2164.68 1845.43 207.696 114.166 616.965 434.298 319.257 299.11 279.248 401.694 45.2796
internal_count=17204 16298 10332 2971 7361 906 6124 898 5966 2709 2592 250 2342 1593 434 393 470 251 505 397 142 1237 748 160 113 588 201 749 194 276 216 5218 665 621 4553 4542 432 286 545 312 180 317 387 225 262 130 4471 4285 926 872 613 3359 2403 259 173 5654 4034 956 748 705 1159 186
cat_boundaries=0 23 42 62 83 103 124 146 165
cat_threshold=4194304 83886096 1048704 134217856 0 33554432 0 5767168 512 0 786432 2415919104 17174528 16384 786432 0 0 2147520512 268435456 0 192 0 128 0 524288 272629760 8962 5120 32 134217746 0 0 0 100663296 536871168 343932928 148898818 65536 0 0 0 1384 0 1074823168 67108864 0 98336 2621440 0 67108864 0 0 2195456 150994948 0 0 2265055232 572 1 65536 0 196608 4096 0 1358954496 16 114816 32 16 0 16384 805307392 0 0 1 0 16392 8388608 34079776 64 134217728 163841 40 0 0 16777216 0 128 0 0 0 0 0 0 0 0 0 0 8388608 33554432 0 0 131072 0 0 0 0 0 0 0 0 65536 0 0 0 0 0 2147483648 0 536870912 0 0 0 20 0 0 2684354560 0 0 0 0 0 0 268435456 16779264 64 1141112832 35344 2 8389632 603987985 384 0 268992512 80 8388688 65536 32 8388609 1073741825 167772160 2048 285213696 2147483648 0 0 20988416 69238784 0 16781953 1048576 1073743874 0 0 131072
is_linear=0
shrinkage=0.05


Tree=72
num_leaves=63
num_cat=11
split_feature=66 0 0 0 70 0 55 24 66 70 67 0 66 49 1 58 26 14 0 8 52 0 58 23 65 70 49 73 63 43 1 60 0 8 67 85 71 12 0 0 64 71 67 47 53 55 58 49 56 52 65 49 55 64 26 14 53 56 55 64 65 48
split_gain=11.4518 4.54026 4.18134 3.17385 2.413 2.15304 2.07372 1.87729 1.83177 1.76038 1.75728 1.83864 1.60191 1.49463 1.38353 1.32833 1.26634 1.22644 1.20919 1.06912 1.06849 1.06245 1.11539 1.05724 0.984667 0.977856 0.944777 1.16635 1.27038 0.977991 0.913071 1.07036 0.90353 1.63285 2.39046 1.58923 0.900426 1.22375 0.899312 0.886867 0.870185 1.36828 0.932408 0.939717 0.855555 1.2708 0.853292 0.819477 1.2141 0.818334 1.44792 0.802294 1.16572 1.33712 1.22225 0.985129 0.739127 0.73512 0.723077 0.77547 0.703952 0.79345
threshold=21.736666666666668 0 1 2 2.1427302310035761 3 -3.3141827251184037 0.93301270189221952 158.04000000000005 8.9435469926258797 294.98000000000008 4 297.10833333333341 -5.515618932882469 9.5000000000000018 5.7869806330926368 -0.93301270189221908 -0.68301270189221908 5 4.5000000000000009 384.71952679462612 6 472.08236122836729 -1.0000000180025095e-35 64.040000000000006 2.2779266377159759 -155.4004929622063 7 515.19000000000017 -1.0000000180025095e-35 10.500000000000002 356.49594071825504 8 6.5000000000000009 1260.2300000000002 1.0000000180025095e-35 52.707640247270426 0.6830127018922193 9 10 1335.3350000000003 30.45080649826615 1393.6200000000001 158.98369514576669 -14.6908075009174 -7.0234095865442372 54.072607040158502 -642.17951605045153 620.85885111107928 -122.73262427227948 715.29500000000019 30.906805827054033 1.5393233614874924 17.600000000000005 -2.7554552980815443e-16 -0.25000000000000006 13.751343353027723 40.609401661485258 141.80082062435534 366.84500000000003 1500.7750000000003 345.61876078023676
decision_type=2 9 9 9 2 9 2 2 2 2 2 9 2 2 2 2 2 2 9 2 2 9 2 2 2 2 2 9 2 2 2 2 9 2 2 2 2 2 9 9 2 2 2 2 2 2 2 2 2 2 2 2 2 2 2 2 2 2 2 2 2 2
left_child=1 9 6 4 46 15 32 16 10 17 11 13 14 38 -8 -3 -7 -1 24 51 26 30 -23 -19 -10 -15 58 28 -28 -29 31 -13 -2 35 -35 -34 37 49 -5 -31 42 -42 43 -14 -25 -46 -4 -26 -49 -21 -51 52 54 -54 -18 57 -57 -55 59 -20 61 -41
right_child=2 5 3 8 -6 7 12 -9 18 -11 -12 21 40 25 -16 -17 19 23 20 36 -22 22 -24 44 47 -27 27 29 -30 39 -32 -33 33 34 -36 -37 -38 -39 -40 60 41 -43 -44 -45 45 -47 -48 48 -50 50 -52 -53 53 55 -56 56 -58 -59 -60 -61 -62 -63
leaf_value=-0.025076617604963814 0.0038257593094528624 0.019444419156711159 0.0052269815569989438 0.005689545475799869 -0.018847192068458318 0.007679889624839723 0.0078005381202741406 -0.028019276835154441 0.0080621043117068327 -0.0018273903827755662 -0.010874659976398644 0.0035238533587036852 0.0067072607237040728 -0.0066607289675850462 0.020907153874952136 0.0011280311259700194 -0.011721590322012041 -0.02968937406683398 0.0074183153527388555 -0.027912744415489372 -0.005213068714793238 -0.00043286588484222764 -0.014221332993539591 -0.02697457413666567 0.0069161050404603509 -0.019610592807808948 0.0018264800409060773 -0.0045188967026760342 -0.0081044156977988727 0.0069314044225437105 -0.0044679523020873021 0.019397015622403761 -0.01267625728791176 -0.0026063543518539574 0.018614318145797573 -0.00075049428578598384 0.013580243786123634 -0.035453636231411977 -0.0045682556776467228 0.0018496864125492861 0.007811604829001644 -0.0014146474907385852 0.010567032811982457 -0.0022321963116620331 0.0029136722271360456 -0.013019726672091128 -0.007410910525896857 -0.00038594920008949533 -0.0065694519327553855 -0.007600340121453073 0.022947877354983843 0.0068545873703921541 -0.026760702829196722 -0.0088637475165696082 -0.0014006002286965585 -0.0058418335600763493 0.007495819328853905 -0.025514385900893062 0.0098574899530652019 0.0017829622026706413 -0.0025562163176942815 0.0063635035550431004
leaf_weight=27.756639052182436 177.63360524177551 10.741594504564999 21.591293856501579 21.294066064059734 38.251049928367138 21.869088662788272 58.810369659215212 8.3445302657783014 31.951814979314804 27.476656712591648 42.393841028213501 192.18833935819566 109.67212677001953 34.151639312505722 30.617168538272381 126.10164407920092 31.471701595932245 8.8593963198363763 88.912005960941315 4.7840913962572804 50.429673135280609 1096.5816817954183 14.865669392049311 8.2304463256150466 31.622262328863144 25.434007253497839 66.119998693466187 54.343569274991751 62.778435438871384 89.991624295711517 33.848745949566364 11.241653814911841 37.06209322810173 31.17064007371664 23.110193029046059 113.44027911871672 4.9378308504819861 3.9879020303487769 62.790064390748739 1106.4439527466893 65.507380068302155 103.9568235874176 98.853867560625076 40.163748413324356 15.352585544809697 67.68665256164968 35.019262859597802 514.87076162546873 93.852445840835571 191.67558621056378 3.9590501636266699 18.948115151375532 9.0683067142963392 24.533891892060637 323.96556663699448 41.662947233766317 13.837026864290236 9.0829521976411325 54.083735108375549 194.7868969887495 81.404377833008766 106.75118940323591
leaf_count=182 111 30 104 45 144 85 93 60 30 45 71 917 143 169 59 1068 60 44 106 32 101 3968 37 74 22 95 73 97 33 79 163 24 100 89 33 165 15 12 392 1416 61 72 76 69 55 393 61 929 80 2924 6 150 36 155 867 203 100 44 29 228 45 75
internal_value=0 -0.00485963 0.000977075 0.000319606 -0.00827369 -0.0032747 0.00407323 -0.00438147 0.000534771 -0.0125048 -0.000836442 -0.000551291 0.00621391 -0.00573129 0.0122878 0.00239106 -0.00416346 -0.0157767 0.00133751 -0.00454328 0.00196049 4.26731e-05 -0.000611783 -0.0131987 -0.000496809 -0.0121884 0.00216061 0.00164386 -0.00279352 0.00204654 0.00300901 0.00440101 0.00133842 -0.000959135 0.0064284 -0.00368728 -0.00751782 -0.00802748 -0.00183714 0.00231901 0.00491492 0.00215181 0.00679778 0.00431102 -0.011598 -0.0100739 -0.00259081 -0.000931638 -0.00133932 -0.00748176 -0.00698214 -0.00322558 -0.00364663 -0.00846921 -0.00231446 -0.00660791 -0.00251654 -0.0133626 0.00455916 0.0035491 0.00192994 0.00224687
internal_weight=0 1004.33 5147.99 4257.99 94.8616 848.972 889.998 712.129 4163.13 155.362 1534.79 1492.4 507.581 143.67 89.4275 136.843 703.784 127.886 2628.34 681.915 1956.05 1348.73 1111.45 100.129 672.297 59.5856 1905.62 1567.83 128.898 1438.93 237.279 203.43 382.417 204.783 54.2808 150.502 209.344 204.407 84.0841 1384.59 418.154 169.464 248.69 149.836 91.2697 83.0392 56.6106 640.345 608.723 200.419 195.635 472.571 453.622 98.1851 355.437 89.1168 55.5 33.6168 337.783 283.699 1294.6 1213.2
internal_count=17244 6640 10604 9533 309 5847 1071 4749 9224 793 5881 5810 573 701 152 1098 4689 748 3343 4604 2282 5109 4005 566 1061 264 2181 1818 106 1712 1104 941 498 387 122 265 2989 2974 437 1615 421 133 288 212 522 448 165 1031 1009 2962 2930 1615 1465 538 927 502 303 199 363 334 1536 1491
cat_boundaries=0 19 39 60 83 104 125 146 147 164 182 202
cat_threshold=4194304 117440512 1048580 134226624 0 0 8192 524288 0 0 67895296 52428800 17174528 134217728 84672512 0 0 0 32 4096 0 285213184 16464 81920 32 8209 67108864 0 536871424 0 2097152 0 134217728 0 1082130448 34079376 1 128 229376 0 0 128 0 0 0 134217728 0 0 4194304 524288 2147483648 0 0 0 268435456 536870912 2147520512 65540 16 128 1073741824 0 25165824 0 1152 32 268435456 146800640 393216 0 2097152 2147778689 32769 41764 2097152 4096 0 0 131088 0 128 0 128 268437504 128 2160066561 0 524432 33554432 262274 1048576 0 8 32768 1476395008 0 41959424 32768 4198400 0 16384 1024 0 32 2084 352 2692743168 32 144 20480 0 0 327680 2155874344 4096 0 0 0 0 67108868 8388610 67239936 4325376 0 4 65536 1879048224 67108864 1 32 0 4096 1077936128 262144 0 16793600 262144 18432 2952790016 268435456 5 65 268435520 536870984 0 64 141316 4096 0 512 0 0 0 1 0 0 536871424 0 2097152 0 0 0 0 524816 0 0 0 0 0 0 0 0 0 0 32768 1342177280 0 0 0 4194304 0 16384 0 0 67108864 0 0 0 0 0 0 0 0 0 0 0 0 0 4194336 32 268435456 1
is_linear=0
shrinkage=0.05


Tree=73
num_leaves=63
num_cat=9
split_feature=72 66 3 66 0 0 57 67 49 67 66 8 0 0 60 66 3 67 53 65 51 49 8 0 66 60 67 58 56 57 60 71 51 60 53 80 72 64 18 46 51 49 54 57 63 58 50 53 64 0 77 1 50 8 50 50 71 0 65 71 51 49
split_gain=11.164 6.36436 3.65826 5.08036 2.84458 2.73183 2.20299 2.33538 1.69835 1.75287 1.5849 1.52246 2.31365 1.47466 1.45111 1.35924 1.34966 1.30885 1.24428 1.33263 1.21773 1.1912 1.1456 1.12944 1.11319 1.13659 1.18345 1.08348 1.8085 1.07973 1.21789 1.06236 1.05468 1.2045 1.18221 1.04735 1.03713 0.975048 0.909923 1.70549 0.903655 0.89005 0.873173 0.972967 1.1949 0.849183 0.810765 1.30964 1.31642 0.79604 0.769063 0.768046 0.755048 0.734297 0.727627 1.27118 0.723907 0.717153 1.35715 1.50357 1.69227 0.979342
threshold=0 65.111666666666679 2019.5000000000002 3.6800000000000002 1 2 274.38949246032979 592.16500000000008 5.0133504811652676 101.02500000000002 19.363333333333337 2.5000000000000004 3 4 787.77067755342796 1.0583333333333333 2018.5000000000002 36.500000000000007 -380.0986768635716 207.08000000000001 -8.8933740509080099 111.71989211555162 4.5000000000000009 5 37.990000000000002 -70.367442946102656 119.42000000000002 6.8695559749380672 1.4395701204685651 26.931859601665977 -7.7420284311365739 -0.12495266804041717 -7.9990284336622244 39.860963160298034 0.96590552384866879 1.0000000180025095e-35 6 395.70500000000004 1.0000000180025095e-35 0.93301270189221952 -16.511477136374747 -11.866835687555854 0.29289610777998121 -2.373453742038429 17.828333333333337 156.79321005226313 683.41814418729871 -112.717595995743 993.46000000000015 7 1.5000000000000002 7.5000000000000009 55.17019066711881 8.5000000000000018 -161.59091952949981 -69.90522910150527 1.3802198971186057 8 1500.7750000000003 39.982519289699411 -272.37307609276615 -86.544341231533295
decision_type=9 2 2 2 9 9 2 2 2 2 2 2 9 9 2 2 2 2 2 2 2 2 2 9 2 2 2 2 2 2 2 2 2 2 2 2 9 2 2 2 2 2 2 2 2 2 2 2 2 9 2 2 2 2 2 2 2 9 2 2 2 2
left_child=20 2 4 15 27 16 14 -8 13 10 17 54 31 -5 23 -4 18 -10 -3 -20 21 36 -18 29 32 -26 -27 28 -2 30 -7 -13 33 34 -15 42 -1 -21 46 -40 51 -33 -22 -44 -45 49 47 48 -25 -32 52 56 -29 -12 -6 -56 -24 -49 59 60 -59 -62
right_child=1 5 3 8 11 6 7 -9 9 -11 53 12 -14 24 -16 -17 22 -19 19 37 35 -23 40 38 25 26 -28 50 -30 -31 45 41 -34 -35 -36 -37 -38 -39 39 -41 -42 -43 43 44 -46 -47 -48 57 -50 -51 -52 -53 -54 -55 55 -57 -58 58 -60 -61 61 -63
leaf_value=0.0032728134050872756 -0.01036709952985914 -0.001756444741043196 -0.038658661522394805 0.0062022879568200181 -0.0064983087716805679 -0.0029191836079475145 0.00095945030650262096 -0.016625311116610683 -0.011879333675778281 -0.025087741784591867 -0.0025098943115294432 -0.00079267057502023649 -0.0015457941985414841 -0.0082055946026541177 0.0070317698178053931 -0.016685209154857768 0.0047741555636934699 -0.039260511121099122 0.015881821522349498 -0.00030600065012282695 -0.0029214937108311295 -0.019624612589250297 -0.00031435286054921013 0.0038072978443185177 -0.010900873847357814 -0.00025584800223105847 0.01075704284662847 -0.0075834934377650362 0.01690537793966997 -0.0056637057572603913 -0.0051095735637121812 0.017049145649894206 -0.0024824875565575629 0.001799140089106541 -0.024883949500518143 -0.025513854020576265 -0.0077901305919947754 0.0073715006330589338 0.00034839102624375075 -0.010325308260060199 -0.0049036135867709177 0.0060472582783477327 -0.0092154253713257004 -0.027415454510644022 -0.011888639700783039 0.0064205476648059173 -0.0034011509071530666 0.0036763518974035981 0.013600159193069797 0.0031196122265330448 -0.025686615854098389 -0.0021939461676643507 -0.02900911114560753 -0.01309194172745088 0.018415024224365414 0.0049148167995499157 0.0088628002476490268 -0.0081774564272493171 -0.005321377341843847 0.0067738744170613143 -0.0026881076969622634 0.0017687743398479721
leaf_weight=30.531474098563194 14.054231449961664 42.691141471266747 9.1083357129245979 39.800112500786781 11.350681580603121 179.98325411602855 39.536105871200562 36.140226721763611 22.801103410311047 13.563581887632607 112.17869567498565 32.68530710414052 398.38982184045017 106.46201823651791 102.97948633134365 30.960320278070867 235.68129062652588 5.3975905291736117 39.949695229530334 48.847046375274658 20.667758408933878 14.260912731289862 37.257147029042244 211.39326881244779 18.624264996498823 107.00917342677712 31.597156789153814 64.966269826516509 10.71164242364466 107.61933333426714 39.705936033278704 28.244626449421048 293.85641167219728 27.199598871171474 11.802899928763507 17.052025958895683 43.652443642728031 269.62119069695473 482.83350206166506 40.569465085864067 70.553838580846786 52.651859246194363 48.912461070343852 23.262730838730931 26.513570185750723 87.953565709292889 71.427659995853901 324.56137849390507 40.968216985464096 62.014151208102703 7.6072229407727709 64.793485306203365 4.3897955156862727 19.19925688393414 19.931379053741693 139.31640138849616 50.771872729063034 48.81566459685564 78.166994914412498 121.25249749422073 137.6423720009625 1179.3598535209894
leaf_count=32 31 71 50 57 28 324 85 31 277 49 139 263 4424 446 70 182 145 26 60 82 63 11 89 362 78 205 39 803 94 189 118 117 804 68 74 59 271 307 942 53 151 288 190 167 211 72 64 460 25 165 78 93 48 276 95 746 59 62 65 86 260 1899
internal_value=0 0.00062341 -0.00202798 -0.00430121 0.000434408 0.00164343 0.000993932 -0.00743838 -0.00344098 -0.00783161 -0.00636488 0.00161824 0.000278826 -0.00224637 0.00118929 -0.0216802 0.00414562 -0.0171204 0.00631263 0.00727374 -0.0104931 -0.00639011 0.00234246 0.00100211 -0.00286596 0.000696386 0.00225469 -0.00698149 0.00142869 -0.00123039 2.70142e-05 0.00626336 -0.00420614 -0.00768814 -0.0098701 -0.0139226 -0.00384595 0.00619392 0.00139083 -0.000478938 -0.00022318 0.00988852 -0.0122666 -0.0142237 -0.019145 0.00282269 0.00183922 0.00201395 0.00539707 -0.000288241 -0.0105949 0.00193764 -0.0089396 -0.00405633 0.00573271 0.0066045 0.00497869 0.00156217 0.00109331 0.00143785 0.000964137 0.00130298
internal_weight=0 5886.95 1633.86 849.561 784.299 4253.09 3392.92 75.6763 809.492 173.14 159.577 682.57 511.972 636.352 3317.25 40.0687 860.167 28.1987 401.109 358.418 224.853 88.4448 459.058 3214.27 596.552 157.231 138.606 101.729 24.7659 477.276 369.657 113.582 439.321 145.465 118.265 136.409 74.1839 318.468 2736.99 523.403 223.376 80.8965 119.357 98.6888 49.7763 189.674 2213.59 2142.16 252.361 101.72 76.9633 152.823 69.3561 131.378 170.598 159.248 88.029 1889.8 1565.24 1487.07 1365.82 1317
internal_count=17178 16174 9785 2770 7015 6389 5332 116 2538 767 718 5961 5092 1771 5216 232 1057 303 520 449 1004 314 537 5146 1714 322 244 1054 125 868 679 668 1392 588 520 690 303 389 4278 995 392 405 631 568 378 355 3283 3219 387 283 929 241 851 415 869 841 148 2832 2372 2307 2221 2159
cat_boundaries=0 22 41 61 81 97 118 140 159 180
cat_threshold=134217984 655520 67109888 576 0 0 0 0 1094713344 36 264 536870912 8388640 0 16777216 8388608 131088 0 1141112832 0 16777344 16388 0 0 272629760 134234898 65536 32 134217730 5242880 512 0 100925440 536871168 0 14681216 134316032 8 0 0 1312 4096 0 3506438656 16 5248 1073741856 262160 0 0 262148 0 0 1 0 0 8388624 46662272 65552 128 163840 0 1074790400 67108864 1073741825 33587200 524288 285212672 2147483648 262144 0 18907136 1275199488 2516647936 16777216 131072 18 0 0 80 196608 0 33554432 0 0 0 0 134217728 4194304 0 0 0 603979776 0 0 268435456 4096 32 524288 0 0 134234112 20480 17408 0 196608 4194401 16384 0 0 35127296 16384 33554432 278 0 4390978 5 16 0 0 0 0 0 0 0 0 0 0 0 0 0 0 16777216 8388608 16 0 0 0 16777216 16388 0 524288 0 0 134217728 0 16384 0 65536 4194304 0 0 0 1048576 0 0 0 0 2 1032 0 67108864 32 16 8192 3 0 16384 8704 2048 0 0 0 0 5 96 67108867 268435456 256 8
is_linear=0
shrinkage=0.05


Tree=74
num_leaves=63
num_cat=9
split_feature=0 66 0 71 3 66 60 0 0 72 59 0 0 10 57 67 56 0 67 64 1 54 18 0 70 65 56 51 22 53 22 55 53 71 46 56 51 54 65 48 65 57 59 37 57 67 57 53 67 10 28 71 1 66 56 50 53 55 70 37 3 70
split_gain=10.1251 5.93868 4.8399 2.92556 2.06631 3.36577 2.58464 2.59095 1.84327 1.81366 1.86466 2.66931 2.12525 2.06718 1.77204 1.73113 1.69183 1.67251 1.6084 1.59386 1.51678 1.56099 1.48499 1.47163 1.46438 1.31233 1.13048 1.08878 1.07199 1.23926 1.02414 1.00041 0.960052 0.95715 0.940617 0.940325 1.39384 0.935207 0.925824 0.917947 0.889114 0.877041 0.849092 0.895725 0.889739 0.90073 0.838405 0.820657 1.1536 1.44402 0.969849 0.815448 0.756802 1.93693 0.753934 0.720129 0.711197 1.12354 0.989077 0.929424 0.705372 0.701007
threshold=0 153.66666666666669 1 61.216852730897216 2014.5000000000002 10.016666666666667 -109.64313503385227 2 3 4 -41.367802194928217 5 6 12.250000000000005 129.18902421768524 280.35000000000008 892.90705223371106 7 5.2150000000000007 993.46000000000015 1.5000000000000002 963.39018537853167 0.6830127018922193 8 1.1818197361917229 296.09500000000008 2.4175837145716144 -331.52664385641782 -1.0000000180025095e-35 186.31459723551117 0.6830127018922193 9.506903975814291 31.751501527110243 8.463326388382443 0.6830127018922193 724.83920768772043 -331.52664385641782 150.78959525205718 966.35500000000013 8.9227111642690691 518.31000000000006 29.987200222229081 7.2134324866573483 1.0000000180025095e-35 -12.812350094019576 189.40000000000003 -1.2031384787600514 -31.619691660569302 158.99500000000003 -4.5005769868665222e-15 9.1848509936051497e-17 0.29016519269386781 7.5000000000000009 1.0583333333333333 451.49657244492431 -170.61377772865239 -47.939122520928265 59.647016908876523 1.6810339838135573 -1.0000000180025095e-35 2013.5000000000002 1.1706094738572868
decision_type=9 2 9 2 2 2 2 9 9 9 2 9 9 2 2 2 2 9 2 2 2 2 2 9 2 2 2 2 2 2 2 2 2 2 2 2 2 2 2 2 2 2 2 2 2 2 2 2 2 2 2 2 2 2 2 2 2 2 2 2 2 2
left_child=3 2 14 22 17 8 24 33 46 16 12 19 13 51 42 23 25 34 -10 40 37 56 28 26 -7 41 -9 38 -1 32 31 -20 39 -8 -4 36 -27 -13 -14 -30 -12 -3 44 -44 -2 -46 -6 50 -49 -50 -25 61 -19 -54 -29 -42 57 58 -22 -58 -55 -11
right_child=1 9 4 -5 5 6 7 15 18 10 11 20 27 -15 -16 -17 -18 52 30 -21 21 -23 -24 47 -26 35 -28 54 29 -31 -32 -33 -34 -35 -36 -37 -38 -39 -40 -41 55 -43 43 -45 45 -47 -48 48 49 -51 -52 -53 53 60 -56 -57 59 -59 -60 -61 -62 -63
leaf_value=-0.0041487177900740614 0.012538810090844421 -0.0018756519555127448 -0.0045662532779006245 0.0089477446592397935 0.0045253428665577846 -0.0052818073607871956 0.0027594195523634752 0.01035479306478141 -0.017485230170376457 -0.0017614393356247501 -0.0070238170533106874 0.00016209371065625564 -0.0058999415252318707 -0.0015902549562726378 0.019892540469232972 -0.013929085757229702 -0.011615614033533735 0.0054182930276396478 -0.0054541713148242204 -0.013170021458218842 0.0010919588359238929 0.0092180839666059187 -0.027394897695617145 0.0030905194022914596 -0.018233852215687314 -0.0062066883629969018 -0.0084334609709138583 0.0028426068771103029 -0.011314161174673232 -0.03052062909756206 -0.023562426424935883 -0.018037564847985171 0.0028069668250900251 0.012798886463420948 -0.026417354927823569 0.0094802567503850261 0.002611202490430052 -0.0091867231411139234 0.0026616366722477594 -0.024009086230427069 0.0054243537408192044 -0.011141335018747133 -0.0034986260634462009 0.0074918176652390509 0.00015366445960418682 0.011369135602874258 -0.0054630493395834163 -0.0012505641918693479 -0.014670718506980613 -0.0018762068025220753 -0.0063287299579121315 0.011547218817073246 -0.029017076970336998 0.0040821299654789081 0.0082222147340633277 -0.0040210464534623158 -0.0041901245813093036 0.011856809098658813 0.0066910378666071753 0.0017723990180908194 -0.005123822553111175 0.0095443227755236462
leaf_weight=46.239870298653841 44.64200247451663 158.68112248182297 52.199772242456675 18.164301514625549 42.131528864614666 64.237983696162701 167.9065348803997 8.5740563832223398 54.207872858271003 24.284005865454674 52.57182140648365 67.460537135601044 63.45101572573185 46.991862565279007 19.952068299055099 30.193251341581345 33.719611406326294 163.79668210446835 152.20804301463068 41.355654627084732 237.01348711550236 81.614731818437576 14.507729806005953 176.61916267126799 33.051388572901487 55.441140703856945 120.90660463646054 618.10486206412315 119.60729495808482 9.2968200445175153 9.5804623560979945 17.624007007107139 10.587389240972696 27.650626394897699 5.4380788058042517 36.092995285987854 233.81542034447193 44.328643232584 62.85687492787838 16.163945928215981 46.270131543278694 30.437943875789642 53.327675592154264 28.418271854519844 55.577066589146852 26.408283188939095 41.904540812596679 824.51400349196047 37.706410873681307 53.121061835438013 32.330747455358505 178.67134685814381 5.4443133343011132 76.265269111841917 72.799351587891579 35.786951392889023 71.191265523433685 39.37808121740818 118.21468490362167 797.54067901521921 28.614464096724987 31.490305379033089
leaf_count=211 111 266 589 9 315 276 613 13 311 53 76 109 70 63 46 27 31 1149 907 31 391 60 51 579 89 51 1000 838 691 8 65 168 41 59 29 21 391 51 42 102 57 60 191 55 173 47 400 3416 80 173 147 160 35 705 40 50 62 44 118 859 218 62
internal_value=0 0.000484194 -0.00137492 -0.00990365 -0.00208681 -0.00273364 -0.00178771 -0.00126861 -0.00742911 0.0018771 0.00239876 0.0013359 0.00400014 0.00770734 0.00542018 -0.0020821 -0.000752111 0.00154393 -0.00952974 -0.00433813 0.00203715 0.00251628 -0.0119436 -0.00181341 -0.00968191 -5.47079e-05 -0.00667389 0.00259733 -0.0108333 -0.0128191 -0.00765722 -0.00675999 -0.0116947 0.00397564 -0.00564798 0.00187062 0.000921098 -0.00354507 -0.00163929 -0.0128255 -0.00194736 -0.00336693 0.00429454 0.000322107 0.006859 0.00376628 -0.000406939 -0.00118375 -0.0018397 -0.00718776 0.00163308 0.00989968 0.00314736 6.10134e-05 0.00340945 0.001305 0.00208333 0.00384354 0.00295525 0.00128378 0.00157046 0.00462182
internal_weight=0 5734.12 2454.55 234.567 2226.23 1894.47 1576.81 1479.52 317.656 3279.56 2731.38 1632.73 1098.65 281.438 228.325 1283.97 548.188 331.759 233.62 175.985 1456.74 1344.95 216.403 1253.77 97.2894 514.469 129.481 817.212 201.895 155.655 179.413 169.832 146.359 195.557 57.6379 325.35 289.257 111.789 126.308 135.771 134.629 189.119 208.373 81.7459 126.627 81.9853 84.0361 1124.29 915.341 90.8275 208.95 234.446 274.121 110.324 690.904 82.0571 1263.34 394.606 355.228 868.732 104.88 55.7743
internal_count=17155 16042 11986 1113 11363 8638 6472 6107 2166 4056 3236 1908 1328 338 623 5435 820 2725 1451 214 1694 1534 1104 5408 365 789 1013 990 1053 842 1140 1075 834 672 618 463 442 160 112 793 183 326 577 246 331 220 715 4395 3669 253 726 275 2107 958 878 107 1474 553 509 921 923 115
cat_boundaries=0 23 44 61 80 101 121 141 160 179
cat_threshold=0 32784 536871040 0 0 33554432 134217728 0 0 0 34340864 50331648 3506835457 1073741824 786432 0 0 2147520512 805306402 0 0 0 128 0 1342177280 67108864 1073741824 33620096 0 268437504 1073741824 262144 4194304 2162688 4 0 0 0 4198428 4195728 0 64 229376 64 0 67108864 4194304 134217728 33840 0 1040 67108864 0 8388608 20480 337641472 0 150995072 337641516 2147484160 101 4194304 134217728 16777216 0 1024 0 536870912 6815744 131584 0 339738624 2147483808 205520896 12321 35717120 0 0 0 131072 0 0 2147483648 16384 0 0 0 0 0 0 318767104 4096 1200717824 16779264 2181038080 192940032 536871936 128 0 4096 16973824 0 0 67108864 0 134340608 0 4 0 0 0 0 0 0 0 2147483648 0 0 4325376 0 131072 0 0 83886080 0 57344 0 4 0 0 0 0 0 0 0 2147483648 75497476 33554432 4325376 128 131072 2097152 192 20971520 8193 5136 32 0 0 0 0 536870912 229376 0 1152 32 0 0 0 20 272629760 3145728 2155872256 0 0 0 16384 8 0 0 134220800 3221307393 202391552 10485760 0 2048 0 32 66564
is_linear=0
shrinkage=0.05


Tree=75
num_leaves=63
num_cat=15
split_feature=72 67 3 67 48 59 72 60 72 72 72 72 67 72 44 55 67 63 38 1 1 60 68 72 64 68 73 71 72 3 3 49 52 60 72 45 72 47 72 43 49 24 72 73 67 54 49 67 70 64 47 54 46 3 51 49 70 50 51 49 9 47
split_gain=13.9413 5.43677 2.98838 4.76183 2.50723 2.49387 2.77235 2.41148 2.35782 2.00508 1.77747 1.74559 1.44957 1.42529 1.46126 1.48351 1.29186 1.25979 1.25178 1.17911 1.17003 1.16656 1.14669 1.14487 1.12783 1.21856 1.10989 0.94177 0.915595 0.902431 2.58993 1.05447 0.849419 0.844233 2.34897 1.38779 1.23287 1.11649 1.33196 1.15187 1.22115 0.912152 0.975659 0.907175 2.31521 0.839926 0.82032 0.810513 0.878395 0.804432 0.803965 0.797544 0.790755 0.788792 0.774117 0.773046 0.982349 0.764473 1.01641 0.780206 0.755928 0.762552
threshold=0 53.040000000000006 2019.5000000000002 10.035000000000002 -108.72067860765917 -608.65975070699437 1 46.768503161429429 2 3 4 5 1314.075 6 0.93301270189221952 4.1826710921650641 2.0050000000000003 98.417424242424246 -2.7554552980815443e-16 1.5000000000000002 11.500000000000002 -38.735121872819398 0.83333333333333337 7 1487.9400000000003 0.83333333333333337 8 -0.88094620481512298 9 2020.5000000000002 2019.5000000000002 -123.14184886113105 0.69570245452612423 -10.088077990338865 10 -1.2500000000000004 11 2.6582785470002244 12 -1.0000000180025095e-35 135.98684325412506 0.6830127018922193 13 14 126.12000000000002 0.4642976385637641 -240.26110383303157 31.355000000000004 3.6655356586108807 26.080000000000002 -130.24747240471962 2.3310064887745612 0.25000000000000017 2012.5000000000002 -4.0632464741366769 190.55441577414931 1.9707303648800731 53.061473407032942 -62.870179007584518 -161.99758963810172 -3.7500000000000013 -31.830950029321915
decision_type=9 2 2 2 2 2 9 2 9 9 9 9 2 9 2 2 2 2 2 2 2 2 2 9 2 2 9 2 9 2 2 2 2 2 9 2 9 2 9 2 2 2 9 9 2 2 2 2 2 2 2 2 2 2 2 2 2 2 2 2 2 2
left_child=4 2 8 16 -1 9 17 10 -2 -3 18 21 22 -5 15 -15 -4 -7 -6 26 23 -8 -11 49 25 -19 -13 28 -25 30 -28 -31 -23 34 -21 -36 55 38 -37 -40 60 42 -38 44 -44 -20 -39 48 54 -10 -24 -30 -17 -45 -12 56 -35 59 -59 -27 -41 -62
right_child=1 5 3 13 7 6 11 -9 20 12 47 19 -14 14 -16 52 -18 24 45 33 -22 32 50 27 -26 57 29 -29 51 31 -32 -33 -34 36 35 37 41 46 39 40 -42 -43 43 53 -46 -47 -48 -49 -50 -51 -52 -53 -54 -55 -56 -57 -58 58 -60 -61 61 -63
leaf_value=0.0022608859279362606 -0.0071365413630622007 -0.00078509810773152273 -0.037126736596233501 0.0036136357725009304 -0.0018921088776655201 -0.011824199367884763 0.00050733749504671983 -0.023967670013668899 0.021582929321624408 0.0092447129260409457 -0.004096484378387358 0.0020013175150521345 0.0098183207711907191 -0.0029274437376862941 -0.021623535592153274 -0.0097110192153766154 -0.015751459081760476 0.0036656975768392555 -0.007891855259203745 0.0034242047550262717 -0.0079787142426521289 0.0064568404089887892 -0.0044787297973262327 0.0027016454096633756 -0.011734285815429055 -0.0079526750017538447 -0.0061839095997107225 0.0023894701141287103 -0.017675032658959679 -0.0015796627587823899 0.016329195643060568 -0.013699685687374764 -0.00012365915819660884 -0.0014677160280622114 0.008346313123889117 -0.0088426063852080142 0.0046840152641853885 0.010164839752869317 -0.012536004468519752 0.0027525686317364669 -0.00780038790208595 0.0054996745461605295 0.00026913132246561078 -0.0041722562735215111 -0.022749119927769911 -0.023312975008860894 0.00010675573666663763 -0.0019173823034450716 0.00036093958207496961 0.0065366543903226902 0.005390698760658022 -0.0043233885224917374 -0.028347193911611165 0.001871437141006977 -0.024392459824681592 0.0030284892087069082 -0.011936789777281586 -0.0016506311569378148 -0.013464437736663129 -0.00017710030862419079 -4.4518581785520526e-05 -0.0060078322729108635
leaf_weight=28.135067023336887 91.198290385305882 123.01917669922113 8.1510827951133233 54.2005595266819 9.9636150635778886 35.537797056138515 168.71481728553772 44.612625539302826 11.15963890403509 47.359238959848881 7.0949678998440548 87.907362654805183 189.26300275325775 304.97206236701459 12.554583918303249 46.464696693234146 53.223705007694662 93.019235037267208 10.4741636486724 331.96766030415893 31.716687833890319 331.9423877261579 50.609834641218185 40.320809045806527 27.954697638750076 38.697100758552551 59.342434681952 277.51715968176723 14.523387363180516 29.099403209984303 16.279398117214441 46.821827216073871 57.539951477199793 218.89413102343678 33.320448845624924 77.894635416567326 250.60521492362022 24.404156871140003 24.55153046362102 130.48074451833963 63.882946968078613 193.0309190377593 49.560937877744436 56.438400309532881 14.012793853878973 56.242192152887583 119.71882998198271 66.233246359974146 10.178696785122154 43.548457391560078 34.83878929913044 48.654216531664133 6.4866772741079322 1243.4844150338322 13.907254183664918 83.749737687408924 24.962601188570261 37.82457509636879 35.103161804378033 193.98654154315591 167.35726273991168 78.873755820095539
leaf_count=36 1060 72 45 91 82 294 291 80 28 61 57 146 124 966 90 428 346 134 33 581 413 389 75 428 26 73 267 2535 92 37 55 85 137 539 35 167 447 25 98 369 85 73 390 192 49 273 378 210 23 252 51 592 53 1741 92 96 51 86 86 359 500 228
internal_value=0 0.000568169 -0.00270517 -0.0055721 -0.0113297 0.00126835 0.000911196 -0.0135961 -0.000210744 0.00483671 -0.0109384 0.00133585 0.00679736 -0.00369071 -0.00472921 -0.00426875 -0.0185903 -0.00272055 -0.0162977 0.000906323 0.00126608 0.00391023 0.00300404 0.00196807 -0.00202592 -0.0013451 -0.00247486 0.000849111 -0.00319912 -0.00488136 -0.00133743 -0.00905427 0.00548467 0.00116319 4.2321e-06 -0.0015969 0.00173457 -0.00210229 -0.00314058 -0.0019536 -0.00140825 0.00223895 0.00186287 0.00130047 -0.00415149 -0.0208919 0.00180988 -0.00457684 -0.0116938 0.00812138 -0.000454804 -0.00638245 -0.011994 0.00159676 -0.0175361 -0.00108295 -0.00253939 -0.00287024 -0.00733711 -0.00147024 -0.000324263 -0.00195471
internal_weight=0 5936.74 1044.69 486.053 246.842 4892.05 4446.96 218.707 558.639 445.09 174.094 3984.84 322.071 424.679 370.478 357.923 61.3748 462.123 76.68 3426.64 467.44 558.197 132.808 435.724 426.585 398.631 239.45 381.016 103.498 151.543 75.6218 75.9212 389.482 3187.19 1052.45 720.484 2134.74 687.164 543.041 465.146 440.595 1807.13 1614.1 1363.5 63.5737 66.7164 144.123 97.4142 31.1809 54.7081 85.4486 63.1776 52.9514 1299.92 21.0022 327.606 243.857 305.611 72.9277 232.684 376.712 246.231
internal_count=17197 16311 7419 2019 886 8892 8509 850 5400 383 770 7451 311 1628 1537 1447 391 1058 388 6634 4340 817 187 3927 764 738 590 3647 1112 444 322 122 526 6044 2466 1885 3578 1850 1447 1280 1182 2892 2819 2372 439 306 403 382 172 280 126 684 481 1933 149 686 590 604 172 432 1097 728
cat_boundaries=0 22 45 67 88 107 130 152 169 170 191 212 234 256 278 279
cat_threshold=134217728 302514336 8520704 64 4194304 0 0 0 16777216 20480 268435712 671088640 32 32768 587268096 0 16 256 3288596480 0 0 2052 0 0 538968064 16384 0 0 8192 0 0 268435456 33554952 4160 8716288 134218240 0 8404992 603985920 0 16777216 4224 100663316 4096 1024 0 4325376 4 768 67371008 0 24576 0 1115695104 8352 3162128 1032 0 0 0 805306368 16384 0 32768 0 0 540673 0 0 0 0 0 0 16384 0 0 0 16777216 1056 0 0 0 35840 0 0 0 0 8 134217728 524448 0 64 4194304 0 0 0 16777216 0 0 671088640 32 0 536936448 0 0 256 262144 0 0 0 0 0 0 16384 0 64 67108864 4096 288 0 268435712 2147516420 1042 2097216 0 671154176 67109376 2884616 16384 273 0 1048576 2101248 0 262144 0 0 0 8388672 0 0 262144 0 64 1048576 0 8 0 268435456 0 0 2 0 1048576 2147483648 1 0 0 2048 0 2415919104 34308 4096 0 0 32 0 0 3020423172 25166912 67109632 532 0 2 0 0 0 0 203019264 131072 0 33554480 512 64 0 0 0 0 524288 0 512 3145728 0 2147483648 593920 0 0 0 0 0 0 16777216 0 136314880 17893392 1048 100663296 1056 0 0 1077315584 16777218 0 0 2147483648 561152 0 0 0 0 0 1073741824 131072 33554448 1048576 17893396 18 67108896 9217 128 0 2392064 0 16 0 0 0 0 0 0 0 0 0 0 3072 0 117440512 0 0 128 524288 0 0 4194304 4259968 64 1048577 0 0 262144 0 0 0 0 0 0 0 132096 1409286144 131200 0 2180 0 0 0 4326400 272760832 96 133248
is_linear=0
shrinkage=0.05


Tree=76
num_leaves=63
num_cat=11
split_feature=0 67 8 72 59 60 0 3 24 0 54 0 64 67 66 0 58 56 54 10 55 45 0 67 9 55 10 58 58 60 56 14 58 9 0 52 67 0 49 53 59 50 60 49 58 54 8 55 47 0 39 16 71 0 54 56 50 70 71 66 58 38
split_gain=8.90323 5.02232 2.24938 2.19969 2.46103 2.30708 2.08292 2.04856 1.67602 1.67102 1.61445 1.46929 1.54122 1.39576 1.94339 1.21081 1.28766 2.86528 1.17475 1.13867 1.12173 1.07745 1.04091 0.980374 0.977522 1.83597 0.946641 1.18066 0.946148 0.941593 0.921492 1.05105 0.90063 0.883349 0.861928 1.04159 1.68577 1.28216 0.856519 0.849464 0.892291 0.829443 0.828359 0.954817 1.15429 0.822428 0.8139 0.80447 1.21509 0.776053 0.975536 0.761205 0.758994 0.712043 1.27502 1.17559 0.815876 0.695154 0.67516 0.671225 0.71512 0.645375
threshold=0 51.380000000000003 1.5000000000000002 1 -275.69640563998081 -33.105878168734272 2 2016.5000000000002 0.93301270189221952 3 30.912467421116954 4 1276.0125000000003 6.5000000000000009 1.0000000180025095e-35 5 1269.0621170832878 670.12108316759327 3.924307875875146 14.289419162443236 222.2104945453097 -0.93301270189221919 6 2.0050000000000003 -3.5000000000000013 5.642503739697891 14.289419162443236 151.01645856867609 9.1928656511229665 787.77067755342796 2.8830399199700771 0.93301270189221952 961.29484656409625 1.7757378587636622e-15 7 51.288360504315143 2387.3150000000005 8 -304.38995295310605 12.301224107841934 -4.1786446404077919 425.16946343858865 -848.50352709314518 -399.50264703156023 734.81069575102504 82.331327772951013 2.5000000000000004 36.290673556926969 69.490797879747092 9 -1.0000000180025095e-35 1.0000000180025095e-35 3.0623156137183405 10 706.16465724512966 416.28507614755756 246.34607594657874 6.0003467005662783 -0.75600974313435565 878.08333333333337 275.41824419030621 -0.68301270189221941
decision_type=9 2 2 9 2 2 9 2 2 9 2 9 2 2 2 9 2 2 2 2 2 2 9 2 2 2 2 2 2 2 2 2 2 2 9 2 2 9 2 2 2 2 2 2 2 2 2 2 2 9 2 2 2 9 2 2 2 2 2 2 2 2
left_child=2 7 -1 4 19 38 -4 9 13 18 -7 12 -12 14 -9 16 17 26 -2 32 33 -11 28 -16 25 58 27 -5 -15 30 -17 34 -3 -13 41 42 37 -37 -6 40 -26 -32 -36 44 -44 -33 -20 52 -49 -23 -51 -40 61 56 55 59 57 -45 -8 60 -55 -24
right_child=1 3 6 15 5 10 24 8 -10 21 11 20 -14 22 23 29 -18 -19 46 -21 -22 49 47 -25 39 -27 -28 -29 -30 -31 31 45 -34 -35 35 36 -38 -39 51 -41 -42 -43 43 53 -46 -47 -48 48 -50 50 -52 -53 -54 54 -56 -57 -58 -59 -60 -61 -62 -63
leaf_value=0.00491233433208194 0.0210463618699544 0.0074097740787756926 -0.02052198302179388 -0.0025608412119126778 -0.0098391341277292467 0.012696292796632418 -0.014531972222009623 0.0008451111238912594 -0.025845005348328481 0.010905595596858456 0.0017829370906728048 2.9925745840791968e-05 -0.0094166334555841839 -0.0027590595248045253 -0.031019592280526444 0.0037422876576999145 0.0096419148299898734 -0.021348356892725764 0.012565702191876943 0.0017189867943694177 0.013170462009873344 0.0012127927129943763 -0.010213988553440027 -0.012780073723290259 -0.00028557888333148715 -0.02637405425508145 -0.0091318036319845315 0.0055017854679877271 -0.014582961392074767 0.0051485616812757297 0.0026185319926736641 0.00091828304746302601 0.014917000204666096 0.0075091099573670805 0.0065051351615226672 0.0027940112484685429 -0.017195434158612917 -0.0040112082778694649 0.00105233824476408 0.00099868917280074971 -0.010812347766763057 -0.0037551394726715059 0.000828320257915932 0.0039731344224647686 -0.013019509412354314 0.0075511299341487733 0.0015602015519263972 -0.021019575528540106 0.0015378027361593438 -0.024441402895810264 -0.0045402480732356825 -0.007714914039455581 0.0063210678518916021 -6.7055379839492204e-05 -0.010009644307215886 0.0047690896013339755 -0.0050164806716211001 -0.0034984442813738529 -0.0012778544113677221 0.0048918163259473509 -0.0039408463173130339 -0.0018410636221856333
leaf_weight=26.025866715237498 11.965729515999554 139.31870806217194 40.231965482234955 187.25148608349264 37.27550033479929 45.486738622188568 16.777699047699571 25.558459673076868 8.7343654688447696 15.249755609780548 134.08314746618271 76.843091800808907 39.847865626215935 28.857707755640149 9.0686197290196997 260.76637707278132 21.528202772140503 19.910447627305984 22.520195260643959 60.634562805294991 40.814557462930679 74.8316161762923 24.169221952557564 39.2687504934147 28.629018889740109 17.604998279362917 37.494080137461424 59.940639585256577 40.896514249965549 133.78046864271164 601.07872062176466 91.612285684794188 56.013366907835007 81.191798508167267 54.240345299243927 98.109362170100212 18.821014404296875 192.30690199136734 95.069733820855618 39.746302225627005 67.814741807989776 55.781338974833488 30.703199159353971 300.36563378386199 29.513870622962713 95.402697563171387 66.130153447389603 13.598415026441218 10.641923522576688 6.5233903694897881 109.88172818906605 33.475626677274704 27.278253922238946 1410.2933755852282 31.243731766939163 129.23456266522408 33.218027606606483 34.730903346091509 22.484963181428611 62.489066809415817 130.13002916425467 481.61851447913796
leaf_count=19 74 138 59 617 91 52 65 60 58 49 180 118 43 240 87 85 10 19 194 64 38 1016 207 330 98 52 103 96 463 105 1075 350 48 99 43 288 18 685 169 49 293 78 49 855 73 155 752 90 45 67 999 39 179 2936 17 57 66 85 126 33 84 2535
internal_value=0 0.000598826 -0.0086946 0.00125607 0.00357388 0.00182488 -0.0105853 -0.00260137 -0.0040777 0.000810326 0.00380347 0.00271837 -0.000740337 -0.00380647 -0.0103059 0.000772919 -0.00211115 -0.00301115 0.00576764 0.00770453 0.00550408 -0.00179753 -0.00304055 -0.016202 -0.00708458 -0.0129575 -0.00172867 -0.000605767 -0.0084762 0.00102574 0.000877845 0.000658106 0.00956254 0.00387242 0.000445967 2.65392e-05 -0.00269396 -0.00175416 -0.00316591 -0.00515249 -0.00768751 0.00204612 0.000401198 0.000250152 -0.00595884 0.00430192 0.00435597 -0.00216919 -0.0111165 -0.0029045 -0.0052081 -0.00123082 -0.00180302 0.000425546 1.06429e-06 0.000181639 0.00239285 0.00319875 -0.0069416 -0.000188223 -0.000394301 -0.00224117
internal_weight=0 5976.79 259.316 4960 840.055 584.088 233.29 1016.79 709.691 307.103 418.267 372.78 173.931 700.956 73.8958 4119.95 326.125 304.597 100.616 255.967 198.849 206.486 627.061 48.3374 193.058 56.8677 284.686 247.192 69.7542 3793.82 3660.04 3399.28 195.332 158.035 3212.26 2555.4 309.237 290.416 165.821 136.19 96.4438 656.86 2246.16 2191.92 60.2171 187.015 88.6503 557.306 24.2403 191.237 116.405 128.545 533.066 2131.71 1763.39 1732.15 368.315 335.097 39.2627 1602.91 1540.42 505.788
internal_count=17267 16506 761 9061 1079 829 742 7445 4294 3151 530 478 223 4236 477 7982 845 835 1020 250 255 2131 3759 417 683 243 816 713 703 7137 7032 6947 186 217 6442 5289 991 973 299 440 391 1153 4298 4255 122 505 946 3056 135 2082 1066 208 2921 4133 3127 3110 1006 940 191 3053 3020 2742
cat_boundaries=0 21 44 65 84 105 126 145 164 184 203 222
cat_threshold=0 117440528 536871040 134217728 16 33554432 0 1048576 0 0 786432 2164260864 134615040 1073758208 1572864 0 536870912 2147532800 134217728 17 4 0 0 0 786432 0 0 6144 0 0 0 33556480 272 33554432 131072 33587200 8437780 536870960 128 536870912 76546560 458760 16384 256 0 0 128 134217728 0 33554432 0 0 0 0 0 0 393216 0 0 0 0 0 0 0 4 1073741824 2097152 8388608 0 1024 0 33554432 212336640 131072 0 403701760 20580 1099776 66 2147745792 20 0 0 16 0 0 16777216 16 29696 0 0 0 0 0 0 0 0 0 0 16 4194304 2 128 4 8 4128 0 1 2 0 2080 114722 4194304 196608 2151677960 0 1140867072 0 17301504 0 0 193 0 268435460 131328 192 4194304 136347648 0 16384 0 0 33554432 94371840 0 0 134217728 536871012 1090519040 134250496 327680 0 0 0 1024 2147484672 0 3221225984 16544 34111616 532480 8208 8 262144 268435461 7680 0 0 2147483648 2147483648 5 0 131072 541065216 0 224 67108864 0 0 0 0 1073741824 2147483648 9184352 0 0 0 0 0 128 16777218 0 0 32768 2097152 32768 16777216 67108865 65536 0 16777216 16777216 512 0 3758096384 1714200 16777216 12852 98304 1073741824 0 0 64 65540 1073741824 75497472 257 0 2113536 4 0 16384 512 16850944 0 0 0 16416 522 2 104923208 65538
is_linear=0
shrinkage=0.05


Tree=77
num_leaves=63
num_cat=3
split_feature=66 3 67 66 68 24 59 67 37 56 46 54 68 53 10 66 73 3 53 73 71 55 53 50 67 56 10 9 56 10 17 8 73 67 3 87 63 58 50 8 9 65 10 50 29 52 54 67 40 8 50 51 3 3 43 43 28 32 67 77 3 55
split_gain=7.76137 2.421 3.30959 1.9158 1.70896 1.51478 1.46998 1.44089 1.41683 1.91978 1.39354 1.22465 1.13311 1.70716 2.3434 1.26301 1.69173 3.68821 3.7043 1.62187 1.71578 2.08014 1.23486 1.20432 1.14804 1.12942 1.10881 1.10819 1.10238 1.06907 1.06221 1.08172 0.948936 1.5278 1.01336 1.57354 0.944373 1.00552 0.941174 0.895873 0.939748 0.877832 0.837079 0.828561 0.939035 1.16124 0.805163 1.28325 1.07388 0.856636 1.04047 1.21835 1.93372 0.984261 0.777622 0.791146 0.77276 0.797666 0.72958 0.728474 0.727464 0.724645
threshold=28.02833333333334 2016.5000000000002 7.3500000000000005 1.0000000180025095e-35 0.58333333333333337 0.6830127018922193 930.76407668818501 2.0050000000000003 -1.0000000180025095e-35 0.66403802257620093 0.93301270189221952 2273.8948688753958 0.83333333333333337 -122.68301937926765 18.093266739736606 218.67750000000004 0 2019.5000000000002 106.33237039552422 1 1.6027034517402641 10.553916650569056 -254.6777114948147 72.432774518053137 271.12500000000006 68.130115773204565 14.722431864335457 7.6471143170299749 670.12108316759327 -22.499999999999996 0.93301270189221952 2.5000000000000004 2 1344.3550000000002 2012.5000000000002 1.0000000180025095e-35 175.07939393939395 151.01645856867609 271.98092897692322 7.5000000000000009 -11.379165124598851 2711.9500000000003 11.750000000000002 27.988800551114469 1.8369701987210299e-16 278.89484825938058 1.5408007968830992 56.105000000000011 0.6830127018922193 4.5000000000000009 -8.5694810660644958 2.049960785085148 2019.5000000000002 2019.5000000000002 -1.0000000180025095e-35 0.25000000000000017 0.6830127018922193 0.25000000000000017 793.47500000000014 1.5000000000000002 2020.5000000000002 -1.1034637598747861
decision_type=2 2 2 2 2 2 2 2 2 2 2 2 2 2 2 2 9 2 2 9 2 2 2 2 2 2 2 2 2 2 2 2 9 2 2 2 2 2 2 2 2 2 2 2 2 2 2 2 2 2 2 2 2 2 2 2 2 2 2 2 2 2
left_child=1 8 3 -3 -4 30 11 -5 9 -1 -7 12 13 22 28 16 23 38 19 36 21 24 -2 42 -21 -16 41 -22 39 -17 46 -32 33 -31 35 -34 -19 -38 -18 40 60 -8 -14 44 45 56 61 48 49 50 -48 -52 -53 -51 -45 -56 57 -36 -58 -33 -15 -6
right_child=6 2 4 7 5 10 26 -9 -10 -11 -12 -13 15 14 25 29 17 18 -20 20 27 -23 -24 -25 -26 -27 -28 -29 -30 32 31 59 34 -35 43 -37 37 -39 -40 -41 -42 -43 -44 54 -46 -47 47 -49 -50 53 51 52 -54 -55 55 -57 58 -59 -60 -61 -62 -63
leaf_value=-0.040431924685908033 0.0012547409127778482 -0.0003737036262254121 0.00045546941504201292 -0.030994977496927076 -0.0023657830593031663 -0.0080942908773733776 0.0059579556011685447 -0.013421715912211621 0.0014726940123623534 -0.0048100576238522229 -0.03487350776871944 0.0077878325294386194 0.0018980562461228007 -0.00038830727482542864 0.0044195573023213981 0.0069351293679817032 0.0021242323437167861 0.0013128425261277419 -0.021102024424418046 -0.0069069273603861213 -0.0053105090082563649 -0.030826535706169368 0.0093892446254770015 0.013287295119543477 -0.021407578534153128 0.018373666328253626 0.011093569305106618 0.0068311788221747001 -0.0054936684670785912 0.0019618679686760759 -0.034296610019553732 0.0035043239056873339 -0.016183328974830408 -0.0094574757612537058 0.0026430351478132007 0.00065142779462697424 -0.0092966587981415556 0.0015918103955320038 -0.0066083926107119058 0.0043033893547683869 0.0010136805146615763 -0.0032698998162489288 -0.0032273174542987136 -0.007952324064142249 -0.0024312374500036114 -0.0045013918036956998 0.00064536722824382997 -0.02123174043821156 -0.024204871130236089 -0.0033359645529748624 -0.0030209674866975658 -0.0009484857351241536 -0.027693656002730261 -0.011759850618367103 0.00063602490665198982 -0.0071054870802077777 0.0032050594885409491 -0.0018826110525812041 0.011717691006666755 -0.020089151815119735 -0.009417444878639188 0.0078190248630949609
leaf_weight=4.2254879400134078 75.148587200790644 24.664255760610104 191.64713037200272 13.75664230622351 134.17063305992633 12.73505659773946 71.166981466114521 76.698643648996949 284.30665554106236 36.063413647934794 7.8542140647768965 62.380407840013504 419.37496574595571 49.685791663825512 30.84609404578805 74.465980410575867 371.26086671277881 163.02877658605576 33.350453596562147 98.074907625094056 73.47253799252212 11.981562579050658 123.04519893974066 20.478325266391039 15.856533423066137 27.364941976964474 58.953818082809448 25.251937791705132 67.89359450340271 59.528903812170029 5.729642495512965 6.5691013578325492 21.375710219144821 57.66227251291275 1076.2487776130438 39.585488677024841 54.781662605702877 34.591353248804808 33.651296548545361 176.85351433604956 632.91937878355384 40.403745993971825 98.34367037191987 31.972700066864491 114.85653237998486 60.327970720827579 120.79768064245582 12.258779190480707 6.9904201831668606 69.800504226237535 80.307694938033819 12.621467873454096 14.54885822534561 68.908027635887265 467.38841747492552 35.509725630283356 60.699556291103363 107.04867824912071 43.001375332474709 6.517810320481658 40.484723776578903 20.078151661902666
leaf_count=12 106 66 359 108 337 109 87 541 2595 511 23 47 1075 97 65 107 2137 314 70 415 171 90 98 83 30 47 28 61 51 73 9 73 99 37 1195 81 132 82 125 231 552 63 240 46 226 111 219 69 78 1072 212 77 36 1049 774 27 90 57 35 100 37 103
internal_value=0 -0.00346535 -0.00481787 -0.0127262 -0.00363788 -0.0049907 0.000982065 -0.0160943 0.000229162 -0.00854607 -0.0183098 0.000826059 0.000737924 0.00205664 0.00123603 0.000301967 -0.000846819 -0.00214153 -0.00499192 -0.00386565 -0.00683553 -0.0110092 0.00630491 0.00136942 -0.00892507 0.0109794 0.00554701 -0.00220488 0.000650013 0.00104419 -0.00450038 -0.0161785 0.000842521 -0.00336935 0.00109342 -0.00525159 -0.000915361 -0.00508233 0.00139848 0.00111351 0.000333322 0.00261622 0.000924462 0.00129258 0.00190855 0.00227851 -0.00409382 -0.00531339 -0.00479159 -0.0044218 -0.00253873 -0.00611743 -0.0152697 -0.00752081 -0.00039131 8.93954e-05 0.00259632 0.00223362 0.00673497 -0.00824618 -0.00444221 -0.00104005
internal_weight=0 1211.25 886.655 115.12 771.535 579.888 5160.32 90.4553 324.596 40.2889 20.5893 4989.79 4927.41 1224.24 1026.05 3703.17 1453.5 915.302 510.39 477.039 224.637 125.913 198.194 538.197 113.931 58.211 170.525 98.7245 967.837 2249.67 559.299 18.8166 2175.21 117.191 2058.01 60.9612 252.402 89.373 404.912 899.943 723.09 111.571 517.719 1997.05 1462.18 1347.33 540.482 386.233 373.975 366.984 228.276 107.478 27.1703 138.709 534.871 502.898 1287 1183.3 103.701 13.0869 90.1705 154.249
internal_count=17250 7758 4640 715 3925 3566 9492 649 3118 523 132 9314 9267 1284 1080 7983 5025 3627 1365 1295 767 535 204 1398 445 112 178 232 968 2958 3434 182 2851 110 2741 180 528 214 2262 917 686 150 1315 2561 1714 1488 3252 2812 2743 2665 544 325 113 2121 847 801 1377 1252 125 173 134 440
cat_boundaries=0 1 2 3
cat_threshold=17170624 8469764 131072
is_linear=0
shrinkage=0.05


Tree=78
num_leaves=63
num_cat=13
split_feature=0 63 57 63 0 0 53 0 54 51 65 5 3 42 67 65 3 35 50 43 60 0 70 0 51 65 9 57 0 53 70 0 70 35 8 51 3 50 24 38 52 63 0 54 59 59 71 0 16 0 60 1 73 73 57 57 67 65 60 63 9 57
split_gain=8.86865 4.61537 3.10043 2.47532 2.28192 1.87281 1.65162 1.89631 1.59075 2.06144 1.35194 1.43646 1.54259 1.27983 2.00609 2.06635 1.48849 1.14539 1.11297 2.49806 2.30261 1.44917 2.2139 1.35232 1.32519 1.14017 1.078 1.12079 1.62462 1.3272 1.2365 1.08923 0.995257 0.991727 0.947658 0.94617 1.05734 0.875822 0.872542 0.868253 0.865148 0.83139 0.824861 1.30093 0.861409 0.816646 1.05034 1.02064 0.802816 0.884688 0.793489 0.807586 1.11195 0.976087 0.911171 0.864407 0.740188 0.735039 0.728223 0.711213 0.710729 0.707287
threshold=0 136.89898989898992 66.601690164449465 142.79166666666671 1 2 106.33237039552422 3 963.39018537853167 -510.04648617908043 106.00500000000001 0.6830127018922193 2021.5000000000002 -0.93301270189221908 6.5000000000000009 14.020000000000001 2017.5000000000002 0.93301270189221952 47.392781662869396 -0.6830127018922193 787.77067755342796 4 1.1015744623599419 5 -1.0067059544931085 362.08500000000009 -24.499999999999996 -3.7631100976932168 6 4.8533127133067504 1.4450873739381274 7 10.757935918387561 -1.0000000180025095e-35 3.5000000000000004 -58.014862598639894 2017.5000000000002 -114.78435687203033 0.6830127018922193 -0.68301270189221941 21.689407926386043 98.417424242424246 8 285.83307444174136 -52.78423549023794 -1082.4222258563577 47.711783288671931 9 1.3660254037844386 10 -576.80590158031919 5.5000000000000009 11 12 57.136768735543413 7.681791791675006 184.87500000000003 849.33500000000015 276.21462891556206 7.041666666666667 3.6739403974420599e-16 -65.495183899713894
decision_type=9 2 2 2 9 9 2 9 2 2 2 2 2 2 2 2 2 2 2 2 2 9 2 9 2 2 2 2 9 2 2 9 2 2 2 2 2 2 2 2 2 2 9 2 2 2 2 9 2 9 2 2 9 9 2 2 2 2 2 2 2 2
left_child=2 4 3 10 35 8 7 56 9 -3 11 12 39 -9 15 59 -17 40 23 -20 21 22 -21 24 42 -23 -16 31 29 30 -29 32 -28 41 -26 36 -2 -36 -35 -1 -11 -30 44 60 -7 -25 47 -47 49 -33 -49 52 -52 55 -54 -53 -6 -48 -27 -15 -44 -55
right_child=1 5 -4 -5 6 18 -8 13 -10 17 -12 -13 -14 14 26 16 -18 -19 19 20 -22 25 -24 45 34 58 27 28 33 -31 -32 48 -34 38 37 -37 -38 -39 -40 -41 -42 -43 43 -45 -46 46 57 50 -50 -51 51 53 54 61 -56 -57 -58 -59 -60 -61 -62 -63
leaf_value=-0.0020347932864074893 0.019536753011216341 -0.0037783215836555335 -0.027033188363102686 -0.00058286909567266973 -0.0062247651406191797 0.007041763838451222 -0.012759775397592689 0.0041754662629093003 0.0090993751169624586 0.0043787932902089651 -0.0018552422701834147 -0.023713532571676632 0.0048128083735502411 -0.027650330861966443 -0.015932142215713655 0.0051294783127416241 -0.013202677635841337 0.012579935349676786 -0.016853694279086149 2.9593666635751954e-05 0.011259217357766091 -0.0024262519460108594 -0.014521738846506519 -0.0037200374571371517 0.0033967417146173575 0.0028754224347421176 -0.0021915787432797429 0.0016811269443528184 -0.008622921779580647 -0.0018898704143824948 0.016358354153029959 0.0047521895055643503 -0.014720270101295081 -0.0029075006097285441 -0.0098624575134601666 0.0014963654815054793 0.0037866076995362189 0.00201204620390058 -0.012126953166923637 -0.016304357814170781 -0.00044780570131819233 -0.029790443604755114 0.0017335222751396673 0.015773374167118378 -0.0002687281691278191 -0.0020588104825253646 0.0079743790555067678 0.0077816578677987139 0.010778217675864787 -0.00023288292267913707 0.0010827421757968001 0.0021491021760303643 -0.0023105659841725855 0.0049779901119739508 -0.013394767418916972 0.0084133882294565622 -0.016129800597880644 0.0018766482947554443 -0.0031948012461750514 -0.013136303137754249 0.010011733707286738 -0.0010490221153694416
leaf_weight=13.032772297039626 16.630800519138575 103.91069144755602 22.887346804141998 78.641316741704941 127.34527802560478 69.829485818743706 36.47806528583169 95.075629107654095 113.40624701976776 416.10747908055782 28.275440540164709 28.837447604164481 13.339523548260329 12.231928860768674 12.53358271345496 28.183986118063331 18.238241611048579 35.467024907469749 23.398303259164095 57.044119983911514 41.004016429185867 268.10396164096892 48.24776703119278 95.571743421256542 86.211606845259666 301.23683580011129 96.470646107569337 33.055181290954351 21.937781526707116 78.898777781054378 25.358174091205001 104.59359113499522 18.967916298657656 478.25178022123873 35.492233496159315 195.7474413649179 29.659454269334674 27.606621257960796 27.118727086111903 58.557291116565466 119.507483381778 5.8827011510729781 53.570099588483572 46.905863109976053 95.273670174181461 288.65765105187893 84.24204295873642 44.354158893227577 21.385252229869366 401.01000439934433 488.16859183460474 117.1837388202548 159.01204186119139 63.855634823441505 20.988148406147957 103.89505154639482 22.140484776347876 119.56495212763548 59.10133258998394 27.229868172667921 50.248664570972323 204.79647732153535
leaf_count=55 81 125 16 45 1094 69 84 477 92 535 41 122 35 35 37 162 94 35 74 108 39 754 77 74 90 528 768 275 199 481 54 486 51 2585 97 862 99 92 90 271 251 33 107 59 130 569 56 46 12 1848 413 376 470 72 49 277 138 93 117 149 124 351
internal_value=0 0.000412431 -0.00914106 -0.00769966 -0.00157865 0.00141601 -0.00222271 -0.00200402 0.00357468 0.00269943 -0.0116398 -0.0140717 -0.0107979 -0.00143011 -0.00181786 -0.00922338 -0.00207281 0.00387809 0.000844197 -0.000757702 -0.000271578 -0.000915965 -0.00606247 0.00141481 0.00378894 4.21e-05 -0.00133802 -0.0011987 -0.00262866 0.00218094 0.00805275 0.000293749 -0.00391136 -0.00383622 -1.10929e-05 0.00289691 0.0094452 -0.0046672 -0.00340223 -0.0137066 0.00330187 -0.0130988 0.0057054 0.00831114 0.00266197 0.000772505 0.00103042 0.000570191 0.00126511 0.000887757 0.00120848 0.000967126 -0.000163358 0.00250951 -0.00341336 0.00487258 -0.00720952 0.0043971 0.00187981 -0.0176352 0.00574021 0.000369768
internal_weight=0 5776.39 243.571 220.684 1934.43 3841.96 1692.39 1655.91 788.399 674.993 142.042 113.767 84.9296 1506.42 1411.35 85.884 46.4222 571.082 3053.56 798.136 774.738 733.734 105.292 2255.43 465.138 628.442 1325.46 1312.93 670.503 137.312 58.4134 642.427 115.439 533.191 149.31 242.038 46.2903 63.0989 505.371 71.5901 535.615 27.8205 315.828 150.725 165.103 1790.29 1694.72 1490.91 526.989 505.604 1202.25 1157.9 668.169 489.731 180 221.079 149.486 203.807 360.338 39.4618 103.819 268.652
internal_count=17128 16543 585 569 10194 6349 9152 9068 1038 946 524 483 361 7836 7359 440 256 821 5311 1697 1623 1584 185 3614 768 1399 6919 6882 3717 810 329 3165 819 2907 279 1042 180 189 2675 326 786 232 489 290 199 2846 2772 2623 2346 2334 2054 2008 932 1076 519 653 1232 149 645 184 231 423
cat_boundaries=0 21 40 61 82 102 121 138 157 175 193 212 213 214
cat_threshold=4194304 16 128 128 8192 33554432 0 2097152 0 0 67895296 2264924160 397312 0 34078720 0 32 20480 0 17 100 4096 268468224 0 1073758272 0 1075841056 301991936 67108872 0 0 18874368 2097152 8192 2281701378 2097156 41 16 268435456 64 65536 2097152 16777216 16 167772304 0 136 1073741824 0 1073742848 0 0 0 0 16384 1149239296 525442 37748737 131072 98304 16 0 572522496 1048576 513 0 0 65536 1083179008 0 0 33554432 536870976 562036736 2097152 18153472 33554432 131200 2147483648 1058 0 128 8 0 0 32 0 16384 1 0 0 0 4096 0 0 0 2147483648 16 0 10 268435456 131072 0 0 67108864 33 65536 8192 17 0 16384 805306400 70144 0 0 0 2147483648 0 0 67174490 272629888 1075838976 1048576 4 134218752 134217728 16777216 671088640 2147483648 0 0 810557440 1082130432 3221323776 16777225 402653186 4200448 512 2097152 1048576 4194304 2 0 16777216 134218752 2151677952 262144 4194304 536879104 262657 67125248 1048597 0 268435970 577 0 65792 0 0 67108864 32 65536 0 1 0 16384 32 512 0 0 0 0 0 0 67174400 32 320 0 0 36864 0 32772 0 131072 4 3072 0 0 0 0 4 834666496 36 0 218103808 1 536870912 0 0 4098 0 0 0 49152 1476411396 33554432 1879048256 67239976 0 1024 0 8 42206880 2168004
is_linear=0
shrinkage=0.05


Tree=79
num_leaves=63
num_cat=12
split_feature=0 67 0 0 10 3 72 50 3 60 53 67 55 3 27 70 68 25 58 55 0 71 57 37 52 67 64 14 70 59 52 0 0 27 57 63 83 73 67 50 49 58 0 57 50 53 70 89 49 58 0 58 3 60 0 67 71 70 49 10 73 47
split_gain=6.92693 2.93568 2.41916 2.29123 1.86649 1.67076 1.51172 1.46721 1.37794 1.27604 1.26009 1.30152 1.27413 1.23279 1.25014 1.41746 1.20898 1.20824 1.24872 1.11456 1.09174 0.977795 0.98198 0.951208 0.965686 0.934755 1.31466 0.896433 1.10327 0.905843 0.886778 2.56139 1.54026 1.31684 1.29426 1.194 3.69506 1.26934 1.24786 1.02788 1.25966 1.11007 1.00817 0.990838 0.983263 0.89846 1.47721 0.89192 0.884273 0.849914 1.1541 0.976345 2.374 0.847525 0.801322 0.801175 0.792685 0.815645 0.849934 0.784969 0.766959 0.774546
threshold=0 51.380000000000003 1 2 17.660254037844393 2021.5000000000002 3 98.594803838435055 2014.5000000000002 -26.007498590188458 106.33237039552422 3.0600000000000005 -7.0234095865442372 2012.5000000000002 0.68301270189221941 1.0025688389547398 0.83333333333333337 -1.0000000180025095e-35 7.0630742225636283 -5.2539572747980268 4 7.015865656393955 40.126157132885652 -1.0000000180025095e-35 384.71952679462612 8.0500000000000025 24.590000000000003 -0.9330127018922193 2.2779266377159759 -167.68640802452754 1.0000000180025095e-35 5 6 0.68301270189221941 11.420280220653614 111.72500000000001 1.0000000180025095e-35 7 326.75500000000005 105.05669010726329 77.871892878656965 522.13603623975575 8 27.795685619488715 -170.61377772865239 143.22181187385786 1.2474918665817507 1.0000000180025095e-35 -96.269681131395473 6.2650957037209176 9 7.2081772216474436 2021.5000000000002 116.04646911078811 10 16.965000000000003 2.5714909920011371 1.7305245644940304 -343.56859112649016 21.325317547305485 11 47.164040624677497
decision_type=9 2 9 9 2 2 9 2 2 2 2 2 2 2 2 2 2 2 2 2 9 2 2 2 2 2 2 2 2 2 2 9 9 2 2 2 2 9 2 2 2 2 9 2 2 2 2 2 2 2 9 2 2 2 9 2 2 2 2 2 9 2
left_child=7 3 13 -2 8 -6 23 9 17 -1 11 12 -10 -3 21 -16 25 -5 -19 -18 -20 -15 53 -4 54 -11 55 28 29 -8 32 -32 39 34 59 36 -36 38 47 41 -41 48 -33 -40 -35 46 -45 -37 -29 -13 -51 52 -52 -23 -25 -27 57 58 -44 60 -34 -62
right_child=1 2 6 4 5 -7 27 -9 10 16 -12 49 -14 14 15 -17 19 18 20 -21 -22 22 -24 24 -26 26 -28 30 -30 -31 31 42 33 44 35 37 -38 -39 43 40 -42 -43 56 45 -46 -47 -48 -49 -50 50 51 -53 -54 -55 -56 -57 -58 -59 -60 -61 61 -63
leaf_value=-0.0035837430723886761 0.0035662974852890363 -0.011760481871430743 -0.00074198635165688865 -0.015397145821578546 -0.0085340284104512762 -0.033954710975156288 0.008607097730832269 0.0020937194827168027 0.00092536377532336097 -0.018066239969450799 0.013289790624241779 -0.00038094626048040684 -0.019697929739793084 -0.0035305138632044349 -0.0017217198997967296 -0.017128288775761575 -0.0083890525972597062 0.0098930554102176806 0.004104353725130217 -0.021225839327038039 -0.0047346090290352524 0.0016375502478156009 0.0074314097977408681 0.0087275609902278603 -0.0021723459069595643 -0.0087028061268408889 -0.016095854735734504 -0.00047265952590846473 -0.007756633580147579 -0.0016392180353082032 -0.0063631249353417966 0.004250870014954662 0.0024532665855842265 -0.011277942813875431 0.0021672646025108259 -0.017837629979784813 -0.034989001247877502 0.0019153725494150198 0.0045249844686841645 0.0064986333763654694 -0.0055515999892362094 0.012155363455895903 0.01307890673143816 -0.00047056043117988088 -0.0015370011055150584 -0.0005647366999307435 -0.017664627102221934 -0.0043917955753889721 0.0069518895295809366 -0.0095679531701854132 0.0004300072567942066 -0.002565588731869935 -0.039596071836063611 -0.0072546276983330897 0.003460597870853933 0.0052453687471063007 0.0030842342159454147 -0.0093708866755953663 -0.002021624324572147 0.0085209283589561986 -0.00065685753472832613 0.0040587241149662888
leaf_weight=56.940906336531043 141.99247548403218 34.524511992931366 135.16606469452381 10.160460293292997 30.883709865622222 8.1745543442666513 25.116843551397324 28.504034852609038 10.821475403383372 18.044313644059002 10.725186690688131 164.64783359505236 24.321642686612904 180.54729704931378 33.313719108700752 27.052610203623772 25.584660708904266 41.174545364454389 62.249244719743729 49.869272356852889 57.673471076413989 108.10983009636402 52.358990162611008 92.131389319896698 60.713256940245628 17.082264859229326 18.978942992165685 62.441489890217781 66.125279936939478 152.7658883202821 146.56718532368541 151.30639446899295 1108.273613806814 29.962295331060886 19.370129371061921 21.116677358746529 10.222187938168647 284.88240876421332 54.79456202685833 40.010501109063625 47.355437017977238 60.497753754258156 10.004516258835791 25.790901750326157 191.3821662440896 98.142936050891876 24.225365698337555 29.653070965781808 112.10436828434467 87.043625479564071 9.3707116078585369 345.93571176752448 6.1265909709036341 35.627008773386478 532.21398016810417 25.911495501175523 89.94322750531137 36.200677208602428 135.87226473167539 43.130406700074673 478.21343694627285 106.4665066935122
leaf_count=128 1026 137 139 106 349 33 34 40 92 110 37 591 140 530 77 38 121 53 731 194 657 139 68 90 97 81 51 115 106 439 514 414 1172 57 123 45 56 500 49 55 62 42 24 66 250 58 34 85 208 1021 124 2492 20 56 719 76 364 266 693 45 850 122
internal_value=0 0.000263372 0.000764994 -0.00219114 -0.0031365 -0.0138544 0.0011233 -0.00821691 -0.00267007 -0.00998736 -0.00370847 -0.0039897 -0.0133475 -0.00260936 -0.00194612 -0.00862603 -0.0123327 0.00132566 0.00238037 -0.0168732 -0.000199053 -0.000875495 0.00156901 0.00305407 0.00384763 -0.00805108 -0.00513501 0.000683695 -0.00224232 -0.00019245 0.000894585 -0.000905826 0.00125485 0.000824862 0.00118198 -0.000889346 -0.0106678 -0.000352095 -0.00286076 0.00445929 -3.30205e-05 0.00631881 0.00110778 -0.00121973 -0.00285558 -0.00334433 -0.0087985 -0.00998433 0.00429585 -0.00345333 -0.00458128 -0.00303174 -0.0153936 -0.000566489 0.00443303 -0.000296515 -0.000729241 -0.00265309 -0.000986 0.0018599 0.0016902 0.000198426
internal_weight=0 5965 4953.7 1011.3 869.309 39.0583 4482.16 240.916 830.25 212.412 658.993 648.268 35.1431 471.534 437.009 60.3663 155.471 171.258 161.097 75.4539 119.923 376.643 196.096 820.225 685.059 80.017 61.9727 3661.94 244.008 177.883 3417.93 569.894 2848.04 2525.63 2304.28 568.198 29.5923 538.606 253.724 322.41 87.3659 235.044 423.327 202.954 221.344 148.159 50.0163 50.7697 174.546 613.124 448.477 361.433 15.4973 143.737 624.345 42.9938 272.021 182.077 145.877 1736.08 1692.95 584.68
internal_count=17211 16410 8938 7472 6446 382 7893 801 6064 761 4517 4480 232 1045 908 115 633 1547 1441 315 1388 793 263 1045 906 318 208 6848 579 473 6269 2275 3994 3512 3205 1016 179 837 337 482 117 365 1761 207 307 158 100 130 323 4248 3657 2636 144 195 809 157 1347 983 717 2189 2144 972
cat_boundaries=0 21 42 61 84 98 117 138 139 158 181 201 202
cat_threshold=4194304 234881152 1048576 134218752 0 33554432 8192 0 0 0 786432 620756992 17174529 0 17301504 67108992 536870912 2147504128 32 0 8 32 0 8388608 3 66560 32 2 0 262144 1 0 2415919104 0 536870912 16384 276824580 4 32769 671088654 131072 4 2097152 32768 8388608 0 32896 18874368 167772160 4194304 393216 0 538968064 2155888652 24576 67109378 2149580800 4140 0 0 64 0 0 553648128 524288 0 0 4096 0 0 67108864 4096 272 270532608 256 2181169152 41943172 537395264 256 536936448 136315392 131072 16384 273 1073741824 2097152 16777216 0 0 0 0 0 0 0 3623878656 727121 1148928 52 65540 1073741824 0 16 0 2121728 1024 8 65536 0 1536 512 0 268435456 0 3 37748736 67108930 268566528 4 1073741824 0 16 0 24576 0 0 0 536870912 5120 0 0 0 0 16777216 37749312 67108962 268566528 0 32 9186384 3088 32 67108864 32 0 1073741824 0 3221225472 2147614720 8397896 2048 0 0 0 131072 0 16777216 0 128 1073741824 18874368 4 603996160 0 0 0 2097152 0 0 3355443200 1122401 1757413376 1207992320 33882112 0 0 0 1024 0 0 0 128 0 0 0 0 0 0 0 0 0 0 0 0 0 134217728 2147483648 0 0 0 0 98305 10760404
is_linear=0
shrinkage=0.05


Tree=80
num_leaves=63
num_cat=7
split_feature=0 66 0 5 50 0 71 53 0 8 51 54 63 4 54 54 71 49 70 51 66 3 65 5 85 3 65 71 3 72 0 70 65 5 60 78 8 64 64 57 70 66 70 20 57 59 51 53 65 51 49 80 0 16 37 65 15 50 70 63 91 57
split_gain=7.59426 3.68313 1.8924 1.71216 1.79678 1.36704 1.32598 1.30446 1.30227 1.68049 1.41258 1.21685 1.33105 1.18877 1.39679 1.09184 1.0688 1.08502 1.01646 1.11344 0.999989 2.29932 1.80273 1.07182 0.983036 0.968086 1.24754 1.45598 0.997433 1.73988 1.70523 1.16757 1.14148 1.11196 0.951825 1.00597 0.945652 0.944459 1.06229 0.941295 0.925705 0.898461 1.88054 1.46371 1.69971 0.930995 0.886134 0.863254 0.861704 0.85392 0.845896 0.826637 0.821466 0.805844 0.869116 0.803321 0.973479 0.786429 1.06386 1.00543 0.717382 0.702261
threshold=0 77.993333333333354 1 0.6830127018922193 -8.5694810660644958 2 -2.4386700976626567 -50.811297402278292 3 4.5000000000000009 -80.667089768864784 5.9817698500415721 46.683333333333344 0.93301270189221952 187.50454293422482 1.4147184891851134 -0.036968271500517187 -134.4373020040257 0.48881442843723161 -351.52852657900365 3.6800000000000002 2019.5000000000002 4.0250000000000012 0.6830127018922193 1.0000000180025095e-35 2011.5000000000002 1500.7750000000003 39.982519289699411 2016.5000000000002 4 5 4.883356734787248 233.85500000000005 0.6830127018922193 -158.43357473618224 1.0000000180025095e-35 8.5000000000000018 4.0850000000000009 22.015000000000004 -23.488389862367185 1.3514861494911372 229.65833333333339 4.6706220161904115 -1.0000000180025095e-35 -1.8237874137848928 192.95774915442215 -34.450273308961009 38.612560423384437 1009.6600000000002 -40.043578665484283 135.98684325412506 1.0000000180025095e-35 6 0.25000000000000017 1.0000000180025095e-35 1954.8650000000002 0.68301270189221941 -14.585827021116875 2.3786716599738305 17.47727272727273 1.5000000000000002 2.4283762302348877
decision_type=9 2 9 2 2 9 2 2 9 2 2 2 2 2 2 2 2 2 2 2 2 2 2 2 2 2 2 2 2 9 9 2 2 2 2 2 2 2 2 2 2 2 2 2 2 2 2 2 2 2 2 2 9 2 2 2 2 2 2 2 2 2
left_child=3 2 16 4 6 57 -1 -5 9 18 -11 -10 -13 25 40 -9 36 -18 -3 -20 21 22 -7 -24 -23 26 27 -14 30 32 33 50 39 48 35 -22 51 -6 -39 -30 -15 42 43 44 -31 60 -8 -12 -27 -36 -32 -2 -51 54 -21 56 -34 58 -4 -59 -45 -19
right_child=1 8 5 7 37 20 46 15 11 10 47 12 13 14 -16 -17 17 61 19 53 34 24 23 -25 -26 28 -28 -29 29 41 31 -33 55 -35 49 -37 -38 38 -40 -41 -42 -43 -44 45 -46 -47 -48 -49 -50 52 -52 -53 -54 -55 -56 -57 -58 59 -60 -61 -62 -63
leaf_value=-0.0144405138702174 0.0041887475528592745 0.010692620629318354 -0.0092156717621321351 -0.0030364229964976058 0.0022340226986340612 -0.018836686727985504 -0.0063361692970850163 -0.0090802548595904121 0.0037711798172456478 0.0032499477073149176 -0.010132958821763764 -0.0095793746805603822 -0.0059204399254312555 -0.0040818844862765841 -0.0092042297786342521 -0.026048660564980886 0.022880736936575313 0.0091271930897347132 -0.001297355634457083 0.0046578929722702975 -0.0017202792102285914 -0.01041760297483788 0.0045426344680591299 -0.011910822754603145 -0.028218402739791433 0.011551815418838741 -0.013860029936912139 0.0087634930927087754 -0.0023953562379414178 0.00090388442256778424 -0.0010192018036247908 -0.010195766964486087 -0.001199697757687984 -0.00065682648184209693 0.0020485549797553322 -0.019963611656230791 -0.014380737066925581 -0.02149358332922047 -0.0059267824394394798 -0.011474790154797833 0.0038292191309614908 0.0020604856149228543 -0.010392672271975458 0.0015250115452874141 -0.017244557748529316 -0.0081876769752367209 0.0054115464064693995 -0.00015735897844930497 0.0043334771025320467 -0.0048788316915901611 0.0057425976968419525 -0.011415011615702296 -0.00094149480589238675 0.00051956745431488689 0.010904781120062027 -0.0081351364884644835 0.0058024973564559197 0.0013820328668180182 -0.030339893507074858 -0.0093082299709655713 0.0099055069507460961 0.00042180394202743994
leaf_weight=17.524575365707278 47.901116359978914 59.946801215410233 33.692486836574972 13.117539603263138 8.0653463480994088 12.660404730588196 25.786931782960892 13.551968658342956 319.07430176064372 94.30334110558033 47.450845070183277 32.23738868534565 48.034207805991173 77.937375642359257 63.22345345467329 31.552967209368944 9.601942263543604 51.786063847132027 88.148066461086273 256.37541672587395 16.908059064298868 20.576762681361288 57.052386118099093 11.975593302398918 12.44770449772477 96.800293624401093 24.082916900515556 26.029451251029968 65.597443290054798 28.275704652070999 131.31020133942366 24.488670036196709 271.31729550659657 41.600140795111656 202.67357267439365 13.662209015339615 11.302121913060544 32.418926598504186 16.556215228512883 50.539629653096199 70.360101886093616 1315.7265112176538 43.289380930364132 350.09670543298125 23.727636810392141 23.177315950393677 42.521187305450439 39.942458458244801 72.170112133026123 144.45909715909511 71.402847692370415 10.315720215439795 1072.124735836871 83.789726465940475 71.125742316246033 32.675373949110508 60.750115036964417 39.429176460951567 7.2412183061242095 49.741455819457769 27.545014262199402 41.919255848973989
leaf_count=66 298 88 237 17 59 35 34 49 153 148 118 238 209 187 81 139 28 305 38 216 104 98 411 133 61 175 26 22 137 54 461 71 535 71 1128 45 139 219 68 78 77 1315 30 766 69 51 130 89 65 1461 124 56 5083 63 43 38 70 200 49 366 78 230
internal_value=0 0.000420462 -0.00142166 -0.00922829 -0.00674203 -0.00192727 -0.00217107 -0.0169144 0.00125392 0.00314123 -0.000994085 0.000829812 0.000527046 0.000634213 -0.00298141 -0.0209504 0.00344809 0.00687311 0.00454059 0.00380218 -0.00149034 -0.0059938 -0.00149288 0.00168814 -0.0171271 0.000904583 -0.00397431 -0.000759816 0.00107995 0.000662372 0.00326692 0.000111827 -0.00198801 0.00636369 -0.0011443 -0.00987344 -0.0011456 -0.0136203 -0.0162312 -0.00634647 -0.000328442 0.00136923 -0.000436447 0.000515358 -0.00737673 0.0015393 0.000976678 -0.00557369 0.00846874 -0.00095628 0.00136255 0.00142384 -0.00145686 0.00489511 0.00601457 -0.000654749 8.13197e-05 -0.00670007 -0.0129526 -0.00458124 0.00213628 0.00523282
internal_weight=0 6000.02 1867.47 201.096 142.873 1694.64 85.8327 58.2225 4132.55 741.082 181.697 3391.47 3072.4 3040.16 211.521 45.1049 172.826 103.307 559.386 499.439 1564.54 114.713 81.6884 69.028 33.0245 2828.64 98.1466 74.0637 2730.49 2292.72 437.772 227.202 480.88 210.571 1449.83 30.5703 69.519 57.0405 48.9751 116.137 148.297 1811.84 496.112 452.822 52.0033 400.819 68.3081 87.3933 168.97 1419.26 202.713 58.2168 1216.58 411.291 327.501 364.743 332.067 130.104 40.9337 89.1706 377.642 93.7053
internal_count=17232 16451 10467 781 576 9411 230 205 5984 803 355 5181 5028 4790 345 188 1056 563 448 360 8559 738 579 544 159 4445 257 231 4188 3221 967 656 858 311 7821 149 493 346 287 215 264 2363 1048 1018 123 895 164 207 240 7672 585 354 6544 322 259 643 605 852 286 566 844 535
cat_boundaries=0 21 41 64 85 106 124 143
cat_threshold=4194304 620757008 1073741824 8576 0 33554432 0 524288 0 0 524288 2181038080 17174528 16384 6029312 0 805306368 16384 65536 0 32 0 1081376 67108865 1073741824 33587200 2048 268435456 203423744 393216 4194304 2129920 1028 8192 2147483648 0 4116 1 2147483648 64 196608 0 0 5242884 603996690 65536 0 73744 1048576 0 0 33554432 545259520 1342177280 0 369098752 268435456 0 0 132128 0 0 0 128 4096 0 0 536870928 134218752 20512 16 0 2147500032 536870916 5120 0 0 0 2147500032 1 525300 0 64 163841 24 0 0 2147483648 20480 0 0 16384 0 0 67108864 0 1120 452984832 537920004 2 192989184 536870912 0 0 76579840 16777344 0 352 83886080 0 126976 0 0 0 0 262144 0 0 0 0 0 16 4194304 67108955 1342177280 134217728 0 1 0 0 536877056 16777224 512 0 2306867200 402722849 8388609 8389648 65536 544 0 0 272
is_linear=0
shrinkage=0.05


Tree=81
num_leaves=63
num_cat=12
split_feature=0 66 0 0 49 80 59 50 39 67 57 57 57 0 0 64 49 0 49 59 65 65 65 60 57 0 51 0 67 48 56 58 9 50 50 59 57 71 1 48 23 0 73 71 59 51 79 58 65 22 68 38 65 0 25 67 47 70 70 9 5 0
split_gain=7.92109 3.38796 2.36266 1.94697 1.70032 2.31914 1.66341 1.57073 1.35647 3.01618 1.25881 2.04849 1.24665 2.58889 2.45098 1.92791 4.94793 1.67175 1.39739 2.34103 1.2596 1.21476 1.15393 1.45411 1.1251 1.35039 0.962214 1.64459 0.945371 0.933683 0.911439 0.896703 0.833862 1.48169 0.791839 0.790644 0.962747 0.776547 1.42286 1.2432 1.22429 1.18764 1.24754 1.32525 0.918094 0.815227 0.9118 1.21243 0.912387 0.860506 0.757738 0.755447 0.741173 0.739696 0.707096 0.969776 0.673031 0.67042 1.41973 0.657629 0.641464 0.669177
threshold=0 20.345000000000002 1 2 -56.316206031582588 1.0000000180025095e-35 28.303195971232658 1228.4275668526393 1.0000000180025095e-35 2.0050000000000003 -482.70118006899935 -267.30036984862551 11.420280220653614 3 4 73.605000000000018 95.625656313522526 5 1103.9685066770173 -720.84160010682433 12.005000000000001 18.050000000000004 162.98000000000005 356.49594071825504 1.1522648399036479 6 -351.52852657900365 7 1393.6200000000001 -5.5249245120809443 4.4153844284361394 99.797152125519474 -6.0000000000000027 -84.197249905631764 -7.369650313711209 -52.78423549023794 20.318813337719359 4.9180477452399449 2.5000000000000004 202.93804725176213 1.0000000180025095e-35 8 9 -38.942646727595893 148.6385591186596 69.531859675207201 1.0000000180025095e-35 59.888762344154429 23.080000000000002 0.6830127018922193 0.83333333333333337 -1.0000000180025095e-35 32.040000000000006 10 0.25000000000000017 47.040000000000006 -309.2058271624399 1.9061245554907973 0.81620924231761682 5.0980762113533169 0.6830127018922193 11
decision_type=9 2 9 9 2 2 2 2 2 2 2 2 2 9 9 2 2 9 2 2 2 2 2 2 2 9 2 9 2 2 2 2 2 2 2 2 2 2 2 2 2 9 9 2 2 2 2 2 2 2 2 2 2 9 2 2 2 2 2 2 2 9
left_child=4 3 7 35 -1 6 -6 10 9 21 -3 -12 14 18 -4 16 -15 20 19 -14 -16 -5 32 50 29 31 -17 -28 -25 30 34 -26 -13 -34 -11 -2 -37 40 39 -39 41 -19 44 -44 -43 46 48 49 -45 -48 -24 -10 -40 -52 55 -27 -54 58 -55 -21 61 -22
right_child=1 2 12 8 5 -7 -8 -9 51 24 11 22 13 15 17 26 -18 37 -20 59 60 -23 23 28 25 54 27 -29 -30 -31 -32 -33 33 -35 -36 36 -38 38 52 -41 -42 42 43 45 -46 -47 47 -49 -50 -51 53 -53 56 57 -56 -57 -58 -59 -60 -61 -62 -63
leaf_value=0.0012125836652722129 0.014954183020100357 0.012881905321768597 0.0060525535684396725 -0.03288608079083867 -0.0082830487348395498 -0.03581759210093468 -0.023765055986335621 -0.005291867397014832 0.0078283553955395182 -0.0079623846950535992 -0.0061942363593689492 0.011788786315337578 0.019225121969386881 -0.0037449627394176843 -0.014321609491994916 0.0034316685132941629 -0.045881846049552137 0.0026236766176939066 -0.0055149552440317265 0.00067919031300572982 0.0039612702874240787 -0.012489092521112268 0.0065341323672356739 0.010829135504501999 -0.0012589426028319403 -0.010287863677623302 -0.010550325418423226 -0.0013668995372346461 0.0026346934054624748 -5.7788960105119054e-05 -0.0024739132028623132 0.023763257033782712 -0.0050433682035757356 0.010774340450587493 -0.025214996470201836 0.0039623861260848249 -0.01173764309366547 0.0014187776863577983 -0.0012482975478544222 -0.0093871050140920172 0.0031194029994503808 -0.00014772541337644543 -0.019191713922855982 -0.012335241904588063 0.0095027558042737742 0.0019866115022459303 -0.02820551140106339 0.0015862456080838927 -0.002007071444306095 -0.0091980083091464764 0.0032086551265291929 -0.00093163958264071405 0.0070890566647375357 0.0012802499421748562 0.0026874607679411131 -0.029968214419107859 0.0027964237928416458 0.0022661789307482885 -0.010048134992895669 0.0063878842275336819 -0.0057479208544226681 -0.001983696257451973
leaf_weight=31.092790085822344 13.992494553327559 38.489124000072479 225.99739427119493 10.584814017638562 146.51916723046452 9.2665825635194761 19.679753195494413 47.57364509627223 32.401739521883428 36.138725440017879 49.753238841891289 78.447609852999449 26.180886626243591 34.549627861008048 21.59881629049778 91.208089277148247 8.7265868932008726 252.98910863138735 35.438059329986572 108.32922540232539 53.952912569046021 23.519001537002623 70.853135630488396 88.940397307276726 50.457116439007223 99.168704862706363 42.887102276086807 802.25489988178015 58.247294664382935 236.8754736604169 96.515912594273686 3.8539255112409583 25.972770627588034 34.432253755629063 8.1506888652220351 91.141659156419337 10.936177989467977 62.373461632058024 98.89640112221241 46.43089634180069 330.54391816817224 515.29730089381337 13.133838459849356 23.862632628530264 25.882928900420666 65.755438540130854 11.226934736594558 11.581431604921816 205.79496154375374 12.679199021309614 163.97474329918623 102.36398151423782 104.19448001682758 61.533702343702316 9.5327438740059716 6.6813197657465926 738.53500053286552 76.383553192019463 50.237336792051792 94.4188789781183 77.805907033383846 174.02943011745811
leaf_count=51 60 38 326 60 948 20 96 82 94 215 80 80 17 273 64 99 13 605 13 367 49 99 80 107 728 874 72 1957 42 877 1013 23 60 81 68 821 82 112 59 30 361 1574 37 208 37 117 79 40 884 31 290 564 67 116 26 32 902 51 57 245 179 465
internal_value=0 0.000611538 0.00108992 -0.00234771 -0.00912235 -0.0114736 -0.0101163 0.00349254 -0.00329924 -0.00439283 0.00406052 0.00361305 0.000610178 -0.000723819 0.00115226 -0.00190479 -0.0122418 0.000739352 0.00358864 0.00515463 -0.00257353 -0.0188197 0.00430125 0.00330583 -0.00349398 -0.00687582 -0.00144738 -0.00197393 0.00758631 -0.0019745 -0.00519897 0.000436305 0.00838873 0.00397309 -0.0111374 0.00350614 0.00228035 0.00117836 0.00222108 -0.0031925 0.000440643 -0.000337291 -0.00119961 -0.00351305 0.000308133 -0.00299691 -0.00423281 -0.0116918 -0.00308022 -0.0181244 0.00181633 0.00117453 0.00284661 0.000867041 -0.00952956 -0.0115301 0.00332716 -0.00127635 -0.00381148 0.0033377 -0.00182789 -0.000490054
internal_weight=0 5993.71 5161.39 832.314 206.558 175.466 166.199 844.839 716.244 581.478 797.265 758.776 4316.56 1243.99 3072.56 979.626 43.2762 2846.56 264.367 228.929 327.387 34.1038 709.023 570.17 547.375 169.694 936.35 845.142 147.188 377.681 140.805 54.311 138.853 60.405 44.2894 116.07 102.078 2519.18 1050.43 108.804 1468.75 1138.2 885.215 344.034 541.18 330.901 265.145 35.4876 229.658 23.9061 422.982 134.766 941.626 352.129 115.383 105.85 842.729 188.155 111.771 202.748 305.788 227.982
internal_count=17197 16082 10446 5636 1115 1064 1044 1164 4673 4015 1082 1044 9282 3056 6226 2414 286 5900 642 629 757 159 964 743 3856 1683 2128 2029 149 2173 1296 751 221 141 283 963 903 5143 1170 142 3973 3612 3007 1396 1611 1359 1242 150 1092 110 594 658 1028 514 932 906 969 224 173 612 693 514
cat_boundaries=0 21 42 65 86 106 125 145 164 183 184 205 220
cat_threshold=4194304 50331648 536871040 8192 0 33554432 32768 0 512 536870912 786432 1627389984 397312 16384 1638400 128 0 2147487744 304 257 64 4096 134217760 2164260864 1073741858 134217760 0 24593 0 0 512 0 0 0 134217728 0 1082130448 655394 65540 64 98320 52 65536 0 0 1073741824 590976 2097184 838860800 5242880 262144 0 270532608 98313 40961 12288 2149613568 20 0 0 0 0 128 0 128 4 1073742272 0 17 33567744 0 8 3221225480 131072 2148016128 0 0 1048576 0 0 512 570425345 64 4194304 0 8 0 0 268435456 0 589824 20480 0 0 0 268435488 20480 335544320 0 0 0 5 0 335544338 268566528 131072 4 536871360 512 0 5136 524320 134219776 1073741824 0 8192 0 0 0 268435456 2147483648 4608 578814021 0 4195328 1073741824 2129920 0 0 0 0 16777216 150994944 0 0 240123904 135790676 69208064 1073774887 4194304 0 0 0 0 131072 0 0 0 0 0 4096 0 0 0 0 4096 0 0 0 0 4 0 0 268435456 2147486792 268435456 67108864 134217728 0 0 65536 0 278528 1073744897 98304 2114560 0 536870912 147470 0 16777216 40 65536 27272128 0 32 16777216 0 32 0 16384 0 0 512 0 0 0 0 0 0 0 65540 0 0 16 0 536870912 512 0 1024 32 0 0 0 0 0 0 0 0 2147483648
is_linear=0
shrinkage=0.05


Tree=82
num_leaves=63
num_cat=15
split_feature=0 66 3 66 0 68 0 8 47 54 5 60 60 59 66 0 0 0 50 49 49 47 46 50 63 49 51 15 73 51 0 65 53 82 65 60 51 50 51 54 63 0 47 65 82 5 50 47 0 0 63 39 50 0 47 52 0 73 20 18 0 7
split_gain=5.68538 3.40265 1.71791 3.06457 2.20477 1.75501 1.69351 1.51253 1.43982 1.91007 1.67403 1.2817 1.23372 1.12508 1.05178 0.947819 0.94651 0.901506 1.19619 0.886229 0.873833 1.41331 0.870645 1.03982 0.876348 0.85239 0.797727 1.51492 1.51786 1.03727 1.12819 1.14505 0.773926 1.12872 0.756078 0.727444 1.89781 1.16273 1.57334 1.62208 1.43426 0.858457 0.849113 0.724258 0.688932 0.678083 1.08294 0.970946 1.51275 1.34847 2.03818 0.906691 0.846131 0.668649 0.661532 0.648347 1.07064 0.874758 1.41063 0.919176 0.839872 0.654719
threshold=0 65.111666666666679 2019.5000000000002 3.6800000000000002 1 0.83333333333333337 2 2.5000000000000004 -16.14421417067479 0.35402608755050907 -0.68301270189221941 -8.2148719174974545 -44.420403008333302 -455.54806011351229 24.416666666666668 3 4 5 -69.90522910150527 13.798980783039099 -343.56859112649016 170.90966378983217 0.25000000000000017 -133.7535065880721 400.21958333333345 1587.5452700762751 -309.53236150464176 0.68301270189221941 6 -272.37307609276615 7 789.07500000000016 6.3847422955049877 1.0000000180025095e-35 609.46000000000015 508.77463303359741 -163.22700965734188 225.37207612290538 -946.66092225068667 793.20899526477581 1656.7454166666669 8 -309.2058271624399 10.045000000000002 1.0000000180025095e-35 -0.93301270189221919 425.16946343858865 -9.3720622912167375 9 10 15.369318181818183 -1.0000000180025095e-35 -8.2441533039587398 11 30.228570747279011 1.0000000180025095e-35 12 13 0.6830127018922193 -0.93301270189221908 14 -0.5
decision_type=9 2 2 2 9 2 9 2 2 2 2 2 2 2 2 9 9 9 2 2 2 2 2 2 2 2 2 2 9 2 9 2 2 2 2 2 2 2 2 2 2 9 2 2 2 2 2 2 9 9 2 2 2 9 2 2 9 9 2 2 9 2
left_child=8 2 4 11 12 19 35 -7 43 -10 14 -4 -2 -6 -11 20 -9 18 -15 -5 -8 -22 23 -14 -25 26 27 28 34 -28 31 -31 -12 -34 -17 37 -37 38 -3 41 -39 42 -40 -1 -30 -19 47 49 -49 50 -47 52 -50 -53 -44 57 -57 -32 59 -59 -61 -62
right_child=1 6 3 5 13 7 15 16 9 10 32 -13 22 17 -16 25 -18 45 -20 -21 21 -23 -24 24 -26 -27 29 -29 44 30 55 -33 33 -35 -36 36 -38 40 39 -41 -42 -43 54 -45 -46 46 -48 48 51 -51 -52 53 -54 -55 -56 56 -58 58 -60 60 61 -63
leaf_value=0.0040848792805252554 -0.021567620995175042 0.011535502183415964 -0.033559102216835189 0.00045751549273322187 0.016175015173790826 -0.0022699621721601099 0.0056434955127134395 -0.0004253147707935061 0.002326674863480959 -0.012763070260656302 -0.012888941419207474 -0.011659577127999204 0.012953843628432833 0.02605411628417106 0.006609735348205888 0.0013481518588053622 -0.01131834252535161 0.0051748447426869281 0.0043023305781030793 -0.0062433185679443542 -0.0011037838973568864 -0.012130996300515794 -0.021582554686073552 -0.0036387627558163837 -0.024031619583038608 -0.0031883009369607484 -0.0056145383419826632 0.009780181690830279 -0.004669835628541859 0.0009661253468522627 0.00079103062845258291 -0.012585603210865728 -0.030066959450481701 -0.011802228199698339 0.0095031501606689037 0.0012809121188665307 0.012528818800399147 -0.0088818462206184598 -0.0067527052426427162 -0.0054087958784332403 0.0027463569077254449 0.0056255703189028346 0.005128735825010596 -0.0052816379348482679 0.0028879440274390939 0.030986536623659702 -0.022059826910424487 0.0034929905122437228 -0.026096075554219878 -0.00065781848190806934 0.0055527573262173285 -0.0085797235197149126 -0.0045827329699094001 -0.0013809044516581263 -0.0017226439731848422 0.0023056925303129761 -0.0025407481335530512 0.0081562342937067083 0.011873835016211642 -0.0012851191982600014 -0.0021964203178674369 0.00333859606446085
leaf_weight=26.811116335913539 11.83913805708289 57.010041162371635 8.2743481863290054 439.47625745739788 12.732645243406294 201.32427696883678 42.090360902249813 36.630449946969748 23.30679838731885 13.642624076455833 49.512723479419947 34.700952852144837 8.9360746890306455 6.7536532431840888 14.402620602399109 48.417097195982933 94.486817583441734 64.409270843490958 98.539034057408571 55.584174633026123 400.54670446366072 31.329399205744267 6.9772003535181275 81.745596950873733 5.6310798078775397 107.38366544246674 57.04666144400835 77.491421908140182 87.076511591672897 31.256501466035843 1110.4393157735467 31.093974649906158 20.697438765317202 14.304547991603611 68.824107825756073 79.575331881642342 70.928063720464706 44.538313664495945 29.794390603899956 54.058573424816132 65.541128590703011 245.13152304291725 91.627278938889503 89.643795329146087 46.124955549836159 9.0463902577757818 5.6392445489764205 90.920935932546854 8.6492428686469811 122.15448280796409 60.935781043022871 34.684695217758417 9.6919606029987317 166.66922820918262 57.242051318287849 198.73833206295967 241.47215333580971 66.316329225897789 42.070858865976334 153.61687202751637 58.752060197293758 589.41309364885092
leaf_count=70 84 51 64 711 19 94 67 305 49 72 223 185 22 34 57 86 1314 462 755 127 693 55 62 927 15 58 77 61 121 61 1255 50 86 49 73 72 59 75 56 40 62 275 119 268 55 46 37 781 63 1169 616 320 119 1693 81 532 932 100 49 265 192 630
internal_value=0 0.000591066 -0.00131773 -0.00285785 0.000345683 -0.00218176 0.00133924 -0.0049917 -0.00693021 -0.0107016 -0.0133993 -0.0158761 -0.00577762 0.0014291 -0.00281418 0.000855245 -0.0091708 0.00117329 0.00520335 -0.000294838 -0.00120801 -0.00190373 -0.00452712 -0.00329157 -0.004953 0.00118246 0.00134791 0.00367078 0.00178042 0.00105269 0.00120343 -0.00499152 -0.0169119 -0.0226026 0.0056532 0.00340883 0.00658174 0.00272126 0.00368438 0.0027477 -0.00195843 0.00378813 0.000901772 -0.00312521 -0.00190938 0.000335783 -0.000270683 -2.62803e-05 -0.00175444 0.00276753 0.0077352 -0.00390723 -0.0147279 -0.00311564 0.0024943 0.00137509 -0.000358104 0.00175949 0.00290048 0.00249902 0.0020311 0.00279378
internal_weight=0 5961.38 1676.43 870.477 805.956 827.502 4284.95 332.442 252.322 135.867 112.56 42.9753 115.129 690.827 28.0452 3489.5 131.117 678.094 105.293 495.06 473.966 431.876 103.29 96.3128 87.3767 3015.53 2908.15 327.934 250.443 2580.22 2523.17 62.3505 84.5147 35.002 117.241 795.447 150.503 644.943 534.864 477.854 110.079 423.795 178.664 116.455 133.201 572.801 508.392 502.753 310.616 192.137 69.9822 219.695 18.3412 201.354 148.869 2460.82 440.21 2020.61 910.169 868.098 801.782 648.165
internal_count=17200 16326 10024 2800 7224 2551 6302 1713 874 536 487 249 1110 6114 129 5412 1619 6095 789 838 815 748 1026 964 942 4597 4539 396 335 4143 4066 111 358 135 159 890 131 759 622 571 137 531 256 338 176 5306 4844 4807 2976 1831 662 2195 182 2013 200 3955 1464 2491 1236 1187 1087 822
cat_boundaries=0 21 40 61 82 101 120 121 138 158 178 197 216 234 235 255
cat_threshold=0 16777216 269484160 16642 0 33554432 16388 1073741824 0 0 524288 2801795072 1074008064 16384 1572864 2048 537001984 2147520512 0 0 64 0 0 4194304 8720 70656 32 402653184 4718600 0 0 100925440 1050896 67108864 148898816 134217728 2147483648 0 0 1120 2147487744 0 1090519040 0 134283280 16384 8208 0 131072 536870912 0 0 1 0 8 25165824 302514690 0 131264 98565 48 44 1048576 67108864 48 34078752 1073741824 131 0 81920 262240 65536 0 0 2148532224 0 0 353 32 671088640 0 4 2097152 67108864 0 128 0 16777216 134217762 2097152 0 0 2105344 1073742848 67125248 2178940928 2 2147483648 0 0 1024 268500992 1048576 1 0 0 2097152 50331648 2348810240 0 0 2105344 1207959564 0 3221225473 104988672 4 0 0 131072 35651584 0 0 0 0 0 0 0 0 0 0 0 0 0 0 2147483648 20 4194304 2147483648 0 16777216 0 134217744 16384 0 0 0 0 0 0 0 0 0 25165824 524288 0 131072 98304 1075838976 2097152 0 536870913 32 17301504 536870912 2097152 262144 0 22022144 268715520 554762240 4096 17039360 1 0 0 8 131072 0 16 2147483648 134217728 167804928 2048 32 8388608 512 0 1207959552 729089 32768 67150666 2195456 1073741856 0 0 16 0 0 0 134217728 32768 2048 0 1048576 512 0 0 589824 268435456 67108872 2147549184 1073742368 0 0 16 3136 96 0 0 0 0 0 0 2147745792 8398348 3072 0 0 570425344 0 0 16777216 131080 29625972 0 524384 0 0 0 0 0 0 0 0 0 0 0 0 16384 100663296 1024 131083 0 131072
is_linear=0
shrinkage=0.05


Tree=83
num_leaves=63
num_cat=7
split_feature=0 66 3 0 67 0 0 65 68 58 71 70 49 65 47 3 54 3 0 51 41 54 48 51 10 44 59 70 60 70 38 54 70 66 67 58 10 4 63 58 0 49 58 65 14 47 65 63 3 3 52 54 37 51 67 38 14 53 73 20 53 53
split_gain=5.88985 2.9474 2.69672 2.30709 1.71465 1.54683 1.53987 1.60823 1.33134 1.24701 1.20307 1.59894 1.13097 1.09397 1.0154 0.924457 0.98167 0.992229 0.942369 1.55678 1.50284 1.11315 0.888263 0.912214 0.879303 1.0798 1.39739 1.30546 0.968899 0.870047 0.851961 0.809976 0.84307 0.805401 0.912516 0.788066 0.78404 0.775217 1.28222 1.18774 0.912357 0.775151 0.916379 0.750808 0.833549 0.714097 0.703435 0.698118 0.925467 0.69234 0.683382 0.671241 0.718522 0.65424 0.648865 0.623154 0.606568 0.604736 0.601622 0.747323 0.669493 0.655959
threshold=0 14.793333333333335 2019.5000000000002 1 3.0600000000000005 2 3 1437.5000000000002 0.41666666666666669 785.17425163621931 0.75044316656696031 2.1861529480443669 4.6868836291262719 40.025000000000006 -137.25274373563846 2010.5000000000002 3.011345313866578 2011.5000000000002 4 575.72000047015888 0.68301270189221941 492.67546508427557 -0.3780011331606587 236.28630918180804 11.750000000000002 0.6830127018922193 0.22251970313978123 2.1057367635799689 -11.066140829535996 0.96833751044277372 -0.5 5.3623785303425224 5.3349765769252482 6.0900000000000007 9.3300000000000018 847.44634424151548 6.0310889132455356 -0.93301270189221919 1.0000000180025095e-35 6.6657832368752343 5 13.286879099056792 327.65601924803167 204.12000000000003 -0.86602540378443849 43.267522311234714 49.025000000000006 954.01125000000013 2018.5000000000002 2014.5000000000002 -159.4735364211983 300.95312424806019 -1.0000000180025095e-35 -16.511477136374747 1.0800000000000003 -1.0000000180025095e-35 -0.86602540378443849 38.612560423384437 6 0.25000000000000017 -42.560999103196103 403.80352003093896
decision_type=9 2 2 9 2 9 9 2 2 2 2 2 2 2 2 2 2 2 9 2 2 2 2 2 2 2 2 2 2 2 2 2 2 2 2 2 2 2 2 2 9 2 2 2 2 2 2 2 2 2 2 2 2 2 2 2 2 2 9 2 2 2
left_child=24 2 5 13 -4 36 7 9 46 10 11 45 33 -3 -12 41 -17 -18 19 20 21 30 -15 47 25 26 28 -28 -1 37 -19 32 -20 34 -10 -23 57 -7 -39 55 50 42 -8 44 -38 -5 -6 48 -24 -13 -41 52 -32 -35 -52 -40 -14 -2 59 60 -33 -60
right_child=1 3 4 6 8 29 15 -9 12 -11 14 49 56 22 -16 16 17 18 31 -21 -22 35 23 -25 -26 -27 27 -29 -30 -31 51 58 -34 53 -36 -37 43 38 39 40 -42 -43 -44 -45 -46 -47 -48 -49 -50 -51 54 -53 -54 -55 -56 -57 -58 -59 61 -61 -62 -63
leaf_value=-0.014534177094966775 0.005739248702260163 0.010039729200770902 -0.022555414035941402 -0.001672149373201811 0.0084091067404835507 0.0068981504152697496 0.0055601427246576912 0.0045907096427630738 -0.0076132876394126268 -0.01349943695516099 0.011869970475716203 -0.024857268693672725 -0.0033185671305276301 0.00083607112673106355 -0.0013802560933402746 0.0024092907734640655 -0.0059193098198691728 0.0097609637095745147 -0.0040280545030643234 -0.0050311223883123882 -0.0086154416453686263 0.0032412239091987034 0.010588111958008364 0.01047536858490232 -0.019261994774132225 0.004925282160225369 -0.009046450824827185 -0.023364838039179964 -0.0022252765704911118 -0.0092955520460843016 -0.005679071848212338 0.0099992865408760206 -0.023800904094518429 -0.013912873786898414 -0.022120944640817302 0.010624143968179137 0.016001555597743536 -0.024703963864703117 0.013731934327481926 0.015984743552720556 -0.0060118918572470894 0.010387663845842188 -0.010279069582745645 -0.018614788463916471 -0.0080946566017665884 -0.013642975128197255 -0.0033798302409512831 -0.00017229683817073795 0.0024388194780719233 -0.010551121308504257 -0.015604186126814541 -0.003159364993682059 0.0028335353780811795 -0.0026996107236196055 0.0016987619489711591 -0.0011646365282552259 -0.023497608605885456 0.01724525993495268 0.00041072582298523472 -0.013075487817125565 -0.0021651354183770837 -0.0027022953566626256
leaf_weight=20.504572236910462 61.587208369746804 58.056874617934227 16.112407797481865 99.832080490887165 21.11307436786592 27.101619744673371 31.561749821528792 63.873770102858543 44.656562240794301 31.675291448831558 16.072104146704078 11.824760675430296 4.8863622676581171 282.01422444730997 144.0366082675755 545.50079924799502 66.351912695914507 32.965588673949242 43.369511678814888 73.483895234763622 28.36677910387516 71.007799282670021 55.527417175471783 56.509821534156799 18.174934536218643 15.426544497720895 42.921381212770939 25.303977910429239 72.572543120011687 37.122751967981458 26.635443285107613 11.819228785112498 6.1561767775565377 14.767867021262644 14.312912866473196 73.618650108575821 6.5623292177915582 6.0935223810374728 17.735856184735898 7.4640701711177817 90.665301606059074 43.143572684377432 12.849233806133268 5.6881727725267401 7.9211549032479533 14.23430849984288 31.580807585269213 86.474995732307434 93.504694789648056 29.693318720906973 6.0367386396974316 67.607821851968765 357.53816270083189 109.16188556049019 52.878747329115868 11.619960051029919 15.656314519234 14.019249744713305 2495.526987483725 15.076076431199906 263.07805634476244 181.52962745726109
leaf_count=76 419 68 90 379 89 203 198 43 169 29 39 95 50 422 526 529 327 37 396 90 63 66 79 49 61 82 179 71 208 417 35 87 36 109 66 57 67 3 22 21 1156 174 33 14 100 63 32 66 125 117 39 90 825 475 699 147 203 29 4995 89 1579 153
internal_value=0 0.00025709 -0.00299664 0.000627788 -0.00673457 -0.00010967 0.000253714 -0.00263688 -0.00573935 -0.00404179 -0.00309286 -0.00622402 -0.00757395 0.00344453 -5.01659e-05 0.00052633 0.000425353 0.000141608 0.000248913 0.00184586 0.00264224 0.00314964 0.00283751 0.00477039 -0.00836063 -0.0077126 -0.00892126 -0.014357 -0.00493689 -0.00213293 0.00200107 -0.000143837 -0.00648587 -0.00632456 -0.0111345 0.00699932 0.0050127 -0.00101922 -0.00213392 -0.0013961 -0.0031217 0.00561445 0.000977453 -0.00322213 0.00282311 -0.00316598 0.00134369 0.00340148 0.00547514 -0.0146257 0.00150487 0.00143484 0.00224334 -0.00403582 -7.41739e-05 0.0078354 -0.0186977 0.00787274 -3.846e-05 -0.002162 -0.00164213 0.000198891
internal_weight=0 6115.26 624.745 5490.52 272.248 352.497 4858.43 411.242 256.136 347.368 315.693 155.584 203.442 632.088 160.109 4447.19 4359.63 3814.13 3747.78 731.224 657.74 629.373 574.031 292.017 194.904 176.729 161.302 68.2254 93.0771 256.719 484.747 3016.56 49.5257 182.899 58.9695 144.626 95.7781 219.596 192.494 186.401 157.045 87.5546 44.411 20.1717 14.4835 114.066 52.6939 235.507 149.032 41.5181 66.3796 451.781 384.174 123.93 58.9155 29.3558 20.5427 75.6065 2967.03 289.973 274.897 2677.06
internal_count=17255 16578 4619 11959 1283 3336 11150 1291 1193 1248 1219 654 1072 809 565 9859 9454 8925 8598 1263 1173 1110 741 319 677 616 534 250 284 2707 987 7335 432 819 235 123 629 2290 2087 2084 1915 405 231 181 167 442 121 270 204 212 759 950 860 584 738 169 253 448 6903 1755 1666 5148
cat_boundaries=0 21 42 62 85 105 121 122
cat_threshold=0 0 1342177408 134217744 0 33554432 0 6291456 0 0 786432 335544320 17174528 16384 524288 0 0 2147520512 32 272 32 4096 67108864 4 536871106 81920 1073758208 144 67108864 262144 2147483649 0 0 0 134217728 0 2147483648 34079238 1 0 196613 16 0 32768 0 0 33920 32 570425344 0 393216 0 2148532224 1114144 1107296256 97 2383413248 20 0 0 131072 131072 0 1048704 4194304 1 134250624 0 98304 0 65536 32 536870912 2147549696 0 0 2 268435490 536870912 0 809567684 0 72 0 128 1032 96 553648128 0 1040 4128 134481928 0 0 262656 0 0 2049 524288 16392 8389141 144 67108880 0 32768 0 2097168 92274688 536887296 589824 0 0 218103808 0 0 339738624 809040 2147518464 8708 4292608 2048 5769376
is_linear=0
shrinkage=0.05


Tree=84
num_leaves=63
num_cat=11
split_feature=0 49 65 0 59 0 0 54 0 0 64 70 24 64 46 52 47 58 72 8 0 3 0 49 3 24 20 73 48 5 3 77 37 59 52 52 49 47 48 70 59 71 0 49 48 70 59 58 65 70 3 59 50 49 46 34 52 5 54 47 19 71
split_gain=5.76879 2.34418 2.34373 1.92901 1.30438 4.03158 2.39923 2.31341 2.28305 1.91563 1.82132 1.49846 1.43599 4.43503 4.12206 1.45875 1.29385 1.903 1.15317 1.25588 1.62621 1.49276 1.12621 1.10704 1.07096 1.27418 1.02206 0.935049 1.1668 0.908566 1.03964 0.871449 0.859892 0.859489 0.857453 0.841842 0.728008 0.739609 0.963224 0.718729 0.717138 0.712196 1.08415 1.07461 1.14233 0.828996 0.809772 0.900954 0.694517 0.69036 0.714197 0.687753 0.67874 0.675682 0.673607 0.65246 0.893443 0.617055 0.611177 0.608396 0.60747 0.605294
threshold=0 -182.91527737343313 809.80000000000007 1 -43.177737349835475 2 3 0.95393461599311558 4 5 1212.8175000000003 14.004625905068385 0.6830127018922193 55.100000000000009 0.93301270189221952 720.32603670858146 -9.9242746268565138 1.5262116243305903 6 2.5000000000000004 7 2018.5000000000002 8 -23.636841706362713 2021.5000000000002 -2.7554552980815443e-16 -0.68301270189221941 9 -20.863454018374814 0.6830127018922193 2017.5000000000002 1.5000000000000002 -1.0000000180025095e-35 -234.35868225356748 -101.0411023551772 -50.405642468729965 842.13548914702221 -110.65744517256111 -50.298639872186236 1.8826148446026889 -79.103765851625894 70.912167415293496 10 -437.64369322342742 -80.442014387742333 1.756558837272918 -608.65975070699437 413.95807549931072 87.070000000000007 3.9710307416471307 2015.5000000000002 -1.7826699834162498 -41.20184818220843 205.85927346528658 1.0000000180025095e-35 0.25000000000000028 1.3948612164292931 -0.93301270189221919 2.4352857005470816 -101.76395403006173 -0.6830127018922193 19.972974121024418
decision_type=9 2 2 9 2 9 9 2 9 9 2 2 2 2 2 2 2 2 9 2 9 2 9 2 2 2 2 9 2 2 2 2 2 2 2 2 2 2 2 2 2 2 9 2 2 2 2 2 2 2 2 2 2 2 2 2 2 2 2 2 2 2
left_child=1 -1 16 32 6 7 29 -6 -7 35 26 12 15 14 -14 18 -3 -18 57 21 59 54 48 -23 25 52 -9 28 -27 55 -31 49 40 -26 -30 -8 37 -28 -39 -25 -2 42 -34 44 -44 46 -45 -48 -22 50 -19 -15 -11 -53 -20 56 -5 -10 -59 -21 -60 -40
right_child=3 2 -4 4 5 8 9 10 11 24 -12 -13 13 51 -16 -17 17 31 19 20 22 23 -24 39 33 27 36 -29 34 30 -32 -33 41 -35 -36 -37 -38 38 61 -41 -42 -43 43 45 -46 -47 47 -49 -50 -51 -52 53 -54 -55 -56 -57 -58 58 60 -61 -62 -63
leaf_value=0.0051919620970538906 0.0040254904912223072 -0.0034382758993402314 -0.032701900228995516 0.0081474786189897324 0.0085463447171622384 0.0040228270157888716 -0.00064297841193218638 0.0038064177907378254 0.0044659074585378543 -0.013897590548050037 -0.01997916634685323 0.0025895971136146367 -0.0065305277332258624 -0.007131387242427973 -0.045172985069478401 -0.010403761020651429 0.0040898028896834302 0.004234230527546015 0.0059046911645681682 -0.0025444273986025556 -0.010630419203135233 0.0031024935777328724 -0.001089107083581101 -0.0035466892482189289 -0.0060426449294553207 0.013827205372892729 -0.014653250258293586 0.0010365560410493955 -0.0029079937504186944 -0.0063982730521299066 0.0046671075626450852 -0.027926068468707817 0.0097918476155534357 0.00027153336450040367 0.0053900906347865004 -0.010206688773415415 -0.0016817746270734208 -0.0028318967997201169 -0.0085994591724884769 0.00028504512626932929 -0.0037601716540203813 -0.0012129829607445588 0.0030453536397461725 0.0085613690742969636 0.017833600334508558 0.004841744547591109 0.00071448731947096463 -0.0088996085510888081 -0.0036337177415121506 -0.021473465231671797 -0.012204361526986935 -0.0019416189763748967 -0.00088914032847849783 0.0089049657508289744 -0.0031618566183282334 0.00077661987898610188 0.00040570262646957871 -0.013243388872936558 -0.016143242714468421 0.0042514669591030728 -0.0030419857270820084 -0.020337237283775123
leaf_weight=31.715472459793091 48.364280849695206 82.515865219756961 10.264823734760283 239.4052954390645 26.919528882950544 364.41516463644803 36.649074092507362 26.103914361447096 20.118167396634817 17.971978761255741 23.952835261821747 439.02278549224138 15.902474865317345 26.206690909340978 12.192300485447049 35.345798321068287 16.312281046062708 7.4293963778764001 201.8101594671607 40.64847512729466 53.989339586813003 272.39939706027508 760.43298842664808 164.97513768076897 82.517469957470894 33.584078099578619 34.735884726047516 443.13572891242802 38.872289627790451 34.93597486615181 54.095516718924046 10.572797205299137 75.099761378020048 155.37512862682343 156.32462371699512 61.829853042960167 58.552265167236328 82.73825260065496 67.111452266573906 474.00585094094276 76.139111801981926 63.230814956128597 27.338131891563535 27.108744502067566 25.000987514853477 203.49049722403288 172.25480564311147 28.383687645196915 103.38817217946053 17.749058064073324 59.717255517840385 34.267408376559615 22.684135090559721 24.712744772434235 22.800828663632274 50.55706775188446 44.137818619608879 19.023477613925934 9.3774466738104802 173.50927352812141 156.67225772421807 13.132614411413668
leaf_count=9 50 324 7 269 36 631 43 62 99 41 17 188 168 73 14 63 33 96 778 94 619 119 6234 112 34 45 101 1342 61 63 87 74 71 112 397 77 32 181 343 71 95 69 110 34 27 202 338 45 386 60 388 130 61 15 92 59 82 128 53 710 852 26
internal_value=0 -0.00715355 -0.00941732 0.000655359 0.00031327 -0.000180282 0.00157552 -0.00534632 0.000336958 0.000266893 -0.00674171 -0.000113548 -0.000566629 -0.00607312 -0.0233002 -0.00031796 -0.00818718 -0.0116928 -0.000173816 0.000158121 -0.00101987 0.00133333 -0.00192787 0.000433535 0.000975847 0.00195587 -0.00561883 0.00247596 0.00500014 0.00470217 0.00032505 -0.0143895 0.00301675 -0.00191866 0.00373758 -0.00603474 -0.00657889 -0.00802912 -0.00661734 -0.00070425 -0.000735773 0.00381649 0.00438573 0.00327592 0.0101093 0.00252252 0.000450316 -0.000645588 -0.00567348 -0.0127037 -0.0103855 -0.000391588 -0.00663951 0.00260311 0.00498432 0.00600934 0.00694235 -0.00367146 -0.0047544 0.00282944 -0.00378186 -0.0105204
internal_weight=0 236.277 204.561 5976.95 5230.54 3758.46 1472.08 333.247 3425.22 1048.94 306.327 3060.8 2621.78 113.282 28.0948 2508.5 194.297 111.781 2473.15 2267.96 1131.97 1135.99 917.811 911.38 950.465 712.573 282.374 671.917 228.781 423.132 89.0315 95.4685 746.411 237.893 195.197 98.4789 256.27 197.718 162.982 638.981 124.503 621.907 558.677 483.577 52.3391 431.238 227.747 200.638 157.378 84.8957 67.1467 85.1868 40.6561 58.9802 224.611 334.1 283.543 205.191 185.073 214.158 166.05 80.2441
internal_count=17232 991 982 16241 15200 12427 2773 798 11629 2213 762 10998 10810 400 182 10410 975 651 10347 9215 8043 1172 7239 302 2093 1947 745 1845 503 560 150 618 1041 146 458 120 683 651 550 183 145 896 827 756 137 619 417 383 1005 544 484 218 102 145 870 410 351 1132 1033 804 905 369
cat_boundaries=0 21 42 63 82 103 124 146 165 184 185 205
cat_threshold=0 50331648 0 8832 134217728 33554432 4096 0 512 0 524288 218103872 2164658176 134217728 1867776 0 536870912 2147520512 0 0 136 4096 134217728 2415919104 1073741824 593920 0 1 4194304 0 1073741824 2102272 0 0 2147483648 8 4198416 16777408 131136 128 229393 16 8 0 83886212 288 33612800 32 0 0 0 8388608 0 256 0 603979776 2415919104 67108868 268566532 65536 288 260 64 0 128 1157627904 0 58368 4128 0 0 0 8391168 0 0 0 0 2147500032 67108868 306708484 37748753 131072 32 32800 536871424 16386 160 24576 294912 67108864 393216 8225 0 1073741824 0 0 0 0 8390162 16384 4259904 0 4 0 0 0 0 160 16384 0 0 196608 8224 0 0 0 0 0 0 8388610 0 4194304 0 4 512 2049 132100 135168 0 0 0 0 0 128 1040 4096 0 1052944 262144 2155872256 8 0 32768 132 134235200 396288 1024 1342177296 0 17 0 1090519040 134217856 3221225472 2147483648 805306436 16842752 0 268435456 16777216 36 8388736 4194592 301989888 16 2147483648 2097152 1048576 0 0 2097152 18432 136839176 81920 0 0 8388628 0 18 83886080 1073743905 0 35 939524096 19148288 0 0 268435456 0 0 0 0 0 0 0 0 0 0 0 0 0 0 0 0 163841
is_linear=0
shrinkage=0.05


Tree=85
num_leaves=63
num_cat=11
split_feature=0 0 65 66 0 22 67 80 27 3 72 47 56 71 3 66 52 50 63 8 67 26 36 51 56 52 57 67 51 23 0 65 71 47 54 73 57 48 66 23 51 55 0 77 39 54 63 0 10 53 57 71 0 60 3 57 0 53 0 47 54 10
split_gain=5.90244 2.79355 1.97293 1.65914 1.71967 1.48845 1.35123 1.44794 1.21386 1.12188 1.03622 1.19272 1.13728 1.24652 1.03334 1.12203 1.02523 0.939843 1.28071 0.868059 1.74239 1.32131 1.30252 1.60144 1.08181 0.858956 0.846942 0.83369 0.823841 2.04523 1.11683 1.13757 1.42923 1.05038 1.03315 0.985391 0.968647 0.870751 0.964726 0.819499 0.792118 0.786022 0.785761 0.782809 0.781604 1.13761 0.79805 1.02466 0.774441 1.05753 0.979402 0.859372 0.774166 0.863069 0.741298 0.739704 1.09341 0.792853 0.718109 0.705816 0.693615 0.67299
threshold=0 1 88.835000000000008 73.140000000000001 2 0.93301270189221952 290.74000000000007 1.0000000180025095e-35 1.2500000000000002 2020.5000000000002 3 965.05411732881146 806.67935696739949 3.4778232876262574 2014.5000000000002 2.0283333333333338 -90.580163409003333 -460.09802223295736 382.20166666666671 4.5000000000000009 2387.3150000000005 -2.7554552980815443e-16 -0.5 -372.37511011029721 620.85885111107928 1.004214512718214 17.331395911707933 545.0200000000001 109.55495217513568 -1.0000000180025095e-35 4 1500.7750000000003 43.081482654634065 279.26229684643818 492.67546508427557 5 110.55607443525858 82.015875235787533 383.47000000000008 1.0000000180025095e-35 -272.37307609276615 131.48060491355247 6 1.0000000180025095e-35 -1.0000000180025095e-35 3.011345313866578 13.381818181818184 7 -1.25 226.64771754446028 26.008578247624282 7.2728745345008159 8 -114.36629904424633 2018.5000000000002 1.509600879909383 9 46.882686321904352 10 -351.60256517655552 3.011345313866578 9.7631397208144168
decision_type=9 9 2 2 9 2 2 2 2 2 9 2 2 2 2 2 2 2 2 2 2 2 2 2 2 2 2 2 2 2 9 2 2 2 2 9 2 2 2 2 2 2 9 2 2 2 2 9 2 2 2 2 9 2 2 2 9 2 9 2 2 2
left_child=2 19 6 4 41 14 7 25 10 16 11 12 13 17 44 43 -7 -5 26 22 21 -21 -2 -24 -23 -1 27 -19 30 -30 34 32 33 35 36 -32 37 -12 -39 52 -37 -3 -31 -16 45 -6 -46 -48 51 50 -50 -25 -17 -54 -34 58 60 -58 -55 -15 -57 -61
right_child=1 3 -4 8 5 9 -8 -9 -10 -11 28 -13 -14 59 15 39 -18 18 -20 20 -22 24 23 48 -26 -27 -28 -29 29 42 31 -33 54 -35 -36 40 -38 38 -40 -41 -42 -43 -44 -45 46 -47 47 -49 49 -51 -52 -53 53 55 -56 56 57 -59 -60 61 -62 -63
leaf_value=-0.0057970026194052223 0.0097182422117277848 0.0025178167102262393 -0.0018447870816960176 -0.010807295899341506 -0.032624533415479835 -0.023591362052557185 -0.027459275822912674 -0.023611918411617992 -0.0071057699015952304 -0.028250364895538966 0.002123324635714702 0.008247314385023673 -0.0087268336170255693 0.010284801672154127 -0.0068793042350930485 0.0011049720457712918 -0.00099801099048235208 -0.0018250015587015233 0.0017576975750756224 0.0099770796027679118 0.0093877107055964568 -0.00029712746336837129 -0.0027035224772267437 0.0052325914624291167 -0.0092433459279295596 -0.017592761903341463 -0.014599488991418212 -0.014072876916847839 -0.013242130171801564 -0.0046603969340048802 0.002714689159746268 -0.0032737303787927132 0.0082784198520536294 -0.0077841005002307426 0.0097172589945703786 -0.0067935498177850205 -0.0057151595910682204 0.013479129907435947 0.0021893493395043549 0.0010249626156672211 0.00047204966214998495 0.015455895248138824 0.0010860524622052499 -0.024339202948916269 0.0078432432983399688 -0.0020879108003733541 0.0038984488550285025 -0.0036973584748378227 0.0057433562758827973 0.010212921202191843 -0.0018724242505198049 -0.0057655069940668741 -0.014949102429782117 0.0019942754744096919 0.0021338512909549992 0.0097522228023534194 -0.0096930123500641521 0.00043478177616924034 -0.0026396947829679328 0.0021782288784922802 -0.0022673166979063752 -0.0050660793362289382
leaf_weight=83.739107887260616 93.450530782341957 173.31487319618464 78.199569314718246 35.197735130786896 3.808932805433872 6.8424031212925902 12.565167773514984 17.288610570132732 48.907811746001244 8.2015976551920158 201.6681177765131 32.518355682492256 50.945227116346359 21.969401940703392 33.369223155081272 131.1603325875476 18.863771809265021 91.255087904632092 115.41896669566631 25.919195558875799 51.456580877304077 183.46636547148228 91.060902163386345 36.897844210267067 41.42119212448597 18.920388200320303 21.311675064265728 16.389175020158291 30.492248922586441 60.924148947000504 614.82084478437901 137.76023351401091 106.88279935717583 33.623571924865246 68.699377924203873 38.93976216763258 29.28100548684597 41.980471596121788 34.450423628091812 203.6603669365868 1024.1707685925066 12.592004917562006 359.57098362967372 7.948895043693482 50.873876580968499 15.306029230356215 92.149967215955257 68.95412908680737 172.1352884285152 92.540747359395027 55.932853311300278 34.247918233275414 14.987727899104355 95.734428575262427 90.771026775240898 14.533981580287216 123.67846655286849 22.902707375586033 473.29651225171983 179.25589087605476 68.920035853050649 39.04183866083622
leaf_count=330 85 1216 86 37 23 19 28 56 89 40 364 28 47 25 230 1015 159 283 187 50 38 411 66 72 74 129 69 42 41 112 916 100 72 67 59 52 47 65 46 497 1526 33 616 74 47 218 1032 873 144 44 76 35 83 547 44 65 1147 65 2147 321 637 57
internal_value=0 0.000550695 -0.00777393 0.000105082 -0.00120802 -0.00178371 -0.0118595 -0.0102254 0.000716492 -0.012149 0.00082651 -0.00104944 -0.00159747 -0.00089878 -0.00154897 -0.00214304 -0.00701185 -0.00316856 -0.00206834 0.00314103 0.00100665 -0.000712841 0.00431506 0.00326925 -0.0019449 -0.00797099 -0.00549275 -0.00368978 0.00121971 -0.000738255 0.00158916 0.00110887 0.00143091 0.000966014 0.00406578 0.00114135 0.00293495 0.00384572 0.00839038 -0.0018519 0.000204005 0.0032209 0.000168465 -0.0102383 0.00151064 -0.00817277 0.00238384 0.000659851 0.00465758 0.00570482 0.00387561 -6.16378e-05 -0.00247177 -0.00302447 0.00545657 -0.00283866 -0.0052313 -0.00759261 -0.00187141 0.00174232 -0.000155423 0.000882608
internal_weight=0 6045.88 210.713 5167.35 1641.1 1455.19 132.513 119.948 3526.25 33.9078 3477.34 603.303 570.785 519.84 1421.29 1190.19 25.7062 279.573 244.375 878.529 302.263 250.807 576.266 482.816 224.888 102.659 128.956 107.644 2874.04 450.987 2423.05 2046.97 1909.21 1711.55 376.079 1677.93 307.38 278.099 76.4309 1148.87 1063.11 185.907 420.495 41.3181 231.093 19.115 211.978 161.104 391.755 320.609 228.068 71.1458 945.214 814.054 197.654 799.066 230.035 146.581 569.031 240.267 83.454 218.298
internal_count=17203 16574 629 15479 10167 8918 543 515 5312 218 5223 1096 1068 1021 8700 6507 178 618 581 1095 573 535 522 437 485 459 394 325 4127 769 3358 2777 2677 2561 581 2494 522 475 111 6203 1578 1249 728 304 2193 241 1952 1905 371 264 220 107 5706 4691 116 4608 1914 1212 2694 403 702 378
cat_boundaries=0 21 44 65 88 108 109 128 147 163 178 194
cat_threshold=4194336 0 128 128 0 33554432 67584 0 0 4194368 786432 2197815312 67375104 0 18350080 2048 256 2147520512 0 4 32 0 1048576 16777216 16416 134250528 4096 268435456 5242880 16384 268435456 1024 0 0 0 16384 67108869 38273058 268435456 131136 196609 24 0 128 0 0 67108864 134217729 65536 0 32 76021760 262144 0 2131968 268451844 1056768 2164261120 2283798528 4194352 1 65536 8 0 192 0 0 0 4097 0 0 0 0 0 2214592512 2560 4096 1073938432 536969732 2684354560 41945120 536871936 0 0 8388608 17367104 16777232 1024 2147483648 32 0 18 4096 16416 148 0 0 5 4096 0 1 0 2147483648 8388608 132 4194328 268435456 256 39850178 1024 0 0 0 0 16384 0 0 0 0 0 0 0 0 2147483648 0 0 4325392 268435456 0 2097152 2147483648 0 1024 0 50331648 134217736 0 0 2550137344 1718785 116736 122 0 0 0 0 4 69632 33554432 281018368 1610613760 0 16777216 134217856 16777216 0 0 16785408 2359424 131072 15880 4194336 2164264962 268435456 1610612736 1 0 33554432 2097184 587202560 2147483648 131072 0 146800640 1610621961 536872960 14712833 268500992 268435456 1224736768 0 0 0 526336 0 0 0 0 1048576 67108896 3498049536 1281359872 100794368 8
is_linear=0
shrinkage=0.05


Tree=86
num_leaves=63
num_cat=10
split_feature=72 72 66 3 67 3 3 1 67 11 58 66 72 54 67 3 1 27 51 9 72 72 58 44 72 48 60 49 48 50 53 13 51 48 47 5 58 53 65 59 48 58 54 3 72 45 5 52 59 57 48 72 52 56 50 60 57 45 72 72 67 59
split_gain=3.99359 2.02771 1.63058 1.73283 1.9282 1.48199 1.66754 1.46007 1.36799 1.29014 1.26556 1.07105 2.25044 1.93814 1.30021 1.10291 1.758 1.06048 1.01513 0.977511 0.93906 0.836159 1.14928 0.834901 1.05613 1.52189 1.14733 0.827231 1.21882 1.53707 0.812572 0.801051 0.981075 1.07154 0.853345 0.786989 0.974899 0.742474 0.73574 0.775377 0.961984 0.887614 0.741197 0.729459 1.23951 0.791077 0.699088 0.688822 1.00692 0.72931 0.687643 0.679127 0.674509 0.672376 1.56864 0.698673 0.644326 3.83775 1.32176 0.875543 0.971647 0.87267
threshold=0 1 22.715000000000003 2019.5000000000002 11.040000000000001 2015.5000000000002 2016.5000000000002 11.500000000000002 8.0500000000000025 0.68301270189221941 5.0330159218156965 878.08333333333337 2 1178.9013558871409 1697.0000000000002 2014.5000000000002 3.5000000000000004 1.2500000000000002 -272.37307609276615 -7.8971143170299731 3 4 6.6657832368752343 0.6830127018922193 5 430.55770260265911 -14.70698713791934 -3.6094146786953671 -2.5006223130423186 -7.7113353022077638 -45.147546220562383 -0.68301270189221919 -219.60092997618753 125.00494486683463 35.221666330663339 -0.93301270189221919 212.49024143037903 -5.9663266254103844 8.0250000000000021 0.19066916134712567 -7.5677798346291771 11.141754647261607 1.5408007968830992 2013.5000000000002 6 0.68301270189221941 0.25000000000000017 -149.22072009802946 -137.6799621320946 -31.690896323960597 -23.604941688163066 7 -38.562431968064878 491.08373012045115 -248.12503656525638 12.747723168219748 12.129037333113816 -1.0000000000000002 8 9 101.02500000000002 93.990348080514096
decision_type=9 9 2 2 2 2 2 2 2 2 2 2 9 2 2 2 2 2 2 2 9 9 2 2 9 2 2 2 2 2 2 2 2 2 2 2 2 2 2 2 2 2 2 2 9 2 2 2 2 2 2 9 2 2 2 2 2 2 9 9 2 2
left_child=8 5 3 7 -5 9 -7 18 37 30 -10 12 15 14 17 16 -4 20 -3 -17 31 22 -20 24 47 26 46 -6 29 -29 -2 -14 -33 34 -34 -12 38 -1 42 41 50 -40 -37 51 45 -45 -26 -8 -49 -50 -41 -22 -18 -13 55 -55 59 -58 -59 61 -61 -46
right_child=1 2 11 4 27 6 23 -9 10 -11 35 53 13 -15 -16 19 52 -19 21 -21 43 -23 -24 -25 25 -27 -28 28 -30 -31 -32 32 33 -35 -36 36 -38 -39 39 40 -42 -43 -44 44 56 -47 -48 48 49 -51 -52 -53 -54 54 -56 -57 57 58 -60 60 -62 -63
leaf_value=-0.030417568764147657 -0.0034485128689462057 -0.014141909426275637 -0.02514134511526471 -0.01332193313438061 -0.00095141097410380193 0.011777308912510933 0.0030329678942434251 -0.0099224771064862077 0.0028913977619643445 0.0023330925873959688 0.0049384476616470283 0.0053851426171337589 0.010097402910946442 0.013866778024771324 -0.011668813045455452 -0.0072599303309439783 0.0045469827074833555 -0.0065668648379383441 0.022651809328092007 -0.00093826197097327143 -0.0010045741340202804 -0.00019296071137149423 0.0036881784834827923 0.0081929844032213855 0.0025740018527866458 0.012252351425042206 0.0049759280574182543 -0.0037168101868381882 -0.0035715332979723438 -0.030061968119014616 -0.018742533809506138 -0.0059924465170131218 0.0042442252666532393 0.011586487479836698 -0.0081425577671765149 -0.0079787303829389616 0.0038599766087200858 -0.011586198919135683 0.0092373625546361502 -0.011322289238166451 -0.020533244371135018 -0.0061065078853996448 -0.024083075588461095 -0.0058558487062014691 -0.00016426227755987827 0.0030099066742796049 -0.0054005994663971863 -0.0082139324910603159 0.0053465160618403531 -0.0033374205522761591 0.0028672119198223959 0.0051569028939182984 -0.011315370879597378 0.0053106780221471687 -0.0035558543692988591 0.00035704367194045687 -0.020584816651647419 0.0034322278889341081 -0.0013435200441054619 -0.00065357069964208636 0.0021092374299141025 -0.0073671393595110286
leaf_weight=7.2826948557049063 17.997065052390099 10.948846008628605 14.562630660831926 54.178835730999708 174.46239016763866 57.493481189012527 93.811317801475525 33.777070607990026 43.671544309705496 40.063435673713684 13.649287274107335 157.22248667478561 45.904991671442986 27.661299884319305 21.536262005567551 81.137541746720672 13.109617263078688 50.045704051852226 8.6449399720877391 248.23649902641773 65.249605163931847 295.00426624529064 105.39138568006456 67.30102539435029 56.085186529904604 49.147533178329468 208.9329654853791 10.955208642408254 69.916680954396725 11.193172376602886 16.784309774637222 27.42293968051672 54.765693444758654 36.455233845859766 18.635555945336819 14.24939199537039 16.810969598591328 18.609411930665374 11.60354572534561 26.870793148875233 18.911649074405432 50.208043629303575 14.329851487651466 125.70753336511552 183.45821019262075 31.457304928451777 53.888064585626125 50.041441351175308 43.34916028380394 54.670064806938171 12.514871597290041 142.01270331628621 13.711133433505895 185.59954863786697 110.43841862678528 115.46430420875549 23.423835813999176 191.00136180594563 508.89856467396021 417.07685668952763 1342.8227185755968 54.556201122701168
leaf_count=66 60 53 42 398 659 68 97 500 122 16 53 81 53 20 27 227 31 101 54 612 387 3028 898 36 57 46 233 57 381 77 41 35 147 51 54 35 26 131 44 122 87 211 75 628 359 77 55 61 46 71 57 766 93 76 61 69 37 405 1370 1479 1900 93
internal_value=0 0.000574851 0.000202131 -0.00190967 -0.00472292 0.00288359 0.00360199 7.86355e-05 -0.00577263 -0.00378345 -0.00474066 0.000582287 0.00027479 0.000684121 0.000577007 -0.00337124 -0.0111557 0.000656469 0.000882961 -0.00249553 0.000767058 0.00128513 0.00471254 0.00290795 0.00232478 0.00395484 0.00280011 -0.00297494 -0.0068095 -0.0170309 -0.0108289 0.0041529 0.00246763 0.00457947 0.00109939 -0.00660115 -0.00755286 -0.0168829 -0.00884322 -0.00712756 -0.0112642 -0.00322609 -0.0160536 0.000550809 0.000346303 -0.00383718 -0.00133364 -0.000306506 -0.0024431 0.000503064 -0.00681355 0.00341751 -0.00356207 0.0026038 0.00154114 0.00341086 0.000599816 -0.000676659 -1.03845e-05 0.00106495 0.00144626 -0.00174207
internal_weight=0 5891.61 5082.05 774.473 320.706 809.565 734.72 453.767 248.712 74.8448 222.82 4307.57 3738.85 3368.09 3340.43 370.757 41.3834 3318.9 419.989 329.374 3268.85 409.041 114.036 677.227 609.926 368.054 318.906 266.527 92.0651 22.1484 34.7814 183.184 137.279 109.856 73.4012 179.148 165.499 25.8921 148.688 120.109 58.2973 61.8116 28.5792 3085.66 2878.4 157.165 109.973 241.872 148.061 98.0192 39.3857 207.262 26.8208 568.725 411.502 301.064 2721.24 723.324 699.9 1997.91 1759.9 238.014
internal_count=17302 16273 15386 6105 1572 887 770 4533 1029 117 832 9281 8994 7989 7969 1005 166 7942 4033 839 7841 3980 952 702 666 391 345 1174 515 134 101 340 287 252 201 710 657 197 631 521 266 255 110 7501 6348 705 112 275 178 117 179 1153 124 287 206 145 5643 1812 1775 3831 3379 452
cat_boundaries=0 22 45 66 89 110 133 154 177 198 221
cat_threshold=671088640 269090944 75497472 576 0 0 0 0 16777216 268468224 2113552 536870912 8388640 134221824 1115136 0 65544 0 2349072384 0 0 16388 1048576 1048576 536870912 0 0 0 18432 0 64 16384 2048 0 67109120 268435456 536903680 1174 67371072 384 536870912 75497984 2162704 2147483648 1 0 0 16777216 65536 0 0 8192 0 0 16785408 268566787 263544 268697600 131072 2147484160 8437760 2147491840 0 1073741824 32768 33554496 2097152 0 0 262144 0 0 0 0 0 33554432 0 0 0 0 50462720 2048 268976144 0 65536 256 928 0 256 268435968 1074005520 2147483648 129 4194304 0 8192 0 541151232 71172 1024 134217744 512 32 131072 0 537395200 0 524288 0 1 0 0 536870912 0 0 0 16384 0 0 0 0 0 0 0 536870912 0 64 0 0 75497472 16 0 1 1073741824 0 0 1 0 0 0 0 0 2048 4096 33685504 33554432 32768 0 268435488 0 0 0 409600 8 0 0 1 4096 0 0 4096 0 0 0 40 0 150994945 536870912 20 0 1 0 0 0 0 1 1024 0 0 0 16384 0 0 4096 0 0 67108864 1024 0 151552000 4 12 67108864 536871169 0 0 4 268435456 0 0 2097152 0 0 0 4096 0 0 67108864 1024 0 540540928 1114372 8 0 5376 0 16777216 0 2 8388608 16
is_linear=0
shrinkage=0.05


Tree=87
num_leaves=63
num_cat=11
split_feature=0 0 50 0 0 70 0 55 54 59 24 50 0 48 0 27 48 59 49 64 58 84 51 60 47 52 0 72 73 42 55 48 49 0 49 38 54 67 70 47 55 38 47 55 47 60 50 60 70 70 59 70 70 65 43 65 51 65 9 49 43 70
split_gain=5.63271 2.80959 2.18558 2.69679 1.72944 1.308 1.25259 1.40203 1.37082 1.12853 1.52693 3.61429 1.2803 1.0474 1.02538 0.959655 0.994636 0.956054 1.38577 0.971156 1.27955 1.31204 0.95044 1.36745 1.04883 0.943574 0.894496 0.793064 0.977613 0.797569 0.76489 0.753809 1.07404 0.996888 0.736018 0.734939 0.729614 1.2406 0.877755 0.753901 0.725436 0.720971 1.25185 0.686506 0.674852 0.749202 1.12805 0.651928 0.642932 0.622435 0.565593 0.553491 0.544798 0.548823 0.541442 0.525872 0.832908 0.527498 0.522779 0.521299 0.51837 0.615807
threshold=0 1 -28.213391981598956 2 3 1.494068600138956 4 197.92231044763369 388.08158232710247 -13.782881139857516 0.6830127018922193 -20.642946284783779 5 383.17531457823628 6 0.93301270189221952 -86.356574498825609 -190.31727279577959 74.424605867055519 2.0350000000000006 7.9504049155955494 1.0000000180025095e-35 -331.52664385641782 356.49594071825504 8.3441056064309844 42.367513860594116 7 8 9 -0.68301270189221941 -43.08565861138279 -400.38372418224901 -240.26110383303157 10 -117.60578601262989 -0.68301270189221941 269.56972121247799 641.2700000000001 6.0003467005662783 -286.77269209082613 -7.9706783453177161 -0.93301270189221908 -7.2537587844610174 -20.064751312626264 -41.925610549052315 68.628859537250776 -248.12503656525638 183.39282726981756 2.6786117953919724 1.1923743536010216 -5.1015008936088284 4.5116580859041786 0.78696874457404953 771.29500000000019 0.68301270189221941 4.0250000000000012 -23.203859692986377 32.040000000000006 6.1232339957367663e-16 -40.200524588887411 0.68301270189221941 3.0788002352235537
decision_type=9 9 2 9 9 2 9 2 2 2 2 2 9 2 9 2 2 2 2 2 2 2 2 2 2 2 9 9 9 2 2 2 2 9 2 2 2 2 2 2 2 2 2 2 2 2 2 2 2 2 2 2 2 2 2 2 2 2 2 2 2 2
left_child=17 5 6 13 47 22 7 8 44 14 12 -12 54 36 -6 25 -17 -1 19 -19 21 -21 -2 24 43 31 -27 50 41 -30 34 32 -8 -33 -7 -22 37 38 39 -4 -13 42 -29 52 45 46 -3 -5 -42 -46 -14 -16 53 -24 -11 -37 -57 -58 -28 -26 61 -41
right_child=1 2 3 4 9 30 15 -9 -10 10 11 40 27 -15 51 16 -18 18 -20 20 35 -23 23 -25 59 26 58 28 29 -31 -32 33 -34 -35 -36 55 -38 -39 -40 60 48 -43 -44 -45 49 -47 -48 -49 -50 -51 -52 -53 -54 -55 -56 56 57 -59 -60 -61 -62 -63
leaf_value=-0.00078705268241634251 -0.0026893524625476927 -0.0048114761150474849 0.0035483128910691556 0.0020838043117436381 0.0040191029954885519 0.0052675240887006293 0.00024661554191858298 -0.0054475052612440568 0.012451476213275622 -0.0073479093554512853 -0.039810763332963683 0.0035254122724093194 0.010784054264242572 -0.018857812420305761 -0.00012239915134544494 -0.013121115773670276 -0.00071011204087200819 0.0030734916326652494 -0.016906299899229867 -0.027102279469129759 0.0047834604367974556 -0.0069081781202846252 -0.0007403746120747016 0.0078855653282231732 -0.0071940841412965395 0.002970570221807055 -0.0086901345869041663 -0.035894150058782215 0.0036962525732628111 -0.00099958021056170709 0.0070501942658104501 -0.0011219533857556373 0.010305656242901525 0.0016191848729162591 -0.0019854671480350342 0.0020968750569927827 0.00078149109851350816 -0.022255130262885708 0.0026280543844065373 -0.0091397888370319431 -0.0041151282126522404 -0.0030581589768595187 -0.0016079117705877493 0.0064017328829495948 -0.0034142709382338544 0.014263729927055137 0.0078979736741711538 0.008455904542469625 -0.019150310391661301 0.0045868080005494055 0.0013838316350375142 -0.0078783428282548293 -0.0030913807530583842 0.0094501974442384104 0.0024754257447764127 -0.0030617162346671346 -0.0085545189707520852 -0.019224681836077034 -0.0023764156672763841 -0.00016697367144042442 0.0011889419717610308 -0.022853569935437242
leaf_weight=46.579275242984295 110.66941784322262 24.88379293680191 12.900186292827128 226.26884624827653 161.31260102987289 90.211379811167717 53.153620731085539 33.229789853096008 55.197527669370174 125.85013617575169 8.5464622974395734 17.660224269144237 18.199755904264748 16.605500906705856 407.38212012499571 24.97398242726922 45.654186364263296 22.133632030338049 41.341505885124207 16.023340187966824 14.657773333601652 16.150671329349279 28.140562459826469 92.220111966133118 43.825519286096096 51.011308677494526 51.778723433613777 4.608655909076333 109.45484700985253 520.06528901401907 235.06886106729507 438.88741873390973 52.993535190820694 1294.2350826049224 57.128625482320786 13.109514622017739 34.69787061214447 12.640514515340326 24.770956076681614 76.333674009889364 21.485329859890044 391.23970351088792 6.3037264049053174 88.316538494080305 48.977955885231495 23.201725870370865 58.510938838124275 48.79608179628849 10.627248546108602 48.256586827337742 132.49676133319736 24.379422303289175 53.960790351033211 24.905553176999092 15.786904022097586 37.201059110462666 27.479367703199387 20.022844228893518 89.381941812112927 66.346233583986759 10.445203747600315 9.1692723762243968
leaf_count=43 151 54 13 1013 504 90 111 33 51 546 14 69 106 30 1843 49 158 55 50 31 57 133 76 97 78 114 295 33 388 1563 186 601 41 2371 62 54 47 28 46 445 160 2818 80 142 125 35 128 96 24 77 658 72 100 41 43 79 137 77 376 116 44 39
internal_value=0 0.000472114 -4.93215e-06 -0.00105547 -0.000545264 0.0030366 0.00106915 0.00408169 0.00546173 -0.00106612 -0.00185431 -0.00977227 -0.00150554 -0.00651019 0.000753009 0.0006279 -0.00509862 -0.00698796 -0.00871155 -0.00668021 -0.00817273 -0.0169653 0.00140899 0.00254941 0.000938577 0.000830087 -0.00250367 -0.00092898 -0.00142781 -0.000180251 0.00527981 0.00117841 0.00526855 0.000927901 0.0024553 -0.00565749 -0.00573688 -0.00728326 -0.00586691 -0.00780013 -0.00461438 -0.00332895 -0.0160881 0.00313886 0.0035689 0.00631666 0.00410566 0.00310145 -0.00909083 0.000556589 0.00236234 -0.000547654 0.000445901 0.00404418 -0.00584063 -0.00722212 -0.00866442 -0.0130521 -0.00438191 -0.00296231 -0.00932593 -0.0106104
internal_weight=0 5733.15 4842.36 2448.03 2250.46 890.794 2394.33 292.258 259.029 1975.4 1382.33 58.3193 1324.01 197.563 593.074 2102.07 70.6282 254.699 208.12 166.778 144.645 32.174 508.385 397.715 305.495 2031.44 192.172 1182.37 1031.67 629.52 382.409 1839.27 106.147 1733.12 147.34 112.471 180.958 146.26 133.619 108.848 49.7728 402.152 10.9124 195.323 203.831 106.596 83.3947 275.065 32.1126 97.2345 150.697 431.762 107.007 53.0461 141.637 97.8128 84.7033 47.5022 141.161 110.172 95.9482 85.5029
internal_count=17196 16480 15341 10722 10030 1139 4619 503 470 8921 6502 267 6235 692 2419 4116 207 716 673 623 568 164 801 650 553 3909 785 5646 4882 1951 338 3124 152 2972 152 404 662 615 587 541 253 2931 113 359 419 217 182 1109 184 202 764 1915 217 117 589 347 293 214 671 194 528 484
cat_boundaries=0 21 42 63 83 104 127 146 163 185 186 207
cat_threshold=0 16777216 537919616 258 8192 33562624 0 0 512 0 524288 2231369728 266241 8388608 303628288 4194432 268435456 36864 0 0 32 4096 0 285212672 1073741824 32896 0 268435457 0 0 1074266112 0 0 0 0 2097152 16777236 8913506 4390921 0 229633 80 0 67108864 0 48 0 4096 134234144 0 16384 32 32768 301989892 16908288 134217728 2151677952 67108864 0 0 272630256 0 4 48 1075839296 0 0 32 0 0 1140850688 0 8704 268444672 262152 0 16777224 134234120 8388608 1173 4 65536 16 8 0 1073741824 0 0 4096 16416 0 0 268436520 0 0 0 0 2147483648 2214596609 0 67108882 268566720 0 4 1024 671088768 513 67109888 0 16416 0 0 0 2155872256 0 80 0 2217213952 2 545 33554432 80 0 4 0 0 128 2098244 671088800 0 0 0 524320 9216 2147483648 0 8390656 2560 0 1048576 2684354560 2 4131 37748736 80 537001984 2128 32 67108864 32 0 16384 0 0 2147483648 1 2048 0 0 0 0 8388608 16777216 75497600 1048576 2198339584 0 0 0 0 0 2151710784 2147492866 256 0 0 268435520 65536 8388608 131072 0 2147811328 524288 8388864 1024 19668166 2132 524352 2155872768 16401 1056 0 128 0 2147483648 10304 2048 0 0 0 16384 8388608 553649552 32 4194304 0 8
is_linear=0
shrinkage=0.05


Tree=88
num_leaves=63
num_cat=9
split_feature=0 0 73 59 60 66 66 3 67 71 72 65 57 28 50 64 66 59 0 48 53 46 56 8 21 65 50 78 52 10 1 73 48 0 50 48 3 67 48 65 65 0 65 91 59 52 59 10 57 60 1 65 51 26 0 10 54 34 57 3 57 50
split_gain=4.05435 1.77665 1.43096 2.70044 1.42396 1.61051 1.09406 1.18838 1.12933 0.978885 0.871036 1.21028 3.33435 1.23495 1.22004 0.847105 0.9826 0.836268 0.977779 0.789734 1.11174 0.802816 0.754553 0.784383 0.743709 1.18284 0.732076 1.20003 0.71888 0.752554 0.685967 1.33706 1.23107 0.851304 1.03544 1.76505 0.824069 0.719388 1.34507 1.00531 0.724441 0.857904 0.812365 0.692915 0.676413 0.669984 0.669229 0.662981 0.659607 0.653653 0.653404 0.861694 0.642583 0.640036 0.632382 0.988654 0.865686 0.629841 0.674497 0.904072 0.628164 1.15354
threshold=0 1 2 -0.42712568898528142 -18.997462384918876 18.040000000000003 20.345000000000002 2016.5000000000002 6.5000000000000009 2.5714909920011371 3 2422.6400000000008 129.18902421768524 0.6830127018922193 176.85296356236319 35.545000000000009 118.03166666666668 -106.69730047177121 4 -19.270272230624411 6.3847422955049877 0.6830127018922193 2.6866711800312442 3.5000000000000004 -1.0000000180025095e-35 39.045000000000009 -99.044780004395406 1.0000000180025095e-35 720.32603670858146 -17.160254037844382 1.5000000000000002 5 -67.05084391912213 6 -114.78435687203033 -735.19865369324054 2018.5000000000002 862.87000000000012 847.59242378093211 1332.7150000000004 652.80000000000007 7 44.060000000000009 1.0000000180025095e-35 4.7189997672332806 278.89484825938058 5.0474514102877857 5.7500000000000009 -15.002679780926011 -114.36629904424633 3.5000000000000004 536.65500000000009 -98.314702361254476 0.6830127018922193 8 21.325317547305485 80.460147521030095 -0.93301270189221908 47.622579530194926 2019.5000000000002 215.179877251063 13.239810754192739
decision_type=9 9 9 2 2 2 2 2 2 2 9 2 2 2 2 2 2 2 9 2 2 2 2 2 2 2 2 2 2 2 2 9 2 9 2 2 2 2 2 2 2 9 2 2 2 2 2 2 2 2 2 2 2 2 9 2 2 2 2 2 2 2
left_child=4 28 3 -3 48 9 7 17 47 22 11 12 13 14 15 16 -8 -4 26 20 21 -10 23 -6 25 -20 -19 -28 29 -2 31 -12 52 34 35 -32 -36 38 40 -39 41 42 43 -35 -7 -42 -21 -9 -1 -50 -38 -52 -33 54 56 57 -43 -56 -59 -60 61 -31
right_child=1 2 6 -5 5 44 10 8 19 -11 30 -13 -14 -15 -16 -17 -18 18 24 46 -22 -23 -24 -25 -26 -27 27 -29 -30 60 33 32 -34 37 36 -37 50 39 -40 -41 45 53 -44 -45 -46 -47 -48 -49 49 -51 51 -53 -54 -55 55 -57 -58 58 59 -61 -62 -63
leaf_value=-0.023825920328092512 0.0076538266100064159 -0.027391318074230592 0.016053031432356819 -0.0018929349806719124 -0.02516829188502237 0.00081390002266868268 -0.0029222180872764845 -0.0069940901653074653 -0.0077893081392272235 -0.027671175972782361 0.0027774110435649325 0.0069163164753613714 -0.021311670298877865 0.0082754616683184037 -0.013177202495332047 -0.0002695504463215603 -0.019493069258151002 0.0074420596289119919 -0.028814490693670439 -0.00055794393112510528 0.015571500002924782 -0.026378302539708201 -0.0047083604906667329 -0.0069179117754499453 0.0027304696704397581 0.0032649687532905003 -0.00857819452238919 -0.040447896012296869 -0.0034972126774374824 0.0029686563280560854 0.011205267954022923 -0.0065272097938502988 -0.0014611618207339171 0.012788231095891184 0.0075078557321618389 -0.001885505171396746 0.0072663897569666047 0.0033544431308091178 -0.0091370894625195202 -0.0012738041040078639 0.0032600428116921557 0.00010876674602765817 -0.0061968656391385444 -0.004656327330644609 -0.0073671034256295653 -0.0028721775239302183 -0.0059724494783081261 -0.020582743256670692 -0.00097561054177851064 -0.01625992787380439 0.0029617260106987449 -0.0057693333943693624 -0.01737684010067923 0.0028472222697895058 0.0028483119013057836 -0.011141170497324084 0.0052205098372259083 -0.00042427414162187084 -0.0013812649703640201 -0.012451946557130129 0.0056657168151688052 -0.0029012655573025306
leaf_weight=13.200033146888016 79.48933157324791 14.394581936299799 9.2007706463336927 37.2651611790061 11.390913039445879 100.85149052366614 29.165508987382054 44.262175688520074 35.088436834514141 7.3531377837061873 94.160422146320343 35.285873889923096 22.731756210327148 29.383747600018978 24.418199174106121 222.97559240460396 12.904020734131334 4.7033303529024151 4.953707577660678 334.73712459672242 4.3917129859328261 6.9604012072086325 45.359305776655674 12.185509534552692 190.82432771660388 6.842852521687746 15.777924111112954 3.6340950429439536 44.239669948816299 379.31028757616878 29.958124585449696 36.911283779889345 103.11236897110939 11.646368753165008 130.76496762037277 183.28333831951022 51.171846970915794 425.58868282288313 38.456177294254303 161.98778170347214 306.82112222909927 254.52592739276588 100.36776253953576 11.134950667619703 33.711943607777357 52.106329768896103 68.797714012674987 11.259470316581426 11.365240181796251 18.192028138786558 109.58048694953322 38.079233460128307 21.652621261775494 205.60933626815677 137.46501025371253 21.652707308530807 122.77856704965234 1332.5855159480125 55.351153369992971 27.655412629246712 123.54057851433754 107.39293874800205
leaf_count=33 110 79 43 92 27 151 202 263 406 53 204 16 16 37 32 518 51 8 39 1672 31 65 408 131 1712 89 293 9 74 505 29 71 368 80 267 318 67 243 58 63 435 858 469 29 79 110 704 110 17 115 176 59 62 183 416 32 275 3525 204 77 125 217
internal_value=0 0.000358743 3.36724e-05 -0.00753858 -0.00597738 -0.00452593 0.000123523 -0.00165423 -0.0030218 -0.0103295 0.000420583 -0.00185045 -0.00281025 -0.00149122 -0.00248264 -0.00149737 -0.00800501 0.0012758 0.000676151 -0.00219165 -0.00836624 -0.0108664 -0.00847973 -0.0157356 0.00188431 -0.0102061 -0.00724997 -0.0145445 0.00264538 0.00307773 0.000634152 -0.00187053 -0.00447264 0.000804066 0.00262023 -4.63928e-05 0.00442497 0.000492648 0.00014656 0.00207849 0.000281807 -4.67842e-05 -0.00394203 0.00426176 -0.00123567 0.00236981 -0.00148105 -0.00974979 -0.014533 -0.0103829 0.00239746 0.000710116 -0.0105386 0.000192918 -8.56769e-05 -0.000527474 0.00172642 -0.000382894 -0.00069667 -0.0050697 0.00248165 0.00167344
internal_weight=0 5968.34 5234.37 51.6597 253.61 210.852 5182.71 741.434 505.497 76.2889 4441.27 376.865 341.579 318.847 289.463 265.045 42.0695 235.937 226.736 449.975 46.4406 42.0488 68.9357 23.5764 202.621 11.7966 24.1153 19.412 733.973 689.733 4064.41 255.837 161.676 3808.57 542.838 213.241 329.597 3265.73 2678.16 587.576 2639.7 2280.77 123.149 22.7813 134.563 358.927 403.535 55.5216 42.7573 29.5573 198.832 147.66 58.5639 2157.62 1952.01 1574.71 377.304 1553.06 1415.59 83.0066 610.244 486.703
internal_count=17210 16196 15165 171 1014 849 14994 5444 3251 619 9550 872 856 840 803 771 253 2193 2150 2878 502 471 566 158 1840 128 310 302 1031 957 8678 705 501 7973 916 347 569 7057 6751 306 6693 6148 578 109 230 545 2376 373 165 132 302 235 133 5570 5387 4254 1133 4222 3806 281 847 722
cat_boundaries=0 19 42 43 65 79 80 101 120 139
cat_threshold=0 67108880 1074790400 134218000 4128 33554432 0 0 512 0 786432 84018192 554045440 2097152 524288 2048 0 4096 196608 4096 0 16777216 0 16 4096 0 0 0 524288 2097152 0 1 2147483648 2149580800 4194309 526048 71303170 536871040 33025 8 0 128 526336 1 0 0 131073 0 0 0 0 2097152 16785408 16777482 262152 8650752 134217728 538443776 293601280 256 0 335544320 2048 4194308 1088 0 0 0 8192 98304 0 0 0 0 0 100663296 1 14680064 134219264 25166864 0 1342177312 2147483652 1073758402 33555456 0 16 71303168 16384 1073741824 0 0 0 0 0 3229614080 18 196609 0 65536 48 0 0 0 0 0 0 5 0 0 0 3072 268451840 0 8 268435458 67108864 20971520 33554440 72 2147484680 134217856 268435456 0 128 16777216 2048 1207959552 327680 2147745792 16798208 3760193536 16384 0 8 512 268566529 48 2
is_linear=0
shrinkage=0.05


Tree=89
num_leaves=63
num_cat=7
split_feature=0 0 47 55 67 0 3 67 69 10 0 53 60 70 60 67 47 63 32 65 60 60 60 65 56 47 52 0 8 55 47 3 5 71 42 50 50 37 57 55 57 9 37 67 90 55 73 67 67 8 50 53 1 22 10 67 27 73 50 57 70 54
split_gain=4.14207 1.89312 1.43061 1.45652 1.39428 1.01377 0.939913 1.41159 0.881065 1.64792 1.49074 1.29444 1.31651 1.38308 1.25382 1.25063 1.82614 1.09556 1.01821 1.28639 4.16698 0.96417 0.920208 0.854041 0.989018 0.844426 0.836215 1.16612 0.775434 0.984671 1.03976 0.746744 0.732449 0.718551 0.989453 0.707839 0.70536 0.696141 1.82781 0.695853 0.944465 0.695596 0.691727 1.74164 0.673799 0.657019 0.655807 0.807338 0.642796 0.766048 0.62562 0.611863 0.603189 0.64941 1.12691 0.727748 0.597688 0.679433 0.9316 1.90798 2.30495 0.597609
threshold=0 1 -2.7836799773786551 19.683971914205973 44.185000000000009 2 2019.5000000000002 5.2150000000000007 0.83333333333333337 19.959292143521051 3 -122.68301937926765 -2.4325442143275953 2.3203219276156619 787.77067755342796 1432.6350000000002 -286.77269209082613 6.1833333333333345 -1.0000000180025095e-35 51.025000000000006 48.321419174898338 677.60551859146847 -202.76717273018244 989.98000000000013 491.08373012045115 386.87274958532481 922.11541127116379 4 3.5000000000000004 -41.477044135002735 199.31425678604623 2018.5000000000002 -0.93301270189221919 6.7825259720981519 0.6830127018922193 53.061473407032942 2.4766556991395814 -1.0000000180025095e-35 14.675283272167606 1.7873854632349431 0.63444927832047149 -0.93301270189221919 1.0000000180025095e-35 3.0600000000000005 1.0000000180025095e-35 38.538652947457109 5 129.32500000000002 24.205000000000002 3.5000000000000004 -28.886863234872788 -153.76859151859125 11.500000000000002 -0.25000000000000006 -3.4820508075688763 7.3500000000000005 -1.2500000000000004 6 472.95255481307703 27.795685619488715 1.2373621639088228 45.846887127266562
decision_type=9 9 2 2 2 9 2 2 2 2 9 2 2 2 2 2 2 2 2 2 2 2 2 2 2 2 2 9 2 2 2 2 2 2 2 2 2 2 2 2 2 2 2 2 2 2 9 2 2 2 2 2 2 2 2 2 2 9 2 2 2 2
left_child=2 28 44 36 5 35 52 -8 9 11 15 12 13 -6 17 16 -10 -12 31 20 46 26 -13 24 37 33 27 -21 51 -30 -31 -19 -29 34 -18 42 -4 38 -24 -9 -41 -42 43 -3 -1 61 47 50 49 -45 -20 -2 53 54 -7 -55 -34 58 59 -58 -61 -39
right_child=1 4 3 -5 8 6 7 39 10 -11 14 22 -14 -15 -16 -17 25 18 19 21 -22 -23 23 -25 -26 -27 -28 32 29 30 -32 -33 56 -35 -36 -37 -38 45 -40 40 41 -43 -44 48 -46 -47 -48 -49 -50 -51 -52 -53 -54 55 -56 -57 57 -59 -60 60 -62 -63
leaf_value=-0.0027695442608323458 0.0079814764907263688 -0.030102638743518713 -0.0040326266426781512 -0.023341454257000155 0.0030620527758906634 -0.00041568303038383387 -0.015400936356289927 -0.0011268100934183568 -0.015523858604117475 0.010915494044185863 0.0093590610571748813 -0.0058480907298557455 0.00081084124442277116 0.016056532561920502 0.005363526502070593 0.0033309854965762431 -0.0026658554890958228 -0.0028266534801917268 0.0037348737605776847 0.0072134628379718962 -0.030209287959019761 -0.0082877844447741943 0.0035723550557196491 -0.0038034104606817446 0.0085257298554024166 -0.011670376422138759 -0.0080074287523931482 0.0037519969224164584 -0.00328951353331457 0.0039177575852449393 -0.0033124371413469377 0.0052202199821680352 0.0046436299377793219 0.0019386936549474301 -0.015577605816795681 -0.022505334523911777 -0.019440632071531332 0.001754621970783121 -0.016670415161620648 -0.023213798094204222 -0.015218898446249221 -0.0012103594301126116 0.0019308840929102705 0.0027969634064708938 -0.010304014898471549 0.0045687840286198463 -0.004085319463767746 0.0052101881339880647 -0.011258553094758044 -0.0078977059436227213 -0.0088136386105188407 0.0031596055793624948 -0.0061321229027669075 0.0071250422953327511 -0.018946743574599627 0.00091676373312319878 -0.0013510849356571726 0.00014250258352937272 0.004862243317835923 -0.003001419193739615 -0.023451064711856585 -0.0015191887847159748
leaf_weight=168.65027215145528 85.893342562019825 7.6241733748465768 34.141956098377705 21.273150686174631 40.036871137097478 45.044324360787868 21.265615852084011 286.60498105548322 34.522780735045671 44.622917506843805 31.181940101087093 55.220516227185726 84.389824867248535 41.914596229791641 115.679453574121 57.59572833776474 120.62719595432281 36.20575800538063 16.123743109405041 49.597348615527153 13.988106645643709 34.007841661572456 26.003759138286114 90.781404547393322 44.859436094760895 26.188774161040783 30.587129652500153 129.55161130800843 96.595841998234391 250.99037251621485 62.009881369769573 141.53977690637112 63.249506190419197 71.031285997480154 16.918724581599236 6.2357840221375218 9.4930129684507829 389.97135551646352 19.524167703464627 7.9182359315454951 11.676448900252579 36.759071947075427 26.649491956457496 33.554467080160975 36.008846420794725 124.72840622998774 148.48671516217291 55.030104327946901 30.889790141955018 33.422087131999433 25.868222370743752 281.10219240188599 30.381961969658732 58.433414021506906 10.031065076589583 245.62998492643237 214.61150239035487 1512.8398207575083 37.954851657152176 32.4477499127388 23.950114116072655 216.9424074664712
leaf_count=379 93 89 182 86 68 293 112 799 79 75 42 63 54 32 90 35 478 354 43 25 17 29 98 77 34 50 55 281 302 456 135 330 78 126 60 63 71 571 63 57 183 279 208 156 185 144 618 86 257 429 144 328 433 476 3 2923 480 3155 38 102 26 135
internal_value=0 0.000301984 -0.00592665 -0.0126144 -4.93942e-05 -0.00184538 -0.0010606 -0.00290059 0.000330274 0.00149051 -0.000119728 0.00111976 0.00519429 0.00970816 0.000269264 -0.00325669 -0.00478661 4.34044e-05 -6.97974e-05 -0.000341512 -0.00366515 6.36345e-05 0.000419612 0.000798777 0.00130702 -0.00320767 0.000199215 0.000320821 0.0025857 0.00112345 0.00248535 0.00358112 0.000114756 -0.0021451 -0.00425405 -0.00563617 -0.00738472 0.000890348 -0.00510854 -0.00212549 -0.00720461 -0.00458743 -0.00526663 -0.0070849 -0.0040952 0.00126364 -0.00215277 0.0011114 -0.00529172 -0.0025398 -0.00399536 0.00428814 0.000632673 0.00120495 -0.00379081 0.00210984 -0.000134607 -0.000300498 -0.00239669 -0.00350174 -0.0116856 0.000584392
internal_weight=0 5887.49 269.567 64.9081 5110.9 892.121 753.745 364.224 4218.78 1179 3039.79 1134.37 166.341 81.9515 2712.9 326.884 269.289 2597.22 2566.04 2388.29 259.497 2128.8 968.031 912.811 822.03 234.766 2094.79 2064.2 776.592 409.596 313 177.746 2014.61 208.577 137.546 138.376 43.635 777.17 45.5279 342.959 56.3538 48.4355 132.14 105.491 204.659 731.642 245.509 97.0221 97.8663 66.9766 41.992 366.996 389.521 359.139 55.0754 304.063 1885.05 1821.8 308.964 271.009 56.3979 606.914
internal_count=17212 16309 903 339 14995 6760 5558 1430 8235 1414 6821 1339 154 100 5993 828 793 5903 5861 5177 908 4269 1185 1122 1045 714 4240 4185 1314 893 591 684 4160 664 538 1202 253 1011 161 1318 519 462 1139 931 564 850 891 273 842 585 187 421 4128 3695 296 3399 3879 3801 646 608 128 706
cat_boundaries=0 23 44 60 81 102 103 104
cat_threshold=0 67108864 805306496 16513 1024 33554432 0 4718592 0 0 294912 3019898880 1074008064 67125248 524288 2048 805306368 20480 48 0 128 0 128 4096 256 2164260864 16 20480 6144 262304 0 131072 1350565888 2098176 0 0 0 67108864 4608 17301633 196624 0 131329 4 0 402653184 0 1744840448 32768 0 8192 83886080 512 0 1073741824 35782756 16908288 136347648 289505280 16 65536 0 8388608 0 8208 0 32786 8 0 4194336 16793600 0 0 0 2147483658 12582916 4325380 32768 536936450 65536 64 0 0 1073741824 0 0 0 0 0 0 0 0 0 0 0 0 0 0 0 268435456 16 32 77954 2238624
is_linear=0
shrinkage=0.05


Tree=90
num_leaves=63
num_cat=9
split_feature=72 72 51 51 48 60 70 57 3 8 59 72 72 72 10 64 70 60 72 70 67 72 64 64 57 72 16 44 10 53 10 3 41 72 55 35 46 58 58 70 47 3 8 47 67 60 56 37 54 63 45 47 48 30 53 54 53 3 8 63 55 64
split_gain=4.00857 2.65841 1.71379 1.30957 1.37068 1.16951 1.16241 1.11658 1.59576 1.68408 0.914156 3.26032 2.72479 2.00708 1.38754 2.12642 1.53805 1.18205 1.39486 1.17434 1.17212 1.10246 1.72692 1.35043 1.038 0.991856 0.983258 0.947296 0.931718 2.44536 1.66265 1.70789 1.24318 0.968733 0.87205 0.831598 0.802306 0.77762 0.866527 0.85373 0.755609 0.822126 0.973453 0.739573 1.20435 0.736806 0.732675 0.783872 0.973277 0.713923 0.694124 0.803861 0.744709 0.675986 0.625226 0.609016 0.597195 0.596264 0.589493 1.08881 0.774053 0.578866
threshold=0 1 -9.5021824728512083 185.16454995494914 -34.861299376999476 508.77463303359741 1.5717637003460945 -3.9102816393244919 2016.5000000000002 3.5000000000000004 -15.171096890635546 2 3 4 10.196152422706634 876.90750000000003 2.0324433847723595 82.234326383512297 5 2.4999263883163541 862.87000000000012 6 1212.8175000000003 635.42250000000013 63.197480847143204 7 0.25000000000000017 -1.0000000180025095e-35 12.995190528383292 62.777787224362889 19.026279441628827 2020.5000000000002 -1.0000000180025095e-35 8 166.43825463320178 0.68301270189221941 -1.0000000000000002 13.533395342424859 63.924118253659742 1.0133607964297977 -645.95659466098698 2019.5000000000002 3.5000000000000004 -15.391874178564205 1314.075 -848.50352709314518 620.85885111107928 1.0000000180025095e-35 285.83307444174136 100.93924242424245 0.68301270189221941 121.1715986962764 -400.38372418224901 0.6830127018922193 281.9654248157554 362.70762277045941 -117.01649239873028 2020.5000000000002 3.5000000000000004 85.682500000000019 -9.3749977061343195 528.16500000000008
decision_type=9 9 2 2 2 2 2 2 2 2 2 9 9 9 2 2 2 2 9 2 2 9 2 2 2 9 2 2 2 2 2 2 2 9 2 2 2 2 2 2 2 2 2 2 2 2 2 2 2 2 2 2 2 2 2 2 2 2 2 2 2 2
left_child=2 5 37 4 -4 6 40 57 -9 -10 12 19 14 27 -3 16 26 18 24 46 28 22 23 -14 56 -19 -16 -13 33 30 31 -30 -32 -20 -8 36 -23 -1 39 -39 -2 54 -43 -21 -45 -35 47 48 -12 53 51 -27 -53 -34 -42 -54 -15 -6 60 -60 -29 -40
right_child=1 10 3 -5 7 -7 34 8 9 -11 11 13 21 17 15 -17 -18 25 20 43 -22 35 -24 -25 -26 50 -28 58 29 -31 32 -33 49 45 -36 -37 -38 38 61 -41 41 42 -44 44 -46 -47 -48 -49 -50 -51 -52 52 55 -55 -56 -57 -58 -59 59 -61 -62 -63
leaf_value=0.0060010538997473835 -0.0075270580883122582 0.0063519832587075444 -0.03550034820454237 0.0019952791666749286 -0.012552088806671545 0.0081115772164952853 0.0034692744119108991 0.0021684555642108205 -0.030605313296549353 -0.010465912930581155 -0.0042854451599382273 -0.0045845538311026016 -0.0036589694808889998 0.0010093405323743324 0.0032451789185099361 -0.010737107343157292 -0.003445222888934181 -0.0025153551521424028 0.0027130617573902414 -0.007105977655259452 0.0030824721295513104 -0.0081519408251569826 0.0037395325207910863 -0.01450762827564636 -0.017118649823920484 0.0041008876107203563 0.017089510341507953 0.0033699296396170319 -0.0031030021781803152 -0.026728244262798535 0.014229429979746253 -0.022503915395705672 -0.0024885378012361251 -0.012952140340372884 0.010671836543660995 -0.0039724341215626778 0.0010248495840954961 -0.0020695524959627246 0.00060365970130722181 -0.021101111791527603 0.0057922800326031766 0.0019573986789292175 -0.0056767726795436749 -0.026424748813859002 -0.0063578400109780709 -0.00096508248133359085 0.0043987308246905546 0.0023230912380335839 -0.015575455668958954 0.002890432344988229 0.0077968675864701111 0.0062007601616976358 -0.00041551391519378464 -0.017400122441365653 -0.0024877279150871952 -0.0084505491470651152 -0.005851613885416493 0.0030128644502726981 0.012862613133516429 -0.0015399164038452499 0.010051625497918864 -0.0073191865455434039
leaf_weight=21.287959776818752 26.535150304436684 293.12012218683958 6.7204638775438061 15.461032880470155 10.446457907557489 107.73893637210131 181.66525660455227 9.5965408459305745 20.594174347817898 20.929643573239446 125.99982356559485 28.299421068280935 139.31188076362014 42.606769606471062 27.534353017807007 33.417513757944107 39.223870366811752 107.81572337448597 183.83537346869707 75.59673535451293 198.19709871709347 24.339460730552673 63.329192042350769 36.123357653617859 16.853902347385883 200.64340301603079 24.007663317024708 87.1210554279387 29.781242124736309 11.613179817795752 14.76965664885938 18.322922665625811 28.869530875235796 12.944781228899954 54.672483325004578 98.002375200390816 1110.8792533883825 10.381900012493135 63.159662693738937 13.627489551901816 111.95791307836771 106.85671778768301 68.54171035066247 14.959020461887123 14.949252456426619 1323.6072166664526 27.094598650932312 34.988705225288868 22.497629676014185 43.501205924898386 59.198259763419628 32.577847301959991 105.07476743124425 10.316148528829215 28.628948986530304 30.407202064990997 124.088518390432 14.970586612820624 16.611584158614278 62.475913062691689 86.262527972459793 36.307436466217041
leaf_count=108 61 408 27 28 95 90 222 108 63 232 477 68 207 37 67 39 46 251 627 116 101 59 38 41 39 516 44 87 275 13 22 71 171 9 34 251 3402 53 123 52 219 83 204 73 28 5621 52 72 42 90 107 31 261 52 33 40 956 29 98 192 101 21
internal_value=0 0.000383631 -0.00604057 -0.0113684 -0.0138501 0.00328058 0.00243809 -0.0119491 -0.0162074 -0.0204543 -1.34957e-05 -0.000529492 0.000858189 9.48053e-06 0.00437063 4.5825e-05 0.00401581 -0.000430335 -0.000976275 -0.00526682 -0.000550877 -0.000166141 -0.00320376 -0.00589279 -0.00502006 0.00166024 0.00969371 0.00394948 -0.000983426 -0.00464831 -0.00288672 -0.0104928 0.000867627 -0.00060456 0.00513546 0.000443012 0.000828096 -0.00282462 -0.00434621 -0.0128717 0.000576913 0.00125745 -0.00102586 -0.00973908 -0.0163946 -0.00107315 -0.00327624 -0.00440957 -0.0059959 -0.00151908 0.00270784 0.0019642 -0.000586756 -0.00641421 0.00410615 -0.00221888 -0.00409798 -0.00338436 0.00506249 0.0014852 0.00669424 -0.00228833
internal_weight=0 5767.77 243.483 98.7189 83.2579 686.597 578.858 76.5374 51.1204 41.5238 5081.17 3191.88 1889.29 2875.8 417.304 124.183 90.7659 2595.02 2059.31 316.086 1875.76 1471.99 238.764 175.435 183.549 535.717 51.542 280.771 1677.56 157.174 145.561 48.1042 97.4565 1520.39 236.338 1233.22 1135.22 144.764 123.476 24.0094 342.52 315.985 175.398 105.505 29.9083 1336.55 210.581 183.486 148.497 82.6869 427.901 368.703 168.06 39.1857 140.587 135.482 166.695 25.417 252.471 79.0875 173.384 99.4671
internal_count=17183 16244 939 582 554 946 856 527 403 295 15298 10696 4602 9836 604 196 157 9290 8084 860 7052 3998 286 248 1032 1206 111 546 6951 694 681 346 335 6257 256 3712 3461 357 249 105 600 539 287 217 101 5630 643 591 519 313 955 848 332 223 252 301 993 124 478 290 188 144
cat_boundaries=0 22 45 67 88 110 133 154 174 196
cat_threshold=2281701376 655392 17301504 64 4194304 0 20480 0 16908288 16520 0 8 8388640 36864 0 2155872256 8 0 2214592512 0 8388612 4 0 1048576 2101248 65536 0 0 0 0 32 0 0 16 67633152 1179904 2197815296 36 268700720 0 402915328 4227072 136 16384 17 1 0 536870912 20480 0 0 10240 0 268435456 1073741824 2099200 4160 2097152 2048 918530 285229056 590081 128 0 260 0 8454152 0 0 536870912 16384 0 0 10240 0 0 0 133120 4160 2097152 16779264 524312 268486656 2754085120 128 65536 1049088 34 2097152 0 33554432 295169 0 0 0 0 32768 2147516416 5121 1056 131072 4 536870912 33555600 20480 256 0 0 4522240 1073741826 1064960 1 0 512 0 0 0 0 134217736 33558528 1048578 147456 256 144 0 32768 32768 0 0 8391680 336068688 2147881024 1024 0 0 0 786433 0 0 0 0 0 2214592512 4611 1024 33816576 268435460 536870912 33555600 0 256 0 0 2162960 0 0 2147483648 0 0 0 0 0 0 0 50331648 0 301989888 16777216 8 0 67108864 0 0 2510848 0 1152 8388609 655360 0 0 0 0 545325056 16778244 50348032 256 33587200 134283264 0 2050 131072 0 0 2359296 2147615232 2098177
is_linear=0
shrinkage=0.05


Tree=91
num_leaves=63
num_cat=11
split_feature=72 57 53 72 48 5 67 72 8 49 22 24 72 54 58 4 72 48 50 52 58 48 73 35 67 70 72 52 64 56 72 58 58 63 52 17 30 66 54 41 67 64 58 67 73 3 19 54 60 70 9 48 59 50 9 72 72 57 63 20 47 64
split_gain=4.53839 2.6581 1.7589 1.71697 1.56529 1.13393 1.10916 1.70398 1.17322 1.10279 1.06144 1.05943 1.01642 0.851953 1.3964 1.38386 1.14761 0.848377 0.828721 0.763179 0.759057 0.714574 0.698462 0.695425 0.682557 0.657884 0.635767 0.770145 0.627926 0.810394 0.616326 0.734961 0.563601 0.6421 0.537439 0.534329 0.612208 0.511492 0.500772 0.499845 0.555988 1.48728 0.837566 0.581296 0.49406 1.60533 1.15782 0.734775 0.732568 1.69165 1.4964 1.1982 0.701725 0.681673 1.07401 1.09993 1.04652 1.0318 0.736142 0.660659 0.61907 0.663827
threshold=0 66.601690164449465 -122.68301937926765 1 1103.9685066770173 -0.93301270189221919 44.185000000000009 2 2.5000000000000004 -108.89931193146936 1.0000000180025095e-35 0.93301270189221952 3 0.35402608755050907 5.2928454131367557 -0.93301270189221919 4 7.0088815218187088 1228.4275668526393 278.89484825938058 496.72478557913195 50.58798515453158 5 -0.6830127018922193 947.41000000000008 3.0002836134453785 6 -3.1772950499606671 606.5100000000001 289.32010113370808 7 260.0814953668401 3.0265135598687136 19.334848484848489 -93.638409009360615 0.93301270189221952 1.0000000180025095e-35 60.165000000000013 76.842949974804029 -1.8660254037844384 6.5000000000000009 8.9775000000000009 6.6657832368752343 1.0800000000000003 8 2016.5000000000002 -1.0000000180025095e-35 15.117042463989094 255.90270149384708 2.3203219276156619 5.7500000000000009 -92.366033317273747 -0.42712568898528142 -9.1723425461777737 -13.428203230275505 9 10 63.197480847143204 1926.1450000000002 0.25000000000000017 72.504037670683289 22.015000000000004
decision_type=9 2 2 9 2 2 2 9 2 2 2 2 9 2 2 2 9 2 2 2 2 2 9 2 2 2 9 2 2 2 9 2 2 2 2 2 2 2 2 2 2 2 2 2 9 2 2 2 2 2 2 2 2 2 2 9 9 2 2 2 2 2
left_child=1 2 -1 4 9 22 7 8 -7 10 -2 35 17 -4 -15 -16 38 28 44 23 24 25 34 -11 30 -18 -25 -28 29 -8 -19 37 -10 -34 -5 39 -37 -32 -17 -9 41 43 -43 -41 45 -14 -47 52 53 50 51 -50 -48 56 -55 -56 -46 60 -58 -49 61 -57
right_child=3 -3 13 5 -6 6 12 11 32 19 -12 -13 18 14 15 16 21 20 -20 -21 -22 -23 -24 26 -26 -27 27 -29 -30 -31 31 -33 33 -35 -36 36 -38 -39 -40 40 -42 42 -44 -45 48 46 47 59 49 -51 -52 -53 -54 54 55 57 58 -59 -60 -61 -62 -63
leaf_value=0.0067546152149853857 0.00086839360011202015 -0.028510886729231744 0.00091313307751089094 0.0081242555806064331 0.011907883553220502 0.011616361950168907 -0.00413120717277913 0.0065360527082636887 0.011287054229616546 -0.0010216153688505356 -0.0079953884238646786 -0.02101041981551666 0.0042172514499769515 -0.022071360718706398 -0.021009651501235502 -0.0019787296178155004 -0.0046937635902907894 0.005390676562517939 -0.0067717155975308184 -0.0034182287124688675 0.0093117621438326293 -0.019516368624037925 0.0042063434773459626 0.0071031573606305676 -0.0087665107579911628 -0.015117174052379334 -0.0009223964172785454 0.0055382482914700069 0.0013693285636129373 -0.014099099342224003 -0.0080699246147561549 -0.010926611087926046 -0.012964848388211436 0.00088403947273563892 -0.0041493302737409766 -0.0048731464713335729 -0.023681840973639276 0.0017569789918817165 0.0088792702238814948 -0.025966519482910268 -0.0020181660864991425 0.0080243208795981649 -0.005576217272797058 -0.0098673993224407536 0.0070409870923077329 -0.0087360565782523443 0.0077055039776383685 -0.0018319417887677899 0.0019294787907883949 -0.0091829913584943381 0.005369830898765777 -0.010069497108368795 0.00019723930678435648 0.0059033924713197709 0.0026785620050126142 -0.011850798233289188 0.0016069928262461522 -0.010016780466971936 -0.0050510523270824023 0.0050690046847835868 0.0038541533691815334 -0.001709009487468885
leaf_weight=26.25692867487669 185.74144250154495 13.186489913612602 29.329740408807993 10.838328149169682 43.264819473028183 33.208720326423645 170.65310372412205 15.293129674158989 11.262398973107336 56.409227907657623 41.281956154853106 7.9493473554030052 162.17449583485723 16.64683589246124 15.607281912118195 29.081127933226526 66.911840722896159 35.828307755291462 38.858657352626324 36.340069759637117 21.035530865192413 13.261947218328713 234.24554661475122 172.44219382107258 23.007951289415359 19.56421978585422 85.310999954119325 100.4301137458533 42.800844103097916 23.157564342021942 15.781700255349277 17.57995031774044 9.3695698636583966 78.435228354297578 50.371692042797804 14.172856051474811 6.2272637691348782 82.276104442775249 16.726626630872488 10.517478812485935 540.85987225361168 14.713826466351746 49.077764843124896 12.009463858790694 79.421366594731808 48.143176425248384 44.131857281550765 642.1098751835525 41.879321344196796 57.39596763253212 86.124622084200382 41.346550948917866 105.53873753175139 64.658801818266511 149.16384571790695 17.030798686668277 1563.3729366734624 38.90470914170146 42.647788107395172 36.661861069500446 47.784045316278934 306.71050740964711
leaf_count=17 276 17 95 34 29 142 598 73 27 53 68 52 628 78 66 104 466 74 85 63 15 38 797 211 24 59 236 201 51 28 107 27 98 812 293 187 34 233 36 32 4158 49 367 105 95 104 99 1150 60 55 78 89 151 183 481 122 2014 104 39 57 105 955
internal_value=0 -0.00641071 -0.00543672 0.000382881 0.00265037 6.04847e-05 -0.000122625 -0.00181996 0.00323842 0.00209869 -0.000743397 -0.00282358 0.000214266 -0.00698216 -0.00828456 -0.00686041 -0.00534315 -0.00205048 0.000489374 0.00352954 0.000339293 -0.00791566 0.00306789 0.00413853 -0.000742477 -0.00705194 0.00495119 0.00243953 -0.00411179 -0.00532223 0.000476388 -0.00139201 0.000756901 -0.000593763 -0.00169857 -0.00264807 -0.0106146 0.000175409 0.00163018 -0.00239511 -0.00261289 -0.00633936 -0.00243919 -0.0173838 0.000569663 -0.000349217 -0.00119803 -0.000759973 0.000943633 -0.00176464 0.000749575 -0.0040316 0.00241113 0.00121359 -0.00019783 -0.000902802 0.00173636 -0.00221567 0.00142134 -0.00145921 -0.0014584 -0.00224253
internal_weight=0 246.573 233.387 5865.95 721.221 5144.73 4849.28 803.097 132.276 677.956 227.023 670.821 4046.18 207.13 177.8 161.153 145.546 432.121 3614.06 450.933 195.51 99.738 295.456 414.593 174.474 86.4761 358.183 185.741 236.612 193.811 151.466 115.638 99.0672 87.8048 61.21 662.872 20.4001 98.0578 45.8078 642.472 627.178 86.3185 63.7916 22.5269 3575.2 1038.76 876.586 828.442 2536.44 226.746 169.35 83.2259 149.671 2309.69 624.253 559.594 1685.44 410.43 1606.02 678.772 371.525 323.741
internal_count=17184 976 959 16208 1137 15071 13947 6136 1079 1108 344 5057 7811 942 847 769 703 1157 6654 764 480 563 1124 701 465 525 648 437 677 626 441 367 937 910 327 5005 221 340 140 4784 4711 553 416 137 6569 2189 1561 1457 4380 282 227 149 250 4098 1950 1767 2148 1286 2053 1207 1182 1077
cat_boundaries=0 22 45 67 90 112 113 134 157 158 180 203
cat_threshold=134217728 524448 109199360 64 4194304 0 0 0 8192 262146 270532864 256 262176 0 554762240 8388608 0 0 83886080 128 0 3145732 0 1048576 0 49153 0 0 16384 0 4194304 0 16897 0 0 0 2147516416 2147484678 8496 0 402718720 4456448 196760 0 16 1073742080 5 2147487744 2 0 0 10240 0 2685927488 8720 1024 1024 0 4128 0 268435616 536936454 0 786432 0 134217728 2 1 0 18874368 4096 0 0 10240 0 0 2048 1024 0 98304 4096 33554946 268435488 2416450560 128 0 5120 256 33620049 1024 0 0 16384 0 0 0 0 0 0 0 270532608 0 0 0 16777216 8388608 0 0 0 128 0 4 22027268 0 1048576 0 0 0 0 16384 0 0 0 1 0 0 0 2147483648 2 288 0 134283264 4194304 65672 0 0 0 0 0 0 8192 0 0 0 0 0 65536 0 0 268435456 524288 128 0 0 0 0 1024 35194976 1048576 1073741824 524288 0 0 0 0 0 512 2449473537 0 131072 0 16779520 524304 16 603979776 0 0 16384 67108864 32 0 0 0 65536 0 0 0 0 0 0 33556482 0 0 0 0 0 0 0 0 0 0 0 1
is_linear=0
shrinkage=0.05


Tree=92
num_leaves=63
num_cat=11
split_feature=72 0 48 67 22 10 0 67 51 59 0 52 0 67 65 57 3 60 0 28 58 52 63 0 3 57 70 0 60 53 60 59 0 49 57 54 46 65 48 10 48 50 47 65 60 70 60 0 57 71 57 50 45 63 0 41 57 70 85 71 65 63
split_gain=4.68864 1.85791 1.56881 1.48209 1.29145 1.16335 1.12634 1.13624 1.06854 1.12686 1.11473 1.74343 1.06079 1.05321 1.09966 0.940262 1.1301 1.1995 1.08587 0.896504 0.890144 0.887854 0.838028 0.749067 0.746691 0.714742 1.63809 1.10105 0.859594 0.711346 0.705091 0.845515 0.722875 0.787165 0.697655 0.673276 0.893399 0.728003 0.681282 0.659047 0.696837 0.654414 0.647312 1.24652 1.08259 1.24323 1.07071 1.14499 0.738178 0.699897 0.632808 0.626625 0.626352 0.622781 0.622028 0.619908 0.600005 0.88289 0.591876 0.575106 0.657887 0.561514
threshold=0 1 1103.9685066770173 31.355000000000004 1.3660254037844386 -4.3168799669944195e-15 2 4.0400000000000009 62.817808222534588 -865.75463460684261 3 -347.39893683938368 4 360.50000000000006 207.08000000000001 -1.8237874137848928 2019.5000000000002 -6.8242640517086413 5 -0.5 48.672508361831831 -219.77804518009185 14.018333333333336 6 2018.5000000000002 274.38949246032979 1.0330102751494883 7 -109.64313503385227 204.90365082981671 -1.0415465690839569 0.25566623819319828 8 -59.413102324831989 -2.74117547493687 3.5624713864095363 1.0000000180025095e-35 3311.4450000000002 1517.5016748056701 1.2552629691260372e-15 -99.705201154244591 -420.11222972900902 199.31425678604623 1954.8650000000002 5.5763511219482149 1.594014466910364 183.39282726981756 9 -45.345363924510899 2.2576335643023042 -8.6970474271802374 -460.09802223295736 1.0000000180025095e-35 1546.7770833333336 10 -1.0000000180025095e-35 -110.92468959048169 3.0788002352235537 1.0000000180025095e-35 24.430326808805557 827.98000000000013 995.28208333333339
decision_type=9 9 2 2 2 2 9 2 2 2 9 2 9 2 2 2 2 2 9 2 2 2 2 9 2 2 2 9 2 2 2 2 9 2 2 2 2 2 2 2 2 2 2 2 2 2 2 9 2 2 2 2 2 2 9 2 2 2 2 2 2 2
left_child=2 8 5 4 6 19 7 -3 9 -2 -10 -12 21 14 34 18 54 22 50 -1 -21 41 -18 30 55 27 53 28 58 59 32 -32 -5 -34 -7 36 -29 38 42 40 -13 -11 43 46 -44 48 47 49 -46 -37 -8 -23 -48 -27 -17 -9 -33 -58 -25 60 -14 -30
right_child=1 3 -4 23 -6 13 15 24 10 12 11 39 29 -15 -16 16 17 -19 -20 20 -22 51 -24 25 -26 26 -28 35 61 -31 31 56 33 -35 -36 37 -38 -39 -40 -41 -42 -43 44 -45 45 -47 52 -49 -50 -51 -52 -53 -54 -55 -56 -57 57 -59 -60 -61 -62 -63
leaf_value=-0.010607766652312103 0.0092352164686527946 -0.021753156022953218 0.0074226909631015733 -0.00024407009971772034 -0.024471969022497066 -0.0059067891405028619 0.014995924258705351 0.017689730925982337 0.004370616529140274 0.00093584929407651584 -0.013980881045297664 0.0074237323798530168 0.0041623232071724458 -0.01738281359345259 0.0040330813452093186 0.0043548467132987394 -0.030039205728463227 -0.0041579924585070597 -0.0006093462471787102 -0.0062555288446702112 0.0048156753233048223 0.0096916547468478345 -0.010167206699797071 -0.0061824955939614743 -0.0085256995213775048 -0.0043823842170202165 -0.012435102982624586 0.0013371266909055904 0.0030221194422283891 0.012885162669492892 0.0034969618586725005 0.0076084468251226244 0.00053192993941283777 -0.011346020660252587 -0.014929126069890523 0.00054823957994012637 0.0074635586077558885 -0.0079450212779153054 0.0061982419219520496 -0.0056525480934877482 -0.0020785225479747456 -0.0076829039655250068 0.0023466689174837978 -0.01193796254584647 0.005344829069996883 -0.012724640594919992 0.0023424209316131538 -0.00028187519708343194 -0.0040450647853403545 0.0045896230975649528 0.0039140058641607758 0.00087683584902014777 0.0087783576909240234 0.0055567799642112954 -0.0022873261811263181 -0.002068075278600005 1.2916992023294792e-05 -0.0080475236422459708 0.0029175896744562048 -0.0029962961246158136 0.013229850391301382 0.007504852296053726
leaf_weight=30.870803333818913 85.852361440658569 12.089584853500126 18.982176840305328 73.477086097002029 6.3831052575260392 46.849850673228502 19.753859218209982 5.0121207796037224 77.212638348340988 41.412519887089729 28.450058802962303 37.051458358764648 197.36118454299867 39.397675126791 16.560000449419022 43.863726312294602 7.8113556681200889 99.249124431516975 235.55192085634917 34.563162619248033 38.245461776852608 27.140683695673943 16.537249557673931 36.410126619040966 54.590506481006742 28.257746390998363 33.910412818193436 483.76220388896763 242.43046738952398 26.574452981352806 102.56564762443304 13.727280281484125 18.593307206407189 55.83387609757483 39.483084857463837 211.68210227228701 67.853988999500871 27.249327838420868 47.606200560927391 36.814343445003033 40.256694307550788 47.043510392308235 87.504186794161797 20.309880375862122 25.642050310969353 36.14429884776473 136.40868617594242 2031.2387317996472 113.91155583038926 216.90430971235037 37.030322511680424 78.402769688516855 52.297224506735802 35.637355446815491 91.98520446754992 19.093683594837785 81.519146108999848 58.24644635617733 35.086975608021021 24.4925157725811 22.260040879249573 98.136359721422195
leaf_count=78 84 83 12 290 58 165 100 51 53 56 48 56 477 38 15 546 32 376 1687 209 28 32 236 50 306 75 26 451 433 35 294 27 87 330 218 792 78 32 30 81 75 75 85 7 24 45 245 5382 251 478 146 134 66 38 1218 201 380 89 90 34 23 70
internal_value=0 0.000486627 -0.00619322 0.000139965 -0.00209271 -0.00749578 -0.0018704 -0.00673937 0.00275999 0.00397243 -0.00015148 -0.00271652 0.00300012 -0.010431 -0.00776917 -0.000930304 -0.00313809 -0.00659771 0.00099727 -0.00346745 -0.000439963 4.4655e-05 -0.0165424 0.000464247 -0.00528927 0.000668113 -0.00355283 0.000773769 0.00319008 0.00493433 -0.00156669 -1.78679e-05 -0.00435401 -0.00738627 -0.010033 0.000483645 0.00209074 0.000190432 0.000264832 -0.000146414 0.00247562 -0.00364786 0.000168494 0.000401799 -0.0021972 -0.00446022 0.000496425 0.000217978 -0.00231973 0.00253442 0.00660582 0.00314358 0.00412605 0.00116116 9.53149e-06 0.00204 -0.00236652 -0.00334622 -0.00171666 0.00427092 0.00508138 0.00431385
internal_weight=0 5891.62 264.952 5121.3 648.952 245.97 642.569 90.7859 770.325 550.54 219.785 142.573 464.688 142.291 102.893 551.783 259.447 123.598 292.336 103.679 72.8086 193.999 24.3486 4472.35 78.6963 4068.38 97.8055 3970.58 412.064 270.688 403.963 256.059 147.904 74.4272 86.3329 3558.51 551.616 3006.9 2979.65 114.122 77.3082 88.456 2932.04 2668.84 263.202 175.698 2648.53 2459.83 139.554 428.586 56.7842 105.543 188.706 63.8951 135.849 24.1058 153.493 139.766 71.4971 244.114 219.621 340.567
internal_count=17311 16548 763 15285 5040 751 4982 641 1263 950 313 260 866 436 398 4341 2408 644 1933 315 237 297 268 10245 558 8748 139 8609 643 569 1497 790 707 417 383 7966 529 7437 7405 212 131 131 7375 6970 405 320 6963 6652 275 1270 246 166 311 113 1764 252 496 469 140 534 500 503
cat_boundaries=0 21 41 60 80 100 119 140 161 182 200 215
cat_threshold=134217984 655776 67108864 64 0 0 0 0 150994944 40 0 0 8388640 4096 18350080 8388736 65552 128 1090519040 268436224 16392 0 0 16777216 1073741824 525312 16416 0 3145728 0 1073741832 2097152 5 1 0 2415919104 67108884 55051009 0 268435584 131089 0 201359360 4 671097600 65536 0 402657280 67108864 0 0 262144 572522528 1744830464 134217728 67108864 0 0 0 32 0 0 0 0 0 0 0 0 0 0 0 0 0 0 0 0 50855936 0 0 1 0 0 16777216 0 1024 0 0 0 0 0 0 1 0 0 0 20 50855936 0 0 1 4194304 318767104 0 0 32768 0 0 4718592 0 0 0 2147485696 2181038080 256 50331648 0 0 0 16 4096 536871104 1077936128 1 33603584 1075838976 0 0 262144 4196384 536870912 2281718272 0 268435456 0 2 0 2147483652 134414404 256 16 0 402653184 2952790020 66 16 0 402669569 67108864 0 536870912 34816 1073741824 0 134217728 0 1107296256 32 3 536870912 0 12 4096 128 4194304 0 0 0 0 0 262144 2080 536870912 2147483648 0 0 0 0 0 4 4 0 16 66560 0 8388608 536887552 8192 0 2228 0 0 787968 13312 0 2048 524296 4 4194976 0 4325416 1073741824 2097152 0 67108864 32768 0 33554432 16777216 0 0 72351744 152 71401472 1073780757 16777216
is_linear=0
shrinkage=0.05


Tree=93
num_leaves=63
num_cat=7
split_feature=0 0 70 66 58 72 53 3 0 25 48 55 55 55 63 5 8 70 53 47 57 89 0 53 65 48 52 60 50 50 5 3 4 56 28 70 8 10 0 48 49 10 55 48 55 49 3 73 65 70 10 60 63 56 8 68 58 57 49 5 49 65
split_gain=3.29896 1.81658 1.29335 1.14473 1.10102 2.00022 1.15449 2.28193 1.02523 0.992067 0.999038 1.62833 1.81833 0.879657 0.857816 0.856047 0.831716 0.770485 1.03668 0.979343 0.749504 0.722268 0.711567 1.14852 0.936522 1.00337 0.782743 0.833428 1.42967 1.15017 0.788655 0.737688 0.735121 0.940986 0.688702 1.13803 0.679393 0.902233 0.657666 0.763582 0.923436 0.767497 0.69792 0.661105 0.65588 0.640449 0.634714 0.726909 0.625697 0.620572 0.613679 0.58725 0.724766 0.566404 0.852866 0.5617 0.552819 0.539468 0.775762 1.24078 0.532278 0.652313
threshold=0 1 6.3634107398572057 733.94833333333349 107.06401167302745 2 106.33237039552422 2019.5000000000002 3 1.0000000180025095e-35 -32.19466205562577 245.7056971179901 154.67551698987702 245.7056971179901 360.63541666666669 0.6830127018922193 4.5000000000000009 1.4450873739381274 101.17630669169968 -9.6535933793820146 -7.278088893257002 1.0000000180025095e-35 4 -235.09736036522401 1500.7750000000003 564.40590854048855 1345.2945963623415 787.77067755342796 -180.53174497681366 1228.4275668526393 0.93301270189221952 2019.5000000000002 0.93301270189221952 348.0252081173291 -0.68301270189221941 1.594014466910364 5.5000000000000009 -4.592425496802573e-16 5 282.3422852426072 346.99585748498856 -3.9494859272502133e-15 -214.36937864011205 1103.9685066770173 304.34973709947025 567.38530676645951 2010.5000000000002 6 33.020000000000003 1.8463062193666357 10.446152422706634 183.39282726981756 526.73916666666673 7.4683967633401336 3.5000000000000004 0.83333333333333337 171.39037427490771 -86.269298205178259 3.4808826073731018 -0.5 -20.394293468296521 62.07500000000001
decision_type=9 9 2 2 2 9 2 2 9 2 2 2 2 2 2 2 2 2 2 2 2 2 9 2 2 2 2 2 2 2 2 2 2 2 2 2 2 2 9 2 2 2 2 2 2 2 2 9 2 2 2 2 2 2 2 2 2 2 2 2 2 2
left_child=2 3 9 13 5 60 8 -8 49 10 14 12 15 17 56 20 -17 18 19 36 -12 -21 23 -6 25 -25 27 29 -29 30 32 -32 34 -34 35 -24 37 -2 39 40 -36 -41 -40 45 -43 51 48 -48 -10 55 57 -44 -53 54 -22 -7 -1 -19 59 -59 -3 -62
right_child=1 4 -4 -5 22 6 7 -9 46 -11 11 -13 -14 -15 -16 16 -18 50 -20 21 53 -23 26 24 -26 -27 -28 28 -30 -31 31 -33 33 -35 38 -37 -38 -39 42 41 -42 44 43 -45 -46 -47 47 -49 -50 -51 -52 52 -54 -55 -56 -57 -58 58 -60 -61 61 -63
leaf_value=-0.0054579887041376765 0.010451104367910757 -0.0093983713908709354 0.00020337224766356997 -0.0020221379303763274 0.0072226604616067412 0.01077065020656673 0.0014569264956498379 -0.022192880816879028 -0.0016508551174906627 0.0045176731199268044 0.0008932352441581422 -0.028708598620724265 0.0057663338801641189 0.01010876669617718 -0.009660075052567399 -0.028129742651398056 -0.0074191883564174227 0.0013428906359126212 0.0089852657867954804 -0.0014257375705639232 -0.029931644358666278 -0.013042070606843948 0.00099303683908989943 -0.0018847289807901756 -0.0069354453252283349 0.0068162234463807871 -0.0062624999819937454 0.00018680398290360045 0.0092829903804615786 -0.0076311415955222827 -0.0070748203440746506 0.00044053410603645525 -1.2042523954601808e-05 -0.0099243792855873425 0.00041740022569919854 -0.008546489036222937 -0.0053532694865458287 0.00050102557672829261 0.0077063978778054406 0.0023601464423057151 0.0057366761863033985 -0.0096801533711760382 0.0020359469894423608 0.0085649398892260354 -0.0011250930758734806 -0.0012494936281449507 0.00066369169570697098 -0.0013499428411940517 0.0090106338165042259 -0.00056520151090660997 0.00052469537386873354 0.0098562659378296242 0.0025406426500259489 -0.0087898385283943919 -0.0069727089028867725 0.0032680292178625166 0.0062717535774185085 0.0046711277693999497 0.0037786895175670032 0.018789602262356528 -9.8841140180322361e-06 -0.0077146030547228951
leaf_weight=17.323794604279101 36.432244025170803 68.459251934662461 83.844924883916974 88.034976273775101 36.913418993353844 29.885500928387046 24.241741366684437 17.608379229903221 23.13790082745254 16.930354297161102 14.882766004651783 11.471963316202162 17.757707074284554 55.476161748170853 31.05269456282258 13.310826990753414 7.6243634307757011 27.734115958213806 37.211484685540199 38.540342219173908 8.984072560444476 20.49851349927485 126.09266731888056 246.17450565472245 76.813673704862595 38.286828316748142 35.279044594615698 89.47565059363842 83.519053719937801 38.183006372302771 54.204382363706827 82.121999658644199 123.38761512003839 29.707065612077713 354.99595640972257 41.57086093723774 22.844159556552768 60.809935197234154 67.653468772768974 50.404108121991158 105.9396909698844 44.281888708472252 628.7215329380706 42.145114839076996 45.345263637602329 119.48723978176713 679.77419746853411 1287.0081991469488 33.959427502006292 90.424765383824706 40.911788661032915 58.597753472626209 80.183573991060257 47.053633815608919 7.3577355472370973 150.96763748675585 23.906964551657438 27.545208964496851 40.384445179253817 35.7704300545156 56.109998396597803 53.823512924835086
leaf_count=63 60 381 99 90 67 166 96 37 71 49 54 12 22 49 46 60 78 28 54 137 36 47 265 520 56 26 80 58 61 86 143 99 227 43 663 54 100 112 82 69 99 52 937 35 53 70 945 7626 329 319 95 94 98 195 106 605 66 58 58 67 583 222
internal_value=0 0.000372848 -0.0049101 0.00312778 8.62516e-05 -0.000666214 -0.000262721 -0.0084937 -0.000113781 -0.00710547 -0.00808583 -0.010732 -0.00896898 0.00421895 -0.0033837 -0.0116064 -0.0205872 0.0033783 0.00139134 -0.000186227 -0.0092045 -0.00545897 0.000787724 -0.00114928 -0.0020365 -0.000713632 0.001123 0.00124293 0.0045783 0.000967256 0.00112703 -0.00254763 0.00138815 -0.00193547 0.00167637 -0.00137221 0.00240605 0.00422887 0.00199627 0.000646852 0.00163996 -0.00257594 0.00277551 0.00244635 -0.00535187 0.00215562 -0.000504106 -0.000657464 0.00469021 0.00271669 0.00587243 0.00268574 0.00562952 -0.011575 -0.0195946 0.00450782 0.00134331 0.00753703 0.00919362 0.0126474 -0.00562223 -0.00378212
internal_weight=0 5747.08 301.502 532.194 5214.89 2515.4 2337.01 41.8501 2295.16 217.657 200.727 128.443 116.971 444.159 72.2835 99.2134 20.9352 388.683 216.337 179.125 78.2782 59.0389 2699.49 398.188 361.275 284.461 2301.3 2266.02 172.995 2093.02 2054.84 136.326 1918.51 153.095 1765.42 167.664 120.086 97.2422 1597.76 600.967 460.936 140.031 996.789 929.135 89.6272 886.99 2023.88 1966.78 57.0973 271.278 172.346 767.503 138.781 63.3954 16.3418 180.853 41.2308 131.434 103.7 63.3156 178.393 109.934
internal_count=17258 16372 886 955 15417 11380 10194 133 10061 787 738 563 551 865 175 529 138 816 510 456 391 184 4037 669 602 546 3368 3288 119 3169 3083 242 2841 270 2571 319 272 172 2252 936 762 174 1316 1234 105 1199 8971 8571 400 1090 306 1129 192 337 142 771 129 211 183 125 1186 805
cat_boundaries=0 20 41 63 86 105 126 127
cat_threshold=0 16777232 1073741952 8466 66560 33554432 8192 524288 0 4194304 34078720 268435456 397312 134234112 285736960 268435456 268435456 4096 0 273 4096 0 536870912 134217728 0 32 134545424 1048576 0 536870913 2113536 4 0 268435456 2147483648 8388640 20971600 16387 131072 32768 112 0 131072 33554436 4096 67108864 0 8192 0 8192 285212672 264 16384 33817344 151029136 0 8388608 135169 0 134217728 0 4259840 2048 76 1048640 1048576 0 0 2097152 0 69206024 131072 8390752 69632 1073872896 0 2148007936 12 20971648 0 268500992 256 0 0 0 128 1092 64 67108864 536887328 33579040 0 2 0 2147483648 8388672 0 0 0 0 0 0 536870912 64 536870976 16 288 2424308224 0 524432 0 132 0 0 1342188032 2048 0 0 0 0 16 33555456 33554468 4194432 196608 4 25438720
is_linear=0
shrinkage=0.05


Tree=94
num_leaves=63
num_cat=8
split_feature=72 0 49 56 66 71 0 68 65 0 70 57 41 51 52 71 49 16 67 52 0 0 49 30 28 0 0 8 63 67 2 49 49 16 52 60 33 60 58 60 39 65 33 60 38 49 76 8 55 63 70 50 51 54 47 79 57 49 71 5 57 13
split_gain=3.41241 1.71226 1.46762 1.5971 1.2048 1.18783 1.74388 1.15999 1.15012 1.06249 1.03039 0.950603 1.03598 1.89437 1.19391 1.26064 2.02828 1.94671 1.41441 0.832714 2.1273 1.18445 1.37243 0.989346 1.17922 0.987925 0.885273 1.36629 1.07542 0.878453 0.840853 0.883046 0.809033 0.725726 0.786326 0.901935 0.692328 0.761071 0.741404 0.688716 0.686799 0.69495 0.680279 1.05476 0.821089 0.819059 0.844008 0.678756 0.597285 1.06349 0.725304 0.697376 0.769833 0.58152 0.545077 0.591237 0.570001 0.584611 0.543314 0.658489 0.54268 0.694798
threshold=0 1 -526.5666958170865 670.12108316759327 22.166666666666668 -0.43312521198653559 2 0.83333333333333337 120.16000000000001 3 6.3634107398572057 -482.70118006899935 -0.6830127018922193 -634.62949985253317 -470.36580546564727 16.937107105811872 432.64801629425909 9.1848509936051497e-17 1432.6350000000002 0.69570245452612423 4 5 346.99585748498856 0.6830127018922193 0.6830127018922193 6 7 3.5000000000000004 1392.91875 708.50500000000011 2.5000000000000004 100.84101229719619 68.160346680687908 1.0000000180025095e-35 -37.673303303256937 -3.1987767584097893 1.0000000180025095e-35 15.147824927555371 275.41824419030621 787.77067755342796 -1.0000000180025095e-35 3.0300000000000007 0.25000000000000033 20.697462690384025 -0.68301270189221941 -51.730514843282755 1.0000000180025095e-35 4.5000000000000009 1.5393233614874924 16.471439393939395 1.311658637276351 124.1096024218498 -133.94418704019719 30.912467421116954 -2.4870452686499731 1.0000000180025095e-35 -7.4735457235708447 -10.668904923719095 33.238852640078363 -0.68301270189221941 -3.4396150954825004 0.50000000000000033
decision_type=9 9 2 2 2 2 9 2 2 9 2 2 2 2 2 2 2 2 2 2 9 9 2 2 2 9 9 2 2 2 2 2 2 2 2 2 2 2 2 2 2 2 2 2 2 2 2 2 2 2 2 2 2 2 2 2 2 2 2 2 2 2
left_child=2 11 -1 7 5 6 -3 8 60 54 -8 -2 -13 -14 -15 18 17 -17 33 21 -21 22 30 26 -25 36 27 58 39 -29 31 -6 42 -16 -35 -36 38 -38 47 -28 41 -11 43 44 -9 -46 -47 -22 -42 -50 51 52 -51 -32 56 -56 57 -7 59 -23 -4 -62
right_child=1 4 3 -5 19 9 10 32 -10 40 -12 12 13 14 15 16 -18 -19 -20 20 25 23 -24 24 -26 -27 28 29 -30 -31 53 -33 -34 34 35 -37 37 -39 -40 -41 48 -43 -44 -45 45 46 -48 -49 49 50 -52 -53 -54 -55 55 -57 -58 -59 -60 -61 61 -63
leaf_value=0.0093611322729840723 0.010245351216229694 0.0026697635170089239 -0.001464170854146655 -0.021973000496817247 -0.0043772019130039769 0.0065407969516734013 -0.0060404854263573296 0.005659369325560059 0.0030204290332903373 -0.025679662959462786 -0.024114324498365078 0.0079402833513713862 -0.0068917251228832951 0.0095954014260937973 -0.00051620431762030086 0.013130684974957348 0.00046313644678271695 0.00027274007584779413 -0.0083738721031981801 0.0031610588930897059 -0.0017129586820468592 0.012640302552599115 0.003080153019169472 -0.0010067630216573432 -0.014075114234762065 -0.0015290940151848828 0.0010738467055198858 0.0014327878532262896 -0.004808587045689215 -0.0085059155497599678 0.0067398463142093207 -0.015192396574162742 -0.022415992165458146 -0.003606064791303753 0.00089055014374408525 0.016272612008102896 -0.0096088453071119032 0.0025186053738229337 -0.022894776531104711 0.0068891507271087908 0.00035106058348682113 -0.0050146596942496069 -0.0010557602575031 -0.025880434996481752 -0.024720410736959464 -0.015045934117853016 1.4316943762496517e-05 -0.016067817924238694 -0.025551901750366115 0.015701651552503266 -0.018833435097316706 -0.015782851335113986 -0.0018549442930260885 -0.0019508436086731478 0.0031925918355432295 -0.012454189156213942 0.0031006160540332788 0.022484299143429063 0.0022338042239579007 0.0055263033167322843 -0.0068081103668038261 -0.023480956099315425
leaf_weight=15.389931678771971 39.791756764054298 67.328535951673985 23.946024338714778 15.714480608701704 141.01730178296566 12.036187866702678 189.09680464025587 9.2740756608545762 57.098210297524929 5.2053794953972128 8.2288291379809362 74.003191009163857 58.508232265710831 54.377666585147381 174.60139464959502 86.520245030522346 168.44153425097466 44.618106909096241 48.166782766580582 213.71413946524262 17.639582924544811 40.634036883711815 113.53747390210629 108.61751019395888 20.523826844990253 433.64326332509518 2443.1984533350915 136.11781698465347 76.890856713056564 26.573477983474731 22.702858585864305 21.789935514330864 10.575885981321333 15.054667375981806 16.381455413997173 22.784858653321862 27.076623477041721 24.772842667996883 12.062457263469694 51.99733504652977 328.62547915335745 18.625962521880865 26.47106921300292 9.583837512880562 8.4417070783674628 18.492694595828659 18.720645662397146 15.445340819656847 5.2681778632104388 6.5911291837692252 6.6119352579116812 8.4358173608779889 118.52269844803959 126.50386663898826 46.967382442206144 6.9279759228229514 23.590999336913228 11.008169088512657 87.455427259206772 163.06354123353958 22.255773546174172 8.6877216715365631
leaf_count=2 38 632 108 19 382 66 1752 58 70 9 13 110 53 60 367 93 96 62 83 636 55 49 88 305 50 2296 4071 320 28 36 67 44 18 47 49 66 82 64 16 19 1192 253 87 57 12 128 148 118 54 16 38 60 1137 286 334 63 154 55 75 202 151 57
internal_value=0 0.000543759 -0.00536639 -0.00658909 0.000208842 -0.00149642 -0.00428567 -0.00545702 -0.00194768 -0.000262858 -0.00646649 0.00267776 0.00231841 0.00171498 0.00251309 0.00184514 0.00409323 0.00875594 -0.000586315 0.000549619 -0.000972033 0.000865947 -0.00158963 0.00119839 -0.00308365 -0.00264633 0.0013851 0.00340442 0.00101162 -0.000190568 -0.00333984 -0.0058247 -0.0093267 0.00105295 0.00610593 0.00983901 -0.0070314 -0.00381454 -0.0122832 0.00119503 -0.00122143 -0.00952843 -0.00780521 -0.0105747 -0.00790417 -0.0106594 -0.00746968 -0.00841437 -0.000829592 -0.0034975 -0.00266855 -0.00186824 -0.000930044 -0.000628494 0.00418933 0.00118128 0.00856397 0.0141569 0.00553016 0.00694542 -0.00711569 -0.0114892
internal_weight=0 5991.3 244.652 229.262 5188.05 863.071 264.654 213.548 111.988 598.417 197.326 803.25 763.458 689.455 630.947 576.569 299.58 131.138 276.989 4324.98 744.354 3580.62 425.551 3155.07 129.141 530.64 3025.93 453.844 2572.09 162.691 312.014 162.807 101.56 228.822 54.221 39.1663 96.9968 51.8495 45.1474 2495.2 497.887 23.8313 90.984 64.513 54.9291 45.655 37.2133 33.0849 474.055 145.43 140.162 133.55 125.114 149.207 100.531 53.8954 46.6354 23.0444 291.153 203.698 54.8895 30.9435
internal_count=17156 16241 915 913 15117 5828 2397 894 386 3431 1765 1124 1086 976 923 863 251 155 612 9289 3267 6022 867 5155 355 2631 4800 682 4118 356 779 426 508 529 162 115 335 146 189 4090 2759 262 490 403 346 288 276 173 2497 1305 1251 1213 1153 353 672 397 275 121 326 251 316 208
cat_boundaries=0 22 43 59 82 102 122 141 160
cat_threshold=134234112 34209824 75629568 64 4194304 0 0 0 16777216 6 16 536870912 8405024 0 536870912 8388608 67108864 0 1677721600 0 65536 131074 4096 0 0 1610612752 29696 16384 262144 6291456 0 0 2097152 1 0 2147483648 2147483648 8388736 17301506 4194304 128 229392 48 0 536870928 2147483648 134217728 0 0 0 8388608 262144 0 3623878656 1073774720 2281875456 28678 137428992 16 1073741824 16777232 0 0 32768 32 150999040 524288 131584 0 0 8388888 272637952 1073741889 205520896 4096 0 0 131072 0 128 0 128 1088 64 75497472 32 0 1090519040 0 1073741824 2147876864 271464 32768 0 0 570425344 131104 33554448 0 131080 536870976 256 1120 135266368 92274688 1 524416 1074266144 2052 0 2147876864 1096 32768 0 0 0 0 33554432 0 268566528 536936512 256 65536 1073741824 0 0 0 2105344 0 0 65536 0 536875008 0 0 0 0 10 33554436 67174434 268566532 8 1342177280 0 0 16 8192 16 0 65536 0 1024 0 0 134217728 8 16777217 46137476 100663359 268566528
is_linear=0
shrinkage=0.05


Tree=95
num_leaves=63
num_cat=9
split_feature=0 0 48 0 47 35 52 24 50 0 0 0 70 1 57 57 65 56 70 27 54 38 0 47 65 63 60 1 58 65 64 50 55 65 65 49 48 48 70 0 53 73 65 55 8 57 53 55 42 58 65 59 70 8 55 53 53 52 34 49 21 37
split_gain=3.47697 2.21281 1.01647 1.25098 0.971095 1.3241 0.883835 0.861075 0.852706 2.22765 2.17345 1.61547 1.46498 1.01291 1.00337 1.07437 0.944493 1.42608 0.848789 0.823965 0.724106 0.768612 1.05468 0.707972 0.932035 1.02323 1.06666 1.10537 0.69299 0.632653 0.60512 1.12021 1.91776 0.617069 0.601958 0.595437 0.592819 0.571063 0.695296 0.565441 0.787244 0.959723 1.60263 1.52283 0.892766 0.732315 1.13332 1.32597 0.613797 0.604938 0.676884 0.544963 0.530883 0.521648 0.639972 0.520085 0.899766 0.51327 0.506296 0.489768 0.487195 1.51961
threshold=0 1 1517.5016748056701 2 344.57861450113359 0.68301270189221941 -44.797117469332029 -2.7554552980815443e-16 -8.5694810660644958 3 4 5 2.1427302310035761 1.5000000000000002 215.179877251063 54.366818753487472 1621.6000000000001 348.0252081173291 3.1849448938596017 0.93301270189221952 317.64301771867162 -0.5 6 97.45851359946154 1437.5000000000002 566.4070833333335 66.248440300989643 3.5000000000000004 239.16552531345735 175.01500000000001 1119.2500000000002 -1.0474282328803566 99.358471760287202 33.020000000000003 1392.1200000000001 -5.515618932882469 116.80169792620489 383.17531457823628 1.2159272418171987 7 -17.678853513244608 8 849.33500000000015 7.7440883920160379 5.5000000000000009 8.2236708553178683 152.40419402176323 -11.011925495935179 0.25000000000000022 89.037524309687925 89.030000000000015 1.4128946477686137 2.1861529480443669 11.500000000000002 -4.8252583870892956 360.28099213909712 127.89525666237869 -203.85384932365949 -0.68301270189221941 100.84101229719619 1.0000000180025095e-35 1.2500000000000002
decision_type=9 9 2 9 2 2 2 2 2 9 9 9 2 2 2 2 2 2 2 2 2 2 9 2 2 2 2 2 2 2 2 2 2 2 2 2 2 2 2 9 2 9 2 2 2 2 2 2 2 2 2 2 2 2 2 2 2 2 2 2 2 2
left_child=6 23 3 4 5 30 34 -8 10 12 16 37 14 18 15 29 17 28 -12 39 21 -9 -23 24 25 26 27 -2 52 -10 31 33 58 -3 -1 -24 -27 38 59 45 44 42 43 -42 48 46 47 49 -41 50 -15 -35 -5 54 -37 56 -25 -53 -33 -11 61 -13
right_child=1 2 -4 8 -6 -7 7 20 9 11 13 60 -14 19 -16 -17 -18 -19 -20 -21 -22 22 35 55 -26 36 -28 -29 -30 -31 -32 32 -34 51 -36 53 -38 -39 -40 40 41 -43 -44 -45 -46 -47 -48 -49 -50 -51 -52 57 -54 -55 -56 -57 -58 -59 -60 -61 -62 -63
leaf_value=0.0019641271004558229 -0.0019914978623554341 -0.0047473509710477873 0.0042832717904061892 0.0030076467613409656 0.00236138392507191 -0.018398562243935268 -0.018655179642749483 0.0043239631383665527 -0.0078597337559709792 0.0007028373508585449 -0.0030078480741347288 -0.00094705853238478402 -0.016009663505420844 -0.015882836892469367 0.0060437471318345497 -0.012657479268113348 -0.0039986384269193303 0.013377539396992081 -0.016712992755125094 -0.0038366057415595437 0.0044265942139379991 -0.015912710186472463 -0.002732092297619631 -0.0019848120821461374 0.010974797880981298 -0.0023486568168949937 0.013636874627218227 0.0060875844367290072 -0.0024007311211347491 0.00016090261508522631 -0.0084598825652062847 0.0049681047398042848 -0.024552187037742444 0.0048061985173424261 -0.0058134578248897114 -0.01772664803968322 0.0039383960613222123 -0.0055872609261074018 0.0085798117782426974 0.0025085836268497258 -0.0015511176708138293 0.00078126638932166288 0.0059633568863449726 -0.0105533098217409 -0.0008144085251385755 0.0022124492463128842 -0.010659353859946265 0.0055734338457633804 0.0070317778622922952 -0.0014756990136707486 -0.0039238520475530876 -0.0060983931390605917 0.0089072720294404561 -0.020165268875666224 -0.0033047398102740259 -0.0038925123631935719 0.0071782860860993107 0.002153336213956262 -0.0061418726872229708 0.0081242344289692986 0.0019306340669024886 -0.01925201371292725
leaf_weight=57.755772555246949 56.358613133430481 57.927798627875745 132.11273108422756 95.31457706168294 73.711961895227432 15.191882383078335 14.898798853158949 13.703958571888505 40.16453037969768 95.781790964305401 86.942945848219097 1226.7565715154633 30.74927238561213 17.939213776960969 21.162045568227768 39.327638138085604 26.627511546015739 50.767914071679115 12.984414370730518 113.11924503929913 14.853916376829146 28.852936178445816 88.584512603469193 58.271705254912376 44.86008358001709 93.028564218431711 33.49703624099493 170.17329750023782 35.037207175046206 63.387647524476051 48.199929013848305 12.940942617133258 13.61003691703081 63.648113245144486 43.702960893511772 10.424994271248577 62.809418380260468 14.511531025171278 72.603191180154681 392.48279155790806 151.90527955442667 1267.5161628006026 45.612003982067108 68.01111688837409 172.56133701745421 103.14307419583201 38.713743075728416 52.128322230651975 92.720932608470321 109.57281948812306 34.756908848881721 33.484332218766212 63.560324769467115 9.4298001397401077 29.345213487744331 51.177564054727554 49.590052738785744 43.103825298137963 49.399151796940714 28.950381748378277 146.74984423816204 11.443724371492861
leaf_count=135 111 462 102 216 64 68 51 69 283 541 345 5445 108 98 31 96 36 56 61 303 23 43 320 99 30 99 42 288 95 112 51 75 32 135 38 46 59 20 175 661 185 2410 35 96 860 205 38 76 160 231 133 43 139 42 170 59 56 155 469 97 454 18
internal_value=0 0.0002809 -4.80822e-05 -0.000157498 -0.00277045 -0.00397333 -0.00505599 -0.00706893 7.08836e-05 -0.000793767 0.000582132 -0.000158355 -0.00570171 0.00015281 -0.00411708 -0.00562201 0.00476839 0.00591735 -0.00478867 0.000339007 -0.00618458 -0.00705858 -0.00799466 0.00308497 0.00412762 0.00338901 0.00530903 0.0040776 0.0039642 -0.00295004 -0.00329342 -0.00238495 -0.00754795 -0.000406137 -0.00138604 -0.00483105 0.000185296 0.00380605 0.00468968 0.000524453 0.000823674 0.000206593 -0.00247294 -0.00433513 0.00227442 -0.00130219 -0.00278586 -0.00136415 0.00337295 -0.00359282 -0.00799502 0.0013871 0.00536788 -0.00959213 -0.00708517 0.000258451 0.00222797 -0.00145432 -0.00383559 0.00242535 -0.000787702 -0.00111624
internal_weight=0 5986.1 5366.34 5234.22 411.218 337.506 311.553 210.094 4823.01 1791.59 3031.42 1596.8 194.791 2760.11 164.042 142.88 271.308 244.68 99.9274 2660.18 195.195 180.341 166.637 619.766 460.727 415.867 260.029 226.532 193.912 103.552 322.314 274.114 75.9501 198.164 101.459 137.785 155.838 211.847 197.335 2547.06 2190.81 1533.04 265.528 219.916 657.765 356.254 253.111 214.397 485.204 162.269 52.6961 140.236 158.875 49.2 39.7702 159.039 107.862 76.5882 62.3401 124.732 1384.95 1238.2
internal_count=17255 16318 15475 15373 1554 1490 937 764 13819 7380 6439 6750 630 5897 522 491 542 506 406 5491 713 690 621 843 629 599 441 399 450 395 1422 1371 576 795 173 578 158 833 813 5188 4407 2726 316 281 1681 781 576 538 821 462 231 333 355 258 216 214 155 198 544 638 5917 5463
cat_boundaries=0 19 40 61 81 101 122 141 162 163
cat_threshold=4259872 1048576 2147483776 144 16384 33562624 134217728 2097152 512 0 557056 1358954512 262144 0 262144 67110912 536870916 2147520512 131072 0 201326592 1342177280 1073741824 33555488 0 264197 71303168 393216 0 0 0 0 671088640 0 516 4719168 131072 536936448 196608 36 0 33587216 84934656 256 65536 2097152 0 16777216 0 0 33554432 32800 1090519040 13123587 34078720 17 268435712 0 0 33028 8 0 285212672 536870912 32 0 4096 49152 524296 0 1074004004 2147504128 2147483648 0 2147483648 67108896 0 16777216 268435522 268435650 1 8 285212672 545259520 0 0 4096 16 8 16384 1610612768 2101248 0 0 0 2214592516 128 0 67108866 268435648 1 4 2097472 0 134217728 0 1074266112 65536 1073741824 2147483648 8388608 270336 262152 16384 16777224 268435456 1098911744 1056 65540 0 0 80 0 0 0 0 0 33554432 0 0 0 0 524288 0 262144 0 0 67108864 0 4096 131072 16 2621760 0 17475 12416 524288 9216 1073741824 2147483648 2160074753 0 0 0 0 0 0 1200 33554437 0 0 16 34211872
is_linear=0
shrinkage=0.05


Tree=96
num_leaves=63
num_cat=10
split_feature=0 0 48 55 8 51 51 60 81 0 51 60 71 56 64 51 57 57 4 59 58 48 0 0 8 8 70 70 0 57 0 0 48 60 72 50 85 8 57 47 5 50 23 22 10 70 59 50 47 65 71 37 53 60 67 5 86 55 70 50 8 0
split_gain=3.06542 2.3075 1.4606 1.76945 0.751372 1.55657 1.25615 1.0715 0.802156 0.736682 0.967316 0.851129 0.831833 0.985803 0.735117 0.965735 0.697259 0.728952 0.810594 0.762656 0.749402 0.678523 1.96263 1.40396 1.04585 1.13734 1.10929 1.0113 1.6407 1.0382 1.67616 1.51664 1.04453 1.09606 1.00126 1.01673 0.996657 4.24574 0.972548 1.44436 0.998057 0.781983 0.761951 0.713329 0.684013 1.61489 0.750083 0.840395 0.691004 0.629234 0.658136 0.627404 0.602275 0.589488 0.579791 0.747942 0.567712 0.544458 0.732999 0.625112 0.523205 1.07704
threshold=0 1 564.40590854048855 31.002903296055099 4.5000000000000009 -9.207630441958349 -331.52664385641782 436.12944361463775 1.0000000180025095e-35 2 122.54061519882528 -125.2118019842664 19.972974121024418 300.6051067085881 108.00750000000001 -372.37511011029721 9.0516874297085685 2.9808565835167253 1.0000000180025095e-35 3.0670564971072287 4.7220197074003325 -99.705201154244591 3 4 8.5000000000000018 7.5000000000000009 4.883356734787248 8.9435469926258797 5 -16.33776135901476 6 7 383.17531457823628 787.77067755342796 8 142.79072669411153 1.0000000180025095e-35 11.500000000000002 8.2236708553178683 65.845812230591477 0.6830127018922193 -285.92055744331759 0.25000000000000017 0.6830127018922193 11.750000000000002 5.0893137796315111 -18.018106775330015 -62.313346683524422 75.666836556377589 1621.6000000000001 11.434167225541019 1.2500000000000002 -146.38471268209733 -114.36629904424633 726.95000000000016 0.6830127018922193 1.0000000180025095e-35 -22.572837339693841 1.3968465045592706 -16.508530554404079 6.5000000000000009 9
decision_type=9 9 2 2 2 2 2 2 2 9 2 2 2 2 2 2 2 2 2 2 2 2 9 9 2 2 2 2 9 2 9 9 2 2 9 2 2 2 2 2 2 2 2 2 2 2 2 2 2 2 2 2 2 2 2 2 2 2 2 2 2 9
left_child=2 4 3 16 6 14 -2 57 -7 10 11 -3 13 -13 -6 -16 17 18 19 -1 -20 23 52 -11 25 26 53 28 38 31 42 43 33 34 35 -32 49 -38 40 -40 56 -36 -31 -30 51 46 -46 -48 -49 50 -26 60 -23 -25 55 -29 -24 -8 59 -59 -43 -62
right_child=1 9 -4 -5 5 8 7 -9 -10 21 -12 12 -14 -15 15 -17 -18 -19 20 -21 -22 22 27 24 36 -27 -28 54 29 30 32 -33 -34 -35 41 -37 37 -39 39 -41 -42 44 -44 -45 45 -47 47 48 -50 -51 -52 -53 -54 -55 -56 -57 -58 58 -60 -61 61 -63
leaf_value=-0.0075172339966768356 -0.00032215795437562887 -0.0097382126303699953 -0.021240017263021785 0.0024936745433498894 0.0097444075424210456 -0.0092961041480937312 0.0020583091690483299 0.012221394867757505 0.0028686387511577482 0.0028242737812726529 0.0038721095607180973 -0.0030591573179662435 0.0025903795096802519 -0.018699596665144851 0.0051334583864339652 -0.0028314987257678347 0.00072944725174320239 -0.017897664977870407 -0.01642388434223287 -0.019279507586239197 -0.0015163048216980566 0.0098128704916261959 -0.0011605246278580917 -0.0033992112152560101 -0.0018317539845514889 0.0070427195825667269 -0.0079982587907560295 -0.00038677761913844048 -0.0038854781975975229 0.0028518285398778337 -0.0040122917852899584 0.0029840439617073392 -0.0077846364634942024 0.011368896371431687 -0.013062059728109664 -0.020040279752272613 -0.030617085981238659 0.0030317803008385888 -0.0067659745086847845 0.0063986400504868705 -0.016881315724824136 0.00036977381749773519 0.016648106432093034 -0.019913694553215691 0.0031990171255049001 -0.021659413765168001 -0.022555918489605507 -0.0057984091311749121 0.0062311325635130942 0.004897074146653798 -0.014743722525042725 -0.010912086585315423 0.0030967593381057744 7.6000813370598065e-05 0.0043536343709391669 0.0031841384711561458 -0.010117433865383808 0.0083366934932540288 0.01047752900985475 0.0011953629650542953 0.0022367181934493676 -0.0051286067465669966
leaf_weight=49.558355143293738 116.40379673242569 44.608337065204978 13.191248603165148 71.906039119698107 34.80391613394022 46.533848986029625 131.36083640903234 52.838256075978279 19.119764003902674 190.82347850315273 54.550906367599964 156.36820372752845 65.238843571394682 10.768515951931475 88.394006550312042 66.828837610781193 27.016810952685773 16.525819962844253 9.609222883358596 19.089617274701595 68.71070818696171 36.154658943414688 37.257346771657467 176.93378898501396 30.392475109547377 39.543380446732044 62.917565025389194 375.76988221518695 45.584246642887592 231.62371906638145 126.81659710966051 446.54779588244855 55.879345692694187 18.196833074092865 12.447148978710173 10.731636028736828 18.001770153641701 19.561338771134615 48.895784782245755 36.305591717362404 25.899625811725855 1160.6224887445569 10.459849700331686 8.1885544508695585 42.749589588493109 11.630918659269808 6.263487957417964 62.944825144484639 14.731675554066895 18.654271095991135 14.614519611001013 13.384123941883443 435.11553393304348 393.21342174336314 163.78740072250366 240.4841532651335 33.686256501823664 50.615501813590527 66.631187297403812 77.661169342696667 75.644710158929229 119.83297335496172
leaf_count=231 74 79 19 117 85 98 139 37 74 279 105 1085 86 31 86 108 153 147 71 100 316 47 61 257 131 90 63 265 336 1112 685 1628 80 5 17 32 56 63 79 33 52 3219 30 18 224 18 13 499 43 18 30 58 659 657 44 83 96 67 62 115 1022 1535
internal_value=0 0.000472792 -0.00483014 -0.00418931 0.00304459 0.000883716 0.00422103 0.00561601 -0.00575347 9.64158e-05 -0.00214885 -0.00341223 -0.00219786 -0.00406686 0.00317684 0.00170427 -0.00671172 -0.00794135 -0.00682181 -0.0107881 -0.00334534 0.000253283 0.00054697 -0.00093376 -0.00187277 -0.00118388 -0.00169774 0.000126258 -0.000338187 8.63897e-06 -0.000506959 0.00204305 -0.00105369 -0.000835564 -0.000969527 -0.00490613 -0.00663525 -0.0130941 -0.0047895 -0.00115633 -0.00848047 -0.000577285 0.00331116 -0.00533426 -0.00047805 -0.00382898 -0.00219203 -0.00493762 -0.00351696 -0.00282421 -0.00602448 -0.0001396 0.00353695 -0.00100246 0.00170948 0.00100672 -0.00541355 0.00454629 0.00622309 0.00401319 -3.32803e-05 -0.00242636
internal_weight=0 5955.02 275.608 262.417 751.191 255.68 495.511 379.107 65.6536 5203.83 331.535 276.984 232.376 167.137 190.027 155.223 190.511 163.494 146.968 68.648 78.3199 4872.29 3907.64 964.656 773.833 672.608 633.065 3436.37 2656.33 2474.28 1973.96 500.321 1731.88 1676 1657.8 137.548 101.224 37.5631 182.045 85.2014 96.8432 1520.25 242.084 53.7728 1507.8 138.32 126.69 83.94 77.6765 63.6613 45.007 1369.48 471.27 570.147 780.041 616.254 70.9436 326.269 194.908 128.277 1356.1 195.478
internal_count=17122 15968 1154 1135 945 451 494 420 172 15023 1386 1281 1202 1116 279 194 1018 865 718 331 387 13637 11993 1644 1365 1067 977 11287 10895 10574 8592 1982 7450 7370 7365 717 298 119 321 112 209 6648 1142 354 6631 797 779 555 542 179 161 5834 706 914 392 348 157 383 244 182 5776 2557
cat_boundaries=0 19 40 60 80 101 122 141 159 180 199
cat_threshold=4194304 67108880 1077936256 274 32 0 32768 1048576 0 8388608 524288 2684420100 1090785280 1075838976 17301506 128 805306624 0 65536 4096 268435456 0 1073741824 8208 4096 2080 0 65536 0 2101248 0 1 2281701376 0 1153433604 42467456 64 4194368 164096 36 32 32768 8388609 671096833 134217728 50333696 536870932 0 131584 0 41943040 32 16384 67125248 0 268435456 18 20480 134349824 65536 0 256 352322048 32 98304 0 0 0 0 2147483648 0 1073741824 0 0 2147483648 528 4195429 105087009 268435584 4 2048 0 2684354560 0 1024 0 1 0 0 1879057441 1024 0 0 0 0 0 16777728 8 0 0 8 2048 50331648 2684354560 0 33571968 0 268435456 0 0 268435489 0 301990144 0 0 0 33554432 16908288 0 536870944 0 8 0 540016864 0 0 4096 8224 134480000 1147142144 262144 0 262144 0 65536 51904520 5242888 16779264 0 2147483652 2 2097152 3145792 0 0 4096 0 1152 1207959560 0 4194304 73728 0 0 0 0 0 0 4 0 0 8388609 2048 4194304 0 0 0 2149646336 33554432 32 67108864 1140850688 32800 0 209715232 270532608 0 0 1573120 8388608 2098252 0 0 16384 0 0 2 0 0 1024 809508864 297984 6299648 805321633 0 0 0 0 260
is_linear=0
shrinkage=0.05


Tree=97
num_leaves=63
num_cat=10
split_feature=72 72 63 53 28 90 3 72 72 66 60 64 24 14 70 65 71 47 4 1 49 72 72 70 72 70 70 72 51 72 60 77 3 84 29 3 54 53 60 72 51 18 8 51 60 66 66 55 70 59 60 65 67 71 55 1 57 65 59 70 57 59
split_gain=2.35262 1.38684 1.2755 1.23987 1.00591 0.864176 0.76839 2.00327 1.34924 1.19823 1.2003 1.05686 0.867948 1.00604 0.860181 1.30506 1.25669 1.19677 0.987781 0.869201 0.755545 2.0097 1.55443 1.37182 1.15264 1.06037 1.72078 1.30931 0.91086 0.966246 0.711346 0.9904 0.700177 0.819231 0.686125 0.680728 0.65876 0.657848 0.655469 0.64892 0.647886 0.631214 0.657502 1.18502 0.918287 0.996436 0.775529 1.21307 0.927232 0.770777 0.795019 0.638435 0.908484 0.614001 0.837844 1.41832 0.832543 0.753834 0.606334 0.595799 1.09067 0.751585
threshold=0 1 1656.7454166666669 -524.89234148735204 0.93301270189221952 1.0000000180025095e-35 2016.5000000000002 2 3 6.0900000000000007 -19.57796453105604 2024.2100000000003 0.25000000000000017 0.50000000000000022 3.5247870569806148 249.19000000000003 24.430326808805557 -119.03240591836538 -0.6830127018922193 3.5000000000000004 5.3398490926278148 4 5 1.0330102751494883 6 6.7362293800649971 6.0003467005662783 7 -58.014862598639894 8 15.147824927555371 1.0000000180025095e-35 2019.5000000000002 1.0000000180025095e-35 0.93301270189221952 2017.5000000000002 1.6634051677146462 12.747367681502048 24.736122644679671 9 -2.5684596461162505 -0.93301270189221908 7.5000000000000009 -3.8055104960986488 28.451240277149427 577.41833333333341 577.41833333333341 222.2104945453097 2.2779266377159759 -204.65926094468813 10.568813852279407 1437.5000000000002 411.20000000000005 3.7187492404762819 2.7221060052581576 7.5000000000000009 -110.92468959048169 152.02000000000001 6.2194291855743975 2.2779266377159759 -10.594883307241179 -608.65975070699437
decision_type=9 9 2 2 2 2 2 9 9 2 2 2 2 2 2 2 2 2 2 2 2 9 9 2 9 2 2 9 2 9 2 2 2 2 2 2 2 2 2 9 2 2 2 2 2 2 2 2 2 2 2 2 2 2 2 2 2 2 2 2 2 2
left_child=2 3 5 -2 41 53 7 36 14 10 -10 59 13 -12 15 16 18 -16 -8 -17 21 37 -22 24 -23 26 27 -24 -29 -30 -21 -32 33 -19 -26 -25 -3 38 40 -20 -11 -5 46 44 45 -44 49 48 -48 -43 -51 52 -45 54 56 -56 -1 58 -58 61 -61 -9
right_child=1 6 -4 4 -6 -7 8 11 9 20 12 -13 -14 -15 17 19 -18 32 39 30 22 23 25 35 34 -27 -28 28 29 -31 31 -33 -34 -35 -36 -37 -38 -39 -40 -41 -42 42 43 51 -46 -47 47 -49 -50 50 -52 -53 -54 -55 55 -57 57 -59 -60 60 -62 -63
leaf_value=-0.018784627266626205 -0.0060525294758394686 -0.020836745183083982 0.0038012724016775906 0.0082674158444381671 0.012265088844120604 -0.013159705365352306 0.015994467412480656 0.012696316847458717 -0.021120216519768156 0.0020639456989107203 -0.00058902026136455976 -0.013030814580130654 -0.017245836722607114 -0.012538667366190396 -0.013681062350687959 0.0047406186207175497 0.020188932140347768 0.0052058385507622908 -0.0031235201557062685 0.0018140735490263947 0.0015072972605576175 0.0010819268458910718 -0.011319981954747553 -0.0074729919031643697 -0.0040527442482508726 0.00025572736628884585 -0.015549870551601952 -0.0050342082203606465 0.0033971141778562407 -0.0021283756573461355 -0.0096014438053589161 0.0013508220246485896 0.0050375242819059316 -0.012441710324875383 -0.014897719294005999 0.00051818367314088632 -0.003768318964894499 0.010175891234758403 -0.0017218249107243712 0.0054002244582578201 0.0083138603886141645 0.0070410984162925811 -0.0020714334343253506 -0.0059333167511060299 0.013663890058828629 0.010327541211281018 -0.0015394759954636614 0.0020351121154548644 -0.013937773972176324 -0.0015216845914829925 0.003949996004436779 -0.010002489487449466 0.011991093925677898 -0.0016852108381840963 -0.006056002481422418 -0.028774588085983266 -0.0040018802961899217 0.0024108123203842821 -0.015829106587868149 0.002853711292402398 -0.0062594415775861865 0.0028221354549817588
leaf_weight=9.4789602905511838 42.303558953106403 5.9114680662751189 43.213713347911835 42.65599961578846 26.785603228956461 31.995048643089831 18.054726887494326 19.917566180229187 10.942562418989835 98.873283326625824 100.86354459263384 11.162508219480513 11.15435007214546 21.34000208042562 18.827993161976337 106.88321148976684 16.241986289620399 10.893790256232025 26.471251226961613 105.69004902616143 341.1072147525847 133.2808906622231 34.443959817290306 27.27302898094058 306.65381305199116 285.14344957470894 27.664719343185425 215.48444363102317 87.812732018530369 428.52749048825353 43.265454616397619 39.474504450336099 37.846868425607681 16.592762157320976 15.312578093260525 1166.0288330782205 129.30028742924333 39.624264866113663 52.145013257861137 66.170108709484339 71.416861966252327 69.900224298238754 32.732318846508861 15.013241678476335 40.494007788598537 32.089431762695312 31.951327562332153 78.29165256023407 28.559208035469055 136.45088707655668 129.28594949282706 15.925284713506697 13.359745770692824 112.4221827853471 19.577168704941872 10.584043450653551 49.710732576437294 36.815794073045254 13.857153925113378 90.543625134974718 51.509756829589605 594.13092938624322
leaf_count=18 89 78 26 80 52 135 82 32 89 125 640 7 58 193 22 87 11 34 82 111 468 365 58 196 1715 72 20 273 177 1746 52 77 37 98 83 2027 1174 51 86 265 106 107 98 88 92 40 32 61 73 359 307 34 25 155 100 67 275 55 95 166 199 3661
internal_value=0 0.000219001 -0.00407792 0.00222739 0.00276459 -0.00541833 -8.75065e-05 0.0012296 -0.000386271 -0.000737917 -0.00520069 0.00221302 -0.00389442 -0.00267575 0.00200183 0.00296135 0.00720116 -0.00257438 0.00529551 0.00113891 -0.000546792 0.000102459 -0.00142025 -0.00055198 -0.0028905 -0.00233797 -0.00329896 -0.00285666 -0.00227259 -0.0011641 -0.000904093 -0.00437621 0.000626379 -0.00544743 -0.00443091 0.000335545 -0.00420366 0.00408457 0.0031831 0.00321041 0.00468506 0.0023829 0.00198067 0.00487077 0.00775675 0.00406657 0.00106928 -0.00207423 -0.00739111 0.00236928 0.00114039 -0.00199044 0.0025066 -0.00443719 -0.0066467 -0.0140283 -0.00462018 -0.00328267 -0.0065801 0.00246734 -0.000450795 0.00314242
internal_weight=0 5619.78 327.655 735.798 693.495 284.441 4883.98 902.476 3981.51 3475.09 144.3 767.264 133.358 122.204 506.413 422.251 126.938 84.1614 110.696 295.313 3330.79 1910.61 1420.18 1648.55 455.247 1079.08 793.933 766.269 731.825 516.34 188.43 82.74 65.3334 27.4866 321.966 1193.3 135.212 262.059 222.435 92.6414 170.29 666.709 624.053 149.614 105.316 64.8218 474.439 138.802 60.5105 335.637 265.737 44.2983 28.373 252.446 140.024 30.1612 109.863 100.384 63.5679 756.102 142.053 614.048
internal_count=17286 16360 926 1537 1448 900 14823 5317 9506 8548 980 4065 891 833 958 767 440 191 429 327 7568 4754 2814 4386 2163 2346 2274 2254 2196 1923 240 129 169 132 1798 2223 1252 368 317 347 231 1396 1316 377 230 138 939 166 105 773 666 147 113 765 610 167 443 425 370 4058 365 3693
cat_boundaries=0 22 44 66 89 111 134 156 175 196 218
cat_threshold=134217728 524320 75498496 64 0 0 4096 0 285212736 4096 2097666 134221824 544 163840 1048576 2155872256 4096 0 67108864 0 2097168 131136 256 0 16384 264193 0 0 8192 0 536870944 0 137216 131088 134217728 32 32768 6 603979840 256 0 269516804 25165834 1073741824 41943040 306184768 2147483649 512 0 0 2048 0 33554944 268509184 1065216 16384 1 16779264 16 0 5 0 32768 134217728 64 16385 1048576 0 536870913 131072 0 0 2048 0 2097152 268435456 301990912 0 0 268435456 16777236 16777360 262401 0 0 128 4456448 2164380672 1 0 0 17432576 589824 0 0 0 0 0 1073790976 16777216 0 67502080 150994960 536870912 33603584 1032 0 822083584 4096 524288 41945088 1 0 2147483648 0 0 0 0 0 0 0 0 288 1074266112 2180 0 67111968 2148007984 128 134283264 1277166592 301990016 8 256 536870912 2051 0 16384 0 0 0 0 0 0 0 0 9961472 1116804 2181038592 0 32768 0 1073741824 1082263552 0 16 0 0 0 65536 0 0 0 0 0 1073741824 0 0 0 16 537395200 0 2097152 0 536870912 268435456 0 0 524288 0 0 0 0 0 16777216 0 0 337641472 64 33555464 536870912 268437504 0 0 4719104 64 0 0 0 0 0 0 0 0 0 0 33554432 0 0 0 0 16777344 262144 0 0 128 0 16384
is_linear=0
shrinkage=0.05


Tree=98
num_leaves=63
num_cat=8
split_feature=0 0 59 0 47 63 50 49 50 57 66 0 33 0 34 45 8 9 9 47 37 55 65 63 8 65 10 8 71 47 0 65 56 63 47 57 71 66 50 63 47 57 65 24 10 0 34 65 8 49 0 65 15 50 57 9 60 17 56 67 60 57
split_gain=2.95468 2.2325 1.10542 1.22866 2.00778 1.05433 0.953742 1.19848 1.42026 0.983539 0.827385 0.800334 0.860811 0.967316 0.979388 1.05545 0.722992 0.781279 0.741474 0.942035 1.07305 0.963766 0.774045 0.688124 0.698781 1.08884 0.679937 0.804521 0.69831 0.858785 0.66637 0.698689 0.822141 0.803113 0.887766 0.64885 0.813157 0.633345 0.605836 0.767671 0.598707 0.593425 0.564815 0.532618 0.695597 0.617 0.670955 0.599613 0.534261 0.650091 0.508942 0.495368 0.490049 0.469023 0.702946 0.529695 0.588378 1.02268 0.881841 0.454256 0.453196 0.447799
threshold=0 1 -178.26225624247658 2 -372.26500129051982 995.28208333333339 295.89762117558058 -343.56859112649016 -305.79738589203492 110.55607443525858 944.15833333333342 3 1.0000000180025095e-35 4 0.6830127018922193 -0.93301270189221919 9.5000000000000018 18.09326673973661 12.995190528383292 170.90966378983217 -0.6830127018922193 268.85625510397261 1009.6600000000002 94.683333333333351 6.5000000000000009 316.09000000000009 16.727241335952172 4.5000000000000009 -2.8949119223663691 -35.492061068122318 5 356.97000000000008 46.762826677776744 114.56571428571429 -15.391874178564205 -15.867340315950015 14.531250279011941 1441.3783333333336 -0.6959047089930851 1656.7454166666669 -94.138502635455566 -24.273527796821178 873.4000000000002 0.93301270189221952 21.325317547305485 6 -7.3478807948841178e-16 8.0250000000000021 3.5000000000000004 74.424605867055519 7 15.030000000000003 0.93301270189221952 -146.85480130919734 -45.345363924510899 15.79422863405995 -27.426738479582706 0.25000000000000022 47.599947953105975 142.88500000000002 -14.70698713791934 9.6061630206645567
decision_type=9 9 2 9 2 2 2 2 2 2 2 9 2 9 2 2 2 2 2 2 2 2 2 2 2 2 2 2 2 2 9 2 2 2 2 2 2 2 2 2 2 2 2 2 2 9 2 2 2 2 9 2 2 2 2 2 2 2 2 2 2 2
left_child=23 6 16 4 -4 10 7 -2 37 40 42 26 13 -13 43 -16 17 18 19 20 -3 22 59 41 25 60 27 28 -5 -30 38 32 52 34 -34 -17 51 -9 -14 -40 -10 -1 53 44 45 48 47 -47 49 -15 -29 -37 -32 -6 -55 56 58 -58 -56 -22 -25 -18
right_child=1 2 3 11 5 -7 -8 8 9 -11 -12 12 30 14 15 35 61 -19 -20 -21 21 -23 -24 24 -26 -27 -28 50 29 -31 31 -33 33 -35 -36 36 -38 -39 39 -41 -42 -43 -44 -45 -46 46 -48 -49 -50 -51 -52 -53 -54 54 55 -57 57 -59 -60 -61 -62 -63
leaf_value=-0.018483229034614395 0.0096965587428765009 0.0075921614043495487 -0.014862393942897793 0.0010078059531981026 -0.0086516608724791395 0.0064219545114562737 -0.0017226696542355204 -0.0048646418704478521 0.0071012650071514919 0.01218826750910513 0.0071717050661067039 0.0017512971211230037 -0.0031568829321491619 0.0017290616815661627 -0.01784529738894711 -0.0075169575316245355 0.0013387773100299726 -0.0046386198067322575 0.0070432352557499639 -0.0059138900159380302 0.0061975102159941148 -0.0037202134710513251 0.0068175458702951349 -0.0058580914077222424 0.0033428547869102905 -0.0092332624257865422 -0.00346155890925461 0.0027713808976347898 0.010503381442093035 0.0032410581946107028 0.0014579988933031782 0.0037889319670950552 -0.019334985981258004 -0.00068553979858142807 -0.0017831873998873393 -0.010280302113920285 -0.012592546586389067 0.002281914199313716 4.0853502112629466e-05 0.013713734100510716 0.0023624495890455853 -0.0068189822071839839 -0.0094340697430351332 -0.0094931535456354507 0.0065426278486553835 -0.015326885684675587 -0.0009147863285736467 -0.0036433518122134406 -0.0010295016576465602 0.010051042990772278 -0.0032848751963488556 0.00021708428896132577 0.0091999545881645464 0.0056808745475110146 0.010675227239639914 0.0050232308010503771 -0.0038356190429675086 -0.017985684442290668 -0.003426804061925492 0.00053161652682868186 0.0023430127173633755 0.0090411001995438136
leaf_weight=12.530609675683079 79.353844322264194 69.097418814897537 32.192222610116005 98.375074978917837 28.694094963371754 34.9417724609375 83.58307358622551 66.517078012228012 94.329663004726171 38.71729576587677 19.922667026519775 310.70500148832798 171.21774936467409 102.03253075480461 13.31126648839563 67.595431534573436 29.750113677233458 52.180056549608707 59.518800929188728 43.289072893559933 39.097292680293322 91.07783479988575 68.34997084736824 25.636968214064837 34.132483024150133 67.387076690793037 48.687391065061092 54.533534737303853 70.668190345168114 96.016094816848636 507.07716439384967 239.79209864884615 12.953926306217911 196.79829239845276 16.231622841209173 12.208575149066744 15.616029262542723 58.063706636428833 67.257274739444256 12.115035533905028 227.16339736897498 84.008731063455343 33.873390421271324 17.360983015038073 32.582612285390496 12.215507885441182 1191.8002438577823 108.70934483967721 113.63951889332384 30.476712234318256 65.756111156195402 141.4277579607442 21.298380786553025 27.232586406171322 16.253201713785529 19.592637993395329 138.25025161355734 14.068537969142197 34.868549447506666 371.62884373962879 49.122671354562044 51.599888980388641
leaf_count=48 74 52 45 150 63 34 99 88 95 29 15 904 579 191 41 248 68 52 35 76 95 76 49 56 56 90 113 210 75 228 1793 286 47 268 59 126 30 23 353 9 617 526 49 53 88 75 5005 695 559 48 309 649 78 53 73 49 548 61 92 469 86 83
internal_value=0 0.000469384 0.000117067 -0.000216109 -0.00281822 -0.00184039 0.00321228 0.00400038 0.00306799 0.00465955 -0.002708 6.1437e-05 -0.000197698 -0.000799599 -0.00122876 -0.00414579 0.00173497 0.00127515 0.00169099 0.00122427 0.00170765 0.000994503 0.00189082 -0.00476507 -0.00308143 -0.00462403 0.00205851 0.00280937 0.00434843 0.00632002 0.000849873 0.00142359 0.000690574 -0.00183341 -0.00957351 -0.00337585 -0.00172199 -0.00153383 -0.00142609 0.00212782 0.00375287 -0.00833298 -0.00333718 -0.000782822 -0.000687802 -0.000838928 -0.00126522 -0.00482359 0.00142789 0.00364309 -0.000581948 -0.000617081 0.00177007 -0.00259685 -0.00190264 -0.00282859 -0.00358478 -0.00514255 0.00105667 0.00107096 -0.000469353 0.00622432
internal_weight=0 5771.67 5123.94 4248.35 399.89 367.698 647.728 564.145 484.791 360.21 332.756 3848.46 3414.42 2169.68 1858.98 250.159 875.589 794.239 742.059 682.54 639.251 570.154 479.076 272.819 176.279 142.147 434.036 385.349 265.059 166.684 1244.74 994.151 754.359 225.984 29.1855 236.848 169.252 124.581 250.59 79.3723 321.493 96.5393 312.833 1608.82 1591.46 1558.87 1312.73 120.925 246.149 132.509 120.29 153.636 528.376 278.96 250.266 223.033 203.441 152.319 51.1218 410.726 74.7596 81.35
internal_count=17293 16431 15406 14351 1082 1037 1025 926 852 741 1003 13269 12184 8712 7808 1094 1055 904 852 817 741 689 613 862 288 232 1085 972 453 303 3472 2531 2245 374 106 1053 805 111 941 362 712 574 988 6714 6661 6573 5775 770 798 239 519 775 1871 939 876 823 774 609 165 564 142 151
cat_boundaries=0 23 44 64 85 106 127 146 165
cat_threshold=0 0 0 8448 65536 33554432 4 0 262144 2147483648 524288 25165888 397313 16384 1572864 268435456 268435520 2214645760 131072 0 0 0 128 0 16777216 0 48 33595520 2101280 262272 0 512 0 0 268697601 0 134217728 0 1090523140 2 131072 65536 163841 20 0 603979904 1074790400 1073742464 134217728 8192 8192 0 0 2052 33554432 1073741824 268435456 0 2147876864 71303184 41943040 4259842 4 65796 2147483648 0 2684354560 16384 524336 18432 68608 0 2147614720 1073750536 0 4 67108864 2684354560 67108864 9 528 1 4194560 0 32 6240 33554752 268435456 1025 0 0 33570850 134217728 0 8388608 2097152 8 1048576 0 2179080 41943040 16778272 268435456 268435456 16 8 3184 35651648 512 0 0 0 33554448 1207959560 0 8388608 16781312 0 65536 769 268435464 2155872258 17301760 4 0 0 8 2097160 1073774624 8389120 0 0 0 134217728 1073741824 16384 536871009 16818176 134217728 2147491840 1048832 0 2147483650 4718852 48 536870912 0 0 0 0 524288 16384 0 0 131072 8704 0 0 0 536870912 0 0 0 0 256
is_linear=0
shrinkage=0.05


Tree=99
num_leaves=63
num_cat=9
split_feature=0 0 3 67 0 3 64 59 67 3 1 33 67 0 58 51 47 0 64 57 51 48 68 59 4 56 72 57 1 51 0 57 48 64 59 3 0 60 0 59 54 64 27 1 59 59 10 37 47 47 63 3 48 71 48 68 64 64 10 47 63 90
split_gain=2.23266 1.77998 1.0421 0.846824 1.36879 1.38813 1.26681 1.26496 0.808748 0.746849 1.04548 0.82777 0.713638 0.654918 0.657867 0.632285 1.41872 0.830056 0.984202 1.20994 0.720198 0.96157 0.71002 0.636538 0.652499 0.602558 0.597254 2.63172 1.25994 1.34801 0.953673 1.05552 0.654782 0.573321 0.569627 0.523634 0.934868 0.916437 1.34921 0.630871 1.00778 1.39708 0.573921 0.520903 0.513364 0.79886 0.501376 0.500052 0.925299 0.993353 0.739107 0.499222 0.918212 0.884121 0.838075 0.4856 0.508708 0.8988 2.26238 0.814584 1.01542 0.637317
threshold=0 1 2012.5000000000002 33.050000000000004 2 2018.5000000000002 6.9825000000000008 1.140317814198083 862.87000000000012 2019.5000000000002 11.500000000000002 1.866025403784439 3.0600000000000005 3 6.6657832368752343 -56.51479681014451 -19.485549573609436 4 1335.3350000000003 70.041716384401326 575.72000047015888 -17.205118104254421 0.83333333333333337 -38.454626641918431 1.0000000180025095e-35 97.627279864588914 5 274.38949246032979 9.5000000000000018 -372.37511011029721 6 31.778778584014891 -77.489050839211828 8.9775000000000009 -113.84811002176905 2016.5000000000002 7 1498.2678999969137 8 -9.7588981118785245 0.4642976385637641 1162.7075000000002 1.2500000000000002 9.5000000000000018 -608.65975070699437 -519.14681641416826 -11.750000000000002 -1.0000000180025095e-35 43.267522311234714 6.9084223179619046 46.683333333333344 2018.5000000000002 345.61876078023676 2.8624342969237344 -40.085966741632511 0.41666666666666669 25.532500000000002 54.072500000000012 18.093266739736606 -101.76395403006173 36.937500000000007 1.0000000180025095e-35
decision_type=9 9 2 2 9 2 2 2 2 2 2 2 2 9 2 2 2 9 2 2 2 2 2 2 2 2 9 2 2 2 9 2 2 2 2 2 9 2 9 2 2 2 2 2 2 2 2 2 2 2 2 2 2 2 2 2 2 2 2 2 2 2
left_child=47 2 8 4 5 7 -7 -3 -2 10 11 13 -11 14 -6 17 22 34 19 23 21 -18 -17 -19 -25 -24 27 28 29 -5 -30 32 -32 -15 -4 36 46 38 51 -38 -41 43 44 -42 -40 -46 -28 50 49 -49 -1 -37 53 54 -53 -47 59 58 -58 -57 61 -61
right_child=1 3 15 26 9 6 -8 -9 -10 12 -12 -13 -14 33 -16 16 20 18 -20 -21 -22 -23 25 24 -26 -27 35 -29 30 -31 31 -33 -34 -35 -36 37 39 -39 42 40 41 -43 -44 -45 45 55 -48 48 -50 -51 -52 52 -54 -55 -56 56 57 -59 -60 60 -62 -63
leaf_value=-0.00034013153600057837 0.0036945146364777354 0.010076419776099271 0.0046235766958547904 0.0070918932544921411 0.016649585415526601 -0.0048467753154159167 -0.022779429765245555 -0.013567978028781312 -0.0099979614657840603 -0.015123053143547999 -0.0078715936435101858 0.021482412452172427 -0.0021320669086279599 -0.0067189019905464463 0.0035060933656417882 0.0024313702457853721 0.014623765296583277 0.011047044472348314 0.00036679911480552821 0.017996774321986046 -0.0015372187695144443 0.0036372830003093487 -0.0020906560707342008 0.0089778815011299518 -7.1700994120111082e-05 -0.012163496772038958 0.0080592209095902353 -0.018169431630587592 0.0016829187574663252 -0.00038593582262309032 0.00092418988401939258 -0.015480259826340629 -0.0086271971697707145 0.00071807434012659916 -0.0014742103398889801 -0.00044530882951358467 0.0023530062860915167 0.0083866121129433074 0.0038610466040849677 0.015224421621555198 -0.0040530173958486584 -0.02416074284284879 -0.0053600594783975251 0.0024048692206422679 -0.0054203924942185303 0.0032071325366433974 0.0029947769701430442 -0.0039526767444234166 0.0034602017888635777 -0.015904672583521191 -0.020002965536586561 -0.0037855813534808909 -0.012631415113595681 0.00072524915198471037 -0.015645554679747532 -0.006119477353567708 -0.0013551033175512287 0.00060567276488924853 -0.021174371852611729 0.00089904682519636656 0.0093328892168519622 0.0074549847509082293
leaf_weight=8.0341706778854149 18.426299095153809 13.97945378534496 82.436632826924324 76.242668602615595 10.637150935828684 17.718738774769008 22.171666958369315 9.5012887269258481 26.002625651657581 11.032959690783171 31.617486147210002 5.1756154708564273 252.71161922160536 29.848169600591063 90.685608064755797 38.639322021976113 30.809106055647135 55.489883746951818 41.891634151339531 30.191743746399879 29.323083892464638 56.329189226031303 36.209248196333647 36.815505061298609 43.40011353045702 25.165471754968166 60.508512265980244 21.739207565784454 49.348356284201145 287.62405766732991 33.949107676744461 28.583950294181705 38.058858161792159 196.6446553170681 71.531381122767925 139.76139482110739 144.45432138070464 35.702516674995422 126.30954170972109 7.8851795233786097 99.072099022567272 7.4922150969505301 39.051974166184664 45.597586316987872 53.987699009478092 183.52884946390986 254.06659361720085 171.47416626941413 37.153927085921168 19.345861413516104 11.796391949057577 62.84183843433857 28.635466992855072 82.546168364584446 19.523117646574974 27.502945840358734 232.44268159940839 2045.5659614987671 15.349779486656187 281.78667952120304 51.28176499530673 42.68576405197382
leaf_count=90 62 95 56 97 81 45 162 99 59 60 464 33 1342 181 879 62 53 94 33 41 49 140 91 76 97 48 126 25 60 899 44 77 164 2264 93 291 753 12 73 31 831 7 94 284 29 106 681 469 59 87 34 192 29 156 94 23 761 3224 73 353 71 77
internal_value=0 0.000503852 0.00301178 0.000204931 -0.00142632 -0.00789121 -0.014814 0.000508909 -0.00431919 -0.000638566 0.000817368 0.00164238 -0.00267551 0.00132915 0.00444704 0.00362714 0.00148977 0.00490615 0.00688342 0.00894389 0.00524083 0.00752173 -0.00287814 0.0069298 0.00408167 -0.00622082 0.000449446 -0.00110873 -0.000408468 0.00118093 -0.00426553 -0.00668632 -0.00412407 -0.000250923 0.00168142 0.000654706 0.00199583 0.000417223 0.000334338 -4.11857e-05 -0.00220469 -0.00310789 0.000660923 -0.00201759 0.000739912 0.000605552 0.00384664 -0.00424976 -0.00375881 -0.0051644 -0.0120367 -0.00264317 -0.00436682 -0.00293174 -0.00659677 0.000718507 0.000549134 0.000261162 -0.00258283 0.00218685 0.00279483 0.00176151
internal_weight=0 5937.51 622.661 5314.85 691.724 63.3711 39.8904 23.4807 44.4289 628.353 364.609 332.991 263.745 327.816 101.323 578.232 216.475 361.757 207.789 165.897 116.461 87.1383 100.014 135.706 80.2156 61.3747 4623.13 535.546 513.807 363.867 149.94 100.592 72.008 226.493 153.968 4087.58 619.077 3468.5 3432.8 304.501 160.047 152.162 3099.49 144.67 3060.44 2934.13 314.575 247.805 227.974 190.82 19.8306 333.308 193.547 164.911 82.365 2880.14 2696.62 2293.36 247.792 403.257 375.754 324.472
internal_count=17235 16496 1054 15442 5705 401 207 194 121 5304 3902 3438 1402 3405 960 933 443 490 341 308 242 193 201 267 173 139 9737 1366 1341 996 345 285 208 2445 149 8371 2713 5658 5646 1906 1153 1122 4884 1115 4790 4717 807 739 615 556 124 762 471 442 286 4688 4582 4058 834 524 501 430
cat_boundaries=0 23 44 57 73 93 115 134 153 174
cat_threshold=4096 268435456 4 8210 0 33554432 2048 4194304 0 0 557056 50331648 536870913 134234112 268500994 4194304 805437568 32768 65556 1 0 0 128 0 134250496 1946157056 0 20480 8224 262148 0 0 9 2162688 2147483648 0 0 2147483648 8389248 0 0 541196482 32784 32 0 83886080 0 1744847744 98304 0 16781312 67108864 0 0 134217728 606076928 262144 1073741824 2097152 0 0 0 0 570425344 1572864 262656 0 1611661312 131145 1107296256 32867 123994112 20 0 0 1409286144 0 4096 0 0 0 0 0 0 0 0 0 0 0 0 0 4325376 32768 512 0 131072 266240 0 0 2048 0 2097152 16777216 258 1024 33685504 134348800 1572880 612368400 2751463426 128 0 268435456 1024 65536 0 0 2147483648 0 0 0 0 0 0 262148 0 0 0 0 0 0 0 0 268435456 4 2097248 0 0 98320 16384 16 8 0 2048 3584 0 1048576 0 0 1 4718594 100728959 264 0 96 1 0 98320 2048 0 0 0 2048 3584 0 0 0 0 1 4718592 67108899 0 0 20
is_linear=0
shrinkage=0.05


Tree=100
num_leaves=63
num_cat=11
split_feature=0 0 28 65 66 3 70 27 72 60 50 72 53 52 5 65 53 55 52 0 71 0 64 70 48 50 60 52 0 55 57 52 71 71 59 63 52 65 56 17 84 50 59 54 70 53 0 0 0 57 24 60 54 73 57 70 45 34 65 71 71 56
split_gain=3.16625 1.86061 1.43613 2.38433 0.890054 1.25156 1.2236 0.909092 0.859954 1.29358 1.18491 1.16315 1.09902 0.838451 0.813192 0.778077 0.761293 0.87582 0.993041 0.724589 0.888603 0.715958 0.711163 0.710928 1.21002 0.91326 0.702561 0.700799 0.733968 1.05463 0.685274 0.779738 0.825548 0.632416 0.880239 0.626832 0.621733 0.69515 0.61022 0.581987 0.574949 0.522916 1.21681 0.796569 0.588651 0.84759 1.9238 1.55284 1.02524 1.05619 0.973839 2.96845 1.67741 0.938669 0.627417 0.624862 0.705405 0.700384 0.618444 0.612216 0.522177 0.508828
threshold=0 1 0.6830127018922193 632.46000000000015 14.793333333333335 2019.5000000000002 0.5853888738375449 1.866025403784439 2 3.3731483973789502 190.80241668849905 3 -130.55377805435168 -524.90973250479328 -0.93301270189221919 599.85000000000002 15.22347000555529 -1.5028047106798357 -5.230701481520021 4 -0.88094620481512298 5 3.1400000000000001 0.11470602189043538 74.543846786346535 1228.4275668526393 -576.80590158031919 9.7453973202190642 6 16.580695981227393 -86.269298205178259 -288.97514760059579 52.707640247270426 -31.692704438381128 93.990348080514096 13.381818181818184 -10.318640967569044 6.0850000000000009 42.692505965356453 1.0000000180025095e-35 1.0000000180025095e-35 271.98092897692322 -275.69640563998081 221.51281698256057 7.8458726774291812 -19.349481122531213 7 8 9 -482.70118006899935 0.6830127018922193 209.15020360157669 116.16546431929241 10 274.38949246032979 4.1307608695652185 -0.93301270189221919 1.0000000180025095e-35 356.97000000000008 3.0623156137183405 0.17069883995657878 4.2679584350131181
decision_type=9 9 2 2 2 2 2 2 9 2 2 9 2 2 2 2 2 2 2 9 2 9 2 2 2 2 2 2 9 2 2 2 2 2 2 2 2 2 2 2 2 2 2 2 2 2 9 9 9 2 2 2 2 9 2 2 2 2 2 2 2 2
left_child=2 30 3 27 5 19 -7 8 9 10 11 15 -11 -14 39 -6 17 -15 -19 -3 -21 33 -22 24 -23 41 -13 28 38 36 -2 -32 -33 -16 -35 -24 -30 40 -1 -10 -38 44 -43 -44 45 48 -47 58 49 -25 54 52 -52 -50 55 56 -49 -57 59 -48 -46 -39
right_child=1 4 -4 -5 7 6 -8 -9 14 12 -12 26 13 16 21 -17 -18 18 -20 20 22 23 35 25 -26 -27 -28 -29 29 -31 31 32 -34 34 -36 -37 37 61 -40 -41 -42 42 43 -45 60 46 47 50 53 -51 51 -53 -54 -55 -56 57 -58 -59 -60 -61 -62 -63
leaf_value=-0.0078354726782609713 0.0074501167432473566 -0.0041853499728312631 0.0024650345815516936 -0.031322590468542598 -0.0010878858876325202 -0.013870970612401735 -0.003286415481116238 -0.0097850125362326911 0.00081736680408726241 0.0076253093271713814 -0.012920383251899018 -0.013625431991782103 -0.012033644448702535 -0.00069309074428978664 0.0099084092167395846 0.0096524541933624419 0.0023117716160212447 -0.0015080455252386301 -0.022969850987613744 -0.0037618543360790086 -0.0039200250890255913 -0.0019362755458695279 0.011640655857693666 0.0084249165515011288 0.020339156005863408 -0.0073402864932818421 -0.0041719102299813907 -0.015187900833446778 0.0044397229706278863 -0.019940692731386243 -0.00428539496723829 0.0023354197820074462 0.010130219845968064 0.0028650978901402866 -0.0031264276148060058 0.0030310051223199682 -0.025789752678735619 0.0018733314169520879 0.005388462531326659 0.0060274768700149294 -0.0074498616571762131 0.0072956632011844302 0.0016619810552603077 -0.0065981059441138565 -0.0013515556853309545 -0.01168056576607557 0.0014128620340692786 0.0043185281815030993 0.0068332671398043431 -0.0038385703857556582 -0.0050624872804660957 0.0056875807499922873 -0.029942893477246255 0.00097596342901398909 -0.0094320407857084992 -0.0069025161034931828 -0.00097130898049284972 -0.0007470373268280454 0.00025527851993691308 0.0084014171383178498 0.001845622657197878 -0.0081656341343535055
leaf_weight=12.717016058042644 79.075536973774433 68.046800350770354 40.310896545648575 10.316946938633917 53.36375442892313 31.988731208257377 186.46364087611437 22.576077859848738 103.67579823918641 47.468160003423691 33.959876937791705 23.626826912164688 15.283121317625044 62.018832830712199 25.534447208046913 24.652877569198608 140.93712656199932 10.62893855571747 10.934695929288862 64.072104873135686 30.896771963685751 12.875475853681566 24.986553303897381 19.569567576050758 11.579265169799326 41.244488410651684 116.86220913939178 20.481502211652696 12.777123250067232 15.40647269040346 39.732845634222031 368.63178547471762 37.415918454527855 346.25392144173384 74.488104447722435 137.35308259539306 8.2955804206430912 18.840970309451222 27.78211029805243 110.96960332803428 8.8137959465384483 83.01913920044899 143.04250026121736 36.669625222682953 161.47677711769938 32.145586803555489 56.507922941818833 67.573612313717604 67.451213851571083 170.72585391253233 11.881795026361944 21.005339689552784 15.759447604417799 700.69345879368484 23.072967112064362 91.047887096181512 935.67606990225613 93.841301240026951 117.60654879361391 70.354992622509599 610.71679614111781 38.240813655778766
leaf_count=93 103 708 43 14 133 412 737 58 495 59 70 19 16 218 55 26 256 50 60 772 43 83 105 25 21 58 444 145 136 69 66 628 20 602 151 1605 44 60 63 260 85 75 197 45 139 35 371 99 99 543 110 5 9 1767 18 127 3680 23 233 234 181 167
internal_value=0 0.000289002 -0.00576764 -0.00801061 8.48298e-06 -0.00190901 -0.00483635 0.000224893 0.000272011 -0.00159104 -0.00423159 -0.00288119 0.000674208 -0.00070174 0.000510791 0.00204401 6.96265e-05 -0.00371109 -0.0123911 5.64876e-05 0.00129076 0.000352728 0.00303287 0.00011468 0.00861109 5.68181e-05 -0.00537889 -0.00653831 -0.00529836 -0.00718183 0.00310138 0.00239955 0.00305368 0.00221834 0.00180436 0.00435616 -0.00574739 -0.00750181 0.000991285 0.00351094 -0.0163421 0.00014325 0.00228927 -2.34606e-05 -2.93272e-05 -0.000402708 -0.00113058 -0.00082203 0.000764142 -0.00244874 -0.00153227 -0.00848087 -0.0192479 0.0015715 -0.00126584 -0.00110726 -0.000615013 -0.00377828 0.00275452 0.00528854 0.00117705 -0.00485208
internal_weight=0 5887.44 213.983 173.672 5362.58 543.808 218.452 4818.77 4796.2 539.736 252.466 218.506 287.271 239.803 4256.46 78.0166 224.52 83.5825 21.5636 325.355 257.309 4041.81 193.236 3595.54 24.4547 3571.08 140.489 163.355 142.874 102.375 524.856 445.781 406.048 446.276 420.742 162.34 86.9683 74.1912 40.4991 214.645 17.1094 3529.84 262.731 179.712 3267.11 2494.91 1536.47 1504.33 958.44 190.295 1259.86 48.6466 27.6412 768.145 1211.21 1188.14 1003.25 184.889 244.469 126.863 772.194 57.0818
internal_count=17267 16348 919 876 15531 4382 1149 11149 11091 1351 692 622 659 600 9740 159 584 328 110 3233 2525 8985 1753 8177 104 8073 463 862 717 561 817 714 648 808 753 1710 492 356 156 755 129 8015 317 242 7698 7378 4944 4909 2434 568 4071 124 119 1866 3947 3929 3779 150 838 605 320 227
cat_boundaries=0 23 44 66 88 107 126 145 166 185 205 206
cat_threshold=65536 32784 536870916 134217730 0 33562624 536870912 0 0 0 786432 201326624 266240 16384 1835008 335544320 0 49152 134217984 0 68 0 128 4096 167772160 268435456 16 32784 0 2057 4194304 262144 281018368 2101248 3229614080 1 0 16777216 36 131072 4194312 2 65537 16 1 0 0 524288 0 0 0 0 2097152 1140859392 3890 8 43876352 0 0 142607392 524288 0 0 4 4194312 34816 0 0 0 0 0 0 0 0 0 0 2050 0 1146880 0 0 8388608 524288 0 0 4 0 2048 0 0 16777216 1073750273 0 0 285212672 84934656 0 0 1249902592 2101504 16777216 1207959552 136314880 16 0 0 32 0 1073741824 1073741824 1073743040 65664 0 82084 67108864 2147614720 0 0 536870912 0 134217728 268435468 2151678081 2 268632065 64 65536 0 0 2 0 8192 0 0 0 0 524288 32 0 0 0 0 0 32768 134217728 0 0 0 0 16384 0 0 0 0 0 0 0 0 0 0 16 0 0 0 16 32 1073741824 540016864 2164260865 32 0 1073741824 134217746 3221225480 0 1 0 1024 0 16777216 0 1073741824 272629761 67108864 65536 16 524512 16777216 0 0 1074266112 262144 1073741824 16384 1024 1536 0 0 0 0 0 46137348 0 0 163840 17172480
is_linear=0
shrinkage=0.05


Tree=101
num_leaves=63
num_cat=9
split_feature=0 65 0 48 64 63 10 64 64 45 10 50 0 5 70 47 63 5 73 22 59 0 57 53 57 0 0 55 48 47 0 60 47 48 58 53 55 34 67 59 58 60 59 10 58 47 59 58 48 50 0 2 38 58 58 64 64 15 58 9 53 60
split_gain=3.53262 1.23406 1.10919 0.90897 0.935272 1.07583 0.908962 0.928662 0.789912 0.757766 0.940336 1.27701 0.931576 0.701294 0.919562 0.854984 0.670351 0.641919 1.322 1.09252 0.833831 0.801455 0.625342 0.654897 0.620274 1.38713 1.35049 1.05487 1.08427 0.974301 0.964708 1.51964 1.07728 0.935367 0.806016 0.752781 0.69428 0.648581 0.628804 0.692855 1.24908 0.733078 0.618487 1.05136 1.07032 0.796629 0.61248 0.606137 0.788146 0.581292 0.568599 0.555135 0.54953 0.518401 0.952752 0.510942 0.506416 0.842634 0.561854 0.502676 0.496174 0.494146
threshold=0 94.02500000000002 1 111.55949060226739 115.90000000000002 160.99147727272731 5.7500000000000009 52.145000000000003 12.995000000000003 -0.93301270189221919 -2.5717582782094409e-15 -49.959191272523931 2 -0.93301270189221919 1.7305245644940304 -11.436414128977871 30.866904761904767 0.93301270189221952 3 0.93301270189221952 0.93116983658694708 4 6.8999320126513792 -76.937631019033248 -16.33776135901476 5 6 268.85625510397261 59.21874820515152 237.12732703721611 7 -105.18787258470859 -82.471376114937414 1517.5016748056701 413.95807549931072 204.90365082981671 -160.3087497625099 -0.93301270189221908 1.0800000000000003 -128.7739455238308 245.31228516908695 508.77463303359741 99.055879982472234 9.7631397208144168 413.95807549931072 -41.925610549052315 -204.65926094468813 413.95807549931072 -28.758078264030573 -554.47005472377998 8 1.5000000000000002 1.0000000180025095e-35 6.4803992092983123 8.4649187144345444 254.91750000000002 1335.3350000000003 0.93301270189221952 24.088829640605809 9.7631397208144151 143.22181187385786 -7.7420284311365739
decision_type=9 2 9 2 2 2 2 2 2 2 2 2 9 2 2 2 2 2 9 2 2 9 2 2 2 9 9 2 2 2 9 2 2 2 2 2 2 2 2 2 2 2 2 2 2 2 2 2 2 2 9 2 2 2 2 2 2 2 2 2 2 2
left_child=1 3 13 4 5 6 7 53 -8 10 16 -12 -11 -2 -15 47 -4 21 -19 61 -21 22 56 -24 25 29 27 28 -26 49 31 32 -28 35 60 -33 -32 -38 -39 40 46 50 45 44 -44 52 -40 48 -16 -23 -41 -30 -3 -1 -55 59 57 58 -14 -25 -27 -20
right_child=2 42 9 -5 -6 -7 8 -9 -10 12 11 -13 17 14 15 -17 -18 18 19 20 -22 24 23 55 26 34 30 -29 51 -31 36 33 -34 -35 -36 -37 37 38 39 41 -42 -43 43 -45 -46 -47 -48 -49 -50 -51 -52 -53 -54 54 -56 -57 -58 -59 -60 -61 -62 -63
leaf_value=-0.014686213555006206 0.0099085176147043121 -0.0075080862867311837 0.0047482179159478001 0.0045063795461229988 -0.024183782002096268 0.0070064636505168809 -0.026481845664266698 -0.02045361964029745 -0.0095272595734979884 -0.002608091868375283 0.012024992369615723 0.0022039142746895879 -0.0070941047405379517 6.7371565735576118e-05 0.0031326915404948832 0.0091133294038636663 -0.0018697140923484271 0.0016547352685537253 0.00030051552971554238 -0.004349661077917023 -0.019892425950717104 0.0040749531399513544 0.010904336575449853 0.012304130928561065 -0.0057875681138090601 0.0020977260558125632 -0.0084397819674082008 -0.013123018902214734 0.0072453845682475017 -0.011347714805092158 0.0072013134080827039 0.0048141406882548114 0.001885635401917608 0.013288621495714491 0.0066270624091176455 -0.00086663383774605819 0.0026275018518637401 -0.0091995539046123426 0.0032372483695310423 -0.0032125452420258501 -0.007602460386209227 0.0057751132295506859 -0.0034225574394755893 0.00059905395143314505 -0.020844463181766654 0.0034655729729934429 -0.0032876582500233655 0.0059706065838239014 -0.0068641061540065072 -0.0015865546947303475 -0.00010470937786206307 -0.0012837182413374445 -0.00038003542073232108 0.012792807570136523 -0.0056264258014357728 0.0014984480927202068 -0.0020857140283857762 0.010784342538115749 0.0018744807486296739 0.00091562177750647677 -0.003796927490729002 -0.00580258008717114
leaf_weight=11.034905558452008 32.13240903429687 48.108496248722076 55.186819911003113 12.422633174806831 10.200715906918047 10.329835845157502 13.267553688958289 11.113768979907034 14.246510204859076 288.34986198507249 50.166160501539707 97.289011245593429 18.784352431073785 233.85639365855604 57.695877432823181 70.354975394904613 124.78917904756963 141.95675255870447 61.670554691925645 15.649584051221607 19.235011093318462 53.506336312741041 33.175460159778595 25.490108771249652 120.56940238550305 622.01160339359194 48.01603502035141 27.698975116014481 28.660838507115841 22.989725887775421 29.975149542093277 209.13504703529179 53.304626125842333 25.114303112030029 97.626144018024206 80.86603869497776 156.3147691488266 21.641384148038924 68.080863695591688 155.07661675382406 94.58107528090477 48.957389459013939 17.107357488945127 27.80708634853363 18.189211875200272 65.48152394220233 76.241784993559122 69.432447046041489 29.951563358306885 297.01797010377049 1381.4228389877826 57.059128634631634 61.738542318344116 8.2977749994024617 45.614550431258976 117.36109621450305 97.814848601818085 25.338605612516403 248.23036984726787 15.631027266383169 37.872707203030586 71.756380050443113
leaf_count=69 70 97 30 27 34 20 55 43 115 1387 68 233 138 556 105 126 277 507 205 45 66 79 37 165 581 1682 81 22 26 38 66 595 102 17 100 95 596 90 99 938 85 37 67 34 38 114 104 44 60 673 4785 131 29 21 276 149 37 26 490 58 18 271
internal_value=0 -0.00447854 0.000467066 -0.00838865 -0.00967941 -0.00838047 -0.00991505 -0.00709789 -0.0177029 0.000254269 0.00258492 0.00554517 0.000101975 0.00271146 0.00226891 0.00453261 0.000159571 0.000272996 -0.00192444 -0.00475875 -0.0129198 0.000428727 0.00214058 0.00451619 0.000161529 0.00114401 -0.000252081 -0.0037989 -0.00273108 -0.00134045 0.000101933 0.00226465 -0.0030076 0.00403173 0.00235565 0.00323007 -0.000350146 -0.000464942 -0.000726803 -0.000626295 -0.00313646 -0.000248053 -0.00242741 -0.00667215 -0.0124005 -0.000899651 -0.000209685 0.00248094 -0.000283492 -0.000722345 -0.000439968 0.00156802 -0.00350183 -0.00481246 -0.00279148 0.00317894 0.00102851 0.00207046 0.00124355 0.00797511 0.00175941 -0.0029817
internal_weight=0 374.96 5815.04 136.528 124.106 113.905 103.575 76.061 27.5141 5321.62 327.431 147.455 4994.18 493.424 461.291 227.435 179.976 4705.83 310.268 168.312 34.8846 4395.57 581.826 191.658 3813.74 1131.02 2682.72 233.988 206.289 373.514 2448.73 416.436 101.321 315.115 757.51 290.001 2032.29 2002.32 1846 1824.36 238.904 1585.46 238.432 63.1037 35.2966 175.329 144.323 157.08 87.6474 350.524 1536.5 85.72 109.847 64.9472 53.9123 158.482 390.168 292.353 267.015 41.1211 659.884 133.427
internal_count=17229 1039 16190 660 633 599 579 409 170 15229 608 301 14621 961 891 335 307 13234 1094 587 111 12140 1100 409 11040 2590 8450 760 738 790 7690 890 183 707 1800 690 6800 6734 6138 6048 288 5760 379 139 105 240 203 209 165 752 5723 157 126 366 297 372 691 654 628 223 1700 476
cat_boundaries=0 23 43 62 63 84 104 125 146 166
cat_threshold=0 0 132 2 33554480 33562624 134217728 0 512 0 524288 2768241920 262144 0 2148007936 67110912 320 2147500032 448 0 8 0 128 0 67108864 1409286144 1207975936 1024 0 268468224 1048576 0 0 0 33554432 1 0 35651584 4194444 268960292 32770 2 196624 2147483648 0 4194304 8209 0 0 264192 524288 2147483648 4 33816576 98308 268566528 144703488 131072 301989888 8388608 4198408 65540 25169120 1024 1207992448 512 536870912 53248 0 33 69206016 16384 3758096384 8192 0 0 0 16424 8388640 33685632 65537 536870912 0 32 6180 524640 25165824 0 8192 524288 0 1207959552 196608 4194305 3072 0 0 0 0 16 553648146 33554468 4325376 32768 80 33554432 0 256 65536 1075841024 16388 0 0 268435552 0 16392 16777216 335544576 67108866 1 0 67108880 0 5 4 4 2097472 16777216 1024 8320 0 1168 3355443200 262144 8388609 2100224 268435456 0 0 0 528 0 4 4325376 32768 192 0 17825824 0 0 0 4128 33554432 4194304 0 524288 1207963648 1073742032 1610612736 38273088 4194304 1090519040 3 33554432 268435480 256
is_linear=0
shrinkage=0.05


Tree=102
num_leaves=63
num_cat=9
split_feature=0 0 49 52 60 53 70 50 63 65 63 9 57 51 50 59 6 8 71 50 53 66 3 0 0 50 59 53 0 58 66 37 38 58 60 0 0 0 53 24 55 59 59 65 53 81 3 47 64 77 53 58 53 9 0 70 70 47 37 55 55 57
split_gain=3.09008 1.65326 1.47977 1.65286 1.45397 1.26502 1.13081 1.13075 1.14075 1.11783 1.64567 1.07861 0.80888 0.783576 1.39517 1.18921 0.913194 0.883393 1.09456 1.5245 0.846306 0.744921 0.894435 1.23712 0.893486 0.891815 0.877568 0.737932 0.733075 0.728579 0.7082 0.70207 0.666093 0.743602 0.664768 1.8094 1.6752 1.02098 1.3522 0.921653 0.947214 0.88694 0.679434 1.16837 0.677773 0.636236 0.6194 0.904104 0.706453 0.617037 0.609037 0.600192 0.587864 0.688516 0.632891 0.914938 1.70574 1.33168 0.99029 2.37789 0.608524 0.614497
threshold=0 1 -182.91527737343313 105.42261575288676 209.15020360157669 -254.6777114948147 0.12979992979992983 142.79072669411153 922.583484848485 4.0250000000000012 14.018333333333336 -12.000000000000005 -2.373453742038429 -11.453489430882977 -305.79738589203492 418.90729955723879 0.50000000000000022 7.5000000000000009 21.32779911921364 -384.5348599818268 -92.171487530133945 38.833333333333336 2014.5000000000002 2 3 -1.6371925451190916 -30.357045999362125 163.56234560852099 4 74.420503577669834 2.0283333333333338 -1.0000000180025095e-35 -0.93301270189221908 9.0064182279212037 -100.9554774802662 5 6 7 658.57449663491855 0.25000000000000017 180.45196476182085 -275.69640563998081 -10.096697766859867 609.46000000000015 -0.19162837429319757 1.0000000180025095e-35 2019.5000000000002 -13.878622750300016 213.49750000000003 1.0000000180025095e-35 204.90365082981671 8.6407554113921119 -62.019180903624502 14.28941916244324 8 6.7362293800649971 6.0003467005662783 -125.2576519654417 -1.0000000180025095e-35 81.719700184405383 304.34973709947025 215.179877251063
decision_type=9 9 2 2 2 2 2 2 2 2 2 2 2 2 2 2 2 2 2 2 2 2 2 9 9 2 2 2 9 2 2 2 2 2 2 9 9 9 2 2 2 2 2 2 2 2 2 2 2 2 2 2 2 2 9 2 2 2 2 2 2 2
left_child=2 5 -1 4 9 7 -7 8 -2 10 -4 -11 -13 17 -15 16 27 20 19 -19 -8 22 28 26 25 -25 -24 29 -3 -16 -26 45 33 -32 36 -36 -23 38 41 40 42 -37 43 44 -38 -30 48 -48 -14 -27 -43 -28 53 -39 -54 56 57 -56 59 -59 61 -60
right_child=1 21 3 -5 -6 6 13 -9 -10 11 -12 12 46 14 15 -17 -18 18 -20 -21 -22 34 23 24 30 49 51 -29 31 -31 32 -33 -34 -35 35 37 39 52 -40 -41 -42 50 -44 -45 -46 -47 47 -49 -50 -51 -52 -53 54 -55 55 -57 -58 58 60 -61 -62 -63
leaf_value=0.0047754385841323414 0.0073701027218513841 0.0059917069084744409 -0.031437143497340593 0.01081827599012803 -0.023285320466629081 0.013314408018442459 -0.0035449368404638229 -0.011286385423594218 -0.0062217469960135262 -0.01924639799526319 -0.0046082305611443572 -0.0012992763334121343 -0.00033180602182459777 -0.0090343617919124274 -0.00291937408733008 0.0096826920955018457 -0.0087786045948405923 0.023619571347198349 0.0036659887073017487 0.0054807537485246291 0.0041866422455037111 0.0022159846447889066 0.0038042633725542362 0.005314414179593204 -0.0082145321997951024 -0.00048818276574029803 -0.00087619541558034116 -0.0054012697594554952 -0.0043050950022075051 0.0068522641184512057 -0.027835685477610669 0.0010460067604562973 -0.0012566756767422845 -0.0032929482756387362 -0.0023870442197657508 0.0098694475013998903 -0.00076834319162324169 0.0016592620653920317 -0.0063564478752075994 0.0035062543089850497 -0.009453589883531538 0.0041118789849860669 -0.004695974205191575 0.0053540712836016103 -0.0076210520022650012 -0.026570332117537676 -0.0039244735983894573 -0.018836351132768325 -0.014349192969621791 -0.015641291245668466 -0.002723639806966909 -0.013245803470090202 0.0021444888027420603 0.0075444275243919312 -0.0076407783299363959 0.0015487835116093319 -0.014229769117358718 -0.00086332810072002944 0.00039571143432119368 -0.021714386305014918 -0.0071793641257950069 0.0086489184509321634
leaf_weight=34.441890344023705 32.380479343235493 61.854123242199421 10.414697750471534 13.440397370606659 13.271586192771791 28.046181939542294 42.443820722401142 27.555697351694107 29.502927750349045 12.693326694890855 12.668572677299379 107.91786758042872 35.692095573991537 31.668617218732834 26.810014598071575 42.340854831039906 23.88785108551383 21.999603129923344 55.47661130875349 24.466471124440432 213.09621486626565 281.50037354230881 12.210061343386768 97.63071755412966 41.107712343335152 47.458496743813157 12.166092135012148 26.674679391086102 14.144744059070947 66.124227505177259 4.9851729385554782 143.23143240623176 700.66007738094777 8.102378571406005 396.86076014116406 61.680790424346924 127.22899962589145 303.89771492406726 31.763902679085732 56.532729998230934 54.437701568007469 279.7927560955286 187.89424284547567 60.087105795741081 50.367128942161798 4.1498384885489932 18.246819527819753 22.948499405756593 12.014131516218184 7.825944557785987 36.882279820740223 50.565003428608179 410.92837381362915 59.414004053920507 63.528844624757767 564.88800994306803 23.718926846981049 62.037800282239914 742.20174217037857 17.539065785706043 25.673177689313889 23.260333120822906
leaf_count=36 73 665 41 59 37 47 82 58 64 73 74 336 272 62 71 54 76 29 63 76 320 397 75 474 191 376 192 41 211 129 33 1158 3797 83 944 65 293 492 22 43 74 575 342 51 130 13 30 117 14 41 46 716 851 76 47 251 45 258 1746 30 42 13
internal_value=0 0.000374283 -0.00479859 -0.00625529 -0.00718862 0.00264951 0.00351079 -0.00286135 0.000890185 -0.00627016 -0.0167129 -0.00511963 -0.00420856 0.0030326 0.000666283 0.00231937 0.000146715 0.00447235 0.00840759 0.0140687 0.00290247 6.24951e-05 -0.00102409 -0.00167327 -0.00110088 0.00229122 -0.0074638 0.00192925 0.00183182 0.00403331 -0.00180901 -0.000124389 -0.00146543 -0.0126415 0.000396791 0.000730962 -0.000871214 0.00119246 0.00346775 -0.00248589 -0.00324338 0.00438417 -0.00244901 -0.000672725 -0.0027118 -0.00935561 -0.00774015 -0.0122314 -0.00386188 -0.00263322 0.00331576 -0.0108468 0.000772957 0.00262169 0.00042962 -4.68977e-05 -0.000988326 -0.000652146 -0.000142242 -0.00545899 0.000392546 0.000646504
internal_weight=0 5820.68 293.75 259.308 245.868 692.474 603.035 89.4391 61.8834 232.596 23.0833 209.513 196.819 574.989 217.506 185.838 143.497 357.483 101.943 46.4661 255.54 5128.21 1206.09 982.712 907.771 152.915 74.9412 119.609 223.38 92.9342 754.855 161.526 713.748 13.0876 3922.12 3104.07 818.048 2707.21 410.12 536.548 480.015 378.356 425.577 237.683 177.596 18.2946 88.9015 41.1953 47.7062 55.2844 316.675 62.7311 2297.09 363.312 1933.78 1522.85 957.96 934.241 870.712 79.5769 791.135 765.462
internal_count=17192 16103 1089 1053 994 1245 1050 195 137 957 115 842 769 1003 433 371 317 570 168 105 402 14858 8025 5978 4995 891 983 241 2047 200 4104 1382 3913 116 6833 5503 1330 4559 708 933 890 686 816 474 423 224 433 147 286 417 621 908 3851 568 3283 2432 2181 2136 2089 288 1801 1759
cat_boundaries=0 21 42 56 77 95 114 133 153 173
cat_threshold=67584 128 0 1153 16384 33554432 0 0 512 64 8912896 2231501824 1074003968 134217728 17825792 0 64 0 536870992 256 68 0 32800 16777216 0 134250624 8192 262144 72351744 0 0 0 0 1 0 2415919104 1073741852 647 64 131200 32768 16 4194304 137363456 4 1140850688 65536 0 33564672 0 0 0 1207959552 1591381 32768 8388610 268435456 385875984 1048576 0 1024 0 268435456 524288 131072 0 641990656 1216348160 2147483648 1073746432 103153664 6144 0 0 0 0 128 1073741824 2097152 0 0 1024 0 33554432 134217728 0 0 0 608277 1163264 18 0 0 0 2147483648 5128 0 8388608 16 33555456 4096 16546 0 65536 268707844 0 1073741824 0 16777216 32 4096 25166848 131074 2 5120 0 67109376 0 0 0 0 0 2147483648 268706816 3072 0 0 0 0 0 54526976 37879846 4194304 4 1073741888 268435456 1073742082 4096 16416 65552 0 262144 536870913 4096 0 0 0 0 2214593024 268959744 65553 268435456 65552 64 256 3758096384 0 524336 1073741824 1028 2147483656 2147631104 8389120 32768 0 1048576 0 0 8388608 37748736 369098784 134217728 131072
is_linear=0
shrinkage=0.05


Tree=103
num_leaves=63
num_cat=4
split_feature=54 50 3 65 70 8 64 65 66 70 9 8 73 59 4 53 67 56 15 66 55 68 52 65 23 10 70 3 66 64 65 64 49 51 49 67 63 70 73 65 20 7 50 73 1 47 64 60 59 59 73 41 41 8 59 59 49 67 60 64 49 70
split_gain=0.865278 0.893031 0.70889 1.63947 1.54279 1.31761 1.39554 2.43983 1.55864 1.26346 1.06129 0.973867 0.916362 0.980553 0.901305 0.816724 1.217 0.805005 0.726967 0.694826 0.680975 0.678628 0.765711 0.823377 0.807239 0.677843 0.67377 0.830671 0.653214 0.648474 0.613018 0.571765 0.54102 0.539383 0.526195 0.835623 0.514063 0.667557 0.495405 0.920405 0.747205 0.689976 0.665833 0.516549 0.752233 0.545633 0.660877 0.513559 0.492808 0.48936 0.644237 0.577648 0.527567 0.701422 0.484696 0.483234 0.703075 0.477459 0.761281 0.468102 1.00864 0.768909
threshold=82.331327772951013 864.12940632083985 2018.5000000000002 131.15000000000003 1.4774230781481916 6.5000000000000009 366.84500000000003 609.46000000000015 1110.511666666667 1.1613766219278225 6.1232339957367663e-16 5.5000000000000009 0 373.04554474932365 0.93301270189221952 9.232107125935693 689.94000000000017 538.66594636433149 -0.6830127018922193 54.233333333333341 131.48060491355247 0.83333333333333337 1.004214512718214 34.080000000000005 -1.0000000180025095e-35 -5.0000000000000009 0.62338623863796627 2020.5000000000002 127.10000000000001 606.5100000000001 989.98000000000013 279.27000000000004 -57.941622763018806 -18.993752300311126 95.625656313522526 360.50000000000006 460.59750000000003 0.67005681728852495 1 7.0300000000000002 0.93301270189221952 0.50000000000000011 225.37207612290538 2 9.5000000000000018 38.144536696948826 25.532500000000002 68.628859537250776 -519.14681641416826 -3.3275386585245808 3 1.0000000180025095e-35 0.68301270189221941 2.5000000000000004 -0.67519786117771197 -275.69640563998081 -2.505772250305712 165.27500000000003 20.050297757260651 87.197500000000005 16.833860014665373 1.0330102751494883
decision_type=2 2 2 2 2 2 2 2 2 2 2 2 9 2 2 2 2 2 2 2 2 2 2 2 2 2 2 2 2 2 2 2 2 2 2 2 2 2 9 2 2 2 2 9 2 2 2 2 2 2 9 2 2 2 2 2 2 2 2 2 2 2
left_child=1 20 3 31 10 6 -6 -8 -9 11 18 15 25 17 19 30 34 -14 -5 -12 21 49 24 33 -23 -11 -13 29 -16 -28 -4 54 -22 -24 35 -17 37 -20 42 41 43 -40 59 45 57 46 -41 -48 -7 52 -51 -52 -1 -54 -2 -27 -57 58 -45 60 -26 -62
right_child=2 -3 9 4 5 48 7 8 -10 12 14 26 13 -15 28 16 -18 -19 36 -21 32 22 23 -25 38 55 27 -29 -30 -31 -32 -33 -34 -35 -36 -37 -38 -39 39 40 -42 -43 -44 44 -46 -47 47 -49 -50 50 51 -53 53 -55 -56 56 -58 -59 -60 -61 61 -63
leaf_value=0.0028640659710441091 0.0077589831418444985 -0.010803998413527808 -0.00021048797526108883 0.0057590777348167426 -0.010529092691836342 0.0066784676147696662 0.0065448013168658533 -0.011346534064984931 -6.3990391986508698e-05 -0.00053844107442681461 0.013851933361089086 -0.011486059275105792 9.6465757572490666e-05 0.0045768413483923426 0.0054490858985435349 -0.0076548367580607851 -0.011354126091654764 -0.0042528313859392288 0.00039502685832168048 0.0050669016739594373 0.0087033989226027609 -0.0051002489975482046 -0.016355431292970481 -0.0018033206800415495 0.00047128785434746184 0.0066359116582422085 -0.0039325158425388088 -0.0081564545347132932 -0.0051402525254829814 0.0087552704671833206 0.006414723064538286 0.0021432141285617303 0.00081055741953232018 -0.005550155046073443 0.0043590182365588872 0.0029579524297107386 0.00040604520944240364 -0.014163547407415628 -0.00459905264792767 0.0067676011317186887 0.01082864510812432 -0.023370106879268528 -0.007088483005735652 -0.013284599374374585 0.0057771883177524701 0.003251025502095091 -0.0014951823107131885 -0.0086055718643250831 7.4588227796640056e-05 -0.0018118326793429608 2.1324599676836123e-05 0.0036296521675474309 -0.020983130204104136 3.6875586038164436e-05 0.017453802802517581 0.0066005273356917948 0.00069859584431093268 -0.015068378122366966 0.0030792842679735343 0.0019928772914703367 0.003622741847353637 -0.011167946901002306
leaf_weight=265.13542124675587 31.808096759021282 20.490495480597019 125.60647242516279 58.857156332582235 54.710446562618017 50.821280777454376 63.105028241872787 59.646920174360275 62.880491197109222 114.06281866878271 24.702273711562157 37.671354612335563 696.50277942419052 104.37527592480183 24.354213204234838 43.480347614735365 36.452058166265488 125.57069435715675 16.992850888520483 253.33549048006535 35.946345560252666 89.536918555386364 13.682090683840213 340.44858352839947 376.79189685638994 110.31933713331819 22.67974604293704 44.881531283259392 36.224848970770836 18.114122167229652 48.357116997241974 22.200361013412476 54.825602650642395 74.100855310447514 33.990561425685883 32.345749139785767 253.41563198715448 14.67277831211686 12.722091924399139 22.16316931694746 12.892942329868673 7.9576100166887036 27.764157809317112 13.828621095977725 10.527110001072286 73.19411494769156 258.30912993103266 28.163504678755999 63.607919864356518 338.5959959924221 459.06565711647272 146.25124609004706 5.3689202181994942 15.218104599043725 21.679198414087296 74.659532770514488 155.68388245999813 19.261896967887878 14.623275138437746 407.22342525608838 11.823963970877228 34.210130689665675
leaf_count=1404 98 71 167 115 96 39 57 64 44 105 72 160 417 57 55 92 32 58 91 457 33 353 183 2133 1540 71 80 126 68 38 33 37 102 960 52 27 455 64 93 196 44 56 64 133 76 257 1223 110 80 2315 458 208 20 192 47 43 135 31 52 1097 142 136
internal_value=0 -0.000399339 0.000789959 0.00178445 0.0012661 -0.00140851 -0.00351103 -0.00144263 -0.00555639 0.000183364 0.00265628 -0.00213824 0.000928972 1.16042e-05 0.00464331 -0.000684237 -0.00343801 -0.000567884 0.000699995 0.00584741 -0.000332077 -0.000457915 -0.00106323 -0.00291661 -0.000504698 0.00273754 -0.00591312 -0.0034627 -0.000883088 0.00170137 0.00163114 0.00888868 0.00393618 -0.0072343 -0.000810372 -0.00312765 -0.00034449 -0.00635092 -0.00019566 -0.00147548 -0.00103569 -0.0118222 0.000522112 -0.00138328 -0.00539423 -0.000614131 -0.00155067 -0.00219421 0.00300756 0.000452413 -9.63723e-05 0.000878621 0.00226538 -0.00544496 0.0116884 0.00391479 0.00261155 -0.00898952 -0.00487414 0.000782968 -0.000382295 -0.00736892
internal_weight=0 3190.12 2937.77 1113.01 1037.33 354.772 240.343 185.632 122.527 1824.75 682.555 443.579 1381.17 926.449 338.617 320.232 146.269 822.073 343.938 278.038 3169.63 3078.86 1849.23 428.232 1420.99 454.726 123.347 85.6754 60.5791 40.7939 173.964 75.6877 90.7719 87.7829 109.817 75.8261 285.081 31.6656 1331.46 473.643 452.964 20.6797 857.814 440.071 58.2409 381.83 308.636 286.473 114.429 1229.64 943.913 605.317 285.722 20.587 53.4873 340.663 230.343 47.7138 28.4519 830.049 422.826 46.0341
internal_count=17314 13682 3632 1939 1757 380 261 165 108 1693 1377 807 886 532 652 403 203 475 725 529 13611 13476 8879 3276 5603 354 404 244 123 118 200 182 135 1143 171 119 610 155 5250 2271 2122 149 2979 2078 292 1786 1529 1333 119 4597 2981 666 1616 212 145 249 178 216 185 2915 1818 278
cat_boundaries=0 1 2 3 4
cat_threshold=10491008 53093316 9503792 18684098
is_linear=0
shrinkage=0.05


Tree=104
num_leaves=63
num_cat=13
split_feature=0 0 5 0 38 52 34 66 73 71 65 58 66 57 0 52 0 67 0 0 55 9 47 67 72 48 49 60 55 27 35 1 47 0 63 70 73 46 48 57 52 0 55 63 52 57 49 49 5 53 0 5 55 49 16 16 64 57 5 60 10 53
split_gain=2.72488 1.46986 1.0526 0.950205 0.910604 0.984324 1.19746 0.841391 0.810327 0.80503 1.55069 0.821135 0.78323 0.620825 0.734428 0.909196 2.89071 1.52279 1.5332 1.24919 1.37288 1.16251 0.975876 0.963833 0.961407 1.92573 1.08598 0.897541 0.977121 0.819273 1.24383 0.76016 0.740019 0.853245 0.702825 0.636823 1.87916 1.01679 0.940013 0.864516 0.75827 0.824049 1.24846 0.754624 1.472 0.624196 0.614914 0.580049 0.558212 0.536617 0.52568 0.522966 0.686425 0.481561 0.7417 0.702654 0.552436 0.487327 0.487039 0.495011 0.462997 0.509953
threshold=0 1 -0.93301270189221919 2 -2.7554552980815443e-16 -169.26317143854365 0.25000000000000028 12.680000000000001 3 13.893064167950419 1332.7150000000004 283.00482681534885 77.993333333333354 -482.70118006899935 4 1.0000000180025095e-35 5 2155.0000000000005 6 7 49.52462818338693 -4.0000000000000009 -1105.2779986561904 1004.7150000000001 8 116.80169792620489 -366.82089503436481 156.6262193976809 61.96553052306141 0.68301270189221941 0.68301270189221941 11.500000000000002 614.74649124024506 9 1926.1450000000002 7.8458726774291812 10 1.3660254037844386 -281.03918354264988 -1.0568931790438907 -288.97514760059579 11 268.85625510397261 10.316250000000002 -1.0289720865104133 83.0128121514567 205.85927346528658 -642.17951605045153 0.6830127018922193 360.28099213909712 12 0.6830127018922193 -3.7275762111999255 -1.9019432702143459 0.6830127018922193 1.0000000180025095e-35 84.830000000000013 -5.3715054891891016 0.6830127018922193 54.529552586533505 12.995190528383292 -153.76859151859125
decision_type=9 9 2 9 2 2 2 2 9 2 2 2 2 2 9 2 9 2 9 9 2 2 2 2 9 2 2 2 2 2 2 2 2 9 2 2 9 2 2 2 2 9 2 2 2 2 2 2 2 2 9 2 2 2 2 2 2 2 2 2 2 2
left_child=7 4 8 9 -2 6 -6 -1 -3 11 49 -4 -9 -5 47 19 -17 18 34 20 46 -22 -21 31 25 26 -24 28 60 32 -31 50 33 -26 -18 36 39 38 -38 -35 -40 48 43 44 -43 -23 -16 -15 -42 -11 -20 52 -37 54 55 56 57 -7 59 -55 61 -28
right_child=1 2 3 13 5 53 -8 12 -10 10 -12 -13 -14 14 15 16 17 -19 23 22 21 45 24 -25 29 -27 27 -29 -30 30 -32 -33 -34 35 -36 51 37 -39 40 -41 41 42 -44 -45 -46 -47 -48 -49 -50 -51 -52 -53 -54 58 -56 -57 -58 -59 -60 -61 -62 -63
leaf_value=-0.02062320146932449 0.0075623416582606372 -0.0023108132879900347 -0.0037528209282750354 0.0064034523147611976 0.0024554915616502673 -6.6305534475027939e-05 -0.0094985725335813512 -0.0026540545577172564 0.0037104110626711741 0.00034559665527857125 -0.0054437434842421369 -0.014987156318072695 -0.014758597039584698 -0.0070964037799125523 0.0046135670990586092 0.0037310822655487112 0.00098008843243770007 -0.019252196050470807 -0.00029508433820574003 0.0089679557299012433 0.0028435426069204832 -5.2900389968144811e-05 -0.013329475827587643 -0.020440962341246323 -0.0064527304082002178 0.0030052312459731053 0.0043634577308465892 0.0019503053872598421 -0.014960077129406144 -0.00095312443636523829 -0.010466718705116991 -0.010605777647008435 0.0048028107985666835 -0.0040715822753901116 0.015475754529437131 -0.0024680274140086241 0.0042791110385621408 -0.0088737376809086884 -0.0055809238803504321 -0.019133918398425293 0.0049140945259517829 0.0025289575883787043 -0.010889120623959005 1.4613008584715386e-06 -0.021820869366450446 -0.010613329513008179 0.015103968740953717 0.0020835080230223384 -0.0019410725567346404 0.0066519562914296856 -0.0045745210149079549 0.0042940950221318766 0.0020325059637569219 0.0057973509268148954 -0.0053263600170446786 0.0093240429525526785 0.0028816316388250865 -0.012517263086353767 0.010315390436118128 -0.0011400226649820912 -0.010757978419473613 -0.0042593211181686753
leaf_weight=15.531033950857816 80.81510434858501 65.096416413784027 203.8018925273791 36.830613344907761 45.276098601520061 23.398417264223099 38.99017084389925 33.622514616698027 273.85302392859012 84.033972084522247 93.143236726522446 17.675918346270919 22.179547026753426 17.870240956544876 202.02779438532889 169.20862491987646 105.60489991307259 15.162896037101744 107.9489454254508 27.958679065108299 81.508677545934916 23.278186415322125 34.597646921873093 9.3439543545246107 39.627935409545898 102.17734007537365 20.151633508503437 52.048364259302616 23.718984723091125 144.55817791074514 45.067954201251268 42.078136840835214 84.328090183436871 16.877802209928632 9.0810769200324994 118.45331326313317 127.02375560626388 31.791247630491853 62.839001379907131 21.87126671243459 132.04850228363648 13.350495796650648 27.944690525531769 1111.4204677073285 11.599057959392667 35.078224070370197 15.0067832916975 464.26698293536901 38.312392370775342 56.353308491408825 291.70271866954863 138.92756649851799 297.53791344352067 79.195897398516536 34.404342606663704 32.662835545837879 118.71225740760565 11.833157362416385 34.340097744017839 38.076656967401505 22.245225198566914 114.98003489151597
leaf_count=133 120 223 770 47 58 94 53 107 1005 126 63 54 29 60 769 588 687 17 871 18 142 72 81 12 10 145 55 94 41 330 77 330 37 63 8 97 146 79 83 63 513 147 20 3986 25 62 15 1318 169 32 2034 65 78 124 60 51 136 99 68 43 56 256
internal_value=0 0.000155559 -9.9948e-05 -0.000284988 0.00262119 0.00180457 -0.00307568 -0.00905996 0.00259531 -0.00243628 -0.000441682 -0.00464942 -0.00746523 -6.12911e-05 -0.000114927 -0.000339824 -0.00190828 -0.00355394 -0.00319603 2.46936e-05 0.00277181 -0.00101351 -0.00032649 -0.00445096 -0.000419353 -0.00275993 -0.00506314 -0.00383645 -0.00549961 -5.64712e-05 -0.0032142 -0.00421348 0.000206605 2.9593e-05 0.00195723 0.000178256 -0.000328471 -2.34523e-05 0.000160949 -0.00999409 -0.000213361 3.93534e-05 -0.000444521 -0.000191588 -0.00879129 -0.00640081 0.00533892 0.00170784 0.00318546 0.00287705 -0.00354046 0.00163802 0.000750981 0.0029082 0.00141945 0.00266317 0.0012499 -0.00424818 0.0050784 0.00354489 -0.00407379 -0.00297344
internal_weight=0 5819.12 5281.41 4942.46 537.705 456.89 84.2663 71.3331 338.949 455.008 233.531 221.478 55.8021 4487.46 4450.63 3968.49 750.131 580.923 565.76 3218.36 356.9 139.865 2861.46 451.074 2833.5 369.919 267.742 233.144 181.096 2463.58 189.626 441.73 2273.95 2189.63 114.686 2150 1595.08 1556.33 1524.54 38.7491 1397.51 1334.68 1164.31 1136.37 24.9496 58.3564 217.035 482.137 170.361 140.387 399.652 554.919 415.991 372.624 221.011 186.607 153.944 35.2316 151.613 117.273 157.377 135.132
internal_count=17214 16945 16039 14811 906 786 111 269 1228 1045 221 824 136 13766 13719 12341 4547 3959 3942 7794 1060 276 6734 3247 6716 728 583 502 408 5988 407 3235 5581 5544 695 5534 5294 5168 5089 126 4943 4860 4178 4158 172 134 784 1378 682 158 2905 240 175 675 440 380 329 193 235 167 367 311
cat_boundaries=0 21 44 65 66 84 104 124 144 166 187 188 208 226
cat_threshold=0 1073741824 536870912 0 0 33554432 0 0 512 0 0 0 262144 134217728 0 0 0 32768 16 16 32 4096 1048576 1074790400 64 33555456 0 8192 2621440 16384 0 0 0 0 0 67125248 540 277348976 268451840 541065474 0 0 0 128 4194304 822116608 12582912 134217730 110592 12288 536877073 0 0 2148007936 67633152 4 268566529 8388608 0 0 0 0 0 4 64 23071748 1024 0 16777216 17 524416 1073741824 268435592 0 2147614720 809508864 16819200 1073742368 0 35127296 137363456 4194432 0 64 64 33554496 67108864 32 0 16777216 134217728 3225419776 262144 263273 0 1024 2147485696 0 131072 33554432 16777217 4325376 1216 256 3221227528 201326624 1 0 0 0 0 8388608 0 8388612 0 34111616 167772160 1610657984 2181038092 16777216 2 0 8 32768 2097152 0 0 16384 0 2115584 32772 67108872 65536 0 4608 262144 0 2415919616 2 35 4194308 67174454 402784256 65536 0 0 2717908992 0 0 0 0 0 64 0 6144 262208 0 1114432 1049600 58720256 524545 0 0 0 4194648 74 0 0 0 0 0 0 0 0 0 0 0 0 0 0 0 0 0 0 0 0 24 534530 65536 32 0 0 16 0 262146 0 0 512 278528 2147508224 536903680 603979787 0 3506438144 16778368 2147483649 65536 32768 268435472 128 2147483648 0 0 526336 0 0 0 0 2182107648 1404936 1114112 2316 524288 2147483648 0 27
is_linear=0
shrinkage=0.05


Tree=105
num_leaves=63
num_cat=11
split_feature=0 0 57 63 47 60 4 14 47 64 67 14 66 73 57 72 51 56 3 3 51 54 52 51 73 1 52 0 59 48 3 50 60 0 65 4 70 8 0 22 0 0 59 64 56 49 65 53 48 51 73 9 60 50 9 67 66 3 70 48 8 58
split_gain=2.16345 1.33061 1.16679 1.34103 1.03501 1.18197 0.955912 0.889599 0.79933 1.69066 1.21668 0.714477 0.790942 1.12223 0.870947 0.68322 0.665878 1.40689 0.656466 0.809879 1.51272 0.760379 0.733044 0.678687 0.634135 0.628185 0.599137 0.582781 0.569614 0.532484 0.579083 0.526855 1.66469 0.556464 0.662576 0.698086 0.679953 0.552713 2.39719 1.34164 0.881499 0.846011 0.76944 0.718647 1.1172 0.672166 1.30274 0.915109 0.697935 0.862694 0.701379 0.739368 0.916891 0.659358 0.651912 0.605144 0.807332 0.688286 0.730912 0.525464 0.688536 0.522144
threshold=0 1 129.18902421768524 1038.1321212121213 139.06963237502455 10.097113160839337 1.0000000180025095e-35 -0.68301270189221908 -3.0551529476595287 96.827500000000015 145.14500000000001 0.93301270189221952 9.6866666666666692 2 1.7232744621151681 3 1.0000000180025095e-35 0.9711481865011673 2021.5000000000002 2018.5000000000002 51.384348944631689 362.70762277045941 -1.0000000180025095e-35 -163.22700965734188 4 2.5000000000000004 12.123415859389128 5 -16.12256294549854 -11.884863901835116 2019.5000000000002 1228.4275668526393 61.582076882082411 6 42.175000000000004 0.93301270189221952 2.8375366568914964 3.5000000000000004 7 1.0000000180025095e-35 8 9 -29.211438253059956 1388.4525000000001 620.85885111107928 -1.9019432702143459 55.105000000000011 82.035557409812881 -25.72118881807808 -331.52664385641782 10 -7.8971143170299731 -1.5783091281897421 -344.09941996791321 -20.392304845413257 613.21000000000015 771.07833333333349 2019.5000000000002 1.7875696943703734 -11.482792462965849 4.5000000000000009 28.14971793533563
decision_type=9 9 2 2 2 2 2 2 2 2 2 2 2 9 2 9 2 2 2 2 2 2 2 2 9 2 2 9 2 2 2 2 2 9 2 2 2 2 9 2 9 9 2 2 2 2 2 2 2 2 9 2 2 2 2 2 2 2 2 2 2 2
left_child=8 2 3 4 5 26 -6 -7 25 10 29 12 13 16 27 18 17 -3 19 21 22 23 -21 -14 -13 28 59 -15 -1 -10 -31 33 -33 34 36 -36 -17 41 39 -39 43 -35 -42 44 53 48 47 -47 49 -43 -50 52 -52 -40 -44 57 -57 58 -48 -2 -61 -51
right_child=1 11 -4 -5 6 7 -8 -9 9 -11 -12 24 15 14 -16 31 -18 -19 -20 20 -22 -23 -24 -25 -26 -27 -28 -29 -30 30 -32 32 -34 37 35 -37 -38 38 40 -41 42 45 54 -45 -46 46 55 -49 50 61 51 -53 -54 -55 -56 56 -58 -59 -60 60 -62 -63
leaf_value=-0.0027699377706831702 0.00045454712207927878 -0.032167738794549441 0.0073174268801944418 -0.0042452381887363748 -0.010824053982975947 0.015260519812541982 0.0025495075609664906 0.0052825955932425551 -0.0019519749685210754 -0.0012583016711019857 -0.033079872158520436 -0.0020565870817538571 0.0079852827391218399 0.0054306325753479172 -0.0045250723979900201 0.012232389147179522 -0.0029363685612433703 -0.0082202758049190559 0.0037534337879249649 0.00046543640388304035 -0.013206037428598154 -0.0044977131569332281 -0.0060857532626109358 -1.2208812868705359e-06 0.0034629112227751134 -0.0012184781799475511 -0.0036399206730984347 -0.00047282470688144124 -0.015164742105553084 -0.0078028498735498806 -0.024197835167243553 -0.01470806210477118 0.0044937128838661048 0.0049389598824486521 0.0017145176610871221 -0.004816195122015917 0.0029923042804249045 -0.004448755256769397 -0.0080066290295027088 -0.021888173660132945 0.0018800792994878954 -0.0040613056396466172 -0.011961085807001434 -0.0067132266424362874 0.01500925627166423 -0.0023309210072141894 0.0030536732914136508 -0.01057080842743599 0.0022151336959095672 0.0076256420484683649 -0.00029421881881979323 -0.00018680519318194457 -0.011982247475104046 0.0033895194912657227 -0.0012635773061287128 -0.0043499479538209908 0.00084731039196138814 0.00040814568028371039 0.013839408242593734 0.0089185646782618342 0.00017445420724479676 0.0026042522594308011
leaf_weight=20.721831267699599 102.90556640550494 7.5780925247818223 109.96862429380417 81.320400014519691 25.015705179423094 30.629056690260768 28.681646078824997 82.528573881834745 10.449707485735415 42.786300621926785 7.9408224523067465 60.483491625636816 35.619939580559731 47.226396307349205 101.52360404795036 27.913320057094097 30.191184993833303 32.165318528190255 50.405268359929323 96.884669378399849 40.032729636877775 65.59385073184967 76.350136106833816 105.05806763842702 256.98682034853846 185.54616784770042 41.985054736956954 155.0988212665543 16.771153808571398 11.176636762917044 10.395280469208954 22.290803328156471 22.865874022245407 99.882563441991806 465.61591675691307 44.861819097772241 69.43821382150054 222.11689723748714 13.521750465035437 11.604556389153002 237.53881565853953 44.553384736180305 14.675028290599583 17.724769175052643 20.08175291121006 184.50937948748469 119.10408447682858 41.223697602748871 245.38364329561591 58.800123356282711 34.769074618816376 334.09681306406856 32.429735504090786 206.94960044138134 482.37361668236554 130.21459625661373 175.3319241553545 429.49598948657513 18.093649711459875 59.366151429712772 36.266137074679136 433.03824378177524
leaf_count=31 170 20 102 66 50 57 57 193 61 87 30 354 47 400 962 98 116 231 96 190 118 56 173 428 820 502 135 1054 83 125 55 65 38 121 842 93 94 1150 35 60 863 35 89 28 33 275 543 14 203 72 65 313 83 1080 3222 77 47 93 43 87 85 451
internal_value=0 0.000403081 0.00262038 0.00161705 0.00278727 0.00376928 -0.00368076 0.00798338 -0.00384271 -0.00816532 -0.0155604 0.000153872 1.10085e-05 -0.0022032 -0.000722287 0.000185968 -0.00746648 -0.0127865 -0.00160383 -0.00228571 -0.00444619 -5.19475e-05 -0.00242188 0.00202098 0.00245565 -0.00241129 0.00178669 0.00115019 -0.00831431 -0.0112159 -0.0157034 0.000386245 -0.00498491 0.0004447 0.00183136 0.00114059 0.00564169 0.000205415 -0.000656278 -0.00509658 0.000435915 0.000650198 -0.000454552 0.0028911 0.00371896 0.000438825 -0.000450196 -0.0038357 0.00126761 0.00260106 0.000161575 -0.00112139 -0.00593479 0.00269058 -0.00157941 0.000425962 -0.0013676 0.00139301 0.0044761 0.00293427 0.00560258 0.00320457
internal_weight=0 6020.36 598.667 488.698 407.378 353.681 53.6974 113.158 305.788 82.7487 39.9624 5421.7 5104.23 373.783 303.849 4730.44 69.9346 39.7434 469.945 419.539 213.268 206.272 173.235 140.678 317.47 223.039 240.523 202.325 37.493 32.0216 21.5719 4260.5 45.1567 4215.34 607.829 510.478 97.3515 3607.51 1226.59 233.721 992.865 2380.93 734.587 258.278 240.553 2281.04 1097.97 225.733 1183.07 536.392 646.679 401.296 67.1988 220.471 497.049 872.24 305.547 566.694 137.198 198.538 95.6323 491.838
internal_count=17266 16292 1002 900 834 727 107 250 974 358 271 15290 14116 2783 2416 11333 367 251 1108 1012 481 531 363 475 1174 616 477 1454 114 241 180 10225 103 10122 1127 935 192 8995 6560 1210 5350 2435 4174 1176 1148 2314 1092 289 1222 558 664 461 148 1115 3311 803 124 679 586 342 172 523
cat_boundaries=0 21 42 43 65 66 81 102 121 140 159 160
cat_threshold=32 537919504 268436096 536871232 0 33554432 4 524288 0 0 0 2684354564 33816576 0 268730368 67108864 805437440 2151714818 0 0 64 65536 32768 1073741824 0 134251520 1073766400 268730368 67108864 0 4456448 32768 0 2147483648 2147483648 2 276824064 514 0 131088 229392 20 19403282 1 1572864 0 0 0 0 0 0 0 8208 8 0 16842752 4 1024 964707328 17563936 0 0 4722820 2147483904 4 22025220 0 419430400 0 0 65536 0 0 6291456 0 0 0 655456 2013265920 2 68747264 4096 67109120 2701131780 1207975985 81920 0 33554448 0 393216 0 2048 0 0 134742016 4 0 524304 81936 134217792 0 8 2099200 1075838976 0 0 16 2103296 1024 142606336 16384 0 65536 81920 1048576 1073741828 0 1073741865 16777220 33554537 805306368 1044 0 0 1026 0 524288 2 1078984704 2147483648 36 134217728 33555456 2048 324009984 134348832 16 1 0 1408 0 0 0 0 0 0 0 0 0 0 0 0 0 0 0 0 16777216 105 805306368 2359424
is_linear=0
shrinkage=0.05


Tree=106
num_leaves=63
num_cat=7
split_feature=72 47 43 53 72 48 48 48 50 65 63 57 57 53 63 48 53 71 72 24 48 67 56 69 87 57 47 50 50 65 50 67 64 65 65 65 10 47 50 53 65 63 65 8 57 5 50 67 49 56 72 1 53 72 69 63 87 41 72 60 56 72
split_gain=2.42128 1.9557 2.30701 1.53761 1.00096 0.992229 0.917319 1.11145 0.809077 0.953896 2.48373 0.790444 0.620954 0.607344 0.724813 0.587914 0.727017 0.604339 0.571365 0.533131 0.499419 0.488561 0.664322 0.707114 0.462452 0.454955 0.450305 0.647458 0.453166 0.451308 0.765395 0.646006 0.5353 0.858735 0.442019 0.558282 0.419716 0.420411 0.417947 0.410356 0.386472 0.449226 0.376138 0.780896 0.373229 0.365632 0.446434 0.473366 0.86102 0.869141 0.758372 0.493165 0.663607 0.60228 0.539692 0.519783 0.452024 0.42819 0.412016 0.525438 0.62695 0.489712
threshold=0 965.05411732881146 1.0000000180025095e-35 -164.81867566755872 1 -439.74172733726346 1103.9685066770173 564.40590854048855 -21.245597483674384 1170.1600000000001 756.17875000000015 -6.8751969809998021 -39.120777787293093 -380.0986768635716 1656.7454166666669 116.80169792620489 152.40419402176323 -0.88094620481512298 2 0.93301270189221952 -23.604941688163066 7.3500000000000005 4.1219630355473873 0.83333333333333337 1.0000000180025095e-35 118.98959397578226 6.4538694328927244 163.42161226394941 15.014382355666802 10.045000000000002 -22.405142897633372 23.145000000000003 36.970000000000006 198.03000000000003 71.085000000000022 32.040000000000006 -6.7141016151377562 -1.8465489436430003 -4.2135390109884048 112.31979194672637 849.33500000000015 212.33125000000004 291.09000000000009 3.5000000000000004 0.14274636391381695 -0.93301270189221919 1228.4275668526393 53.040000000000006 -173.43134169909465 195.25470543799062 3 11.500000000000002 2.4532806225157691 4 0.41666666666666669 90.183333333333351 2.5000000000000004 -1.8660254037844384 5 18.909550711913585 159.29856235678099 6
decision_type=9 2 2 2 9 2 2 2 2 2 2 2 2 2 2 2 2 2 9 2 2 2 2 2 2 2 2 2 2 2 2 2 2 2 2 2 2 2 2 2 2 2 2 2 2 2 2 2 2 2 9 2 2 9 2 2 2 2 9 2 2 9
left_child=1 2 3 5 6 -1 7 13 11 10 21 12 -5 -2 15 16 17 20 25 45 -15 -10 -23 -24 39 26 27 29 42 30 -6 38 -31 -34 35 -19 -25 -38 -32 -17 41 -36 43 -28 -45 -20 47 48 -47 50 -50 53 -53 54 -52 -54 57 -55 59 61 -61 -49
right_child=4 -3 -4 8 18 -7 -8 -9 9 -11 -12 -13 -14 14 -16 24 -18 34 19 -21 -22 22 23 36 -26 -27 28 -29 -30 32 31 -33 33 -35 40 -37 37 -39 -40 -41 -42 -43 -44 44 -46 46 -48 58 49 -51 51 52 55 56 -56 -57 -58 -59 -60 60 -62 -63
leaf_value=-0.0032928617930722535 -0.0038687272218024499 0.0070353578568780927 -0.01590704283496984 -0.0026742525697666308 0.0031067739561601135 0.010061525728324885 0.0081890519406909758 -0.0073034754479264635 -0.01732509140468896 0.0055286341939115163 -0.033032555780703667 -0.00012847886706137128 -0.011291317915691813 0.0014161644608910256 0.0098206248503259468 -0.0023506253191126129 -0.0045447854550937491 0.0039287411955723417 0.0019965964239324705 -0.0057643393187502565 -0.0047615849142546261 0.0042667968073788337 -0.00058324033781646356 -0.0029862650468530302 0.0079142511424778999 0.0046789904953350092 -0.023445354377705126 -0.010561722309880449 0.0013793108727054842 0.0038882379196120381 -0.011424245909415145 -0.016627914723862762 -0.0077712216425586157 0.00061229606927553477 0.0046631518121279993 0.016309875864770024 -0.0097914789280982711 -0.022285119718812231 0.0048837633724731055 0.0057871030379098775 0.0070428953707954061 -0.0024807189691031448 -0.0048574473086494437 0.0067261796511994265 -0.011687104639764464 -0.017625576904496898 -0.0065185452118388431 0.0030964547574714512 -0.0069098674317493256 0.016105414449587761 0.011015528451646054 -0.0022922593822880442 -0.023697588698756794 0.0083177931533625141 0.0017324644892931598 -0.0029374562327378006 -0.013703356637736658 -0.00090445143246634064 0.00055195917350772542 -0.0050017217977566704 0.00082227822893317305 -0.0011778671618301762
leaf_weight=25.141483182087541 41.061271041631699 38.304922640323639 41.775370789691806 45.666604869067669 18.22041386179626 31.133612435311079 55.469513401389122 34.05786868929863 10.391263930127023 10.790782809257506 10.5275362432003 105.859350387007 38.558997254818678 120.49197091534734 31.327372342348099 29.940611142665148 51.178956970572472 23.50608709640801 256.73643153067678 38.251336035318673 44.907790116965771 13.48282055556774 20.214209016412497 9.1616365984082133 64.157199367880821 25.03095155954361 9.687488544732334 18.085990853607655 18.31706852093339 67.16072422452271 7.1773303821682921 16.509022062644362 40.154881704598665 127.63995824754238 40.950143560767174 14.861191563308237 15.116478005424135 12.141862908378258 8.6802816297858936 32.100760757923126 34.807863652706146 47.567968465387821 42.993307542055845 4.6689841803163272 6.7029064428061247 7.7245423570275298 25.677088063210249 95.480354227125645 41.122815670445561 7.4856695225462309 19.281441567465663 53.124250085093081 7.2998834671452624 12.884517967700956 83.287192658521235 5.1367583964020014 6.7551017403602591 544.06902187364176 3068.1816584374756 132.01496642827988 71.09477710723877 174.98344806209207
leaf_count=82 62 42 93 51 41 46 55 41 113 6 9 116 66 243 28 58 59 104 1020 133 152 51 95 67 68 38 42 52 80 299 35 52 175 132 116 44 110 103 67 55 38 104 93 41 89 46 60 203 165 30 131 403 107 31 890 60 5 4101 5324 379 123 459
internal_value=0 -0.0036599 -0.00480432 -0.00347222 0.00019586 0.00409531 0.00200254 0.0014736 -0.0049311 -0.00852762 -0.0101938 -0.00300448 -0.0066192 0.0019918 0.00244093 0.00198265 0.00099675 0.00186381 -4.54774e-05 0.000113968 -0.00026116 -0.00720728 -0.00570783 -0.00808247 0.00493783 -0.00180938 -0.00227701 -0.00138751 -0.00555583 -0.000806427 -0.00509038 -0.00970486 0.000115928 -0.00139396 0.00403749 0.00872445 -0.0122448 -0.0153566 -0.00249742 0.00185991 0.00257936 0.00082417 -0.00753907 -0.0130137 -0.00412712 0.000162965 5.48838e-05 9.38651e-05 -0.00101436 -0.000849948 -0.00101415 -0.000580513 -0.00472619 -0.000181296 0.00316862 -0.0151229 -0.000832271 -0.000691105 0.000340486 -0.00101973 -0.00296314 0.00040201
internal_weight=0 428.267 389.962 348.187 5728.01 56.2751 666.387 610.917 291.912 101.827 91.0358 190.085 84.2256 576.859 535.798 504.471 378.272 327.093 5061.62 4650.59 165.4 80.5083 70.117 56.6342 126.199 411.029 385.998 303.629 82.3698 285.543 50.587 32.3666 234.956 167.795 161.693 38.3673 36.42 27.2583 15.8576 62.0414 123.326 88.5181 64.0527 21.0594 11.3719 4612.34 4355.6 4329.93 788.171 780.447 772.961 731.838 65.5609 666.277 102.569 12.4366 563.709 556.954 3541.76 473.574 203.11 270.464
internal_count=17183 1050 1008 915 16133 128 1227 1172 787 554 548 233 117 1131 1069 1041 860 801 14906 13670 395 539 426 375 181 1236 1198 853 345 801 195 154 606 307 406 148 280 213 102 113 258 220 265 172 130 13537 12517 12457 5969 5923 5893 5728 570 5158 1021 167 4137 4132 6488 1164 502 662
cat_boundaries=0 22 45 67 89 111 134 156
cat_threshold=0 524448 33686528 64 0 0 12288 0 16781312 0 4114 134219008 32 0 571474944 16793616 524288 0 84410368 0 8388612 1048576 0 1048576 0 0 0 0 2048 0 268435488 16384 2560 0 1073741824 0 8 2415951878 539248648 0 134217728 1075838976 2360472 80 16 0 4194304 10485760 513 0 0 0 0 134367232 16781312 16777216 8 0 805339648 557056 3072 16975104 0 262144 384 268435456 2147614720 0 0 16384 0 0 0 0 0 0 0 1048576 0 256 0 196608 0 32768 0 536870912 0 2147484160 16384 17153 302121472 2147487744 2 4194304 0 0 0 2147582016 262314 0 536870912 0 32 0 0 2415919108 0 268435456 0 67108864 2 1 0 16777216 86016 0 0 0 0 0 0 131080 32 430014464 196608 16 75497504 2147483648 0 268435456 268435968 34078976 8454176 256 0 0 16777216 4096 0 0 0 0 0 0 131072 32 2162688 0 0 75497472 0 0 0 268435968 0 8388608
is_linear=0
shrinkage=0.05


Tree=107
num_leaves=63
num_cat=8
split_feature=72 0 63 48 48 58 51 47 67 57 50 10 53 60 48 48 57 48 9 27 36 0 13 9 3 48 47 63 51 67 6 60 66 55 39 0 47 47 51 13 3 0 65 66 60 47 0 0 77 88 0 9 3 32 56 55 51 47 57 50 55 3
split_gain=2.85797 1.27903 0.911252 1.12415 1.20152 1.12255 0.884053 1.11133 0.911133 0.81806 0.957937 1.00221 0.794816 0.939103 0.837417 0.75714 0.737702 0.690116 0.686178 0.65101 0.624513 0.62255 0.638684 0.601047 0.516214 0.755246 0.884569 0.694299 0.549426 0.578765 0.548089 0.514349 0.802229 0.751837 0.49973 0.597941 1.1629 1.36732 0.613345 0.611319 0.588216 1.43733 0.921194 0.910631 1.01255 0.954346 0.800722 0.683176 0.667913 0.59973 0.547366 0.544496 0.721323 0.541869 0.536474 0.519853 0.471381 0.658698 0.469763 0.611492 0.46443 0.448748
threshold=0 1 1926.1450000000002 1103.9685066770173 675.24759847434109 1183.2898341276152 -6.5674493540740491 -187.13521310887185 2068.4500000000003 -11.47087562983034 -1.9279464682317895 6.0310889132455356 38.612560423384437 21.879531691338862 240.41894963669935 -327.36532659405265 -482.70118006899935 6.080001061670278 13.428203230275512 1.866025403784439 1.866025403784439 2 -0.93301270189221919 3.6739403974420599e-16 2019.5000000000002 74.543846786346535 22.116556817427 360.63541666666669 -9.5021824728512083 252.06000000000003 1.0000000180025095e-35 -29.808163461127158 24.416666666666668 -9.9400635398075377 -0.93301270189221919 3 1358.7753715288591 435.07429480954949 104.15327644832904 0.68301270189221952 2016.5000000000002 4 1045.3000000000002 6.0900000000000007 2.8777565746638136 -2.7836799773786551 5 6 1.0000000180025095e-35 1.0000000180025095e-35 7 -1.0000000180025095e-35 2014.5000000000002 -2.7554552980815443e-16 169.92812140290746 -0.21803099869856027 -372.37511011029721 -150.31916254189071 7.950230444931452 -95.444396454280124 49.52462818338693 2017.5000000000002
decision_type=9 9 2 2 2 2 2 2 2 2 2 2 2 2 2 2 2 2 2 2 2 9 2 2 2 2 2 2 2 2 2 2 2 2 2 9 2 2 2 2 2 9 2 2 2 2 9 9 2 2 9 2 2 2 2 2 2 2 2 2 2 2
left_child=6 2 3 4 5 15 8 -8 12 -9 -11 17 13 18 -14 -2 -3 -12 31 20 21 22 -18 -24 25 26 28 -26 29 30 -17 -1 33 -33 -23 36 37 38 39 -36 41 42 55 44 45 49 -45 -43 -47 -42 -48 -49 -53 -46 -55 -37 -41 -58 -25 -60 -57 -52
right_child=1 16 -4 -5 -6 -7 7 9 -10 10 11 -13 14 -15 -16 24 19 -19 -20 -21 -22 34 23 58 27 -27 -28 -29 -30 -31 -32 32 -34 -35 35 40 -38 -39 -40 56 43 47 -44 46 53 48 50 51 -50 -51 61 52 -54 54 -56 60 57 -59 59 -61 -62 -63
leaf_value=-0.01282355989892477 -0.0024378573610941857 0.0046191655560711793 -0.003858044247583989 0.010977119121268211 -0.0078995441050713905 0.012127792699767596 -0.022082142843349136 -0.017715684914943731 0.0031170565834573159 0.00058633383545244396 -0.021577747630578702 0.0020192767388141158 -0.013321215602564711 0.0050112270935587268 -0.0032347983806310246 0.021168025469892705 -0.0047737374706814583 -0.006356813690344916 0.0035343482704193138 -0.0091039867971429 -0.0090362450946478903 0.0032760507314368147 0.00068253578786295929 0.0017550585052578255 0.0038489021949943214 0.010489397530561481 -0.0074754598218014362 -0.0020598096075186241 -0.0034335633123445605 0.0023256135572401969 0.007014282178116127 -0.02597746784369262 0.0012117087973056418 -0.0042603378536174739 -0.0045842638575646737 0.0035596719795387547 0.011005551483849537 -0.015610410962604168 0.0025745561270260047 -0.0066864462433771383 -0.001948537372823122 -0.0033142180747085682 0.00042385565884012449 -0.0019177283596761763 -0.011111346723937593 -0.0077653832293496971 0.0030705340257557228 -0.0011158282263546979 -0.026014145872679952 -0.014908260626040068 -0.0028494911375528936 0.0044366909715607408 -0.001438155159835481 0.00077736235103392304 0.015957417136468921 0.016159530601333578 0.012035883344119393 -6.7174821753001696e-05 0.00082487013641081072 0.0082767112934339811 0.0076884846819661708 0.00027790848299244194
leaf_weight=22.932668570429087 65.065634373575449 93.714889511466026 48.280484765768051 43.931919172406197 25.681815981864929 32.799181565642357 12.01046200096607 13.042465944774447 57.680918052792549 47.304978162050247 16.515528881922368 12.736537219956515 37.499825522303581 38.622628911398351 45.603287242352962 11.243589099496605 35.884450595825911 13.562291234731672 21.473051063716412 18.964805781841278 18.327254561707377 113.55875389650464 329.97913970053196 128.37577719241381 154.58175096102059 53.289918594062328 16.545786883682013 73.287079356610775 14.068812545388935 26.648961491882801 17.463605403900146 6.3580124955624369 30.111000247299671 10.679021744057534 182.07460620999336 51.250576131045818 16.366568505764008 19.18067678809166 62.719288136810064 18.605048507452011 42.885444616898894 113.36025500297546 69.920883074402809 463.63062522187829 7.8441615439951411 9.4978770464658755 158.74572168663144 183.70339888706803 10.621263271197675 11.2736872844398 120.52019017376006 159.36824964731932 77.733949901536107 37.233198679983616 6.898641411215066 22.17530731856823 13.870533540844916 59.317451708950102 39.513157799839973 90.775442522019148 59.850255966186523 2376.5410747360438
leaf_count=71 96 68 44 30 26 26 30 45 27 199 66 51 61 97 53 62 94 51 19 52 70 318 647 336 311 75 72 74 117 18 73 55 87 88 1028 249 8 24 118 13 230 992 62 1058 60 104 571 1243 51 69 747 1004 625 310 15 126 15 291 56 213 104 4258
internal_value=0 0.000472853 0.00267459 0.00331459 0.00262853 0.00321 -0.00391656 -0.0076876 -0.00245822 -0.00601174 -0.00431789 -0.00973651 -0.00396604 -0.00152727 -0.00778624 0.00253324 0.000222557 -0.0147145 -0.00428558 0.000142683 0.000176989 0.000210141 0.00167548 0.0020971 0.00341425 0.00581255 0.00291356 0.00194854 0.00538953 0.00763193 0.0125578 -0.00668164 -0.00369423 -0.0123649 1.59994e-06 -8.37756e-05 -0.00197297 -0.00262549 -0.00188553 -0.00290695 9.74398e-05 0.00137249 0.00483389 -0.000191928 -0.00435489 -0.00810052 -2.34387e-05 -3.40889e-05 -0.0173992 -0.00464621 0.000313293 0.00090596 0.00251062 0.000997941 0.00315029 0.00751024 0.000420052 0.00222659 0.00390167 0.00601676 0.0099786 0.000126459
internal_weight=0 5807.17 582.889 534.608 490.676 464.994 386.133 115.172 270.96 103.162 90.1193 42.8144 213.279 130.176 83.1031 432.195 5224.28 30.0778 91.5538 5130.57 5111.6 5093.28 624.528 588.644 367.13 139.261 85.9708 227.869 69.425 55.3562 28.7072 70.0807 47.148 17.037 4468.75 4355.19 372.134 355.768 336.587 273.868 3983.05 737.363 203.197 3245.69 126.254 74.2783 3119.44 534.166 20.1191 54.1591 2655.81 420.806 237.102 51.976 44.1318 133.276 91.793 73.188 258.664 130.289 82.0256 2497.06
internal_count=17253 16253 1024 980 950 924 1000 442 558 412 367 168 531 417 114 898 15229 117 320 15161 15109 15039 1346 1252 802 417 342 385 270 153 135 301 230 143 13693 13375 1497 1489 1465 1347 11878 4405 541 7473 839 454 6634 3864 155 299 5576 2872 1629 385 325 479 319 306 605 269 230 5005
cat_boundaries=0 23 44 65 86 104 122 140 155
cat_threshold=0 268959744 16777216 65 0 0 0 0 16777216 33558560 1054978 134221824 537395232 0 524288 8421376 65536 0 1811939328 0 589952 16384 1 0 134217728 0 16 9376 0 134223872 0 0 4 2097152 4 0 872415232 0 1082134672 4195376 0 256 196624 128 2147549184 536903968 553648128 1073741856 0 0 16385 8 0 520 16384 0 1048576 0 16384 2197815301 33685633 65536 536870912 0 56 4160 35651584 268435456 65 0 0 32 4194304 262656 8388608 104857600 2147483776 142606336 2155874304 33619970 268435456 16777216 4194304 4194306 32768 4 4 64 2147483648 16384 98320 2048 16778256 78118912 0 0 512 48 16777216 0 0 32 2 67108991 48 64 2147483648 536887296 557072 18464 33792 0 0 268697600 40448 0 0 0 0 2048 524290 95 2098176 128 4194304 8192 4096 0 268435460 1073741824 0 1024 0 33288 6299648 1049736 163872 0 0 131072 0 67633280 0 1154 4096 0 262152 1073741824 0 1024 0 33554432 0 51904512 352452608
is_linear=0
shrinkage=0.05


Tree=108
num_leaves=63
num_cat=11
split_feature=0 0 35 57 57 64 59 68 60 47 66 0 23 55 0 0 13 47 60 60 59 70 59 3 60 0 70 64 60 59 70 82 59 3 58 0 58 70 5 47 57 71 3 63 38 57 71 0 57 0 59 60 54 0 45 0 58 60 63 57 59 52
split_gain=2.22702 1.41746 0.952542 0.822169 0.806284 1.38129 1.52728 0.860734 0.808583 0.90848 0.71425 1.42489 0.868164 2.98779 0.92704 0.819313 1.40087 0.829421 1.28893 0.870318 1.15146 1.19896 0.723957 0.685163 0.681628 0.79549 0.717928 0.659222 0.74131 0.9806 0.655314 0.627361 0.59487 0.573937 0.976835 0.574038 1.00571 0.704399 0.706629 0.571167 0.548088 0.514868 0.513945 0.744275 0.668327 0.644065 1.40444 0.745726 0.850912 1.08312 0.806266 0.682137 1.20764 0.6663 0.550668 0.503992 0.606147 0.4814 0.475289 0.47271 0.449043 0.442062
threshold=0 1 0.93301270189221952 490.38938621469009 243.96111115252435 914.23250000000007 245.2290897016122 0.83333333333333337 -437.54696430805132 -68.401797184101412 183.80500000000004 2 -1.0000000180025095e-35 41.237775203109784 3 4 -0.93301270189221919 965.05411732881146 508.77463303359741 -100.9554774802662 -57.626218131100032 2.9104758136314182 -1539.2393322979265 2020.5000000000002 19.534004135930129 5 3.2859633987407997 168.57750000000001 -38.735121872819398 3.3253166249987154 2.2389590673731123 1.0000000180025095e-35 2.4392849338730085 2014.5000000000002 275.41824419030621 6 245.31228516908695 2.0707943715977248 0.25000000000000017 -68.401797184101412 -17.451152838938654 47.711783288671931 2010.5000000000002 94.683333333333351 -0.93301270189221908 -31.690896323960597 26.191360091573191 7 11.420280220653614 8 127.32653498121256 -1.0000000180025095e-35 69.46657308225592 9 -1.0000000180025095e-35 10 13.970446164142372 87.68118250326134 44.358181818181826 -10.878435061590341 -219.39249305518527 49.698741630037787
decision_type=9 9 2 2 2 2 2 2 2 2 2 9 2 2 9 9 2 2 2 2 2 2 2 2 2 9 2 2 2 2 2 2 2 2 2 9 2 2 2 2 2 2 2 2 2 2 2 9 2 9 2 2 2 9 2 9 2 2 2 2 2 2
left_child=23 2 3 4 5 7 -7 8 -2 -10 11 -3 13 -13 24 16 -12 18 19 31 39 -22 -17 27 25 26 -14 28 -1 -30 -31 -18 -26 34 -9 37 -37 38 -35 59 -11 -24 43 44 -16 46 -44 57 50 -50 53 52 -51 61 -53 56 -55 -47 -46 -21 -6 -49
right_child=1 10 -4 -5 60 6 -8 33 9 40 15 12 14 -15 42 22 17 -19 -20 20 21 -23 41 -25 32 -27 -28 -29 29 30 -32 -33 -34 35 -36 36 -38 -39 -40 -41 -42 -43 45 -45 58 47 -48 48 49 51 -52 54 -54 55 -56 -57 -58 -59 -60 -61 -62 -63
leaf_value=-0.018103647562757879 0.014801206291289649 -0.0044632132755208142 0.010335270616203096 -0.0065912250039269803 0.011200241338809959 -0.0094643136185603403 0.0031542490450463972 -0.012634199410479097 -0.0021421623315556674 0.01535259464020013 -0.0085152433460569926 -0.0013631492843344621 -2.189372792464927e-05 -0.025808325480494838 0.0056565859362582432 -0.004023956535038173 -0.0012701999505940189 0.0056602902587526566 -0.0089263642128457419 0.0029235829047504114 0.0003519740098277705 -0.0094209418234523484 0.00099598414469763072 -0.0084907715423856948 0.011992150196414657 0.0046205087283934616 -0.011418636100756087 0.0016303667848032906 4.2663447502237836e-05 -0.007454505173307144 -0.026428362683162704 -0.0079364813227583309 0.0035635331652841469 -0.0032651155244888506 0.0028994755941384124 0.0018963266683134684 -0.0087925339691982719 0.0091153785808768661 0.0079300166693895835 -0.00037582001082278951 0.0052972946478589264 0.0032983245186013021 -0.0020090308773531083 0.0075745117578113258 -0.014624927938524599 0.0016294917458877908 -0.017822502531674 0.0041878468432090272 0.00064814136456495643 -0.0068653892883110126 0.0099854383997157025 -0.01423141743812653 -0.025567262546834425 0.00084134417469795874 -0.0023474601003775288 -0.00020338665431688126 -0.0061974221196128224 0.0082812370270844669 0.00051650658075474162 0.0087125181960103788 0.0036693282045806939 -0.0077340687109436262
leaf_weight=10.140403363853691 22.059859998524189 204.98904267512262 36.378344621509314 26.57501158118248 36.194324046373367 52.681276723742485 44.013388842344284 18.603687793016434 37.219916898757219 16.579190313816071 54.189161889255047 97.150373396463692 50.144480623304844 14.345613084733484 16.641317240893841 64.519219934940338 145.74261189624667 56.071493864059448 44.156261697411537 74.35590086877346 199.08596397191286 37.256014041602612 1508.2207613028586 81.830765342339873 31.33677567820996 58.23007636051625 19.075010139495134 53.635088533163071 54.58384414948523 19.989869059063498 5.8920155838131896 46.570732802152634 63.059410702437162 34.926662340760231 22.195518121123314 124.38898400589824 26.736710220575333 55.469897106289864 23.632602493278682 53.996387913823128 74.218389606103301 289.42534466087818 153.63271902129054 48.030643939971924 11.448099404573442 165.38567470014095 15.45297686755657 114.98626480065286 115.83217484690249 41.878688213415444 19.675060264766216 10.971520960330961 10.87305426225066 47.920648768544197 87.398178598843515 972.51424742955714 84.554286639206111 32.554505333304405 9.4701005164533836 67.076607123017311 43.68363356590271 8.3394880965352041
leaf_count=89 35 796 77 36 41 74 56 84 80 43 80 606 336 47 8 34 199 29 45 74 316 75 1833 226 131 346 73 52 332 197 26 64 274 84 36 257 50 70 54 77 186 148 656 282 49 783 24 998 549 435 45 57 39 560 503 3316 812 105 110 52 72 69
internal_value=0 0.000322092 0.00242405 0.00202423 0.00238616 0.00170757 -0.00372061 0.00285853 0.00596007 0.00443657 3.38619e-05 -0.000570734 -0.000203667 -0.00450838 1.46212e-05 0.000607728 -0.000751239 -0.000180749 -0.000670866 -8.67588e-05 0.00115938 -0.00118859 0.00117359 -0.00463139 0.0030057 0.000755979 -0.00276332 -0.00276298 -0.00536366 -0.00375815 -0.0117739 -0.00288451 0.00636159 0.00133715 -0.00418359 0.00218663 4.95709e-06 0.00466823 0.00125287 0.00399889 0.00713334 0.00136667 -0.000336196 0.0034514 -0.0018212 -0.000510238 -0.00345425 -0.000219623 -0.000600203 -0.0031663 -5.61065e-05 -0.00575226 -0.0107202 -0.000216951 -0.00367292 -0.000613038 -0.00339499 0.00259251 -0.00777009 0.00566908 0.00708174 0.00312803
internal_weight=0 5842.11 695.557 659.179 632.604 552.726 96.6947 456.031 150.077 128.017 5146.56 2505.89 2300.9 111.496 2189.41 2640.67 778.501 724.312 668.24 624.084 431.771 236.342 1862.17 226.072 221.846 127.45 69.2195 144.241 90.6061 80.4657 25.8819 192.313 94.3962 305.954 40.7992 265.155 151.126 114.029 58.5593 195.429 90.7976 1797.65 1967.56 85.5902 37.5595 1881.97 169.086 1712.88 1514.94 266.954 1247.99 151.121 52.7517 1228.31 98.3697 1104.99 132.475 197.94 20.9182 141.433 79.878 123.326
internal_count=17292 16370 1335 1258 1222 1109 130 979 344 309 15035 12009 11213 653 10560 3026 1011 931 902 857 594 391 2015 922 1160 755 409 696 644 555 223 263 405 635 120 515 307 208 138 203 229 1981 9400 449 167 8951 680 8271 7383 1583 5800 1034 474 5755 560 4688 1372 888 159 126 113 1067
cat_boundaries=0 21 42 62 82 103 122 142 161 179 198 221
cat_threshold=0 0 2147483648 18 0 33562624 0 0 0 0 1107820544 2214593568 67502080 0 1048578 2048 131072 16384 541065488 0 192 2147483648 754974752 16777216 1073758208 0 0 262152 67108864 0 69 0 4 0 1073741824 2449473536 4117 18 4194304 128 163856 32 4096 1073741952 1351614468 672 134217744 0 134275218 0 16384 0 0 1073741824 0 524288 262152 8388608 268435460 34 134217728 256 0 1605632 0 134217729 33554432 2097152 0 6815752 131072 0 512 524288 2147485697 805306368 16777216 640 541066624 2147549184 64 65536 52 0 67108864 0 33595520 20480 0 0 2147811328 546045952 4096 0 0 0 0 67108864 570426368 67305480 268566530 0 28 0 32768 0 1 33554432 2097152 0 4718600 131072 0 0 0 2049 268435456 0 640 256 0 64 2147483648 0 16777216 16384 0 0 0 0 0 1 0 0 0 1073741824 0 0 18 0 128 32784 0 2097216 67108864 0 66560 16777216 0 3221225472 262144 12582912 16785408 545456128 0 2281701376 67141636 3254779904 0 72 131072 268500992 0 0 0 32768 524288 587202560 0 0 2147483648 35840 270344 0 17825793 32 16777250 1 4096 1073741824 0 0 0 524320 524288 33620992 0 0 0 539054080 268486657 65536 67162304 2097152 4194304 0 268435456 4 268435456 0 0 536870912 4096 0 536875040 135266304 512 2147485696 134251520 168043080 268439552 2098199 0 0 0 0 65544 0 0 0 128
is_linear=0
shrinkage=0.05


Tree=109
num_leaves=63
num_cat=11
split_feature=0 67 0 70 9 55 58 58 0 70 8 66 91 47 60 49 51 5 3 0 49 49 58 49 65 51 70 6 49 72 0 56 0 5 66 67 0 49 58 64 65 64 65 52 49 82 60 49 0 64 70 52 50 0 71 57 35 57 60 57 73 70
split_gain=1.5904 1.15431 1.12456 0.943501 0.879556 0.619626 0.580932 0.716088 0.627419 0.707735 0.531896 1.26191 1.03106 0.700145 1.13736 0.699926 0.694852 0.506887 0.728511 0.655556 0.746057 0.841965 0.909589 0.813601 1.01379 0.851505 0.871382 0.697992 4.27467 2.12891 0.920591 0.815291 0.766885 0.757906 0.622321 1.23874 1.04296 0.994351 0.650053 1.25961 0.606819 0.784154 0.605473 0.592177 0.535853 0.506896 0.768132 0.498227 0.492995 0.491354 0.558952 0.95788 0.481956 0.474203 0.474201 1.0649 0.471669 0.544602 0.416717 0.555069 0.59007 0.788996
threshold=0 9.3300000000000018 1 0.47117211950414151 10.750000000000002 -1.1034637598747861 6.4803992092983123 734.81069575102504 2 4.883356734787248 6.5000000000000009 1595.2516666666668 1.0000000180025095e-35 114.19036118762772 209.15020360157669 17.503469054719211 104.15327644832904 -0.93301270189221919 2019.5000000000002 3 241.06593337873383 -108.89931193146936 294.99352034840052 -11.46859933948579 67.080000000000013 -20.704165728848562 1.594014466910364 1.0000000180025095e-35 1103.9685066770173 4 5 806.67935696739949 6 0.6830127018922193 153.66666666666669 294.98000000000008 7 64.966623283983367 57.870610481636838 416.13250000000011 1084.0700000000004 48.110000000000007 609.46000000000015 -25.171364623689623 74.424605867055519 1.5000000000000002 -496.09353119738012 -148.38230859916797 8 42.982500000000009 2.6134961014193983 -9.7022192140030157 -267.34364765627248 9 33.238852640078363 -124.02522227745429 0.68301270189221941 11.089302473725374 87.68118250326134 12.129037333113816 10 1.936333199723087
decision_type=9 2 9 2 2 2 2 2 9 2 2 2 2 2 2 2 2 2 2 9 2 2 2 2 2 2 2 2 2 9 9 2 9 2 2 2 9 2 2 2 2 2 2 2 2 2 2 2 9 2 2 2 2 9 2 2 2 2 2 2 9 2
left_child=1 4 10 -3 5 -1 -5 8 -8 48 13 12 15 14 54 -12 -15 18 52 20 21 -19 23 24 -23 44 -27 30 29 31 33 49 43 -21 35 36 -32 42 -39 -40 41 -35 53 -31 -25 46 -34 -43 -10 -29 -51 -52 -4 -38 55 -2 -36 -58 59 60 61 -55
right_child=2 3 17 6 -6 -7 7 -9 9 -11 11 -13 -14 16 -16 -17 -18 19 -20 27 -22 22 -24 25 -26 26 -28 28 -30 32 34 -33 45 40 56 -37 37 38 39 -41 -42 47 -44 -45 -46 -47 -48 -49 -50 50 51 -53 -54 58 -56 -57 57 -59 -60 -61 -62 -63
leaf_value=-0.028132958788232416 -0.0064486817923480435 0.007959811742986005 0.010876793115794953 -0.010021887998001005 -0.0010748258025587507 -0.0095214190839275365 0.001850931594236405 -0.0083052694177796066 0.0022367415567313472 -0.008505458476733254 0.0024074418637027397 0.0076124334092079237 -0.016812672153818597 -0.0038556670243153667 0.012057009521690221 -0.011334419627523677 0.0043892828371777572 -0.00053268438581460613 -0.000926313488879663 -9.3383369662707302e-05 -0.0030387967506854251 0.013719128279994287 0.0143619482804054 0.00054219301027131023 0.0033301113575404774 0.00023133402004261072 -0.012803362986014259 0.0078738138766190208 -0.025763220465545501 -0.00018631978450116491 -0.0048348981456047277 0.013047976633264119 0.0065676934761802726 -0.012609136435735241 0.0010954419632931368 -0.011190763586361259 -0.0030588522597967487 -0.0031847388408145871 0.017837350223635789 0.0022090425564204263 -0.012569632001077117 0.0044631788841649946 -0.0089262640164971142 -0.0061774341675450038 0.0095825348941233658 -0.0082557129930300715 -0.00098947911510759569 -0.0040346924336939058 -0.0035716649231741977 0.0030301879340901608 0.0038333962641964379 -0.014856358486004343 0.0031638801138220117 -0.0090705527244516453 0.0079456355285949989 0.0035335807694565286 0.0013694453905852986 0.0082962377078020771 0.0056098953160530337 -0.0034191051354396313 0.001704981574305451 -0.00013904865465529722
leaf_weight=9.4699105294421333 29.870933189988136 21.651055499911308 23.24444093182683 25.768486503511667 10.410709220916031 8.4735431298613566 98.495140850543976 41.962167292833328 54.617886861786246 45.658683087676764 32.926838744431734 28.733456134796143 14.363570848479865 60.960680935531855 41.215201586484909 12.8950909525156 43.996609501540661 134.77287229150534 115.6275396021083 159.35940270125866 66.706508040428162 34.835124838165939 20.808400005102158 33.82453029602766 72.051752761006355 50.708939926698804 17.16083225980401 40.196782827377319 17.167142182588577 58.368190186098218 89.899011386558414 22.071796894073486 34.587090000510216 19.604414034634829 1247.922055721283 25.151964277029037 85.453374966047704 13.876702634617684 22.757933434098959 29.74328151345253 23.316547453403473 24.671344675123692 18.201940849423409 140.59795740060508 31.8033317476511 23.091524064540863 1208.3067330708727 57.326937980949879 78.755346843972802 134.0937762837857 14.867683425545694 12.721570674329994 157.43207373656332 30.109306804835796 46.151931211352348 253.0437596924603 63.965007901191711 51.001601830124855 40.639812741428614 84.091467752121389 517.48363565001637 138.31557040847838
leaf_count=67 39 75 44 56 23 48 58 35 138 55 131 14 93 81 34 61 41 184 332 278 65 117 14 81 165 211 38 96 19 219 516 20 57 55 1367 9 764 106 90 65 23 56 41 451 50 17 4652 167 391 305 55 47 797 225 21 481 75 43 145 621 2601 69
internal_value=0 -0.00284434 0.000396079 -0.00216517 -0.0126361 -0.0193439 -0.0028001 -0.00221763 -0.00129718 -0.00296679 0.00249684 -0.00100819 -0.00512381 0.00320519 0.00422695 -0.00145976 -0.000399501 0.000164162 0.00217281 4.33202e-05 0.00181375 0.00267704 0.00433322 0.00346511 0.00671596 0.000862265 -0.00306448 -0.000144548 -0.000938967 -0.000686636 0.000349051 0.00375642 -0.00138207 -0.0022983 0.000661808 -0.00022268 3.50036e-05 0.000525376 0.00643967 0.00898351 -0.00529509 -0.00362568 0.000101744 -0.00420838 0.00492315 -0.000908376 -0.000779179 -0.00147788 -0.00129314 0.00292664 0.0016967 -0.00478456 0.00415616 0.000285125 0.00324624 0.00247963 0.00137777 0.00444232 0.000667134 0.000414924 0.000884971 -0.00163845
internal_weight=0 395.263 5772.1 366.909 28.3542 17.9435 345.258 319.489 277.527 179.032 564.158 88.919 60.1855 475.239 370.282 45.8219 104.957 5207.94 296.304 4911.63 462.672 395.966 261.193 240.385 106.887 133.498 67.8698 4448.96 1706.07 1688.9 2742.89 223.952 1464.95 284.279 2458.61 1095.72 1070.57 980.673 66.3779 52.5012 124.919 101.603 914.295 198.966 65.6279 1265.99 1242.89 81.9983 133.373 201.88 161.683 27.5893 180.677 896.093 329.067 282.915 1362.89 114.967 810.64 770 685.909 168.425
internal_count=17294 946 16348 808 138 115 733 677 642 584 996 299 285 697 575 192 122 15352 1173 14179 925 860 676 662 282 380 249 13254 5938 5919 7316 523 5396 579 6737 5252 5243 4727 261 155 301 278 4466 670 131 4726 4709 223 529 503 407 102 841 4425 541 520 1485 118 3661 3516 2895 294
cat_boundaries=0 21 42 62 83 106 126 146 169 190 209 210
cat_threshold=6144 32768 269484160 1073741968 98432 33554432 5120 0 262144 0 0 1074790400 17170433 2281701376 32 0 128 2147483648 0 32772 64 0 554696704 1073741824 671088640 16384 1073741824 134291456 8 0 3225944064 16384 4 0 0 0 2172649472 655618 0 64 131328 4 0 0 0 1073741824 98304 0 0 0 0 0 0 0 1 134217728 0 0 0 0 0 32768 0 1073741824 0 16416 0 0 294912 1078460416 2147483648 8388608 16777216 0 0 0 285212678 100663297 268436032 4243489 272760848 16 128 2097152 0 0 266240 0 0 2048 0 8388640 268435456 2048 536870912 536870912 69632 33554944 696270848 603979776 0 1074003968 1048576 2231631872 4112 1024 4194360 134742144 512 0 8192 524288 0 2149580800 0 536870984 327680 268435456 0 0 8 4194816 20972596 33554434 2 65536 65536 2097216 16777216 0 0 4096 39 0 65536 517 12288 2147483657 134219776 1073741824 67108864 1073741826 570425345 67108864 0 1 0 268435456 2147483648 0 528400 16777216 805306368 0 0 0 525312 131072 1644167168 50872320 2288517120 0 0 64 260 0 0 0 128 4096 0 128 0 0 0 0 0 262144 0 0 1073741824 0 0 0 0 128 2147483648 0 4 64 1344274432 69206080 4194305 0 134217728 0 16384 1048576 0 0 67110912 16786432 9453568 536870912 67272704 1073746048 0 0 536870912 532002
is_linear=0
shrinkage=0.05


Tree=110
num_leaves=63
num_cat=11
split_feature=72 0 55 50 65 55 59 53 3 1 52 0 64 3 9 27 64 10 64 5 0 73 66 3 0 0 70 10 10 70 3 0 0 82 50 50 0 48 35 57 27 53 59 52 63 70 45 70 1 60 3 70 65 51 70 1 68 73 44 65 64 33
split_gain=2.24253 1.36975 1.3064 1.04541 1.20686 1.00791 0.703399 1.16894 1.03953 0.877419 0.623894 0.792219 0.698168 0.833631 0.633354 0.593164 0.5756 0.572298 0.557757 0.548961 0.830148 0.750724 0.563936 0.515353 2.29316 1.25072 0.961163 0.937132 0.869666 0.867036 1.83718 1.35293 1.3067 1.42791 1.15552 0.915413 0.859068 0.787802 0.769923 0.725384 0.667111 1.00121 0.623429 0.677268 1.26404 0.744316 0.672928 0.62165 1.06726 0.693355 0.644405 0.568927 0.552152 0.76405 0.520431 0.506694 0.465296 0.561634 0.789497 0.550845 0.846835 0.464833
threshold=0 1 222.2104945453097 -63.716841286020077 189.12500000000003 5.642503739697891 0.063392917919610894 -80.032959279789381 2015.5000000000002 6.5000000000000009 -370.87391126155904 2 286.97750000000008 2018.5000000000002 12.250000000000002 1.8369701987210299e-16 515.71250000000009 6.0310889132455356 199.09000000000003 -0.93301270189221919 3 4 6.7666666666666684 2016.5000000000002 5 6 3.0788002352235537 15.294228634059946 -14.289419162443236 1.6810339838135573 2019.5000000000002 7 8 1.0000000180025095e-35 271.98092897692322 110.34641026844913 9 -473.92332690336298 0.68301270189221941 70.041716384401326 0.93301270189221952 120.36213298702586 62.717376330809053 -10.001989040208811 552.68375000000003 2.4382621951219519 0.25000000000000022 1.0330102751494883 10.500000000000002 -1.8783843259428947 2021.5000000000002 2.3203219276156619 42.175000000000004 -53.42427991250095 1.3514861494911372 9.5000000000000018 0.41666666666666669 10 1.0000000180025095e-35 50.005000000000003 38.042500000000011 0.25000000000000033
decision_type=9 9 2 2 2 2 2 2 2 2 2 9 2 2 2 2 2 2 2 2 9 9 2 2 9 9 2 2 2 2 2 9 9 2 2 2 9 2 2 2 2 2 2 2 2 2 2 2 2 2 2 2 2 2 2 2 2 9 2 2 2 2
left_child=2 6 3 16 5 17 10 9 -9 -8 -2 -12 13 -13 -14 -10 18 -5 -1 21 22 -3 -21 24 26 37 28 36 -22 30 31 40 -32 34 39 42 -26 -25 54 47 41 -27 43 45 56 -31 -47 48 49 50 -34 -29 53 -30 55 61 -45 -58 59 60 -59 -35
right_child=1 19 -4 4 -6 -7 7 8 15 -11 11 12 14 -15 -16 -17 -18 -19 -20 20 23 -23 -24 25 27 29 -28 51 52 35 32 -33 33 38 -36 -37 -38 -39 -40 -41 -42 -43 -44 44 -46 46 -48 -49 -50 -51 -52 -53 -54 -55 -56 -57 57 58 -60 -61 -62 -63
leaf_value=0.0021332652668671652 0.0096952556657999896 -0.0024956893071866556 -0.014182704851767628 -0.0042907906497677813 -0.0016051993418555227 -0.022365221283482898 0.0021591902294104482 -0.0094415832874355371 -0.00088675727858314674 0.013016324671821934 -0.0015118588005444918 0.015760244465267061 -0.00097249933910698277 0.0049086211990958346 0.0058515841119388462 0.0069933683695352633 0.0047275284503877678 -0.016403651792025176 -0.0057677764847063728 -0.0097395514891472374 0.018860883597177636 0.0033595129573331843 -0.0017247809244470089 -0.013875701855245767 0.0026434321617943104 0.0058361642977677779 -0.0063792521448817795 -0.003736716096904773 0.025934174438097857 0.0073722113685167961 0.00037344157124227247 -0.00054453380383311177 -0.005840549477421457 -0.00035173602538161484 0.0044212838512727205 0.0059209465297445805 -0.0014636186290768374 -0.0032850653686368868 -0.01849151377970799 -0.012725677255619067 0.011284085126537245 -0.0016473368003506108 0.002797460334185761 0.0028398744372577544 -0.0072308231659499698 0.0022509437615277771 -0.0034766948800553526 -0.0013727388899613315 -0.019454244133559076 -0.00058761731042154732 -0.020708314034178246 -0.015399191083976575 0.004787757919661172 0.006475923756286292 -0.014260458161365619 -0.013816556074269695 0.00082298216465380805 -0.0029005413398557455 0.00054772071391425553 -0.0015230292224767421 -0.012070960638434198 -0.0076753534675866979
leaf_weight=40.046070344746113 43.930037841200829 64.595433387905359 29.610103435814381 34.953385971486568 67.136653259396553 15.367451274767516 54.744116175919771 32.051693595945835 157.16684310883284 28.191723771393299 67.318818461149931 26.867792502045631 63.14339354634285 51.855872323736548 73.672776564955711 28.159500159323215 43.439508736133575 13.524585343897341 50.509104315191507 23.125991780310869 13.550438456237314 235.70233536977321 430.74113598186523 20.255491599440575 210.32453693076968 133.22150244563818 15.280094258487223 49.397268544882536 7.6700159199535873 56.028209216892719 310.93672885000706 404.06229785643518 38.366351127624512 44.71285405755043 55.396930512040854 82.085640825331211 292.13281162269413 131.93022842332721 15.958044877275823 19.38429881632328 30.312344938516617 67.25925949215889 264.09074420854449 130.10505658015609 63.326667845249176 263.16965773887932 63.692095916718245 248.41270706336945 12.706517521291969 60.516663172282279 8.9970393078401667 13.265423905104397 170.61578179895878 14.740266941487787 19.649657575413585 15.129621921107171 560.27902727946639 78.654740398749709 282.57484128326178 205.71758610010147 37.024721749126911 42.035189072601497
leaf_count=60 50 299 24 129 100 61 96 64 331 49 135 79 85 145 59 63 27 47 65 168 34 902 1031 55 1066 471 27 319 24 209 414 2385 362 208 40 58 2517 534 33 38 68 92 170 74 19 390 55 600 117 363 28 40 705 174 62 76 795 139 55 86 37 222
internal_value=0 0.000315388 -0.0040835 -0.00310906 -0.00628555 -0.0112072 0.00250634 0.000799489 -0.00112733 0.00584977 0.0041516 0.00329063 0.00464521 0.0086122 0.00270213 0.000310592 -3.99135e-06 -0.00767009 -0.00227371 5.2274e-05 -7.21664e-05 0.0021288 -0.00208717 0.000132994 0.00129697 -0.000109888 0.00547466 -0.000432353 0.0066165 8.29575e-05 -0.000822156 0.00123379 -0.00228509 -0.00365083 -0.00233428 0.000745707 0.00027904 -0.00440519 -0.00816598 -0.00329786 0.00418929 0.00332553 0.000533794 0.000190336 -0.000333435 0.00204757 0.00113486 -0.0028026 -0.00574816 -0.0041338 -0.0086648 -0.00620561 0.00575694 0.0131356 -0.00681011 -0.00537312 4.02085e-06 -0.000312886 -0.00135773 -0.00307526 -0.00583565 -0.00390052
internal_weight=0 5934.24 294.587 264.977 130.982 63.8454 627.103 300.314 217.378 82.9358 326.789 282.859 215.54 78.7237 136.816 185.326 133.995 48.478 90.5552 5307.13 5006.84 300.298 453.867 4552.97 786.977 3765.99 221.857 565.12 206.577 3613.81 1527.06 634.855 892.203 581.266 443.781 2086.75 502.457 152.186 137.485 388.384 230.793 200.481 2004.66 1740.57 1357.68 382.89 326.862 368.999 120.587 107.88 47.3634 62.6627 193.026 22.4103 121.527 101.878 1294.36 1164.25 603.972 321.397 115.679 86.748
internal_count=17230 16717 513 489 337 237 1156 603 458 145 553 503 368 224 144 394 152 176 125 15561 14360 1201 1199 13161 4906 8255 964 3942 937 7666 5579 3016 2563 2149 1548 2087 3583 589 601 1508 631 563 2029 1859 1205 654 445 1470 870 753 390 359 903 198 568 506 1186 1112 317 262 176 430
cat_boundaries=0 22 43 62 83 84 103 121 141 160 179 180
cat_threshold=0 160 67108864 131072 0 0 16384 0 0 266240 33685505 0 67109152 528 553648128 142606466 1024 0 1090519040 0 0 4 4196352 0 268435456 2 54272 0 32768 2621440 0 0 524288 4 0 1342177280 2214592512 4196352 268566530 98376 268566720 0 72 0 0 268435456 0 0 0 0 0 0 0 0 0 0 0 2147483648 0 2 0 131264 65564 67108864 25165956 536870977 0 0 16777220 0 16384 2147483648 262144 2415919104 671092736 134234128 540672 36 0 0 0 65536 144 20978708 1073741824 2097472 2147483648 16384 0 2048 33555456 67108872 512 262144 134219776 73808 16777216 0 262144 16 4718592 23 16 64 352 2147483648 16384 0 0 1024 0 0 262144 2560 0 0 0 0 16 4194304 2 0 1074790400 67108865 0 0 2621440 536870912 3221225472 0 1536 4321280 262144 0 1 33554432 3229614593 1 33685504 0 32768 2147484704 524288 512 0 0 16777216 2176 0 2147549184 1082663940 0 0 0 0 402653184 369102848 578813952 71303172 138412032 64 1073741856 0 67109120 8208 16416 0 0 0 10240 1050112 1200128 1081344 258 65536 2155872256 0 2147483680 264 27276416
is_linear=0
shrinkage=0.05


Tree=111
num_leaves=63
num_cat=7
split_feature=0 0 54 58 8 70 70 71 60 1 70 32 0 8 16 70 0 4 73 59 52 60 52 52 1 14 27 8 50 60 66 67 56 21 37 59 60 48 56 55 54 63 50 59 64 0 59 48 0 55 37 68 63 42 59 60 53 70 58 63 65 64
split_gain=2.60156 1.39128 1.37561 1.18431 0.988622 1.7274 0.798891 0.610762 0.586857 0.569262 0.955514 0.890354 0.840859 0.768252 0.884755 0.698892 0.794816 0.681812 0.607492 0.585656 0.789035 0.577436 0.640685 0.723586 0.721431 0.568185 0.562314 0.561071 0.599524 0.530306 0.528194 0.518045 1.08501 0.507897 0.507277 0.506941 0.846171 0.62365 0.721915 0.753166 0.71054 0.807853 0.576657 0.500195 0.497167 0.525493 0.605162 0.496156 0.49205 0.68729 0.645648 0.487689 0.65392 0.576721 0.589808 0.521353 0.461293 0.453152 0.451548 0.450157 0.438273 0.673755
threshold=0 1 450.45615700889766 847.44634424151548 6.5000000000000009 6.0003467005662783 1.3514861494911372 -3.3166780923584875 -105.18787258470859 1.5000000000000002 2.4999263883163541 0.93301270189221952 2 3.5000000000000004 0.6830127018922193 0.21503876176599532 3 0.68301270189221941 4 -156.59173605035738 -55.165246415882429 589.69421188183321 -395.79403640126617 -288.97514760059579 4.5000000000000009 1.0000000180025095e-35 1.6160254037844388 2.5000000000000004 -103.00151487014342 -120.0125479181456 13.370000000000003 2387.3150000000005 670.12108316759327 0.25000000000000017 0.25000000000000017 32.83421101442817 46.768503161429429 -99.705201154244591 6.004054678487794 -7.2433653513516463 10.495630824274711 140.97166666666669 -10.908817354593028 1.8908227620193545 1487.9400000000003 5 55.504630168116783 847.59242378093211 6 180.45196476182085 0.93301270189221952 0.83333333333333337 8.3693181818181834 0.6830127018922193 -219.39249305518527 14.325782871766707 -45.147546220562383 0.87525233220948639 163.72344453249812 13.381818181818184 340.62500000000006 58.132500000000007
decision_type=9 9 2 2 2 2 2 2 2 2 2 2 9 2 2 2 9 2 9 2 2 2 2 2 2 2 2 2 2 2 2 2 2 2 2 2 2 2 2 2 2 2 2 2 2 9 2 2 9 2 2 2 2 2 2 2 2 2 2 2 2 2
left_child=2 4 3 35 5 29 8 -8 -6 10 18 -12 13 17 31 27 21 43 -3 -20 56 22 -17 -24 -25 -9 30 28 -14 -2 -18 32 60 34 -31 36 37 -1 39 -39 42 -42 -40 57 45 46 -32 48 49 -29 -50 53 -53 54 -47 -55 -21 -11 -7 -41 61 -15
right_child=1 9 -4 -5 6 58 7 25 -10 12 11 -13 15 14 -16 16 26 -19 19 20 -22 -23 23 24 -26 -27 -28 47 -30 33 44 -33 -34 -35 -36 -37 -38 38 40 59 41 -43 -44 -45 -46 51 -48 -49 50 -51 -52 52 -54 55 -56 -57 -58 -59 -60 -61 -62 -63
leaf_value=-0.014219217059067188 -0.00074749175913108468 0.0019296640679321592 0.0004099583314277143 -0.020086625623334634 -0.0081600178208563173 -0.004324973196674158 0.017931584515483667 0.0035398465355310029 0.0048235754356015827 0.0038203475221880896 -0.012242871574378394 -0.00033390771885070123 -0.0034747524499826443 0.0041456584314735695 0.0093890680378082535 0.0070007657292724922 -0.0020124774519297518 0.0066956911160488772 0.0056218142772745438 -0.0045565037692961606 -0.0013394446121007056 -0.011384419846600421 -0.012907474385139069 0.0011959267680132497 -0.003841865858859277 0.012453393864785844 -0.0065722092938570002 0.0073450014766193034 0.0068408977997495768 0.0020494825040167928 0.0027707856080789366 0.0053768215638050065 -0.011968006693189976 0.01000089314935021 0.0088782580036004116 -0.0014015479073183458 -0.018841803218249711 -0.0026233796335117313 0.01639095803196217 -0.023630184871681715 -0.010027021674360953 0.002157509800825172 0.00011679721029181486 0.0043606312880638933 -0.0035218954494111235 0.0043772063666378909 -0.0040526798905214066 0.011044198367088814 -0.0017073503223042526 -0.0024896971321434753 -0.020202494687939762 0.0080053649777985687 -0.00031344571126334795 0.012769473903730894 0.0003908723712105514 0.0017456652538466906 -0.01556500512442683 -0.0020960031968407468 -0.017817823578888101 -0.0073838780114912524 0.0012024284693606957 -0.006904315307386783
leaf_weight=18.950633205473423 93.107321325689554 126.96417402476072 108.26760893315077 14.897908352315424 12.430734012275932 12.330213043838741 16.755051046609879 41.855748482048512 29.024612810462713 50.459185216575861 37.695885561406612 26.890786405652761 16.598654467612505 19.267291015014052 22.860024638473988 18.904170766472816 256.8345546964556 113.93027526140213 17.381422458216548 18.828272012993693 78.001933828927577 17.008457317948341 15.791479870676993 114.60426161438227 187.05614272505045 31.209228131920099 31.136026699095964 41.731987621635199 93.004236150532961 219.01463031955063 364.23916949145496 29.113266110420227 23.114484682679176 27.979269549250603 31.051411755383015 55.428366344422102 13.702638141810892 15.91386606544256 7.6784475026652208 11.338550740852954 33.551259942352772 22.880861978977919 18.699170613661412 126.23022096976638 81.474818408489227 106.1418669000268 35.676627781242132 10.792720124125479 78.695787305943668 30.931994795799255 5.0196646014228454 23.896426206454635 2067.6175982281566 19.862764960154891 737.67354011535645 23.314238103106618 19.240757584571838 90.256521426141262 12.4731617718935 6.8334536589682093 128.41615702211857 48.569726247340441
leaf_count=41 133 656 74 22 45 80 57 97 160 76 90 73 48 163 41 25 2333 96 31 61 271 28 37 340 789 80 78 123 254 451 481 24 31 54 49 126 44 81 55 77 144 50 144 112 62 59 84 20 830 70 37 56 5790 72 1210 28 67 69 27 63 244 150
internal_value=0 0.000430828 -0.00407918 -0.00647517 0.0028573 0.00166482 0.00667174 0.00932162 0.000930336 0.000187057 -0.00184068 -0.00728455 0.000318442 0.00197875 -2.40177e-05 6.64246e-05 -9.75367e-05 0.0034575 -0.000490533 -0.00273288 -0.00421943 -0.00233017 -0.00194161 -0.00247412 -0.00192795 0.00734721 0.000118866 0.00249839 0.00527866 0.00251856 0.000175238 -0.000890013 -0.00172171 0.00361224 0.00289743 -0.00548588 -0.00699969 -0.00580519 -0.00444114 -0.0105656 -0.00192021 -0.0050867 0.00485416 0.00207547 0.000337637 0.000430714 0.00210932 0.000675568 -4.0036e-05 0.00277642 -0.00251582 0.000197587 -0.0002184 0.00118071 0.000892305 0.00681696 -0.0101204 2.55385e-05 -0.0111103 -0.0175209 -0.000514916 -0.00376587
internal_weight=0 5882.46 328.143 219.875 527.231 395.956 131.275 89.82 41.4553 5355.23 325.003 64.5867 5030.22 652.217 271.341 4378.01 4101.23 380.876 260.417 133.452 116.071 353.365 336.356 317.452 301.66 73.065 3747.87 276.775 109.603 371.153 3716.73 248.481 219.368 278.045 250.066 204.977 149.549 135.846 116.896 34.0859 82.8097 56.4321 26.3776 266.946 3459.9 3378.42 399.916 167.172 156.379 72.664 83.7155 2978.51 2091.51 886.992 843.815 43.177 38.069 140.716 24.8034 18.172 196.253 67.837
internal_count=17263 16342 921 847 1233 794 439 234 205 15109 1249 163 13860 1006 653 12854 11472 353 1086 430 399 1219 1191 1166 1129 177 10253 1382 302 687 10175 612 588 554 500 825 699 655 614 221 393 194 199 257 7842 7780 565 1080 1060 193 867 7215 5846 1369 1269 100 128 145 107 140 557 313
cat_boundaries=0 21 42 65 85 86 104 123
cat_threshold=4194304 16777216 1073741824 134219024 0 33554432 536903680 524288 0 2147483648 33554432 68 2147745792 0 1310722 8388608 1089 36864 134283264 20 20 2147483648 1074790400 16777216 0 0 4096 268435588 4194304 131584 536870976 0 201326592 0 805306368 83886080 0 256 16392 805306754 163840 128 65536 268468224 0 0 128 0 1 0 0 1074003968 2097152 2416050176 131073 0 2149597184 33554432 4849666 65603 16 65536 104 0 128 0 570949696 0 536870912 16 0 0 0 0 4 67374080 16777225 1627394048 147849216 557056 516 41943044 0 64 1 26215600 4104 67108864 805306372 1073742466 94240 0 16846848 0 0 8 0 1610612736 2048 0 268435456 2483027968 268435456 4194336 0 2097184 8388608 0 33792 0 0 0 0 0 3072 0 0 0 0 4 33554432 0 64
is_linear=0
shrinkage=0.05


Tree=112
num_leaves=63
num_cat=5
split_feature=0 55 56 65 0 67 70 57 63 27 51 51 55 54 0 3 65 64 54 64 1 0 70 70 63 50 57 8 0 55 3 70 70 63 51 8 48 5 67 64 3 3 70 65 3 65 70 47 68 49 64 50 4 55 67 16 63 67 63 3 70 3
split_gain=2.25561 2.70609 1.55765 1.47175 1.46867 1.12124 0.809712 0.772397 1.11219 0.873606 0.842052 0.770531 0.753315 0.581564 0.525359 0.671526 0.866888 0.769442 1.63941 0.501672 0.500148 0.708313 0.823364 1.26068 0.599899 0.659084 0.569499 0.926297 0.901703 1.15108 0.560809 0.901649 0.787484 0.757239 0.650181 0.549787 0.770379 0.548468 0.52943 0.491354 0.488422 0.666727 1.09112 1.90839 0.936158 0.583171 0.572125 0.549375 0.537913 0.944847 0.50642 0.469422 0.461711 0.448257 0.446569 0.827794 0.732526 0.436261 0.429641 0.427362 0.6398 0.425999
threshold=0 166.43825463320178 348.0252081173291 476.05000000000007 1 334.52500000000003 6.0003467005662783 -81.165024391870261 1134.9267803030305 0.68301270189221941 -466.53629759873843 -35.397143544452241 14.99210357420181 41.512422213573153 2 2012.5000000000002 8.0250000000000021 1212.8175000000003 317.64301771867162 138.14750000000004 1.5000000000000002 3 1.5527937751279131 4.883356734787248 14.683333333333335 -106.68740458784985 -50.202440595545788 4.5000000000000009 4 -86.13507276650698 2020.5000000000002 1.3235232819870597 2.5584139474879337 756.17875000000015 -5.2774312727097836 4.5000000000000009 -154.90300821331024 -0.24999999999999997 237.08500000000001 297.54250000000008 2020.5000000000002 2016.5000000000002 2.4999263883163541 41.115000000000002 2017.5000000000002 1437.5000000000002 1.8463062193666357 87.787296184543905 0.83333333333333337 -10.668904923719095 95.585000000000022 3.2368548754934072 0.68301270189221941 27.885942108420021 6.5000000000000009 -2.7554552980815443e-16 1.0000000180025095e-35 369.30500000000006 661.77708333333351 2010.5000000000002 2.1057367635799689 2019.5000000000002
decision_type=9 2 2 2 9 2 2 2 2 2 2 2 2 2 9 2 2 2 2 2 2 9 2 2 2 2 2 2 9 2 2 2 2 2 2 2 2 2 2 2 2 2 2 2 2 2 2 2 2 2 2 2 2 2 2 2 2 2 2 2 2 2
left_child=1 2 3 5 7 6 11 8 10 40 -2 19 13 -13 15 -6 -17 18 -18 -1 24 22 57 39 -16 -26 27 38 29 -28 31 35 37 34 -33 36 -31 -32 -23 53 41 42 43 -9 45 -43 -42 -45 49 -46 -50 -38 -29 -24 55 -30 -57 -22 -37 60 -56 -59
right_child=4 -3 -4 -5 14 -7 -8 9 -10 -11 -12 12 -14 -15 20 16 17 -19 -20 -21 21 26 23 -25 25 -27 28 52 54 30 32 33 -34 -35 -36 58 51 -39 -40 -41 46 44 -44 47 48 -47 -48 -49 50 -51 -52 -53 -54 -55 59 56 -58 61 -60 -61 -62 -63
leaf_value=0.0043000702410238107 0.0079571555058004263 -0.02265738062542683 0.0041968577199646999 -0.017000990823899997 -0.0079826524976391658 0.0025122868360110281 0.0015709104817049171 0.027975482795499551 -0.0090881298201575221 0.010372656036679072 -0.0023549304972637791 -0.0096933608631873114 -0.019803240747050744 0.005172457146560055 -0.010283954188482658 -0.010474714544459465 -0.0014477201587785684 -0.00761581950769364 0.0078296747552349128 -0.0072433963426506674 0.0019999779151550676 -0.0017742187174496953 0.0069744219336944253 -0.0009859159811715138 -0.0057894283333590271 -5.5779111032301906e-05 0.0084794373327448502 -0.0031380993420148497 0.0079284173443741456 0.0094762439781187983 -0.0045338527987724767 0.00080407030728186211 0.00091087284308813583 -0.02223998975894869 -0.017428697407438604 -0.010506368946715181 0.0029638367653111296 -0.012973199490839207 0.0030046988008670932 0.0040652652357948769 0.0006819931878197336 -0.01215464625254091 -0.0018958012089659402 0.00043817474713080839 0.011569572787483239 -0.00046308727840800514 0.0071293207222543446 0.010069876075906412 0.0047066608811769037 2.5272203919633794e-05 -0.0032557749002213934 -0.0032110562163162274 0.0022463234061872949 0.015031227145755414 0.0073409575584284549 -0.021446539147652429 -0.0040954676396947245 1.5348042115541081e-07 -0.0017515574896594212 0.00011952841073884521 -0.010986071575043431 -0.0065641233538447754
leaf_weight=17.844601974822581 33.940328344702721 18.634197756648064 59.621731966733932 22.575267117470503 39.013174381107092 55.532943397760391 29.603146744892001 10.725489199161528 31.764626279473305 41.409664571285248 47.504134256392717 55.781520965509117 16.973384901881218 7.4586905036121598 19.211508759297431 22.975717974826694 244.89666731283069 33.614372864365578 59.11241103708744 19.917704693973064 140.06962911039591 66.118097372353077 51.176242671906948 76.242627885192633 62.408604294061661 254.55957064125687 22.186029233038425 139.91792697645724 13.005945049226282 22.191080242395401 37.038765549659729 15.39325011894107 27.67789239436388 8.8573071062564832 7.1656701453030136 21.118439912796021 52.966496665030718 40.089445656165481 469.40373860299587 77.952406421303749 50.560913109220564 22.376745544373989 38.684522915631533 30.872447073459625 30.902511043474078 20.379518181085587 107.71134192869067 28.446096487343311 28.917937716469169 41.562348098494112 64.529839709401131 73.47214749827981 55.648327473551035 26.052705105394125 38.63234281539917 6.7743517719209185 59.595323686022311 73.850914686918259 41.654610157012939 2828.0974222822115 5.4316635169088832 37.148248821496964
leaf_count=98 43 21 28 30 78 41 70 54 31 54 111 383 92 26 81 155 859 44 54 40 529 197 110 81 87 959 31 424 19 21 77 108 29 7 76 186 136 94 357 76 117 101 41 140 75 16 98 65 95 98 80 176 186 36 362 16 456 134 85 8789 46 56
internal_value=0 -0.00406302 -0.00299099 -0.00488987 0.000286257 -0.00354375 -0.0058226 0.00254776 -0.00115257 0.00340718 0.00194242 -0.00767782 -0.0104503 -0.00794005 1.15073e-05 -0.00170846 -0.00107703 -0.000437505 0.000356204 -0.00178852 0.000155819 0.000294084 0.00208441 0.00427897 -0.00170468 -0.00118469 7.55931e-05 0.00133915 -0.000202311 -0.0024951 -0.00326729 -0.0019479 -0.00632411 -0.00985152 -0.00498743 -0.000773356 0.000883733 -0.00892043 0.00241467 0.00686568 0.00280079 0.00166939 0.00484407 0.00856642 1.5204e-05 -0.00658193 0.00506969 0.00505704 0.00171531 0.00494832 -0.000791755 -0.000624328 -0.00160596 0.00969234 9.31014e-05 -0.00360615 -0.00586649 0.000144589 -0.0046969 0.000195659 0.00508183 -0.00219672
internal_weight=0 303.943 285.309 225.687 5901.01 203.112 147.579 630.288 113.209 517.079 81.4445 117.976 80.2136 63.2402 5270.72 399.612 360.599 337.623 304.009 37.7623 4871.11 4534.93 482.493 231.424 336.18 316.968 4052.44 731.088 3321.35 369.811 347.625 242.819 104.806 31.4162 22.5589 211.403 148.63 77.1282 535.522 155.181 475.67 317.397 108.729 70.044 208.669 42.7563 158.272 59.3185 165.913 72.4649 93.4478 126.439 195.566 77.2289 2951.54 79.3756 66.3697 251.069 62.7731 2872.16 44.064 110.999
internal_count=17265 829 808 780 16436 750 709 1219 185 1034 154 639 501 409 15217 1190 1112 957 913 138 14027 12900 1022 303 1127 1046 11878 1164 10714 1026 995 795 200 191 184 604 333 171 554 222 980 765 300 259 465 117 215 205 348 173 175 312 610 146 9688 491 472 719 271 9197 408 190
cat_boundaries=0 21 41 61 84 104
cat_threshold=4198400 32784 1073741828 256 32896 33562624 0 0 65536 0 786432 100663296 1074003968 67108864 17301504 4194824 0 32768 131152 0 20 0 402653440 2147483648 536887296 134234112 0 137 6815744 512 0 0 1073741836 1 671088640 0 8388625 130 16448 0 32785 0 1048576 129 128 598016 2097184 32768 1073741824 0 4194304 1073741824 66576 536875008 6291456 269484034 0 805306384 4194304 4259968 4 0 0 16777216 134217730 1024 540672 10256 0 262144 805306368 2097152 2416181248 131072 0 2097152 4 4325441 65536 256 65536 224 0 128 65536 33554432 268435456 0 32 1073745920 16384 0 2147483648 525416 34816 96 2097152 0 65536 128 8912896 19 805306380 131072
is_linear=0
shrinkage=0.05


Tree=113
num_leaves=63
num_cat=9
split_feature=72 0 51 47 51 70 59 60 27 70 70 9 64 50 57 57 0 0 0 9 49 63 0 48 56 38 51 0 9 67 0 73 24 3 66 47 59 57 64 67 63 48 50 47 68 65 27 58 65 64 47 27 16 17 3 67 18 70 8 55 1 47
split_gain=1.83251 1.26846 0.826982 1.21377 0.782011 0.666157 0.593554 0.581734 0.852326 0.555326 0.883232 0.498908 0.4734 0.968168 0.501251 0.472298 1.91296 1.54265 1.16605 1.06087 1.27756 1.03548 0.991412 0.859891 0.799121 0.743358 0.68101 0.677367 1.04522 1.92786 1.40295 1.10095 2.90415 1.01571 1.73951 1.12469 0.921698 0.650653 0.702078 0.604734 0.643177 0.776101 0.60595 0.537367 0.714619 0.531158 0.528931 0.585744 0.524933 0.499143 0.729466 0.471464 0.461963 0.547836 0.531968 0.932727 0.457277 0.478991 0.451329 0.552979 0.529239 0.452452
threshold=0 1 -53.42427991250095 -37.404531149795432 5.7876645712659185 1.0025688389547398 -10.574029905022011 43.638848725656132 1.0000000180025095e-35 1.7305245644940304 3.0788002352235537 5.7500000000000009 96.827500000000015 -92.210283439137399 -69.156986552836287 0.47176495046439881 2 3 4 16.727241335952172 -281.03918354264988 1926.1450000000002 5 1103.9685066770173 580.35959822501593 0.6830127018922193 -946.66092225068667 6 -3.2320508075688776 1697.0000000000002 7 8 0.6830127018922193 2018.5000000000002 341.85833333333341 69.490797879747092 3.655931767441388 3.3377003381718766 15.940000000000003 2387.3150000000005 1656.7454166666669 -12.934821456555332 -12.427174551217442 237.12732703721611 0.58333333333333337 22.030000000000005 0.25000000000000022 10.282989685505788 10.045000000000002 504.95000000000005 1.378448206563313 1.6160254037844388 -0.25000000000000006 -0.6830127018922193 2019.5000000000002 679.92000000000019 -2.7554552980815443e-16 2.3203219276156619 2.5000000000000004 222.2104945453097 9.5000000000000018 -6.1417578309943197
decision_type=9 9 2 2 2 2 2 2 2 2 2 2 2 2 2 2 9 9 9 2 2 2 9 2 2 2 2 9 2 2 9 9 2 2 2 2 2 2 2 2 2 2 2 2 2 2 2 2 2 2 2 2 2 2 2 2 2 2 2 2 2 2
left_child=2 4 12 5 6 -4 9 8 11 -2 -11 -6 13 -1 -14 17 19 25 -19 21 -21 23 49 39 -22 26 -3 48 31 30 -30 32 33 -29 35 37 -33 -35 -39 40 41 42 -17 44 -28 46 47 -32 -24 -18 -51 -20 -46 -54 55 -55 -43 -58 -8 60 61 -60
right_child=1 15 3 -5 7 -7 58 -9 -10 10 -12 -13 14 -15 -16 16 22 18 51 20 24 -23 27 -25 -26 -27 43 28 29 -31 45 36 -34 34 -36 -37 -38 38 -40 -41 -42 56 -44 -45 52 -47 -48 -49 -50 50 -52 -53 53 54 -56 -57 57 -59 59 -61 -62 -63
leaf_value=-0.0061782196780855309 0.0032611463077338687 0.005715700138145716 -0.0079346451162880405 -0.0049206560586335622 0.0018815097360858754 -0.026101412632688843 0.0052906025109300467 0.0037702341698065793 -0.012179103809428951 0.014488599944288905 0.0042615298436375027 -0.0055548667530801212 0.0016614737027292534 0.011345412411246876 -0.0065785355380394584 0.0043378501720919638 -0.0066203941223772801 0.0037655188627994615 0.00051511785293362395 0.0065601739576735766 -0.0023198299075641885 -0.0047160205074731664 0.00903636075635709 0.012942768283097005 -0.017221484513565217 -0.0095258553248567992 0.0057840990545754206 -0.0012358240533548968 0.0055113190063698445 -0.015778528531632887 -0.012789728013308469 0.001219099926669582 -0.032670227311700793 -0.024130243984847102 0.0037168683609986272 -0.028924186422301219 -0.005600256014781947 0.0073748060720739521 -0.011095839487437004 -0.0017198482263359597 0.014851432830461919 0.0011475935501760099 -0.0050454098851582885 -0.0085504427980481624 0.0019880296264802536 -0.00030571871506094857 -0.021096758216615552 -0.00069223540925765275 0.00078144192706066794 -0.0056812205770236336 0.0025156300618222448 -0.0066277844794569666 0.0026047383445131547 -0.0039060300909971066 -0.0025551336093678841 -0.016255824139868744 0.010669099797392299 0.00069811857643175743 -0.0028424720774685693 -0.0057699787861236994 0.0085102756393555419 0.0039190662980622256
leaf_weight=13.651608709245918 101.93349784053862 26.509572565555573 8.9251873586326855 105.60222139954567 71.104697197675705 11.610632386058567 69.135250508785248 60.407673124223948 18.295030321925879 37.422198005020618 48.435129564255476 33.032976737245917 30.810587711632252 18.650419833138585 46.027351465076208 39.115665655583143 122.6429689489305 288.25675824657083 2375.698411882855 20.527843847870827 19.937327714636922 30.14046323299408 20.657278643921018 30.629124611616135 16.394904583692551 36.123454572632909 27.245676726102829 77.939282016828656 94.104308128356934 19.584090024232864 13.593584544491021 149.36764734424651 10.25510557182133 7.2251410484313956 18.19674876332283 10.440766330808399 74.146407529711723 6.3533106222748748 27.044499794021249 38.203255414962769 15.744165837764738 25.378672787919641 30.716755816712976 34.125029444694519 41.654947601258755 612.69714265968651 4.8871944556012741 37.912351847626269 284.37090632691979 60.060640037059784 49.522912710905075 23.328284457325935 28.15997114405036 42.01545275002718 94.811507981270552 24.034804373979568 65.808950277976692 14.742859331890939 53.751761136576533 29.173839665949345 24.223319014534354 45.841510392725468
leaf_count=42 199 25 55 545 182 53 72 128 59 62 84 94 43 71 113 55 394 563 6818 18 93 24 42 23 17 84 27 601 108 15 172 547 23 58 14 22 370 36 234 19 13 122 94 37 82 2245 62 343 736 72 71 52 75 164 164 36 292 28 141 27 77 114
internal_value=0 0.000264191 -0.00414979 -0.00708354 0.00243331 -0.0182059 0.00368727 -0.000244889 -0.00222593 0.00575653 0.00871915 -0.000477345 -0.00113934 0.00393951 -0.00327444 7.32514e-06 -0.000579585 0.000402552 0.000812759 0.00275567 -0.00341065 0.00405756 -0.00126937 0.00507331 -0.0090442 -0.00265354 -0.00195753 -0.000773151 -0.00132243 -0.000288428 0.000109058 -0.00348172 -0.00652882 -0.00515114 -0.00955707 -0.0142873 -0.000998419 -0.0105254 -0.00758214 0.00402402 0.00516984 0.0043026 0.000210494 -0.00265405 -0.00187391 -0.000722318 -0.00537666 -0.00388504 0.00129793 -0.00424636 -0.00197691 0.00044381 -0.00277841 -0.0038288 -0.00495503 -0.00839995 0.00700024 0.00884418 0.00193787 0.000422789 0.00188194 0.000269778
internal_weight=0 5683.06 235.278 126.138 592.757 20.5358 409.917 182.84 122.433 187.791 85.8573 104.138 109.14 32.302 76.8379 5090.31 2048.34 3041.96 2687.28 347.34 56.8601 290.48 1701 260.339 36.3322 354.68 318.557 1468.78 1163.75 782.779 763.195 380.969 157.455 147.2 69.2605 51.0637 223.514 40.623 33.3978 229.71 191.507 175.763 69.8324 292.047 257.922 669.09 56.3931 51.5059 305.028 232.227 109.584 2399.03 230.677 189.022 160.862 66.0503 105.93 80.5518 222.126 152.99 123.817 99.5933
internal_count=17251 16329 922 653 1239 108 776 463 335 345 146 276 269 113 156 15090 6963 8127 7433 798 128 670 6165 646 110 694 610 5628 4850 2945 2930 1905 988 965 364 350 917 328 270 623 604 591 149 585 548 2822 577 515 778 537 143 6870 521 439 364 200 442 320 431 359 332 255
cat_boundaries=0 17 38 59 80 103 123 144 165 166
cat_threshold=0 160 10485760 64 4194304 0 0 0 0 16908288 268435721 1032 1048864 135430144 16777216 8388608 8216 0 128 0 48 134218752 2117632 264224 0 131072 12582921 262144 0 1 1048576 268435456 67108992 524288 2 268435904 65792 8 2149580800 2097408 0 134217728 28672 0 33562640 1275068416 0 2147483648 0 1048576 0 150994945 0 2155872784 570425346 4 4325376 0 16 2097152 270532672 0 134217728 4096 32 8208 1077936128 0 2147745792 0 0 0 0 2147483648 2189426704 570425943 0 4325376 0 16 65536 150994944 268435456 0 65536 1073752064 1024 0 0 268436576 53248 268451840 268435456 268435456 167772160 4 1024 16 0 131073 4 0 128 24 134217728 268435456 0 33652736 8192 6 2097152 262144 96 2117632 268435456 0 268435712 134348802 1073741828 8388608 67239936 0 131072 36 1073741920 553648129 16384 32 0 8 0 2147483648 0 4197376 536870928 0 2147483656 2097152 4098 20 33558560 134217728 0 64 0 0 0 0 0 0 0 0 0 524800 0 1107296256 0 0 2147483648 0 0 0 536870912 32789 4 34081920
is_linear=0
shrinkage=0.05


Tree=114
num_leaves=63
num_cat=9
split_feature=0 0 1 71 10 48 48 0 3 48 67 64 46 55 51 67 49 47 59 63 52 57 50 52 37 52 0 0 0 47 8 28 71 72 59 59 9 71 54 57 0 49 50 0 67 5 1 10 52 57 5 55 71 54 30 65 55 64 63 48 71 55
split_gain=1.90534 1.42893 1.16374 1.30838 0.983002 0.822567 0.750784 0.869515 0.654249 0.630618 0.822496 0.594868 0.755139 0.841483 0.593281 1.64533 0.687926 0.561697 0.628767 0.537322 0.530824 0.572291 0.549082 0.863231 0.521869 0.483664 2.12258 1.22318 1.01345 0.876786 0.594307 0.555598 0.893034 0.556402 0.59052 0.706971 0.882475 1.08706 0.617205 1.32121 0.51255 0.473537 0.473063 0.471469 0.425928 0.425333 0.420835 0.408544 0.545172 0.807898 0.498865 0.613715 0.403632 0.403155 0.401603 0.387351 0.372242 0.363059 0.44938 0.558038 0.594685 0.41132
threshold=0 1 9.5000000000000018 2.4824285269546702 12.250000000000005 564.40590854048855 1103.9685066770173 2 2016.5000000000002 -17.205118104254421 2387.3150000000005 1276.0125000000003 -1.0000000180025095e-35 -8.5013038325608949 -182.14363620430035 1166.5000000000002 -366.82089503436481 49.20614166957796 -7.1710968906355488 147.21208333333337 111.55949060226739 66.601690164449465 -344.09941996791321 -190.72899810489824 0.93301270189221952 0.69570245452612423 3 4 5 79.899368781322494 2.5000000000000004 -0.93301270189221908 8.8091862606324067 6 533.14584932668515 192.95774915442215 12.250000000000002 24.430326808805557 28.261641780906881 -1.8237874137848928 7 27.676806110509482 4.8287555178808086 8 66.02500000000002 -0.24999999999999997 6.5000000000000009 21.325317547305485 -16.83972739213489 6.8999320126513792 0.6830127018922193 -27.178885962957629 -21.581290895706395 9.2120532318928756 -0.25000000000000006 178.10000000000005 -10.293488503588913 956.75000000000011 6.1833333333333345 -1.0430141893129485 -5.9710034684427198 3.1162816935068332
decision_type=9 9 2 2 2 2 2 9 2 2 2 2 2 2 2 2 2 2 2 2 2 2 2 2 2 2 9 9 9 2 2 2 2 9 2 2 2 2 2 2 9 2 2 9 2 2 2 2 2 2 2 2 2 2 2 2 2 2 2 2 2 2
left_child=2 14 4 -4 5 11 7 9 -8 20 57 12 13 -1 45 16 -16 18 -14 44 21 22 -3 -24 41 27 29 30 55 52 42 32 -29 34 35 36 37 38 39 -33 54 47 56 -32 -20 -2 -43 48 49 -18 51 -50 -27 -42 -30 -28 -9 58 -11 61 -61 -60
right_child=1 6 3 -5 -6 -7 8 25 -10 10 -12 -13 17 -15 15 -17 24 -19 19 -21 -22 -23 23 -25 -26 26 28 31 40 -31 43 33 -34 -35 -36 -37 -38 -39 -40 -41 53 46 -44 -45 -46 -47 -48 -49 50 -51 -52 -53 -54 -55 -56 -57 -58 -59 59 60 -62 -63
leaf_value=0.00069820025711970091 0.0083551089997670695 -0.0061349029432764077 -0.019240746223203892 -0.0042495191881491302 -0.0075379209254761549 0.0051730476531253664 -0.00056687915577985262 0.005591294377366573 0.0055972641184875369 0.0026466482271281649 -0.017358729202476993 -0.0086705940900048666 0.0036094000400190267 -0.015583645001534287 -0.0072106605634742168 -0.0061226420498425166 -0.0057627536829636906 0.0063509392131805677 -0.0044140145172101679 -0.0008474668029445269 0.0051135983990267114 -0.006910640080250669 0.0071267288544533463 -0.0013531857753686779 0.0097907666308094509 -0.003235594121642902 0.0074693769586622761 0.00056435470171124508 0.012642447090221418 -0.00063651379227093149 0.0038594033838039868 -0.00065917762123009693 -0.013213320112539945 0.00035786909943500984 0.003476226037356896 -0.0095148345819929606 0.0024597060741653526 -0.012623924964634338 -0.00046450613489773247 -0.017065824870351184 -0.0049092982522356849 -0.0041231139017442481 0.0019948236457055469 -0.00013775442418347968 -0.017455250311088532 0.0032822475912113605 0.0030692588922926409 -0.0024930275131119194 0.0094149857736508386 0.0095839117415092104 0.01308043403503319 0.0012804570123697481 -0.010389165392209798 -0.00095074658539534931 0.001258782770177849 0.0022069919101245657 0.012750316057337147 0.0015890865512044315 -0.0086985651977738634 -0.014940317480583783 -0.0024085099262685151 -0.023266070404451097
leaf_weight=14.815112218260767 64.595283545553684 33.741407256573439 22.504595287144184 41.200790572911501 67.482121108099818 47.631793707609177 70.539600774645805 50.328716903924942 110.44504536688328 18.469896405935287 11.606845349073408 29.61578394472599 44.135217515751719 17.08926141448319 15.440828561782835 58.013559848070145 23.240186627954245 31.768936969339848 15.340033998712899 49.403805866837502 34.67139083519578 40.573924385011196 40.937829684466124 112.44111192971468 30.637246184051037 25.552023872733116 47.925177336670458 27.652326116338372 8.3382803946733457 47.297962140291929 124.94178717210889 33.186806369572878 20.466181665658951 2935.0693528265692 49.854476854205132 31.264849662780762 93.630905449390411 27.484469562768936 155.91229391843081 19.469594057649374 82.437289085239172 37.78828027844429 51.058341190218925 169.82259723730385 10.578436173498629 114.67658412083983 44.041362594813108 19.347924269735813 44.429318409413099 13.59067042544484 25.370335990563035 48.496076464653015 86.376322492025793 292.64824843592942 109.38704744912684 129.34665240719914 28.405788535252213 28.11576746404171 23.571752215735618 10.677597321569918 83.478650439996272 6.0994932046160093
leaf_count=40 73 69 94 48 97 26 62 89 80 38 14 32 67 91 31 67 117 35 99 34 75 77 72 284 35 55 220 151 83 118 344 122 43 6980 19 58 104 32 293 99 1187 79 86 403 19 145 104 45 97 44 70 165 520 1805 751 338 51 42 219 24 477 54
internal_value=0 0.000283043 -0.00327787 -0.00954533 -0.00216004 -0.000766263 3.00745e-05 -8.23433e-05 0.00319476 -0.00216986 -0.00448003 -0.00209601 -0.00103278 -0.00802301 0.00270934 0.0015903 0.00307007 0.000441958 -0.0011295 -0.00390626 -0.000649846 -0.00152746 -0.000360202 0.000910158 0.0036233 0.000121653 -0.000972562 0.000359612 0.000299383 -0.00596928 0.00285684 3.86999e-05 -0.00529569 0.000115532 -0.001586 -0.00232914 -0.0016477 -0.00327691 -0.00204519 -0.0067255 -0.000874748 0.00288607 0.00574329 0.00168278 -0.0097367 0.0051101 -0.000252122 0.0043579 0.00521237 -9.97991e-05 0.0068663 0.00516972 -0.00875608 -0.00177349 0.00190339 0.00343585 0.00817412 -0.00360287 -0.00462872 -0.0057139 -0.00382965 -0.0116932
internal_weight=0 5812.9 391.566 63.7054 327.861 260.378 5273.23 5092.24 180.985 444.386 182.02 212.747 183.131 31.9044 539.668 360.396 302.382 151.226 119.457 75.3223 262.366 227.694 187.12 153.379 286.941 4647.86 829.309 3818.55 670.083 159.226 424.557 3393.99 48.1185 3345.87 410.803 360.949 329.684 236.053 208.569 52.6564 492.811 256.304 129.793 294.764 25.9185 179.272 81.8296 174.475 155.127 36.8309 118.296 92.9254 111.928 375.086 117.725 177.272 78.7345 170.413 142.297 123.827 94.1562 29.6712
internal_count=17292 16610 682 142 540 443 15538 15396 142 1445 868 417 385 131 1072 854 787 254 219 152 577 502 425 356 756 13951 5077 8874 4384 693 973 7901 194 7707 727 708 650 546 514 221 3826 721 226 747 118 218 183 538 493 161 332 262 575 2992 834 558 140 854 812 774 501 273
cat_boundaries=0 23 43 62 81 100 120 142 161 179
cat_threshold=0 0 536870912 0 134258720 33554464 536870912 1048576 131072 0 786432 537985024 262144 134217728 0 281018384 0 36864 0 5 64 0 128 2048 0 269484032 134217792 128 0 134234144 0 0 4194304 2129920 134217732 0 0 2147483648 133 272631552 268435520 268435464 229392 0 0 1090519168 48 0 0 33554436 4194304 2147483648 268435488 0 67112960 20973568 44040208 268533768 0 536870946 16385 536872064 65536 1073742080 0 0 0 2121728 16777216 16777216 16384 4 69632 8192 16384 2416443392 68157440 10 33554436 100728852 4 65540 1073741824 8388608 0 16 2121728 32768 67108864 0 4 4096 0 0 2416443392 68157440 67108874 34078724 2248278066 134217728 1048 50331680 75497472 0 0 1090519040 0 1073741824 262144 8660041 16777216 524416 131072 1073741824 136445952 33554432 0 0 0 256 0 1152 0 262144 0 0 2048 0 536870944 1073741824 0 0 151666688 16908288 554696724 159383568 35848 0 0 0 0 8388679 2147483712 1048768 0 0 0 4096 268437504 2155872256 0 0 1140852736 33792 2315255808 16809996 33554436 2164260864 0 0 131410 0 1073741824 0 0 16 0 0 67108864 0 0 4096 0 0 2416443392 0 10 0 100794400
is_linear=0
shrinkage=0.05


Tree=115
num_leaves=63
num_cat=11
split_feature=0 55 0 71 57 0 38 53 68 51 53 57 0 44 73 8 0 35 59 18 51 63 0 66 60 30 57 53 45 60 91 1 57 0 49 53 49 10 50 56 50 55 67 0 63 60 0 1 63 65 76 52 54 60 71 10 59 54 0 57 55 49
split_gain=2.49096 1.59655 1.40528 0.975894 1.12313 1.08326 0.567989 0.582337 0.553467 0.937082 0.951674 1.33832 0.930775 0.726467 0.675021 0.658223 0.58441 0.657342 0.580414 0.647384 0.618122 0.572686 1.11388 0.556089 1.00514 0.563309 0.546912 0.545369 0.818195 0.545325 0.512997 0.49823 0.471417 0.448619 0.765304 0.566543 0.442814 0.448498 0.574773 0.486256 0.823393 0.4387 0.505331 0.435531 0.500351 0.42613 0.530567 0.527974 0.514073 0.576773 0.585798 0.474692 0.795755 0.454675 0.661361 0.591001 0.583498 0.756104 0.557855 0.420154 0.45105 1.02714
threshold=0 131.48060491355247 1 -1.0988015716057971 -31.690896323960597 2 -0.25000000000000006 -49.430903666557519 0.83333333333333337 -1200.682868630244 548.88576462681601 129.18902421768524 3 -1.0000000180025095e-35 4 13.500000000000002 5 1.8369701987210299e-16 0.36557189069661261 -1.0000000180025095e-35 53.340784084868531 100.93924242424245 6 1287.4433333333334 436.12944361463775 -0.5 4.1835794662151882 -1.1635885672497925 -0.6830127018922193 -45.653557208555796 1.0000000180025095e-35 11.500000000000002 -9.5428900125775193 7 -123.14184886113105 -73.979546843810411 241.06593337873383 17.660254037844393 -20.114487786859801 312.6649881351097 -103.00151487014342 -150.20336594445345 443.89500000000004 8 94.683333333333351 787.77067755342796 9 1.5000000000000002 117.27922077922079 27.085000000000004 1.0000000180025095e-35 278.89484825938058 233.67570233177767 98.821221025340307 1.5643272069967356 -3.3065463576978533e-15 310.8531372386916 492.67546508427557 10 313.0693589805586 268.85625510397261 1103.9685066770173
decision_type=9 2 9 2 2 9 2 2 2 2 2 2 9 2 9 2 9 2 2 2 2 2 9 2 2 2 2 2 2 2 2 2 2 9 2 2 2 2 2 2 2 2 2 9 2 2 9 2 2 2 2 2 2 2 2 2 2 2 9 2 2 2
left_child=1 3 6 4 -1 -5 -2 41 9 -4 11 14 13 -10 32 21 36 18 20 -20 -18 22 31 24 25 -15 -7 28 -9 -29 -31 -14 -11 -27 -35 -36 37 38 39 40 -16 -8 -43 -24 -45 46 47 -23 49 -48 -51 53 -53 56 -55 -56 57 58 -49 60 -50 -62
right_child=2 -3 8 5 -6 26 7 27 12 10 -12 -13 15 23 16 -17 17 -19 19 -21 -22 45 43 -25 -26 33 -28 29 -30 30 -32 -33 -34 34 35 -37 -38 -39 -40 -41 -42 42 -44 44 -46 -47 48 51 59 50 -52 52 -54 54 55 -57 -58 -59 -60 -61 61 -63
leaf_value=0.0010698162656475622 0.0087052428162835514 -0.016070963853632585 0.013299563923013053 0.0024667180173303955 -0.011879749100875005 -0.0032746073905644325 0.0027445464304224686 0.015900345301988025 -0.013243348247782481 0.00017494436620167728 -0.0061364754924482894 0.0092514537436329605 -0.0050865155010806013 0.0046730974622330142 -0.0050807746157840467 -0.0092185051985826938 0.0027447660610421323 -0.0005072471931808402 -0.0078113819250180214 0.0011445940328751506 0.0098587677418275552 -0.0054814649291341742 0.0023105712946076195 0.0040449193248730548 -0.016241277994632382 0.0019959840762206324 -0.012708696481575433 0.0069999478160528818 0.0044353103760438779 0.0025125934861144981 -0.0038676504520741943 -0.018728398795334771 -0.0085367445218856811 -0.011258286364057717 0.0072189859476022942 -0.0037870094384128174 -0.0056733326889038356 -0.0087874078901660265 -0.0023376633586353274 0.0077923017766878683 0.0073083546362896048 0.00022193309054447999 -0.0097453010964854564 -0.00059701801952177856 -0.010580153384471663 0.003307561731052048 0.017583416969979351 0.0033606345351196881 0.00082833110517468566 -0.0010245648550784075 0.010294401925241005 0.00027084102208859844 -0.01075402961168067 0.0034813529940868233 -0.0012519248023257566 -0.0087849349792409465 -0.0048411048475666234 0.0091188939520980596 -0.00075067276493323771 0.0053727166672867116 -0.0070715531955163995 0.0009195098573241573
leaf_weight=24.297740168869495 41.961809048429132 26.546930447220802 15.32578684389591 94.965214036405087 53.860254457220435 63.94903677329421 47.923945587128401 19.767717055976391 16.032330527901649 28.708668163046241 46.984098598361015 48.631283268332481 100.07831128314137 25.635712806135416 30.831075452268124 18.715795207768679 537.20446414127946 315.09288743790239 21.295336146838963 384.53436434734613 32.374304266646504 55.685661196708679 128.804572715424 30.700935542583466 13.722938396036623 33.385960310697556 20.219669193029404 48.810282960534096 73.129097379744053 135.47699217870831 41.051583990454674 7.1726955501362673 33.82568196952343 32.555001139640808 12.996749948710201 116.53242230042815 45.585930451750755 14.115866646170614 91.19779307814315 36.038464143872261 23.735985066741705 30.972249810583889 21.574404776096344 563.53380250651389 12.83698672801256 132.01724320650101 8.440432593226431 126.1369231492281 1578.5294268466532 29.178373530507088 18.792950499802828 38.940607652068138 28.234268009662628 36.842203468084335 64.92044522613287 43.47185243666172 39.130042761564255 30.505449116230011 205.28227116167545 46.531491816043854 61.240446347743273 117.11160057783127
leaf_count=34 73 31 12 355 327 207 97 28 74 35 49 87 807 95 65 169 1610 343 144 1442 103 106 951 20 26 69 95 65 203 184 100 67 67 115 33 547 42 31 487 37 125 94 28 2572 88 101 31 235 3146 245 75 81 45 74 101 75 26 18 407 53 108 57
internal_value=0 -0.00424703 0.000469363 -0.00319212 -0.00785399 -0.00115809 0.0030922 0.00260353 0.000243613 0.00099157 0.000879965 0.00108059 -9.37724e-05 -0.00280771 0.000831389 0.000132705 0.00104372 0.00146684 0.00211958 0.000674642 0.00314912 0.000183475 -0.000978455 -0.00228336 -0.0031107 -0.00229575 -0.00495253 0.00365125 0.00687498 0.00232226 0.00102887 -0.00548723 -0.00391179 -0.00320971 -0.00414913 -0.00268269 -0.00118569 -0.000202041 0.000464558 0.0032851 0.000308341 -0.000715093 -0.00387038 -0.000211891 -0.00080539 0.000538223 0.000393658 -0.000807765 0.000825823 0.00553038 0.00340968 -0.000396689 -0.00436302 9.10342e-05 -0.00230601 -0.00427312 0.000959079 0.00158618 0.000892827 0.000683241 0.000559039 -0.00182437
internal_weight=0 283.839 5939.85 257.292 78.158 179.134 460.668 418.706 5479.18 1705.48 1690.16 1643.17 3773.7 281.562 1594.54 3492.13 1532.01 1290.5 975.408 405.83 569.579 3473.42 812.426 265.53 234.829 221.106 84.1687 318.236 92.8968 225.339 176.529 107.251 62.5344 195.47 162.084 129.529 241.505 195.919 181.803 90.6055 54.5671 100.471 52.5467 705.175 576.371 2660.99 2528.97 669.15 1859.82 56.4118 47.9713 613.464 67.1749 546.289 145.235 108.392 401.055 361.925 331.419 1803.41 1756.88 178.352
internal_count=17217 1049 16168 1018 361 657 872 799 15296 4679 4667 4618 10617 979 4531 9638 4429 3642 3299 1586 1713 9469 4485 905 885 859 302 580 231 349 284 874 102 764 695 580 787 745 714 227 190 219 122 3611 2660 4984 4883 1168 3715 351 320 1062 126 936 250 176 686 660 642 3364 3311 165
cat_boundaries=0 23 43 66 87 88 107 126 144 165 186 207
cat_threshold=4 269484032 1077936128 671089280 0 33558528 301989888 1048576 262144 0 4096 67108868 262144 1073741824 524290 268435584 0 0 320 1 68 0 128 0 201326592 603979776 16400 134283264 16384 134234112 524288 131072 2147483648 557056 1073741824 2147483648 671088640 2147745800 67108864 33685760 0 536936448 131072 4 0 4194304 134217856 0 4096 268435456 1048576 0 0 4096 0 0 1073741824 0 0 0 0 320 1 68 0 128 0 1073741824 8388609 2 16 1073741824 20 1140850688 0 8388608 538985472 0 131072 8388608 67239936 4194324 536871040 36866 8 0 8 657408 4096 0 16777216 0 12416 2080 4096 0 0 0 1073742848 33575424 285214720 0 6291456 8388625 0 0 4325376 0 0 0 0 0 0 536870912 136314880 0 4194304 67108864 1081376 616562688 2451062800 269516800 4096 624 0 2 0 0 0 2 0 0 0 0 0 0 1024 0 0 0 0 4194320 0 32768 2097152 16777216 132 67118144 0 2097152 4130 8388608 0 0 134225920 2550137856 65536 4194816 37748772 0 1024 2147483648 0 0 128 2056 96 512 0 524288 0 33795 8 2147549184 8192 2048 0 0 0 16384 8388608 25165827 33620004 272629760 32772 48 8 0 0 0 0 0 32770 0 65536 0 0 0 0 0 0 0 25165826 33620004 0 0 32
is_linear=0
shrinkage=0.05


Tree=116
num_leaves=63
num_cat=9
split_feature=0 0 51 8 1 67 8 8 51 57 71 64 70 63 57 50 52 51 19 72 8 3 49 8 70 3 47 70 0 59 57 10 60 49 55 57 0 64 46 0 0 0 8 49 59 47 1 65 59 70 71 71 57 49 19 50 0 8 48 86 9 54
split_gain=1.87246 1.27479 1.18188 1.05824 1.63089 0.943909 0.910967 1.42389 0.891384 0.841407 0.786146 0.890517 1.30513 0.79413 0.763814 0.839974 0.738778 0.73557 0.630974 0.799739 0.780145 0.692796 0.630228 0.597892 0.660137 0.958379 0.590958 0.534293 0.530591 0.803253 0.879404 0.83054 0.57006 0.528783 0.554539 0.50459 1.58849 1.39981 3.07397 1.40606 1.27551 0.927409 0.757343 0.67291 0.627089 0.581458 0.518652 1.17296 0.624813 0.605121 0.502761 0.539204 0.499862 0.634462 0.774631 0.759828 0.659219 0.580318 0.548012 0.483092 0.809782 0.479412
threshold=0 1 887.00520860450229 4.5000000000000009 2.5000000000000004 299.62000000000006 3.5000000000000004 11.500000000000002 72.309795431181271 372.46822297755654 39.982519289699411 13.100000000000001 2.1861529480443669 360.63541666666669 -482.70118006899935 -420.11222972900902 -6.0841349272564633 80.018958388320442 -0.93301270189221919 2 2.5000000000000004 2016.5000000000002 383.75336097979431 8.5000000000000018 2.7509131944392959 2019.5000000000002 199.31425678604623 0.97736402383304644 3 -2.475293848186769 -72.456795792280161 -3.9494859272502133e-15 16.184465111642258 -6.126956263914713 -5.0552471505020211 3.7569463546817876 4 88.040000000000006 1.3660254037844386 5 6 7 5.5000000000000009 567.38530676645951 19.790396642675244 33.816493213160719 1.5000000000000002 16.030000000000005 0.56864615163019405 2.8375366568914964 39.982519289699411 7.015865656393955 27.795685619488715 -6.7363404491294174 0.68301270189221941 -344.09941996791321 8 1.5000000000000002 -83.811379637917526 1.0000000180025095e-35 -2.0000000000000004 1.0734616934073118
decision_type=9 9 2 2 2 2 2 2 2 2 2 2 2 2 2 2 2 2 2 9 2 2 2 2 2 2 2 2 9 2 2 2 2 2 2 2 9 2 2 9 9 9 2 2 2 2 2 2 2 2 2 2 2 2 2 2 9 2 2 2 2 2
left_child=2 6 3 4 -1 8 17 14 10 18 11 16 13 -13 -8 -16 -5 50 21 20 27 -3 -17 24 25 -7 -22 -20 -6 31 -31 -30 -32 34 -23 40 43 38 39 -38 45 42 -42 -37 61 -21 47 49 -49 -43 51 -2 57 54 55 -54 -55 -39 -57 -58 -61 -41
right_child=1 9 -4 5 28 23 7 -9 -10 -11 -12 12 -14 -15 15 22 -18 -19 19 35 26 33 -24 -25 -26 -27 -28 -29 29 30 32 -33 -34 -35 -36 36 37 52 -40 44 41 46 -44 -45 -46 -47 -48 48 -50 -51 -52 -53 53 56 -56 58 59 -59 -60 60 -62 -63
leaf_value=-0.01726953371269567 0.0020989745177527564 0.0044070160713660534 -0.013745498249028851 -0.012638892339034896 0.00075631532865034611 0.01247645885761115 0.0071184375868187204 0.011260313431102944 0.0083213720215793378 -0.0084830457015899717 0.0068551732482076359 -0.0030817772991348774 -0.034741332650341579 -0.02532468192637672 -0.0093303935836608065 -0.0021877360960297046 0.0053198779768015778 0.00809860028626452 0.0086228512048979224 -0.0023911862275547355 0.0015063263681763936 -0.0039976753670344653 0.0032995836467097587 -0.0017047748974577609 -0.00085710974135745979 0.00035241132412617339 -0.0056367965494986925 0.002344548315429663 0.0067270481383344995 0.00075249013072161211 -0.017305739138193919 -0.0053917916410286815 -0.0058763764681123319 -0.0016475012857808903 -0.015668466141485093 0.0033837083267471398 0.0023457536757322747 0.005986448653152625 -0.034088513303337654 0.0081258817495818477 0.0050625581885770559 -0.006282813580080893 -0.0013800342553030118 -0.0044845396249003026 -0.014862314972652675 -0.010167885146105872 0.00051354289957276651 0.0023168500297860556 -0.0043720286902105858 -0.025596224563126269 -0.0011138525685626579 0.0079142016892988984 0.0042910773384550798 0.0020849587512670334 -0.013314682234185391 -0.00092879683679045189 -0.0012257324558750538 -0.00016130807076499004 -0.0075531749058589384 -0.014970732441646626 -0.0012915014793364022 -0.0064504324586537225
leaf_weight=24.103100404143333 112.70157516375184 19.695251781493425 24.144340915605426 10.571886885911228 58.661510944366455 36.82590714097023 29.506261944770813 28.127837704494596 10.167698820121585 28.968444257974625 7.947771579027175 13.625650766305631 7.0697409305721512 5.6879259757697573 29.405419990420341 157.87665068544447 12.495060154236851 90.168322280049324 64.321604277938604 203.26652561128139 304.43552378471941 19.796249459497631 78.266205117106438 80.629945088177919 42.868107318878174 29.243478029966354 31.998137250542641 71.618721142411232 20.613413915038109 15.583675764501093 28.80455332249403 45.002919681370258 17.561126232147217 35.450940780341625 20.949211794883013 256.15915939956903 59.560133073478937 43.152977593243122 8.9543477054685336 5.9654221367090932 196.63557258062065 8.8353743180632609 59.393448002636433 30.397794649004936 22.258489669300616 27.259792126715183 2207.606330929324 70.683586651459336 68.987879129126668 7.4970254991203538 61.129551820456982 61.676832020282745 28.574279770255089 134.34939687885344 20.965074069797993 54.424488123506308 229.57385869137943 347.48957891948521 73.227081142365932 18.352636124938726 26.355752605944872 103.71335598034784
leaf_count=71 182 96 47 81 54 49 30 81 42 47 15 155 42 18 36 477 64 95 114 838 1001 51 44 98 64 75 54 76 73 25 116 86 45 103 51 819 611 19 26 37 468 79 413 30 231 94 5932 148 251 35 35 80 60 251 62 73 635 871 227 61 90 1061
internal_value=0 0.000290278 -0.00289921 -0.00240102 -0.00503138 -0.000249429 0.00235572 0.00051134 -0.00532371 1.31456e-05 -0.00774085 -0.0100868 -0.0163607 -0.0096324 -0.00051337 -0.00136137 -0.00291086 0.0042583 6.35876e-05 0.000144048 0.00207466 -0.00395226 -0.000369042 0.00155915 0.00397494 0.00711014 0.000826945 0.00531519 -0.00344742 -0.00504437 -0.00952315 -0.00158465 -0.0129768 -0.00611297 -0.00999819 -7.20096e-05 -0.000826851 -0.00163493 -0.0054547 -0.00411579 0.000315326 0.000632008 0.00343389 0.00246309 -0.0067025 -0.00317314 0.000315317 -0.00246956 -0.000986986 -0.0151482 0.00278798 0.00415579 -0.000867537 -0.00179133 -0.00429015 -0.00307908 -0.000707788 0.000517814 -0.00472886 -0.00207606 -0.00690678 -0.00565763
internal_weight=0 5559.73 491.608 467.463 210.33 257.133 648.859 323.182 67.5657 4910.87 57.398 49.4503 26.3833 19.3136 295.055 265.548 23.0669 325.676 4881.91 4786.01 472.374 95.8917 236.143 189.567 108.937 66.0694 336.434 135.94 186.227 127.566 61.9494 65.6163 46.3657 76.1964 40.7455 4313.64 1463.47 1176.92 200.452 191.497 2850.17 2619.64 256.029 286.557 131.937 230.526 2363.61 156.004 139.671 16.3324 235.508 174.378 976.465 585.823 177.191 156.226 408.632 390.643 127.652 274.282 44.7084 109.679
internal_count=17295 16075 1220 1173 470 703 1060 668 417 15015 375 360 215 173 587 557 145 392 14968 14667 1245 301 521 286 188 124 1055 190 399 345 186 159 161 205 102 13422 5164 4315 1966 1940 8258 7326 881 849 1329 932 6445 513 399 114 297 262 2349 1459 422 360 1037 890 300 786 151 1098
cat_boundaries=0 21 41 63 84 105 124 145 165 185
cat_threshold=4194308 32784 1610612736 514 86016 33554432 4 1048576 0 0 524288 1140850688 262144 0 303300608 276824080 0 2151682080 128 0 36 6144 536870912 0 0 8224 4096 268443672 0 0 0 0 4 131072 0 2147483648 88080928 34079248 1 134217794 164112 0 131072 536870912 98306 0 0 0 0 541065216 512 50331650 131104 0 66048 16 8388624 285212672 128 2298478592 268435968 2148008256 8404992 4194304 0 0 0 0 0 0 0 0 0 0 0 0 0 0 276824064 0 32 0 0 4 2418016288 2097632 0 1025 33555456 1073741824 33554432 134217728 2147614720 2147745792 1024 536870920 0 16777217 32 0 536870912 4 4194304 65536 80 0 0 2151677957 67108864 524288 0 553713664 88080384 0 0 138412032 42993680 67117056 38912 4194304 0 32 0 8 2097184 2097344 16777216 1 33555456 1073741824 49152 1077936128 131072 2147483648 0 536870913 536875008 33554433 65536 2147483648 536870912 32772 4194312 0 16 0 17825792 268435456 0 32896 2048 134221824 2621440 0 0 86016 16384 1073758208 256 83886088 3 0 335609874 536871184 1 64 0 2147483648 0 16 16384 0 2147483648 0 8704 0 0 0 0 0 1 4194306 65616 0 1
is_linear=0
shrinkage=0.05


end of trees

feature_importances:
unique_id=701
same_month_max_3y=460
same_month_mean_3y=448
year=436
seasonal_amplitude_ratio=315
median_nonzero_12=283
roll_mean_12=265
last_nonzero_value=263
mean_nonzero_12=260
lag_3=243
year_idx=202
name=182
lag_6=171
roll_mean_6=167
diff12=155
roll_std_12=153
lag_1=151
rolling_12_slope=149
diff1=143
lag_12=136
roll_std_3=136
roll_mean_3=133
lag_2=127
roll_std_6=126
item_type_month_cos=111
same_month_nonzero_rate_3y=110
item_type=101
lag_24=94
month=77
item_type_month_sin=76
month_cos=60
name_tok_11_month_sin=58
name_tok_15_month_cos=34
name_tok_15=31
name_tok_0_month_cos=27
name_tok_9_month_cos=27
name_tok_11_month_cos=27
name_tok_1=27
month_sin=25
name_cluster_id_month_cos=23
name_tok_2_month_cos=23
name_tok_6_month_sin=23
name_tok_4_month_cos=22
name_tok_3_month_cos=21
name_tok_13_month_cos=21
name_tok_15_month_sin=21
name_tok_1_month_cos=19
name_tok_14_month_cos=19
name_tok_2_month_sin=18
name_tok_10_month_cos=17
name_tok_0_month_sin=16
name_tok_5_month_cos=16
name_tok_9_month_sin=16
name_tok_13_month_sin=16
name_tok_4_month_sin=15
name_tok_14_month_sin=15
item_month_nonzero_rate=14
name_tok_6_month_cos=13
name_tok_0=13
name_tok_9=13
name_tok_10_month_sin=12
name_tok_6=12
name_tok_1_month_sin=11
name_tok_7_month_cos=11
name_tok_5_month_sin=10
name_tok_12_month_sin=10
name_tok_8=10
quarter_sin=9
name_tok_3_month_sin=8
name_tok_2=8
name_tok_13=8
name_tok_14=8
name_cluster_id_month_sin=7
name_tok_4=7
name_tok_11=7
name_tok_8_month_cos=6
name_tok_12_month_cos=6
name_tok_5=6
name_tok_10=6
quarter=4
name_tok_7_month_sin=4
name_tok_8_month_sin=4
quarter_cos=3
Status_month_sin=3
name_tok_7=3
name_tok_12=3
Status_month_cos=2
name_tok_3=2

parameters:
[boosting: gbdt]
[objective: tweedie]
[metric: l2]
[tree_learner: serial]
[device_type: cpu]
[data_sample_strategy: bagging]
[data: ]
[valid: ]
[num_iterations: 2000]
[learning_rate: 0.05]
[num_leaves: 63]
[num_threads: 0]
[seed: 42]
[deterministic: 0]
[force_col_wise: 0]
[force_row_wise: 0]
[histogram_pool_size: -1]
[max_depth: -1]
[min_data_in_leaf: 50]
[min_sum_hessian_in_leaf: 0.001]
[bagging_fraction: 0.8]
[pos_bagging_fraction: 1]
[neg_bagging_fraction: 1]
[bagging_freq: 1]
[bagging_seed: 400]
[feature_fraction: 0.8]
[feature_fraction_bynode: 1]
[feature_fraction_seed: 30056]
[extra_trees: 0]
[extra_seed: 12879]
[early_stopping_round: 0]
[early_stopping_min_delta: 0]
[first_metric_only: 0]
[max_delta_step: 0]
[lambda_l1: 0]
[lambda_l2: 0]
[linear_lambda: 0]
[min_gain_to_split: 0]
[drop_rate: 0.1]
[max_drop: 50]
[skip_drop: 0.5]
[xgboost_dart_mode: 0]
[uniform_drop: 0]
[drop_seed: 17869]
[top_rate: 0.2]
[other_rate: 0.1]
[min_data_per_group: 100]
[max_cat_threshold: 32]
[cat_l2: 10]
[cat_smooth: 10]
[max_cat_to_onehot: 4]
[top_k: 20]
[monotone_constraints: ]
[monotone_constraints_method: basic]
[monotone_penalty: 0]
[feature_contri: ]
[forcedsplits_filename: ]
[refit_decay_rate: 0.9]
[cegb_tradeoff: 1]
[cegb_penalty_split: 0]
[cegb_penalty_feature_lazy: ]
[cegb_penalty_feature_coupled: ]
[path_smooth: 0]
[interaction_constraints: ]
[verbosity: -1]
[saved_feature_importance_type: 0]
[use_quantized_grad: 0]
[num_grad_quant_bins: 4]
[quant_train_renew_leaf: 0]
[stochastic_rounding: 1]
[linear_tree: 0]
[max_bin: 255]
[max_bin_by_feature: ]
[min_data_in_bin: 1]
[bin_construct_sample_cnt: 200000]
[data_random_seed: 175]
[is_enable_sparse: 1]
[enable_bundle: 1]
[use_missing: 1]
[zero_as_missing: 0]
[feature_pre_filter: 1]
[pre_partition: 0]
[two_round: 0]
[header: 0]
[label_column: ]
[weight_column: ]
[group_column: ]
[ignore_column: ]
[categorical_feature: 0,72,73,74]
[forcedbins_filename: ]
[precise_float_parser: 0]
[parser_config_file: ]
[objective_seed: 16083]
[num_class: 1]
[is_unbalance: 0]
[scale_pos_weight: 1]
[sigmoid: 1]
[boost_from_average: 1]
[reg_sqrt: 0]
[alpha: 0.9]
[fair_c: 1]
[poisson_max_delta_step: 0.7]
[tweedie_variance_power: 1.3]
[lambdarank_truncation_level: 30]
[lambdarank_norm: 1]
[label_gain: ]
[lambdarank_position_bias_regularization: 0]
[eval_at: ]
[multi_error_top_k: 1]
[auc_mu_weights: ]
[num_machines: 1]
[local_listen_port: 12400]
[time_out: 120]
[machine_list_filename: ]
[machines: ]
[gpu_platform_id: -1]
[gpu_device_id: -1]
[gpu_use_dp: 0]
[num_gpu: 1]

end of parameters

pandas_categorical:[]
