tree
version=v4
num_class=1
num_tree_per_iteration=1
label_index=0
max_feature_idx=91
objective=tweedie
feature_names=unique_id month quarter year month_sin month_cos quarter_sin quarter_cos year_idx item_type_month_sin item_type_month_cos Status_month_sin Status_month_cos name_cluster_id_month_sin name_cluster_id_month_cos name_tok_0_month_sin name_tok_0_month_cos name_tok_1_month_sin name_tok_1_month_cos name_tok_2_month_sin name_tok_2_month_cos name_tok_3_month_sin name_tok_3_month_cos name_tok_4_month_sin name_tok_4_month_cos name_tok_5_month_sin name_tok_5_month_cos name_tok_6_month_sin name_tok_6_month_cos name_tok_7_month_sin name_tok_7_month_cos name_tok_8_month_sin name_tok_8_month_cos name_tok_9_month_sin name_tok_9_month_cos name_tok_10_month_sin name_tok_10_month_cos name_tok_11_month_sin name_tok_11_month_cos name_tok_12_month_sin name_tok_12_month_cos name_tok_13_month_sin name_tok_13_month_cos name_tok_14_month_sin name_tok_14_month_cos name_tok_15_month_sin name_tok_15_month_cos lag_1 lag_2 lag_3 lag_6 lag_12 lag_24 roll_mean_3 roll_std_3 roll_mean_6 roll_std_6 roll_mean_12 roll_std_12 diff1 diff12 zero_ratio_12 nonzero_run_length mean_nonzero_12 median_nonzero_12 last_nonzero_value same_month_mean_3y same_month_max_3y same_month_nonzero_rate_3y item_month_nonzero_rate seasonal_amplitude_ratio rolling_12_slope name item_type Status name_cluster_id name_tok_0 name_tok_1 name_tok_2 name_tok_3 name_tok_4 name_tok_5 name_tok_6 name_tok_7 name_tok_8 name_tok_9 name_tok_10 name_tok_11 name_tok_12 name_tok_13 name_tok_14 name_tok_15
feature_infos=-1:6:30:38:40:251:329:404:39:425:453:583:37:333:400:420:422:398:399:423:424:227:21:53:419:579:421:426:575:370:577:584:365:418:578:88:367:331:397:395:371:366:95:330:86:417:361:36:254:372:96:363:109:347:216:217:255:351:428:427:348:349:429:405:582:297:298:299:301:306:364:122:354:265:406:344:368:369:340:343:355:345:350:358:346:439:580:247:352:437:90:248:250:438:581:435:436:479:357:362:440:87:407:342:482:441:484:2:10:202:511:512:531:534:545:547:548:549:560:566:569:570:193:311:503:510:513:544:550:561:197:396:444:442:408:465:174:194:445:196:62:179:221:356:359:546:64:110:504:171:181:466:105:244:431:586:623:4:243:480:481:483:3:485:16:411:467:537:410:624:409:464:104:245:307:416:463:412:625:51:97:100:332:414:413:446:47:514:415:28:172:335:336:447:468:190:334:536:360:473:11:52:199:141:219:469:470:274:604:287:288:472:491:605:142:475:489:603:92:270:341:138:140:184:290:291:294:474:31:173:220:487:126:293:430:443:125:144:505:94:338:379:449:106:192:273:165:205:206:207:380:540:572:593:210:381:450:502:616:56:143:272:382:451:535:58:401:103:123:203:339:60:132:316:318:319:376:556:558:592:84:102:317:506:529:101:204:508:559:195:476:518:520:522:61:71:73:185:375:384:402:462:519:521:598:608:711:5:57:310:492:516:541:612:642:643:644:645:647:59:133:153:246:292:378:383:517:646:66:147:208:377:610:19:83:461:22:27:93:135:385:403:459:12:17:155:388:455:488:542:20:386:448:486:490:589:590:601:373:456:460:493:543:187:200:391:393:523:615:699:1:15:136:530:551:571:682 [1:12] [1:4] [2009:2022] [-1:1] [-1:1] [-1:1] [-1:1] [1:14] [-25:25] [-25:25] [-1:1] [-1:1] [-1:1] [-1:1] [-2:2] [-2:2] [-3:3] [-3:3] [-2:2] [-2:2] [-2:2] [-2:2] [-2:2] [-2:2] [-2:2] [-2:2] [-3:3] [-3:3] [-2:2] [-2:2] [-2:2] [-2:2] [-5:5] [-5:5] [-2:2] [-2:2] [-3:3] [-2.598076211353316:3] [-2:2] [-2:2] [-3:3] [-3:3] [-2:2] [-2:2] [-3:3] [-3:3] [-2078.099154440155:7928.942263993059] [-2078.099154440155:8282.9432640239247] [-2078.099154440155:8282.9432640239247] [-2078.099154440155:8282.9432640239247] [-2523.4232419562427:8282.9432640239247] [-2523.4232419562427:8282.9432640239247] [-1986.8896653796662:4198.9412639621942] [0.00080443012899198048:4133.6730797087466] [-1638.4728609593574:2094.4812447633271] [0.013307728267480093:3634.7992111561171] [-883.79501685864216:1072.3486682314444] [0.026899110619750796:2902.9487079622404] [-7761.8332499974285:7971.1667500025724] [-4641.3080011520733:4213.4290816174116] none none [0:4499.0683333333336] [0:4429.6750000000002] [0.040000000000000001:9615] [0:8165] [0:8440] [0:1] [0:1] [0:1624.9400000000001] [-482.66541782959581:564.68423252005425] -1:377:408:409:445:513:625:640:64:97:331:714:34:106:259:411:672:30:36:103:384:369:265:325:426:514:550:328:591:299:316:334:266:268:323:270:356:41:622:26:305:287:362:626:275:366:288:273:379:512:294:355:105:276:7:9:281:509:373:23:282:301:374:38:332:108:449:450:451:452:274:284:466:25:393:62:289:297:50:55:304:54:269:291:57:150:690:292:595:689:14:154:358:526:691:531:684:687:306:278:688:66:357:56:538:682:541:399:412:424:440:517:518:628:629:630:634:635:636:641:645:646:93:427:618:619:631:643:644:649:27:615:696:692:49:277:423:623:695:592:8:457:668:271:286:418:104:413:650:293:421:666:340:511:324:378:479:0:533:540:663:675:400:543:33:280:520:665:31:482:32:295:341:28:111:272:594:40:481:29:345:348:432:620:43:693:392:603:42:420:667:107:300:676:697:401:414:522:267:290:436:433:525:370:494:283:285:95:321:677:678:303:329:607:279:319:495:610:52:360:405:203:204:298:422:504:506:507:261:425:638:536:463:505:654:686:206:465:648:60:89:364:683:96:398:410:81:330:431:443:508:516:527:627:83:318:605:617:694:88:205:404:523:674:702:39:515:616:51:464:530:90:110:112:115:320:491:600:606:671:114:524:528:647:703:344:529:602:642:302:659:662:664:712:20:21:37:76:78:102:312:314:389:428:656:661:704:113:402:407:468:472:473:477:484:552:604:657:673:85:87:262:403:458:467:490:503:658:74:313:444:485:551:5:59:429:2:35:65:79:381:487:611:4:61:84:337:521:545:708:3:72:326:327:535:544:554:685:15:48:58:146:599:82:86:92:94:148:597:651:307:442:489:588:709:710:713 -1:7:25:20:21:12:4:10:16:24:23:13:6:18:17:9:11:2:22:1:19:8:5:15:14 -1:0:1 none [0:2] [0:3] [0:2] [0:2] [0:2] [0:2] [0:3] [0:2] [0:2] [0:5] [0:2] [0:3] [0:2] [0:3] [0:2] [0:3]
tree_sizes=6575 6927 7013 6983 6959 6987 7024 7064 7014 7005 6886 6917 7152 7050 7035 7191 7069 7439 7107 7223 7128 7117 7112 7175 7023 7244 6806 7233 7331 7254 7169 7280 7556 7346 7366 7408 7407 7319 7313 7508 7504 7529 7555 7387 7495 7641 7739 7655 7586 7650 7782 7679 7766 7631 7763 7711 7537 7711 7756 7681 7879 7686 7763 7501 6917 7679 7604 7733 7643 7684 7753 7705 7633 7791 7602 7794 7822 6904 7742 7909 7825 7772 7582 7927 7826 7575 7639 7961 7920 7691 7608 7693 7917 7792 7819 7775 7928 7720 7796 7798 7963 7617 7974 6925 8029 7950 7789 7897 7822 8039

Tree=0
num_leaves=63
num_cat=2
split_feature=67 63 64 66 0 67 66 67 64 64 73 67 67 67 3 63 3 56 66 3 3 65 58 66 24 66 65 67 64 66 64 3 63 56 68 63 71 65 82 49 58 63 70 64 66 64 63 68 76 63 66 3 66 5 48 67 68 3 63 22 66 67
split_gain=13079.6 1351.37 1087.6 465.398 288.197 151.343 133.693 133.382 75.3468 61.5126 56.8613 44.5018 37.726 30.1706 29.8917 28.2377 27.9588 27.9123 26.7494 29.0429 23.3254 21.4005 20.4255 19.2566 17.5276 17.3227 16.7128 16.1882 16.1411 15.1462 13.8784 13.665 12.2365 12.0435 11.2494 13.0273 11.0037 10.3961 10.3404 9.96357 9.90821 9.85851 8.74144 8.63863 7.51575 7.39695 7.28305 6.80964 6.78871 6.50089 6.31832 6.29046 5.94987 5.84334 5.76671 5.3079 5.1506 5.06743 5.04147 7.29912 4.98934 4.8199
threshold=197.22000000000003 603.2700000000001 76.02000000000001 235.26000000000005 0 33.050000000000004 1125.7800000000004 647.55000000000007 592.81500000000017 1249.7500000000002 1 98.035000000000011 1053.1500000000003 135.51500000000001 2019.5000000000002 338.6806944444445 2018.5000000000002 0.89782410560555048 404.90500000000003 2018.5000000000002 2019.5000000000002 117.00500000000001 65.153188688170289 20.070000000000004 0.25000000000000017 420.91333333333336 34.080000000000005 17.970000000000002 148.54500000000004 1449.7700000000002 21.012500000000003 2018.5000000000002 273.41041666666666 48.36901920923605 0.83333333333333337 293.46708333333339 -14.011774319472641 36.155000000000008 1.0000000180025095e-35 -31.958037005442041 309.66002480388812 351.42874999999998 4.3247340175124762 734.46750000000009 196.9266666666667 389.08000000000004 852.53484848484857 0.83333333333333337 1.0000000180025095e-35 1864.9444444444446 2517.4516666666673 2019.5000000000002 290.41500000000002 -0.5 -20.546184677075072 62.260000000000012 0.83333333333333337 2018.5000000000002 44.041666666666679 -0.93301270189221908 297.10833333333341 88.420000000000016
decision_type=2 2 2 2 9 2 2 2 2 2 9 2 2 2 2 2 2 2 2 2 2 2 2 2 2 2 2 2 2 2 2 2 2 2 2 2 2 2 2 2 2 2 2 2 2 2 2 2 2 2 2 2 2 2 2 2 2 2 2 2 2 2
left_child=2 3 5 10 8 20 9 25 14 18 22 26 39 16 32 17 28 -12 19 43 30 24 42 -18 36 34 47 -22 -6 -8 -1 -17 -4 -14 -5 52 -19 -13 -21 53 48 54 -2 -3 -33 -41 -10 -7 -35 57 -31 -37 -36 -9 -15 -28 -23 -11 59 -32 -53 -25
right_child=1 6 4 7 13 11 29 12 46 49 15 37 33 41 -16 31 23 21 -20 38 27 56 -24 61 -26 -27 55 -29 -30 50 58 44 -34 40 35 51 -38 -39 -40 45 -42 -43 -44 -45 -46 -47 -48 -49 -50 -51 -52 60 -54 -55 -56 -57 -58 -59 -60 -61 -62 -63
leaf_value=4.8792113420248953 4.9381920354631683 5.0205058793975219 4.9593108057341704 5.0062340018232909 4.9252115494102569 4.8951147286571528 5.059698407723153 5.0095517805480485 5.0163513090358212 5.0606377877143789 4.9789911262339119 4.9022510960512733 5.0585403180673163 4.9301498214483725 4.9205612882740528 5.0086314361367332 4.8894138243781349 4.9063380340432818 5.0413982593638877 4.9871051740828136 4.8728796830824699 4.9720088483882421 4.9584991554238025 4.9093092624067971 4.9736499672449765 5.0084507347279112 4.8966323297095178 4.8817076255529903 4.9491852785439887 5.0732400015275854 4.9149104354745106 4.9685466672467893 4.9957359510804125 4.9881076934164188 4.9661479777166591 5.0035756061097878 4.9411959170822275 4.9220693291474626 5.0179854864916127 4.9853711997731649 5.0519800610354881 4.9687156631059741 4.8988167399485345 5.0452006806196774 4.9919729716200818 5.0184091479257971 5.0526958522716967 4.8854295493707829 5.0321331075970059 5.0717913733145883 5.0865660519689992 4.9739203822258675 4.9855137554741127 5.0264268825505356 4.9444437517536786 4.9067361350861267 4.9585668534890059 5.0397897749959872 4.9003736332147563 4.8862686665592765 4.993703256937577 4.9217839558762719
leaf_weight=410.10904992371798 20.428406953811646 58.43495586514473 33.539903901517391 99.683158844709396 215.30818769335747 283.05471331626177 145.11828726530075 62.693809576332569 20.732116222381592 126.61804567277431 198.90600079298019 101.60324902832508 103.6794660910964 137.85948537290096 22.157074213027954 47.357055060565472 69.301989063620567 30.549318641424179 436.60362010449171 58.261250838637352 1447.0702100023627 125.13411039113998 34.525739192962646 109.69628429412842 32.479488268494606 199.66060686856508 377.94641762971878 809.97294311970472 104.18420530110598 213.69554382562637 24.165854290127754 87.917048797011375 73.766953952610493 15.238031193614004 75.953193329274654 109.10100796073675 87.447349868714809 189.76198582351208 50.699899740517139 32.875034116208553 31.099973946809769 27.715117961168289 45.466912537813187 89.892061159014702 56.075160756707191 34.957187086343765 41.129232369363308 505.78828669339418 20.585304744541645 104.39366586506367 152.37175841629505 45.209745705127716 83.00916650891304 282.24188346415758 144.54287343472242 198.1245161741972 165.53800299018621 37.863461799919605 128.08712837100029 279.68603401631117 108.02912506461143 263.25792626291513
leaf_count=1352 86 195 229 41 1761 370 114 119 63 197 7 347 51 227 130 161 123 51 659 93 1003 100 46 338 24 288 937 830 611 127 23 83 319 74 211 384 220 406 46 64 30 62 106 211 76 72 106 927 44 98 83 121 181 169 313 502 500 61 1030 1450 231 360
internal_value=4.94008 5.01553 4.89617 4.99103 4.93741 4.88522 5.0527 5.01032 4.99239 5.04173 4.96405 4.89742 5.02809 4.92723 4.97343 4.96814 4.92176 4.96344 5.03386 5.02107 4.8787 4.95643 4.9285 4.91362 4.94112 4.99593 4.89363 4.87605 4.93303 5.07337 4.8858 4.98533 4.98435 5.04787 4.99113 4.98756 4.93217 4.91516 5.00147 5.01991 5.03133 4.94026 4.91102 5.03547 4.97767 5.0024 5.04052 4.8889 5.01341 5.06203 5.07879 4.9944 4.97626 5.02336 4.93747 4.90011 4.96435 5.05584 4.89205 4.88855 4.98787 4.91811
internal_weight=0 3709.79 6018.56 2235.84 1263.19 4755.37 1473.95 1304.02 191.325 962.767 931.825 1656.28 583.371 1071.87 129.464 831.404 761.749 640.054 693.892 257.288 3099.09 441.148 100.421 442.256 150.476 720.646 1364.91 2257.04 319.492 511.186 842.048 191.349 107.307 170.603 520.985 421.302 117.997 291.365 108.961 412.768 66.9233 310.117 65.8953 148.327 143.992 67.8322 61.8613 788.843 35.8233 268.875 366.067 262.34 158.962 344.936 282.402 576.071 290.672 164.482 431.939 303.852 153.239 372.954
internal_count=19243 5424 13819 3540 4642 9177 1884 2080 847 1560 1460 3489 623 3795 678 1222 3193 902 1204 545 5688 895 238 821 295 1457 2736 1833 2372 324 3855 320 548 199 1169 1128 271 753 139 424 148 602 192 406 159 136 169 1297 118 356 210 736 392 288 540 1439 600 258 2503 1473 352 698
cat_boundaries=0 20 21
cat_threshold=0 1075839072 83886080 0 33588352 0 0 1073741824 0 0 2560 0 1048576 0 0 21 4 98 131136 32768 16781312
is_linear=0
shrinkage=1


Tree=1
num_leaves=63
num_cat=2
split_feature=66 63 64 66 66 0 64 66 66 68 64 54 66 3 66 64 64 66 68 66 3 68 3 56 66 59 63 66 68 8 68 64 3 64 45 66 3 66 58 66 63 66 64 58 68 63 66 10 16 22 20 66 68 64 68 4 66 3 3 66 0 68
split_gain=12039.2 1570.79 720.53 394.433 278.906 172.509 118.201 118.099 81.3943 51.3614 63.8033 49.15 46.4291 49.947 38.0169 37.0119 35.0186 34.0283 32.7584 29.8935 29.8205 22.0477 22.0216 20.4459 20.2839 18.8839 16.8778 16.3772 16.219 15.7876 12.8141 12.3137 11.7501 11.6365 10.286 10.0262 9.72872 9.53774 9.5172 9.17479 8.93458 8.90473 8.44012 8.02888 7.77685 7.54737 7.11749 6.67529 6.36814 6.12971 6.1014 5.85111 5.73396 5.70328 5.52292 5.22639 5.19928 5.3573 5.13985 5.05729 4.95353 4.86977
threshold=97.166666666666671 440.8587500000001 64.070000000000007 235.26000000000005 902.48500000000001 0 734.46750000000009 15.083333333333334 635.7850000000002 0.58333333333333337 180.60750000000004 0.22601586558474848 37.696666666666673 2018.5000000000002 50.773333333333348 148.54500000000004 645.72000000000014 1449.7700000000002 0.83333333333333337 365.49166666666673 2019.5000000000002 0.83333333333333337 2019.5000000000002 27.826355288720453 589.25166666666678 2.0994089161088163 1190.5390909090911 307.42333333333335 0.83333333333333337 5.5000000000000009 0.83333333333333337 580.97500000000014 2019.5000000000002 106.59000000000002 -0.93301270189221919 2517.4516666666673 2019.5000000000002 22.166666666666668 757.26329241655083 853.0683333333335 36.408333333333339 6.0900000000000007 21.665000000000003 10.855410618270785 0.83333333333333337 520.2870833333335 151.59166666666673 14.361215932167728 1.3660254037844386 -0.93301270189221908 0.25000000000000017 149.08166666666668 0.83333333333333337 396.25000000000006 0.58333333333333337 -0.6830127018922193 436.1183333333334 2019.5000000000002 2019.5000000000002 579.37833333333344 1 0.41666666666666669
decision_type=2 2 2 2 2 9 2 2 2 2 2 2 2 2 2 2 2 2 2 2 2 2 2 2 2 2 2 2 2 2 2 2 2 2 2 2 2 2 2 2 2 2 2 2 2 2 2 2 2 2 2 2 2 2 2 2 2 2 2 2 9 2
left_child=2 3 7 9 6 16 19 22 18 -2 23 -12 13 33 21 48 29 38 -5 31 26 61 42 25 -22 43 47 -20 -21 -4 -25 32 -3 -7 -27 -19 -13 -15 -6 -10 -23 -24 -1 -11 -16 -34 -38 -8 58 -44 53 -32 -48 -17 -39 -28 -29 -58 -14 -30 -35 -9
right_child=1 4 5 8 17 12 20 14 39 10 11 36 15 37 44 50 -18 35 27 28 24 40 41 30 -26 34 55 56 59 -31 51 -33 45 60 -36 -37 46 54 -40 -41 -42 -43 49 -45 -46 -47 52 -49 -50 -51 -52 -53 -54 -55 -56 -57 57 -59 -60 -61 -62 -63
leaf_value=-0.059463549854305721 0.041285588321992334 0.06550487871131748 0.044477069068826286 0.071977833650483991 0.1069916030100998 -0.023145874280626037 0.10233335158625985 -0.033234254419611746 0.081152989532266726 0.01984681023641402 -0.037208141784058339 0.042490099601298341 -0.01003170394201644 -0.051090249175180846 -0.014715485140620599 0.0093834266740519291 0.089681102777892818 0.12798348870835785 0.034743893537733092 0.10132889782739507 0.067602747616737749 -0.055418153826761851 -0.06779665223733676 0.025706591532646702 0.10285276664912391 -0.060545320081706981 0.12817583937809715 0.048587799985158275 0.070142892172829374 0.0025256904833613381 -0.007040527867817727 0.073820986798682639 0.053009407522118801 0.010411853618493888 -0.022069443518419919 0.14489315200367187 0.0083882361962872003 -0.016765483652501113 0.12629439903692047 0.10646530072749327 -0.044220618079027205 -0.060820493536958786 -0.02508105923010355 -0.010567504667132157 -0.033575137025601186 0.025768954375744509 0.043433499449385751 0.078426107159688965 0.0027721578945491478 -0.050796242392299143 -0.016623860447830454 0.0094625476133267921 0.023976586734812531 0.034544381123510132 -0.040143433908730701 0.11250547986048523 0.043652360704902117 0.067777865272919138 -0.022384362365709988 0.081775406347700016 -0.0090720029638292066 -0.043334869466796599
leaf_weight=422.12542809545994 148.54192900657654 102.50549456477165 61.003972835838795 174.28615611046553 228.06276421248913 132.18677801638842 159.21861902624369 157.88444487005472 66.767358928918839 30.156038537621498 30.436887621879578 97.003223441541195 119.99443615972996 171.90845530480146 88.187238648533821 122.94766420871019 31.627498224377632 217.31741842627525 180.09009217470884 78.561292603611946 88.615020357072353 749.35192799568176 1046.6243528947234 61.246352836489677 75.650271043181419 25.149119704961777 80.28026071190834 198.09561125934124 175.2121439576149 35.464171215891838 128.49079366773367 115.93309348076582 61.19329959154129 44.719507806003094 56.160286620259285 146.9284639954567 57.211438082158566 37.617939099669456 88.690005138516426 77.182786636054516 233.70093511044979 812.57444995641708 24.951995074748993 77.37351930141449 143.7790695130825 43.505605988204479 48.164470195770264 35.754618942737579 37.769004836678505 325.21323395520449 18.24524874985218 92.283908888697624 177.08845689892769 27.573158048093319 76.925883308053017 157.79047223180532 30.753811545670033 91.395765125751495 282.39072226732969 200.19085146486759 71.360531263053417 488.68227614462376
leaf_count=1300 10 346 245 74 174 1139 354 42 73 23 2 367 801 196 97 398 69 135 476 82 76 1222 577 55 81 15 105 501 437 235 445 225 72 286 198 84 119 16 81 79 996 902 38 184 542 56 45 91 9 1853 51 298 238 38 186 266 125 111 446 196 556 705
internal_value=0 0.0681413 -0.0455773 0.034689 0.0982159 -0.0123513 0.0852512 -0.0549816 0.0605928 0.0140886 0.00950176 0.0239251 -0.0185039 -0.0294165 -0.0453438 -0.00922505 0.0408357 0.124382 0.0533097 0.0723958 0.101976 -0.0480396 -0.0617997 -0.00305441 0.0838367 -0.0157872 0.108857 0.0468069 0.0806696 0.0290547 0.00547134 0.0607723 0.0534715 -0.0130019 -0.0339701 0.134804 0.0288286 -0.0436429 0.112396 0.0947249 -0.0527562 -0.0647477 -0.0547029 -0.00203799 -0.0264052 0.0416902 0.024137 0.0979492 -0.0168581 -0.0489638 0.0106826 -0.000142236 0.0281369 0.0139925 -0.0324658 0.11779 0.0535906 0.0617037 -0.0187007 0.0763462 -0.00145048 -0.0408684
internal_weight=0 3903.29 5764.81 1847.88 2055.41 1271.73 1374.41 4493.08 818.572 1029.31 880.764 409.904 1143.64 534.719 1861.59 608.92 128.096 680.999 674.621 777.102 597.309 1629.62 2631.49 470.86 164.265 188.839 433.044 500.335 453.964 96.4681 282.021 323.137 207.204 248.267 81.3094 364.246 379.468 286.452 316.753 143.95 983.053 1859.2 772.291 107.53 231.966 104.699 282.464 194.973 440.154 350.165 168.766 220.775 225.253 150.521 114.544 238.071 320.245 122.15 402.385 375.403 116.08 646.567
internal_count=19244 6299 12945 3438 2861 4671 2387 8274 1439 1999 1989 771 4122 2379 3604 1743 549 474 1287 1414 973 2965 4670 1218 157 420 816 1213 715 480 798 699 474 1981 213 219 769 398 255 152 2218 1479 3191 207 639 128 402 445 1256 1891 487 743 283 436 202 371 737 236 1247 633 842 747
cat_boundaries=0 20 36
cat_threshold=0 1075838976 84934656 0 33824 0 0 0 0 0 2560 0 1048576 0 0 17 0 34 131136 32768 2162688 32768 0 0 0 0 0 134217728 0 0 16777216 25174529 16384 0 2147483648 1073741826
is_linear=0
shrinkage=0.05


Tree=2
num_leaves=63
num_cat=4
split_feature=67 63 63 66 0 66 67 66 63 67 63 68 63 3 66 66 3 66 65 66 3 3 67 67 30 3 66 0 68 56 19 68 0 63 63 9 65 65 65 66 63 63 63 56 63 14 53 66 37 67 67 26 66 60 77 63 68 65 67 3 34 74
split_gain=11262.3 1144.47 826.465 409.19 283.936 140.039 130.844 73.6307 67.7614 65.7985 63.3435 52.7892 52.4094 49.352 28.8101 27.2506 21.7757 20.7532 20.2841 20.0846 19.5853 19.1849 17.3057 15.4392 14.9321 14.707 32.4239 13.0021 12.6618 12.3827 12.2797 12.09 11.9425 10.434 10.4015 8.83602 8.41055 8.38022 8.27067 7.89758 7.73142 7.38461 7.01952 12.6099 6.70241 6.1856 5.75601 5.64689 5.46869 5.4425 5.41681 5.15068 5.14792 5.11017 5.02226 4.96432 4.87571 4.53458 4.43262 7.34412 4.36473 4.31449
threshold=194.09000000000003 657.46750000000009 70.699166666666699 365.49166666666673 0 1125.7800000000004 35.140000000000008 22.166666666666668 530.62768181818194 899.73500000000013 273.41041666666666 0.83333333333333337 1360.2866666666669 2019.5000000000002 50.008333333333347 193.50000000000003 2019.5000000000002 2517.4516666666673 113.06000000000002 543.85666666666668 2019.5000000000002 2019.5000000000002 339.78000000000003 17.070000000000004 1.0000000180025095e-35 2018.5000000000002 478.95166666666671 1 0.83333333333333337 55.02333346902369 0.25000000000000017 0.58333333333333337 2 440.8587500000001 30.015000000000004 8.2500000000000018 17.010000000000002 1575.0450000000003 50.005000000000003 82.071666666666673 235.60500000000005 852.53484848484857 98.875000000000014 9.3890480148797053 557.0058333333335 -0.25000000000000006 -213.85722904687117 290.41500000000002 1.6160254037844388 20.145000000000003 82.015000000000015 -1.0000000180025095e-35 427.22000000000008 75.821829999302096 1.5000000000000002 2067.5229166666672 0.83333333333333337 24.060000000000006 127.55500000000002 2019.5000000000002 -1.0000000180025095e-35 3
decision_type=2 2 2 2 9 2 2 2 2 2 2 2 2 2 2 2 2 2 2 2 2 2 2 2 2 2 2 9 2 2 2 2 9 2 2 2 2 2 2 2 2 2 2 2 2 2 2 2 2 2 2 2 2 2 2 2 2 2 2 2 2 1
left_child=2 3 6 10 8 12 21 13 20 19 11 45 25 32 28 24 44 37 39 52 40 34 -18 -23 42 48 35 -20 -8 -11 55 -24 -6 -31 -1 -27 -30 46 -16 57 50 -10 43 -13 51 -2 -7 -17 60 -15 -4 -12 -5 -33 61 -14 -28 -9 59 -29 -3 -34
right_child=1 5 4 9 7 17 14 18 41 29 16 15 30 49 38 47 22 -19 27 -21 -22 23 31 -25 -26 26 56 58 36 33 -32 53 54 -35 -36 -37 -38 -39 -40 -41 -42 -43 -44 -45 -46 -47 -48 -49 -50 -51 -52 -53 -54 -55 -56 -57 -58 -59 -60 -61 -62 -63
leaf_value=-0.057400722483937565 0.041002240313093526 0.10023811388850593 -0.0084095972240910144 0.049757548561871111 -0.0020660218182327896 0.1196143430653399 -0.040073549296521703 -0.038645871764237699 0.066054128866757419 0.10385454772029484 0.071011393593246055 0.01143181101397895 0.11054053778510578 -0.067471762440802927 -0.034197198325320352 0.017564293726608528 0.020895661255343801 0.14156176586994149 0.01226329813472671 0.07652295016081051 -0.017700856474012986 -0.06616272493869621 0.069323771602803716 -0.05701317236435649 -0.038445734561215389 0.041767157574111029 0.10289425689056581 -0.0035209177126198006 -0.057247099354867118 0.063373639984985145 0.084673597961610156 0.031690273103863971 -0.024053940361126305 0.093721083889272125 -0.044623106883723146 0.069514028242318324 -0.044897526999006579 0.13021753445815279 -0.015578505292496625 -0.008371564103858177 0.045888737912863763 0.097853532227581752 0.008908865472330307 -0.031219994168213073 0.073550971369260018 0.025104198528709334 0.10367396944268344 0.036714639315945007 0.11098507238651578 -0.049616314456567279 0.032029276714618027 0.047400713799472777 0.062105280085004579 0.048203910680807538 -0.055637553969838417 0.12589190565322514 0.085316297139699182 -0.020122207504939694 -0.0024352733220630936 -0.024800194899604389 0.08626607413814065 -0.053417391203016244
leaf_weight=518.2460680603981 218.39261937141418 82.906119868159294 14.066037923097609 128.67955633252859 72.5008589848876 171.44720023870468 640.17968840897083 36.585115224123001 31.288375236093998 154.70117449760437 26.499721243977547 33.049707256257534 135.2573359310627 69.108523830771446 134.6906116232276 159.88337528705597 140.9444067850709 148.37999232113361 94.551310136914253 234.4535031542182 23.26433839648962 1277.299346100539 36.944513618946075 721.51537362486124 26.160749666392803 53.238544411957264 51.933910995721817 81.581985503435135 247.74511968716979 44.855198659002781 35.066813968122005 119.75249010324478 119.97430753707886 76.84975940734148 229.93697524815798 62.23194320499897 310.85304507613182 123.25373718142509 107.05361734330654 150.50187949091196 53.020114324986935 43.83520931750536 124.37488592416048 36.431650392711163 36.957608200609684 84.995378121733665 84.566252216696739 50.701349087059498 38.732203245162964 111.58649926632643 20.135188773274422 179.97955607622862 245.36312291026115 76.951898492872715 17.444338373839855 86.241480052471161 164.10570284724236 340.8355636075139 163.74422986060381 80.614421188831329 171.56628123670816 13.966243028640745
leaf_count=1888 68 175 92 334 425 95 682 159 105 83 61 31 232 105 462 395 216 85 443 199 147 964 8 810 29 67 30 573 346 114 83 204 872 93 1812 68 1044 79 287 319 281 127 379 183 109 107 86 108 21 83 83 539 385 132 84 84 178 1239 274 137 459 22
internal_value=0 0.0700378 -0.042389 0.0478051 -0.0110513 0.105336 -0.0539033 -0.0190078 0.0455194 0.0742384 0.0305044 0.0205735 0.0931388 -0.0370069 -0.0416983 0.00931815 0.0422986 0.125708 -0.0115301 0.0650492 0.0230605 -0.0603035 0.0347327 -0.06286 -0.00298753 0.0853247 0.0781099 -0.00333684 -0.0448736 0.0944679 0.112165 0.0430796 -0.0213185 0.0825363 -0.0534738 0.0567211 -0.0503747 0.119506 -0.0259521 -0.018056 0.0339327 0.0846093 0.00179752 -0.0109321 0.0539409 0.0365483 0.114349 0.022175 0.0934822 -0.0564453 0.0153979 0.0504309 0.0578574 0.0381505 -0.0285185 0.116518 0.0895419 -0.0219178 -0.00799325 -0.0140971 0.0908181 -0.0271157
internal_weight=0 3645.85 5726.12 2236.92 1538.6 1408.93 4187.52 1353 185.609 884.902 1352.02 733.99 881.28 404.581 1440.52 430.602 618.03 527.647 948.415 608.496 110.486 2747 374.593 1998.81 220.017 624.715 331.51 420.492 1198.78 276.406 256.566 233.649 223.886 121.705 748.183 115.47 558.598 379.267 241.744 527.923 87.2213 75.1236 193.856 69.4814 243.437 303.388 256.013 210.585 293.205 180.695 34.2012 206.479 374.043 196.704 151.385 221.499 216.04 377.421 325.941 162.196 254.472 133.941
internal_count=19384 5519 13865 3777 5570 1742 8295 4735 835 1208 2569 1300 1397 1591 2821 1125 1269 345 3144 918 603 5474 560 1774 622 998 343 1427 2072 290 399 344 1403 207 3700 135 1390 260 749 1717 456 232 593 214 709 175 181 503 655 188 175 600 719 336 978 316 208 1398 984 710 634 894
cat_boundaries=0 20 39 55 56
cat_threshold=0 1075839072 84934656 0 33555456 0 0 0 0 0 3584 0 1048576 0 2147483648 533 4 98 131136 32768 229376 524288 0 0 4096 524288 1024 1207959552 0 0 16842752 8192 16384 0 4 3221225632 0 0 536870912 268435456 0 3229614080 0 134316032 2048 0 134217728 393216 0 0 25427969 83968 276 0 1073741858 1
is_linear=0
shrinkage=0.05


Tree=3
num_leaves=63
num_cat=4
split_feature=63 63 63 49 73 63 63 63 73 63 71 58 71 64 71 63 49 68 50 44 0 55 23 4 55 56 63 63 5 64 56 0 53 56 57 5 38 49 1 71 24 64 64 55 56 51 43 71 10 63 45 21 52 59 68 87 43 63 10 64 51 63
split_gain=9237.18 979.782 796.679 284.287 190.391 104.475 92.7098 92.209 64.5038 49.9443 45.9351 43.8651 43.3656 45.5482 38.5799 32.3611 31.6018 26.7235 24.6144 24.4748 18.4108 19.0406 19.7173 18.3883 15.8698 15.5257 15.4741 15.0159 13.6043 13.0578 12.0926 16.5683 11.6037 11.5879 11.5723 11.1592 15.2828 10.9621 10.9215 10.4716 10.3856 10.1988 9.61144 9.65768 9.5564 9.43214 9.30424 10.3004 9.20299 9.10244 8.70876 8.62798 8.38365 8.26967 7.8135 8.52679 7.80695 8.76442 6.90276 6.8083 6.25239 6.08924
threshold=241.8329166666667 69.492500000000021 678.0725000000001 -30.25252497819147 0 388.42000000000002 1435.5879166666668 117.3357575757576 1 21.343030303030307 -149.42387771686941 1037.16385019528 -22.718062829517248 176.92500000000004 -9.7306142605173456 1.0000000180025095e-35 -93.938314316748617 0.58333333333333337 -100.86954963630562 0.6830127018922193 2 -35.710742116484326 -1.0000000180025095e-35 0.93301270189221952 -91.4738084570361 38.941016639929948 440.8587500000001 45.651515151515156 0.6830127018922193 242.51250000000002 99.13368716688727 3 -20.191556207799444 131.4668201518343 -3.6070799935022562 0.6830127018922193 0.25000000000000022 -59.715065252356894 10.500000000000002 -27.682467592599519 0.25000000000000017 36.117500000000007 1965.4175000000002 371.62600612416014 172.33414477474338 331.57145155714687 -1.0000000180025095e-35 -49.230862316166899 14.361215932167728 999.93625000000009 -1.0000000000000002 1.0000000180025095e-35 186.04058949818952 108.81974775970453 0.58333333333333337 1.0000000180025095e-35 1.0000000180025095e-35 1041.7803030303032 0.93301270189221952 415.96500000000009 301.10971673957118 12.105555555555556
decision_type=2 2 2 2 9 2 2 2 9 2 2 2 2 2 2 2 2 2 2 2 9 2 2 2 2 2 2 2 2 2 2 9 2 2 2 2 2 2 2 2 2 2 2 2 2 2 2 2 2 2 2 2 2 2 2 2 2 2 2 2 2 2
left_child=1 3 5 4 -1 12 10 18 -7 15 -4 17 25 37 -6 -5 19 -12 -3 39 -18 52 -23 26 35 -2 44 34 54 -13 31 -20 -17 -24 51 36 49 -14 42 -9 41 -16 43 -8 -10 -33 -28 -48 59 -19 -34 58 -22 -41 -15 -56 57 -26 -11 -49 -25 -52
right_child=2 7 6 9 14 8 38 16 23 27 11 29 13 28 40 32 20 24 30 -21 21 22 33 60 56 -27 46 -29 -30 -31 -32 45 50 -35 -36 -37 -38 -39 -40 53 -42 -43 -44 -45 -46 -47 47 48 -50 -51 61 -53 -54 -55 55 -57 -58 -59 -60 -61 -62 -63
leaf_value=0.060990554860534202 0.070750087098006093 0.017401975978252705 0.13045821605925362 -0.040939680965205956 0.032713456307216511 0.0020688592496651463 0.11223759297557688 0.053712187640945222 0.054663797717518073 -0.037968952925771807 0.063292665210320662 -0.0025434648993043849 0.0080598475326470083 0.014565535059460412 -0.049068250015392639 -0.034514396426528621 0.013968281828955079 0.084645678345486822 0.016388686131617949 0.070158084607652146 0.0081329883138253432 -0.035867783045795021 -0.0008495689311914964 0.051728664862494771 0.081140079943743948 0.034716306361372878 0.039991422136811748 -0.037650380077747257 0.018973870535909956 0.059796506034052212 -0.042773604914389099 -0.019049014150561171 -0.047242247204835566 -0.028417031717147608 -0.05275295566421509 0.083062030359712602 0.1234183908916181 -0.031129335353270466 0.13299105268133266 0.0047687418922608485 0.013014067291205932 -0.024677070159908141 0.12348893073634466 0.087992422352616534 0.021387384999685743 -0.061299011285900255 0.08542135201144252 0.082760543673386283 0.049673429523043572 0.10735368312766891 -0.062690245720209495 -0.019362288912694588 0.041982035192064074 0.03888961727506151 0.033776310963671133 0.050305197133078988 0.059690873166776515 0.097237814716466586 -0.054771615427687381 0.065739750549057868 0.022931006637501083 -0.057362814830493797
leaf_weight=76.797031059861183 87.526223659515381 46.964985452592373 61.146377757191658 267.29524268954992 23.338113740086555 61.311051905155182 171.35791511833668 17.124179758131504 106.53498564660549 163.00858121737838 97.74981027841568 16.269954778254032 37.595621228218079 36.709343940019608 98.10876152664423 46.374855197966099 204.63238928467035 85.08911569416523 29.043933838605881 26.510269396007061 85.573115646839142 55.436021625995636 338.4198557138443 38.526830114424229 256.33146115392447 45.398194000124931 31.398062124848366 406.83032089471817 150.3438715711236 17.365422584116459 53.723726194351912 634.74830676615238 130.97541616484523 42.958543032407761 669.76746422797441 80.733511254191399 74.534009128808975 33.965745940804482 81.265941828489304 87.693004116415977 10.403343029320238 76.100910484790802 130.21889579296112 54.02244820445776 27.054641969501972 13.490568511188028 73.917376905679703 68.386035241186619 78.381610676646233 91.678859561681747 1310.8220416493714 40.118226252496243 23.266422912478447 22.266731806099415 259.42994580417871 111.58639489114285 29.348064348101616 126.17378468811512 97.792497221380472 417.01824023574591 36.901348561048508 907.8588507398963
leaf_count=26 64 105 70 58 37 55 202 32 266 521 78 117 77 21 492 78 609 131 72 17 252 79 1239 106 533 92 35 1579 369 66 176 2436 61 181 2085 64 25 48 71 323 38 443 101 132 56 12 41 82 190 91 1194 94 26 58 729 236 32 243 411 776 23 1411
internal_value=0 -0.0374496 0.0691023 -0.0500406 -0.00175353 0.0462425 0.0974336 -0.00506651 0.0574034 -0.0534433 0.0885602 0.0856332 0.0324927 0.0270141 -0.0265799 -0.057441 0.00579498 0.0878709 -0.0176858 0.0264581 0.00156494 -0.00328243 -0.00800485 0.0605538 0.0911005 0.0584433 0.0634613 -0.045714 0.0318298 0.0296417 -0.0199401 -0.0181289 -0.0592819 -0.00395477 -0.0490936 0.0992341 0.10443 -0.0105408 0.116454 0.0173421 -0.0355153 -0.0384133 0.112674 0.106426 0.0479246 -0.0196255 0.0665633 0.0678716 0.0655707 0.0964229 -0.0597707 -0.0409488 0.0153688 0.0116782 0.0365703 0.0387475 0.0845433 0.0864501 -0.0442694 0.0681377 0.0376401 -0.0605103
internal_weight=0 6007.44 3075.27 4325.59 284.748 1701.99 1373.29 1681.85 939.43 4040.84 936.42 875.274 762.555 629.631 207.951 2663.33 903.881 841.639 777.972 153.594 750.286 545.654 436.814 878.119 743.889 132.924 802.691 1377.52 558.07 33.6354 731.007 677.283 2396.03 381.378 970.687 332.035 251.302 71.5614 436.865 127.084 184.613 174.21 355.599 225.38 133.59 648.239 669.101 637.703 563.786 176.768 2349.66 300.919 108.84 109.96 407.726 371.016 411.853 382.505 260.801 485.404 75.4282 2218.68
internal_count=19367 14145 5222 8528 1036 3266 1956 5617 1630 7492 1450 1380 1636 1480 1010 2802 2816 1197 2801 430 2386 1777 1499 1575 1119 156 1446 4690 1355 183 2696 2520 2744 1420 3111 311 247 125 506 413 973 935 435 334 322 2448 1124 1089 1048 222 2666 1026 278 381 986 965 808 776 932 858 129 2605
cat_boundaries=0 1 2 24 43
cat_threshold=8667648 528384 67584 0 0 0 524288 1074266112 1168 1073741824 393216 2147483688 65536 8192 0 0 8 1090519553 337 268439552 536887296 0 0 134217728 0 0 1048576 1610629376 0 0 0 0 0 0 0 0 0 1048576 8 0 0 0 33554432
is_linear=0
shrinkage=0.05


Tree=4
num_leaves=63
num_cat=3
split_feature=66 63 64 66 0 66 66 66 63 73 64 68 66 3 56 65 64 3 66 70 58 70 63 3 66 65 34 66 76 10 68 3 66 66 58 66 66 9 37 64 10 66 63 3 63 64 65 70 68 51 48 8 58 40 64 3 70 63 0 64 64 68
split_gain=9369.4 1178.24 676.558 474.849 146.151 130.907 127.418 88.0858 73.9849 63.9828 53.296 46.2723 44.862 48.8379 41.2475 40.7541 36.1905 27.1289 26.9403 22.6099 20.7445 20.1453 18.6471 17.1531 16.4595 16.0364 13.4609 13.0188 12.8727 12.4619 11.9652 11.1846 10.4816 9.85262 9.82988 9.66886 9.61546 9.46546 9.41261 9.20517 8.39423 7.95878 7.91696 7.79413 9.26368 7.62639 7.46021 7.07604 7.0373 6.96664 6.91009 6.75126 6.57983 5.89527 5.77585 5.29993 5.25237 4.78313 4.65708 4.64294 4.60512 4.53145
threshold=97.166666666666671 657.46750000000009 64.070000000000007 240.10666666666671 0 1449.7700000000002 14.793333333333335 529.38999999999999 388.42000000000002 1 1131.0450000000003 0.83333333333333337 37.696666666666673 2019.5000000000002 16.588824499069634 46.025000000000006 645.72000000000014 2019.5000000000002 751.31000000000006 12.744588744588746 350.6973212543374 6.5012197104142952 131.60208333333335 2018.5000000000002 384.76500000000004 113.06000000000002 0.6830127018922193 2517.4516666666673 1.0000000180025095e-35 -4.3168799669944195e-15 0.83333333333333337 2019.5000000000002 43.653333333333343 507.78000000000003 269.53968390921654 50.773333333333348 6.416666666666667 10.446152422706634 1.6160254037844388 20.572500000000002 12.312177826491075 18.911666666666672 1864.9444444444446 2019.5000000000002 273.41041666666666 103.54500000000002 220.06000000000003 4.9233674337531914 0.83333333333333337 -59.715065252356894 -247.78061625833041 6.5000000000000009 166.8713162022494 -0.93301270189221908 180.60750000000004 2019.5000000000002 8.007164424627442 217.38026515151515 2 389.08000000000004 883.14250000000004 0.41666666666666669
decision_type=2 2 2 2 9 2 2 2 2 9 2 2 2 2 2 2 2 2 2 2 2 2 2 2 2 2 2 2 2 2 2 2 2 2 2 2 2 2 2 2 2 2 2 2 2 2 2 2 2 2 2 2 2 2 2 2 2 2 9 2 2 2
left_child=2 3 6 8 16 10 17 11 9 14 18 -5 13 45 26 30 31 39 23 20 55 49 -16 38 43 47 29 -7 42 -2 -8 51 -32 37 61 -17 -19 -25 60 -1 -30 -15 -12 44 -13 -6 48 -14 -24 -11 -20 -4 -45 -41 -27 59 -37 -51 -47 -9 -3 -10
right_child=1 5 4 7 12 27 15 19 34 21 28 24 25 41 22 35 -18 36 50 -21 -22 -23 46 33 -26 54 -28 -29 40 -31 32 -33 -34 -35 -36 56 -38 -39 -40 53 -42 -43 -44 52 -46 58 -48 -49 -50 57 -52 -53 -54 -55 -56 -57 -58 -59 -60 -61 -62 -63
leaf_value=-0.057842811046042303 -0.037400539281032305 0.071916623560588533 0.037484850253510275 0.070637786340626479 -0.023085093700219678 0.11540791457621447 -0.039715127201856888 0.036654272767099406 0.072573815817231643 0.023586184497917134 0.10066277847151668 0.021854221888985878 -0.018432750607036873 -0.057902660684138352 -0.0068655278870331897 -0.033862791156331333 0.082350458112660521 -0.067088524882094755 0.10075862882875797 0.10282179290078136 0.10151235664994281 0.035222142147473455 0.025334499876866614 0.03544177834096341 0.05291700921764228 -0.0037552599064735537 -0.04396446625393171 0.13568205649374698 0.098074900718787703 -0.0017077357145529411 -0.051976371595386185 -0.0076339144241066529 -0.036655186131639601 0.073724650552799031 0.02875533636549403 -0.026018053738200143 -0.059267302859827301 0.064221407236209019 0.10822068561333326 -0.021909678093362993 0.07155019039941525 -0.038180242002292891 0.11869759768197929 0.036819234675760558 0.052784982145583276 0.0029894048616357616 0.025047649377894773 0.002095954234184775 0.0028022611371342574 -0.0050642289292255217 0.084087929286657093 0.0050793099315864692 0.017910953480620388 -0.047982226193054874 0.012069839569001574 0.070782025213434699 -0.0061761763208100654 0.016338630050145676 -0.014284899014510664 0.065097933355668366 0.089382407492508045 0.049068545865592519
leaf_weight=339.31217590719461 34.509612880647182 145.24639444798231 76.978411644697189 217.63378219306469 151.47366521507502 211.57935556769371 439.38331849128008 23.06202382594347 26.097590446472168 98.023714356124401 132.69992996007204 30.199142999947071 274.46746218204498 89.779354732483625 137.01296693086624 235.67180087044835 32.929886862635612 971.48711099103093 112.65132537484169 73.7813955321908 52.59122622013092 249.63278332352638 47.462063275277615 54.489622540771961 315.05123564600945 181.41266527026892 46.051637478172779 126.53735600411892 97.26452100276947 83.93210805952549 775.28268640860915 23.625557497143745 130.40725138410926 76.283832997083664 55.743637882173061 73.954045802354813 659.90688560530543 60.061701476573944 26.465112566947937 23.28265792131424 43.020633637905121 118.891959823668 112.39093415439129 194.55196515470743 121.99994227290154 68.087045922875404 120.14791093021631 49.555492103099823 128.39761437475681 55.293359842151403 138.68896805495024 20.314037755131721 60.26108268648386 315.13752528652549 84.522176973521709 250.35215554386377 60.750467456877232 49.449027121067047 81.092265054583549 37.965770974755287 50.98905698210001 95.672348104417324
leaf_count=1166 87 425 290 90 1191 131 578 103 2 151 222 131 901 92 436 798 69 616 89 22 60 33 29 92 569 576 20 78 123 94 1617 83 448 99 69 258 870 51 13 29 69 131 111 420 414 510 317 9 450 200 143 135 122 1940 222 187 15 127 493 106 137 261
internal_value=0 0.0587343 -0.0427742 0.0389061 -0.0106921 0.0959363 -0.0527636 0.0590579 0.0162912 0.0112437 0.0872249 0.050428 -0.017055 -0.0280811 0.000283681 -0.0424416 0.0336906 -0.0604317 0.0786498 0.0775832 0.072467 0.0251569 0.00838525 0.0708033 0.0443367 -0.00782498 -0.0210261 0.122995 0.102019 -0.0121073 -0.0464857 0.0232252 -0.0497703 0.0598027 0.0461454 -0.0277552 -0.0639248 0.0505316 0.0802298 -0.0520233 0.0899407 -0.0466657 0.108933 0.037695 0.0466477 -0.0151823 0.0154444 -0.0152931 0.0088834 0.0140059 0.0915598 0.0307188 0.0323476 -0.0461885 0.00127444 0.0675613 -0.0170696 0.00504009 -0.0071579 0.0543493 0.0764549 0.0541062
internal_weight=0 3993.24 5277.71 2604.88 1253.13 1388.37 4024.58 1377.45 1227.43 1049.91 1050.25 939.697 1099.28 509.324 597.514 1715.45 153.848 2309.13 664.876 437.753 363.971 452.399 433.021 413.536 722.063 589.958 164.493 338.117 385.376 118.442 1345.07 120.918 905.69 190.835 177.514 370.376 1631.39 114.551 222.701 677.732 140.285 208.671 245.091 407.012 152.199 300.653 296.008 324.023 175.86 202.766 251.34 97.2924 254.813 338.42 265.935 311.38 134.705 104.742 149.179 61.0278 196.235 121.77
internal_count=19320 6283 13037 4500 4702 1783 8335 2224 2276 1944 1574 1746 4125 2417 1433 3714 577 4621 1049 478 456 511 1232 817 1656 1708 201 209 525 181 2643 508 2065 242 332 1071 1486 143 575 3135 192 223 333 1087 545 2194 796 910 479 478 232 425 542 1969 798 396 273 327 1003 209 562 263
cat_boundaries=0 20 21 37
cat_threshold=0 1075838976 84934656 0 33559584 0 0 0 131072 0 2560 0 1048576 0 2147483648 21 0 134217762 131136 32768 60889666 2162688 0 8388608 0 32768 2048 0 134217728 262144 0 16777216 25089 18432 776 0 1073741824
is_linear=0
shrinkage=0.05


Tree=5
num_leaves=63
num_cat=2
split_feature=66 67 63 63 0 66 66 66 3 67 63 3 65 63 65 69 63 3 66 66 3 67 67 85 56 48 71 69 67 56 67 3 66 26 48 67 63 22 57 49 63 67 0 89 51 63 56 65 67 76 67 8 63 3 67 65 66 46 66 70 65 8
split_gain=8537.94 910.343 669.542 311.581 206.398 137.759 98.4686 93.8505 81.9441 79.1624 55.7482 45.8544 39.3371 30.7422 23.583 23.0139 22.6346 22.4424 21.3976 20.5114 19.5182 18.937 14.2208 13.9279 12.3228 11.2289 12.8705 11.0956 10.8366 9.78442 14.4898 10.8531 9.55816 9.09965 8.93974 8.81241 8.6595 9.663 8.63518 8.32383 8.18244 8.14643 7.89272 7.85763 7.75604 7.52244 7.34074 8.27955 6.97398 6.521 6.18036 5.91401 5.48898 6.4583 5.32999 5.3076 5.18949 5.0981 4.95248 4.69431 4.54615 4.58163
threshold=106.82333333333335 899.73500000000013 45.651515151515156 476.18625000000003 0 235.26000000000005 1449.7700000000002 22.166666666666668 2018.5000000000002 24.205000000000002 852.53484848484857 2019.5000000000002 195.03000000000003 966.18541666666681 75.055000000000021 0.83333333333333337 1517.8033333333335 2019.5000000000002 427.22000000000008 196.9266666666667 2019.5000000000002 77.855000000000004 4214.1650000000009 1.0000000180025095e-35 19.240190783795715 -159.21853940250804 -27.682467592599519 0.83333333333333337 30.320000000000004 2.9189438590914092 158.99500000000003 2019.5000000000002 1125.7800000000004 -0.68301270189221941 -39.962067053441835 11.040000000000001 255.25469696969702 0.6830127018922193 -63.774886264744701 -123.20628173366119 158.08484848484855 178.23500000000004 1 1.0000000180025095e-35 -138.64431992912108 338.6806944444445 2.039145411995952 15.030000000000003 87.720000000000013 1.5000000000000002 100.80000000000001 1.5000000000000002 82.458333333333357 2020.5000000000002 559.97500000000014 89.030000000000015 589.25166666666678 1.0000000180025095e-35 285.44333333333338 1.4218172614527969 960.07500000000016 2.5000000000000004
decision_type=2 2 2 2 9 2 2 2 2 2 2 2 2 2 2 2 2 2 2 2 2 2 2 2 2 2 2 2 2 2 2 2 2 2 2 2 2 2 2 2 2 2 9 2 2 2 2 2 2 2 2 2 2 2 2 2 2 2 2 2 2 2
left_child=2 3 9 5 10 12 16 11 13 17 20 38 15 -5 50 -2 24 33 27 -10 36 46 43 44 -3 32 -27 -7 -13 -16 31 40 60 -1 -28 -19 59 -38 -6 -12 -31 -22 -17 -8 -15 57 -11 -48 -33 -23 -9 -52 53 -44 -21 -40 -20 -14 -29 -4 61 -26
right_child=1 6 4 8 7 18 22 14 19 21 39 28 45 23 29 42 -18 35 56 54 41 49 -24 -25 25 26 34 58 -30 30 -32 48 -34 -35 -36 -37 37 -39 55 -41 -42 -43 52 -45 -46 -47 47 -49 -50 -51 51 -53 -54 -55 -56 -57 -58 -59 -60 -61 -62 -63
leaf_value=-0.034367968038688204 0.026995528078857241 0.09325086951083858 0.0051427956037134693 0.066792682040673707 0.027538362024569853 0.051982001606906796 0.11961700382135672 -0.030167351998063675 0.016661724587998344 -0.038136230312384153 0.051345659808528323 -0.061965263395530962 0.023857233137852492 0.056558654921163687 -0.027798663887882671 0.011610926184855992 0.10791095622002794 -0.067374299947213653 0.050598875936369504 0.045712328376111777 -0.027521517825610131 -0.034380478756188819 0.13425989541385858 0.099970071718407105 0.082625436456395474 0.048407299990917738 0.05623909270906069 0.02535834906020187 -0.0426355190564612 -0.0099383232681547889 0.007225773280783704 -0.033150158884518527 0.10260252667603763 -0.054462636776896639 0.082163249919018869 -0.059690508456100334 0.041633471555036272 0.0015689879557279349 -0.033029928189585236 0.094575263234822696 0.011459108299075132 0.01546893430061743 -0.033822513860518794 0.10088536030528146 0.092980936808883682 0.035705705557277478 -0.054843836341093521 -0.045391619938737582 -0.014063364375455878 -0.010058031107951858 0.00023859882357498425 -0.022459733062651865 -0.0024402152216684747 -0.0036234044982596785 0.05783901008244044 -0.018727817751654215 0.066272643089821573 0.0068918010510035004 0.037394466991856494 0.039500826468763621 0.09291941403061027 0.063067018650636394
leaf_weight=63.833174962550402 81.105162598192692 204.79701220244169 71.149864017963409 224.85934568941593 7.3216795474290839 99.703481249511242 132.49503484368324 243.29600733146071 42.876508019864559 182.11190314590931 20.757600635290146 179.22872251272202 237.69236326962709 34.541108697652817 68.533036075532436 67.276518478989601 104.06765876710415 837.31813120469451 207.02344968169928 148.02896127104759 34.645802028477192 125.89340436086059 100.45264011621475 171.99679405987263 79.696185894310474 49.404048040509224 41.828562691807747 130.69307163357735 121.76842204481363 144.46702942624688 125.88752634823322 62.490040235221386 65.878896079957485 479.82230320945382 162.24172274023294 673.12975991889834 66.707784615457058 19.434464812278748 167.29908365011215 24.02134071290493 64.682723857462406 16.159163162112236 35.35653231292963 96.954194955527782 25.339245319366455 116.88638616353273 379.45171091333032 594.88143083825707 204.39122392237186 35.280160337686539 35.804797291755676 144.55467944592237 194.26613785326481 35.45940962433815 233.60612250864506 105.95071450993419 70.895032502710819 54.419245794415474 246.96670774370432 11.55629627406597 51.144291862845421 47.963107898831367
leaf_count=184 76 70 340 694 26 49 82 1170 51 69 54 234 353 99 19 203 119 547 265 242 175 351 59 285 37 61 64 388 99 1098 120 118 71 2177 225 749 278 39 1400 60 422 23 264 101 49 237 643 1501 261 15 35 406 544 45 273 777 51 104 605 23 65 120
internal_value=0 0.0585578 -0.041213 0.0414516 -0.0178112 0.0281499 0.095556 -0.0242157 0.0652664 -0.0546785 0.0228262 -0.0405904 0.0139916 0.0799655 -0.0157331 0.00311598 0.0861479 -0.0608146 0.0435674 0.0494514 0.0133238 -0.0451128 0.118571 0.0927396 0.0829261 0.0786814 0.0713059 0.037146 -0.0541454 -0.00989785 -0.0078597 -0.0118491 0.0863219 -0.0521032 0.0768495 -0.06395 0.0214995 0.0325946 -0.0260485 0.0745359 -0.00332084 -0.0138479 -0.00271132 0.111702 0.0719713 0.024986 -0.0473505 -0.0490728 -0.0185325 -0.0290564 -0.0249677 -0.0179537 -0.00653762 -0.018701 0.0531353 -0.0274844 0.0545971 0.0206966 0.0332292 0.00994355 0.0803234 0.0752771
internal_weight=0 3595.91 5311.83 2458.99 1940.11 1577.74 1136.92 1675.68 881.248 3371.72 264.432 581.569 822.462 456.736 1094.11 413.464 807.021 2054.1 755.282 424.512 219.653 1317.62 329.902 231.877 702.954 498.157 253.474 477.363 300.997 670.452 601.919 476.031 244.682 543.655 204.07 1510.45 168.848 86.1422 280.571 44.7789 209.15 50.805 332.359 229.449 59.8804 408.998 1156.45 974.333 266.881 161.174 423.655 180.359 265.082 70.8159 381.635 273.25 277.918 292.112 377.66 82.7062 178.804 127.659
internal_count=19364 5951 13413 4877 7177 3184 1074 6185 1693 6236 992 2536 1826 1127 3649 1132 832 3657 1358 566 878 2579 242 433 713 643 350 1042 333 2038 2019 1899 293 2361 289 1296 680 317 2203 114 1520 198 1056 183 148 694 2213 2144 379 366 1611 441 853 309 515 2177 316 457 993 363 222 157
cat_boundaries=0 20 41
cat_threshold=196608 1075838976 84934656 0 33592352 524288 0 0 393216 0 3584 8388608 1048576 0 0 3221226001 4 134217760 131136 32768 0 524480 0 0 0 0 0 1073741824 0 2147483688 0 0 0 0 4096 0 0 268435456 536936448 256 32
is_linear=0
shrinkage=0.05


Tree=6
num_leaves=63
num_cat=4
split_feature=67 63 64 66 66 67 0 67 67 64 3 67 68 63 67 66 3 64 64 3 56 3 10 0 58 66 3 73 58 70 67 64 3 67 64 68 63 63 56 64 48 67 0 63 64 70 70 66 17 63 68 67 47 63 56 70 60 64 3 67 64 66
split_gain=7918.9 1061.44 547.316 310.53 156.756 132.029 126.17 80.0783 55.2955 54.9617 36.2152 40.5164 32.5149 31.7696 31.766 31.6254 30.3638 28.6621 27.03 21.1773 18.3981 16.9168 16.13 15.5569 15.4065 14.9796 14.7587 14.0477 13.1857 13.0802 11.7471 11.6817 11.164 10.3328 10.0339 9.46825 9.65336 9.45985 9.27426 9.15437 9.09928 8.99373 7.72962 7.6101 7.4236 9.01954 7.30993 7.1924 6.85115 5.95088 5.54587 5.04136 5.34923 4.94878 5.29868 4.4491 4.36342 4.28066 4.0782 3.99512 4.43701 3.97219
threshold=155.33500000000001 603.2700000000001 63.235000000000007 285.44333333333338 1449.7700000000002 23.145000000000003 0 943.25000000000011 278.29000000000002 1305.9725000000003 2019.5000000000002 74.090000000000018 0.58333333333333337 235.60500000000005 76.280000000000015 404.90500000000003 2019.5000000000002 592.81500000000017 192.55250000000004 2018.5000000000002 44.961595661123589 2019.5000000000002 14.361215932167728 1 1122.8101206542533 427.22000000000008 2019.5000000000002 2 309.66002480388812 4.0023545706371202 405.48000000000008 310.02000000000004 2011.5000000000002 465.50500000000005 23.822500000000002 0.58333333333333337 35.763888888888893 1864.9444444444446 22.904911514736025 686.79250000000013 -525.4274729140036 7.3500000000000005 3 396.25867424242426 883.14250000000004 4.0023545706371202 2.3813052396616654 18.911666666666672 0.68301270189221941 1.0000000180025095e-35 0.58333333333333337 199.91000000000003 -20.209122861392036 89.41166666666669 9.869601111539259 2.1945787545787554 387.85709087131573 157.00250000000003 2016.5000000000002 689.94000000000017 553.68500000000006 635.7850000000002
decision_type=2 2 2 2 2 2 9 2 2 2 2 2 2 2 2 2 2 2 2 2 2 2 2 9 2 2 2 9 2 2 2 2 2 2 2 2 2 2 2 2 2 2 9 2 2 2 2 2 2 2 2 2 2 2 2 2 2 2 2 2 2 2
left_child=2 3 5 8 9 16 17 25 13 15 23 47 -10 27 35 19 32 21 22 39 -9 38 33 31 -6 56 -15 29 43 -2 -21 -8 -1 -14 -34 -7 49 -11 -4 -3 -17 -18 -20 -22 45 46 -42 -12 50 -37 -16 52 -29 -25 -55 -13 59 -56 -44 60 -5 -27
right_child=1 4 6 7 24 14 10 20 12 37 11 55 18 26 48 40 41 -19 42 30 28 -23 -24 53 -26 61 -28 51 -30 -31 -32 -33 34 -35 -36 36 -38 -39 -40 -41 44 -43 58 -45 -46 -47 -48 -49 -50 -51 -52 -53 -54 54 57 -57 -58 -59 -60 -61 -62 -63
leaf_value=-0.027989577291795721 -0.0011804742637076251 0.050616603457127075 -0.012062711000641652 0.036802558770515158 0.10679067402065978 -0.035801159962006453 0.0015402240466401154 0.088585733922908805 0.042949891688311169 0.087559891089963648 -0.056282129681922637 -0.023319900165344971 0.015767932938280323 0.037575455659027784 -0.012320971396138537 0.094416862053657236 -0.068368811029658805 0.074282869232303275 0.0048365903900897018 0.017514349124396787 0.024163681515350081 -0.022531764345179072 -0.031521032058299925 -0.023742170471644515 0.12871488893787608 0.049831948573106244 0.011568777161717145 -0.012041280790728401 0.082306516524537576 -0.037443635231640751 0.051381373654887409 0.060770433784620631 -0.057472479314439696 -0.019160715599532394 -0.043037483751463095 -0.03573379985509717 -0.038427630846629424 0.10626154828544768 0.034024339211507944 0.074984450568566938 0.068202130530858898 -0.060454077798249829 0.049879780796210832 0.062223294906359077 0.082810522398376538 0.083152913411615875 0.040599290935820813 -0.037292900851081105 -0.010451733760878252 -0.050053066036073957 -0.033263120250283801 0.0098669473873678939 0.0055138194756475922 -0.034940043499814687 -0.011632373464993124 -0.012339412370391623 0.057867409278795572 0.0074854771135858186 0.030092190579600428 0.019594438218780371 0.059821153934908923 0.063472190771327333
leaf_weight=52.370803840458393 50.623547680675983 54.412008792161942 12.461332954466341 308.6496032550931 241.08998830616474 275.14249215647578 143.29211090505123 152.63252543658018 207.50686168670654 150.5675560310483 83.857895236462355 170.5543861463666 137.43658016622066 86.157022222876549 37.86747545003891 67.63819083571434 585.31587370857596 30.539047889411449 50.261970371007919 36.971637219190598 25.312842853367329 19.544522754848003 26.739700891077518 108.19658835604787 120.02144214510918 321.67604640126228 148.71781964600086 79.273713674396276 38.891458034515381 48.875366106629372 83.278427451848984 8.8380038812756521 330.23225685209036 25.029594786465168 189.45037450268865 79.795106671750546 304.69913011416793 122.73911185562611 88.02128417044878 132.14518186450005 200.86301254481077 927.99309132248163 29.031330078840256 27.298644483089447 188.00435051321983 96.32398022711277 27.237834371626377 123.01541116833687 57.128391034901142 799.89819771423936 191.40452126041055 158.93092104792595 95.873386986553669 20.183917783200741 153.93411689251661 200.93201041966677 26.251773230731487 36.15771222859621 252.61886396259069 31.005815945565701 22.458302423357964 63.991128385066986
leaf_count=170 220 183 61 693 153 169 852 73 30 233 86 479 284 285 12 93 327 72 66 83 79 111 40 926 78 473 168 226 39 158 78 42 1264 36 1397 21 1458 123 405 328 397 1026 120 55 194 36 35 166 40 1684 668 346 236 42 1259 44 41 237 488 65 37 58
internal_value=0 0.0525949 -0.0420851 0.0319892 0.085309 -0.051313 -0.0126112 0.0529903 0.0166839 0.0763547 -0.0186978 -0.0272564 0.0262116 0.00629855 -0.041169 0.0703134 -0.0598059 0.0291014 0.0195465 0.0573307 0.0779581 0.0200303 0.00446415 -0.00857671 0.114078 0.0451152 0.0211086 -0.00172425 0.0602307 -0.0172589 0.0409687 0.00467397 -0.0499928 0.0103868 -0.0522102 -0.0441565 -0.0460976 0.0959586 0.0283089 0.0678772 0.0771801 -0.0635153 0.0281442 0.0439118 0.0749049 0.0703237 0.064906 -0.0449904 -0.025944 -0.0487542 -0.0298042 0.0033197 -0.00243183 -0.0145949 -0.0105822 -0.0173807 0.0381837 -0.00799593 0.0310301 0.0367567 0.0383639 0.0520952
internal_weight=0 3936.54 5030.83 2415.24 1521.29 3831.3 1199.53 1018.17 1397.08 1160.18 1048.96 578.36 728.625 668.452 1745.94 886.875 2085.36 150.566 521.118 306.807 244.135 120.027 189.206 470.602 361.111 774.033 234.875 433.577 91.5029 99.4989 120.25 152.13 572.053 162.466 519.683 1459.53 1184.39 273.307 100.483 186.557 580.067 1513.31 331.912 52.6115 512.429 324.425 228.101 206.873 286.4 879.693 229.272 334.078 175.147 318.472 210.276 371.486 388.365 190.092 281.65 362.114 331.108 385.667
internal_count=19348 6330 13018 4316 2014 8236 4782 1613 2703 1783 4133 775 1064 1639 4052 1427 4184 649 1034 672 246 577 360 3358 231 1367 453 1186 173 378 161 894 2831 320 2661 3332 3163 356 466 511 755 1353 674 134 662 468 432 252 720 1705 680 808 462 2464 1538 523 836 1496 608 795 730 531
cat_boundaries=0 19 39 40 59
cat_threshold=0 1076363264 84934656 0 33588224 0 0 0 0 0 68096 0 1048576 0 2147483648 17 4 34 131136 65536 32800 2155872256 0 134217728 2621440 1024 3355443200 393216 0 16827392 8389120 16384 0 0 3238003362 1 0 0 65536 16781312 2147483648 0 0 0 0 0 16384 0 0 80 0 0 0 0 0 0 1610612736 128 536870912
is_linear=0
shrinkage=0.05


Tree=7
num_leaves=63
num_cat=4
split_feature=66 67 63 63 67 0 66 67 63 66 63 66 65 63 73 85 63 0 56 56 58 0 63 65 68 66 67 24 68 65 1 66 51 8 67 22 68 66 50 49 27 58 38 56 68 70 63 63 66 51 67 70 13 47 85 63 66 65 65 66 71 63
split_gain=7379.54 760.72 675.711 290.448 143.889 127.687 122.329 104.47 73.9273 47.694 43.2723 32.4422 29.8237 24.6653 22.7962 21.9913 21.2692 19.3501 17.9904 17.4689 16.6499 16.1402 14.8399 14.1467 13.2452 12.9253 12.3111 13.2728 11.0548 10.1184 9.87508 9.68107 8.95499 8.65166 8.58636 12.1062 8.45589 7.7712 8.10669 7.50562 6.9362 6.58244 6.42137 6.25763 7.6421 6.06384 5.98296 5.97073 6.15667 5.91473 5.90627 5.43499 5.13808 4.90697 4.84637 4.77063 4.69373 4.66235 4.59312 4.48977 4.31271 4.24302
threshold=109.77500000000002 943.25000000000011 70.699166666666699 396.25867424242426 33.050000000000004 0 235.26000000000005 2125.0550000000007 1041.7803030303032 19.916666666666668 603.2700000000001 49.116666666666667 108.05000000000001 1517.8033333333335 1 1.0000000180025095e-35 12.738636363636365 2 15.861141368444031 43.358691539755689 1122.8101206542533 3 440.8587500000001 413.0800000000001 0.83333333333333337 427.22000000000008 104.44000000000001 0.6830127018922193 0.83333333333333337 17.010000000000002 10.500000000000002 485.13166666666672 -138.64431992912108 3.5000000000000004 14.900000000000002 -0.93301270189221908 0.83333333333333337 902.48500000000001 -145.26746778711495 -28.608440092031937 -0.6830127018922193 462.36328875521036 -1.0000000180025095e-35 20.753054003195199 0.83333333333333337 8.007164424627442 1435.5879166666668 619.64250000000015 529.38999999999999 -7.294970978151361 188.37000000000003 0.085654271944864094 -0.25 0.9083771031985145 1.0000000180025095e-35 160.65916666666672 24.131666666666671 637.29500000000019 243.95500000000001 193.50000000000003 -21.195013070028683 106.40583333333335
decision_type=2 2 2 2 2 9 2 2 2 2 2 2 2 2 9 2 2 9 2 2 2 9 2 2 2 2 2 2 2 2 2 2 2 2 2 2 2 2 2 2 2 2 2 2 2 2 2 2 2 2 2 2 2 2 2 2 2 2 2 2 2 2
left_child=2 3 4 6 16 10 12 13 23 17 33 24 14 19 18 32 49 -7 45 -3 54 -11 -21 31 -6 28 61 50 -8 -26 -14 43 52 56 35 -18 -13 38 41 -12 -19 -24 -30 -5 -45 -2 -17 48 -25 51 -28 -1 -10 -42 -9 -35 -4 -40 -32 -20 -27 -23
right_child=1 7 5 8 11 9 25 20 15 21 39 36 30 -15 -16 46 34 40 59 22 -22 26 37 47 29 60 27 -29 42 -31 58 -33 -34 55 -36 -37 -38 -39 57 -41 53 -43 -44 44 -46 -47 -48 -49 -50 -51 -52 -53 -54 -55 -56 -57 -58 -59 -60 -61 -62 -63
leaf_value=-0.036627162047742155 -0.020017368849303892 0.082248893183671956 0.0028967696321552604 0.013241864345534888 -0.034914849392596779 -0.0059619519850236027 0.046574296184788075 0.10694025727634332 0.031499953503584227 -0.024638332748671846 0.046250066969858394 -0.0089028370266375917 0.018809734670879961 0.099065638316685217 0.012841254832826228 0.077986965572626521 -0.023043262116460215 -0.068163250404464193 -0.012524178230812366 0.037168536677328383 0.12568039275203696 -0.017251218368326587 0.066567003055704732 0.044726495042487879 -0.053770860118501573 0.058803295790193971 -0.00018100235538739327 -0.02711705342632334 0.046328752888880678 -0.040004253548591828 -0.010067612081501569 0.05421068502772633 0.074336227840635247 -0.015665061618483116 -0.048836306736561363 -0.058588128757683516 -0.028010720142618864 0.077679668209731212 0.059684713518503907 0.083745367288208541 -0.045083620400794104 0.039321827560092677 0.02602424284861117 0.058317131031245611 0.032325071604050869 -0.059252913801617658 0.096118880382640604 0.059197983995742623 0.058023888420612471 -0.064382787954207127 0.017732103905209042 -0.058533171180183342 0.063961117429395017 -0.027937331853364118 0.093146174226723361 0.0096272009259800468 0.031549469527111428 0.080360906968862444 0.01156878137628886 0.015441005343095775 0.043314252266199178 -0.0069764836090264355
leaf_weight=31.327938199043274 14.860361047089098 290.79998398572206 18.515524260699749 30.826581835746765 550.23690844327211 67.480142742395401 114.81968250870705 176.28453285247087 30.322473436594009 164.54288034886122 27.48415632545948 99.543297909200191 385.57368483394384 103.85814322531223 88.812992222607136 79.500519812107086 25.004167713224888 23.878489196300507 83.045429795980453 39.804048679769039 101.04747986793518 254.35842664539814 40.432024538516998 251.89841249585152 233.83884939923882 65.021124809980392 248.62711073830724 41.148849293589592 44.749535068869591 310.98476806655526 47.742366105318069 83.52686308324337 50.227311581373215 25.625780291855335 666.56222916021943 570.82919834926724 138.39957672357559 157.24325803667307 46.542530566453934 25.946761414408684 130.10950235649943 49.079780608415604 299.87687663733959 35.653237879276276 136.73555391281843 29.192877843976021 106.36420775949955 254.01643795520067 133.0101223140955 825.6659045368433 56.467357531189919 294.38305304199457 20.385715812444687 61.426268022507429 99.68075504899025 68.431215792894363 62.676400527358055 65.82629968225956 50.447830319404602 17.351311683654785 145.52137679606676 166.08800956606865
leaf_count=4 63 114 53 14 737 568 51 97 91 472 63 106 805 110 99 154 32 8 350 101 71 802 50 523 385 45 570 30 88 1063 90 75 50 206 2458 1629 595 175 57 70 441 90 764 36 362 83 155 514 118 770 31 464 57 294 91 286 225 89 93 46 155 1044
internal_value=0 0.0531756 -0.0387399 0.0381037 -0.0499359 -0.00966566 0.0224774 0.0866449 0.0559795 -0.0160753 0.0240174 -0.0367507 0.00812383 0.0763495 -0.00656126 0.0781602 -0.0572174 -0.0341875 -0.0181248 0.0729289 0.108316 -0.0107457 0.0661351 0.0491073 -0.0403867 0.0378387 -0.00734689 -0.000460811 0.0331375 -0.0459129 0.0152047 0.0398805 0.0593722 0.0130581 -0.052735 -0.0570965 -0.0200169 0.0693457 0.0628544 0.0644583 -0.040856 0.0516283 0.0286608 0.0339905 0.0377007 -0.0460177 0.0883633 0.0532481 0.0493216 -0.062132 0.00313438 -0.0564262 0.04455 -0.0395847 0.101958 0.00273634 0.0250153 0.0717969 0.00104866 -0.00769103 0.0480977 -0.0131924
internal_weight=0 3770.08 5189.58 2599.48 3746.78 1442.81 1387.02 1170.6 1212.47 1214.13 228.68 1333 717.027 793.586 233.263 286.8 2413.77 282.894 144.45 689.728 377.013 931.233 398.928 925.667 1095.06 669.989 766.69 346.243 459.446 544.824 483.764 286.742 100.936 175.249 1262.4 595.833 237.943 359.124 201.881 53.4309 215.414 89.5118 344.626 203.215 172.389 44.0532 185.865 638.925 384.909 1151.38 305.094 325.711 50.7082 191.536 275.965 94.057 81.1919 112.369 98.1902 100.397 210.543 420.446
internal_count=19332 5926 13406 4881 8243 5163 2732 1045 2149 4260 903 2886 1629 786 641 507 5357 1311 542 676 259 2949 562 1642 2185 1103 2477 631 903 1448 988 487 198 770 4119 1661 701 461 286 133 743 140 852 412 398 146 309 1155 641 1238 601 468 148 735 188 492 278 146 183 396 200 1846
cat_boundaries=0 20 21 35 56
cat_threshold=65536 1075838976 68157440 0 33592352 524288 0 0 393216 0 3584 0 1048576 0 2147483648 3221226001 4 32 131136 32768 52497424 0 32768 1098907648 0 65536 32 33554432 134217728 0 0 402653184 13 43008 114 0 0 1073741824 1 256 33554432 264358 0 0 4194304 524288 1073741824 0 2164260864 0 301989888 133184 4096 167837704 272 160
is_linear=0
shrinkage=0.05


Tree=8
num_leaves=63
num_cat=4
split_feature=66 63 64 66 66 66 0 63 69 66 64 66 65 66 3 66 3 69 3 63 64 70 65 66 66 44 64 66 69 0 66 65 0 64 3 10 69 48 34 69 65 70 51 66 38 22 69 65 69 3 74 63 9 63 51 32 84 69 65 51 66 63
split_gain=6441.53 783.63 574.266 249.966 136.642 117.796 88.8229 62.4191 45.1975 43.3408 39.851 35.6008 34.2782 28.7662 28.5889 27.3136 38.5317 26.2823 21.1674 21.474 18.2119 18.0914 14.4808 13.3464 12.3208 11.9324 12.6818 11.8177 11.1577 11.0848 10.9137 10.492 10.2769 10.2607 10.0248 8.03001 7.51465 7.3903 7.24578 7.17664 7.16053 7.12786 7.75428 7.10137 6.64467 6.49004 6.13476 5.71091 5.20391 7.6647 4.76829 4.74046 4.65817 4.62721 4.43721 4.36676 3.91404 3.8098 3.75304 3.60761 3.57014 3.49554
threshold=93.603333333333339 678.0725000000001 63.235000000000007 277.34666666666675 14.793333333333335 1125.7800000000004 0 388.42000000000002 0.58333333333333337 529.38999999999999 1131.0450000000003 149.08166666666668 33.020000000000003 2517.4516666666673 2019.5000000000002 45.416666666666679 2019.5000000000002 0.83333333333333337 2019.5000000000002 792.68893939393956 139.52500000000003 12.744588744588746 243.95500000000001 20.070000000000004 49.116666666666667 0.25000000000000017 734.46750000000009 6.0900000000000007 0.58333333333333337 1 1008.58 1509.8700000000001 2 21.665000000000003 2019.5000000000002 15.588457268119894 0.58333333333333337 -247.78061625833041 0.6830127018922193 0.83333333333333337 418.97000000000008 1.8648370627276509 -14.297893560342724 50.008333333333347 0.93301270189221952 -0.93301270189221908 0.83333333333333337 124.03000000000002 0.41666666666666669 2019.5000000000002 3 158.08484848484855 -8.5801270189221928 338.6806944444445 -370.42315073882429 0.25000000000000017 1.0000000180025095e-35 0.58333333333333337 17.010000000000002 -1.0662238423249482 77.978333333333339 1730.2133333333338
decision_type=2 2 2 2 2 2 9 2 2 2 2 2 2 2 2 2 2 2 2 2 2 2 2 2 2 2 2 2 2 9 2 2 9 2 2 2 2 2 2 2 2 2 2 2 2 2 2 2 2 2 1 2 2 2 2 2 2 2 2 2 2 2
left_child=2 3 4 7 14 10 18 8 -2 17 25 22 28 31 33 16 29 -5 19 53 60 30 41 -18 -14 26 54 -16 -6 51 56 37 -13 -1 35 52 -25 -7 44 -34 55 -10 -43 58 -28 -35 -26 -41 -9 -50 -31 -8 61 -4 -3 -19 -11 -29 59 -30 -17 -12
right_child=1 5 6 9 12 13 15 48 11 21 34 32 24 -15 27 20 23 40 -20 -21 -22 -23 -24 36 46 -27 38 57 43 50 -32 -33 39 45 -36 -37 -38 -39 -40 47 -42 42 -44 -45 -46 -47 -48 -49 49 -51 -52 -53 -54 -55 -56 -57 -58 -59 -60 -61 -62 -63
leaf_value=-0.055175431297606652 0.034374681516355872 0.033664334444708725 0.017444296858315642 0.058870780659673397 -0.028055389272395412 0.09236925618810389 -0.0073872042268098726 0.056341682518678875 0.0010157413595486575 0.055637186895309082 0.088042576738676284 -0.0060206517290481197 -0.032844387636196078 0.11915445819873488 -0.066333609223209786 -0.015617255988624673 -0.054653969907847627 0.029550882800371398 -0.025610072469346951 0.080955365289040848 0.0079895436316456923 0.084303037619792243 0.016510943827534232 -0.011432536219649431 -0.0062548670503081803 0.027624288725325869 0.066701162747142204 -0.049665706362076782 -0.045929734199141196 -0.017018321293032837 0.077236195612913214 0.10335357509253398 0.029488200667221742 -0.015923483693810556 0.060425629800958683 0.066614395619323807 -0.038132026185007772 0.074727578001082193 0.049767648289381183 0.004673684430992764 0.043098697543968528 -0.0035453323698331866 -0.023958370744164098 -0.029911928345902117 0.090060391972811515 -0.044180409132141947 -0.025985032915861878 0.018714642176945101 0.04566378600584009 0.026214257547766975 -0.045499093831281118 0.0115266574217157 0.083354215882875712 0.044036662432208634 0.053736924497518428 0.050884997750806273 0.040788103794467373 -0.059088545015604968 -0.042697377978535372 -0.05481588200072951 -0.0050902371767546431 0.10777523614273138
leaf_weight=309.27433304861188 203.21069318056107 35.590554967522621 39.362851120531559 160.80806133151054 98.797475069761276 150.54733672738075 81.455629140138626 42.842763811349869 137.38378265500069 282.83088421076536 43.925017714500427 48.114921070635319 381.71998280659318 123.63203954696655 750.45495586842299 228.94267887622118 81.715480856597424 303.02829830348492 12.468150977045296 27.460885807871819 170.37027367204428 70.022202730178833 76.928393937647343 42.226626694202423 77.946710303425789 28.335766971111298 256.34599179029465 135.54507736489177 247.79566255956888 183.68537969514728 55.539361782371998 121.24196530878544 117.67634716629982 22.076901748776436 47.44210247695446 47.11624538898468 70.109026964753866 98.011941179633141 55.54545870423317 94.172003336250782 207.57392209023237 90.85559992864728 95.343947350978851 64.246458981186152 34.546340182423592 255.43954922258854 79.664612669497728 313.50944747775793 116.25637264549732 89.766936391592026 15.974034659564493 55.837906323373318 131.57030200958252 27.991333335638046 121.6016411781311 26.04729175567627 52.636877804994583 514.23137222230434 281.82288459688425 211.88058399781585 124.25143768638372 45.890483319759369
leaf_count=1283 14 128 229 68 36 80 683 13 498 346 69 201 1268 84 573 737 88 810 63 56 492 17 170 20 54 23 484 53 472 1479 69 87 110 33 59 72 164 93 77 252 480 219 228 280 17 1814 303 632 369 83 27 302 223 118 227 29 57 853 810 364 210 43
internal_value=0 0.0478434 -0.0393823 0.0317505 -0.049671 0.0788517 -0.00900012 0.0177355 0.0129258 0.0490026 0.0675484 0.00845068 -0.0379654 0.0982752 -0.0581769 -0.0134138 -0.0215312 0.0411398 0.0325971 0.0436893 -0.00543724 0.0608977 -0.00298791 -0.0392795 -0.0279883 0.0591948 0.060971 -0.0620594 -0.0439142 -0.01131 0.0567062 0.0912948 0.0164394 -0.0489123 0.0816138 0.0853576 -0.0280958 0.0854128 0.0663155 0.0182633 0.0358266 -0.00762355 -0.0139979 -0.0458587 0.0694753 -0.0419325 -0.0162275 0.0154713 0.0404865 0.0371894 -0.0183766 0.000284432 0.0893466 0.0284957 0.0491922 0.0312395 0.0533073 -0.0571229 -0.0472404 -0.0500257 -0.0119139 0.0981248
internal_weight=0 3925.89 4592.75 2584.55 3430.9 1341.34 1161.85 1426.06 1177.2 1158.49 847.91 973.984 1443.87 493.433 1987.02 1054.57 531.004 697.458 107.283 94.8151 523.564 461.029 400.512 194.051 539.331 531.966 503.63 1400.23 904.543 336.953 391.007 369.801 573.473 586.791 315.944 268.502 112.336 248.559 346.438 525.358 536.65 323.583 186.2 805.746 290.892 277.516 157.611 407.681 248.866 206.023 199.659 137.294 221.386 67.3542 157.192 329.076 335.468 649.776 741.499 459.676 353.194 89.8155
internal_count=19295 6431 12864 4665 8196 1766 4668 2789 2324 1876 1422 2310 3587 344 4609 4202 2763 1387 466 403 1439 489 1115 272 1625 956 933 1479 1962 2491 472 260 1195 3130 466 407 184 173 578 994 1319 945 447 1926 501 1847 357 884 465 452 1506 985 335 347 355 839 403 906 1646 836 947 112
cat_boundaries=0 20 36 54 55
cat_threshold=0 1075838976 17825792 0 33554464 0 0 0 0 0 2560 0 1048576 0 0 20 0 32 131136 163840 2162688 1048576 8388608 0 33920 2621440 0 134217728 393216 0 16777216 25457153 18432 152 2147483648 1073743906 0 0 0 0 0 0 32768 0 0 0 0 0 0 538443776 0 0 1610612737 268435456 1
is_linear=0
shrinkage=0.05


Tree=9
num_leaves=63
num_cat=3
split_feature=67 63 63 66 72 66 67 67 66 3 68 65 63 63 3 73 56 66 65 63 58 19 67 56 67 55 3 3 67 68 63 20 65 3 37 52 3 9 58 89 65 19 68 67 65 66 72 63 91 66 63 27 66 9 65 46 51 63 71 2 66 67
split_gain=5949.3 719.902 446.342 273.968 131.944 108.996 78.1668 69.8578 61.505 43.2826 40.7894 43.8765 30.6524 29.0724 24.8941 24.0248 29.0797 23.039 21.1923 18.8508 16.5653 16.3808 15.1205 14.2067 14.178 18.7876 18.4161 12.9853 12.4421 11.0691 9.99119 9.75447 9.46909 9.37048 9.25657 8.90459 8.81995 8.62914 8.08961 8.31872 7.70299 7.66538 7.56769 6.92902 6.76355 6.32421 6.18111 5.9967 5.73953 5.68935 5.5887 6.80956 5.56976 5.34239 5.2067 4.52576 6.03574 4.428 4.23825 4.18495 3.98283 3.92169
threshold=155.33500000000001 678.0725000000001 44.841666666666676 240.10666666666671 0 1287.4433333333334 20.145000000000003 943.25000000000011 22.166666666666668 2019.5000000000002 0.58333333333333337 232.16500000000005 338.6806944444445 1435.5879166666668 2019.5000000000002 1 16.094019692304901 427.22000000000008 35.085000000000008 81.387500000000003 1122.8101206542533 0.25000000000000017 20.145000000000003 39.539620762769822 1193.0750000000003 -3.2362348946294905 2018.5000000000002 2018.5000000000002 576.69000000000017 0.83333333333333337 163.45227272727274 0.25000000000000017 822.10000000000014 2019.5000000000002 0.25000000000000017 14.082572335908838 2019.5000000000002 17.660254037844393 309.66002480388812 1.0000000180025095e-35 380.65500000000003 -1.0000000180025095e-35 0.83333333333333337 87.720000000000013 5.0300000000000002 4.416666666666667 2 17.015000000000004 1.5000000000000002 543.85666666666668 2367.9529166666671 -0.93301270189221919 1.0000000180025095e-35 2.0206672185931331e-15 124.03000000000002 -1.0000000180025095e-35 750.48759638475315 131.60208333333335 -56.302918675884143 3.5000000000000004 43.653333333333343 270.22500000000008
decision_type=2 2 2 2 9 2 2 2 2 2 2 2 2 2 2 9 2 2 2 2 2 2 2 2 2 2 2 2 2 2 2 2 2 2 2 2 2 2 2 2 2 2 2 2 2 2 9 2 2 2 2 2 2 2 2 2 2 2 2 2 2 2
left_child=2 3 6 10 12 13 14 17 9 46 -2 15 33 24 35 16 41 29 37 48 -7 50 -11 -9 26 -26 55 -13 -28 -5 54 32 -14 -4 -17 -1 57 60 39 -25 -31 -12 -32 -38 -43 -16 -6 -20 -10 -19 51 -15 -37 -30 -18 -3 58 -21 -57 61 -8 -29
right_child=1 5 4 7 8 20 18 23 19 22 11 27 31 21 45 34 30 49 47 36 -22 -23 -24 38 25 -27 28 59 53 40 42 -33 -34 -35 -36 52 43 -39 -40 -41 -42 44 -44 -45 -46 -47 -48 -49 -50 -51 -52 -53 -54 -55 -56 56 -58 -59 -60 -61 -62 -63
leaf_value=-0.051901669717605847 0.029536029789541635 0.075140493856619528 0.010389443357917761 0.044771879410317662 -0.0027427627987969701 0.090840832969261487 -0.047851370558914044 0.075378645273770431 -0.023801609331726606 -0.065286804374805857 -0.0093991126821458635 0.039023953936786024 0.039128758118316537 0.10024186504357452 -0.067110541719029609 0.0052369467447974547 -0.014269240105603671 0.041266669832722064 -0.01694651604246012 -0.010276578416318493 0.11503112241571188 0.047993188165808859 -0.041888727216407295 0.055380592990280066 0.077210362822862699 0.047109621499905344 0.026285830245017495 0.011227859142000036 0.038974373310447487 0.024208235530349908 0.035209498908538521 0.0083190293406670609 0.080296590311824748 -0.024653210675962354 0.022386558714197174 -0.018050367357599562 -0.030432540309892966 -0.03269595775919467 0.066588561669115906 0.020060329893258771 0.036985148364685173 -0.061971266659682014 0.0040329039458567211 -0.012442421173749878 -0.029124264177260425 -0.059574216409915205 -0.025507226163947624 -0.034169448693573551 -0.048122361536332023 0.051791492425663659 0.10139731929041047 0.075790993013691577 -0.047694335037239924 0.06003395071838824 0.0067329753895498936 0.035981524533792705 0.084058517722241211 0.0032934713549924374 0.05965250443709702 0.007891272252333905 -0.034127782673607165 0.026618846689348614
leaf_weight=385.15972158685327 298.75881218910217 63.845803946256638 90.347972936928272 141.11524619162083 50.371388588100672 250.67337681353092 852.96427503228188 167.70197286456823 301.81649890169501 104.32471604272723 30.730693206191063 92.887704908847809 47.52845736593008 36.664144486188889 505.87514227256179 294.81965790688992 85.250203169882298 254.77911015599966 74.997165400534868 119.24971289932728 98.612230554223061 33.904140941798687 204.19193920120597 43.722890466451645 199.62266297638416 70.022907868027687 68.797941237688065 62.194383308291435 46.771125912666321 318.81758361309767 30.038206174969673 16.490175038576126 19.781423673033714 24.183148756623268 107.32716295495629 34.339799463748932 66.381286285817623 119.25079201906919 62.680577874183655 26.943350367248058 187.24445180594921 22.508232221007347 55.296435944736004 276.325300257653 51.59943313896656 618.99222385138273 214.3987112864852 154.9827689230442 26.378577664494514 258.86317771673203 43.563027322292328 127.49554415047169 29.421291351318359 84.560700610280037 45.133670181035995 21.381681874394417 23.03280958533287 121.22737363725901 163.59269323945045 81.667025960981846 56.361799657344818 123.72167970985174
leaf_count=1797 67 132 487 48 333 164 1899 83 1161 159 30 369 175 40 373 622 325 390 31 876 70 78 179 79 136 98 113 110 68 799 38 62 48 158 39 3 197 146 75 81 466 17 181 370 134 729 1831 698 48 209 42 210 215 79 130 46 25 787 434 126 226 140
internal_value=0 0.0433515 -0.0394449 0.0291413 -0.0190515 0.0736777 -0.0515628 0.0442303 -0.0240799 -0.0370735 0.0131796 0.00866817 0.0188535 0.0651547 -0.0589908 0.00156109 -0.00852633 0.0386641 -0.0422743 -0.0161707 0.0976704 0.0802172 -0.0498008 0.0656932 0.0602472 0.0693937 0.0550219 0.0229171 0.0435108 0.0323888 0.00170622 0.0427839 0.0512274 0.00299022 0.00957581 -0.0490365 -0.0107762 -0.0453423 0.0535123 0.0419138 0.0289357 -0.0303944 0.0150072 -0.0159271 -0.0391007 -0.0629635 -0.0222433 -0.028553 -0.0257564 0.0465709 0.0854768 0.081252 -0.031729 0.052534 -0.00699912 0.063496 0.0599218 -0.00343575 0.0569163 0.0173258 -0.0470008 0.0214701
internal_weight=0 4176.34 4515.34 2843.8 1683 1332.54 2832.34 1461.87 1484.67 573.287 1381.93 1083.17 198.331 983.255 1573.79 722.704 320.557 1160.82 1258.56 911.379 349.286 241.627 308.517 301.049 741.628 269.646 471.983 360.471 200.13 647.177 215.719 83.8001 67.3099 114.531 402.147 448.921 583.184 1028.58 133.347 70.6662 506.062 104.838 85.3346 342.707 74.1077 1124.87 264.77 229.98 328.195 513.642 207.723 164.16 63.7611 131.332 130.384 271.853 208.007 240.477 184.974 267.583 909.326 185.916
internal_count=19281 6293 12988 4558 6871 1735 6117 2230 5941 2502 2328 2261 930 1501 3117 1516 855 1912 3000 3439 234 370 338 318 1131 234 897 745 260 1313 674 285 223 645 661 2015 2230 2271 235 160 1265 181 219 567 151 1102 2164 729 1209 599 292 250 218 147 455 637 505 1663 480 376 2125 250
cat_boundaries=0 22 23 44
cat_threshold=0 0 4096 1 0 0 10240 0 0 0 5120 33554512 134742016 66560 0 0 2687041539 0 134217728 1458180 268435458 16 52434960 1140851201 0 2214592512 0 0 0 16384 0 2147484672 2064 131072 1056 0 0 0 128 67108868 0 2147483648 0 201327104
is_linear=0
shrinkage=0.05


Tree=10
num_leaves=63
num_cat=2
split_feature=67 63 64 67 67 67 0 67 67 63 3 3 67 67 63 65 73 64 67 52 33 67 67 78 56 91 3 67 56 64 56 64 67 3 64 68 63 56 65 3 3 63 68 76 3 64 64 56 41 22 67 10 65 71 57 56 59 58 85 47 65 67
split_gain=5409.3 632.539 471.205 204.215 142.266 113.357 85.2035 52.7755 50.7067 48.0512 29.9785 29.6189 38.5404 25.9782 24.1659 23.9666 21.5703 21.087 18.2371 12.3058 12.257 14.2254 11.859 11.6298 11.219 11.2154 10.7117 16.6875 10.0982 9.94737 10.492 9.55004 9.09117 8.40329 7.98382 7.81926 9.10413 7.65442 7.63332 7.34796 7.26466 7.12438 7.03171 6.10236 6.03137 5.99738 5.98896 5.79776 5.55136 5.54197 5.36487 5.15368 4.6818 7.0131 4.63003 4.43808 4.41855 4.97389 5.69641 4.23598 4.04374 4.02254
threshold=155.33500000000001 603.2700000000001 64.070000000000007 432.31500000000005 30.320000000000004 2125.0550000000007 0 1053.1500000000003 294.23000000000008 1517.8033333333335 2019.5000000000002 2019.5000000000002 86.050000000000011 17.970000000000002 366.23598484848486 33.020000000000003 1 188.00250000000003 4214.1650000000009 -1.0000000180025095e-35 -1.5000000000000007 570.47500000000014 67.315000000000012 1.0000000180025095e-35 42.497372077640172 1.0000000180025095e-35 2016.5000000000002 745.1600000000002 2.039145411995952 129.52500000000003 13.067314978411032 21.012500000000003 35.140000000000008 2019.5000000000002 336.01500000000004 0.83333333333333337 298.96666666666675 25.331923678721285 15.030000000000003 2018.5000000000002 2019.5000000000002 822.99791666666681 0.83333333333333337 1.0000000180025095e-35 2021.5000000000002 1543.8000000000004 592.81500000000017 409.29737270902439 1.0000000180025095e-35 -0.93301270189221908 6.080000000000001 15.588457268119894 72.075000000000017 -3.2787019679810281 -7.0944088929356601 0.89782410560555048 652.75693988648766 488.42841792860753 1.0000000180025095e-35 -30.744596380804911 6.0850000000000009 482.94500000000005
decision_type=2 2 2 2 2 2 9 2 2 2 2 2 2 2 2 2 9 2 2 2 2 2 2 2 2 2 2 2 2 2 2 2 2 2 2 2 2 2 2 2 2 2 2 2 2 2 2 2 2 2 2 2 2 2 2 2 2 2 2 2 2 2
left_child=2 3 4 8 10 9 14 20 16 26 31 29 32 50 40 28 37 52 45 23 -5 -22 -17 -11 -9 43 41 39 -6 -8 -31 54 -13 -19 -32 -10 -37 -2 59 -28 -4 -3 -23 -26 48 47 -16 -7 -44 -33 -12 -43 53 -18 -1 -14 57 -29 -59 -30 -55 -41
right_child=1 5 6 7 15 18 11 24 35 19 13 12 55 -15 46 22 17 33 -20 -21 21 42 -24 -25 25 -27 27 56 38 30 34 49 -34 -35 -36 36 -38 -39 -40 61 -42 51 44 -45 -46 -47 -48 -49 -50 -51 -52 -53 -54 60 -56 -57 -58 58 -60 -61 -62 -63
leaf_value=-0.041536090525139679 -0.027440561320611456 0.053200321832005987 0.016088603348721701 0.013174731655558661 -0.030539776862205111 0.089012348479152958 -0.01200119856877057 0.074938046484615994 0.030744871150593923 0.07853928369788972 -0.067910993492993496 -0.054023283022281654 0.0036272836158947469 -0.049502649136419774 0.034969160093981995 -0.032980016896849811 -0.025369593057157816 0.028663039382174405 0.11231140782574556 0.090587090207850121 0.031104586696644877 0.052800846053152196 -0.018072794151739287 0.041164731136248703 0.0090423070457983194 0.076115110453152904 0.053079438855348639 0.061784726708546393 -0.032346435211653271 -0.032395960274995264 0.0032967815262079977 -0.015924884982512624 -0.032288691958467869 0.012243481974190441 0.039509523370987731 0.012565653211217049 0.028124595197223875 0.00089322956300038584 -0.037470163912126896 0.024613366498117288 -0.022094427524194653 0.074253820628713885 0.038220410045560926 0.04953196301618161 0.047924733570676663 0.095864442498312469 0.065799091037529372 0.068336403408637572 0.014775459128632446 -0.041349051725269308 -0.060519124315411059 0.050342226916511003 0.0040906955520024907 0.01539164073041023 -0.055678242901144072 -0.014332997008182656 0.072055209955405819 0.03835817105434014 0.058141854918559145 -0.051005234019445636 -0.0093257401294501666 0.04107998624816759
leaf_weight=78.07624002173543 61.771195694804192 100.60701026022434 62.827671036124229 49.310007750988007 212.03650160878897 73.161897778511047 272.58144739642739 125.7374577447772 283.77671552449465 68.803541526198387 432.11274810880423 70.511243607848883 39.084083557128906 474.1063091494143 32.086829498410225 295.68471352756023 38.944970842450857 115.07758560776711 93.491007208824158 131.72570478916168 375.05508953332901 152.42945106327534 243.09537269547582 29.841935634613037 16.363239318132401 23.344944387674332 99.195443034172058 182.81112742424011 34.36278272792697 18.848829686641693 151.06658117473125 23.324087467044592 151.45684767141938 241.3498297482729 16.925793349742889 203.21360977739096 174.97363858669996 38.814411759376526 288.96296177059412 53.45597667992115 15.537739939987658 132.5244434773922 249.12336976826191 21.575739949941635 164.70803119987249 93.643133550882339 30.943451881408691 63.189218610525131 28.09636665135622 264.55657077208161 568.28514765948057 27.150736674666405 244.39737062901258 28.963717624545097 223.68604025617242 286.76383949816227 51.209529273211956 64.912009097635746 82.794452011585236 264.94644636660814 38.598075162619352 121.1239373087883
leaf_count=359 208 286 308 72 66 46 2256 44 102 95 277 92 7 646 136 1048 104 368 57 134 557 48 542 91 75 22 237 162 228 35 974 49 241 236 53 450 525 194 938 102 96 259 489 46 61 55 81 64 69 2048 718 44 521 15 921 425 60 77 93 447 155 108
internal_value=0 0.0411982 -0.0377528 0.0267228 -0.0470988 0.0675521 -0.010062 0.0419744 0.014212 0.0601749 -0.0553327 -0.0151225 -0.0231246 -0.0591432 0.025269 -0.0344065 0.00580586 0.00885367 0.0936908 0.0805867 0.0374924 0.0387293 -0.0262539 0.0672328 0.0663885 0.0488473 0.0550401 0.0516326 -0.0398949 -0.00590995 0.00297653 -0.045804 -0.039193 0.0175448 0.00694534 0.0244715 0.0197642 -0.0150143 -0.0432668 0.0422125 0.00851794 0.0636217 0.0435407 0.0320686 0.0403467 0.0861216 0.0501045 0.0794305 0.0358443 -0.0392892 -0.063712 0.070188 0.000278084 -0.00847058 -0.0520192 -0.0121787 0.0583888 0.0562713 0.0494476 -0.0488631 0.00127059 0.0360379
internal_weight=0 4145.27 4551.87 2675.62 3403.24 1469.64 1148.63 1205.74 1469.88 1146.16 2064.15 1007.24 547.816 1474.5 141.396 1339.09 807.917 707.332 323.485 230.371 1018.72 969.412 538.78 98.6455 187.021 61.2839 915.785 655.502 800.309 459.423 186.841 589.643 221.968 356.427 167.992 661.964 378.187 100.586 588.272 273.775 78.3654 260.282 594.357 37.939 441.928 229.994 63.0303 136.351 277.22 287.881 1000.4 159.675 350.904 106.507 301.762 325.848 381.727 330.518 147.706 299.309 67.5618 174.58
internal_count=19322 6331 12991 4361 8287 1970 4704 1483 2878 1748 5018 4083 765 1641 621 3269 1801 1399 222 320 1296 1224 1590 186 187 143 1428 839 1679 3318 1062 3377 333 604 1027 1077 975 402 1613 447 404 589 667 121 619 165 217 110 558 2097 995 303 795 274 1280 432 392 332 170 675 170 210
cat_boundaries=0 19 20
cat_threshold=0 1075839008 84934656 0 33587200 0 0 0 0 0 68096 0 1048576 0 2147483648 17 4 34 131136 16781312
is_linear=0
shrinkage=0.05


Tree=11
num_leaves=63
num_cat=1
split_feature=67 63 64 66 67 66 72 67 64 3 68 64 66 3 66 67 58 66 3 65 45 67 64 66 68 16 3 78 67 76 3 52 91 70 65 64 48 67 3 67 65 9 3 50 66 67 64 89 63 66 78 60 9 60 65 54 71 58 64 67 70 85
split_gain=4955.84 577.485 446.824 202.004 121.25 112.575 70.5981 46.9124 40.8075 33.1687 30.0814 42.3317 29.5111 27.2712 25.426 25.3412 17.8878 17.5213 16.4269 15.6542 20.2588 15.425 15.3165 12.6076 12.2257 12.1793 12.9797 12.1427 10.7101 10.5949 9.24078 8.87675 8.76781 8.37596 7.80965 7.77242 6.92746 6.8918 6.5961 6.42958 6.38663 6.11247 6.09344 5.96704 5.95521 5.89963 5.88066 5.83684 5.23421 5.21217 5.19329 5.06529 4.89055 4.69005 4.71189 4.44257 4.33684 4.32665 4.29265 4.03082 4.02538 3.76362
threshold=148.81500000000003 603.2700000000001 63.235000000000007 235.26000000000005 22.045000000000005 1287.4433333333334 0 647.55000000000007 1249.7500000000002 2019.5000000000002 0.58333333333333337 196.96000000000004 39.426666666666669 2019.5000000000002 902.48500000000001 57.245000000000012 234.96925336841994 2517.4516666666673 2018.5000000000002 79.030000000000015 -0.93301270189221919 1053.1500000000003 106.59000000000002 447.62333333333339 0.83333333333333337 0.25000000000000017 2019.5000000000002 1.0000000180025095e-35 7.3500000000000005 1.0000000180025095e-35 2019.5000000000002 14.082572335908838 1.0000000180025095e-35 1.6669383919754936 13.005000000000001 819.8850000000001 -247.78061625833041 88.420000000000016 2019.5000000000002 39.165000000000006 433.19000000000005 7.6471143170299749 2019.5000000000002 200.15861682465109 1.0000000180025095e-35 533.65000000000009 37.062500000000007 1.0000000180025095e-35 1619.5766666666671 411.14000000000004 1.0000000180025095e-35 242.54974845424127 21.325317547305488 -40.632511682492257 65.050000000000011 3.1596276874324452 2.1011857563525296 10.682731141232837 315.99500000000006 581.36000000000013 2.8672942376683372 1.0000000180025095e-35
decision_type=2 2 2 2 2 2 9 2 2 2 2 2 2 2 2 2 2 2 2 2 2 2 2 2 2 2 2 2 2 2 2 2 2 2 2 2 2 2 2 2 2 2 2 2 2 2 2 2 2 2 2 2 2 2 2 2 2 2 2 2 2 2
left_child=2 3 4 10 9 8 16 40 14 31 -2 19 24 22 18 -15 38 48 35 20 -12 53 -8 41 39 26 45 32 -11 57 -13 46 47 -32 -14 -3 -16 -17 50 -6 49 -20 -26 -25 -33 -10 -1 -23 -7 51 -4 59 -36 -9 -55 -44 60 -22 -24 -5 -31 -56
right_child=1 5 6 7 12 17 13 21 25 28 11 30 34 15 36 37 -18 -19 23 -21 29 27 58 43 42 -27 -28 -29 -30 56 33 44 -34 -35 52 -37 -38 -39 -40 -41 -42 -43 55 -45 -46 -47 -48 -49 -50 -51 -52 -53 -54 54 61 -57 -58 -59 -60 -61 -62 -63
leaf_value=-0.050799922308418913 0.025713257555033675 0.046256590638419651 0.031471471834560998 0.023565772614563375 -0.043038002722383603 0.07496110361092069 -0.015404886423313453 0.031898521621756215 0.069439167365315774 -0.067082715402531537 -0.057227096915286824 0.029668809818719374 -0.041340311982473767 -0.046758522000863174 0.075297762052956407 -0.027257227277100806 0.058807477759408006 0.10417023083121978 0.014989917363497515 0.0042440076916427736 0.018837324331364015 0.048809273800613381 0.00048914621897256207 0.040562571728680115 -0.034755884419370241 0.046360782945735007 0.048777519768767957 0.071074574843359037 -0.057260761856546244 -0.011348927365809204 0.0056635625296638549 -0.014630888736594946 0.062389161076835037 0.022590737377196114 -0.024030006945802245 0.061745447412189937 0.057476784425936567 -0.012660007773543813 -0.022424221459757546 -0.030955269958600304 0.036858853433210804 0.035823719610527126 -0.053461247206219115 0.062195808960790105 -0.042595408967167542 0.086500312091938078 -0.032731716352553647 0.011969003569039623 0.090665051321716039 0.034482235997760874 0.0023731852816459577 0.042575763583214105 -0.0069333803059765933 0.057546587899638769 0.046347378298393305 -0.044149203821852133 4.1354165183891641e-05 -0.0034533948236310733 0.021024626307872527 0.0025092459128823914 -0.039070782861648563 0.034572122298806206
leaf_weight=359.35924449190497 260.00792071223259 187.97305089980364 43.584843188524246 357.5805886760354 162.93057292699814 154.27566097676754 212.06797090172768 81.465641774237156 78.852336913347244 460.03205645829439 22.655028343200684 133.63575055450201 56.929240718483925 88.052425403147936 91.936280325055122 115.40461867675185 34.776355214416981 115.10685247182846 67.342317886650562 389.95692813396454 28.225292399525642 20.873616427183151 223.33682100847363 121.13087651133537 118.36920048296452 40.809317857027054 38.038821533322334 105.06259456276894 699.67464611679316 20.599388971924782 152.01840104907751 34.571209959685802 39.806758761405945 140.74092049151659 245.68209848552942 142.31750330328941 134.03453367948532 270.12999087199569 9.928941607475279 339.56253265962005 218.18848038464785 73.776006296277046 190.54751688614488 43.258982121944427 42.37180033326149 141.76888312399387 51.485482942312956 22.171884506940842 80.877238810062408 159.88092879205942 23.656377345323563 33.246151074767113 50.411833114922047 63.516351610422134 213.87666310369968 390.69765119999647 16.680091574788094 95.173901829868555 28.720681004226208 24.270551383495331 35.944853484630585 99.394591554999352
leaf_count=1800 74 533 198 814 695 107 1728 154 138 353 19 454 155 158 61 195 81 80 91 861 7 50 1533 172 1175 58 53 42 947 81 308 6 34 48 779 304 87 398 71 471 410 87 205 43 360 157 508 75 55 176 143 32 37 34 105 653 45 264 98 34 223 143
internal_value=0 0.0385379 -0.0378248 0.0248305 -0.0471037 0.0633406 -0.00951373 0.0377229 0.0558465 -0.0565558 0.0105083 0.00669085 -0.0370902 -0.0139667 0.0503211 -0.0225569 0.0266533 0.0881863 0.045201 -0.0017661 -0.0124543 0.0477239 -0.00550239 0.0368445 -0.0408228 0.0717465 0.0757517 0.0597877 -0.0611569 -0.00729551 0.0187742 -0.0456167 0.0454751 0.0138011 -0.0243801 0.0529305 0.0647273 -0.0170295 0.0156171 -0.034873 0.0295755 0.0258817 -0.0450962 0.0462553 -0.0300307 0.0804025 -0.0485357 0.0298336 0.0803622 0.0268116 0.0212343 0.0238572 -0.0211192 0.042777 0.045129 -0.0472019 -0.0223626 0.0016452 0.00282906 0.0222274 -0.0289716 0.0426113
internal_weight=0 4246.47 4252.28 2734.97 3202.63 1511.5 1049.66 1439.33 1161.24 1647.49 1295.64 1035.63 1555.13 937.713 861.77 473.587 111.947 350.26 635.799 609.235 219.279 646.168 464.125 305.508 1202.11 299.469 258.66 187.915 1159.71 196.624 426.395 487.788 82.8523 292.759 353.023 330.291 225.971 385.535 77.1702 502.493 793.167 141.118 699.614 164.39 76.943 220.621 410.845 43.0455 235.153 574.978 67.2412 415.097 296.094 458.253 376.788 581.245 73.2243 123.399 252.058 381.851 56.5442 313.271
internal_count=19260 6513 12747 4487 8144 2026 4603 2103 1784 3974 2384 2310 4170 4110 1378 751 493 242 1230 1500 639 637 3359 393 3199 406 348 201 1300 620 810 2674 159 356 971 837 148 593 412 1166 1466 178 2033 215 366 295 2308 125 162 1056 341 880 816 436 282 858 349 271 1631 848 304 248
cat_boundaries=0 21
cat_threshold=0 0 0 0 0 0 10240 0 0 0 5120 33554448 524288 1024 0 0 536870912 0 134217728 1196032 268435458
is_linear=0
shrinkage=0.05


Tree=12
num_leaves=63
num_cat=4
split_feature=67 66 64 0 66 67 3 67 0 58 58 67 64 3 65 63 65 0 65 70 66 64 66 68 63 66 36 64 56 66 67 90 68 8 3 71 3 67 66 3 63 3 65 63 66 56 58 3 67 64 57 66 64 8 0 45 3 8 67 54 64 66
split_gain=4635.97 606.967 356.831 163.532 146.812 126.235 64.8941 61.8894 49.3932 35.4405 32.1572 30.7634 29.6676 26.099 22.5865 20.4534 19.2833 17.1311 16.326 14.4652 14.0013 13.0781 10.8997 10.8156 10.3406 9.74103 9.61404 9.60159 9.03586 8.59679 8.11747 7.96299 7.20408 7.14086 7.17762 7.10391 13.8698 7.09525 6.69422 11.2217 6.47887 6.43811 6.14763 6.10081 5.91156 5.71157 5.58768 5.31627 5.01733 4.93835 4.92565 4.79688 4.59676 4.40683 3.88561 3.81174 4.55198 3.76772 3.70246 3.31978 3.42162 3.28248
threshold=132.47000000000003 399.25000000000006 53.145000000000003 0 1125.7800000000004 23.145000000000003 2019.5000000000002 294.23000000000008 1 285.82809911089754 1037.16385019528 52.055000000000007 734.46750000000009 2019.5000000000002 5.0300000000000002 2067.5229166666672 34.080000000000005 2 247.20000000000002 19.688967947717089 4.416666666666667 91.27000000000001 149.08166666666668 0.83333333333333337 570.82333333333349 1449.7700000000002 0.25000000000000017 444.74500000000006 2.039145411995952 271.65500000000003 76.280000000000015 1.0000000180025095e-35 0.83333333333333337 3.5000000000000004 2019.5000000000002 -5.8139192430482431 2019.5000000000002 88.420000000000016 713.57666666666671 2018.5000000000002 90.498750000000015 2019.5000000000002 15.030000000000003 37.56944444444445 40.038333333333341 165.00803119841638 1369.8687791154728 2019.5000000000002 17.970000000000002 192.55250000000004 -73.816101798890529 579.37833333333344 151.03000000000003 3.5000000000000004 3 -0.6830127018922193 2016.5000000000002 3.5000000000000004 21.030000000000005 2.2742224869272074 282.94500000000011 307.42333333333335
decision_type=2 2 2 9 2 2 2 2 9 2 2 2 2 2 2 2 2 9 2 2 2 2 2 2 2 2 2 2 2 2 2 2 2 2 2 2 2 2 2 2 2 2 2 2 2 2 2 2 2 2 2 2 2 2 9 2 2 2 2 2 2 2
left_child=2 3 5 12 9 13 8 18 24 19 25 58 33 43 -9 26 28 -16 22 27 -15 -10 35 31 -4 50 32 47 -7 49 -18 -19 -11 -2 -35 36 52 -13 39 -34 -24 45 -30 -1 -44 -20 -12 -3 -22 -25 -6 -49 -5 -37 57 -14 -57 -23 -8 -56 -61 -36
right_child=1 4 6 7 10 16 11 14 21 15 46 37 55 20 17 -17 30 23 41 -21 48 54 40 29 -26 -27 -28 -29 42 -31 -32 -33 38 34 61 53 -38 -39 -40 -41 -42 -43 44 -45 -46 -47 -48 51 -50 -51 -52 -53 -54 -55 59 56 -58 -59 -60 60 -62 -63
leaf_value=-0.048753146052493257 0.044171635199825178 0.021077634357083722 0.021923660232459032 -0.0052680734065298192 0.073434668478520884 -0.03024041762149185 -0.061834958203416501 -0.0089343534083080513 -0.018661340454858646 0.065553849552451582 0.090940071845901638 -0.028891668213128087 0.073858474623054823 -0.066538152938426798 -0.00039168696579390972 0.084699515690032284 -0.031613145437734712 0.025703404596148973 0.01986508051990736 0.065443224645619261 -0.058683079425001408 0.010333130225897644 -0.014496746560769491 0.0022854224270894572 0.058746223283532087 0.078968143266554019 0.03809782353162601 0.045261307331835324 -0.047172030735019313 0.02580191410351905 -0.016766909841445118 0.039503595910616314 0.061501953043042602 0.038763327954525383 0.010843462623719713 0.0024316914793751053 -0.021494505185122737 -0.014389330081011923 0.060602199467465478 0.031482959630809576 0.013267664431206628 0.007684389710232397 -0.040274963183582799 -0.033570693473841638 -0.021584590092384719 0.051937549478514713 0.11148594512458659 0.032598502991249924 -0.049883226445376905 0.01859206439056723 0.055204616298750148 0.04677674231592667 0.033319681854808207 -0.010794846134122738 -0.027537530216806334 0.062603857710671923 0.046318548323874956 -0.0051157402644446751 -0.042633717954099565 -0.0074964237728280814 0.024066152197559951 0.030760694104614662
leaf_weight=388.0111257173121 122.88563320785761 66.236532375216484 53.55694667994976 13.855544645339252 62.939849689602852 198.84612092003226 33.775690816342831 58.337429970502853 193.97007767111063 170.35545635223389 67.173642992973328 129.29894222319126 37.153640419244766 494.6081384755671 81.255072817206383 64.190622866153717 295.69194229319692 292.59371028840542 80.853875555098057 59.458393573760986 459.15967417135835 89.382558945566416 23.789353407919407 81.154445365071297 29.605030432343483 230.96601745486259 74.134558871388435 385.4154022783041 343.13983371853828 244.33314976096153 133.70485845580697 162.6330501139164 54.031646177172661 85.050458304584026 54.602959468960762 323.76744714379311 110.34177026897669 242.55270210281014 121.64643050730228 73.455468192696571 179.96088943630457 108.79539860039949 372.16455329209566 79.770513381808996 47.732486214488745 16.758465103805065 65.22288966178894 201.47051247954369 250.26914631202817 108.50825770944357 90.090810984373093 84.750931516289711 17.422342903912067 78.183217070996761 19.179049625992775 110.37348018586636 70.20000995695591 70.669956348836422 97.804098580032587 120.94685327261686 9.2429077848792058 33.303402006626129
leaf_count=1959 216 246 247 78 41 74 57 23 1768 143 50 285 63 412 162 63 1040 110 265 16 578 509 119 184 75 152 82 600 859 558 233 31 108 227 229 420 130 383 121 106 312 152 1001 722 204 38 54 181 340 294 91 47 51 526 36 216 155 528 144 971 31 93
internal_value=0 0.0356007 -0.0381845 0.019461 0.0571266 -0.0469272 -0.0136156 0.0127123 -0.00231299 0.0484819 0.0798124 -0.0267844 0.0444008 -0.0561868 0.0212822 0.0581492 -0.0358005 0.0230986 0.00360111 0.0417187 -0.0600808 -0.00831732 0.000163106 0.0249686 0.0312719 0.0724859 0.0546966 0.039807 -0.0397335 0.0196019 -0.0269903 0.0306336 0.05763 0.0349558 0.028408 -0.00353386 -0.0131636 -0.019432 0.0522117 0.0442056 0.010026 0.0160488 -0.0422074 -0.0461641 -0.0381503 0.0253714 0.101062 0.0338427 -0.0555787 0.0116146 0.0627024 0.0367967 0.016226 -0.000140996 -0.00210166 0.0592736 0.0562728 0.00330529 -0.0475626 -0.00760733 -0.00525562 0.0183891
internal_weight=0 4367.65 4153.08 2496.11 1871.54 3063.1 1089.98 1982.54 586.553 1355.15 516.393 503.431 513.57 1671.82 1028.82 557.814 1391.28 970.478 953.728 797.332 1204.04 503.391 747.321 889.223 83.162 383.997 493.624 737.873 961.883 433.996 429.397 455.227 419.489 295.842 172.957 543.57 141.62 371.852 249.134 127.487 203.75 206.408 763.037 467.782 419.897 97.6123 132.397 352.458 709.429 189.663 153.031 286.221 31.2779 401.951 309.421 217.727 180.573 160.053 131.58 149.369 130.19 87.9064
internal_count=19209 6753 12456 4652 2101 7422 5034 3453 4165 1713 388 869 1199 4011 1362 623 3411 1339 2091 1090 1330 3843 1636 1177 322 284 560 1074 2138 1036 1273 141 478 765 549 1205 259 668 335 214 431 455 2064 2681 1205 303 104 474 918 478 132 228 129 946 2075 434 371 1037 201 1038 1002 322
cat_boundaries=0 20 39 58 77
cat_threshold=0 32 16777216 0 102416 16384 0 0 0 512 3072 0 0 0 2147483648 8388628 21233664 234946679 4202496 196608 0 1073741856 16777216 0 33555456 524288 0 0 0 0 68096 16777216 1048576 0 2147483648 2147484180 4 2 131072 32 0 0 0 0 1073741824 0 0 65536 16 0 0 0 0 0 0 1610613248 0 536870914 2162688 2654208 75497472 0 32768 2099200 1024 134217728 131072 0 16793600 8675841 16384 2147484168 0 1090519075 0 0 64
is_linear=0
shrinkage=0.05


Tree=13
num_leaves=63
num_cat=5
split_feature=66 63 64 66 66 66 0 66 3 64 0 68 68 3 47 68 66 66 0 73 1 64 3 66 66 66 3 54 64 70 66 8 38 3 66 66 3 64 55 63 66 60 68 64 68 63 9 3 22 73 71 68 3 58 63 54 54 68 68 64 20 64
split_gain=4016.96 520.365 355.985 201.78 122.49 73.2073 47.6923 42.8015 37.1878 29.1289 29.0178 21.7704 19.8776 26.5415 18.4573 18.0647 16.4966 15.769 14.6468 14.095 13.9195 13.7731 13.5368 27.214 12.6463 12.1762 13.2837 12.13 11.0992 10.3418 10.3152 10.3112 8.43352 10.2243 8.2834 7.76548 7.65534 7.517 7.38444 6.89423 6.8541 6.73472 6.23502 6.12266 5.70333 5.59848 5.4954 6.70821 5.34408 5.20198 5.19147 5.18265 5.04157 4.86966 4.73147 4.59061 4.1365 4.07331 4.03002 3.93712 3.48672 5.62729
threshold=76.166666666666671 678.0725000000001 67.657500000000013 235.26000000000005 14.793333333333335 1449.7700000000002 0 529.38999999999999 2019.5000000000002 1249.7500000000002 1 0.58333333333333337 0.58333333333333337 2019.5000000000002 -330.83209039229121 0.83333333333333337 4.416666666666667 1199.7800000000002 2 3 10.500000000000002 162.74000000000004 2018.5000000000002 26.683333333333337 39.426666666666669 773.8133333333335 2018.5000000000002 5.1924477874087298 21.012500000000003 19.688967947717089 43.653333333333343 5.5000000000000009 0.6830127018922193 2018.5000000000002 151.59166666666673 338.21333333333342 2019.5000000000002 883.14250000000004 9.0682455884050768 49.902777777777779 436.1183333333334 227.26432462495873 0.83333333333333337 129.52500000000003 0.58333333333333337 311.65041666666673 8.2500000000000018 2020.5000000000002 -0.93301270189221908 4 -25.874541690585598 0.83333333333333337 2014.5000000000002 197.7829137389493 249.21590909090912 138.5213631037054 3.1596276874324452 0.58333333333333337 0.41666666666666669 37.975000000000009 0.6830127018922193 361.49750000000006
decision_type=2 2 2 2 2 2 9 2 2 2 9 2 2 2 2 2 2 2 9 9 2 2 2 2 2 2 2 2 2 2 2 2 2 2 2 2 2 2 2 2 2 2 2 2 2 2 2 2 2 9 2 2 2 2 2 2 2 2 2 2 2 2
left_child=2 3 4 10 8 9 14 11 28 25 39 -5 -12 21 -4 30 -10 29 54 -15 55 -14 43 -24 36 26 37 -21 52 -9 58 45 33 40 -29 41 -17 -3 -27 -2 -11 50 -36 -8 -18 -16 47 -28 -30 -25 -20 -37 -1 59 -13 -7 -38 -51 -6 -50 61 -45
right_child=1 5 6 7 15 20 22 17 16 32 12 18 13 19 31 24 44 -19 35 27 -22 -23 23 49 -26 38 46 34 48 -31 -32 -33 -34 -35 42 51 56 -39 -40 -41 -42 -43 -44 60 -46 -47 -48 -49 53 57 -52 -53 -54 -55 -56 -57 -58 -59 -60 -61 -62 -63
leaf_value=-0.035053591716893713 -0.036281591191885745 0.04248875994165377 0.069260418382060235 0.051965625242854079 -0.020951303965153718 0.080773825755790826 -0.011322574074379787 0.040579797613855453 -0.066000406441584045 0.065169603389100203 0.024195248652826535 -0.017724279048931309 0.0028955705196217802 0.012296733301236724 0.0087427688729385823 -0.030003575668997858 -0.044769158627571609 0.072972776683531304 -0.00077470307830876243 -0.01727588446803608 0.092578823685984177 0.028096295676990971 -0.03925005984806073 -0.00081145787102360027 -0.028180588383558844 0.060485311227693218 0.036887520667061198 -0.0039865388793595526 -0.011237508437188541 0.064243705986946717 -0.009962197504715338 -0.010918312048619634 0.043156138080830048 0.052139841178122939 0.028644677769760936 0.044803006974298815 -0.051039860742547252 0.059116224359605278 0.041127717929770449 -0.0060110998691348541 0.083411484755438581 0.037415382577927925 0.0052257152241516631 0.0023351435766717386 -0.056150752308626629 0.030478568879396713 0.040513441456730366 0.011022951506397399 -0.04305230010979217 -0.0034469617668076574 0.022184041335873001 0.030365293124199486 -0.052770498842458657 0.0060070886776155269 0.010899708637096529 0.065276679859829143 -0.041334441867212739 -0.019398882182553204 -0.031826058167514285 -0.028793752801514361 -0.02667550170005481 0.039721054041510807
leaf_weight=48.721637591719627 20.839633528143167 168.86289479583502 13.656535342335699 91.600183516740799 111.20792885124683 77.833905577659607 184.52940348908305 373.56207562237978 466.66404308006167 111.66985040903091 239.47551062703133 22.266803219914436 74.020549546927214 258.16232929006219 86.46431253105402 110.17975982651114 141.26570802554488 50.809552289545536 26.63182594627142 102.81654713302851 123.43125864863396 202.66501962393522 133.83063651248813 84.460453763604164 231.88234793394804 193.94285152852535 50.681981012225151 220.92239587008953 21.361382342875004 52.68162713944912 80.835678178817034 47.836195461452007 39.461633414030075 75.984961211681366 38.378476992249489 72.797318011522293 164.97684098035097 113.76707489788532 66.043805032968521 193.12656326591969 95.556439727544785 70.135237030684948 109.54442567378283 68.579297862946987 498.40189814940095 45.065864205360413 103.6052288338542 49.605356104671955 154.623386207968 48.894984170794487 326.37119941413403 425.29246947914362 228.34834516793489 6.2927578873932353 41.056483715772629 123.78575250506401 328.1669067516923 220.43994507566094 364.19581190496683 70.4820227175951 8.0588798224925977 11.796571806073187
leaf_count=233 202 441 30 42 48 34 1709 447 420 182 25 104 359 193 393 1169 75 67 53 37 79 698 214 37 763 128 93 421 38 7 123 351 45 92 45 16 191 236 81 699 100 99 287 518 981 136 110 57 1086 17 686 783 1061 33 34 99 621 485 719 773 32 32
internal_value=0 0.033319 -0.0359701 0.0216323 -0.0443611 0.0585757 -0.00932967 0.0341768 -0.0536356 0.0522584 0.00828657 0.0286505 0.0111586 0.00816764 0.0125752 -0.0334555 -0.0588522 0.0466431 0.0264813 0.00316836 0.0793549 0.0213544 -0.0148587 -0.0200447 -0.0381048 0.0468325 0.0421645 -0.00204537 -0.042743 0.0435045 -0.0264745 0.00896038 0.0648113 0.0678286 0.00214472 0.027941 -0.0419191 0.0491818 0.0555679 -0.00855932 0.0735813 0.0232636 0.0113017 -0.00613856 -0.0536372 0.0161901 0.0324373 0.0240941 -0.0351662 -0.0127799 0.020452 0.0324754 -0.0496551 -0.0373751 0.000720653 0.0712592 -0.0445813 -0.0159122 -0.0292822 -0.0385879 0.00467848 0.00782218
internal_weight=0 4407.39 3981.22 3013.16 3027.61 1394.23 953.613 1553.2 1636.16 1069.18 1459.95 1076.15 1245.99 1006.51 193.023 1391.45 1106.33 477.053 984.551 729.824 325.051 276.686 760.59 487.626 835.206 746.509 486.523 471.662 529.83 426.244 556.239 179.366 322.673 283.211 368.845 921.228 603.324 282.63 259.987 213.966 207.226 423.138 147.923 272.964 639.668 131.53 203.893 100.287 252.76 353.795 353.003 498.09 277.07 231.398 63.3233 201.62 493.144 269.335 475.404 225.105 88.4347 80.3759
internal_count=19369 7081 12288 5304 8334 1777 3954 2338 4700 1565 2966 1817 2065 2040 910 3634 1476 521 1775 983 212 1057 3044 753 2744 1146 937 790 3224 454 890 880 419 374 753 1637 1981 677 209 901 282 838 332 2291 1056 529 260 150 1930 539 739 799 1294 1892 138 133 812 502 767 1859 582 550
cat_boundaries=0 19 40 59 60 61
cat_threshold=131072 1075871744 84934656 0 33591328 524288 0 134217728 393216 0 16845312 0 1064960 0 2147483648 3221225521 0 0 131136 1048576 524416 0 0 134217728 0 295040 8 0 4194304 16384 0 0 3004694528 33 33554432 1610612736 53248 134283264 16 32 557056 0 524288 0 0 0 0 0 65536 0 0 0 0 0 0 1280 1610612736 0 2 8782976 8392704
is_linear=0
shrinkage=0.05


Tree=14
num_leaves=63
num_cat=2
split_feature=67 63 64 66 67 66 0 0 3 67 64 67 58 67 58 66 1 3 67 63 3 68 67 67 3 52 70 3 66 71 63 64 64 64 70 43 33 63 63 64 21 70 44 70 50 88 57 58 64 66 20 1 68 3 66 71 58 9 70 71 63 58
split_gain=3874.64 491.88 321.518 145.27 126.651 97.7862 57.1426 41.1022 35.0363 33.1973 30.3001 29.6692 27.6875 20.2875 19.1116 18.7311 18.3689 16.6748 12.2503 11.5979 10.4049 9.67074 9.65955 9.62133 12.1506 9.58619 9.26236 8.5479 7.91004 9.64791 7.80148 7.4247 7.41037 6.95371 6.43624 6.33132 7.69678 6.00823 6.00135 5.81648 5.72598 5.30028 6.75855 5.14299 7.14298 6.71589 5.03698 5.01174 4.83522 4.57343 4.44055 6.23362 4.38518 8.38777 4.27481 4.19716 4.043 4.01256 3.97422 5.15095 3.81757 3.6091
threshold=129.32500000000002 603.2700000000001 56.030000000000008 342.22166666666675 21.030000000000005 1125.7800000000004 0 1 2019.5000000000002 1053.1500000000003 1249.7500000000002 294.23000000000008 1122.8101206542533 76.280000000000015 218.30333025985598 10.363333333333335 11.500000000000002 2019.5000000000002 7.3500000000000005 366.23598484848486 2019.5000000000002 0.58333333333333337 74.090000000000018 477.84000000000009 2019.5000000000002 14.082572335908838 0.79151969939217737 2019.5000000000002 137.16000000000003 -8.4829459153006326 33.092121212121221 1376.4525000000003 103.54500000000002 14.120000000000001 6.9351070294293935 1.0000000180025095e-35 -1.0000000000000002 2067.5229166666672 1.0000000180025095e-35 98.545000000000016 1.0000000180025095e-35 6.0421185952792182 0.25000000000000017 3.5866351158585754 -27.454468841114473 1.0000000180025095e-35 -111.92480921277487 917.45202416051245 310.02000000000004 617.76666666666677 0.25000000000000017 6.5000000000000009 0.58333333333333337 2019.5000000000002 29.716666666666672 -4.858439774027361 917.45202416051245 7.6471143170299749 2.1945787545787554 -0.86879901392656211 476.18625000000003 65.153188688170289
decision_type=2 2 2 2 2 2 9 9 2 2 2 2 2 2 2 2 2 2 2 2 2 2 2 2 2 2 2 2 2 2 2 2 2 2 2 2 2 2 2 2 2 2 2 2 2 2 2 2 2 2 2 2 2 2 2 2 2 2 2 2 2 2
left_child=2 3 4 7 8 10 14 43 25 49 23 19 31 21 27 17 35 -8 -10 28 39 -6 -22 24 56 33 37 48 29 61 38 34 -11 -1 46 36 -13 -12 -23 -17 -27 42 47 -2 -45 -46 -7 -25 -4 -5 51 -34 -38 -54 58 -24 -3 -15 -40 -60 -55 -9
right_child=1 5 6 9 13 12 15 11 18 32 26 16 -14 57 -16 20 -18 -19 -20 -21 22 30 55 41 -26 40 -28 -29 -30 -31 -32 -33 50 -35 -36 -37 52 -39 54 -41 -42 -43 -44 44 45 -47 -48 -49 -50 -51 -52 -53 53 60 -56 -57 -58 -59 59 -61 -62 -63
leaf_value=-0.055345147802475694 -0.0042384078430698097 0.04028779271593412 0.0045324169983752159 0.028882633332346377 -0.02764885791193274 0.064522651537182202 -0.019036506314266153 -0.029322110579592494 -0.066110190347474104 0.066191943190118452 0.058346453080676514 -0.0038263942304488127 0.093135832921225389 -0.024883200177410351 0.044062698193748633 -0.014481337219857497 -0.001687721895186743 -0.052803005401404562 -0.055106604725579302 0.020931612107359783 -0.030520820211461887 -0.026779377576172055 -0.032163888243122912 0.041746223353374634 0.0059571019393661216 -0.040378644253831947 0.043491636973279436 -0.024383786532071697 0.011889117263902994 0.0038801863242558876 -0.030660134429829563 0.075289298151994574 0.017284540236619631 -0.041023672337904445 0.071163084023279158 0.032451909425941304 0.028233137893117866 0.075464619052748622 -0.04029716312634072 -0.00079990033553071918 -0.011415883644517422 0.055043270273028737 0.020565204023883479 -0.043806792227873911 0.007789557406904144 -0.033436759157454428 0.046528242763991277 0.058538736632778123 0.02733539792789616 0.039404215976429735 0.055863069894597453 0.050221798106527875 0.028411094113533347 0.016045817549659971 -0.035267169743481479 -0.011671835862969968 0.017448695320400023 -0.010563570541178999 -0.060140852311425352 -0.044583672734040097 -0.0034056342912171414 -0.006839335942923826
leaf_weight=130.49132883548737 156.53489901125431 142.61637018620968 110.00250903517008 565.67833913862705 252.24705778807402 69.411716401576996 82.466267827898264 29.969889245927334 434.79326254501939 76.991615146398544 147.69633542001247 30.543699845671654 120.34938292205334 135.18823567405343 38.396992988884449 154.90507474169135 85.375086769461632 65.682775616645813 604.75857085734606 127.87443692982197 137.90772911533713 67.753755424171686 28.201674360781908 450.78097921609879 38.397494301199913 33.585836239159107 70.148615404963493 21.698318246752024 234.80871311575174 359.79998744279146 238.05161798372865 129.87507352232933 24.528649158775806 241.84108883887529 90.549055457115173 137.95505966991186 190.42380172014236 78.50512433052063 279.99495234340429 155.83734173327684 34.692710213363171 89.901459723711014 34.644686944782734 22.422738306224346 24.655302688479424 16.482658341526985 88.441369891166687 49.290558159351349 29.476794622838497 126.34973608702421 60.158487677574158 34.668036215007305 160.46189212054014 268.76282981038094 163.98039955273271 219.25312959030271 22.423642881214619 76.664135485887527 73.032304968684912 195.99779055267572 27.837147019803524 44.139381490647793
leaf_count=524 583 374 657 889 191 54 502 18 350 47 250 48 89 379 94 1490 87 55 891 274 243 24 84 661 59 303 79 158 413 739 1438 85 61 1706 22 56 20 76 888 1178 25 26 29 83 38 146 92 90 131 128 19 71 473 505 330 286 86 122 118 379 44 101
internal_value=0 0.0319078 -0.0359474 0.0192368 -0.0443539 0.0538176 -0.0120845 0.0114949 -0.0547007 0.0359521 0.0456448 0.0140827 0.0722473 -0.0340262 0.0117721 -0.0176543 0.020379 -0.0340071 -0.0597089 0.00713503 -0.0144276 -0.0364138 -0.0199169 0.0407346 0.0312907 -0.0428847 0.0593649 0.00480991 0.00449681 0.000496478 -0.038584 0.0656016 0.0540978 -0.0460429 0.0605365 0.0226878 0.0207012 0.0642875 -0.0409999 -0.0076201 -0.0256625 0.0438104 0.0419218 -0.0087129 -0.0211033 -0.0087285 0.0544408 0.0434014 0.00935147 0.0308037 0.0462962 0.036574 0.0218582 0.0192022 -0.0423512 -0.0140073 0.0371847 -0.0197013 -0.0444671 -0.0488069 0.0142202 -0.0159314
internal_weight=0 4429.45 4006.9 2806.42 2963.07 1623.03 1043.83 1918.05 1480.16 888.375 1124.41 1697.95 498.627 1482.91 199.575 844.254 901.36 148.149 1039.55 796.592 696.105 1271.06 385.363 828.055 203.438 440.611 296.35 161.178 668.718 433.909 1018.81 378.277 196.347 372.332 248.402 815.984 678.029 226.201 780.759 310.742 68.2785 624.618 534.716 220.096 63.5607 41.138 157.853 500.072 139.479 692.028 119.355 59.1967 647.486 457.062 713.005 247.455 165.04 211.852 549.025 269.03 296.6 74.1093
internal_count=19461 6915 12546 4843 7668 2072 4878 3628 3799 1215 1730 2778 342 3869 1040 3838 1233 557 1241 1545 3281 3368 613 1325 519 2558 405 946 1271 858 3177 253 198 2230 168 1146 1090 326 1739 2668 328 806 780 850 267 184 146 751 788 1017 151 132 1042 1022 1715 370 460 501 1385 497 549 119
cat_boundaries=0 19 40
cat_threshold=0 1075871776 16777216 0 33588224 524288 1024 2281701376 393216 0 16845312 8388608 1050624 0 2147483648 3221226001 4 34 131136 32768 128 0 0 0 32 33792 0 0 4194304 0 0 1 857210880 32 0 1610614785 268484736 134283266 272 64
is_linear=0
shrinkage=0.05


Tree=15
num_leaves=63
num_cat=5
split_feature=67 67 64 72 67 72 72 67 3 1 3 67 63 67 65 3 67 57 70 3 50 73 1 67 68 67 63 54 72 77 52 58 68 67 56 3 65 54 54 64 68 67 48 64 65 67 63 64 3 58 57 3 63 50 3 71 67 8 57 47 67 60
split_gain=3523.89 451.406 317.847 126.66 108.654 94.085 57.0114 44.8686 38.8338 25.2358 23.4428 21.8415 20.3899 20.1773 17.7129 17.1571 25.6129 17.0724 15.5361 12.9486 12.9063 12.2347 11.5904 11.0852 9.93698 9.49225 8.58156 8.96677 8.38761 8.31856 8.2841 8.19461 7.82402 7.50044 7.43342 7.20993 6.8452 6.83988 6.68121 6.24779 6.02808 5.76885 5.73866 5.5877 5.32978 4.9357 4.87462 4.86044 5.65134 4.91708 4.78585 4.76178 4.73354 5.31751 4.72197 6.22454 4.4869 4.42848 4.0918 3.67316 4.10904 3.49059
threshold=127.55500000000002 503.08500000000004 53.145000000000003 0 20.145000000000003 1 2 298.40000000000003 2019.5000000000002 2.5000000000000004 2018.5000000000002 899.73500000000013 603.2700000000001 3350.6200000000003 32.040000000000006 2019.5000000000002 52.055000000000007 112.73183338960256 0.62222515546169199 2018.5000000000002 83.957998216680139 3 11.500000000000002 7.3500000000000005 0.58333333333333337 1945.1950000000004 89.41166666666669 0.22601586558474848 4 1.0000000180025095e-35 14.082572335908838 197.7829137389493 0.83333333333333337 1462.4950000000001 597.31116920128568 2019.5000000000002 15.030000000000003 7.0814428721329579 10.141094376433786 14.120000000000001 0.58333333333333337 1.0000000180025095e-35 -137.88229460442889 353.06000000000006 200.78500000000003 67.315000000000012 167.16041666666669 396.25000000000006 2019.5000000000002 96.884142983842935 -5.6976474509519859 2019.5000000000002 338.6806944444445 -303.10456932998608 2019.5000000000002 -25.874541690585598 88.420000000000016 3.5000000000000004 -16.49301277797251 -20.209122861392036 197.22000000000003 11.902364146277121
decision_type=2 2 2 9 2 9 9 2 2 2 2 2 2 2 2 2 2 2 2 2 2 9 2 2 2 2 2 2 9 2 2 2 2 2 2 2 2 2 2 2 2 2 2 2 2 2 2 2 2 2 2 2 2 2 2 2 2 2 2 2 2 2
left_child=2 5 4 9 8 10 12 21 30 34 31 18 35 19 24 28 -17 25 -5 29 -19 57 37 -10 -6 32 38 -28 43 -11 39 -2 -13 -21 -3 46 -26 -9 -23 -1 -20 -32 54 -8 -39 -16 -4 48 49 -44 -40 -29 -34 -54 -42 -56 -18 -7 61 60 -53 -41
right_child=1 3 6 11 14 7 15 22 23 13 -12 17 -14 -15 45 16 56 20 40 33 -22 26 -24 -25 36 -27 27 51 -30 -31 41 -33 52 -35 -36 -37 -38 44 50 58 42 -43 47 -45 -46 -47 -48 -49 -50 -51 -52 59 53 -55 55 -57 -58 -59 -60 -61 -62 -63
leaf_value=-0.053198891036455434 0.033175266787117692 0.025674347219534224 -0.0027755410221763348 0.056990638394292276 -0.027734809200223899 0.012918375744011543 -0.0018194773048720474 0.025589664325618978 -0.065678316475823104 0.0664294072428772 0.020143050843985062 0.054641266160577219 0.048941976420392885 0.08951821482673443 -0.029479054654876158 -0.043419429895018596 -0.024673091453743839 0.0026277198698061045 0.0438240676158516 0.041481122579102359 0.041309728011807961 -0.031445417068367662 0.0015134670239098404 -0.054893717327553805 -0.045001280455829504 0.065824503711595012 -0.026553566710140281 0.010293532453629101 -0.014951021058149334 0.08643444519183259 -0.010074002970313417 0.049868649640775253 0.027368507432331421 0.062557795603522731 0.055705063320428239 -0.024290630328372684 -0.035336212086878233 0.0076069495373198188 0.001870632463083324 -0.037498241153169846 0.035818675840689936 -0.040011515621439453 -0.0089869314136081947 0.04616955099136795 0.019791167803481082 -0.018009946544898587 0.016816159537040451 0.03593506998449833 0.031028173322264586 0.022329380630850507 -0.022292582010227043 -0.011874389924638983 0.030561357252689898 0.047061182457850181 0.00023315389158775365 0.024322125711827316 -0.012640563247302601 -0.0012435381665352673 -0.040915410096128646 0.0047015636870554305 0.0025187750362500195 0.015825035691056647
leaf_weight=126.19458947330713 123.80519089847803 40.867967367172241 50.079137489199638 62.396089762449265 185.15096500888467 271.2697739303112 135.83329182863235 315.91747569292784 419.43283824622631 131.95848940312862 175.37784742563963 162.64136326313019 33.22012385725975 111.08109152317047 296.97832062095404 124.8389012478292 120.22103150561452 38.846900805830956 84.776795595884323 56.913718551397324 48.468209616839886 36.647240340709686 95.23307278752327 551.66331366077065 410.14957633987069 64.947340071201324 28.103599935770035 140.82944764196873 268.10363637283444 85.721737712621689 32.742027170956135 180.98421849310398 51.375754870474339 163.39255413413048 41.562559202313423 17.672925747931004 331.07124093919992 133.7687449157238 61.323688320815563 6.2291790917515737 42.727686420083046 31.642911572009325 17.001700334250927 6.3493482172489157 272.77873092144728 137.11647383123636 86.744069933891296 345.72349961102009 207.2067169547081 47.704483672976494 30.776783868670464 106.15832256525755 60.99417982250452 244.85382504016161 39.681831553578377 82.717743523418903 217.91070264577866 69.304538860917091 211.62019887194037 180.11970212310553 93.051819279789925 6.0496651977300644
leaf_count=499 473 47 377 98 120 187 1116 58 347 140 550 100 77 77 1165 187 239 44 12 97 72 188 96 851 1030 48 6 583 2167 75 5 376 100 109 53 135 1200 280 219 63 118 288 93 20 516 332 397 484 184 97 174 166 67 192 34 119 276 194 1505 309 146 37
internal_value=0 0.0299498 -0.0352477 0.0459864 -0.0442278 0.0144803 -0.0120049 0.00913843 -0.0540831 0.0655744 0.0339993 0.0376211 0.0127267 0.0704856 -0.0341907 -0.0172692 -0.0240645 0.0447231 0.0328927 0.0656585 0.0240999 0.00218011 0.0179095 -0.0595518 -0.0380961 0.0478022 -0.00174631 0.000955814 -0.0100221 0.0743073 -0.0412704 0.0430878 0.0455506 0.0571129 0.0408162 0.00576337 -0.0406843 0.0200707 -0.0133887 -0.0443018 0.0311595 -0.0247872 0.0297878 0.000302275 0.0157821 -0.0258563 0.00964533 0.0320015 0.0270001 0.0141009 -0.00620388 0.00244211 0.0414117 0.0437707 0.0215081 0.0165125 -0.0169187 0.00975024 -0.0392872 -0.000472793 -0.00515129 -0.0112264
internal_weight=0 4549.01 3807.01 2233.56 2746.04 2315.45 1060.97 1835.28 1385.57 631.498 480.167 1602.06 187.716 549.068 1360.47 873.257 462.971 672.128 929.937 437.986 87.3151 1017.58 817.698 971.096 926.372 584.812 677.011 548.263 410.286 217.68 414.479 304.789 519.865 220.306 82.4305 154.496 741.221 722.465 128.748 350.094 867.54 64.3849 782.764 142.183 406.547 434.095 136.823 617.636 271.913 64.7062 92.1005 520.159 357.224 305.848 165.127 122.4 338.132 340.574 223.899 379.33 199.21 12.2788
internal_count=19414 6981 12433 2460 7442 4521 4991 3122 3595 598 1399 1862 986 498 3847 4005 702 623 1239 421 116 2172 950 1198 2350 507 1791 1210 3303 215 2397 849 459 206 100 909 2230 854 581 2104 1141 293 1129 1136 796 1497 774 858 374 190 393 1204 359 259 271 153 515 381 1605 621 312 100
cat_boundaries=0 21 42 64 65 87
cat_threshold=3145728 0 0 0 0 0 16384 0 0 0 16777218 1392 0 0 2147483648 49152 536871232 0 0 0 24 0 0 0 36864 262144 0 16384 0 0 0 1152 0 419430400 536871044 10 2054 67108896 0 0 217334784 10 67108864 1073741824 4096 1 0 0 10240 0 0 0 5120 33554448 134742272 66560 512 536870912 539492354 0 134217728 1196032 268436002 16 8782384 1073741825 0 0 2048 0 0 0 0 2147747328 2049 131072 131168 0 32 0 132 2483027973 0 65536 268436484 100664320 33554433
is_linear=0
shrinkage=0.05


Tree=16
num_leaves=63
num_cat=5
split_feature=67 67 64 63 66 66 67 0 3 64 65 67 3 67 67 63 70 73 65 0 57 8 67 3 67 67 64 65 70 67 64 54 60 0 63 71 58 71 68 58 22 66 67 71 57 87 64 63 65 3 85 47 74 8 49 64 64 3 70 64 68 71
split_gain=3201.43 386.393 305.19 136.798 133.791 68.785 58.9559 41.6489 37.3559 32.5047 26.4877 20.0896 19.8425 25.9308 14.5295 14.3441 14.1511 12.0785 27.881 10.3331 10.194 14.2176 10.9093 9.88896 13.4854 9.51853 8.85012 8.55897 8.30171 7.6628 7.50344 7.22058 6.79698 6.71308 6.30093 10.1194 5.98479 5.43012 5.20649 6.62888 5.18962 5.15519 5.0143 4.73947 4.45996 4.34811 3.92937 7.43443 3.86056 3.82128 3.78401 3.75273 3.62229 3.60496 3.45404 3.43049 3.42231 3.41245 3.24122 3.20225 3.1326 3.08665
threshold=127.55500000000002 806.59000000000003 63.235000000000007 388.42000000000002 13.370000000000003 1287.4433333333334 294.23000000000008 0 2019.5000000000002 1025.0600000000002 33.020000000000003 4214.1650000000009 2019.5000000000002 57.245000000000012 7.3500000000000005 2067.5229166666672 11.22119526388723 1 53.040000000000006 2 180.16872039706968 2.5000000000000004 1193.0750000000003 2018.5000000000002 443.99500000000006 66.02500000000002 20.572500000000002 603.12000000000012 0.62222515546169199 432.31500000000005 1965.4175000000002 0.22601586558474848 -48.297998597334114 3 104.67416666666669 -3.6669775664440993 25.551927472957086 -1.8921048306934458 0.58333333333333337 708.65595289163093 -0.93301270189221908 447.62333333333339 17.970000000000002 -56.302918675884143 -6.8930260347918297 1.0000000180025095e-35 44.060000000000009 293.46708333333339 15.030000000000003 2019.5000000000002 1.0000000180025095e-35 43.545355383077727 4 3.5000000000000004 -252.38344713512001 95.250000000000014 563.91750000000013 2019.5000000000002 2.1945787545787554 734.46750000000009 0.83333333333333337 1.1777459543173119
decision_type=2 2 2 2 2 2 2 9 2 2 2 2 2 2 2 2 2 9 2 9 2 2 2 2 2 2 2 2 2 2 2 2 2 9 2 2 2 2 2 2 2 2 2 2 2 2 2 2 2 2 2 2 1 2 2 2 2 2 2 2 2 2
left_child=2 3 4 6 8 15 19 27 26 23 16 30 33 -14 -10 20 48 18 -8 36 22 -22 46 43 57 -12 44 53 -11 45 50 -21 41 -9 35 -33 -2 -37 -24 49 -28 -26 -16 -5 -1 -19 -3 -48 -6 59 -7 -42 55 -4 -52 -35 -45 -25 -15 -40 -31 -39
right_child=1 5 7 9 10 11 17 12 14 28 25 -13 13 58 42 -17 -18 29 -20 31 21 -23 38 24 32 -27 40 -29 -30 60 -32 34 -34 52 -36 37 -38 61 39 -41 51 -43 -44 56 -46 -47 47 -49 -50 -51 54 -53 -54 -55 -56 -57 -58 -59 -60 -61 -62 -63
leaf_value=-0.036583321739008634 -0.035167969176414411 0.049245600462268328 0.02922830087406585 0.051885569929357382 -0.042587360038011834 0.062919005541018522 -0.026410156679151177 0.0043441345754795663 -0.06543211644584121 0.052354561489094821 -0.027006339343888925 0.085934423471069138 -0.042728939630541397 -0.019130372468424223 -0.056043323635419834 0.066124275458604262 -0.024107509834902622 0.012612787556882138 0.01666327303961387 -0.016700559151631142 0.0030131833231835403 0.04584748659923199 0.061387758750211491 0.022536652036559197 0.010022734771200801 -0.012831478720304114 -0.010174331089582418 0.048998897443309299 0.028173052595214146 0.035504541908500518 0.075488014636038464 -0.024749191960684657 0.032054588018908835 -0.013957514997875623 0.0082979380379895069 0.01674283304286675 -0.0062946213289103263 -0.016362270702050687 0.022740465184868431 0.059743190145156916 -0.033897614958488045 0.029820742828114463 -0.046415764266862052 0.026974704879556523 -0.051739086464907984 0.02245519870349549 0.013056447441554347 0.037338933418639031 -0.035178995219460517 0.046083378024849388 0.042215509761114878 -0.055985493524949019 -0.03814120795170764 0.0029343529169819642 0.058843055201455212 -0.0034798502814333606 0.0374462517832942 0.0072597115741536893 -0.0089735369985923866 0.043417576027379154 0.024454945848215257 0.0026312725520929664
leaf_weight=67.915346320718527 20.133006874471903 53.814252726733685 23.692635156214237 35.752842500805855 360.99950307607651 129.63648456335068 47.735576882958412 131.91799940541387 374.52714740484953 202.84299355745316 287.78802900016308 106.52371370792389 97.742246378213167 137.16999465972185 423.21631493419409 62.705619663000107 207.023566942662 242.04416539520025 176.39789545536041 39.548552475869656 39.431368477642536 38.081435099244118 65.456943869590759 53.383550859987736 74.054900959134102 201.25482436642051 21.227250266820192 27.935268595814705 43.020434826612473 80.778743781149387 69.324532032012939 40.082734610885382 355.8011551424861 140.45077205076814 486.8647917881608 51.235934142023325 165.30157030001283 31.06315565481782 37.537459120154381 71.878023251891136 194.07538726553321 59.138673424720764 198.76012793928385 143.35138266533613 170.16528807953 209.19374103099108 35.463395774364471 283.55268067866564 342.87309420481324 226.39473813772202 61.016773879528046 21.344967469573021 10.384063318371771 28.980326574295759 63.984828531742096 176.0329090282321 171.22057466208935 115.94880967587233 183.79128846526146 37.361956790089607 311.47016344219446 68.691277198493481
leaf_count=337 206 26 82 70 865 81 37 634 344 352 1183 68 164 472 692 60 77 449 323 10 27 83 24 109 91 462 41 71 24 48 38 95 281 1289 980 31 562 78 114 68 1730 95 397 490 843 110 66 359 1111 110 58 74 25 210 54 1373 474 153 30 59 406 161
internal_value=0 0.028395 -0.03347 0.0189157 -0.0416241 0.0505134 0.0106992 -0.00903449 -0.0521526 0.0318218 -0.0305594 0.0670979 -0.0121717 -0.0201809 -0.0576517 0.0430115 -0.0355988 0.0186527 0.00716968 0.00129496 0.0413812 0.0240573 0.043036 0.0278482 0.0242367 -0.021173 -0.0406094 0.023688 0.0481234 0.0213657 0.0609042 0.00401079 0.0284479 -0.00512758 0.00527818 -0.00241635 -0.00894697 0.00351225 0.048381 0.0460995 -0.0337619 0.0188132 -0.0529667 0.034635 -0.0474157 0.0171757 0.0367478 0.0346396 -0.0389786 0.0428446 0.0569338 -0.0360862 -0.00881347 0.0147615 0.0507267 -0.00812968 0.0326743 0.0120759 -0.0133143 0.0330548 0.0267305 -0.00328325
internal_weight=0 4607.22 3829.27 3225.06 2871.17 1382.16 1970.54 958.098 1471.23 1254.52 1399.94 430.486 877.489 418.704 996.504 951.678 910.896 1067.62 224.133 902.921 888.972 77.5128 811.459 1008.65 658.327 489.043 474.728 80.6082 245.863 843.487 323.963 717.486 488.995 458.786 677.938 191.073 185.435 150.99 438.629 373.172 236.648 133.194 621.976 350.325 238.081 451.238 372.83 319.016 703.873 301.294 254.638 215.42 326.868 52.673 125.002 316.484 314.572 169.332 320.961 74.8994 392.249 99.7544
internal_count=19436 6930 12506 5635 8156 1295 3496 4350 4458 2139 3698 299 3987 666 1433 996 2053 1373 360 2123 936 110 826 1763 729 1645 3025 363 376 1013 231 1355 467 3321 1345 365 768 270 375 351 1845 186 1089 1034 1180 559 451 425 1976 283 193 1804 2687 292 112 2662 964 262 502 173 454 239
cat_boundaries=0 19 20 41 61 62
cat_threshold=0 1075839008 16777216 0 33555456 0 0 0 0 0 2560 0 1048576 0 2147483648 16 4 0 131072 37748754 1048576 0 0 0 134217984 32 50304 8 0 2147483648 65536 0 0 857210880 32 301989888 4 32768 33619968 16 32 65536 557056 75497472 0 134250624 2621440 1024 3355443200 131072 0 16875520 8388608 0 2147483648 0 3238003203 0 96 64 65536 1
is_linear=0
shrinkage=0.05


Tree=17
num_leaves=63
num_cat=7
split_feature=67 66 63 72 67 72 3 67 67 72 3 19 63 72 67 54 65 72 3 1 65 65 67 68 65 8 65 52 3 50 67 57 67 63 67 66 45 3 56 66 67 54 66 72 9 66 72 54 56 65 66 10 45 10 8 68 60 3 47 56 67 67
split_gain=2821.09 359.21 256.295 100.099 93.8076 83.0191 52.8345 52.0194 45.4214 40.6446 28.0301 19.9534 19.5117 18.4752 17.2811 16.4593 13.6771 12.7575 12.0427 10.9019 10.8855 10.7978 10.5705 9.84062 15.6505 9.81604 9.18907 8.78289 8.4584 8.31853 7.51346 7.00884 6.58034 6.32733 6.13408 5.96058 5.57881 5.72468 5.32527 5.23017 4.94633 4.94329 4.74419 4.59966 4.54169 4.45782 4.09449 4.08676 3.87472 3.81395 3.67804 3.52672 3.42769 3.24784 3.22271 3.18172 3.08673 3.0736 2.85795 2.73416 2.73363 2.67563
threshold=113.89000000000001 399.25000000000006 44.841666666666676 0 17.070000000000004 1 2019.5000000000002 29.450000000000003 223.20000000000002 2 2019.5000000000002 -1.0000000180025095e-35 557.0058333333335 3 1193.0750000000003 0.4927091746945777 8.0250000000000021 4 2019.5000000000002 10.500000000000002 892.50000000000011 15.030000000000003 88.420000000000016 0.83333333333333337 108.05000000000001 6.5000000000000009 79.030000000000015 21.691119456733141 2018.5000000000002 -358.52272672672672 6.080000000000001 4.2672463959087654 4214.1650000000009 1.0000000180025095e-35 394.63000000000005 1125.7800000000004 -0.93301270189221919 2016.5000000000002 222.56816241085963 579.37833333333344 559.97500000000014 142.5549375457548 225.60666666666671 5 7.6471143170299749 37.141666666666673 6 18.535282781702346 0.3120958180482154 15.030000000000003 13.370000000000003 -5.0000000000000009 1.0000000180025095e-35 -11.750000000000002 5.5000000000000009 0.58333333333333337 21.826047291305631 2010.5000000000002 -14.458033542987428 9.869601111539259 11.040000000000001 46.250000000000007
decision_type=2 2 2 9 2 9 2 2 2 9 2 2 2 9 2 2 2 9 2 2 2 2 2 2 2 2 2 2 2 2 2 2 2 2 2 2 2 2 2 2 2 2 2 9 2 2 9 2 2 2 2 2 2 2 2 2 2 2 2 2 2 2
left_child=2 3 4 12 10 11 9 60 13 38 27 32 40 18 20 33 -10 54 41 25 39 55 61 31 42 29 47 49 35 -16 -12 34 -3 -6 -18 -13 -14 -38 -4 -7 -2 -5 -25 -19 -33 -23 -26 48 -15 58 -45 -31 -30 -22 -11 -17 -50 -51 -1 -57 -8 -9
right_child=1 5 6 8 15 14 7 22 16 17 30 28 36 26 19 21 23 43 -20 -21 53 45 -24 24 46 -27 -28 -29 52 51 -32 44 -34 -35 -36 -37 37 -39 -40 -41 -42 -43 -44 50 -46 -47 -48 -49 56 57 -52 -53 -54 -55 -56 59 -58 -59 -60 -61 -62 -63
leaf_value=-0.026694864552032779 0.018390730739911314 0.070097678105292591 0.024974164700754323 0.023065764793582254 -0.0091340331260629931 0.025282581659585725 -0.06501916636343362 -0.033280379855132443 -0.0065957895511247174 0.0080005684238435917 -0.065920537094564344 0.057032402069507507 0.064230431771075472 0.003373796261045062 0.01584035382686395 -0.031508663541472297 0.018729368077450289 -0.0052082092559499714 -0.0047509507080587777 0.053535213557592387 0.054988400945711925 -0.034274239614260009 -0.011079744703364147 -0.016951670546392555 0.021056815426106761 0.052869551808288368 -9.8457949579602838e-05 -0.015849937540817444 0.044267445130747714 0.028266532533274907 -0.055735762577826614 0.00090515780947533905 0.095145053210467692 -0.027622075326768455 0.030607622343599705 0.076017751430425731 0.046470311874033644 0.032049082535976874 0.057988144991836424 0.033665678829309875 0.036829910607731192 0.054777482334340523 0.0047343216698371654 -0.025531823557590483 0.019523813749508016 -0.021076515588417531 0.010914438337147907 -0.0063325564676560905 -0.030190589906685945 -0.064515517009273049 -0.013645567147967616 0.041342184682781696 0.058488895137991187 0.038212314244122858 -0.0090161029589868932 -0.0474691982778251 -0.0078504550858139489 -0.03709182088555011 -0.053294595028984496 -0.038028422099544129 -0.049087072619768767 -0.022587623961185015
leaf_weight=11.058573875576256 163.81616602838039 51.951539516448975 24.088926300406456 64.176221258938313 67.96579859033227 386.03061426430941 56.149261567741632 79.06809064373374 72.88268019258976 111.34105172008276 305.46398228779435 88.683570250868797 26.395273879170418 14.558633059263228 51.883876107633114 51.918805122375488 276.98077513277531 144.40787298232317 39.141180992126465 166.51820340007544 52.403554514050484 517.9713532589376 225.38944098725915 52.388277254998684 199.39700935035944 89.938833758234978 428.51027095317841 29.296760644763708 102.80861337482929 70.953517742455006 444.71574369817972 65.126434832811356 52.945340275764465 145.03181460872293 178.88332834839821 77.444767236709595 157.86992909014225 121.99194513261318 24.779966592788696 359.16668885201216 46.748668059706688 15.199524842202662 48.631179429590702 104.37401039898396 65.892912358045578 73.000391405075788 415.44411835819483 110.11744486168027 61.846215300261974 11.049522165209053 172.88749079406261 188.75172145664692 72.071678698062897 64.189845025539398 37.092864643782377 263.59146824479103 20.616309106349945 135.65330764651299 116.26958425343037 108.16122259944677 51.726521801203489 224.948057603091
leaf_count=112 496 70 75 255 34 734 85 160 51 572 253 88 40 9 53 55 73 1234 124 90 68 1858 266 197 554 136 964 109 123 89 671 76 46 111 62 53 349 262 46 299 44 36 121 899 49 279 772 349 318 20 1690 114 27 107 339 638 73 1022 469 387 159 432
internal_value=0 0.0258455 -0.0337639 0.0139823 -0.0437515 0.0425842 -0.0156281 -0.0257337 0.00903356 -0.00522365 -0.0546968 0.0622731 0.0335518 -0.000785651 0.0357585 -0.0343587 0.0144825 -0.00908776 0.0165496 0.0427791 0.0315458 -0.0370113 -0.0192852 0.0156617 0.011727 0.0383184 -0.00421192 -0.0418709 0.0578035 0.0341183 -0.0598829 0.0204611 0.08274 -0.0217227 0.0233905 0.0658829 0.0422566 0.0401841 0.0346286 0.029323 0.0224845 0.0291382 -0.00651195 -0.0135015 0.0102689 -0.032644 0.0147237 -0.0129248 -0.0204069 -0.0446528 -0.0174893 0.0377698 0.0501284 0.0457524 0.00351161 -0.0431031 -0.0246054 -0.0391573 -0.0509844 -0.0447224 -0.0573797 -0.0253686
internal_weight=0 4522.36 3537.4 2646.61 2281.15 1875.74 1256.25 637.281 2129.79 618.972 1053.51 445.906 516.822 754.166 1429.84 1227.64 1375.63 570.103 118.517 568.046 861.791 1014.64 529.406 1302.74 715.861 401.528 635.649 303.328 341.009 311.589 750.18 586.883 104.897 212.998 455.864 166.128 306.257 279.862 48.8689 745.197 210.565 79.3757 101.019 421.669 131.019 590.972 614.841 207.139 97.0212 274.031 277.262 259.705 174.88 116.593 148.434 423.671 82.4625 146.703 127.328 371.753 107.876 304.016
internal_count=19346 7371 11975 5274 6018 2097 5957 1102 4083 4855 2656 407 1191 2128 1690 3362 1955 4734 415 482 1208 3217 858 1904 1644 392 1713 1732 291 256 924 260 116 145 135 141 651 611 121 1033 540 291 318 3823 125 2137 1326 749 400 1623 2589 203 150 175 911 1080 391 1042 581 1025 244 592
cat_boundaries=0 23 44 65 86 108 130 153
cat_threshold=0 0 0 0 262144 0 28672 0 0 67108864 128 0 402653184 132 10 2052 604505120 0 0 207897600 10 0 32 3145728 0 0 0 0 0 16384 0 0 0 0 1136 0 0 2147483648 49152 536871232 0 0 0 8 0 0 0 0 0 0 2048 0 0 0 1024 4112 524288 0 0 4 604504064 0 0 147456 32 0 0 0 0 0 0 0 0 0 0 4096 0 16777216 16 2147483648 1152 2162689 0 136314880 1179652 268435456 1140850688 1073741824 2214592512 2049 0 0 8192 0 0 16 135168 33554432 0 197664 512 536871040 2097154 0 2281701376 268435460 301991424 33554448 268435457 0 8392705 1024 262144 0 0 0 604767752 2049 0 132128 131328 0 0 268435456 2415919109 0 65536 0 201326592 65537 0 0 0 36864 0 0 0 0 0 0 131136 16 18874368 537920256 0 2 8388608 0 8388608 1083183104 0 0 1
is_linear=0
shrinkage=0.05


Tree=18
num_leaves=63
num_cat=4
split_feature=67 63 64 67 66 66 0 3 3 0 64 66 67 67 63 24 71 66 70 0 0 64 46 67 52 68 3 66 49 58 67 64 64 66 52 70 60 67 66 10 47 70 66 45 37 50 64 49 57 8 58 49 71 56 71 64 64 66 3 53 37 67
split_gain=2489.15 329.623 218.469 106.67 95.9977 93.7945 44.5557 39.8079 38.7005 23.1915 21.4028 21.0405 19.0835 17.3637 15.9215 13.7285 13.106 12.8454 12.4957 10.9093 10.4282 9.92879 12.0354 9.6054 8.36953 8.28116 7.57395 10.9128 7.40289 12.8077 10.2235 7.03368 6.96565 6.8621 6.57156 6.20731 6.0784 6.07816 5.71914 5.53898 5.14643 8.40094 5.11718 5.04573 4.59587 4.35544 4.26727 4.10889 4.09404 4.75829 4.07601 4.01708 3.972 3.85736 3.62524 3.48486 3.47237 3.41146 3.3515 3.25223 3.17754 5.51651
threshold=113.89000000000001 440.8587500000001 56.030000000000008 20.145000000000003 240.10666666666671 1449.7700000000002 0 2019.5000000000002 2019.5000000000002 1 180.60750000000004 206.52333333333337 52.055000000000007 53.040000000000006 1360.2866666666669 0.6830127018922193 -43.39191269641519 3.6800000000000002 35.539716495766207 2 3 83.700000000000017 0.93301270189221952 4214.1650000000009 14.082572335908838 0.83333333333333337 2018.5000000000002 676.48500000000001 282.57111234571721 514.30840091151492 854.67000000000007 14.120000000000001 106.59000000000002 427.22000000000008 -231.38996844225161 0.64459521669553033 242.54974845424127 33.050000000000004 37.141666666666673 14.361215932167728 -19.578134098789075 6.5012197104142952 1.0000000180025095e-35 0.68301270189221941 1.0000000180025095e-35 -160.57889366133307 1543.8000000000004 29.340011294214012 0.16415267474746884 1.5000000000000002 407.27873894114992 -10.114310112452044 -94.691432760221474 201.05517338323276 -5.218739732269067 200.88750000000002 960.50000000000011 338.21333333333342 2019.5000000000002 -213.85722904687117 0.25000000000000017 627.18500000000006
decision_type=2 2 2 2 2 2 9 2 2 9 2 2 2 2 2 2 2 2 2 9 9 2 2 2 2 2 2 2 2 2 2 2 2 2 2 2 2 2 2 2 2 2 2 2 2 2 2 2 2 2 2 2 2 2 2 2 2 2 2 2 2 2
left_child=2 4 3 8 10 6 14 9 24 34 19 35 -9 37 26 44 -6 -10 20 -2 55 22 48 46 31 51 39 -28 30 -30 56 -1 -11 36 -4 -8 60 -5 -27 50 41 -23 -26 -39 58 -34 53 -33 49 -21 -3 -15 -16 -7 -14 57 -13 -18 -12 -29 61 -22
right_child=1 5 7 13 16 23 11 12 17 32 15 28 54 25 52 -17 18 -19 -20 21 33 40 -24 -25 42 38 27 59 29 -31 -32 47 45 -35 -36 -37 -38 43 -40 -41 -42 -43 -44 -45 -46 -47 -48 -49 -50 -51 -52 -53 -54 -55 -56 -57 -58 -59 -60 -61 -62 -63
leaf_value=-0.050993191275525429 0.020059032621697191 0.041934775523060713 0.048372874215348603 -0.037970535880534867 0.045021340161454225 0.059601765794507926 0.019553653205804315 -0.041133167149590678 -0.065257618736882322 -0.013343783136708198 0.015355592154724665 0.02794525071283421 -0.03207659265085621 -0.010216583201496703 0.067712953328557077 -0.017267102720302584 0.0061809034384055807 -0.052111005982001857 0.04561052113941378 0.0058836288831703998 0.015196073408666719 -0.0022742409273525809 -0.052144107926288707 0.075319085473379233 -0.0071986012037361657 -0.043964180145829514 0.019938810364575996 0.032001319667960146 0.028865740739925455 -0.0072317807234468642 0.03830728774809869 -0.037319035796597233 -0.027789872641733378 0.027885992357742657 0.015080893099190449 0.00020657704297918184 0.031493663484401933 -0.027735790975913461 -0.023392766641788212 0.028067623744755993 0.0045933966260767603 -0.032551833692504466 -0.03573718971156583 -0.040030938893832503 0.017975149157763715 0.0015162211713344094 0.065329696223488595 -0.0065135261896407462 -0.01969297743876549 -0.011312832822210689 0.055271895668048077 -0.025024597336376426 0.051241516645822008 0.044286284567691903 -0.014248277759349493 0.010266917429458516 0.012317086123521307 -0.027605588366265744 0.0048609498663474207 0.048262925303036358 0.025136494741234045 -0.0093796243436529356
leaf_weight=115.32219198718667 37.179122149944305 142.86902770400047 18.584218338131905 447.58521672710776 64.116884306073189 80.448333024978638 84.02522724121809 106.4927557297051 298.11137621290982 214.40105011314154 111.79449757933617 540.01374009251595 32.193537790328264 151.56008858606219 44.692778587341309 44.702777221798897 12.947590313851835 493.21327473595738 50.756525084376335 59.940167594701052 275.76223339885473 177.11868742480874 17.835260070860386 93.253180980682373 32.173314310610294 48.786972649395466 102.9632808342576 51.06836000084877 75.731977850198746 36.3756273239851 298.82107834517956 202.08481699600816 13.5828710347414 285.5787470266223 73.234933733940125 81.8374003469944 69.443316712975502 436.08452770859003 109.88540670648217 44.503459319472313 242.53016314655542 26.313619501888752 30.691405139863491 103.18955567851663 184.00824418663979 190.34248208254576 89.732489585876465 11.437122162431477 72.668712336570024 122.31059540808201 95.632216833531857 65.632036156952381 202.13817320764065 84.079718381166458 249.47156700491905 32.086967088282108 38.046895250678062 17.664227925240993 238.10101391375065 77.264734014868736 67.902541562914848 24.896104082465172
leaf_count=497 17 341 43 1642 54 31 263 182 318 2023 424 830 105 154 42 33 38 874 15 62 650 486 25 60 6 206 219 51 101 56 203 1537 82 258 283 49 76 1190 544 78 607 7 301 54 100 1370 50 93 258 589 153 103 280 80 391 98 43 85 361 89 74 31
internal_value=0 0.0242439 -0.0322359 -0.0397164 0.0106263 0.037694 0.0333593 -0.0110363 -0.0507011 -0.00185509 0.00211218 0.0262603 -0.0231029 -0.0301802 0.0432176 0.00934963 0.0232346 -0.0570637 0.0215657 -0.00342778 0.0200136 -0.0048543 -0.0124364 0.0615929 -0.0378474 -0.0210348 0.0387755 0.0320638 0.0292515 0.0171532 0.0307983 -0.041043 -0.00688677 0.0215579 0.0196763 0.0100077 0.0179241 -0.0336633 -0.0297179 0.044261 -0.000325879 -0.0061906 -0.0211315 -0.0300885 0.0115782 -0.000435772 0.0565587 -0.035669 -0.00965825 -0.00565712 0.0472826 -0.0146913 0.0542239 0.051775 -0.016286 -0.00107525 0.0269166 -0.0133152 0.00821407 0.0417918 0.0153674 0.0131611
internal_weight=0 4499.16 3444.06 2545.76 2235.66 2263.5 1915.98 898.303 1183.03 510.146 1334.5 1154.85 388.158 1362.72 761.132 578.607 901.155 791.325 837.038 755.896 786.282 718.717 272.755 347.514 391.709 375.865 514.301 231.296 988.989 112.108 876.882 328.844 418.326 723.583 91.8192 165.863 438.004 986.859 158.672 283.005 445.962 203.432 62.8647 539.274 533.904 203.925 254.261 213.522 254.919 182.251 238.501 217.192 246.831 164.528 281.665 62.6988 578.061 30.6118 349.896 128.333 368.561 300.658
internal_count=19365 7367 11998 7519 4348 3019 2798 4479 3626 3801 2969 1545 678 3893 1253 918 1379 1192 1325 2051 1310 2034 934 221 2434 1007 931 359 1233 157 1076 2127 3475 1089 326 312 831 2886 750 572 1100 493 307 1244 885 1452 161 1630 909 651 494 257 322 111 496 221 873 123 785 140 755 681
cat_boundaries=0 21 40 59 78
cat_threshold=2 32 2147484160 0 65584 0 0 0 0 1024 3072 0 0 0 0 8388628 38273024 100794377 268435584 98304 16 0 1074266112 16777216 0 33653760 524288 0 0 0 0 68096 16777216 1048576 0 2147483648 2164260884 0 0 131136 4096 0 1048576 0 0 0 8192 0 0 0 0 2097152 1 0 0 0 262144 0 16384 32800 256 0 0 134217728 0 0 0 0 0 0 0 0 0 0 0 536870912 0 130
is_linear=0
shrinkage=0.05


Tree=19
num_leaves=63
num_cat=6
split_feature=67 63 63 67 66 67 0 3 66 3 67 0 0 66 63 66 58 70 3 56 66 58 25 0 68 53 67 0 64 65 65 3 3 67 47 67 91 63 22 51 66 68 51 71 73 52 65 1 49 59 66 63 60 66 49 5 65 67 58 68 57 37
split_gain=2346.9 281.51 267.472 110.119 77.3168 54.1075 45.7776 29.9195 22.6597 23.0511 22.1549 21.8922 21.2624 15.979 15.4739 14.7298 12.6751 12.1712 11.1064 10.6202 9.1994 8.07454 7.92965 7.76592 7.69823 8.59089 7.69566 7.59857 6.69815 6.65145 6.14689 5.41775 5.31995 5.23425 5.17817 4.97982 4.97908 8.16644 4.97343 4.62698 4.59865 5.5679 4.51636 4.44681 4.38411 4.2765 4.4589 5.68691 4.46463 4.37631 4.11263 4.02905 3.82679 3.82289 3.69483 3.65273 3.58349 3.56549 3.45888 3.42332 3.33531 3.20329
threshold=127.55500000000002 678.0725000000001 44.841666666666676 394.63000000000005 14.793333333333335 2125.0550000000007 0 2019.5000000000002 18.911666666666672 2019.5000000000002 899.73500000000013 1 2 4.078333333333334 338.6806944444445 155.41166666666669 1122.8101206542533 11.22119526388723 2018.5000000000002 42.497372077640172 220.13500000000002 757.26329241655083 1.0000000180025095e-35 3 0.58333333333333337 -16.09378443278224 17.970000000000002 4 10.982500000000002 81.020000000000024 15.030000000000003 2019.5000000000002 2018.5000000000002 1101.6700000000003 -144.44864589259615 17.970000000000002 1.0000000180025095e-35 396.25867424242426 -0.5 459.4696412404391 543.85666666666668 0.41666666666666669 130.06295227319308 -49.230862316166899 5 301.58302675963654 648.83000000000015 2.5000000000000004 -181.45428828299609 -143.49960114314533 73.286666666666676 792.68893939393956 176.4544823087341 37.141666666666673 -171.89830973396781 0.6830127018922193 76.02500000000002 223.20000000000002 285.82809911089754 0.58333333333333337 83.45740269494938 1.0000000180025095e-35
decision_type=2 2 2 2 2 2 9 2 2 2 2 9 9 2 2 2 2 2 2 2 2 2 2 9 2 2 2 9 2 2 2 2 2 2 2 2 2 2 2 2 2 2 2 2 9 2 2 2 2 2 2 2 2 2 2 2 2 2 2 2 2 2
left_child=2 3 4 12 7 11 14 22 9 27 23 18 31 -9 32 24 52 30 21 -12 60 55 28 54 -14 42 -11 34 -1 -10 -6 -2 -4 -20 -8 -15 37 -21 -24 -31 41 -25 50 -23 -27 46 48 -48 -22 -50 -26 -16 -7 -32 -5 -3 -46 -33 -43 -28 -13 -56
right_child=1 5 6 10 17 16 8 13 29 26 19 20 15 35 51 -17 -18 -19 33 36 45 43 38 40 25 44 59 -29 -30 39 53 57 -34 -35 -36 -37 -38 -39 -40 -41 -42 58 -44 -45 56 -47 47 -49 49 -51 -52 -53 -54 -55 61 -57 -58 -59 -60 -61 -62 -63
leaf_value=-0.053872841876724753 0.023719772148191692 0.048299710922832653 0.0074565323812991096 0.018651568464255471 -0.039660357855799196 0.056779671929978098 0.040235021685986784 -0.063593098753558577 -0.017065734298977377 -0.060693246403563772 0.044037462786329917 -0.004024878348950333 0.0093174289669727319 -0.053402352557126914 0.020892396023974261 0.0090809983683256806 0.073292478307340897 -0.020818538974929517 0.026428906645697123 -0.0011102905423213503 0.028522824280528266 0.074146680708655502 -0.0088767375734068177 0.03866920513605427 -0.027574278978537578 0.0060254713509932077 -0.027958010093510278 -0.023284182864167183 -0.037358412238943824 -0.0066049402337851146 -0.032383738035789193 -0.0044176709017823054 -0.015555447941291179 0.041438327432823469 -0.006397882803188211 -0.043567512563443572 0.038274842694633701 0.029113424452152811 -0.034394358508546587 -0.027126170971819644 0.028861666095215045 0.021046406354064257 -0.028368383117766845 0.05295117270775427 -0.020719193032787478 0.040586448456446385 0.016207768473873074 0.034830192384919363 0.022303059308746639 -0.0035332427243199844 -0.0063234749551758776 0.046712883844489489 0.043894911322950501 -0.020331698408392634 -0.014694194959336857 0.033742073211425937 -0.0019284592081974816 0.014580428178800873 0.0094315887868863524 -0.04579173729338315 0.022209700341073169 0.010212574497982074
leaf_weight=82.691139236092567 164.66394682228565 200.31354257464409 77.320384070277214 30.094470553100109 265.9186885766685 178.33942073583603 6.458098553121089 316.97949752211571 358.35040902718902 39.994015868753195 184.48022538423538 29.143556192517281 117.68607179820538 318.10241274908185 40.066672801971436 481.59449525177479 103.13778269290924 249.25670035555959 88.35560616850853 31.662894994020462 77.283004641532898 42.591064028441906 32.390232246369123 42.107692718505859 26.184929963201284 165.47995048388839 66.828065037727356 124.56375478208065 238.46596344560385 421.82815623283386 308.33165185898542 31.448759436607361 37.198188316076994 169.54452608525753 76.103910751640797 216.18649877980351 59.215814918279648 75.98752124607563 46.518756981939077 29.381461642682552 236.34095610678196 716.53035585582256 35.833180699497461 59.060184925794601 31.182562969624996 72.98948547244072 50.638680726289749 215.29853121936321 36.958719909191132 29.451209023594856 174.42887958884239 24.253812581300735 85.136569172143936 83.64819647371769 28.36076695472002 54.899546176195145 136.16601623594761 115.02834348380566 70.396469302475452 45.049012128263712 20.734587356448174 23.694538176059723
leaf_count=348 616 339 453 32 640 93 21 326 1784 132 73 77 72 554 141 809 70 95 129 93 96 49 21 3 72 192 29 1074 1798 1595 1160 126 254 138 718 423 46 109 340 13 202 1151 30 73 196 90 82 290 62 42 491 55 60 310 120 95 380 232 91 123 47 17
internal_value=0 0.0241549 -0.0304305 0.0152318 -0.0413419 0.0417113 -0.0129506 -0.0493991 -0.0164757 -0.0270723 0.024784 0.0363678 0.00555589 -0.0546994 0.0104214 0.00235629 0.058433 -0.0302277 0.0434941 0.0357699 0.02682 0.0499148 -0.0381212 0.0214203 -0.00232377 -0.00473036 -0.0418685 -0.0162233 -0.0416105 -0.0119802 -0.0337926 0.0169521 -1.82724e-05 0.0362962 -0.00245308 -0.0494229 0.0266296 0.0202238 -0.02392 -0.00794122 0.022498 0.0209552 -0.0120177 0.0618319 0.00044672 0.0294364 0.0274496 0.0312842 0.0203529 0.0108453 -0.00909722 0.0306287 0.0526162 -0.0298118 0.00419483 0.0451682 -0.00512363 0.0105015 0.0200074 -0.035139 0.00688096 -0.00335713
internal_weight=0 4492.44 3505.89 2978.57 2158.49 1513.88 1347.4 1251.33 1168.56 358.997 1498.87 1147.26 1479.7 851.268 178.839 1168.56 366.614 907.155 614.764 351.346 532.498 356.864 400.066 1147.53 686.962 569.276 151.871 207.126 321.157 809.56 657.899 311.141 114.519 257.9 82.562 534.289 166.866 107.65 78.909 451.21 1065.38 829.035 236.447 101.651 332.829 482.62 409.63 265.937 143.693 66.4099 200.614 64.3205 263.476 391.98 82.1498 255.213 167.349 146.477 786.927 111.877 49.8781 52.0553
internal_count=19392 6985 12407 5153 6015 1832 6392 3810 5489 2097 1937 1609 3216 1303 903 2242 223 2205 823 321 786 556 2507 1616 1433 1361 284 1813 2146 3392 2110 974 707 267 739 977 248 202 361 1608 1447 1245 593 122 768 662 572 372 200 104 563 196 153 1470 169 434 576 358 1242 152 124 137
cat_boundaries=0 19 40 62 81 97 98
cat_threshold=65536 1076363296 16777216 0 33588224 0 1024 1207959552 131072 0 16845312 16777216 1048576 0 2147483648 3221233681 4 34 131136 2 32 2147484160 0 65584 0 0 0 0 0 3072 0 0 0 0 8388688 38273024 100794368 268435584 32768 8 2147485764 64 1048576 0 144 20480 0 1073741824 0 526400 2560 2097152 0 0 4096 0 4 65638 16448 131072 0 134217728 524288 0 0 0 128 0 0 0 0 0 0 0 0 0 0 67108864 1090519696 0 2 1075838976 32768 1082130432 0 134283392 2048 33554432 0 262144 0 2097152 266253 67584 886 2097152 6 42078832
is_linear=0
shrinkage=0.05


Tree=20
num_leaves=63
num_cat=3
split_feature=67 66 65 67 0 66 3 0 3 67 67 65 67 0 64 64 67 64 47 3 66 68 66 65 68 3 68 20 57 67 64 68 65 51 64 64 66 57 64 65 51 53 47 58 66 10 67 67 67 66 8 3 66 58 89 8 64 5 16 60 19 67
split_gain=2121.64 259.665 201.17 89.7656 87.6512 66.9872 45.494 35.2335 34.2822 41.2131 26.4367 22.9102 20.5321 19.444 18.1269 17.9566 15.0712 9.87427 9.03706 8.71215 8.44469 8.19189 7.79772 7.11851 6.72056 6.63199 6.58318 6.52822 7.36193 6.16954 5.95247 5.93299 9.72842 6.2458 5.92179 5.89271 5.51465 5.21795 5.13852 4.89187 4.82334 4.68483 4.08258 5.24267 4.03833 4.00762 3.95392 3.89551 3.71014 3.65412 3.62094 3.88101 3.60914 3.54569 3.29964 3.18825 3.11195 3.3498 3.04221 3.14884 4.19931 3.80287
threshold=109.94000000000001 399.25000000000006 50.005000000000003 17.970000000000002 0 1125.7800000000004 2019.5000000000002 1 2018.5000000000002 39.165000000000006 284.8250000000001 6.0850000000000009 4214.1650000000009 2 819.8850000000001 796.91500000000008 39.165000000000006 21.012500000000003 -396.3936807857549 2019.5000000000002 112.57333333333337 0.58333333333333337 3.3450000000000006 1575.0450000000003 0.83333333333333337 2019.5000000000002 0.83333333333333337 0.25000000000000017 18.325840921148149 81.335000000000022 42.982500000000009 0.58333333333333337 14.020000000000001 -1.0662238423249482 92.632500000000007 162.74000000000004 579.37833333333344 -4.8231721250695561 2.1800000000000002 9.0250000000000021 33.610799711121906 -9.1025262536096481 -330.83209039229121 823.98648501979835 77.978333333333339 6.9641016151377562 521.50000000000011 18.030000000000005 482.94500000000005 676.48500000000001 2.5000000000000004 2020.5000000000002 17.045000000000005 150.84678674631422 1.0000000180025095e-35 1.5000000000000002 30.015000000000004 0.6830127018922193 0.6830127018922193 1.0000000180025095e-35 -1.0000000180025095e-35 559.97500000000014
decision_type=2 2 2 2 9 2 2 9 2 2 2 2 2 9 2 2 2 2 2 2 2 2 2 2 2 2 2 2 2 2 2 2 2 2 2 2 2 2 2 2 2 2 2 2 2 2 2 2 2 2 2 2 2 2 2 2 2 2 2 2 2 2
left_child=2 4 3 6 14 15 17 30 13 40 19 -12 23 18 50 24 39 38 -4 35 26 -13 -8 27 -3 42 41 28 -7 -11 -6 -18 33 -33 -15 -9 54 -19 -1 -5 47 -21 -17 -44 -28 -20 -16 -10 -32 -27 -2 -52 -34 -37 -26 -35 57 -41 59 60 -23 -61
right_child=1 5 8 16 7 12 22 10 9 29 11 21 -14 34 46 25 31 37 45 20 -22 58 -24 -25 36 49 44 -29 -30 -31 48 32 52 55 -36 53 -38 -39 -40 56 -42 -43 43 -45 -46 -47 -48 -49 -50 -51 51 -53 -54 -55 -56 -57 -58 -59 -60 61 -62 -63
leaf_value=-0.022992226526521119 0.030469190160445438 0.037850175501002177 0.06155791898858938 -0.042505442652458848 -0.033124161310246793 0.043263690574557145 -0.064637731693177158 0.00097036372287312542 -0.053385425958225367 -0.01801775522271909 -0.018917647920729315 0.02356765948536544 0.071957709091967414 -0.013586611780781599 0.038261792113398689 0.030788567425683477 -0.017485278019922265 -0.010803442297422867 0.022763493874641119 -0.007114921462296058 0.0056790980235598273 -0.0032220413780405278 -0.053510026800248217 0.056160559311617501 0.023277480245767507 0.021203315996111877 -0.02969561677895708 0.05344833953935918 0.023440697243473262 -0.0061140217516780729 -0.0060293691410342083 -0.028828275973102058 -0.048323395629174565 -0.061831509016245748 -0.00050705818599573564 0.011391519666288272 0.028637666045950819 -0.031731914612483897 -0.046620456288951638 -0.033130285608263095 -0.028558518742582487 0.007582772101009428 0.042268411316837728 0.061086251815702985 -0.0092102103125797259 -0.0069620216168489613 0.056453448047754054 -0.035026922530369965 -0.026344098317172035 0.036763143872947456 0.022785795492634452 0.0076494785331471266 -0.021759352678219882 0.027681948699369352 0.013208851693439105 -0.040693316425137543 -0.025241884069920967 -0.046463159252353413 0.0040260418278285576 0.01535126292938712 0.013329968136412452 0.028884876369605683
leaf_weight=27.11892731115222 108.31041432917118 111.58466851711273 12.748013705015181 198.0538706369698 27.783577088266611 161.04477667808533 279.48966692574322 83.363746974617243 71.095297742635012 204.71967335417867 48.743788257241249 273.69201046228409 91.93036413192749 162.56451922655106 166.4302444010973 49.198557123541832 180.48059849441051 42.944949608296156 44.447507530450821 116.39616651087999 341.07692264020443 43.882047198712826 360.49653899483383 123.43860363960266 351.7702315300703 62.472847998142242 33.103368043899536 89.412829548120499 66.045964986085892 232.43559347465634 184.79549783095717 89.382662191987038 13.359760254621504 27.65337086841464 185.0410643927753 85.520538993179798 475.43639796972275 97.173538848757744 151.86393888294697 290.24161768704653 60.026540651917458 101.49143320322037 151.65024110674858 48.963225573301315 88.040265619754791 15.222035087645052 36.402256458997726 48.681114725768566 25.587462604045868 95.278613060712814 196.88037340342999 53.954828221350908 298.0516239143908 54.809626683592796 105.85674457997084 50.259332831948996 98.982410740107298 56.238016426563263 76.815681993961334 254.08462294191122 302.27886725962162 65.233206622302532
leaf_count=18 152 84 24 531 211 112 276 563 112 483 22 20 62 1769 315 72 64 247 176 71 437 44 705 85 532 67 128 53 72 315 577 278 47 23 1454 315 405 768 906 811 71 44 221 52 242 66 38 164 62 75 565 203 1266 126 195 166 907 265 149 517 560 62
internal_value=0 0.0214803 -0.0307107 -0.0390712 0.0115869 0.0352861 -0.0506802 0.00697365 -0.0124752 -0.0199764 0.00918209 0.0145672 0.050467 -0.00145702 0.0290604 0.0297261 -0.0305244 -0.0352582 0.020512 0.00293968 0.000124321 0.0161737 -0.0583696 0.0459763 0.0262533 0.0386274 -0.00546397 0.0420043 0.0374985 -0.0116885 -0.0109144 -0.0252107 -0.0281233 -0.0378481 -0.00643874 0.0114994 0.0248664 -0.0253175 -0.0430404 -0.0359675 -0.0401265 -0.000268777 0.0436958 0.0468612 -0.014808 0.0151803 0.0415266 -0.0459239 -0.00850011 0.0306011 0.022829 0.01953 -0.022899 0.0177542 0.0209484 -0.0481958 -0.0330607 -0.0352944 0.0134475 0.014535 0.0112317 0.018116
internal_weight=0 4752.76 3298.77 2261.79 2768.68 1984.08 959.088 2206.7 1036.98 616.958 1968.53 1064.73 531.873 420.023 561.978 1452.21 1302.7 319.101 72.4176 903.802 680.108 1015.99 639.986 439.942 1044.65 407.563 339.031 316.504 227.091 437.155 238.167 659.187 478.707 167.295 347.606 223.694 933.063 140.118 178.983 643.516 179.803 217.888 249.812 200.613 121.144 59.6695 202.833 119.776 210.383 157.751 359.146 250.835 311.411 140.33 457.627 77.9127 445.462 346.48 742.294 665.479 346.161 319.318
internal_count=19422 7510 11912 7278 5423 2087 2920 4150 4634 1145 3300 1374 384 3489 1273 1703 4358 1939 266 1926 922 1352 981 322 1216 487 485 237 184 798 850 1844 1780 467 3223 1004 1132 1015 924 2514 347 115 345 273 370 242 353 276 639 142 920 768 1313 441 727 189 1983 1076 1332 1183 604 579
cat_boundaries=0 20 41 60
cat_threshold=0 32 0 0 102416 16384 0 0 0 2560 3584 2097152 0 0 2147483648 8396820 17039360 234946668 4202496 65536 32768 1048576 8388608 32 1024 32 0 0 0 4194320 49152 1073741824 0 857210880 32 67108864 1610612736 32896 167772162 16 64 65536 1073741824 16777216 0 33588224 0 1024 0 0 0 2560 16777220 1048576 0 2147483648 2164261396 0 0 131136
is_linear=0
shrinkage=0.05


Tree=21
num_leaves=63
num_cat=5
split_feature=66 67 64 67 63 67 66 0 64 64 65 63 57 63 50 57 56 65 54 0 66 67 66 0 66 60 55 58 66 70 67 67 73 65 65 67 56 67 65 51 68 70 50 71 71 67 73 56 67 71 70 60 50 68 63 64 1 56 50 53 65 60
split_gain=1959.68 243.591 190.576 109.372 98.5133 38.5293 33.7209 30.091 26.3858 20.5768 18.3247 13.8585 12.5692 12.1103 12.0245 11.1965 10.8052 9.20564 8.99557 8.86321 9.67509 8.3213 9.42282 7.9174 7.76103 7.22378 7.34068 8.42316 6.65797 6.65045 6.12406 5.96136 8.388 7.55828 5.83751 5.48277 5.1314 4.92386 4.84699 4.72311 4.69472 4.5046 4.25866 4.25567 4.00153 3.98823 3.91385 4.46199 4.398 3.87257 3.61763 3.58172 3.44862 3.41374 3.41459 3.192 3.12913 3.84083 3.06649 2.95236 2.79651 2.78461
threshold=63.991666666666667 899.73500000000013 63.235000000000007 20.145000000000003 325.25250000000005 294.23000000000008 3583.2166666666672 0 1025.0600000000002 19.020000000000003 32.040000000000006 1517.8033333333335 14.349118815918839 173.70250000000004 -321.84650349119153 -4.8231721250695561 2.039145411995952 109.07000000000001 0.22601586558474848 1 10.363333333333335 10.035000000000002 1.0000000180025095e-35 2 1972.5800000000002 -473.27789446226211 131.02109758947711 757.26329241655083 196.9266666666667 0.43042390581468953 4.0400000000000009 689.94000000000017 3 124.03000000000002 9.0250000000000021 67.315000000000012 8.9271329714977607 3.0600000000000005 1211.7150000000004 628.90647601807223 0.58333333333333337 9.2920259767912281 -74.979422810199523 21.288617950839022 0.19982891922379051 229.06000000000003 4 16.343648888530726 157.05000000000004 -32.357271598189989 0.77745073231721851 14.606693260357384 -21.11844457014174 0.83333333333333337 338.6806944444445 444.74500000000006 3.5000000000000004 709.25134162537086 -341.06943399302196 -122.48013417425013 10.045000000000002 -65.976598544855577
decision_type=2 2 2 2 2 2 2 9 2 2 2 2 2 2 2 2 2 2 2 9 2 2 2 9 2 2 2 2 2 2 2 2 9 2 2 2 2 2 2 2 2 2 2 2 2 2 9 2 2 2 2 2 2 2 2 2 2 2 2 2 2 2
left_child=2 4 3 9 5 17 11 14 23 21 16 24 31 -14 -4 51 -5 46 -19 -9 -21 22 -1 39 25 -3 27 53 43 38 -17 32 -7 42 36 -12 44 -24 -10 55 -22 61 -34 59 -18 -20 47 -2 -48 -16 -32 -11 -50 -27 -55 -6 -13 -58 -56 -25 -23 -30
right_child=1 6 7 10 8 12 -8 19 29 15 35 56 13 -15 49 30 34 18 45 20 40 60 37 28 -26 26 -28 -29 41 -31 50 -33 33 -35 -36 -37 -38 -39 -40 -41 -42 -43 -44 -45 -46 -47 48 -49 52 -51 -52 -53 -54 54 58 -57 57 -59 -60 -61 -62 -63
leaf_value=-0.030743187482276658 -0.025518642861083254 0.017574806248224047 0.050633004152804098 -0.021478599111314913 0.016296678827988152 0.018104471759234783 0.074193731032310126 -0.003569421835997635 0.030980073180140413 -0.031007410495960896 -0.023068726813555349 0.040943401164833124 -0.035549390201040663 0.0065492032524395762 0.032038838713789514 -0.055417698837950148 -0.053745873232623857 -0.022775379530528824 0.0018726430523507223 -0.033316483516420463 -0.0042282043564831192 -0.050344387596438805 -0.066190258978710947 -0.0020036404040507821 0.050297135813640148 0.040410462347403669 0.019497204858919058 0.053567188782287327 0.011314450196838376 0.024837630962979904 -0.032982257324999473 0.027779326545382566 -0.020644430493867647 0.011590740779361678 -0.031468937070231386 -0.011395677653012876 -0.032394237448496746 -0.055012933120229091 0.046813808081005798 0.047945483414795431 -0.017903085198911831 0.030668872237381975 0.0031425114597685511 -0.0083888131373617784 -0.033883498706753598 0.010886158976293116 -0.0096171620076602373 -0.0073967077870999674 -0.0038081825992390197 0.0032816054973940933 -0.047468384172219498 -0.0068570409360895444 0.012923562336180999 0.020818814405995246 0.025058285727029124 0.026429662661383104 0.060099800063285462 0.044078260053188573 0.036320240819807552 0.014871028390176545 -0.041117884553701876 0.019085823195938184
leaf_weight=31.29506404325366 40.244759783148766 66.507133632898331 16.139092057943344 205.66755863279104 96.728453643620014 450.96789260208607 67.221534967422485 169.22557625547051 76.649838358163834 29.817736653611064 310.51210575178266 89.268548026680946 23.150949813425541 65.173840880393982 12.661267325282095 66.300972584635019 87.921800103038549 30.589623153209686 342.189338080585 85.813574194908142 83.501713074743748 225.70246381312609 157.09532767534256 33.131618030369282 73.820827931165695 175.90680514276028 70.8611960709095 64.687975376844406 159.0949410200119 92.39866603910923 129.21045667491853 86.513071678578854 32.14952689409256 206.23318169265985 483.34489218890667 148.79908859357238 91.464651089161634 264.29806856252253 130.83236566185951 22.337927967309952 252.70435762777925 66.697229146957397 45.370999321341515 33.909335352480412 35.63466040790081 191.35187368839979 80.368358600884676 217.75942853093147 56.026560828089714 155.32644667476416 64.668336383998394 31.647512689232826 68.387909177690744 57.732893973588943 76.840145036578178 395.47217927873135 81.615770116448402 69.059962272644043 283.26987379044294 119.08703092485666 129.10258362442255 418.43263351172209
leaf_count=24 230 94 33 87 271 204 45 1610 145 353 1483 66 53 143 25 148 239 9 897 215 72 499 213 84 54 118 93 44 289 103 1130 93 60 406 1693 341 331 778 192 31 1005 6 73 61 67 284 173 901 65 816 100 124 51 105 79 980 58 64 229 167 426 603
internal_value=0 0.0200711 -0.0302169 -0.0369515 0.013586 0.00594326 0.0398068 -0.00856807 0.0225841 -0.0484604 -0.0274196 0.0377236 0.0134372 -0.00448533 0.0089248 -0.0377658 -0.0315515 -0.000694271 0.00359348 -0.0139311 -0.0179072 -0.0527204 -0.057214 0.0195937 0.0347884 0.0333497 0.0347883 0.0364339 0.0157694 0.0359954 -0.0423 0.0153648 0.013903 0.00636338 -0.0345179 -0.0192871 -0.0413717 -0.0591798 0.0409644 0.0249735 -0.0145067 0.0183658 -0.00672247 0.00762972 -0.0480174 0.0051053 -0.00592098 -0.00984199 -0.000477038 0.00544904 -0.0378141 -0.0185728 0.00538889 0.0345673 0.0321074 0.0244383 0.0483616 0.0527566 0.0339172 0.0111981 -0.0469871 0.016945
internal_weight=0 4758.04 3267.86 2492.48 3581.25 1936.48 1176.79 775.372 1644.77 1129.14 1363.34 1109.57 909.559 88.3248 184.127 321.645 904.034 1026.92 564.131 591.245 422.02 807.494 452.688 1344.89 869.627 795.806 729.299 658.438 830.353 299.881 260.18 821.235 734.722 283.754 698.366 459.311 215.021 421.393 207.482 514.539 336.206 644.225 77.5205 186.128 123.556 533.541 462.787 258.004 204.783 167.988 193.879 61.4652 124.414 593.75 417.843 492.201 239.944 150.676 360.11 152.219 354.805 577.528
internal_count=19435 7623 11812 8036 6574 3642 1049 3776 2932 3795 4241 1004 1032 196 874 1855 2417 2610 1190 2902 1292 1940 1015 2492 816 762 668 575 1210 440 1378 836 743 539 2330 1824 637 991 337 1282 1077 898 133 312 306 1181 1420 1131 289 841 1230 477 116 531 413 1251 188 122 308 251 925 892
cat_boundaries=0 19 35 55 56 57
cat_threshold=229376 1075871744 83886080 0 33653760 524288 0 134217728 0 0 16812544 8650753 1048576 0 2147483648 1073741879 0 0 131136 1075838976 0 8388608 0 160 2099200 33554432 2147483656 393216 0 805314560 25092 59392 382 0 2147485696 1040 32 25165824 16 16 16384 0 0 2147483648 271876 3584 0 0 0 2147483648 260 0 134283385 4194304 196608 2511872 60883984
is_linear=0
shrinkage=0.05


Tree=22
num_leaves=63
num_cat=5
split_feature=67 67 65 67 0 0 3 3 67 67 1 64 65 3 67 67 64 0 68 65 3 3 70 63 63 67 57 67 24 67 5 56 51 51 50 3 73 70 65 79 67 8 56 64 0 48 37 65 65 78 47 79 67 67 67 70 36 65 70 70 5 67
split_gain=1706.56 223.028 181.795 71.4098 69.6096 56.3812 38.5027 37.9527 45.3262 28.6125 19.2115 17.1563 15.2316 13.7875 13.582 12.6629 11.8801 13.6665 10.5661 10.1748 10.1501 9.94472 9.28586 13.3248 8.79274 8.47233 8.03855 7.81509 7.64618 6.8987 7.00392 6.35228 8.04845 5.89743 5.78992 5.75663 5.71295 5.30127 5.2619 4.89089 4.36181 4.18005 3.84252 3.82367 3.79191 3.77704 3.75709 3.92106 3.60374 3.58482 3.57687 3.39135 3.3745 3.35145 3.28253 4.64171 3.2797 3.16596 3.0684 3.00077 2.95944 2.95387
threshold=109.94000000000001 503.08500000000004 41.040000000000006 20.145000000000003 0 1 2019.5000000000002 2018.5000000000002 33.050000000000004 314.8250000000001 2.5000000000000004 131.25000000000003 111.03000000000002 2019.5000000000002 3350.6200000000003 7.3500000000000005 796.91500000000008 2 0.58333333333333337 16.005000000000006 2013.5000000000002 2018.5000000000002 19.688967947717089 293.46708333333339 111.31416666666668 66.02500000000002 237.3059190374141 298.40000000000003 0.6830127018922193 2125.0550000000007 1.0000000180025095e-35 10.017258595718459 43.093221649998092 -1.0662238423249482 -600.64795516279571 2019.5000000000002 3 2.9397709173797684 13.005000000000001 1.0000000180025095e-35 17.970000000000002 1.5000000000000002 9.869601111539259 18.020000000000003 4 -177.69709733220279 0.25000000000000017 1036.7800000000004 1005.8800000000001 1.0000000180025095e-35 -14.916670458789065 1.0000000180025095e-35 1754.5450000000003 49.255000000000003 229.06000000000003 0.3878363774646631 0.25000000000000017 380.65500000000003 0.59282412373949189 11.22119526388723 0.6830127018922193 56.105000000000011
decision_type=2 2 2 2 9 9 2 2 2 2 2 2 2 2 2 2 2 9 2 2 2 2 2 2 2 2 2 2 2 2 2 2 2 2 2 2 9 2 2 2 2 2 2 2 9 2 2 2 2 2 2 2 2 2 2 2 2 2 2 2 2 2
left_child=2 5 3 6 10 13 20 11 35 12 -3 44 27 46 21 -8 17 39 53 33 -1 49 23 31 38 -10 29 36 54 30 48 -19 -33 61 -13 58 43 57 50 -6 -37 -38 -35 -7 -4 -32 47 -2 -18 -12 -22 -45 -23 -5 55 -14 -17 -25 -9 -21 -36 -20
right_child=1 4 7 18 16 9 15 8 25 -11 14 34 28 -15 -16 56 26 22 19 59 24 52 -24 37 -26 -27 -28 -29 -30 -31 45 32 -34 42 60 40 41 -39 -40 -41 -42 -43 -44 51 -46 -47 -48 -49 -50 -51 -52 -53 -54 -55 -56 -57 -58 -59 -60 -61 -62 -63
leaf_value=-0.016667214464745266 0.023357889530932763 0.022215130391019518 0.00062154044312211806 -0.023651786180938099 0.0094379107247878381 -0.039581423784401874 -0.062564452666984988 -0.015427906648277862 -0.021481529386174529 0.012732059264223342 0.060159603811202667 0.047194428447679113 0.020090823097983983 0.0097694807578036016 0.065738072644521181 -0.046382517973678615 0.030119363690974635 0.026876706329803865 -0.033544830441237274 -0.027376477206944694 -0.025985236747848695 0.03074689063072833 0.038253438148890602 0.014507247771871285 0.010599959308618593 -0.0082119642059968554 0.01435466361084207 -0.040311321092608821 -0.014575946480181363 0.047464158840950996 0.030876009253053144 0.012912278441350837 -0.014461523594070911 -0.048238368268408459 0.012487427154254559 -0.055901245055357665 0.0060516222476024069 0.02885082777557187 -0.033063110425327086 -0.016195723859002389 -0.037203852458852903 -0.0065179703904542589 -0.03247204412352727 -0.015768234844107942 -0.012404154186329491 0.016486539943190666 0.041855464426614239 0.035640080746974882 0.045192545259535956 0.04667540733417104 -0.051620075725420267 0.0090002435926632481 0.043372995301105721 -0.010026177758472464 0.0093138442580071989 0.0010028077796955901 -0.059133247424864144 0.023664433514304199 -0.042982761723746092 -0.016567505164209257 -0.0028615567914491739 -0.017595399694244323
leaf_weight=72.383978713303804 229.03705290704966 73.308500334620476 83.015274401754141 96.928130395710468 65.454244874417782 14.544842306524513 269.37061690911651 25.129729054868221 184.49996280670166 686.96556432545185 102.13105881214142 10.290704891085623 34.676883146166801 128.43210335820913 103.78542220592499 320.0092545337975 71.108154714107513 37.120069354772568 167.57770536839962 360.63452185690403 15.939291574060915 90.049384787678719 101.79947401583195 130.32368579506874 9.0049358457326871 345.63939014822245 59.895761266350746 17.46760218590498 51.143274337053299 76.962877482175827 98.733409360051155 75.190698221325874 41.769041895866394 121.99991380050778 121.87701636552811 72.438630308955908 104.96843117848039 421.75009985268116 133.52967158704996 26.000048242509365 54.780663598328829 178.81940288841724 56.561934109777212 101.92908906564116 204.86523292586207 84.748064488172531 47.918954282999039 90.720951780676842 89.643659442663193 95.26706275343895 93.020679838955402 15.987916667014359 128.33925393223763 84.448839880526066 311.74407728016376 390.55390498787165 59.866360427811742 342.31768244504929 16.895952265709639 78.119140531867743 42.305339977145195 35.112055417150259
leaf_count=333 699 83 676 129 120 90 334 166 456 957 81 24 112 384 70 751 99 21 502 1875 150 108 20 257 35 550 92 25 59 37 56 112 54 256 722 83 83 150 1081 99 90 593 277 512 2362 86 47 180 99 100 423 63 66 27 440 805 76 640 45 20 242 163
internal_value=0 0.0192149 -0.028368 -0.0376018 0.0302903 0.00855038 -0.0472476 -0.0126741 -0.0200221 0.00454419 0.0454106 -0.00155914 -2.21739e-05 0.0234011 0.0495574 -0.0542721 0.02468 0.0222389 -0.0282283 -0.0306438 -0.0331662 0.0455185 0.0236306 0.0224362 -0.0379148 -0.0128301 0.0314938 -0.00754755 0.00411919 0.0339311 0.0309054 0.00885583 0.00313646 -0.0366187 0.0108128 -0.0425501 -0.00617265 0.0247758 -0.0397164 0.00193843 -0.0478501 -0.00180508 -0.0432442 -0.014313 -0.00905726 0.0242297 0.0287992 0.0268426 0.038525 0.0536519 -0.0478701 -0.01241 0.0381668 -0.0173077 0.00541657 0.0025594 -0.048392 0.0211395 -0.026506 -0.025452 0.00853241 -0.0307819
internal_weight=0 4720.61 3136.24 1974.51 2315.7 2404.91 973.125 1161.74 699.384 1908.8 592.881 462.354 1221.84 496.109 519.572 649.246 1722.82 1241.73 1001.38 820.005 323.879 415.787 1150.27 1048.47 251.495 530.139 481.092 433.717 788.118 421.196 344.233 154.08 116.96 381.252 174.473 169.245 416.25 894.391 242.49 91.4543 127.219 283.788 178.562 132.462 287.881 183.481 367.677 319.758 160.752 197.398 108.96 117.917 218.389 181.377 736.975 425.231 379.876 472.641 42.0257 438.754 164.182 202.69
internal_count=19347 7499 11848 6432 2450 5049 3183 5416 1390 3739 508 4026 2782 1310 425 1161 1942 1473 3249 3093 2022 355 1254 1234 1689 1006 469 1366 1416 377 340 187 166 1198 988 384 1341 1047 1654 219 173 676 533 665 3038 142 926 879 198 181 573 575 174 156 1357 917 827 897 211 1895 964 665
cat_boundaries=0 20 40 61 62 81
cat_threshold=0 0 3581936128 32 90112 0 0 0 0 0 0 0 0 0 16384 8388688 34078720 0 0 32768 0 32 0 0 65680 16384 0 0 0 788992 3584 2097152 0 0 4096 8388612 4194304 100728959 16384 131072 524288 0 524288 0 0 0 0 0 0 0 0 0 0 0 0 4 545259520 0 130 0 16 16788608 268435456 0 0 1073742081 98304 2099200 33554432 2215116800 393728 0 16785408 24580 2048 0 32 2090 0 0 72
is_linear=0
shrinkage=0.05


Tree=23
num_leaves=63
num_cat=4
split_feature=66 66 64 67 0 66 0 0 66 67 65 3 3 63 47 58 67 1 64 66 71 67 70 70 64 64 63 54 7 70 8 68 50 66 33 67 8 60 47 0 67 70 3 67 3 71 58 67 65 68 53 3 89 18 8 63 36 66 67 57 65 3
split_gain=1603.82 195.899 193.741 71.1505 63.6807 45.0281 40.7961 25.6398 23.635 22.3954 16.3252 14.9183 13.6103 12.6448 12.5934 11.7228 10.8205 10.3384 10.0155 9.63529 8.84149 7.8568 7.1847 7.15371 6.62371 6.57101 6.53763 11.9159 5.94025 5.44208 5.37764 4.99225 5.94965 8.44565 5.73633 4.94281 5.98216 4.87508 4.80893 4.47734 3.97287 3.78403 4.08736 3.78238 3.85061 3.74237 3.73174 3.38585 3.36601 3.65268 3.25708 3.24002 3.08515 3.01804 2.96373 2.8934 2.81223 2.73321 2.6901 2.53557 2.47434 2.45204
threshold=63.991666666666667 384.76500000000004 25.027500000000003 17.970000000000002 0 1449.7700000000002 1 2 10.750000000000002 294.23000000000008 6.0850000000000009 2019.5000000000002 2019.5000000000002 69.492500000000021 -370.46648305895815 1122.8101206542533 874.49500000000012 10.500000000000002 922.06500000000017 18.361666666666668 -3.5347457119228367 4.0400000000000009 11.22119526388723 0.64459521669553033 4.9800000000000013 37.062500000000007 201.81583333333336 0.22601586558474848 -0.5 3.5866351158585754 5.5000000000000009 0.58333333333333337 79.552494543290479 853.0683333333335 -0.6830127018922193 1101.6700000000003 2.5000000000000004 -53.307919997530796 43.545355383077727 3 150.34000000000003 2.4219156149057182 2019.5000000000002 708.50500000000011 2019.5000000000002 -56.302918675884143 407.27873894114992 19.965000000000003 10.045000000000002 0.58333333333333337 3.7790767521804054 2019.5000000000002 1.0000000180025095e-35 1.0000000180025095e-35 2.5000000000000004 12.738636363636365 0.25000000000000017 1.0216666666666667 521.50000000000011 180.16872039706968 9.0250000000000021 2019.5000000000002
decision_type=2 2 2 2 9 2 9 9 2 2 2 2 2 2 2 2 2 2 2 2 2 2 2 2 2 2 2 2 2 2 2 2 2 2 2 2 2 2 2 9 2 2 2 2 2 2 2 2 2 2 2 2 2 2 2 2 2 2 2 2 2 2
left_child=2 4 3 12 18 15 14 29 11 26 -11 25 60 20 -4 16 23 52 43 48 51 -14 -12 -3 -21 38 37 -28 -26 53 57 -18 33 34 -33 -36 -37 -9 -8 54 -39 42 -41 44 -2 -25 -34 -13 49 -5 55 -10 -7 -6 -15 -30 -23 -16 -20 -48 -1 -29
right_child=1 5 6 19 7 17 8 9 13 10 22 47 21 39 30 -17 31 -19 58 24 -22 56 -24 45 28 -27 27 61 50 -31 -32 32 46 -35 35 36 -38 40 -40 41 -42 -43 -44 -45 -46 -47 59 -49 -50 -51 -52 -53 -54 -55 -56 -57 -58 -59 -60 -61 -62 -63
leaf_value=-0.047297946913210494 0.02328725361937535 0.034018945438226693 0.04592241573872978 -0.029208424095933799 -0.0044972126049660959 0.043085932246885263 -0.028142583221488028 -0.01342101373552617 -0.017238568952604991 -0.015948267011722497 0.011629408856470397 -0.052122906337552857 -0.065501265731976885 0.0091093115516131043 0.031237481120043948 0.048452331943049841 0.042895020671090939 0.055548413130699192 0.031872252725796441 -0.016669284230806661 -0.018210808402121133 -0.050542270351523977 0.021583613280601738 0.0018791302832814353 -0.018930297373521272 -0.01488470219999067 -0.026382156864217101 0.014361812792868276 -0.045444335996599465 -0.027233271527072139 -0.01085333189063644 0.030402276848103434 0.023669793437731786 0.030403222710961741 0.020898314200973052 -0.012884300224032225 0.016793373395640049 -0.0050649022322001337 -0.062184156550823044 -0.0093112874512993778 0.0040641211911072199 -0.0056222995790434485 -0.023342710557920539 0.034134137053659246 0.012278926836657638 0.019770107304693481 0.045521711117868131 -0.034020102878115722 -0.033228671612437144 -0.047435983812303545 -0.044387459937140446 -0.048534629264273363 0.031039972304693464 -0.023922329162081642 -0.0059750038315294412 -0.028539388679504174 -0.063356357029499558 0.0062015220609895972 0.048228262841090275 0.032171219315675535 -0.035634912842517033 0.0060962223279816055
leaf_weight=77.875116746872663 178.28913726657629 89.314863309264183 18.988671883940697 36.702913876622915 154.98023372516036 152.55281943082809 60.367663580924273 72.901644222438335 10.783178012818096 47.24031825363636 712.36036776006222 68.728742595762014 158.24829260632396 45.713772129267454 12.221555575728415 58.375959679484367 63.643537521362305 154.62610504031181 155.83829709887505 130.36854603514075 419.85197410732508 326.7613485082984 243.14760731160641 30.893936842679977 94.112321894615889 117.53897709771991 25.263952136039734 139.5986999720335 29.161959573626518 40.882894944399595 49.499100480228662 62.549487769603729 47.115972228348255 356.37965578585863 77.951590023934841 32.857612267136574 35.138988249003887 198.19821841269732 12.527479037642477 99.282429855316877 298.92090991511941 124.3789821267128 108.75456739962101 43.235049426555634 143.27474892884493 542.45768738538027 83.843450665473938 41.381377417594194 239.44947426021099 109.43531848490238 54.821645122021437 35.484751207754016 81.577509596943855 22.957789838314056 113.19561852514744 191.70782410725951 49.273525804281235 100.92763926461339 29.974796175956726 61.764065131545067 109.30298975482583 251.15504645556211
leaf_count=374 507 125 39 36 471 70 562 275 132 24 1304 137 148 341 17 80 20 90 287 78 2146 689 23 28 214 1029 3 451 60 249 455 59 88 240 99 31 77 625 21 721 558 31 289 20 342 941 69 34 668 364 118 136 77 35 1084 432 68 455 29 61 819 254
internal_value=0 0.0180937 -0.0285005 -0.0404333 0.00954271 0.0303075 -0.0151785 0.00564637 -0.0182918 0.00744501 0.0127439 -0.0306696 -0.0520899 -0.0145975 0.00700518 0.0264742 0.0256096 0.0455151 0.024615 -0.0309388 -0.0204968 -0.0561547 0.0141624 0.0208565 -0.0263601 -0.022199 0.00213182 0.00689747 -0.0297764 -0.0103118 0.00289241 0.0294449 0.028315 0.0257269 0.0177338 0.0123044 0.0024524 -0.0013463 -0.0339928 -0.00900074 0.000424438 -0.0121559 -0.0166464 0.0202493 0.0183824 0.0188061 0.0359009 -0.0453195 -0.0368782 -0.0428581 -0.033479 -0.0412408 0.0388888 -0.00700347 -0.00153883 -0.0307714 -0.0522214 0.00890572 0.0345108 0.0398587 -0.0404873 0.00904915
internal_weight=0 4689.26 3046.85 1607.22 2758.22 1931.04 1439.63 2207.61 1257.99 1988.79 1002.75 300.544 721.461 957.445 181.637 1542.29 1483.91 388.756 550.612 885.76 466.12 534.283 955.508 662.666 500.172 190.434 986.038 416.018 369.804 218.821 162.648 821.244 757.601 564.877 208.498 145.948 67.9966 570.021 72.8951 491.325 497.119 332.416 208.037 364.799 321.564 573.352 192.723 110.11 385.588 146.138 275.691 46.2679 234.13 177.938 158.909 220.87 376.035 113.149 185.813 145.608 187.178 390.754
internal_count=19309 7612 11697 4068 5457 2155 7629 4272 6663 3517 1351 1783 2098 4880 966 1918 1838 237 1185 1970 2414 905 1327 1094 902 1612 2166 708 824 755 927 744 724 506 266 207 108 1458 583 2466 1183 1041 1010 869 849 969 218 171 1068 400 610 268 147 506 1425 492 757 472 316 130 1193 705
cat_boundaries=0 20 39 60 76
cat_threshold=0 32 0 0 102416 16384 0 0 0 512 3584 2097152 0 0 0 8396820 21233664 234946668 4218880 131072 229376 1075871744 1157627904 0 33588224 0 0 134217728 0 0 16779776 8388612 1050624 0 2147483648 2147491895 0 0 131136 0 0 8388608 0 16640 0 65664 0 0 4194320 0 0 0 320339968 32 67108864 1610745856 53376 134283266 0 80 1075838976 0 0 0 4096 2623488 0 2214592520 0 0 671129600 2384393 57344 844 2097152 1073743872
is_linear=0
shrinkage=0.05


Tree=24
num_leaves=63
num_cat=3
split_feature=67 67 65 58 64 3 67 67 67 64 67 3 3 71 67 18 66 64 57 65 70 33 3 67 68 70 68 55 68 71 66 47 51 65 3 51 66 0 56 49 0 70 66 3 0 66 68 56 70 57 3 64 3 67 64 65 47 5 47 58 52 10
split_gain=1455.99 207.982 124.861 51.804 51.6528 43.1723 41.7346 30.344 30.151 20.8384 18.1142 17.9435 15.2738 12.5238 12.1745 10.5653 12.7339 9.2111 8.92982 8.79725 7.92975 7.73918 7.72456 8.17308 7.39222 7.33417 6.88025 6.15093 5.26457 6.88345 4.904 4.52139 4.51368 4.51187 4.44427 4.38982 4.82335 4.2606 4.24102 4.19956 4.12892 4.01618 3.94178 3.86293 5.64551 3.73603 3.67326 3.59421 3.47844 3.44806 3.43896 3.16792 3.10817 3.2236 3.06452 3.16325 2.94805 2.94725 2.90512 2.90137 2.86084 2.77604
threshold=86.050000000000011 503.08500000000004 21.030000000000005 757.26329241655083 310.02000000000004 2018.5000000000002 20.145000000000003 223.20000000000002 30.320000000000004 90.107500000000016 1193.0750000000003 2019.5000000000002 2017.5000000000002 -212.96184483434368 6.080000000000001 0.6830127018922193 196.9266666666667 2508.4325000000003 -14.329363903549849 36.155000000000008 0.84045832019542999 -1.0000000000000002 2019.5000000000002 11.040000000000001 0.83333333333333337 11.22119526388723 0.58333333333333337 211.30289018546168 0.58333333333333337 -56.302918675884143 579.37833333333344 -26.537961343011951 -1.0662238423249482 1575.0450000000003 2012.5000000000002 158.73116079128425 307.42333333333335 0 2.7414566934200901 -100.86954963630562 1 1.3385176907359344 37.696666666666673 2019.5000000000002 2 1972.5800000000002 0.58333333333333337 6.2100937476915528 0.059186999781059201 112.73183338960256 2018.5000000000002 13.030000000000001 2019.5000000000002 326.42000000000002 37.975000000000009 22.005000000000006 133.48321467397824 0.6830127018922193 -200.30936789181717 187.02305183092207 19.508904029779696 1.2552629691260372e-15
decision_type=2 2 2 2 2 2 2 2 2 2 2 2 2 2 2 2 2 2 2 2 2 2 2 2 2 2 2 2 2 2 2 2 2 2 2 2 2 9 2 2 9 2 2 2 9 2 2 2 2 2 2 2 2 2 2 2 2 2 2 2 2 2
left_child=2 4 6 10 7 9 11 19 22 54 20 18 37 -5 -13 24 -17 27 -1 31 50 -22 48 -24 -9 41 -8 39 -23 -30 35 -2 -28 -29 -20 36 -31 -6 -33 45 58 -12 46 44 -21 -15 -10 -34 -7 56 -3 -36 61 -54 55 -4 -43 -42 -11 -39 -40 -14
right_child=1 3 5 13 12 8 26 15 42 40 25 14 52 17 -16 16 -18 -19 34 43 21 28 23 -25 -26 -27 32 33 29 30 -32 38 47 -35 51 -37 -38 59 60 -41 57 49 -44 -45 -46 -47 -48 -49 -50 -51 -52 -53 53 -55 -56 -57 -58 -59 -60 -61 -62 -63
leaf_value=0.0082995205319402413 -0.0082833826762208993 0.035724191714517545 -0.0061624999156738892 0.060981777917468595 0.0031087142496143642 2.9698269051799316e-05 -0.020510818155180771 0.016481255869707133 -0.014462084758853747 0.03954967302525253 0.040474489107716713 -0.063384777291397187 0.022827083010699689 0.030783247107384781 -0.047631141419753983 -0.022434547058356284 0.012044103664378723 0.056655384189121166 -0.019713602153386807 0.016166213082872801 -0.001160328402217511 0.029582365298854326 -0.056702545414030872 -0.036649182686806843 0.0066682011698729329 0.041563133989886085 -0.028978896201685991 0.011864405342618935 -0.0016991062512256292 0.0011833383334377209 0.023218793338761652 0.00091176622636480748 -0.046303808138662111 0.034462839642471009 -0.049903397439453226 0.024356679300157818 0.015757097460097895 0.020873614767899954 -0.04034477532730732 0.050202007237329233 0.0026931014637197126 0.025565258760537082 -0.013157333512215253 -0.0039128044806537041 -0.0010906992699596305 0.045169940162214074 -0.025310070028864085 -0.033190352437719353 -0.029662652482473448 0.014205076186250927 0.018367245988358073 -0.035177576346914402 0.0012736425616646353 0.011913293768500565 -0.012197944197760456 -0.025706608375366116 0.036891990700668502 -0.01214405315322873 0.010264763569842086 0.030774091138449918 -0.01166326199990576 0.011077813890512198
leaf_weight=10.953914429992436 97.311736788600683 101.6360597461462 25.336720511317253 70.46976463496685 37.125998184084892 11.766482874751089 128.02024060487747 332.28399388492107 109.78231923282146 9.9974165409803373 53.655990868806839 196.72538082115352 87.263777330517769 138.30212526023388 325.65320215187967 55.881175883114338 51.422026537358761 58.06365954875946 27.35348978638649 54.948721945285797 48.968040719628334 108.9301250576973 77.827943973243237 146.36554033495486 454.29792238026857 115.71386130154133 242.91079323738813 41.965297937393188 42.463836014270782 68.166819617152214 380.50072617828846 11.634523481130598 93.33484086766839 46.628819659352303 65.148830123245716 115.67736122012138 339.67703282833099 116.47832041233778 33.6201430298388 63.372550368309021 122.22603886574507 311.01889742910862 178.1148927770555 622.87978496775031 177.13243667036295 66.981391251087189 269.85522415116429 118.71380987390876 60.991372540593147 54.431281909346581 39.678982436656952 83.117072399705648 110.34907280653715 200.62007551640272 176.52657298371196 113.21319759264588 70.461247131228447 46.091523863375187 55.383345007896423 202.91197893023491 11.726759579032658 118.60311556607485
leaf_count=101 427 165 59 65 114 31 90 131 72 24 44 226 210 131 793 59 115 49 79 193 77 36 86 292 910 23 890 61 30 74 329 12 165 54 346 123 599 437 157 40 983 286 406 963 1091 36 758 488 387 57 59 626 133 299 2123 1245 82 356 329 424 49 234
internal_value=0 0.0159683 -0.0294444 0.0269602 0.00671718 -0.0191194 -0.0406608 0.00209733 -0.0261462 -0.00817531 0.0231464 -0.04881 0.0167844 0.0414922 -0.0535639 0.00880591 -0.00591163 0.0381852 -0.0354999 -0.00384439 0.0196985 0.0182715 -0.0390166 -0.0436106 0.0108136 0.0302422 -0.0307506 0.0351832 0.019173 0.017975 0.0188992 -0.014833 -0.033632 0.0237584 -0.0382318 0.0157596 0.0133212 0.0247457 -0.0260183 0.0389508 0.00313789 0.0275664 -0.019294 -0.0018613 0.00364471 0.0354774 -0.0221731 -0.0389623 -0.0248608 0.0259776 0.0308506 -0.0416482 0.0112926 0.00813776 -0.0165665 -0.0221326 0.0276574 -0.00129303 0.012787 0.0263388 -0.0329277 0.0160581
internal_weight=0 5113.26 2695.41 2336.76 2776.49 1403.48 1291.93 1903.14 854.704 548.775 1850.98 708.952 873.352 485.784 522.379 893.885 107.303 415.314 186.573 1009.25 1245.7 1104.38 296.951 224.193 786.582 605.281 582.98 357.25 1055.42 946.486 904.022 154.293 454.959 88.5941 175.619 523.521 407.844 356.516 56.9814 268.656 233.698 489.567 557.752 854.961 232.081 205.284 379.638 212.049 72.7579 435.911 141.315 148.266 516.836 310.969 315.076 138.55 381.48 168.318 65.3808 319.39 45.3469 205.867
internal_count=19333 8378 10955 2420 5958 7151 3804 4107 2032 5119 1984 2171 1851 436 1019 1215 174 371 1152 2892 1492 1268 796 378 1041 492 1633 322 1191 1155 1125 645 1543 115 1051 796 673 975 218 207 1692 469 1236 2247 1284 167 830 653 418 425 224 972 876 432 3427 1304 368 1339 353 861 206 444
cat_boundaries=0 11 30 50
cat_threshold=4 256 83886080 0 5120 0 0 0 0 0 4096 2097152 1075838976 16777216 0 66560 0 0 0 0 0 2560 16777216 1064960 0 2147483648 3221225488 0 0 131136 65536 1073741824 1048576 16 128 0 0 1073741824 0 0 66048 67108864 0 0 0 2147484320 0 0 131072 16
is_linear=0
shrinkage=0.05


Tree=25
num_leaves=63
num_cat=7
split_feature=67 67 64 67 66 3 0 67 3 0 64 66 67 0 65 70 3 63 67 3 63 3 60 0 71 63 54 66 68 37 70 67 54 53 52 65 59 68 66 59 0 6 79 47 50 63 3 63 67 2 3 70 3 70 0 74 49 71 84 3 71 67
split_gain=1404.82 184.579 123.799 70.4598 63.9389 37.0517 28.5845 26.5206 24.0976 22.0324 20.943 18.9803 17.9013 15.8277 11.7746 10.5078 10.1793 9.32448 8.36031 6.40796 6.16215 6.05532 5.76178 5.72533 5.56849 5.5077 5.38301 5.28508 7.95624 6.60905 4.81649 4.64714 4.53221 4.52125 4.34555 4.03003 3.97828 4.96532 6.57465 6.56486 3.53675 3.63282 3.47074 3.42172 4.63582 3.38484 3.15615 3.13802 3.12504 3.0701 3.0386 2.99338 2.8353 2.70724 2.61315 2.58069 2.54234 3.02347 2.62634 2.51218 2.43832 2.40233
threshold=89.080000000000013 298.40000000000003 25.027500000000003 1193.0750000000003 13.370000000000003 2019.5000000000002 0 29.450000000000003 2014.5000000000002 1 95.250000000000014 3583.2166666666672 7.3500000000000005 2 104.74000000000002 19.688967947717089 2019.5000000000002 1864.9444444444446 2125.0550000000007 2019.5000000000002 37.56944444444445 2016.5000000000002 48.723180894384065 3 -3.5347457119228367 44.841666666666676 0.22601586558474848 322.21333333333337 0.58333333333333337 -1.0000000180025095e-35 2.1306921809899548 8.0500000000000025 0.15720579713444058 -112.45019339383327 14.082572335908838 9.0250000000000021 557.4152027675633 0.58333333333333337 853.0683333333335 -64.078350554785004 4 1.0000000180025095e-35 1.0000000180025095e-35 -25.743603523439926 -21.688694939695701 930.36708333333343 2018.5000000000002 15.087121212121215 165.63500000000002 2.5000000000000004 2019.5000000000002 2.633032286240812 2021.5000000000002 1.7482749718491668 5 6 -269.96775203178026 -14.011774319472641 1.0000000180025095e-35 2020.5000000000002 -12.684330640462891 3.0600000000000005
decision_type=2 2 2 2 2 2 9 2 2 9 2 2 2 9 2 2 2 2 2 2 2 2 2 9 2 2 2 2 2 2 2 2 2 2 2 2 2 2 2 2 9 2 2 2 2 2 2 2 2 2 2 2 2 2 9 1 2 2 2 2 2 2
left_child=2 6 4 9 8 10 16 31 34 17 20 18 19 51 25 47 45 21 36 -10 22 -3 -4 33 53 32 -16 28 -15 -30 50 -7 -8 -12 -1 52 37 -5 39 -39 41 -28 46 44 -34 -2 -20 -6 -42 -40 -23 -11 -14 -9 -22 -25 -31 59 -59 -58 -52 -21
right_child=1 3 5 11 15 7 14 24 12 13 23 -13 35 27 26 -17 -18 -19 42 61 54 30 -24 55 -26 -27 40 -29 29 56 -32 -33 43 -35 -36 -37 -38 38 49 -41 48 -43 -44 -45 -46 -47 -48 -49 -50 -51 60 -53 -54 -55 -56 -57 57 58 -60 -61 -62 -63
leaf_value=-0.030227259774460315 0.01889128839875643 0.031365107801559142 -0.02256195990674853 0.038762399715334295 -0.035077800976357792 -0.063220899852060336 0.0095454377801227897 -0.027000121460703144 -0.044509924082215151 -0.0021713454174038375 0.035789967587634107 0.059434994408707364 -0.049790382183299994 0.019432884808052667 -0.016888638297523979 -0.015040180246958447 -0.0021786627645160521 0.042106217211316327 0.047286877913528202 -0.065838469073355554 0.0048453261451924384 0.021902102722924914 -0.060410611864980014 -0.0038495784702539506 -0.017482283721506037 -0.0045453212984904899 -0.019935720185351991 0.017952308338915892 -0.007356765487123682 0.025138668997272174 0.030539532148215295 -0.040733411315927309 -0.026846923094450106 0.0061432670524128119 -0.0033605472624012207 -0.038347511517080712 0.038529642529588626 0.02806198050169233 0.023272200583820447 0.00010085282908972198 0.00026216108168822304 0.0050546373339610904 0.02924118234162644 -0.031782180697116434 0.014204116287524639 0.03379872554206019 0.035950116902284057 -0.02678921084708177 0.0072519472435197962 0.032963397481376867 -0.0024036756907213556 -0.02386452105058896 -0.037500609758718238 -0.049820641299443934 -0.013494140144244687 -0.031847024984705999 0.0085987496824210721 0.010022416500473683 0.022088987242832238 -0.0085305281339845742 0.015031347547795388 -0.056107529019125892
leaf_weight=28.198607996106148 143.00724922120571 181.27863302826881 92.371335323899984 67.495241522789001 173.59639099612832 29.627427631989121 12.471592426300047 44.449440667405725 71.624849006533623 55.972231686115265 14.35307392477989 65.405345022678375 212.85605796612799 265.47409446537495 33.20790034532547 163.21600639820099 51.265854232013226 78.366388350725174 106.14493127167225 139.96791943907738 21.223535794764757 176.30297076702118 11.283618770539759 135.28665675967932 343.73573305085301 518.85590542852879 32.228834010660648 980.88934405148029 56.596455775201321 28.822384312748909 91.060135625302792 102.30958162993193 16.255552183836702 123.63682213425636 32.279385600239038 255.89081045612693 75.088784128427505 36.177300237119198 195.81207935512066 50.011691458523273 250.29639089480042 26.499948218464851 88.971591860055923 44.135634198784828 11.920600183308123 51.895817458629608 145.61581128835678 333.69799354299903 442.79617763310671 140.25801150500774 24.102632977068424 22.213050946593285 60.203625978901982 18.36611046269536 259.15240604430437 8.7639283984899503 52.200355023145676 278.72128736972809 53.798654198646545 36.282758884131908 119.36170221865177 115.98123394325376
leaf_count=236 524 312 1001 22 278 38 5 168 406 66 30 43 634 37 15 42 219 72 85 115 124 376 18 936 739 1217 82 1084 90 66 63 273 114 836 35 1030 79 57 135 74 632 71 59 278 38 124 72 886 639 118 63 114 93 29 2997 17 99 652 53 39 269 214
internal_value=0 0.0154692 -0.0286389 0.0219913 -0.03781 -0.0165521 0.00161615 -0.026305 -0.0463905 0.0175539 -0.00866738 0.0334231 -0.0485443 0.0144195 -0.00121671 -0.0260752 0.0169572 0.0255177 0.0315444 -0.0577296 -0.0162654 0.0237532 -0.0266821 0.00167823 -0.0199838 -0.00647595 0.00281182 0.0154287 0.0124217 0.00874637 0.0203944 -0.0457831 -0.018291 0.00860349 -0.0158875 -0.0428559 0.0278131 0.02617 0.0241572 0.0118374 0.00368199 -0.00739948 0.0377299 -0.0230919 -0.00947929 0.0228606 0.0407298 -0.0296256 0.00466049 0.0273168 0.0175053 -0.00738943 -0.0470808 -0.0336724 -0.0124144 -0.00519246 0.0107724 0.00978892 0.0119747 0.00157484 0.0121022 -0.061429
internal_weight=0 5107.26 2792.07 3472.42 1587.51 1204.56 1634.84 538.488 917.002 2501.44 666.071 970.981 856.524 1830.97 1388.67 670.51 246.169 670.472 905.575 327.574 384.031 592.106 103.655 282.04 406.551 603.639 785.029 1752.79 771.896 506.422 410.827 131.937 84.7834 137.99 60.478 528.95 564.843 489.754 422.259 86.189 751.821 58.7288 340.732 72.3118 28.1762 194.903 251.761 507.294 693.093 336.07 319.767 78.1853 273.06 62.8156 280.376 144.051 449.825 421.003 332.52 88.4831 143.464 255.949
internal_count=19332 8157 11175 4199 3969 7206 3958 1247 2763 3455 5959 744 2492 2300 3091 1206 867 1155 701 735 4140 1083 1019 1819 936 1652 1439 2120 1036 999 771 311 435 866 271 1757 485 406 384 131 1424 153 216 430 152 648 157 1164 1271 253 708 180 727 197 3121 953 909 843 705 138 332 329
cat_boundaries=0 22 42 61 80 99 114 115
cat_threshold=0 96 0 16 4224 0 0 1073741824 0 0 3584 0 0 0 0 2147484180 4 65634 16384 0 0 134217728 0 0 0 16 102672 0 256 0 0 271872 1024 0 0 0 0 8388688 38535168 234946589 268443648 131073 0 0 0 0 24576 1073741824 0 0 0 16 0 0 0 0 0 1024 1610612736 0 2 2097152 1076920320 16777216 0 33588224 524288 0 134217728 0 0 16787968 25452544 1064960 804 2147483648 3221225488 0 0 131136 0 128 75497472 32 1024 0 0 0 0 2147483648 0 0 0 0 0 0 2048 0 33619968 0 0 1073741824 536870912 0 0 0 0 0 0 8192 2097156 0 0 2097152 1
is_linear=0
shrinkage=0.05


Tree=26
num_leaves=63
num_cat=0
split_feature=67 66 64 67 66 63 3 58 64 3 67 64 63 3 58 1 66 68 45 70 66 60 67 63 66 41 47 64 54 50 1 60 67 1 54 66 66 67 60 56 54 5 76 71 67 58 60 3 38 54 50 67 3 67 20 64 68 66 57 3 64 58
split_gain=1213.24 181.396 133.805 57.3899 49.9789 42.8113 23.7838 21.129 20.5981 19.9043 16.5483 14.0377 12.8913 12.0206 11.5734 10.6603 10.1034 9.58665 8.75614 8.68402 8.12234 7.63118 7.63114 6.38886 6.27089 5.63995 5.56158 4.94924 7.66001 4.39837 5.52531 4.30459 5.15893 4.2484 4.1821 4.09466 3.88809 3.5708 3.49261 4.57579 3.42598 3.36112 3.29747 3.22497 3.18566 3.05061 3.04309 2.98052 2.82064 2.88836 2.80614 2.79044 2.72396 2.66016 2.62008 3.01159 2.60051 2.57139 2.56451 2.5246 2.88971 2.49148
threshold=81.335000000000022 277.34666666666675 25.027500000000003 17.970000000000002 1125.7800000000004 338.6806944444445 2019.5000000000002 1.3425875621001575 105.04000000000001 2019.5000000000002 33.050000000000004 796.91500000000008 118.84958333333334 2018.5000000000002 757.26329241655083 10.500000000000002 4.6683333333333339 0.83333333333333337 -1.0000000000000002 19.688967947717089 196.9266666666667 21.826047291305631 477.84000000000009 39.348484848484858 579.37833333333344 -0.6830127018922193 38.393156610013065 1083.0600000000002 122.34752551973311 -265.32076263316173 3.5000000000000004 -35.526540453282443 290.09500000000008 8.5000000000000018 84.223816005975081 37.141666666666673 149.08166666666668 9.0800000000000018 -25.893179103248862 18.527462957545531 231.08288999074179 -0.93301270189221919 1.0000000180025095e-35 -3.8002467523395724 199.91000000000003 433.16626835762435 -258.81627539758193 2019.5000000000002 0.6830127018922193 3.4598829061773757 -67.239152986296062 1053.1500000000003 2019.5000000000002 957.8850000000001 0.93301270189221952 305.29000000000008 0.83333333333333337 13.370000000000003 1.1235113305019746 2015.5000000000002 24.042500000000004 262.03669315642441
decision_type=2 2 2 2 2 2 2 2 2 2 2 2 2 2 2 2 2 2 2 2 2 2 2 2 2 2 2 2 2 2 2 2 2 2 2 2 2 2 2 2 2 2 2 2 2 2 2 2 2 2 2 2 2 2 2 2 2 2 2 2 2 2
left_child=2 5 3 9 11 7 8 -2 23 21 37 17 18 34 27 -16 -11 42 -9 35 33 -1 44 26 61 -13 -4 28 -6 30 -27 36 59 -15 -7 48 43 -8 39 -12 45 -10 -3 -20 47 50 -42 -14 49 -5 -31 -32 -26 -48 55 -43 -36 -51 -44 60 -33 -19
right_child=1 4 6 19 14 13 10 12 41 16 38 25 22 20 15 -17 -18 24 31 -21 -22 -23 -24 -25 52 29 -28 -29 -30 40 51 32 -34 -35 56 -37 -38 -39 -40 -41 46 54 58 -45 -46 -47 53 -49 -50 57 -52 -53 -54 -55 -56 -57 -58 -59 -60 -61 -62 -63
leaf_value=-0.03850896438579407 0.016072396719653489 0.030504821756676431 -0.021200199280103155 -0.034932558398154907 0.032829675235104945 0.013951347382375046 -0.06141982523325689 -0.027477072827124138 0.023431614229342014 -0.06027324655157959 -0.051415306379449015 0.042555733947181484 0.0058196396696465653 0.0045536372202110119 0.036720238083475833 0.057903631316669757 -0.046166366901343465 0.014142918177985495 -0.032901028743305652 -0.015939035234123631 0.015280697407182962 -0.010087475913890691 -0.024535511404964998 -0.010967618012234028 0.012682094792546235 0.0032625062512829069 -0.057701557039133322 0.038099072297479088 0.010625032057913972 0.037325280589650608 0.029549383235700138 -0.044951475906393937 0.0117648071292245 -0.014406534760097329 0.033466652403389682 -0.015592708433711766 0.0001797601755397668 -0.037282218192906696 -0.016097883843720299 -0.02001632248627206 0.02226388526075548 0.0008322678021469497 0.013040325705754358 -0.012338685086781639 0.0060734994731286851 0.012312339543400977 0.029346496009372704 -0.0033652939628640993 -0.043720013155536142 -0.035840646735912841 0.019810123135102581 0.013905652951907467 0.022065013828006318 0.042763175843645029 -0.018737327972888195 0.017857695117410182 0.021774859275408686 -0.025501961760668181 0.026078041142220912 -0.0041254702499768274 -0.0099601245984372033 0.0066703844406841538
leaf_weight=159.59621159359813 182.94091767072678 153.01524746417999 103.05783345550299 246.31254009157419 97.673438832163811 120.89148714393377 19.452102739363909 47.79473677277565 20.423379831016064 259.44006830267608 17.083848673850298 49.472820103168488 135.7291241325438 127.00338459759951 165.76657265424728 92.549478828907013 248.49430087767541 762.22237890213728 30.507880412042141 116.33085407316685 190.73378107696772 27.719834554940462 25.701179042458534 291.88615502417088 97.156479083001614 45.093041300773621 11.611445557326077 101.01972156763077 64.481580495834351 41.056478291749954 76.795255616307259 7.8916350156068829 50.259540386497974 38.501412749290466 70.248703077435493 41.929808638989925 33.549896098673344 72.164909806102514 274.58629751950502 36.167883977293968 55.279258146882057 153.675198238343 69.594758614897728 50.855183839797974 434.48241154849529 50.676975667476654 74.328362554311752 252.89001598209143 45.500020986422896 77.706096045672894 51.61761499941349 45.332815155386925 379.44380673766136 73.457296520471573 13.982465378940104 31.257063783705235 147.24887192249298 266.07345958799124 82.344872981309891 477.11202727258205 23.382672309875488 130.67093363404274
leaf_count=1081 13 41 1150 511 63 360 43 49 119 413 67 59 692 165 103 74 499 1431 159 51 188 99 27 3106 214 57 27 51 90 35 77 87 66 59 131 116 80 329 514 143 71 1141 48 197 892 55 90 449 181 357 97 56 191 63 57 105 410 637 59 1067 240 191
internal_value=0 0.0140617 -0.0281198 -0.0377455 0.0228519 0.0041534 -0.0144079 -8.97066e-06 -0.00823384 -0.0482342 -0.0236206 0.0196032 -0.00188263 0.0146584 0.0367915 0.0443098 -0.0533718 0.0173065 -0.00679709 -0.0285595 0.00824785 -0.034303 0.00229392 -0.0148962 0.0155213 0.0264324 -0.0248963 0.0294119 0.0239999 0.0248794 0.0182199 -0.00532967 -0.00351681 0.000142929 0.021407 -0.0307264 -0.0141428 -0.0424071 -0.0183706 -0.0300895 0.028094 0.00411528 0.0253239 -0.0200487 0.00313166 0.022176 0.0322718 -0.000157364 -0.0317248 -0.0307999 0.0275697 0.0237426 0.0201523 0.0360153 0.00213199 0.00370989 0.0255511 -0.0278389 0.0201062 -0.00502757 -0.0187897 0.0130493
internal_weight=0 5206.77 2534.45 1489.1 2759.05 2447.72 1045.35 1753.1 625.894 695.25 419.455 2237.56 1570.16 694.628 521.491 258.316 507.934 1674.45 721.354 793.853 356.239 187.316 848.803 406.555 1369.49 563.11 114.669 263.175 162.155 513.637 167.221 673.559 558.646 165.505 338.389 677.522 114.913 91.617 327.838 53.2517 346.416 219.338 304.955 81.3631 823.102 143.351 203.065 388.619 635.592 590.092 92.6741 122.128 476.6 147.786 198.915 184.932 217.498 343.78 151.94 508.386 31.2743 892.893
internal_count=19293 8547 10746 3945 3216 5331 6801 4018 5705 2092 1096 2835 4005 1313 381 177 912 2175 1945 1853 412 1180 2060 4283 2027 660 1177 204 153 601 190 1896 1460 224 901 1802 436 372 724 210 411 1422 148 356 2033 187 224 1141 1686 1505 132 133 405 153 1303 1246 541 994 107 1394 327 1622
is_linear=0
shrinkage=0.05


Tree=27
num_leaves=63
num_cat=5
split_feature=66 65 63 64 67 67 0 66 66 0 3 3 0 67 58 24 67 65 66 47 48 56 71 56 71 71 56 54 70 70 0 54 67 65 64 10 56 10 3 8 56 55 64 64 70 65 66 24 65 8 70 56 47 64 68 67 54 54 67 65 0 55
split_gain=1136.22 145.412 128.75 43.9399 42.2418 36.1379 30.0781 27.064 19.2819 18.5121 16.317 15.8029 15.757 12.5403 10.1691 10.8546 9.08124 8.86255 8.68417 8.14678 7.93677 7.76114 7.12279 7.1128 7.10084 6.22118 5.6098 7.03111 5.22046 4.94728 7.74146 4.82076 4.74693 4.29889 3.9335 3.74386 3.70656 3.65213 3.61094 3.15537 3.12042 2.96461 2.944 2.83192 2.78796 2.82251 2.74286 2.73254 2.61607 2.56779 2.50334 4.1803 2.49498 2.44991 2.39884 2.40079 2.37956 3.18195 2.26496 2.22299 2.0571 2.04776
threshold=63.991666666666667 21.030000000000005 388.42000000000002 70.062500000000014 20.145000000000003 2125.0550000000007 0 285.44333333333338 6.7666666666666684 1 2019.5000000000002 2019.5000000000002 2 4.0400000000000009 11.325096418933445 0.6830127018922193 854.67000000000007 108.05000000000001 28.02833333333334 -286.3635003549112 -52.183823721485744 2.039145411995952 -114.97574408116152 4.6623162864952574 -149.42387771686941 -21.195013070028683 9.3890480148797053 138.5213631037054 3.3479644228002985 6.5012197104142952 3 0.15720579713444058 178.23500000000004 1921.5000000000002 31.227500000000003 -9.7631397208144097 893.29429527630043 1.2500000000000007 2010.5000000000002 2.5000000000000004 28.748368014198412 -234.75081174206085 10.017500000000002 200.88750000000002 5.7370368982815281 1077.9550000000002 8.6733333333333338 0.6830127018922193 10.045000000000002 5.5000000000000009 2.1945787545787554 9.2206071810868533 -110.65744517256111 89.027500000000018 0.83333333333333337 89.080000000000013 372.09008255660098 106.79027441416143 54.060000000000009 892.50000000000011 4 -18.946098014808477
decision_type=2 2 2 2 2 2 9 2 2 9 2 2 9 2 2 2 2 2 2 2 2 2 2 2 2 2 2 2 2 2 9 2 2 2 2 2 2 2 2 2 2 2 2 2 2 2 2 2 2 2 2 2 2 2 2 2 2 2 2 2 9 2
left_child=1 4 6 8 10 9 28 14 11 22 20 38 19 -12 -8 17 -9 25 34 -5 -1 -6 -4 48 -7 -16 43 53 61 30 52 -22 -27 36 50 59 39 -34 -3 -24 58 -37 -33 -14 45 -41 47 -15 -23 -21 -10 -52 -11 -28 55 -20 57 -26 -25 -32 -19 -2
right_child=2 3 5 12 21 24 7 16 18 29 13 -13 26 46 15 -17 -18 60 54 49 31 23 33 40 56 32 27 -29 -30 -31 35 42 37 -35 -36 41 -38 -39 -40 44 -42 -43 -44 -45 -46 -47 -48 -49 -50 -51 51 -53 -54 -55 -56 -57 -58 -59 -60 -61 -62 -63
leaf_value=0.011012442114560128 -0.013292098678536219 -0.0020383285314712735 0.046682365092945724 0.040542846862638843 -0.016657986186987862 0.048661981482833232 0.015130907037602918 0.013472591834415126 -0.023822781709734783 -0.0033695970101955508 -0.064271267292639364 -0.048592009240533793 -0.010998930043275425 -0.047057756478203441 -0.023091467623175741 -0.015427953499729412 0.02789836032256722 0.0014603080265672608 -0.01365744297950513 0.0080424430534174907 -0.014500829603991586 -0.048771680530106387 0.030342945033532822 -0.027370474842214942 0.03583093225438274 -0.0067589603956721049 -0.011377735836959843 -0.028286957431883454 -0.022461182702018707 0.023200495357142019 0.018955534677704007 -0.048372269542404742 -0.001048920393494558 0.03505571528462173 -0.017301085529900447 0.023487502713010838 0.0085915150982186442 0.013039359364145939 -0.025805986430614433 0.017730335323161966 -0.015698934653539963 0.013695198616787019 -0.033496102703301958 -0.026042406125405163 0.035266276182641318 0.027616250463669174 -0.039196793495068216 -0.064442640487079858 -0.029450374349498449 -0.007326518800241987 -0.021448096670746198 -0.046647152414164846 0.010394636670562941 -0.0023882317174888949 -0.015153147771282056 0.0007763249836616852 0.038766260021991614 0.023356279501528035 -0.037205080033766845 0.029611381680879817 0.0083167143880302063 -0.0025874280678401598
leaf_weight=9.7314963936805707 66.437983226031065 19.768186800181866 42.630001775920391 17.40007010102272 124.31199194863439 88.459403932094574 184.44550308957696 450.8994836807251 179.00016447342932 74.018361538648605 124.65785481594503 108.37403571978211 58.880684860050678 245.22807132452726 33.173392653465271 78.717653788626194 143.91628114879131 156.26053810119629 54.785343557596207 114.86278790980577 23.633608870208263 64.179107712581754 184.54174388945103 280.25487847439945 100.15675550699234 160.09457361325622 105.38893776386976 35.190290383994579 64.118857864290476 210.50702652335167 201.6516173183918 52.0284065566957 107.9444075524807 102.94390600919724 189.00730140134692 86.344637498259544 36.682587645947933 80.163656532764435 83.400490026921034 226.51226009428501 46.886480759829283 737.25891669094563 92.184972386807203 66.74860330671072 37.480638802051544 105.98251676559448 106.85972383990884 24.897692864760756 24.097258422523737 35.601035106927156 30.176785755902529 36.202403694391251 59.299901828169823 269.87086943164468 195.66144895553589 60.761265803128481 103.55081617832184 104.40460792183876 74.003947490826249 64.631283700466156 578.65216522291303 136.39200197160244
leaf_count=56 186 36 65 34 91 65 19 619 820 97 136 99 66 611 79 81 100 399 115 571 20 146 180 929 35 513 701 154 434 40 386 286 162 107 1586 67 64 128 741 518 231 1182 804 44 16 189 265 24 91 332 65 93 42 1391 841 79 75 66 270 81 1103 533
internal_value=0 -0.0247482 0.0146516 -0.014961 -0.037322 0.0222965 0.00589519 0.00800728 -0.0219351 0.0197607 -0.0459127 -0.0352583 -0.0054785 -0.0505236 0.00420369 0.0025171 0.0169629 0.00378254 -0.0181549 0.00769349 -0.0328875 -0.0278145 0.026485 -0.0306482 0.0361753 -0.00240193 -0.00956811 -0.00691686 -0.00966312 0.0160087 0.014902 -0.0354327 -0.000430827 0.0256262 -0.0227224 0.0162391 0.0239842 0.00495491 -0.0212519 0.0250025 -0.0278206 0.0147218 -0.038863 -0.0189917 0.0223387 0.0208815 -0.0459777 -0.0486601 -0.0434974 0.00440601 -0.0268982 -0.0351914 0.00256066 -0.00491287 -0.0117797 -0.00606731 0.0325904 0.0294641 -0.0294249 0.0215419 0.00699191 -0.0060938
internal_weight=0 2954.04 4808.27 1661.08 1292.96 2567.06 2241.22 1974.27 957.137 2170.49 679.222 211.543 703.943 501.643 1379.45 1195.01 594.816 1116.29 745.595 167.864 177.578 613.734 736.774 489.422 396.572 381.376 536.079 410.45 266.949 1433.71 1223.2 167.847 348.203 694.144 434.387 1089.89 591.2 188.108 103.169 554.517 401.145 823.604 144.213 125.629 369.975 332.495 376.985 270.126 88.2764 150.464 245.379 66.3792 133.318 375.26 311.208 115.547 308.112 204.561 354.259 266.283 734.913 202.83
internal_count=19359 11728 7631 7768 3960 3275 4356 3203 4475 3034 2202 876 3293 1036 2484 2465 719 2384 3599 937 1166 1758 1139 1667 241 882 2356 2246 1153 1895 1855 1110 803 1074 2564 1716 967 290 777 903 1430 1249 1090 110 723 707 900 635 237 903 978 158 139 2092 1035 194 176 101 1199 467 1502 719
cat_boundaries=0 21 42 61 81 102
cat_threshold=32768 1572864 0 0 0 0 0 8 0 4194320 16384 0 0 3004694528 33 1024 1610745860 32768 167837830 16 64 2 32 2155872768 0 98320 0 0 0 0 1024 3072 0 0 0 0 8388692 38273024 100794368 128 98304 8 163840 1075871744 83886080 0 33554432 524288 0 0 131072 0 16812544 1073766400 1067008 288 2147483648 55 0 0 131072 524288 0 67633152 32 25632 0 0 0 0 0 0 0 0 0 0 0 536870912 128 0 1 2052 128 0 0 0 1073741824 32768 0 212992 2147483753 0 0 0 0 4 33554432 33 268435488 0 0 32
is_linear=0
shrinkage=0.05


Tree=28
num_leaves=63
num_cat=7
split_feature=67 66 64 67 0 0 0 0 66 68 67 73 65 0 66 45 64 63 66 24 57 45 67 1 63 65 8 51 36 66 63 0 65 67 67 46 65 57 24 47 9 66 66 60 65 56 67 35 8 8 8 67 51 47 8 67 8 71 63 64 68 51
split_gain=990.88 144.985 97.6049 51.6433 42.8745 36.554 26.5399 23.796 15.0514 14.2252 13.3511 12.0494 11.5328 11.2234 10.0052 9.03779 8.94639 8.35545 7.90022 8.42385 7.87693 6.99445 6.89803 6.67561 6.4586 5.77581 5.1004 5.06492 4.98982 4.97249 4.87104 4.72378 4.55988 4.1849 3.91076 3.75102 3.54369 4.19514 3.44137 3.31855 3.28708 3.11329 3.0015 3.09386 3.77081 2.93637 2.82832 2.67883 2.76181 2.64847 2.61858 4.86721 2.95049 2.90892 2.51695 2.35789 2.33452 2.24265 2.34544 2.21638 2.72351 2.16248
threshold=81.335000000000022 277.34666666666675 25.027500000000003 20.145000000000003 0 1 2 3 6.7666666666666684 0.29166666666666669 3.0600000000000005 4 48.110000000000007 5 3583.2166666666672 -1.0000000000000002 2508.4325000000003 173.70250000000004 137.16000000000003 0.6830127018922193 -0.58333998707646917 -1.8660254037844384 854.67000000000007 2.5000000000000004 74.63000000000001 591.2650000000001 1.5000000000000002 531.70665234441242 1.0000000180025095e-35 7.0233333333333343 966.18541666666681 6 10.045000000000002 33.050000000000004 2694.8800000000006 -1.0000000180025095e-35 32.040000000000006 2.8756449546565057 0.6830127018922193 -581.82812416600575 6.0310889132455365 7.0233333333333343 82.071666666666673 -55.348183555069561 24.060000000000006 2.039145411995952 689.94000000000017 0.93301270189221952 10.500000000000002 6.5000000000000009 5.5000000000000009 1585.1500000000003 -50.525704386216944 -370.46648305895815 3.5000000000000004 178.23500000000004 3.5000000000000004 13.125063451111986 69.492500000000021 180.60750000000004 0.83333333333333337 28.976136589526405
decision_type=2 2 2 2 9 9 9 9 2 2 2 9 2 9 2 2 2 2 2 2 2 2 2 2 2 2 2 2 2 2 2 9 2 2 2 2 2 2 2 2 2 2 2 2 2 2 2 2 2 2 2 2 2 2 2 2 2 2 2 2 2 2
left_child=2 5 3 9 14 25 17 36 21 -1 -11 -9 15 46 16 -13 23 -4 19 59 33 -8 30 -3 -24 56 -26 -20 50 -19 -15 -10 38 -5 39 -35 37 -7 41 -25 54 -12 -17 -44 -45 -37 -6 48 57 -38 51 52 -28 -52 -22 -51 -2 58 -23 60 -14 -34
right_child=1 4 6 20 13 7 8 11 31 10 32 12 18 22 -16 42 -18 29 27 -21 40 47 24 34 26 -27 28 -29 -30 -31 -32 -33 61 35 -36 45 49 -39 -40 -41 -42 -43 43 44 -46 -47 -48 -49 -50 55 53 -53 -54 -55 -56 -57 -58 -59 -60 -61 -62 -63
leaf_value=-0.017652076146087887 0.017802139161690815 0.014549889810854708 -0.0071766548631035021 -0.027398278363557866 0.0052419626514352627 -0.014548124742268116 -0.063305517241788387 0.010327464721965239 -0.0047634704966907464 -0.060804190824407522 -0.048291497813736955 -0.045511266025798212 0.0022435717930432086 0.013624522639324005 0.050181197573668859 -0.015978490112674826 0.04571793924722705 0.032713846636072276 0.0058708982128982878 -0.021511273862194362 -0.043560651201968309 -0.025823326469475869 0.037963221757915666 0.015795709706588706 0.026091658210138532 0.024602173621632556 0.012913260692478194 0.02663023640451867 0.00038933427415236647 0.0070770357552549295 0.024022010022968582 -0.016338898387753095 -0.03556434888201114 -0.0093549369241663679 0.03747194844179768 -0.015569020909947624 -0.016091839557336465 -0.045686003166831107 -0.064382862021780035 0.028920265871529096 -0.02380580866727007 -0.038011964350891755 -0.017840386506337184 0.01106714027249763 -0.0097016439171270404 -0.026485313492181552 -0.012557296678448801 -0.041640440994852708 -0.048340153668995682 -0.011172634183876394 0.00984000496733764 0.0011193103392997488 0.02520624956020753 0.027261020946172276 -0.029026917756241062 0.013554736947868623 0.0084197305840767282 -0.044631087494625687 -0.01062268855533985 0.0051370728061853679 -0.0048783299718986534 -0.056033359016028197
leaf_weight=49.326785732060671 120.31561905890703 87.555850103497505 68.57135764323175 200.8254387062043 61.113425895571709 24.342752147465944 15.077071934938429 391.14467935264111 137.57939843647182 117.39444864168763 203.48524829559028 17.059161372482777 277.75915763527155 1023.4578140899539 62.5687495470047 65.305768646299839 74.177492380142212 29.945787236094475 469.14186300337315 46.567098490893841 79.896471653133631 71.149993937462568 52.35053014755249 55.61397784948349 210.31224206835032 161.50902058184147 102.967514321208 31.345414355397224 42.770161584019661 51.342998828738928 126.57401214540005 589.33757944591343 213.76059512980282 87.258294792845845 118.15910571813583 115.11957919970155 117.63677496835589 19.467825595289469 23.535458717495203 359.52275022864342 58.275449050590396 115.44492125324905 25.628082051873207 49.433777581900358 39.174427974969149 132.51302749291062 35.158243179321289 28.335621971637011 11.300647977739571 23.924465108662844 30.188984453678131 48.993821762502193 92.80445209145546 116.17205722630024 47.499248811975121 16.14757763594389 147.67443535476923 10.452939655631779 39.446269657462835 185.74964371323586 259.7945679910481 13.732162710279225
leaf_count=34 176 86 645 603 112 135 5 107 1593 266 588 10 249 1552 39 338 58 48 1000 73 75 585 11 105 91 341 96 20 43 289 146 3257 1060 75 57 31 314 80 42 278 101 345 104 92 128 464 78 32 58 115 71 70 98 202 227 72 549 43 244 404 1053 33
internal_value=0 0.0123623 -0.0259004 -0.0342766 0.0203859 0.00365745 -0.014297 0.000843203 -0.0174202 -0.0435884 -0.0454497 0.00263908 0.000533033 0.0161521 0.0306261 -0.0107327 0.0293064 0.00532268 0.00228071 -0.000898462 -0.0247674 -0.0307433 0.0170549 0.0273456 0.0210739 0.0167434 0.0197014 0.00717105 0.016604 0.0165213 0.0147689 -0.0144384 -0.0422871 -0.0216915 0.0294463 -0.0182694 -0.0150575 -0.0283847 -0.0459321 0.027162 -0.0336422 -0.0445706 -0.00742817 -0.00254018 0.00188509 -0.0214105 -0.00113989 -0.027688 -0.0247009 -0.0123101 0.0183771 0.0152135 0.0187407 0.0236677 -0.0381418 -0.0012084 0.012632 -0.022494 -0.0204017 0.000428615 -0.00119838 -0.0367999
internal_weight=0 5189.58 2510.61 1458.07 2700.46 2489.12 1052.54 2059.62 902.68 736.68 687.353 1858.1 1466.96 1942.86 757.598 196.601 695.029 149.86 1270.36 769.87 721.388 175.763 1846.59 620.852 696.56 429.499 644.209 500.487 433.897 81.2888 1150.03 726.917 569.958 535.716 533.296 334.891 201.519 43.8106 342.466 415.137 185.671 318.93 179.542 114.236 88.6082 247.633 96.2717 160.685 132.35 157.709 391.127 244.766 195.772 146.361 127.396 40.072 267.99 121.049 110.596 723.303 537.554 227.493
internal_count=19296 8553 10743 3944 3193 5360 6799 4294 5817 2368 2334 3578 3471 2570 623 672 584 982 2799 1779 1576 967 2380 526 682 1066 671 1020 580 337 1698 4850 2068 1173 440 570 716 215 975 383 403 933 662 324 220 495 190 962 930 501 537 264 194 273 302 187 725 872 829 1706 1302 1093
cat_boundaries=0 20 39 58 79 80 99 115
cat_threshold=2 0 3581936128 32 91168 0 0 0 0 0 0 0 0 0 16384 8388624 34078720 67108864 268435456 32768 0 96 1048576 1073741840 65552 16384 0 0 0 2048 3584 2097152 0 0 4096 8388628 17039408 167837794 4210688 2162688 1075871744 1090519040 0 33792 524320 0 134217728 393216 0 16779776 16785408 1050624 0 2147483648 3221225492 2048 0 131144 0 0 0 32 1280 33554432 132 4194304 0 4194320 0 1275068416 0 51904512 0 272629760 1073743872 53248 12 4 64 409600 524324 0 524288 0 0 0 0 0 0 0 0 0 0 0 0 67108864 536870912 0 2 0 0 2147483648 0 0 2097152 587203584 2214592520 0 0 268476416 67504641 122880 808 2097152 4196354
is_linear=0
shrinkage=0.05


Tree=29
num_leaves=63
num_cat=5
split_feature=66 67 64 67 0 0 0 1 66 3 3 67 70 67 58 0 3 63 1 71 0 3 54 1 47 69 67 47 60 52 3 55 66 50 3 49 10 49 70 63 3 66 17 8 64 10 44 8 70 64 54 60 47 60 67 70 69 66 71 67 58 3
split_gain=946.98 112.193 102.923 56.4591 37.2523 29.0594 28.0025 15.7053 14.5749 15.3481 14.5524 13.0233 12.6072 10.4166 10.2083 9.60241 8.47987 7.22985 6.87093 6.72905 6.10016 5.13903 5.00472 4.91081 4.72949 4.71595 4.16938 4.12562 4.04904 4.00719 3.9997 3.95421 3.92076 4.01691 3.90883 3.56861 3.52817 3.45458 6.85063 3.33477 3.84182 3.32923 3.78917 3.28365 3.22188 3.1321 3.01513 3.00341 2.97686 4.60535 3.2409 2.97281 2.93649 2.9207 2.84046 2.83589 2.72043 3.0077 3.38209 2.66866 2.6182 2.57192
threshold=48.500000000000007 389.25000000000006 21.012500000000003 17.970000000000002 0 1 2 10.500000000000002 10.363333333333335 2019.5000000000002 2019.5000000000002 223.20000000000002 19.688967947717089 3.0600000000000005 757.26329241655083 3 2019.5000000000002 60.845238095238102 11.500000000000002 -5.4056655784691507 4 2014.5000000000002 0.4927091746945777 2.5000000000000004 -144.44864589259615 0.41666666666666669 19.965000000000003 152.84259724741247 4.0398348196634908 22.48560072155863 2019.5000000000002 -520.41584188126524 447.62333333333339 -446.72002105454936 2018.5000000000002 -235.54344989488732 12.995190528383292 -36.601797443769833 2.2668468141343228 36.947916666666671 2010.5000000000002 19.916666666666668 0.25000000000000022 1.5000000000000002 10.982500000000002 -13.928203230275507 1.0000000180025095e-35 5.5000000000000009 10.144088531398681 664.29750000000001 118.82102636364465 158.52606585680402 -230.38287712579674 -205.09870640660517 10.035000000000002 2.8672942376683372 0.83333333333333337 89.040000000000006 -1.623811224621446 223.20000000000002 19.739735204196077 2019.5000000000002
decision_type=2 2 2 2 9 9 9 2 2 2 2 2 2 2 2 9 2 2 2 2 9 2 2 2 2 2 2 2 2 2 2 2 2 2 2 2 2 2 2 2 2 2 2 2 2 2 2 2 2 2 2 2 2 2 2 2 2 2 2 2 2 2
left_child=2 5 3 10 7 16 24 23 9 29 21 20 41 -12 -9 -6 -2 19 22 -10 -7 -1 -13 35 -4 -17 -11 48 60 39 51 -16 37 -34 -19 -3 54 46 45 40 -8 42 -5 -35 -23 -39 -27 -26 49 50 -25 -22 53 -45 -15 -36 -32 58 -58 -18 -21 -62
right_child=1 4 6 12 15 11 8 14 17 26 13 18 -14 36 31 25 59 34 -20 28 30 44 -24 27 47 32 -28 -29 -30 -31 56 -33 33 43 55 -37 -38 38 -40 -41 -42 -43 -44 52 -46 -47 -48 -49 -50 -51 -52 -53 -54 -55 -56 -57 57 -59 -60 -61 61 -63
leaf_value=-0.015144428527802871 0.01880789631594151 0.0051425312480465274 0.027564993397556248 -0.029942975681606102 -0.0012263449385653382 -0.011331882207382772 -0.063025040489278192 0.025262367024261545 -0.052330524454831523 -0.048137916669021973 -0.064438348673193258 0.013178631904648722 -0.011726451222887794 -0.049590255173581239 0.055403718049764288 0.024595972684711195 -0.007924535951870728 -0.0028991855476938628 -0.0094279312384827271 -0.017681041435385344 0.0030246096056944396 -0.046308533848178138 0.0041162014598332894 0.020602692677870609 0.0077364943072660581 0.012877510019076025 -0.027777953899890379 0.03292564581958423 -0.012415461067349379 -0.0036894101362627352 8.1005964438489588e-05 0.038751940971363939 0.0053668849913708879 0.02169787400286436 -0.017568107695798127 0.021141941299741032 -0.061904886266054428 0.028035232739105683 -0.0071024938145938469 -0.01577542322159806 -0.025789331872789114 -0.024280840882406129 -0.046717656963775514 -0.0023251469081130099 -0.029875127217399378 0.0097133236738967173 0.022499827912144801 -0.0079785575999774608 0.034327595475663358 0.024171870571036466 -0.0025810034903373576 0.026365929368213904 0.016989757887879129 0.015286710201187576 -0.039982404814374164 -0.0040187935994005245 -0.025911582912607662 -0.002849765102601284 -0.0072378750470095191 0.0084487509301631267 -0.016835135943233256 -0.037954650835655607
leaf_weight=32.497228626161814 349.1966265887022 52.572306744754314 21.396049275994301 286.05420538783073 98.284241765737534 179.40432710200548 7.7060576863586894 88.036186367273331 14.09486719407141 74.451533660292625 105.14530508033931 216.38363969326019 137.75763273239136 153.16518889926374 69.924917995929718 131.17713280022144 37.290496669709682 167.27331505343318 71.633735783398151 90.420350767672062 191.2389534637332 56.043745800852776 514.77497058361769 29.576949842274189 87.035756446421146 458.02637890726328 37.969030303880572 147.84366057813168 200.63055384904146 37.708779271692038 279.60955210030079 72.736883968114853 71.205873385071754 333.46115569770336 127.75135394558311 103.40066902339458 33.269626524299383 26.274713411927223 60.517672061920166 103.60280214622617 68.538675520569086 254.98820387013257 38.155082313343883 42.230322375893593 63.756588965654373 207.82186423242092 99.010215908288956 46.725833140313625 50.071358799934387 251.21077202260494 30.743217498064041 14.689096197485922 553.32783325761557 53.190803349018097 154.54756039753556 55.35059455037117 35.990851569920778 180.3774417117238 74.311606384813786 74.81600708514452 21.707905471324921 42.91173592209816
leaf_count=150 1055 61 51 813 236 1001 11 76 68 162 101 4 64 317 57 55 198 1604 99 753 1110 298 850 53 397 514 37 135 1122 195 125 66 62 112 462 95 70 37 67 897 628 485 103 68 522 425 35 493 20 273 69 47 725 62 370 21 159 314 198 207 262 129
internal_value=0 0.0121701 -0.0251143 -0.0347857 0.0184253 0.00362976 -0.0145595 0.0271071 -0.0173929 -0.0262606 -0.0461241 0.000651875 -0.0253218 -0.0506797 0.0386514 0.0145852 0.0146493 -0.0135712 0.00535032 -0.0184479 -0.00328834 -0.0327792 0.00679819 0.0235121 0.00539078 0.0153507 -0.0412615 0.0258888 -0.0171052 -0.018509 -0.00126696 0.0469137 0.0147946 0.0168342 -0.00842453 0.0157492 -0.0464371 0.0122719 0.00789314 -0.0216162 -0.0295527 -0.0285553 -0.0319171 0.0176655 -0.0375628 0.0117698 0.0145878 0.00224688 0.0230117 0.0211929 0.00878672 0.00468957 0.0155928 0.00749227 -0.0447647 -0.0134722 -0.00344004 -0.006827 -0.013331 0.00300243 -0.0231739 -0.0308599
internal_weight=0 5250.36 2520.66 1315.38 3030.65 2219.72 1205.28 896.117 1050.12 329.977 598.425 1758.41 716.955 446.128 230.698 2134.53 461.303 720.141 802.792 369.765 955.622 152.298 731.159 665.419 155.158 2036.24 112.421 509.446 355.671 217.556 776.218 142.662 1905.07 1053.42 350.375 155.973 340.982 851.651 294.614 179.848 76.2447 579.197 324.209 982.21 119.8 234.097 557.037 133.762 361.602 311.531 60.3202 205.928 648.749 95.4211 307.713 183.102 570.289 290.68 110.302 112.107 155.04 64.6196
internal_count=19255 8670 10585 3293 3303 5367 7292 905 6351 1930 1828 3907 1465 858 199 2398 1460 4421 953 2334 2954 970 854 706 941 2162 199 550 2266 1731 1953 123 2107 1029 2087 156 757 1078 529 1536 639 1401 916 967 820 462 549 890 415 395 122 1157 855 130 687 483 796 671 357 405 1144 391
cat_boundaries=0 20 40 59 78 98
cat_threshold=0 0 3581936128 32 90416 0 0 0 0 0 0 0 0 0 16384 8388688 34078722 67239936 128 32769 64 96 1048576 0 65664 20480 0 1073741824 0 526336 3584 0 0 0 4096 2147484164 262148 100728950 33570880 65536 2129920 2129920 1157627904 0 33588224 0 32 0 393216 0 16779776 8396805 1050624 0 2147614720 2147491857 0 134217728 131144 12 0 0 0 0 0 0 0 0 17 0 0 0 0 0 67108864 536870912 128 2 0 128 67108993 0 256 32 65718 0 0 4194304 0 1073741824 0 320339968 34 272629760 131072 16384 65548 272
is_linear=0
shrinkage=0.05


Tree=30
num_leaves=63
num_cat=4
split_feature=66 65 66 64 67 0 71 0 67 67 3 67 65 66 68 3 3 50 67 70 0 0 3 68 65 51 68 67 66 47 3 67 68 57 1 47 70 66 66 47 18 46 46 3 71 68 50 67 53 91 50 64 1 65 47 21 63 3 50 68 70 47
split_gain=828.488 99.4542 92.9144 39.1423 36.8236 34.6701 24.1913 19.6277 18.6673 13.837 13.1988 15.5175 12.7288 12.6252 9.91908 8.44475 8.03294 7.98546 7.96357 7.32962 6.60353 5.75533 5.56703 5.48882 5.40257 5.24995 5.16609 5.08079 4.81217 4.46958 4.44895 3.99206 3.8727 3.74177 3.63803 3.40858 3.42572 3.37571 3.28631 3.27284 3.21429 3.05696 3.26669 2.96837 5.12555 2.93168 2.87846 3.17814 2.85732 2.67126 2.66322 2.65357 4.01977 2.63886 2.61735 2.5999 2.55365 2.47416 2.43536 2.38155 2.36935 2.34381
threshold=58.260000000000012 17.010000000000002 404.90500000000003 70.062500000000014 16.965000000000003 0 -212.96184483434368 1 30.320000000000004 237.08500000000001 2019.5000000000002 11.040000000000001 5.0300000000000002 1199.7800000000002 0.58333333333333337 2019.5000000000002 2018.5000000000002 -58.184544130305731 6.080000000000001 0.38193620623008945 2 3 2019.5000000000002 0.83333333333333337 498.00500000000005 -1.0662238423249482 0.83333333333333337 745.1600000000002 20.070000000000004 43.545355383077727 2017.5000000000002 581.36000000000013 0.83333333333333337 -1.2307436770421827 1.5000000000000002 142.65630037932675 10.144088531398681 69.231666666666683 713.57666666666671 -1.4050546623969351 -0.93301270189221908 1.6160254037844388 -1.6160254037844382 2019.5000000000002 -11.615526704960615 0.41666666666666669 150.07262875398138 1359.7150000000004 82.497505800933396 1.0000000180025095e-35 -33.169434942521114 1176.1325000000002 10.500000000000002 138.05500000000004 -349.27683477518184 1.0000000180025095e-35 30.015000000000004 2019.5000000000002 -341.06943399302196 0.58333333333333337 19.688967947717089 -8.0444324231189697
decision_type=2 2 2 2 2 9 2 9 2 2 2 2 2 2 2 2 2 2 2 2 9 9 2 2 2 2 2 2 2 2 2 2 2 2 2 2 2 2 2 2 2 2 2 2 2 2 2 2 2 2 2 2 2 2 2 2 2 2 2 2 2 2
left_child=1 4 5 8 15 24 -4 27 10 22 29 -12 -11 19 -6 17 21 -1 -17 -8 -10 -5 -9 33 49 39 31 30 57 55 -7 -14 -24 -21 45 36 51 -34 40 60 -25 42 -22 -28 -45 -23 47 -40 -46 -2 -32 52 -15 -36 -26 56 -3 -18 -42 -30 -16 -27
right_child=2 3 6 16 14 7 13 9 20 12 11 -13 26 35 25 18 28 -19 -20 23 41 34 32 38 54 61 43 -29 59 -31 50 -33 37 -35 53 -37 -38 -39 46 -41 58 -43 -44 44 48 -47 -48 -49 -50 -51 -52 -53 -54 -55 -56 -57 -58 -59 -60 -61 -62 -63
leaf_value=0.021550308463621527 0.016042380680288636 -0.02566376691520433 0.047824627775047375 0.019069090079604074 -0.014873699693768852 -0.023185109040810521 0.036094526278180793 0.0060763412115588007 -0.00050174799778952947 -0.017426822082756664 -0.0584887028332855 -0.028782991288738638 0.010497118797811379 0.0094919332148017243 -0.024681464838147947 -0.05978088153352399 -0.015881196480605059 -0.036791871669797103 -0.043672285705399078 0.02934851050005461 -0.030960433233065202 -0.044271160161315312 0.0020668952164725283 0.023490027889197785 0.036387389849905624 -0.031464663273381335 0.010676755313289311 -0.041342151174502705 -0.00034495254294197446 -0.041717033543614411 -0.011679341330857955 0.020558213199037972 -0.021224083901228062 0.016706602818861018 -0.0039470374282856062 0.033970773152347415 0.032733491252649925 -0.0048735221339111573 0.019496411589691644 -0.039564716787413384 0.0027347276550004447 -0.035569939558641239 -0.014847548165028297 -0.0064216819496099205 0.0080995454754961595 -0.0079633573278716039 0.027557486867772648 0.0080852596187992887 -0.0068215957567101942 0.0053155366202889678 -0.00018636223278736727 0.027199164223610042 0.025882715480534581 0.0060305356561227916 0.020444214405185387 -0.0039833964909679392 -0.014198336036037909 -0.039513426209100033 0.013182646440598664 -0.011958132556104693 -0.0076877631878182751 -0.042712497928361126
leaf_weight=6.19466409087181 154.63461969047785 93.029229313135147 76.114614635705948 28.886768698692322 143.86286089941859 40.512323588132858 48.517751216888428 237.1038935855031 85.667281713336706 46.487065114080906 58.500689512118697 176.89955888688564 401.07432873547077 83.405157446861267 183.81510220840573 117.97665888257325 26.5772202052176 110.24103785306215 219.42114695720375 123.8260754942894 33.83092300221324 8.0929504930973071 206.87809766829014 71.007592886686325 28.220411092042923 108.36527971550822 271.17119810730219 12.00749935209751 70.422953747212887 20.9098926410079 87.547227673232555 130.72925488650799 35.824317097663879 111.00155910849571 155.62439357489347 113.14888072013855 83.664602681994438 265.66019974648952 253.22545693814754 33.809362573549151 60.388523161411285 20.769928574562073 448.05917439237237 92.768173083662987 341.53740082681179 17.762139938771725 75.509443394839764 80.38789127022028 35.411000438034534 92.909091107547283 118.81369956955314 104.66205734014511 67.824220985174179 115.41420015320182 293.19313572347164 30.524014018476009 101.60726628452539 18.988231312483549 730.15204437822104 118.31750017777085 23.087543189525604 80.885708726942539
leaf_count=27 159 802 70 69 98 467 42 1080 169 27 97 338 186 76 761 219 78 747 575 72 26 28 86 143 36 484 813 20 47 114 236 38 143 95 1493 82 30 583 194 109 106 27 1999 131 509 168 88 93 75 353 388 64 39 737 577 177 1269 59 845 422 34 215
internal_value=0 -0.0224742 0.0121043 -0.0147937 -0.0346556 0.0063061 0.0201564 0.00353317 -0.0204002 0.0051696 -0.0277013 -0.0361653 0.00827166 0.0191069 -0.0262384 -0.0452982 -0.00408501 -0.0336879 -0.0493049 0.0169664 -0.0144253 0.000993181 -0.000250474 0.0163499 0.0172647 -0.0300409 0.00921034 -0.00922466 -0.0111458 -0.0196042 -0.00803618 0.0129704 -0.00320134 0.0233728 -0.00136196 0.0264549 0.0239504 -0.0068164 0.0150521 -0.025142 0.0132998 -0.0164608 -0.0159787 0.00651143 0.00410675 -0.0193281 0.018742 0.0167468 0.00669783 0.0120163 -0.00506218 0.0210788 0.016843 0.000301633 0.021844 -0.0175507 -0.0196784 -0.0257293 0.0123845 -0.00762502 -0.0227852 -0.036272
internal_weight=0 2657.54 4975.32 1629.88 1027.66 2892.48 2082.84 2323.53 1069.8 2064.64 481.471 235.4 1319.18 2006.72 573.826 453.834 560.086 116.436 337.398 1554.02 588.327 325.78 745.467 1505.5 568.957 429.963 1272.69 258.881 234.306 246.07 246.873 531.804 508.363 234.828 296.894 452.705 339.556 301.485 1270.67 240.712 861.548 502.66 481.89 740.888 469.717 25.8551 409.123 333.613 376.948 247.544 206.361 255.891 151.229 271.039 321.414 225.161 194.636 45.5655 790.541 188.74 206.903 189.251
internal_count=19334 11388 7946 8119 3269 5907 2039 4782 5018 3671 2797 435 1779 1969 1701 1568 3101 774 794 1678 2221 2495 1892 1636 1125 1603 1752 1111 606 2362 1091 224 812 167 2426 291 209 726 1469 904 1094 2052 2025 1528 715 196 375 287 584 512 624 179 115 2230 613 2248 2071 137 951 469 795 699
cat_boundaries=0 21 42 59 78
cat_threshold=0 32 0 0 102544 16384 0 0 0 512 3584 2097152 0 0 4096 8388628 4456512 234946636 4218880 65536 4 32768 1048576 0 32 16640 0 0 8 0 4194320 16384 0 0 3004694528 32 67108864 1610745856 32768 167772174 16 80 0 134217728 1 0 0 0 268435488 0 0 0 0 203489280 642 134217728 131073 4096 2048 0 0 16777216 0 33554432 0 0 0 0 0 512 8388608 0 0 2147483648 20 0 0 131136
is_linear=0
shrinkage=0.05


Tree=31
num_leaves=63
num_cat=7
split_feature=67 66 64 67 0 63 3 67 3 65 0 0 3 3 67 57 67 65 58 66 0 66 1 9 47 70 67 0 64 0 67 18 3 26 70 10 38 55 60 8 3 0 70 65 51 17 60 47 3 65 3 51 10 64 65 58 65 65 56 52 65 26
split_gain=775.542 115.119 80.4762 52.0643 33.9149 26.3363 22.1696 18.1308 13.9119 12.3059 12.0407 12.0399 10.8308 10.18 10.1517 9.78376 10.0117 8.55176 8.04648 7.31152 7.16308 6.70103 6.19806 6.13155 5.83552 5.53617 5.52626 5.32278 4.6727 4.58274 4.54128 5.57385 4.2557 3.95076 3.89586 3.74962 3.40216 3.38455 3.27531 3.19887 3.1596 3.02721 3.02681 3.00145 2.90551 3.85751 2.8565 2.80559 2.76175 2.45647 2.54971 2.43189 2.78122 2.3752 2.34558 2.25951 2.22698 2.21213 2.51577 2.17892 2.15018 2.14218
threshold=76.280000000000015 240.10666666666671 21.012500000000003 17.970000000000002 0 293.46708333333339 2018.5000000000002 28.160000000000004 2019.5000000000002 61.050000000000004 1 2 2019.5000000000002 2018.5000000000002 3.0600000000000005 263.8353026734581 874.49500000000012 16.005000000000006 114.94998996111529 17.696666666666669 3 1593.8025 6.5000000000000009 -24.499999999999996 40.210212441350556 9.2920259767912281 8.0500000000000025 4 2.1800000000000002 5 150.34000000000003 0.6830127018922193 2018.5000000000002 -0.5 2.2260757675504226 7.6471143170299749 0.6830127018922193 -212.19593411569903 -17.794206381554101 5.5000000000000009 2019.5000000000002 6 3.5866351158585754 676.85500000000013 -65.285502294209422 1.0000000180025095e-35 -280.83688527817509 223.29518371158255 2017.5000000000002 10.045000000000002 2021.5000000000002 251.6296876686506 1.5001923289555077e-15 10.017500000000002 473.07000000000005 218.30333025985598 960.07500000000016 13.005000000000001 25.331923678721285 -11.597221830639258 37.040000000000006 -0.5
decision_type=2 2 2 2 9 2 2 2 2 2 9 9 2 2 2 2 2 2 2 2 9 2 2 2 2 2 2 9 2 9 2 2 2 2 2 2 2 2 2 2 2 9 2 2 2 2 2 2 2 2 2 2 2 2 2 2 2 2 2 2 2 2
left_child=2 5 3 8 13 11 9 12 28 24 29 17 18 22 -10 16 32 -2 -8 36 48 43 -3 -13 -4 44 -14 55 -1 -6 41 -32 34 -21 -12 -16 49 -24 -35 60 47 -25 61 -15 45 56 -34 59 -7 50 -5 52 -42 -30 -46 -11 -22 58 -43 -18 -19 -9
right_child=1 4 6 19 10 20 7 42 14 27 15 23 26 21 35 -17 40 39 -20 33 25 -23 37 30 -26 -27 -28 -29 53 -31 31 -33 46 38 -36 -37 -38 -39 -40 -41 51 57 -44 -45 54 -47 -48 -49 -50 -51 -52 -53 -54 -55 -56 -57 -58 -59 -60 -61 -62 -63
leaf_value=-0.012074652648530172 -0.041486381008629947 0.027212052073220097 -0.013639573610928863 -0.038888976122653261 -0.0067259883073172476 0.020883324559467155 -0.024717975030961958 -0.039339694635950863 -0.063391964561523892 0.0068034950276801886 0.020482143541393535 -0.025365986357368898 -0.058606746027255831 0.0044618501624523544 -0.041883622013551225 -0.005092936010502514 0.0075614011707081583 -0.027116671858369253 0.019801623820704384 -0.034812936757101197 -0.0017408921428149352 0.03326411755880411 0.047610299484608161 0.0094314671366810526 -0.058605313847065292 0.024179543987041609 -0.035319045112531991 -0.0027195686527107382 -0.044127055347605103 0.0086192829718982865 0.0049001100080821314 -0.0067160096687606382 0.0010299260328429573 -0.032550479388468431 0.0014395616832319799 -0.055587657202841027 -0.04614627725595271 0.032711903065622903 -0.016215406291721583 0.00010511614809511996 0.029537352269537593 -0.033442604784770645 -0.0079991226998692138 0.019789104322577494 0.0048445397685373641 0.011667183322180735 0.012618995980621703 0.028849288981637369 0.0098812914852309322 -0.0239540676611706 -0.020092903863595024 0.017140794528765272 0.021457114839950369 -0.029458704017323662 0.016303829332916357 0.030325851442196378 -0.01851950782736134 -0.0033736295091303659 0.00062376705654193694 0.017875034389898636 -0.01075666336594934 -0.016587374804923977
leaf_weight=26.723478209227324 23.327130306512117 128.9650104790926 240.03843711316586 72.318731902167201 49.438674479722977 170.15958957374096 59.978337306529284 10.798080630600451 95.092008540406823 20.192349217832088 282.32491745054722 23.16460270434618 34.000113818794489 45.271970152854919 243.63568880967796 52.804580956697464 80.58842545747757 24.570941895246506 12.216778848320244 37.267529260367155 118.11244574561715 78.057651937007904 99.700488984584808 36.726917281746864 7.4389397948980323 37.665384292602539 101.60378309711814 241.59044279158115 45.75273372605443 469.82402734458447 645.02767522260547 122.95504081994295 57.048298344016075 33.810258861631155 29.683033466339111 62.776151383295655 28.795893045142293 61.719338685274124 332.16506787203252 60.415634874254465 178.72120089828968 13.203064139932396 122.69932245835662 108.46635031700134 159.46634425967932 49.448479831218719 782.40051940828562 37.83900348842144 85.801815867424011 148.91675404272974 24.040187975391746 139.00957415997982 263.51429346203804 69.551331246271729 62.024165138602257 20.649659655988216 23.753434740006924 468.09554245695472 9.1929587051272375 140.4786204174161 109.9772225022316 246.73024980910122
leaf_count=29 119 112 2766 260 127 467 369 41 106 77 575 33 49 71 624 78 130 142 32 36 270 44 99 62 6 3 351 2273 298 917 1060 161 88 120 80 138 118 55 443 375 90 68 47 111 211 54 707 59 192 426 40 57 88 644 70 42 45 1431 51 160 343 1173
internal_value=0 0.0105766 -0.0239609 -0.0328363 0.0168421 0.00195695 -0.0142685 -0.0209526 -0.0443627 -0.00685136 0.0142801 -0.00171647 -0.0328289 0.0285995 -0.0491203 0.0160709 0.0167127 -0.0123118 -0.0171844 -0.0235866 0.00994751 0.0213333 0.0353845 0.000130279 -0.0149912 0.00570266 -0.041158 0.000281057 -0.030913 0.00705879 0.000587284 0.00304035 0.0136846 -0.0193038 0.0186705 -0.0446912 -0.0298879 0.0419139 -0.0177245 -0.00945262 0.0208629 -0.00298603 -0.0144621 0.0152756 0.00415493 -0.000358564 0.0118314 0.0162686 0.0165488 -0.0279791 -0.0341996 0.0229093 0.0247226 -0.0352791 0.00805349 0.015019 -0.00455023 -0.00402602 -0.0194593 0.0141153 -0.0137443 -0.0175414
internal_weight=0 5328.94 2338.78 1220.85 3085.86 2243.09 1117.94 588.027 543.531 529.91 2563.68 1536.66 207.799 522.181 401.504 2044.41 1991.61 218.291 72.1951 677.314 706.432 231.796 290.385 1318.37 247.477 450.47 135.604 282.432 142.028 519.263 1295.2 767.983 1151.46 403.243 312.008 306.412 274.072 161.42 365.975 194.964 840.151 527.218 380.228 153.738 412.805 191.314 839.449 258.906 255.961 245.276 96.3589 581.245 442.235 115.304 221.491 40.842 141.866 490.492 22.396 221.067 134.548 257.528
internal_count=19313 8805 10508 3282 3648 5157 7226 2062 1839 5164 3156 3845 801 492 868 2112 2034 979 401 1443 1312 226 266 2866 2772 653 400 2392 971 1044 2833 1221 1450 599 655 762 844 154 563 860 584 1612 1261 182 650 369 795 349 659 726 300 235 178 942 281 119 315 1550 119 290 485 1214
cat_boundaries=0 20 39 60 79 98 117 134
cat_threshold=0 0 2508194304 0 73744 0 0 0 0 0 0 0 0 0 0 8388624 34078720 0 268435456 32768 2148008060 288 524288 0 167772160 134217728 0 0 16384 537397317 4096 0 0 0 2147483648 67108864 805307008 4194432 4194306 1048576 0 1 0 0 33554432 65664 0 0 4194304 524288 3422552064 2 857210880 34 301989888 131104 20480 12 16 32 2048 1073741920 0 0 65568 16384 0 0 0 0 3584 0 0 0 0 8388628 0 134217826 64 0 0 16777216 0 32768 0 0 0 131072 0 512 16777220 0 0 2147483648 1073741844 0 0 131136 524320 0 0 0 0 0 0 0 0 0 0 0 0 0 0 0 536870912 0 2 0 0 1048576 0 0 0 0 0 0 0 65536 2097152 0 0 0 2 2048
is_linear=0
shrinkage=0.05


Tree=32
num_leaves=63
num_cat=9
split_feature=66 65 0 67 66 64 66 0 0 67 70 67 8 69 0 66 50 0 67 46 8 67 33 51 55 10 70 67 43 51 69 70 69 50 47 0 24 57 51 67 18 54 65 46 70 47 18 65 47 1 0 10 60 37 51 64 0 78 37 66 0 10
split_gain=676.087 98.2594 74.9936 36.1556 33.6972 33.1892 19.0225 13.0867 12.0657 10.9489 9.48687 9.05402 8.8267 8.7884 8.36509 6.97403 6.58035 6.45404 6.41756 6.25676 5.82533 6.36556 5.51453 5.14583 5.04 4.96653 4.89527 4.89301 5.23821 4.7034 4.45214 3.80277 3.61582 3.92484 3.59307 3.57509 3.65635 3.56677 3.80081 3.46965 3.40766 3.379 3.26204 3.24824 3.0638 2.81883 2.75345 2.60113 2.59528 2.82624 2.59438 2.51778 2.41279 3.41039 2.89188 2.39529 2.35601 2.49481 2.33087 2.25248 2.18255 2.07244
threshold=63.991666666666667 17.010000000000002 0 298.40000000000003 8.6733333333333338 68.535000000000011 17.696666666666669 1 2 2694.8800000000006 0.044615791185558633 3.0600000000000005 1.5000000000000002 0.58333333333333337 3 384.76500000000004 -446.72002105454936 4 7.3500000000000005 0.93301270189221952 4.5000000000000009 1222.4000000000003 -1.0000000000000002 -1.3624642110032334 -520.41584188126524 4.2500000000000018 2.1945787545787554 899.73500000000013 0.25000000000000017 -23.840739258123129 0.58333333333333337 0.027917801793349815 0.58333333333333337 401.08360753082536 -10.751884598052275 5 0.6830127018922193 96.462449888894312 87.787296184543905 6.080000000000001 -4.592425496802573e-16 142.5549375457548 179.11000000000004 1.866025403784439 2.5814920643373278 -1.6563500768504917 1.0000000180025095e-35 515.85000000000014 -438.59762599741572 2.5000000000000004 6 13.428203230275509 68.64646942971676 -1.0000000180025095e-35 414.10186624061379 29.045000000000005 7 1.0000000180025095e-35 1.8369701987210299e-16 14.050000000000002 8 8.5801270189221945
decision_type=2 2 9 2 2 2 2 9 9 2 2 2 2 2 9 2 2 9 2 2 2 2 2 2 2 2 2 2 2 2 2 2 2 2 2 9 2 2 2 2 2 2 2 2 2 2 2 2 2 2 9 2 2 2 2 2 9 2 2 2 9 2
left_child=1 4 9 14 10 6 12 -7 42 20 -1 -12 18 -6 -4 19 -17 47 -3 22 24 60 -10 45 -2 31 -25 -18 37 -11 -8 -14 -24 52 -13 44 -37 38 -29 -27 -26 56 -5 50 -16 59 -20 -9 -42 -50 -32 -36 53 -34 -55 -33 -19 -58 -59 -15 -22 -51
right_child=2 5 3 8 13 7 30 17 15 29 11 34 25 23 35 16 27 41 46 -21 21 -23 32 26 40 39 -28 28 -30 -31 43 55 33 -35 51 36 -38 -39 -40 -41 48 -43 -44 -45 -46 -47 -48 -49 49 61 -52 -53 -54 54 -56 -57 57 58 -60 -61 -62 -63
leaf_value=-0.017824855911200404 0.036166465042254702 -0.054656144480985006 0.0085959765457916098 -0.021025263231747353 -0.01379009079908902 0.018819839126087746 -0.0014803606086265099 0.00096103403569813687 -0.0074477739123132063 0.038581335934311879 -0.059781349008107547 -0.029507148536644962 0.0011246247363587304 -0.0297599883024314 -0.0046307465373642259 -0.0017377164206834562 0.012206899141359915 -0.0011638098463032417 -0.022995296923746376 -0.009019974964444016 0.013829815993760359 0.023854575005450414 0.014309737331630813 -0.027440586990393891 0.031736221445899569 -0.051702407372993225 -0.044070813588543728 0.013684502364676724 0.028112446542700259 0.023812750195554556 -0.00062677940052334317 -0.023485661533109877 -0.0070794206915841713 -0.0083602976176381568 -0.042070206465378401 0.00033315246926129608 -0.012478228132891156 0.0047831281495956156 0.025396911210033603 -0.026855898077044128 0.0089263326896820566 -0.025278105994804373 -0.00080198589225981005 -0.037946562567366171 -0.020631020653990181 -0.034613618593092303 -0.04037613886299949 0.033009333872439366 0.011593393496820854 0.020140329185944272 -0.014391035428037225 -0.058869529487736195 0.012810055231403918 0.0071018212560640913 0.023056014618392191 -0.013009442435210317 -0.0078219817811427256 -0.026465586539068144 -0.010447087968747343 -0.017626592705163983 0.0030439556289795192 0.028308457482661822
leaf_weight=34.786655176430941 62.480716466903687 35.990575108677149 226.29781064763665 32.222082078456879 144.67447957769036 47.791791319847107 84.639081563800573 167.9034760184586 47.111013524234295 123.52515625953674 82.765115536749363 54.286920106038451 23.559991456568241 51.599702456966043 93.891395747661591 64.713041231036186 791.33178447932005 106.85806754603982 57.575953181833029 48.355978384613991 126.62647278606892 122.09168839454651 343.18850612640381 105.32637535594404 66.952309563755989 17.302520828321576 76.311471866443753 189.09468670189381 111.46905459463596 95.65987366437912 49.370016485452652 160.08351221121848 40.03376080840826 34.300572454929352 241.38796603865921 760.74290006607771 60.091597475111485 61.863593235611916 109.30590225756168 74.758848709985614 50.114165991544724 31.388781169429421 52.312784910202026 13.683906525373457 43.911508020013571 45.047871012240648 37.711067017167807 6.5793792307376853 67.836846485733986 245.81277072429657 402.64395692571998 24.574143061414361 264.12196190655231 448.80968691408634 30.32235811650753 82.773892175406218 228.99098273739219 40.902602907270193 51.058555386960506 147.85198539495468 103.04259242117405 113.51914030313492
leaf_count=54 72 42 723 105 67 95 31 1344 80 66 172 360 40 290 348 80 911 927 122 80 370 131 52 540 81 115 209 201 64 56 171 836 66 44 875 1553 66 75 72 760 81 132 62 10 334 113 14 26 75 216 1868 57 459 774 34 983 637 157 57 566 220 92
internal_value=0 -0.0200491 0.0108546 0.00741267 -0.0324416 -0.0127887 -0.0184081 -0.00421199 0.0106592 0.0218685 -0.0428771 -0.0450395 -0.025576 -0.0244378 0.000163799 0.0112428 0.0138129 -0.00614899 -0.0366682 0.00861585 0.0197487 0.0146294 0.00932188 -0.0280528 0.0227168 -0.021514 -0.0344274 0.0146097 0.0186403 0.0321358 -0.0120292 -0.0180544 0.0100025 0.00819449 -0.0412297 -0.0018966 -0.000597463 0.0157096 0.0179748 -0.0315257 0.0211727 -0.00924243 -0.00761023 -0.0139465 -0.00907104 -0.023317 -0.029874 0.00205191 0.0196908 0.0209537 -0.0132199 -0.0436224 0.00891943 0.0069401 0.0081115 -0.019915 -0.00828192 -0.0102948 -0.0175718 -0.0207656 0.00972537 0.0227208
internal_weight=0 2730.18 5031.15 3853.49 1008.61 1721.57 1040.09 681.474 2668.56 1177.66 437.801 403.014 489.756 570.812 1184.94 2584.02 1327.78 633.682 131.278 1256.24 958.477 351.761 1207.89 426.137 606.716 358.479 181.638 1263.07 471.733 219.185 550.337 266.417 1160.78 817.588 320.249 958.637 820.834 360.264 298.401 92.0614 544.235 459.199 84.5349 465.698 137.803 244.5 95.287 174.483 477.283 427.169 452.014 265.962 783.288 519.166 479.132 242.857 427.81 320.952 91.9612 199.452 229.669 359.332
internal_count=19313 11670 7643 6183 3303 8367 4992 3375 3159 1460 1518 1464 2912 1785 3024 2992 1403 3280 178 1589 1338 721 1509 1718 617 2734 749 1323 412 122 2080 1859 1429 1377 1292 2301 1619 348 273 875 545 1910 167 2049 682 969 136 1370 464 383 2039 932 1333 874 808 1819 1778 851 214 856 590 308
cat_boundaries=0 20 39 58 80 100 121 137 153 171
cat_threshold=2 32 3581936128 16 90160 0 0 0 0 0 3072 0 0 0 16384 8388944 34078722 100794369 268435456 32768 0 1073741824 17825792 0 33554432 0 0 0 0 0 2048 1073741824 0 0 2147483648 20 0 0 131072 32 0 0 0 0 8192 0 0 0 16 0 0 0 0 0 1024 1610612736 0 2 134217728 1074266176 0 0 5248 0 16 1073741824 65536 2048 512 0 0 0 4096 2147484160 4 134217826 536887296 131072 0 134217728 1073741824 2097152 67108864 0 0 526336 33554432 2348810240 131072 0 16777728 8413704 1058816 308 2097152 1073741859 0 0 64 65792 1048576 0 0 0 256 0 128 0 0 4194304 0 0 0 857210880 33 268435456 2112 32768 33619972 0 32 0 0 1 134217729 0 0 32 0 0 0 0 1744830976 640 0 131073 4096 270630912 32768 2147483648 0 160 0 0 0 262144 0 671121408 262144 114688 586 131072 2147483648 0 32 25165824 0 65536 0 0 0 0 0 3072 0 0 0 0 16 0 131073
is_linear=0
shrinkage=0.05


Tree=33
num_leaves=63
num_cat=5
split_feature=67 63 64 67 67 3 67 66 0 58 3 0 67 0 65 67 64 51 65 46 47 47 3 3 46 70 51 57 47 0 8 65 67 33 66 68 3 58 58 56 68 71 55 42 55 56 36 66 3 66 3 0 59 5 67 27 5 63 77 47 64 71
split_gain=664.525 82.55 72.7918 53.0155 34.0905 23.581 19.5815 17.2797 13.7544 13.2592 12.5105 11.4104 10.7829 10.7225 8.5515 7.23867 7.09668 5.69507 6.93964 5.35862 5.20463 5.17514 5.05017 5.01863 4.95636 4.71961 4.57762 4.49427 4.38877 3.88083 3.81944 3.73381 3.67336 3.59669 4.99959 4.16813 3.90516 4.23958 4.27657 3.56126 3.52634 3.49786 3.38799 3.16549 3.11598 3.07349 3.00447 3.38107 2.87304 2.83854 2.76474 3.76903 2.59279 2.52511 2.52212 3.08988 2.20768 2.18804 2.18082 2.72312 2.27539 2.03763
threshold=74.090000000000018 476.18625000000003 24.590000000000003 17.070000000000004 223.20000000000002 2019.5000000000002 21.030000000000005 713.57666666666671 0 757.26329241655083 2019.5000000000002 1 3.0600000000000005 2 36.155000000000008 1263.8200000000004 39.970000000000006 -1.3624642110032334 10.045000000000002 0.6830127018922193 -200.30936789181717 -34.440959805544473 2018.5000000000002 2019.5000000000002 0.93301270189221952 19.688967947717089 531.70665234441242 70.214142121304363 43.545355383077727 3 2.5000000000000004 146.05500000000004 8.0500000000000025 -1.5000000000000007 342.22166666666675 0.83333333333333337 2021.5000000000002 43.210435960373054 262.03669315642441 642.22460220556673 0.83333333333333337 -2.581638515269328 -403.93891867405137 -1.0000000180025095e-35 -13.966832227392802 481.98541581178273 0.6830127018922193 4.6683333333333339 2010.5000000000002 182.59833333333339 2019.5000000000002 4 -0.35061216395567379 0.6830127018922193 52.055000000000007 0.25000000000000022 1.0000000180025095e-35 16.036666666666672 1.5000000000000002 -15.280970014700609 10.017500000000002 -2.4891947622885806
decision_type=2 2 2 2 2 2 2 2 9 2 2 9 2 9 2 2 2 2 2 2 2 2 2 2 2 2 2 2 2 9 2 2 2 2 2 2 2 2 2 2 2 2 2 2 2 2 2 2 2 2 2 9 2 2 2 2 2 2 2 2 2 2
left_child=2 4 3 10 14 8 32 13 20 27 58 31 -12 23 21 24 28 25 57 39 -4 44 42 30 26 -5 33 -9 -10 -16 -3 -6 -7 34 -13 -35 37 -37 49 -15 -32 -8 -11 -23 -2 -24 47 -14 -18 -39 51 -31 -45 -51 55 -43 -41 -19 59 -1 -61 -52
right_child=1 7 5 17 11 6 41 9 16 22 12 15 46 19 29 -17 48 18 -20 -21 -22 43 45 -25 -26 -27 -28 -29 -30 50 40 -33 -34 35 -36 36 -38 38 -40 56 -42 54 -44 52 -46 -47 -48 -49 -50 53 61 -53 -54 -55 -56 -57 -58 -59 -60 60 -62 -63
leaf_value=-0.00035825406781427949 -0.01430865015113502 0.025111626968176461 0.03859564808923311 -0.020848779559462738 -0.013399831957129835 -0.060004416877533412 -0.025537918937990012 0.018991597377287003 -0.017201862364867402 0.044761651439035662 -0.06220821196499085 -0.017497066661550108 -0.048659605265256402 0.01111600807935096 -0.0082645291407601428 0.02502837336435941 0.0044638646925318475 -0.046119462250507046 -0.021382667027651129 -0.0052567836723412488 0.0055165483556422175 -0.0037142341167222398 0.030993606701619915 0.0081636903096937562 -0.0056906349279917494 -0.008223418877914777 0.023665013410348865 0.0062743999114877385 -0.049247983543441023 0.011607251111756447 0.024785636758152266 0.0012958986307659848 -0.036751704522289833 0.013172844723047772 0.011756470316383409 -0.01440925651000642 0.011277863201290164 -0.0045816748214427072 -0.011359464184744227 0.0076252016981204294 0.013932880105275736 -0.01508774314337312 0.030209116474467473 -0.041607854699331301 0.0064233526885025712 0.018493989276265548 -0.058122657874522421 -0.037067628930789187 -0.0083332323650773463 0.0098550383030127989 -0.0069248429250391985 -0.00064643927788388079 -0.019633330969119723 0.0001264794896023621 -0.0085696583683239225 -0.034308086975454129 -0.011526204181009784 -0.029576388683153595 -0.045790906992672409 -0.038636872393681881 -0.024336098198208971 0.00010866447212256907
leaf_weight=8.5456748940050584 40.019314587116241 208.53702130913734 13.346192911267279 356.27511794120073 56.617211557924747 25.335957318544388 84.685468086972833 501.80705125629902 118.91087126731873 63.730109214782715 90.322141030803323 29.840409055352211 95.236734665930271 569.00457190722227 146.13663485646248 73.393519550561905 52.090919382870197 49.576050149276853 147.57648681476712 64.345247253775597 109.06673377379775 15.053291529417036 87.021548897027969 113.09376223385334 55.620880827307701 93.433831725269556 55.013733714818954 80.636909112334251 11.738637417554854 100.74961381778121 100.8701546639204 182.69459462165833 51.527555786073208 503.15203537046909 28.607760071754456 27.017403490841389 416.82569169998169 47.978592775762081 33.780929371714592 31.010402001440525 290.14461128413677 131.18561284244061 107.38790735602379 24.638278093189001 33.126094106584787 113.08956483006477 28.205201558768749 185.28605160117149 277.53539866581559 388.88644719868898 136.28171186521649 150.24528401345015 29.491120837628841 80.508018478751183 122.65641303732991 24.875203309580684 29.23342202603817 33.48995896615088 18.967268273234367 43.880476024001837 75.971683278679848 421.30443918704987
leaf_count=97 268 311 25 1173 192 41 239 324 1385 51 112 55 285 601 572 44 518 119 352 83 739 85 48 193 86 47 40 96 48 412 154 378 164 153 52 125 202 153 57 71 662 315 89 120 149 75 53 486 2841 856 221 947 107 172 235 60 82 122 128 215 695 577
internal_value=0 0.00970725 -0.022604 -0.0308168 0.00431167 -0.0127548 -0.0214882 0.0167423 -0.00615604 0.0219377 -0.0424152 0.00822918 -0.0470127 0.0132189 -0.00275863 0.00960524 -0.0100023 -0.0215018 -0.0278895 0.00836608 0.00843405 -0.0141919 0.0293224 0.017578 0.00898391 -0.0182257 0.00949036 0.017231 -0.0200812 -0.00105417 0.019647 -0.00209339 -0.0444163 0.0089894 -0.00317877 0.00946412 0.00758869 0.00492902 0.00587697 0.00989207 0.0167326 -0.0166386 0.035629 -0.0239954 -0.00491954 0.0239296 -0.0425671 -0.0410031 -0.0063109 0.0070024 0.000346894 0.0047089 -0.0296356 0.00818645 -0.0139347 -0.0181514 -0.00166805 -0.0394497 -0.0299654 -0.0276276 -0.0295719 -0.00161042
internal_weight=0 5436.9 2249.72 1226.77 3076.98 1022.95 440.266 2359.91 582.689 953.673 546.415 1979.94 399.05 1406.24 1097.05 1740.63 460.276 680.351 230.642 693.594 122.413 142.328 371.229 712.646 1667.23 449.709 1611.61 582.444 130.65 954.718 599.552 239.312 76.8635 1556.6 58.4482 1498.15 994.997 578.171 551.154 629.248 391.015 363.403 171.118 69.1827 73.1454 200.111 308.728 280.523 329.626 517.373 808.581 250.995 54.1294 469.394 278.717 156.061 60.2438 83.066 147.365 128.398 119.852 557.586
internal_count=19357 8863 10494 3884 6023 6610 1054 2840 5556 683 2071 2565 936 2157 3458 1995 4792 1813 593 837 764 729 263 1320 1951 1220 1865 420 1433 2729 1127 570 205 1825 107 1718 1565 1363 1238 754 816 849 140 312 417 123 824 771 3359 1181 2157 1359 227 1028 610 375 153 241 1135 1007 910 798
cat_boundaries=0 19 39 60 81 100
cat_threshold=2162688 0 1090519040 536870912 134218880 2621472 0 0 393216 0 16785920 8388613 1067008 0 2228224 1073742356 0 0 131136 36 0 0 0 128 1073750016 16384 0 196608 2155872304 4096 0 0 0 0 0 1610612800 0 536871042 131072 1024 32 0 0 65552 0 0 0 0 271872 3072 0 0 0 2147483648 8388688 55050240 100728925 268435456 196608 4 0 1048704 1 0 0 33554464 98448 4194304 0 4194304 0 0 0 2164260864 131104 301989888 131076 49152 167772164 16 32 268500992 1073741824 0 1 33554560 4096 0 3221225472 0 8 98816 67108864 0 0 0 2147484320 0 2 537002048
is_linear=0
shrinkage=0.05


Tree=34
num_leaves=63
num_cat=7
split_feature=67 65 66 66 0 64 0 67 0 0 0 52 68 67 66 65 1 56 58 91 66 58 54 64 56 74 54 68 0 63 66 32 67 67 53 71 47 51 48 52 58 67 56 66 46 55 58 51 49 65 54 55 63 71 8 8 58 51 58 63 27 67
split_gain=555.051 70.556 60.5666 29.2274 28.8714 24.8039 17.7062 12.1675 10.3246 9.53815 8.37127 8.32907 7.28503 6.89505 6.28479 6.1588 6.10571 5.85415 5.47296 5.47092 5.24095 5.2277 4.87934 4.66416 4.40562 4.31489 3.9901 3.97863 3.87181 3.86942 3.80838 3.82762 3.36931 3.3481 3.28046 4.04513 3.03052 2.98654 2.8202 2.81638 2.77732 3.63323 2.77031 2.73761 2.68115 2.67699 2.63697 2.29919 2.2688 2.24296 2.29849 2.17908 3.13713 2.07919 2.03054 1.96587 1.95852 1.88611 1.85668 1.84584 1.82813 1.76488
threshold=96.825000000000017 17.010000000000002 277.34666666666675 14.793333333333335 0 70.062500000000014 1 11.040000000000001 2 3 4 16.879062651417257 0.58333333333333337 10.035000000000002 1.0000000180025095e-35 15.030000000000003 6.5000000000000009 2.039145411995952 1240.9867425288342 1.0000000180025095e-35 139.8666666666667 218.30333025985598 1.1468887274078237 11.040000000000001 4.6623162864952574 5 178.04753207390726 0.58333333333333337 6 50.683333333333344 713.57666666666671 0.25000000000000017 3.0600000000000005 854.67000000000007 -10.625311891985726 -1.623811224621446 43.545355383077727 130.06295227319308 317.69505292754928 -142.74140843379934 757.26329241655083 1649.5800000000002 9.7228809275824499 17.696666666666669 1.866025403784439 -10.895137694932517 25.551927472957086 -15.075558101314588 -13.316120053444815 9.0250000000000021 0.15720579713444058 371.62600612416014 822.99791666666681 15.124018671626095 2.5000000000000004 2.5000000000000004 488.42841792860753 -15.502213553580001 8.8861583709446741 730.10101010101027 0.68301270189221941 199.91000000000003
decision_type=2 2 2 2 9 2 9 2 9 9 9 2 2 2 2 2 2 2 2 2 2 2 2 2 2 1 2 2 9 2 2 2 2 2 2 2 2 2 2 2 2 2 2 2 2 2 2 2 2 2 2 2 2 2 2 2 2 2 2 2 2 2
left_child=1 3 6 13 16 7 26 11 21 39 -6 22 -11 14 -1 19 33 -5 -18 -14 34 -7 -3 -24 58 42 54 -15 -9 -12 31 51 -16 56 37 57 -25 -17 40 -8 41 -32 -10 60 48 -37 -41 -47 -45 50 -29 52 -31 -44 -2 -48 -4 -36 -19 -56 -30 -57
right_child=2 5 4 17 10 8 9 28 25 12 29 -13 15 27 32 20 18 24 -20 -21 -22 -23 23 36 -26 -27 -28 49 43 30 38 -33 -34 -35 35 45 -38 -39 -40 46 -42 -43 53 44 -46 47 55 -49 -50 -51 -52 -53 -54 -55 59 61 -58 -59 -60 -61 -62 -63
leaf_value=-0.020801426990154633 0.014329868814788017 -0.054370164811790113 0.018133136021140701 -0.0086144884516802106 0.0004619453643564085 0.0015252160656548447 -0.026937287986647018 -0.0020561382053401822 -0.019293737196143232 0.0087983848656781709 0.023513499958998339 -0.0027547257152835593 0.0022621710520293612 -0.020393820810964049 -0.05523919597953264 -0.0036111822325803748 0.02398183542176259 -0.024119767378034122 0.037757592226475935 -0.027715497664475359 0.0049651463289248311 0.022318797951756193 -0.049932575287718273 -0.021266982440634859 -0.019590270957507518 -0.043332743289387805 0.019900590224712262 -0.017518913336036463 -0.019188211718906389 0.010103489807783448 0.017119176638378787 -0.0029427820629647915 -0.042019473316936118 0.020906641958429159 0.020808149964242427 0.0090580150180692397 -0.047353801180441274 -0.01863570221728806 0.0051193858428926244 -0.025798233990390409 0.024902211320702132 0.0032535829980358285 -0.0049186181884016402 -0.0078060831152938666 -0.035090443361257349 -0.008215340767670434 -0.009254476271241421 0.0027418713674347535 -0.015434351912451932 -0.027963043982912373 -0.040144867463561565 -0.0010449567861072718 0.017093142749040387 -0.018102654054206944 0.0034401609560812327 -0.0062925740755256643 0.003071508832080105 0.0052803051908271725 -0.042394987592537126 0.014771816158607835 -0.040618874795769595 0.0093953452389732937
leaf_weight=28.581024300307035 131.71648196130991 25.360174465924501 39.045490741729736 96.903453510254622 179.74711190909147 128.92999206855893 19.130542851984501 70.816447028890252 47.310715891420841 372.83508642017841 72.404895573854446 24.197129238396883 27.134758811444044 59.396927399560809 65.949182162061334 228.44796240329742 308.32996881008148 23.040380949154496 94.104574888944626 34.660354930907488 594.30277214571834 39.483402997255325 23.612034911289811 77.96689616702497 210.9279070366174 8.8579121828079206 130.69650554656982 12.181595604866741 279.07421167381108 1001.2897742092609 290.13642272353172 52.4307461977005 179.07694847323 306.34001976251602 31.73528116941452 48.381812419742346 12.987617142498491 38.675027024000883 58.047234520316124 16.843426369130611 85.94824481010437 56.434734910726547 281.70103678293526 139.78916697949171 14.323637852445243 125.36930501833558 112.51848918199539 77.453531011939049 321.99567724019289 77.790417296811938 142.87063353508711 37.322873920202255 191.18331064283848 33.456148069351912 144.00785996392369 36.867031682282686 48.261913701891899 50.957879289984703 35.025272907689214 47.887940675020218 10.319183310493825 34.897955171763897
leaf_count=20 167 34 43 54 283 982 54 709 58 81 28 93 98 138 207 580 222 78 97 64 1047 69 63 656 797 12 231 19 1669 1457 241 47 711 191 20 74 48 42 68 215 66 93 1904 648 14 250 169 253 1067 485 641 48 237 180 581 280 73 154 55 97 78 162
internal_value=0 -0.0193035 0.00954235 -0.0301642 0.0144549 -0.0127332 0.00352882 -0.0173938 -0.00409456 0.00131223 0.0110909 -0.0298411 0.00264415 -0.0372853 -0.0429895 0.000839965 0.0225886 -0.0191517 0.0272031 -0.014552 0.00163569 0.00604141 -0.0345251 -0.0301322 -0.0229476 -0.00862219 0.0122574 -0.0319447 -0.0149511 0.0121182 0.0117211 0.0102877 -0.0455776 0.0184449 -0.00165655 0.00164746 -0.024992 -0.00578649 0.0154678 -0.00823107 0.0168566 0.0148613 -0.00801181 -0.0159093 -0.013786 -0.00151009 -0.00686104 -0.00403103 -0.0131252 -0.0348913 -0.0383673 0.0108518 0.0112241 -0.0063182 0.00954933 -0.00513019 0.00980735 0.0112395 -0.0351434 0.006268 -0.0199524 0.00133616
internal_weight=0 2471.93 5125.55 931.744 2821.03 1540.18 2304.52 1000.44 539.739 1850.21 2024.95 164.124 1629.95 565.847 273.607 1257.12 796.082 365.897 402.435 61.7951 1195.32 168.413 139.927 114.567 268.994 371.326 454.309 292.24 836.318 1845.2 1772.79 1282.23 245.026 393.647 601.021 333.898 90.9545 267.123 490.567 220.257 432.519 346.571 362.468 765.502 476.108 251.205 201.127 202.823 461.785 232.843 155.052 1229.8 1192.47 315.157 323.612 184.283 87.3074 82.6932 58.0657 191.896 289.393 71.765
internal_count=19302 11489 7813 3205 3194 8284 4619 5079 3205 3543 2568 894 2663 2221 938 2582 626 984 319 162 2420 1051 801 767 930 2154 1076 1283 4185 2285 2257 1789 918 307 1373 751 704 622 468 880 400 334 2142 3476 1729 577 826 503 1715 1145 660 1742 1694 2084 845 611 116 174 133 678 1747 442
cat_boundaries=0 20 42 62 83 104 105 124
cat_threshold=2 0 3581936128 32 91392 0 4 0 0 0 0 0 0 0 16384 8388944 34078720 67108864 0 32769 524288 1073741920 0 16 65680 16384 0 0 262144 0 3584 0 0 0 4096 8389140 4196352 134283362 537026560 0 0 134217728 0 3178496 16777216 0 99328 2097152 33554432 134217728 131072 0 16779264 25190401 1067008 8 2149580800 1073741840 0 0 131072 65536 134217728 128 0 32 1024 0 4 0 0 4194320 0 0 0 2467823616 32 4195328 1610613312 36864 134217732 20 192 524332 0 524288 0 128 0 0 0 0 1 0 0 0 0 0 67108864 536871040 0 4194306 0 16 1 0 0 1 134217729 0 0 16777216 8388608 0 0 1048576 1075923464 40960 320 131073 0 0 0 16
is_linear=0
shrinkage=0.05


Tree=35
num_leaves=63
num_cat=8
split_feature=67 66 67 3 0 0 0 65 73 67 65 46 1 0 3 56 47 67 3 54 4 71 66 0 36 65 54 53 50 67 66 47 65 36 47 10 0 0 47 60 4 22 54 67 3 70 3 51 70 67 60 47 7 58 8 67 54 53 66 63 33 70
split_gain=563.034 70.592 63.1263 63.7949 26.8504 23.9836 17.113 16.5061 14.4966 14.2648 11.3001 10.6411 10.0892 9.04858 8.45424 6.61945 6.09275 5.93355 5.91764 5.66405 5.48307 5.47656 5.01327 4.41208 3.93508 3.82382 3.57261 3.48099 3.45979 3.59865 3.35705 4.28009 3.14969 3.09117 2.90653 2.86826 2.86044 2.85591 3.6227 3.25492 2.77856 3.3565 2.73892 2.70038 2.65145 2.61361 2.9411 2.59372 2.58763 2.50973 2.41652 2.29261 2.11006 2.10183 2.10087 2.06651 2.0514 2.02997 2.02392 1.98738 1.88271 3.1291
threshold=76.280000000000015 206.52333333333337 17.970000000000002 2019.5000000000002 0 1 2 32.040000000000006 3 4.0400000000000009 48.110000000000007 1.6160254037844388 10.500000000000002 4 2018.5000000000002 1.7312132088180696 -94.119526408153547 165.63500000000002 2019.5000000000002 3.0687875211134066 0.68301270189221941 -43.39191269641519 447.62333333333339 5 -0.93301270189221908 10.045000000000002 63.490639163315251 -28.628155270567337 -541.05064752365718 2125.0550000000007 713.57666666666671 -178.32277173797104 106.00500000000001 0.6830127018922193 15.085086418912697 10.750000000000004 6 7 -29.858649650215686 -178.51456360706837 1.0000000180025095e-35 -0.68301270189221941 0.22601586558474848 37.500000000000007 2018.5000000000002 35.539716495766207 2016.5000000000002 -348.04611286128301 2.3813052396616654 11.040000000000001 24.606693260357385 -17.481415578670134 -0.5 65.153188688170289 2.5000000000000004 725.53000000000009 1.3420819546101181 -534.76979278845374 20.345000000000002 100.01770833333335 0.68301270189221941 2.9397709173797684
decision_type=2 2 2 2 9 9 9 2 9 2 2 2 2 9 2 2 2 2 2 2 2 2 2 9 2 2 2 2 2 2 2 2 2 2 2 2 9 9 2 2 2 2 2 2 2 2 2 2 2 2 2 2 2 2 2 2 2 2 2 2 2 2
left_child=2 6 3 5 12 16 18 15 17 -5 11 37 30 48 32 -4 -1 -8 47 20 25 26 45 -7 -24 -17 -14 -20 -26 -30 31 57 -9 49 52 53 51 -10 39 -39 41 -25 -38 -16 -32 46 -15 -2 -6 -11 -27 -12 58 -18 -49 -48 -51 -3 -21 -44 -45 -62
right_child=1 4 7 9 13 23 8 14 10 33 36 -13 21 22 43 19 35 -19 27 34 -22 -23 24 40 28 50 -28 -29 29 -31 44 -33 -34 -35 -36 -37 42 38 -40 -41 -42 -43 59 60 -46 -47 55 54 -50 56 -52 -53 -54 -55 -56 -57 -58 -59 -60 -61 61 -63
leaf_value=0.0330073010294002 0.029899734606887052 0.016078317670291237 -0.011086583951270204 -0.058945884528297771 0.0019340946022130376 -0.035729065657514589 -0.0026793093746013599 -0.0068626254912070549 0.0011741490841876143 -0.041804153708740251 -0.014976192062323311 -0.056947191365586819 0.028558824293210491 0.014284283310837108 -0.020680350335270332 -0.041647759358346158 -0.0020529033148326309 0.0095333567538266589 -0.011559066930962902 -0.019892789405912902 -0.011873058030239454 0.019997459549537817 0.024139913946780094 -0.055430161027151814 -0.0003677292561522927 -0.020279334082443999 0.044413584490864369 0.0073417745230762478 0.012301909923666015 0.021751000725631076 0.025958126783461311 0.020064080144861655 0.0038540513806592479 -0.057812735880549949 -0.041296414413390818 -0.023273091343874872 -0.014422522420395757 -0.036110040709792068 -0.024538436219389642 -0.0055345021849593171 -0.011176640634918432 -0.020478663182631768 -0.0031155360581227136 -0.0097368731772720651 0.017550402160252176 0.021139869204624202 0.008089511991028921 0.019533509755075295 -0.01601543059121547 -0.047247649276001703 -0.043942924074988433 -0.0029011481844848767 -0.020266728248462949 0.020227503351676546 0.010087572231389496 -0.00030504014305291854 -0.029941936837583522 0.0014685555673628831 -0.0064240714095436724 0.0022816190482123472 -0.0094776323141996816 -0.041398444110790078
leaf_weight=21.16182342171669 25.783911362290382 34.880579471588135 182.56794658862054 125.38009636290371 43.086027890443802 68.093258187174797 134.50971316546202 158.99840243160725 44.153258994221687 169.62664954736829 65.41120807081461 13.667714063078163 71.923604905605316 185.07012848556042 101.03552700392902 74.943486966192722 26.799404095858335 381.64563761651516 36.159581910818815 49.828626837581396 35.261307742446661 79.40069642663002 80.02753122150898 7.4120645858347407 48.695294067263603 52.458931598812342 70.220299690961838 74.652550142258406 1007.9258524775505 111.95467746257782 153.79786810278893 110.55306833982468 120.5424538590014 20.580942632630467 14.108462158590553 9.6987983882427198 32.374856442213058 9.735047694295643 60.347955498844385 82.205838032066822 96.394242413341999 93.755016013979912 259.75438475236297 254.02316835895181 240.25280183553696 42.278144150972366 929.77171119302511 88.94524235278368 37.60163252800703 20.235637430101633 13.581933908164499 98.507070280611515 329.44425738789141 17.495065756142139 174.04925643652678 79.588747978210449 111.37063918448985 74.685418456792831 63.356709439307451 496.75959951803088 18.581335432827476 13.082866773009298
leaf_count=34 53 80 88 181 62 296 140 1997 148 408 179 15 55 478 342 253 347 123 164 246 123 64 97 24 60 232 56 118 1050 79 97 110 968 49 46 88 7 35 311 461 891 937 603 578 119 7 1372 180 124 74 20 312 1624 29 566 47 346 109 192 1355 114 12
internal_value=0 0.0088286 -0.0207851 -0.0322195 0.0132645 -0.0159231 0.00156922 -0.0147045 -0.000670373 -0.0446391 -0.0037601 -0.0142882 0.021116 0.0105839 -0.00886605 -0.0194742 0.00906157 0.00623004 0.0107283 -0.0218934 -0.0295074 0.0305158 0.0111341 -0.0224861 0.0134138 -0.0339179 0.0363912 0.00117416 0.0126792 0.0132465 0.0180691 0.0131231 -0.00224142 -0.0390651 -0.0189553 0.00135469 -0.00147793 -0.0113202 -0.0140943 -0.00877196 -0.0164202 -0.0230394 -0.00017873 -0.0136546 0.0208319 0.00892245 0.00849 0.0147659 -0.00572155 -0.0377842 -0.025146 -0.0072758 -0.0182432 0.00674723 0.0132822 0.0074276 -0.0326028 0.00611961 -0.0123535 0.000428468 -0.0111699 -0.0226665
internal_weight=0 5480.38 2269.82 788.004 3401.71 340.81 2078.66 1481.82 1679.07 447.194 1162.92 210.11 835.714 2566 666.264 815.552 75.1551 516.155 399.591 632.984 176.246 221.545 2485.31 265.655 1248.6 140.984 142.144 110.812 1168.58 1119.88 614.17 220.119 279.541 321.814 456.738 53.9933 952.807 196.442 152.289 91.9409 197.561 101.167 788.889 386.723 394.051 1236.71 1194.43 288.778 80.6877 301.233 66.0409 163.918 442.63 44.2945 262.994 1009.36 131.606 109.566 113.185 756.514 285.687 31.6642
internal_count=19375 8836 10539 3704 4066 2646 4770 6835 3689 1058 3426 970 690 3376 4011 2824 498 263 1081 2736 628 175 3190 2148 1286 505 111 282 1189 1129 515 299 2965 877 2108 464 2456 955 807 496 1852 961 1965 1046 216 1904 1897 799 186 828 252 491 2062 376 746 1419 420 189 438 1958 704 126
cat_boundaries=0 20 39 58 59 78 98 118 137
cat_threshold=0 0 3581936128 16 90416 0 0 0 0 0 0 0 0 0 16384 8388880 34340864 67108864 0 32769 0 0 1090519040 0 134317184 0 536870912 0 393728 0 2147483648 16777217 40960 112 2418016256 16 0 0 131072 1048576 1073741920 1048576 0 33624224 4096 8192 1073741824 262144 0 3584 2097152 0 0 4096 2147484180 4 96 33570880 418368 524320 0 0 0 0 0 0 0 0 2147483648 4096 0 0 0 0 0 536871040 0 2 0 0 0 134217728 0 0 0 2097152 0 0 0 2097168 285216768 134217728 786432 0 0 0 0 128 0 1048704 1 32 0 1073741824 262272 4194304 16384 2147483664 16384 0 0 33554432 32 33555456 1073743872 134270976 134283264 20 0 1048576 0 0 0 0 0 4194304 0 0 0 1610612736 0 671088640 32 272633856 2048 16384 134283520
is_linear=0
shrinkage=0.05


Tree=36
num_leaves=63
num_cat=7
split_feature=66 65 66 66 0 64 0 3 66 66 3 57 0 1 0 3 70 71 68 64 65 54 57 47 65 3 0 36 0 65 66 52 70 3 3 60 5 65 68 51 70 60 77 71 70 52 0 51 70 3 70 20 85 65 64 42 68 9 3 3 47 56
split_gain=453.608 62.9801 59.7366 33.2535 22.9572 19.8785 19.8396 12.9219 14.7151 10.3797 10.4464 9.86112 9.72767 8.67557 7.53151 7.47517 6.3646 5.63599 5.62044 5.61639 6.00642 5.27839 4.93092 4.68605 4.54752 4.42427 4.3454 4.32457 4.15412 3.95243 3.94869 3.63238 3.60039 3.55856 5.43281 3.43272 3.19224 3.08344 3.0644 3.03595 2.95989 2.82558 2.63224 2.62341 2.52764 2.47178 2.46641 2.53292 2.3434 2.33206 2.32772 2.31711 2.29287 2.24385 2.21925 2.21125 2.09243 2.36969 2.03318 3.26698 2.25509 2.01259
threshold=48.500000000000007 18.040000000000003 277.34666666666675 14.793333333333335 0 70.062500000000014 1 2013.5000000000002 2.0266666666666668 13.370000000000003 2019.5000000000002 263.8353026734581 2 2.5000000000000004 3 2018.5000000000002 0.55299250741462946 -212.96184483434368 0.58333333333333337 174.03000000000003 5.0300000000000002 0.22601586558474848 -14.764178249671653 43.545355383077727 6.0850000000000009 2019.5000000000002 4 -0.93301270189221908 5 198.03000000000003 807.23666666666679 -102.27207439804222 4.3247340175124762 2012.5000000000002 2018.5000000000002 37.673497187373968 0.6830127018922193 90.080000000000013 0.83333333333333337 -1.0662238423249482 1.8648370627276509 -15.052369509766176 1.0000000180025095e-35 -27.682467592599519 35.539716495766207 22.48560072155863 6 251.6296876686506 1.8648370627276509 2017.5000000000002 2.1945787545787554 1.0000000180025095e-35 1.0000000180025095e-35 27.025000000000002 5.0825000000000005 -1.0000000180025095e-35 0.41666666666666669 20.392304845413268 2020.5000000000002 2019.5000000000002 -105.95973966324773 2.039145411995952
decision_type=2 2 2 2 9 2 9 2 2 2 2 2 9 2 9 2 2 2 2 2 2 2 2 2 2 2 9 2 9 2 2 2 2 2 2 2 2 2 2 2 2 2 2 2 2 2 9 2 2 2 2 2 2 2 2 2 2 2 2 2 2 2
left_child=1 3 4 7 49 9 13 -1 25 10 23 14 53 35 32 26 -12 -15 -5 20 -14 -21 -10 45 42 -9 -7 -16 -11 -17 44 -23 43 -19 51 -4 -28 -33 55 54 -36 48 -24 -8 -29 -3 -40 -48 -39 -2 -41 -35 -51 -6 -20 -22 -30 -58 59 60 -32 -44
right_child=2 5 6 18 12 15 11 8 22 28 16 -13 19 17 27 29 -18 33 39 21 38 31 24 -25 -26 -27 36 30 56 -31 58 37 -34 34 40 -37 -38 41 46 50 -42 -43 61 -45 -46 -47 47 -49 -50 52 -52 -53 -54 -55 -56 -57 57 -59 -60 -61 -62 -63
leaf_value=0.00085331217103528766 0.016616922020350779 -0.016008726888394418 -0.0034423252146976767 -0.0071412191780351256 -0.021972807548699166 0.017585667891820405 -0.0061643282349408647 -0.03541894085732511 -0.011043851614021521 0.0023511715704097767 -0.052518463591642632 -0.011924818490877665 -0.018108272671644745 0.035781679328974518 0.023401880439331377 -0.0068780631177864648 -0.027449664823351528 0.0092092575043990123 -0.0034278577107810697 -0.013059371945797156 -0.0019060078043821459 -0.0033014567446902759 -0.034828664920485766 -0.041049254082616726 -0.029120284690120457 -0.058314344213234941 0.0026905012286231687 0.0099467293138715898 -0.0043550564554114797 -0.024010053928315012 -0.0032333789309704217 0.019212640228598366 -0.012289594061687406 0.030724553192003658 0.010366531050052133 0.016324424237656524 -0.010406760623410612 0.0043601863736095836 0.0031946473647387107 -0.020680925170981069 0.021447872434773099 0.0080022899855518893 -0.058586489988352419 0.0074035054991566894 0.022970397889254202 -0.0001072880152377139 -0.0061047726306735668 0.01472100749792582 -0.0073727789412132722 0.01562668930866765 -0.036803335911001218 0.021039684118747543 0.0049865616893928211 -0.0078831743394493989 -0.019207742036431455 0.0062062602507726916 -0.0139011922290358 -0.036720733806118282 0.018630001018644725 0.022192656861146291 0.013188807249850299 -0.041590902169975935
leaf_weight=23.013106329366565 216.06277684122324 156.90612233057618 46.589083626866341 109.47711635380983 33.065601959824562 28.219842597842216 40.828398168087006 27.45229977555573 23.773999998345971 51.896140668541193 33.993683304637671 47.899187564849854 51.160212241113186 72.031138986349106 87.057187423110008 134.41849296726286 99.216029921546578 58.065008565783501 26.644636407494545 41.655041992664337 137.159349758178 107.88045273721218 125.44257636368275 16.876597505062819 205.23530037514865 91.188637951388955 188.08353710919619 1067.3837215378881 57.356212198734283 44.914899192750454 40.640145868062973 45.091033861041069 30.548067957162857 170.58638170361519 101.16162061691284 41.553887978196144 61.813846487551928 140.29734564572573 114.63817704096437 48.91313886269927 149.04179203510284 421.00393744558096 23.559586718678474 279.68383070081472 38.602665364742279 28.947289921343327 340.66126944869757 15.253986500203608 61.086485967040062 84.201333232223988 41.283367704600096 96.806526958942413 127.00022463127971 194.33265424519777 136.05762591399252 216.75148855894804 415.43052053451538 11.697049830108879 272.92657074332237 42.83256471157074 43.047630101442337 66.831123258918524
leaf_count=169 546 1754 69 23 229 53 42 168 108 195 123 56 79 67 101 371 190 75 58 3 45 289 488 107 1037 124 1593 1501 44 88 52 54 75 180 137 43 529 336 463 291 81 539 58 495 10 165 1275 51 18 74 110 57 400 853 502 196 1983 84 74 34 71 180
internal_value=0 -0.0186729 0.00818118 -0.0285135 0.00233367 -0.0116511 0.013214 -0.035871 -0.0373708 -0.0160781 -0.0229699 0.0104349 -3.18953e-05 0.0203173 0.0110396 -0.00320924 -0.033847 0.0225963 -0.0166055 0.00129032 -0.00148416 0.00427962 -0.033198 -0.0158227 -0.0344489 -0.0530166 0.00192321 0.0124884 -0.0117617 -0.0111689 0.0119402 0.00521113 0.00399805 0.0209464 0.0222631 0.00587646 -0.000528066 0.00658696 -0.000452586 -0.0207025 0.0169675 0.00567225 -0.0395159 0.00567517 0.0104013 -0.013532 -0.00309621 -0.00506977 0.000801184 0.0126683 -0.0280602 0.0272183 0.00922854 -0.00951356 -0.0166236 0.00306232 -0.0130526 -0.0145261 0.0162012 0.010962 0.00521393 -0.0460207
internal_weight=0 2278.64 5074.59 948.873 2347.3 1329.77 2727.29 586.497 563.484 872.32 335.94 1991.45 1920.04 735.835 1943.55 457.451 133.21 647.692 362.376 1692.64 875.624 817.014 444.843 202.73 421.069 118.641 278.117 1592.49 536.38 179.333 1505.43 775.359 351.06 575.661 517.596 88.143 249.897 667.479 824.464 252.899 250.203 622.388 215.833 320.512 1105.99 185.853 470.553 355.915 201.384 427.264 90.1965 267.393 211.202 227.398 162.702 353.911 484.484 427.128 399.447 126.52 83.6878 90.3907
internal_count=19265 10595 8670 3316 5450 7279 3220 2332 2163 4645 2339 2511 4430 709 2455 2634 313 597 984 3348 2109 1239 1871 2026 1763 292 2175 1843 2306 459 1742 1236 612 530 455 112 2122 947 2030 961 218 893 726 537 1511 1919 1789 1326 354 1020 401 237 474 1082 560 241 2111 2067 231 157 123 238
cat_boundaries=0 19 39 60 81 100 117 138
cat_threshold=2 1073741920 1048576 0 65680 16384 0 0 262144 0 3584 2097152 0 0 4096 8388628 262176 167837794 4341760 0 0 3581936128 48 91168 0 0 0 0 0 0 0 0 0 0 8388880 34078720 67108864 128 32768 0 0 8388737 0 0 35651616 65542 8 0 4194320 0 1073741824 16 588775424 131106 0 1610743808 36864 65540 20 64 2148007998 256 524288 0 0 0 0 0 0 1342703617 0 0 0 0 0 67108864 805306368 65600 4202498 0 16 0 0 67108864 0 33620992 0 0 0 0 0 2048 25165824 0 0 0 16 0 0 64 0 0 0 134217728 0 0 16777216 8388608 0 0 0 69271552 2 256 1 8192 2048 134219776 0 0 0 256 1073741824 0 2147483648 0 2147483680 16818176 537133056 1 8 12 0 80 16384 256 256 32
is_linear=0
shrinkage=0.05


Tree=37
num_leaves=63
num_cat=5
split_feature=66 66 3 63 0 0 63 66 0 66 68 47 68 66 33 68 3 3 0 3 66 70 57 38 55 54 66 20 64 68 70 63 21 38 70 48 66 66 15 66 48 33 48 22 68 57 4 50 19 70 64 55 14 48 50 58 15 0 64 57 24 90
split_gain=444.862 60.8314 53.771 46.5209 19.8683 19.3628 17.2734 16.0871 15.552 10.2535 8.00095 7.18655 6.78445 6.04265 5.66385 5.53436 5.36575 5.21746 5.04419 4.97503 4.30422 4.28916 4.20728 4.09051 3.97359 4.56304 4.24391 3.87913 3.53807 3.35891 3.24558 4.00704 3.17498 3.06555 3.01718 2.95851 2.95009 2.87562 2.88731 2.80814 2.76034 3.01197 2.71803 2.67268 2.66186 2.6285 2.47691 2.45236 4.11602 2.45073 2.98263 2.36806 2.35711 2.96404 5.58952 2.81903 2.52174 3.62708 2.83444 2.33981 2.05708 1.92868
threshold=48.500000000000007 9.6866666666666692 2019.5000000000002 351.42874999999998 0 1 60.845238095238102 3.3450000000000006 2 240.10666666666671 0.83333333333333337 -94.119526408153547 0.58333333333333337 902.48500000000001 1.0000000180025095e-35 0.58333333333333337 2019.5000000000002 2018.5000000000002 3 2018.5000000000002 115.71000000000002 2.5814920643373278 12.203327569239335 -0.5 -8.571872010295591 2.866949053704738 25.706666666666671 0.25000000000000017 10.017500000000002 0.83333333333333337 2.1655964000624777 11.009583333333337 -0.6830127018922193 1.0000000180025095e-35 7.403766109232806 -21.206007223359013 1.3466666666666669 543.85666666666668 1.0000000180025095e-35 635.7850000000002 -26.251728448408887 -1.6160254037844388 110.18724464625724 -0.25000000000000006 0.41666666666666669 -7.4847287525423578 1.0000000180025095e-35 -265.32076263316173 0.25000000000000017 4.7053650524736677 52.055000000000007 -9.8297651682041298 0.93301270189221952 -394.31177268985658 -446.72002105454936 633.19006404505433 0.25000000000000017 4 819.8850000000001 -167.27560794147686 0.6830127018922193 1.0000000180025095e-35
decision_type=2 2 2 2 9 9 2 2 9 2 2 2 2 2 2 2 2 2 9 2 2 2 2 2 2 2 2 2 2 2 2 2 2 2 2 2 2 2 2 2 2 2 2 2 2 2 2 2 2 2 2 2 2 2 2 2 2 9 2 2 2 2
left_child=1 2 5 4 21 11 10 36 13 15 44 -1 -9 16 28 -6 32 33 -17 -8 27 -2 -23 -16 25 51 30 -10 -7 -11 -26 -32 -5 -15 52 40 -4 38 -18 -31 41 -20 -21 -30 -3 59 -13 48 -34 50 -37 -12 53 -22 -55 56 57 -56 -59 -19 -14 -43
right_child=3 6 7 8 9 14 19 12 20 29 24 46 60 17 23 18 37 45 35 42 34 22 -24 -25 26 -27 -28 -29 43 39 31 -33 47 -35 -36 49 -38 -39 -40 -41 -42 61 -44 -45 -46 -47 -48 -49 -50 -51 -52 -53 -54 54 55 -57 -58 58 -60 -61 -62 -63
leaf_value=0.031914851586095375 -0.0063003240169683273 -0.0026196106363258805 -0.060472422711873974 0.030671467143392278 0.0087122680200866758 -0.040627530852792519 0.00088309151223410964 -0.023519766732382791 0.0048842969478934675 0.01621977893572802 -0.030986728742403255 -0.010346142016691274 -0.037567255860983084 0.031025781375533558 0.0035732985194133027 0.0090437123973586553 -0.0086855488607941907 0.013902772441125422 -0.021116688267917749 -0.0078136975227805199 0.016955864353402777 -0.015410584678338821 -0.046350200336122298 -0.019159501348143069 -0.017521771882637916 -0.019943860155464094 -0.011152578931978692 -0.017129501845512939 -0.044824831367271466 0.005890656781374435 -0.020346158543543772 -0.04322048582628954 0.014243125700063086 0.018920385030144284 0.014416794866302382 -0.014544653239081629 -0.046657182006516751 0.013193762710174528 0.0091234721593350682 0.016118940630652969 -0.011709115421811826 -0.0030376064133497954 -0.027620278394322365 -0.021194715692022532 -0.012414492189253541 0.0097522053325587079 0.0084623511172308916 0.017585362337401784 -0.0048747828089956043 0.0066740981268697047 0.000988866888924254 -0.053665622763007195 0.016599787349620306 -0.011317884423427087 0.0094826517716856754 0.018570187121340627 0.01130458950003279 0.0042553857709907708 -0.0080773110665313397 0.024221923237672735 -0.05519120607639455 0.0046890837234375869
leaf_weight=20.946936577558517 160.87153340876102 87.113684885203838 77.065680762752891 34.60109269618988 248.91456189751625 35.885979799553752 241.40897702053189 105.87608831934631 77.67012082785368 147.40740817785263 36.970654366537929 37.028690125793219 181.75887249596417 139.63888143002987 30.798175878822803 140.51747257262468 48.097624402493238 100.23702637851238 19.303762383759022 198.85551489889622 90.02759949862957 68.438457172363997 13.089312031865118 55.355370789766312 204.09670668654144 98.980592928826809 185.93795831128955 26.957259073853493 13.074174471199511 402.31501919031143 48.367146786302328 31.689345121383667 127.86092209815979 83.614493817090988 278.76348057389259 34.384065743535757 77.503221457824111 70.326037660241127 43.200902193784714 80.538332015275955 84.751087781041861 291.85641252622008 18.973818890750408 141.20034371130168 340.40170306153595 98.781393229961395 33.197260443121195 312.19014078378677 36.103391602635384 176.88889357820153 305.23825231194496 16.714114237576723 89.060384392738342 38.009876534342766 393.53865763545036 61.657606452703476 326.21709828078747 363.13316865265369 53.447028085589409 121.54098838567734 18.216517424210906 111.66298858821392
leaf_count=36 673 119 100 58 38 236 2207 77 152 43 193 393 648 130 29 237 131 59 47 583 98 466 75 414 1164 666 578 52 80 711 100 89 231 41 40 148 210 71 47 66 106 984 85 1239 1045 72 276 497 76 110 1173 27 144 43 768 51 269 639 34 53 36 146
internal_value=0 -0.0181226 -0.0290142 0.0080616 0.00268278 -0.0147513 -0.0121489 -0.0403983 0.0121406 0.00428879 -0.0156857 0.00559776 -0.0337541 0.0165683 -0.0209114 0.00194495 0.013535 0.0206234 0.000498545 -0.00406036 0.00900428 -0.0105979 -0.020378 -0.011033 -0.0193016 -0.02631 -0.0170255 -0.000787561 -0.0264866 0.00961349 -0.0208685 -0.0294007 0.0160476 0.026492 0.00966227 -0.000754899 -0.0535452 0.00559477 -0.000258625 0.0075967 -0.00347326 -0.00182246 -0.00953893 -0.0231973 -0.0104186 0.0165363 -0.00145498 0.0149849 0.0100335 0.00190182 -0.000583779 -0.0380475 0.00872566 0.00819681 0.00755882 0.00815774 0.00759276 0.00609809 0.00261044 0.019558 -0.0391727 -0.000899456
internal_weight=0 2337.42 827.907 5300.85 2286.18 367.487 1509.51 460.42 3014.68 2043.78 1050.27 91.1729 305.851 1216.19 276.314 1413.52 672.38 543.813 1164.6 459.238 1798.48 242.399 81.5278 86.1535 622.757 152.665 470.091 104.627 190.16 630.261 284.153 80.0565 510.756 223.253 1693.85 1024.09 154.569 161.625 91.2985 482.853 507.574 422.823 217.829 154.275 427.515 320.559 70.226 476.154 163.964 516.511 339.622 53.6848 1415.09 1326.03 1236 1197.99 1136.34 810.119 416.58 221.778 199.975 403.519
internal_count=19409 10630 3774 8779 5023 2703 6856 1071 3756 3809 3981 705 761 1466 1998 2989 1111 355 2951 2875 2290 1214 541 443 2817 886 1931 204 1555 820 1353 189 862 171 2086 2714 310 249 178 777 1283 1177 668 1319 1164 184 669 804 307 1431 1321 220 2046 1902 1804 1761 1710 1441 673 112 684 1130
cat_boundaries=0 21 40 61 83 104
cat_threshold=32768 524288 129 0 0 33554432 65536 8 0 2147483664 0 0 16 320339968 34 268436480 1610743808 32768 196814 0 96 0 32768 1090519040 0 134316160 0 536870912 4194304 393728 0 269484032 16908297 43008 12400 2149580800 20 0 0 131072 0 32 2508194304 0 122928 0 0 0 0 0 3072 0 0 0 16384 8388688 55050240 100794368 268435584 98304 8 0 0 1048576 0 128 4096 8192 1073741824 0 0 0 0 0 0 4100 544 262944 0 33570816 0 0 134217728 1024 0 0 0 0 16384 0 0 0 271876 0 0 0 0 0 256 8388608 134283355 4202496 131072 16
is_linear=0
shrinkage=0.05


Tree=38
num_leaves=63
num_cat=7
split_feature=67 67 3 63 0 0 65 0 67 67 57 3 37 3 70 57 67 65 47 67 0 57 60 63 67 64 60 67 60 68 51 0 68 47 67 32 64 67 0 71 3 71 57 64 73 63 46 65 37 58 8 70 22 48 65 51 67 51 52 63 58 5
split_gain=404.847 51.5434 52.5492 48.6695 16.9952 16.4975 15.0992 13.5168 12.6546 11.2948 7.25173 6.99087 6.28433 6.06267 5.85598 5.80743 5.77933 5.5252 4.81825 4.81133 4.80868 4.51859 4.36056 5.04213 4.22241 4.10488 4.04385 4.03004 4.60226 3.92656 3.90503 3.74494 3.73721 3.67222 3.35802 4.60416 3.32142 3.29937 3.16051 3.98535 3.97609 2.98641 2.9651 2.82504 2.7387 3.06779 2.72926 2.72023 2.65539 2.70855 2.34987 2.38886 2.25234 2.23295 2.04525 3.12388 2.0407 1.942 1.9301 2.56 1.99151 1.88827
threshold=76.280000000000015 14.900000000000002 2019.5000000000002 293.46708333333339 0 1 32.040000000000006 2 3.0600000000000005 294.23000000000008 263.8353026734581 2018.5000000000002 1.0000000180025095e-35 2018.5000000000002 15.103406593406595 -0.15016042753730902 521.50000000000011 22.005000000000006 -16.08917770294924 1193.0750000000003 3 25.044478219712047 -373.54809154529545 752.77625000000012 1649.5800000000002 14.120000000000001 27.134576403192003 28.160000000000004 -48.297998597334114 0.83333333333333337 -97.837077790787205 4 0.83333333333333337 -130.82779525054204 1945.1950000000004 1.0000000180025095e-35 10.017500000000002 37.500000000000007 5 -5.8139192430482431 2019.5000000000002 -114.97574408116152 11.493377567327869 19.020000000000003 6 26.587916666666668 1.6160254037844388 108.05000000000001 -1.0000000180025095e-35 112.88577659645169 6.5000000000000009 6.9351070294293935 -0.25000000000000006 -525.4274729140036 6.0850000000000009 -1.0662238423249482 7.3500000000000005 -117.79760735103672 1003.962544693679 2367.9529166666671 668.4569007028872 0.6830127018922193
decision_type=2 2 2 2 9 9 2 9 2 2 2 2 2 2 2 2 2 2 2 2 9 2 2 2 2 2 2 2 2 2 2 9 2 2 2 2 2 2 9 2 2 2 2 2 9 2 2 2 2 2 2 2 2 2 2 2 2 2 2 2 2 2
left_child=1 2 5 7 13 30 15 17 -4 38 16 47 36 24 21 27 20 -2 -14 33 -6 48 23 -18 31 32 -27 54 46 -24 -1 42 -17 -15 35 -31 -7 -13 -9 40 -40 -33 -5 -20 -41 -46 -29 -8 -11 -50 51 -19 -38 -26 55 -3 -10 -21 59 60 -43 -22
right_child=3 6 8 4 10 12 11 9 56 14 -12 37 18 19 -16 25 22 50 43 57 61 -23 29 -25 53 26 -28 28 -30 34 -32 41 -34 -35 -36 -37 52 -39 39 44 -42 58 -44 -45 45 -47 -48 -49 49 -51 -52 -53 -54 -55 -56 -57 -58 -59 -60 -61 -62 -63
leaf_value=0.041987050290120009 -0.034297192051685375 -0.021665000168660221 -0.059360890292781514 -0.010937843523754371 0.0097588255566927688 -0.039055815307491026 -0.006243691832028486 0.0039424350578557872 -0.044158168409723191 -0.0045516819011767627 -0.011793543512162236 -0.020696763160037566 0.035093832382547069 -0.0023673775210904372 0.017844835740045053 -0.021203339637858549 -0.0090770852619850885 -0.0097331687110524812 -0.030078173204057087 0.019105320349892464 0.0043371922006010628 -0.0098306901140652447 0.017102767267838308 0.0098878162213518195 0.033517553716931006 -0.017979776037818862 -0.046944246702562913 -0.014542395739257861 -0.011202901774582939 0.01035413673287292 0.0073375131336147221 0.033372080151214061 -0.045280666002879784 0.013213708841206682 0.018953992874368913 -0.0026701057767442812 -0.044683665100587834 -0.009722132256700905 0.0041927202096513592 0.0019676617237790327 -0.015753901092944566 0.016372527115025411 0.011992839866433468 -0.0031423137908012967 -0.026070859956070905 -0.0033741423358604364 -0.051907751986958607 0.0033521653610750928 0.0029801164354566496 0.01043296790295975 0.00019738417392923957 -0.03035278116971617 -0.019628871881770378 0.021867879974091283 -0.017695787290387548 -0.046733196527290993 -0.03458965758933738 0.01125981245259172 0.028654007566391644 0.028538097771671097 0.0042549845403528725 -0.0021987938425691938
leaf_weight=10.860289409756659 23.992364380508661 50.266146399080753 92.746545325964689 23.120178610086441 376.63165092468262 32.118620036169887 175.49384148791432 236.39167229086161 83.272491693496704 49.859098747372627 44.010575249791145 91.6245026756078 6.5450429189950219 84.073294769972563 108.42321409285069 27.828880192711949 56.621405750513077 103.19959897175431 13.463615026324986 168.94835038483143 346.53158707916737 46.022946372628212 266.07266737520695 91.981187552213669 62.384729638695717 147.52201859280467 13.122362289577721 8.5809392295777815 397.51362770050764 773.38748348504305 32.362088728696108 32.786416381597519 38.293139919638634 68.730551406741142 98.747575283050537 74.381753712892532 9.6056631505489332 271.16582216322422 33.741405017673969 356.94310833886266 96.257263131439686 224.09858211874962 36.12490713596344 35.142152475193143 15.697209071367977 288.83232221379876 11.352664053440092 127.51990489289165 199.47407472133636 313.50638571381569 51.962238326668739 16.259629558771849 135.54590903036296 120.74795228242874 190.81862299703062 16.509339563548565 168.42584653571248 147.94942311942577 35.134051978588104 37.266869366168976 39.952208794653416 162.24192286282778
leaf_count=18 145 154 130 61 993 199 2238 838 231 59 51 406 53 213 41 72 82 298 166 98 477 102 126 80 54 1015 26 122 906 871 133 42 89 104 43 52 47 714 183 490 207 401 99 180 75 1180 7 1033 340 247 231 100 1276 89 736 79 485 89 28 28 68 217
internal_value=0 -0.0183494 -0.0305521 0.00720756 0.0108381 -0.0142811 -0.0135225 0.000899078 -0.0435729 0.00231053 0.00827051 -0.00781146 -0.0190988 0.0160523 0.00713896 -0.0177389 0.00870037 -0.0112485 -0.0051803 0.0119285 0.005556 0.00523251 0.0107457 0.0026617 0.0194817 -0.0246617 -0.0203458 -0.0154133 -0.0123785 0.0117364 0.0130293 0.0167657 -0.0351472 0.00464093 0.0102278 0.00921141 -0.0245064 -0.0124938 -0.00103648 -0.00254125 -0.0105767 0.0184672 0.00260459 -0.0106034 -0.00100047 -0.00439959 -0.0358229 -0.00220538 0.00646421 0.0075349 -0.00867877 -0.0125397 -0.0212869 0.0258364 -0.0203314 -0.0278628 -0.0377553 0.0154425 0.0175636 0.0162705 0.0145391 0.00220951
internal_weight=0 2187.7 620.088 5312.49 3371.93 275.643 1567.61 1940.56 344.445 1745.15 2290.61 665.804 232.421 1081.32 717.286 901.808 2246.6 195.414 55.1508 469.702 885.405 608.863 1361.19 148.603 611.616 226.766 160.644 675.041 417.447 1212.59 43.2224 428.483 66.122 152.804 946.517 847.769 177.27 362.79 1027.86 791.471 129.999 369.238 59.2451 48.6058 661.473 304.53 19.9336 303.014 562.84 512.98 171.421 119.459 145.152 183.133 257.594 66.7755 251.698 316.898 336.452 301.318 264.051 508.774
internal_count=19417 10515 2918 8902 4366 2072 7597 4536 846 3762 2992 4391 1921 1374 789 3206 2941 774 399 504 1687 748 1254 162 870 1202 1041 2004 1035 1092 151 727 161 317 966 923 1522 1120 2973 2135 390 567 160 346 1745 1255 129 3271 646 587 629 398 1323 143 969 233 716 187 525 497 469 694
cat_boundaries=0 20 39 60 80 99 121 122
cat_threshold=2 32 3313500672 16 122896 0 0 0 0 0 3072 0 0 0 16384 8388688 34078720 100663296 128 98304 0 0 1090519040 0 33920 0 0 0 131072 0 0 9 0 32 2418016256 16 0 0 131072 134219776 0 0 0 0 33562656 65536 4194304 65536 4194304 4096 1275068416 2 588775424 0 0 1610743808 0 134 0 32 3072 1073741888 0 0 0 28672 0 0 65536 797184 512 0 0 0 2147483648 4 4194308 4259958 8256 131072 0 0 83886080 0 24576 0 0 0 0 0 0 0 0 0 0 0 0 0 128 0 192 0 0 128 0 3072 3221225472 262144 8388640 8704 538968064 0 8 4108 1579 2049 268468224 16384 0 192 134217728 41953808
is_linear=0
shrinkage=0.05


Tree=39
num_leaves=63
num_cat=7
split_feature=67 67 63 64 0 67 0 65 0 52 67 0 1 36 66 70 88 65 10 54 64 65 0 68 57 67 55 63 0 15 67 15 67 67 8 66 10 54 20 87 64 57 51 82 10 20 9 54 20 47 65 15 0 66 56 65 50 47 55 8 56 56
split_gain=375.769 50.1354 48.3828 34.6888 19.9877 15.1214 14.3938 13.423 11.7241 8.3746 8.12896 5.66848 4.93382 4.84782 4.82531 4.42937 4.41064 4.37516 4.36278 10.3127 4.03776 4.03505 4.02646 3.96268 3.93467 4.16273 3.81112 3.74182 3.60864 3.47169 3.4443 3.17422 3.11961 3.04817 2.93175 2.90737 2.879 2.8575 2.8031 2.65864 2.36572 2.3124 2.30887 2.2257 2.19452 2.17869 2.00713 3.81451 2.00696 2.12672 1.89775 1.83625 2.44236 2.58737 3.74478 2.03521 1.79407 1.77952 1.74656 1.78325 1.71114 2.75723
threshold=74.090000000000018 17.970000000000002 476.18625000000003 19.020000000000003 0 237.08500000000001 1 53.040000000000006 2 21.691119456733141 3.0600000000000005 3 10.500000000000002 0.6830127018922193 19.363333333333337 0.059186999781059201 1.0000000180025095e-35 33.020000000000003 20.892304845413268 55.820082140125173 734.46750000000009 10.045000000000002 4 0.83333333333333337 263.8353026734581 689.94000000000017 -212.19593411569903 1360.2866666666669 5 1.0000000180025095e-35 689.94000000000017 0.25000000000000017 4.0400000000000009 2125.0550000000007 6.5000000000000009 5.3433333333333337 -2.1125157285291841e-15 231.08288999074179 1.0000000180025095e-35 1.5000000000000002 1131.0450000000003 3.6794030228386743 -35.360451620917338 1.0000000180025095e-35 -12.500000000000002 1.0000000180025095e-35 -19.959292143521036 22.743274778839755 1.3660254037844386 28.173655320166006 892.50000000000011 0.25000000000000017 6 751.31000000000006 56.153531989467851 355.41500000000008 -3.7927413256614915 3.1071540236877877 -264.44646471187644 3.5000000000000004 12.526822718221757 9.2206071810868533
decision_type=2 2 2 2 9 2 9 2 9 2 2 9 2 2 2 2 2 2 2 2 2 2 9 2 2 2 2 2 9 2 2 2 2 2 2 2 2 2 2 2 2 2 2 2 2 2 2 2 2 2 2 2 9 2 2 2 2 2 2 2 2 2
left_child=1 3 4 10 17 28 29 14 12 16 15 -7 20 35 21 -1 38 41 30 -20 31 23 -9 -3 27 -26 -14 33 -6 -5 46 -4 -18 36 44 -12 50 -29 43 57 51 -2 -32 -8 -19 -24 47 -13 49 -23 -10 52 -38 54 -54 -56 -25 -16 59 -22 61 -59
right_child=2 7 8 6 5 11 9 22 24 -11 13 18 26 -15 39 -17 32 34 19 -21 58 48 45 56 25 -27 -28 37 -30 -31 42 -33 -34 -35 -36 -37 40 -39 -40 -41 -42 -43 -44 -45 -46 -47 -48 -49 -50 -51 -52 -53 53 -55 55 -57 -58 60 -60 -61 -62 -63
leaf_value=-0.028643344089579748 -0.015111068421914882 -0.01887694628921217 -0.0021219113057800946 -0.0019248175123717241 0.0058410545591514795 0.0010459524762164666 -0.015765800375371199 0.0028087769438397856 0.010267300094704812 0.0012381339787039085 -0.037231033962772102 -0.013587959118343474 0.031542302084862341 -0.055078442288803792 -0.010197814417168887 -0.055675405631152003 -0.056196417778755052 3.5818547703381084e-05 -0.029191952200581059 0.011509768262878001 0.018200893811682047 -0.014730777783025256 -0.0056853391539537753 -0.045587817929172846 0.0094814959314087309 -0.015385855851818614 0.015819606605823506 0.0099120115893131071 -0.0019642890109103409 0.023133197348113359 0.0083016220190370148 0.018338411956510224 -0.026401872965310436 0.017443612154082921 0.0030677163960050884 -0.027641034765837527 0.011240831006940817 0.022095754357606225 -0.033479777670801056 -0.033251917540258961 -0.0039066975618804655 -0.037508007219613546 0.017343542208197553 -0.035667087842250568 -0.013427931833148605 -0.015990589567563659 0.0081188556016269162 0.0095674246117074448 -0.039253425032502648 -0.039962666063665296 0.017771633764989029 0.011025298944598435 -0.015841899623617827 0.01059934333004472 -0.0072632954153243785 0.0050790604138819077 -0.028118978983046328 -0.015021033667801099 0.019787261127060016 0.0059075755424308971 -0.01058635378057029 -0.039286876738660888
leaf_weight=18.889565329998732 29.551765628159046 71.433848472312093 50.453410007059574 66.930495386011899 167.45731868594885 360.67300300300121 95.352836573496461 125.27840981818736 366.80585999786854 31.607587203383446 149.5741666899994 31.452642023563385 104.67527168989182 24.893114898353815 402.41979703307152 76.625881617888808 19.090539164841175 38.998460471630096 25.531520396471024 39.858822047710419 65.18377086520195 276.86254879273474 220.0667085442692 27.915368961170316 36.811266884207726 31.002446889877319 61.004943758249283 84.180195778608322 890.1912986561656 17.42015540227294 119.19475871324539 30.364777028560638 16.275567948818207 112.23460051417351 52.486046705394983 167.57601560093462 154.62253147363663 112.35639277100563 44.968662755563855 14.6485174652189 45.801990002393723 18.892175033688545 173.18335151672363 16.476553380489349 135.15621474385262 66.873659744858742 1032.4205713272095 40.93235382437706 9.1719953417777997 8.6109858155250532 109.36566051840782 283.60763821005821 28.822522833943367 99.830096617341042 39.511260837316513 215.96068576723337 31.041440410539508 30.986560471355915 302.19724307954311 53.885997071862221 43.159963442012668 18.81417178362608
leaf_count=53 197 240 183 723 539 688 874 1081 599 121 712 51 91 66 1362 181 33 81 44 77 44 1626 1431 165 85 29 71 47 2275 39 85 22 96 48 301 666 196 74 107 86 48 94 84 42 449 198 975 85 9 24 153 198 24 47 78 376 126 86 355 70 178 70
internal_value=0 -0.0179813 0.00688385 -0.0283832 0.00282045 0.00405027 -0.015532 -0.0122241 0.0122525 -0.0216447 -0.0374329 0.00682332 0.0180017 -0.0338315 -0.0155378 -0.0503294 -0.0265349 -0.00984839 0.00818491 -0.00438213 0.0158025 -0.0194724 -0.00470754 -0.0267957 0.00985974 -0.00188713 0.0257531 0.0104013 -0.000691816 0.0029057 0.00883165 0.00556538 -0.0424849 0.00952745 -0.0072911 -0.0321639 0.00886655 0.0168772 -0.0229373 -0.0122589 0.00715291 -0.0238454 0.0136574 -0.018698 -0.010413 -0.00781471 0.00755455 -0.000494025 -0.0162315 -0.0154919 0.0119909 0.00776888 0.00605464 0.00358117 0.0012427 0.00317019 -0.0363903 -0.0116381 0.0177664 0.0126375 -0.0178732 -0.0241884
internal_weight=0 2092.97 5544.66 745.681 3155.98 2880.9 308.122 1347.28 2388.68 223.772 437.559 1823.25 667.765 342.043 935.065 95.5154 192.164 275.085 1462.57 65.3903 502.085 425.036 412.219 130.391 1720.91 67.8137 165.68 1653.1 1057.65 84.3507 1397.18 80.8182 35.3661 1456.56 226.641 317.15 1344.33 196.537 156.798 510.029 868.157 48.4439 292.378 111.829 174.155 286.94 1104.81 72.385 294.646 285.474 476.172 822.355 538.747 384.125 284.294 255.472 58.9568 495.38 421.267 119.07 92.9607 49.8007
internal_count=19258 10395 8863 3713 6025 4903 2035 6682 2838 1273 1678 2089 836 1444 3972 234 1152 1122 1401 121 674 2190 2710 531 2002 114 162 1888 2814 762 1280 205 129 1767 831 1378 1719 121 1023 1782 967 291 169 916 530 1629 1111 136 1659 1650 752 919 721 525 478 454 291 1696 469 114 334 156
cat_boundaries=0 21 40 60 82 101 120 141
cat_threshold=655360 0 0 0 0 33554432 65536 4194304 0 4194304 524288 1140850688 0 2736259072 131104 33555456 1627523072 32768 65678 16 64 0 32768 16777216 67108864 66560 0 536870912 524288 393216 0 0 17436869 40960 114 270532608 16 0 0 131072 0 0 2239758848 0 81936 0 0 0 0 0 1024 0 0 0 0 8388624 34078720 33554432 128 32768 2092 256 524288 0 32768 1073766400 16384 0 409600 813695025 4096 0 0 0 0 67109120 80 4194308 536870912 0 0 134217728 2097152 2097152 2147483648 0 32768 2621472 16777216 201326592 0 0 16777728 75564557 1165312 64 2097153 1073741824 2048 0 8 0 1073741888 0 0 33554560 0 8192 1073741824 262144 0 512 2097152 1048578 0 4109 2147484201 0 0 570425344 1026 0 0 0 0 134217728 0 0 0 1536 2048 0 0 0 0 256 0 134283264 0 1 4
is_linear=0
shrinkage=0.05


Tree=40
num_leaves=63
num_cat=7
split_feature=67 66 66 3 67 0 0 0 65 45 65 0 0 9 70 47 49 68 0 70 0 51 60 54 24 67 70 65 56 16 47 63 37 22 3 67 53 58 59 5 49 49 58 63 48 8 3 66 65 64 65 8 48 70 51 50 54 50 4 67 24 68
split_gain=330.862 48.6413 45.8972 45.2488 21.6525 16.1114 15.7288 13.7102 10.36 12.3272 8.6522 7.47211 6.11182 5.94497 5.74063 5.68909 5.41922 5.28215 5.15592 4.21681 4.21064 3.57505 3.49414 4.29144 3.48897 3.47518 3.22136 3.05983 5.05094 4.8476 3.02033 2.86929 2.72067 3.06676 2.64005 4.34993 2.63342 2.46101 2.44834 2.4427 2.40069 2.40023 2.38871 2.34146 2.30748 2.30264 2.2752 2.24236 2.15054 2.13474 2.10829 2.04749 1.99099 1.97158 1.96939 1.93839 1.95194 4.06957 4.39616 2.41453 2.36977 1.90332
threshold=76.280000000000015 240.10666666666671 13.370000000000003 2019.5000000000002 7.3500000000000005 0 1 2 27.025000000000002 -0.93301270189221919 43.030000000000008 3 4 -2.299038105676658 2.3813052396616654 -27.503691312733114 184.45261419082252 0.58333333333333337 5 12.744588744588746 6 369.24688160140789 -17.260340638385788 2.9603894939286355 0.6830127018922193 3.0600000000000005 2.1306921809899548 1451.8850000000002 357.20170639283577 1.0000000180025095e-35 -1.9004948557546866 144.51791666666671 1.0000000180025095e-35 -0.68301270189221941 2019.5000000000002 186.50000000000003 -40.080761084081075 757.26329241655083 -1.7805708144256032 -0.93301270189221919 -9.1283728748483153 -10.855479074737325 6.5040395623641816 508.20750000000004 -1.4507925490926501 2.5000000000000004 2019.5000000000002 7.0233333333333343 1.0250000000000001 342.29250000000008 19.030000000000005 2.5000000000000004 -17.860921182266036 1.6469521403166285 -575.26510464201408 -446.72002105454936 211.8223540638009 159.42426332108468 0.25000000000000011 1754.5450000000003 0.6830127018922193 0.83333333333333337
decision_type=2 2 2 2 2 9 9 9 2 2 2 9 9 2 2 2 2 2 9 2 9 2 2 2 2 2 2 2 2 2 2 2 2 2 2 2 2 2 2 2 2 2 2 2 2 2 2 2 2 2 2 2 2 2 2 2 2 2 2 2 2 2
left_child=2 5 3 6 25 34 16 13 9 -7 22 14 -8 37 -9 38 36 -6 49 39 51 24 23 41 31 -5 -26 29 -29 -15 48 -20 33 -14 54 -36 -1 -3 46 43 -17 -4 -34 -13 -24 -39 -11 -32 -19 -10 -50 -12 -48 -37 -2 -41 59 -58 -59 60 61 -57
right_child=1 7 10 4 17 8 12 11 18 15 20 19 32 27 -16 40 -18 30 21 -21 -22 -23 44 -25 26 -27 -28 28 -30 -31 47 -33 42 -35 35 53 -38 45 -40 55 -42 -43 -44 -45 -46 -47 52 -49 50 -51 -52 -53 -54 -55 -56 56 57 58 -60 -61 -62 -63
leaf_value=0.016990580883683354 0.026050667663376121 0.015159209440613866 -0.026147660988743954 -0.058165597366846171 -0.019623638874185282 -0.042950598808158075 -0.027710342646895071 0.0028352648841800795 -0.0060329111579103534 0.0035313760938086984 0.012304699747824853 0.0057448328018770188 -0.044325089161462765 0.0070756091026271707 -0.019324319863329015 -0.012077227115623996 0.042097798219491923 -0.052154773145645719 -0.0017855549322796456 0.016862624432250048 -0.0076796913322865097 0.011455594452013799 -0.0095240473359768634 -0.015579380100163395 -0.00059206476929380271 -0.042956595827359306 -0.021529061424002682 -0.0023712491184557476 0.014951373306123731 0.019604595680693958 -0.035195242972397837 0.0030758511397054504 0.011035722000015423 -0.013689307816504407 -0.012285207509789488 0.00079672649334205285 -0.0031149270060283202 0.031428281220219526 0.00467521295468385 0.0017891668778250132 -0.041052975006512421 -0.054235095101890909 -0.0098924839040884713 0.021168957562691531 -0.016442904586864319 0.020656557252842128 -0.032456661429084724 -0.021760861765348648 -0.031966946363735919 -0.022568755257442081 -0.05147723626412401 -0.0010020026936583574 -0.0063810429849269967 0.014160663658432528 0.010962398235798093 0.012781618268894039 0.0075490637278620449 0.0080800238114966897 0.024576323729957963 -0.003287926142088865 -0.0020851415288441508 0.0076726111077281625
leaf_weight=22.130283270031214 23.540641278028488 103.95866256952286 20.223481178283691 74.579476265236735 123.44627134874463 28.953870683908463 111.87026036903262 152.24683359265327 180.02659762278199 18.065417364239693 40.57026656344533 37.512228980660439 8.6034278422594053 114.93670637905598 36.169904790818691 13.960823487490417 9.4698496013879758 20.76783499121666 541.15231289714575 165.53120325505733 310.1323393881321 76.114672049880028 367.84106901288033 92.814020546153188 39.8635881729424 75.66523942258209 34.076366402208805 75.156737446784973 95.618307739496231 235.16140519082546 49.421902570873499 691.20926742628217 20.363576654344797 161.72665464691818 32.19491608068347 47.616381712257862 61.678020164370537 77.419556438922882 61.938178766518831 112.12533561885357 14.649243246763943 12.191525826230643 41.260843491181731 71.510744780302048 179.21927436441183 138.13435520231724 14.214938599616291 83.603548090904951 99.57144502364099 21.891290500760078 16.083170292899013 100.56696877069771 15.093280769884585 65.648737393319607 266.02250547707081 216.76429532468319 249.70915056765079 69.593144699931145 96.234438881278038 48.354934744536877 55.17167916893959 1146.466340906918
leaf_count=60 33 110 107 124 128 32 579 232 558 151 265 84 62 144 108 79 13 55 1386 40 1419 52 987 603 108 219 13 39 85 108 152 1338 57 1872 121 118 724 58 139 129 98 34 408 93 735 141 67 262 445 42 57 1146 48 49 731 69 334 94 99 32 56 1652
internal_value=0 0.00650523 -0.0168186 -0.0247253 -0.0343623 0.00072179 -0.0127504 0.0103393 -0.00143284 -0.0132907 -0.00992052 0.00833243 -0.0173978 0.0159191 -0.00134716 -0.00706424 0.00564053 -0.0281888 -0.000192913 0.00913861 -0.00456508 0.000915319 -0.0135153 -0.0210494 0.000308172 -0.0505061 -0.0102412 0.0128148 0.00732783 0.0154913 -0.0321129 0.00094112 -0.0114845 -0.0152367 0.00921646 0.00393267 0.0021941 0.0214779 -0.00186906 0.00857421 -0.0269137 -0.0367116 -0.00297683 0.0158619 -0.0117907 0.0245254 -0.0104253 -0.026752 -0.0373403 -0.0074564 -0.0346801 0.00263626 -0.0190281 0.0085425 0.012189 0.00817584 0.00855628 0.0115813 0.0176533 0.00769927 0.00807384 0.00848498
internal_weight=0 5484.01 2103.8 980.242 543.139 2186.23 437.103 3297.78 1751.21 166.876 1123.56 2457.39 343.825 840.386 188.417 137.922 93.2782 392.894 1584.33 2268.97 451.27 1382.42 672.289 125.229 1306.3 150.245 73.94 520.873 170.775 350.098 269.448 1232.36 231.955 170.33 435.023 145.46 83.8083 319.513 109.312 2103.44 28.6101 32.415 61.6244 109.023 547.06 215.554 47.3736 133.025 136.422 201.918 115.655 141.137 29.3082 113.265 289.563 1994.42 1882.29 415.537 165.828 1466.76 1418.4 1363.23
internal_count=19383 8870 10513 5217 1442 5163 3775 3707 4111 614 5296 3022 2978 685 340 582 797 1099 3497 2682 2830 2897 2466 744 2845 343 121 376 124 252 971 2724 2399 1934 1052 288 784 309 405 2642 177 141 465 177 1722 199 266 414 557 600 502 1411 115 167 764 2465 2336 527 193 1809 1777 1721
cat_boundaries=0 21 40 60 81 101 121 140
cat_threshold=4096 1073741920 0 16 65664 4096 8192 0 262144 524288 3584 2097152 1 0 4096 8388628 262144 134283362 155712 32768 32 0 32768 1090519040 0 134284288 0 570425344 4194304 262144 0 403701760 17039369 10240 12640 2149613568 20 0 0 131072 2 0 3581936128 16 91440 0 4 0 0 0 0 0 0 0 0 8388608 34078722 33554432 268435456 4 524332 0 524288 0 0 0 0 0 65536 64 4096 0 0 0 0 67108864 536870912 0 2 0 4 0 0 1048576 1207959808 0 0 0 2097152 0 0 67108864 2097168 2432700416 134217728 102563840 0 0 0 32 128 0 1048576 16777217 32 134219008 33554464 98436 4194304 0 4194304 0 0 0 285212672 32 268435456 1073744896 36864 167772168 20 1075904512 2097152 0 0 0 2097152 50331648 201326592 0 0 16785920 67379725 1107968 832 1 1073741824 0 0 72
is_linear=0
shrinkage=0.05


Tree=41
num_leaves=63
num_cat=8
split_feature=66 66 3 63 0 66 3 69 0 0 66 69 9 0 58 3 66 70 71 66 60 0 0 71 9 66 0 60 66 47 40 70 37 66 78 71 65 38 38 70 57 70 71 71 26 55 65 47 71 56 34 47 70 51 70 49 73 3 66 3 57 71
split_gain=298.783 46.5676 47.01 35.0769 16.0663 14.0586 13.0021 14.0956 11.7547 11.1263 11.6273 6.80753 6.64759 6.40228 5.55169 5.03966 4.69741 4.61901 4.02094 3.93784 3.79459 3.74243 3.41643 3.40429 3.36401 3.28847 3.25078 3.14125 2.92477 2.65841 2.65184 2.53394 2.5313 2.4991 2.42296 3.23886 3.11948 3.09066 2.39745 2.39643 3.06181 2.37666 2.30884 2.26275 2.2434 2.19148 2.18427 2.16184 2.16171 2.15035 2.75455 2.62724 2.56962 2.12385 2.09695 2.07481 2.07431 1.85021 2.9984 1.84575 1.82701 1.79422
threshold=45.416666666666679 10.016666666666667 2019.5000000000002 293.46708333333339 0 3.3450000000000006 2019.5000000000002 0.58333333333333337 1 2 149.08166666666668 0.58333333333333337 3.6739403974420599e-16 3 285.82809911089754 2019.5000000000002 676.48500000000001 35.539716495766207 -1.0972187994546461 1125.7800000000004 -42.199156876648608 4 5 0.085957964273715423 -2.299038105676658 18.040000000000003 6 -37.989210088567184 1.3466666666666669 -7.7790115671132218 0.25000000000000017 3.0000872676498824 -1.0000000180025095e-35 185.97333333333339 1.0000000180025095e-35 -56.302918675884143 1123.5700000000004 1.5308084989341916e-16 0.25000000000000022 2.0303179986501561 3.8863885305777659 2.0932666872230974 -19.810992272309651 -6.7528767653480868 -0.68301270189221941 -159.50953987988959 11.120000000000003 12.414326883715335 -4.0577670818758991 642.22460220556673 0.93301270189221952 -474.77109680544669 6.5012197104142952 -138.64431992912108 2.1655964000624777 217.92067663156965 7 2019.5000000000002 106.82333333333335 2010.5000000000002 -167.27560794147686 -2.2547218208956834
decision_type=2 2 2 2 9 2 2 2 9 9 2 2 2 9 2 2 2 2 2 2 2 9 9 2 2 2 9 2 2 2 2 2 2 2 2 2 2 2 2 2 2 2 2 2 2 2 2 2 2 2 2 2 2 2 2 2 9 2 2 2 2 2
left_child=1 2 4 9 46 28 13 -8 15 18 22 -7 24 53 -14 19 27 32 39 34 31 45 -11 30 -6 29 59 -17 -4 -22 -13 48 -12 38 35 -5 37 -36 -23 -2 -41 -29 -34 57 -27 -10 -1 -31 -9 50 51 -35 -53 -3 -52 -47 -45 -24 -59 -15 -18 -46
right_child=3 6 5 8 12 11 7 20 21 10 17 23 14 26 -16 16 60 -19 -20 -21 25 33 43 -25 -26 44 -28 41 -30 47 -32 -33 42 49 36 -37 -38 -39 -40 40 -42 -43 -44 56 61 55 -48 -49 -50 -51 54 52 -54 -55 -56 -57 -58 58 -60 -61 -62 -63
leaf_value=-0.035005821688233463 -0.009936718174422465 0.027835811137346889 -0.05780258399679028 0.026568789705503356 -0.0092564968456651363 -0.019919088697369875 -0.003014055425933789 -0.043749263124920133 0.013691623589166611 0.0061965525279670669 -0.0054581003536252207 -0.038956512956139389 -0.0010583650729206872 0.012993172907754265 0.025778515063843301 -0.012943929413429714 0.0082734635587035227 0.016315999075443666 -0.0052049430065080685 0.023109413844393991 -0.032072756541399093 0.0063119549140422844 0.0013979521479293268 -0.029488285339944915 -0.033627822812962067 -0.023459729548229575 -0.010638026468685915 -0.0012962405646016358 -0.043112871932403929 -0.01558370827136531 -0.061393732825535452 -0.05073611499624886 0.01225920549625174 0.022472890042655898 0.0049706528823782537 0.013999086389440508 -0.0014331782175400676 0.0226185713362194 -0.00415050575421039 -0.017185987892034859 -0.045081167588966624 0.015712811009330412 0.0044331077880243198 -0.0051354252741063929 -0.019164151077164043 0.0023969429779993716 -0.021951567903120601 -0.030244836984634999 -0.015491982157894359 -0.00031803549079230565 0.0080866977437757618 0.0081508407264693356 0.012997295315938543 0.004543912192119178 -0.0058442800332570511 -0.010374407757379724 0.00037018133627154503 -0.021779393795229956 -0.0039085971178812375 -0.0030475143676356878 0.016539595976309961 -0.011087491659550232
leaf_weight=54.091577660292387 31.916285656392574 10.719405740499495 62.531263724900782 66.012264236807823 81.807279340922832 101.10804858244956 236.74797808751464 9.6359884031116945 37.989467695355415 107.18736378103495 55.294741481542587 79.145148591138422 110.74522577226162 21.634080227464437 23.330656886100769 30.166244607418776 117.57791341841221 99.072807341814041 114.30537633225322 171.91550287604332 45.519253119826317 237.29651698470116 31.012007258832455 100.55248683784157 17.122826423496008 54.345555171370506 212.88664676807821 48.827284153550863 73.966011955402792 130.99199335463345 15.79742334038019 12.079143814742563 111.46268491446972 39.251104101538658 48.266199998557568 229.1479082852602 48.456214278936386 51.04637536406517 71.178888067603111 24.936113730072975 16.245590753853321 35.44699028134346 609.9786514416337 279.23487244173884 85.693814435973763 291.84290543198586 78.614996077492833 31.116393402218819 22.742325089871883 62.288571715354919 56.701280578970909 1092.5910523384809 364.82701474428177 112.52803285047412 51.590203255414963 35.690371416509151 422.77230245992541 46.135940318927169 47.77899431437254 104.84288180805743 154.92576357722282 348.02470639534295
leaf_count=337 94 27 105 62 915 79 91 78 34 314 77 300 870 207 45 72 72 18 413 134 274 533 169 386 127 44 2293 99 213 249 29 23 133 41 144 398 63 27 55 144 66 18 835 1346 152 436 512 88 131 70 127 1675 66 888 30 41 802 99 73 1223 86 726
internal_value=0 -0.0157359 -0.0254172 0.00602607 -0.0122174 -0.0365632 -0.0103635 -0.0136336 0.00915827 0.000783547 0.00199899 -0.0304521 -0.00349305 -0.00345817 0.00361154 0.0137361 0.0094029 0.00614884 -0.0105014 0.0166866 -0.0170304 0.00711043 -0.00187041 -0.0358996 -0.0134747 -0.0161254 -0.00689679 0.000901868 -0.0498424 -0.0213959 -0.0426898 -0.0311925 0.00485202 0.00799153 0.0141937 0.0168103 0.00896715 0.0140416 0.0038978 -0.0202203 -0.0281902 0.00585801 0.00564224 -0.00295525 -0.0138832 0.00226192 -0.0253614 -0.0183979 -0.0239015 0.00879688 0.00915063 0.00970781 0.00936403 0.00607667 0.00144996 0.00100529 -0.00188764 -0.00919104 -0.0126877 -0.000281475 0.012973 -0.0126833
internal_weight=0 2238.32 798.813 5340.37 365.713 433.1 1439.51 976.897 3343.04 1997.33 1809.93 296.603 233.006 462.611 134.076 1001.79 386.944 875.809 187.403 614.844 740.149 2341.25 934.121 195.495 98.9301 695.692 339.364 114.441 136.497 207.628 94.9426 44.4575 776.736 1975.72 442.929 295.16 147.769 99.3126 308.475 73.098 41.1817 84.2743 721.441 826.934 488.064 365.523 132.707 162.108 32.3783 1667.25 1604.96 1496.67 1457.42 123.247 108.291 327.533 702.007 124.927 93.9149 126.477 272.504 433.719
internal_count=19278 10412 3918 8866 2806 1112 6494 1856 4283 4583 3866 794 1957 4638 915 1175 347 1063 717 828 1765 3108 2803 715 1042 1533 3723 189 318 611 329 232 1045 2597 694 460 234 171 588 304 210 117 968 2489 922 511 849 337 209 2009 1939 1782 1741 915 157 477 2148 341 172 1430 158 878
cat_boundaries=0 20 40 61 80 101 120 139 140
cat_threshold=0 0 1048576 1207968000 0 0 0 2097152 512 0 105119744 2097424 3514830848 134217728 102563840 0 0 0 32 128 2 0 3573547520 16 114704 0 0 0 0 0 3072 0 0 0 16384 8388688 38273024 134217728 268435584 229376 34816 0 128 0 0 33554432 0 0 65536 0 4096 1073741824 16 555220992 0 1024 1610745856 36864 198 16 96 0 1081344 0 134217728 33554432 2097152 50331680 67108864 0 0 18884608 69207045 26624 512 131072 3221227538 0 0 131136 2148008056 0 524288 0 128 134217728 4 0 0 805830673 4096 0 0 0 0 67108864 536870912 128 131072 0 4 134217728 0 1048576 0 134217728 524288 2064 2147483648 262144 0 0 0 0 0 4101 4194858 0 0 536887296 1344339968 1075838976 1 67108864 32768 0 0 142606336 262144 0 269484032 268706312 98304 8541 2216689664 0 0 0 8 18949344
is_linear=0
shrinkage=0.05


Tree=42
num_leaves=63
num_cat=9
split_feature=67 67 3 63 67 0 0 0 0 67 0 51 64 68 65 67 45 70 67 73 71 10 57 3 63 3 0 53 71 66 10 3 0 71 66 67 5 79 64 70 54 9 8 51 67 51 8 4 0 3 54 8 26 88 67 67 3 53 51 65 71 54
split_gain=266.062 47.1926 40.1024 27.5428 21.841 14.9679 14.3407 9.89631 9.62577 8.50864 5.52418 5.44501 5.2749 4.35564 4.67337 4.24514 3.99922 7.21048 3.6497 3.72235 3.59729 3.58813 3.53351 3.52556 3.51148 3.31368 3.01474 2.7812 2.76579 2.68823 2.64966 2.50064 4.14826 3.50295 4.23992 2.47532 2.45557 2.75271 2.44402 2.37663 2.46524 2.46681 2.36007 2.28364 2.28002 2.27931 3.36933 3.32279 2.26023 2.6049 2.09122 2.01607 1.97456 1.96084 1.90685 1.72471 3.0382 1.6587 1.63952 1.68632 1.61915 1.61054
threshold=89.080000000000013 22.045000000000005 2019.5000000000002 345.22215909090914 5.2150000000000007 0 1 2 3 229.06000000000003 4 -101.71785225247685 11.970000000000002 0.58333333333333337 2.0300000000000007 1462.4950000000001 -0.93301270189221919 3.5866351158585754 670.38000000000011 5 -1.5667511020739986 15.588457268119894 202.33001073413448 2018.5000000000002 67.144345238095255 2018.5000000000002 6 -213.85722904687117 -3.6669775664440993 7.0233333333333343 10.446152422706634 2019.5000000000002 7 -5.8139192430482431 112.57333333333337 448.08500000000009 -0.93301270189221919 1.0000000180025095e-35 1305.9725000000003 11.22119526388723 3.4598829061773757 21.325317547305488 2.5000000000000004 114.03592935771864 2.0050000000000003 211.3955257239156 6.5000000000000009 0.25000000000000011 8 2015.5000000000002 4.1802639607701471 3.5000000000000004 -0.68301270189221941 1.0000000180025095e-35 12.075000000000001 570.47500000000014 2018.5000000000002 -45.088694191521732 -219.84344600970181 892.50000000000011 10.062708868597459 0.30408028989415237
decision_type=2 2 2 2 2 9 9 9 9 2 9 2 2 2 2 2 2 2 2 9 2 2 2 2 2 2 9 2 2 2 2 2 9 2 2 2 2 2 2 2 2 2 2 2 2 2 2 2 9 2 2 2 2 2 2 2 2 2 2 2 2 2
left_child=1 2 6 5 44 35 11 -3 15 31 20 -1 61 54 -15 23 17 -11 19 43 -9 22 26 48 28 -24 -10 -25 50 -16 57 32 -7 34 -33 -2 -14 -38 55 40 52 -42 -37 -18 -4 46 -17 -47 49 -5 -12 -29 -30 -39 -6 56 -28 -13 -23 -60 -21 -8
right_child=3 7 4 8 13 9 12 10 21 16 24 30 36 14 29 45 18 -19 -20 60 -22 58 25 27 -26 -27 38 51 39 -31 -32 33 -34 -35 -36 42 37 53 -40 -41 41 -43 -44 -45 -46 47 -48 -49 -50 -51 -52 -53 -54 -55 -56 -57 -58 -59 59 -61 -62 -63
leaf_value=0.035521549696292419 -0.0074868279125566792 0.0021572295361090921 -0.059867443521430252 -0.0078181578980962181 -0.026959855217653046 0.016626491388006284 -0.014713365781913372 -0.03197939523488217 0.001431058448584525 0.010940032844147518 -0.038196946893959013 0.023416447044148123 -0.001318632259027628 -0.047085878939607348 -0.034951068327490432 0.015955781050828375 0.0013103860816537048 -0.021439104486290477 0.01292991826718806 0.0075361487890986184 -0.015573723356898245 0.0075752585757840139 0.0082009112472052892 -0.0019422020217144094 -0.0041082687839865207 -0.012392169378191199 0.010359616991275515 0.018374388019697048 -0.030876888746826189 -0.023744338408224951 -0.018931269230451575 -0.022408496351221496 6.8257574473655719e-05 -0.00062590578471650787 -0.0017565794748089535 -0.029522151650668866 -0.013468718501749672 -0.018182075822112394 0.019227372499604132 -0.0049295804181231648 -0.0084318961395074537 -0.037123730968562758 -0.0083206225028463997 -0.014535311640689805 -0.045243397169141344 0.017490541187803216 0.027830142005489888 0.0039152084284708325 0.014882514696589784 0.011381765083782943 -0.011144493769426146 0.0052848118336202348 -0.014618876443512797 -0.043960550974639648 -0.014576328184890068 0.0098510268190670474 0.0025960304771089934 0.0019617577424497867 0.0010495418463623517 -0.011414176272786625 -0.00095823816991725738 -0.034785351357279774
leaf_weight=13.680636227130888 182.2226728014648 186.43313465639949 56.55002224445343 29.45359043776989 54.243201637640595 40.029791504144669 12.730698104947804 42.476398311555386 168.0297826975584 32.934528395533562 15.590279676020147 10.782176934182642 33.831698343157768 39.12117728125304 90.691226785071194 239.14346623420715 208.98453563451767 35.97508230805397 183.02733252942562 759.88492092490196 156.61353843659163 73.529524549841881 37.012471437454224 85.815974742174149 297.43397516943514 41.368768185377121 236.01026323437691 43.893318653106689 21.510452680289745 130.5304261110723 13.371928378939627 44.136822480708361 165.73333621397614 533.69248583167791 56.883140735328197 28.557680681347847 174.90933854877949 16.197791133075953 55.753000676631927 172.0786491446197 298.33738932572305 7.6842814572155467 24.290684446692467 25.513508453965187 50.413594442419708 110.76678457856178 79.632589489221573 76.005451291799545 298.83357943594456 44.140204325318336 13.185672296211122 89.192027628421783 141.71033821441233 13.545882515609266 72.817036224529147 915.11748597025871 270.39569497108459 54.771874263882637 143.50026471167803 33.467790216207504 60.571872986853123 46.486193869262934
leaf_count=24 760 1494 72 78 62 99 25 70 206 72 70 26 170 145 342 126 463 35 99 553 241 94 83 159 1728 27 673 13 18 535 125 121 1035 764 82 60 1809 194 45 64 2052 61 135 55 155 90 72 43 440 92 144 163 472 42 49 724 373 562 223 43 129 372
internal_value=0 -0.0145354 -0.0235153 0.00593929 -0.0329742 0.00190497 -0.0115345 -0.00866409 0.00906899 0.00322056 -0.0103234 0.00577681 -0.0165575 -0.0274519 -0.0311557 0.0128708 0.00575956 -0.00596388 0.00641212 0.00528133 -0.0181617 0.00685673 0.00770408 0.010112 -0.00854122 -0.00266789 0.00819819 0.00507628 -0.0106363 -0.0283386 0.00135294 -0.000689117 0.0041009 -0.00224196 -0.0107796 -0.00983171 -0.0137972 -0.01586 0.00889798 -0.00995588 -0.0117991 -0.00915236 -0.0197773 -0.000396716 -0.0529749 0.0163523 0.0189221 0.0119662 0.0130719 0.00325527 -0.025801 0.00960193 -0.0167615 -0.0299221 -0.019863 0.00855545 0.00621425 0.00549057 0.00129984 -0.00130757 0.00682584 -0.0304702
internal_weight=0 2237.73 884.675 5453.5 494.367 2382.44 390.308 1353.05 3071.06 2147.37 1166.62 92.6066 297.702 387.403 260.343 1096.88 1306.89 68.9096 1237.98 1054.95 199.09 1974.19 1723.69 591.329 967.531 78.3812 1645.31 218.901 670.097 221.222 78.926 840.476 205.763 634.712 101.02 235.071 238.485 204.653 1477.28 641.321 469.242 306.022 52.8484 234.498 106.964 505.548 318.776 186.772 372.427 73.5938 28.776 133.085 163.221 29.7437 127.06 1421.52 506.406 65.5541 250.498 176.968 820.457 59.2169
internal_count=19352 11123 4709 8229 1360 4462 3349 6414 3767 3507 4920 737 2612 1133 1022 1276 1406 107 1299 1200 311 2491 2131 945 4609 110 2021 335 2881 877 713 2101 1134 967 203 955 2215 2045 1815 2667 2603 2113 195 518 227 331 198 133 610 170 214 176 490 236 111 1770 1046 588 360 266 682 397
cat_boundaries=0 21 40 60 81 104 105 125 144 164
cat_threshold=32768 256 0 0 0 35651616 16384 4194304 0 4194304 0 1073741824 0 286785536 32 272629760 1610743808 53248 131270 0 224 0 0 1090519040 0 134251648 0 570425344 1048576 393216 0 268435456 8388744 40960 881 2149580800 20 0 0 131088 2097152 2097152 0 0 33587200 0 16777216 201326592 0 0 16818688 2360324 1059328 768 2097153 1073750018 0 0 131144 128 2 32 2239758848 0 90128 0 0 0 0 0 1024 0 0 0 16384 8388688 34078722 100728832 131200 98304 8 4096 1023410176 1073741824 0 0 33554432 134221824 0 0 0 524288 2415919104 5 134217728 420487424 4096 2048 0 1024 0 0 1024 128 29368406 526352 0 268959744 0 0 4096 0 0 0 536870912 0 0 0 0 2147483648 67109888 0 0 8192 1 0 1073741824 1048576 16384 128 0 0 0 0 0 0 67108864 0 0 0 2147484322 0 0 570425344 0 0 83886080 0 24576 0 0 0 0 0 0 0 0 0 0 0 0 65536 0 65536
is_linear=0
shrinkage=0.05


Tree=43
num_leaves=63
num_cat=8
split_feature=63 73 63 70 0 63 0 0 51 63 82 8 55 9 45 55 70 52 5 0 54 58 54 70 48 0 5 70 65 70 60 24 51 56 65 55 59 58 63 0 38 55 3 70 0 55 54 65 37 18 3 55 51 10 55 47 50 15 47 58 10 6
split_gain=192.363 47.6518 31.008 26.3583 26.0953 19.1076 10.2868 9.24734 8.50905 6.83161 6.5773 6.03542 5.59603 5.12621 4.79104 4.48203 4.47427 4.1564 3.92221 3.71898 3.54962 3.17812 3.21025 3.96432 5.11118 5.62339 3.1147 3.1112 3.01319 2.92902 2.75782 2.71672 2.60503 2.5612 2.54993 2.51625 4.52767 3.04975 2.46617 2.44522 2.35177 2.34076 3.03873 3.37302 2.54738 3.00196 2.32648 2.75382 2.31773 2.43927 2.29356 2.29364 2.33358 2.27907 2.23969 2.23624 2.22532 2.09593 1.98856 1.98272 1.95271 1.89894
threshold=112.70833333333336 0 38.174242424242429 11.22119526388723 1 12.105555555555556 2 3 -4.2992661973572082 298.96666666666675 1.0000000180025095e-35 2.5000000000000004 -10.495946872878253 -24.499999999999996 -1.0000000000000002 -2.470406054682019 1.0418584053757438 1398.3502770005152 0.25000000000000017 4 1225.3381381357533 1935.2783477391927 286.26391139377171 6.0421185952792182 -168.33927438966128 5 0.6830127018922193 2.0303179986501561 17.010000000000002 11.22119526388723 -40.632511682492257 0.6830127018922193 -59.715065252356894 20.170111663234206 710.2850000000002 8.086902614185556 341.58156887175687 350.6973212543374 5.0954545454545466 6 -0.5 -4.8846460780872638 2019.5000000000002 0.84045832019542999 7 -5.0827284552425622 555.13608372103602 1338.7600000000002 -0.6830127018922193 0.6830127018922193 2016.5000000000002 -234.75081174206085 301.10971673957118 3.4820508075688781 -19.526508783777331 -2.1415726798641201 -265.32076263316173 1.0000000180025095e-35 5.4185565622457759 269.53968390921654 12.312177826491075 0.50000000000000022
decision_type=2 9 2 2 9 2 9 9 2 2 2 2 2 2 2 2 2 2 2 9 2 2 2 2 2 9 2 2 2 2 2 2 2 2 2 2 2 2 2 9 2 2 2 2 9 2 2 2 2 2 2 2 2 2 2 2 2 2 2 2 2 2
left_child=1 12 3 5 17 8 59 29 27 13 18 -12 -1 -8 -9 -5 -10 20 28 54 21 22 23 24 25 -2 50 -3 55 32 -20 39 -4 -28 57 37 -37 -35 -29 -21 -26 44 -43 -44 -16 -46 -24 -48 -18 -50 -11 -52 -53 -32 58 -7 -22 -27 -15 60 -6 -40
right_child=4 2 7 15 6 10 9 14 16 26 11 -13 -14 19 41 -17 48 -19 30 31 56 -23 46 -25 40 34 33 38 -30 -31 53 -33 -34 35 -36 36 -38 -39 61 -41 -42 42 43 -45 45 -47 47 -49 49 -51 51 52 -54 -55 -56 -57 -58 -59 -60 -61 -62 -63
leaf_value=0.0096015728059555758 -0.011594187504201074 -0.031382792751729442 0.016942568501433407 -0.0010425146329174659 -0.0014746997314797629 -0.014917653344259896 -0.021877131554358567 -0.023363968183585541 -0.052831109413758459 0.011179311163138451 -0.046780124325151745 -0.014646116165132762 -0.0024400696040742537 0.0086536933157041161 0.0023865876815471906 -0.013177916798842788 -0.017853789079300294 0.020684172944064275 -0.037945720226671226 -0.010626878875277228 -0.011767736085207682 0.023298884986801417 0.017761840267516371 0.015327812942944434 0.022454023724207361 -0.002472246909304197 -0.003442872305044468 -0.036096040610874867 -0.009395970158539704 0.018522818443835881 -0.039082299737231097 -0.011946914905907763 -0.001773968519391565 0.0047105216277048808 0.015417028863192746 0.0034655760478305266 -0.018055775904895714 0.01746039497323567 -0.010303224223206099 0.0012417311819847945 0.0090971089042330144 -0.0061662345217413416 -0.02784241844177994 -0.011619574714836219 -0.0088932055218249543 0.01089345010581963 0.00055474361335631302 0.014391584777965309 -0.034039237592858984 -0.054230774875330762 0.012280378810876121 0.0065213180905404015 0.00050424718027220719 -0.017782456856807755 0.0028179492918158212 -0.029935207334507281 0.010811611588264573 0.014194265974814211 0.024693805466981026 -0.013887198590443184 -0.014018485481926777 -0.024936289406924314
leaf_weight=254.37682069838047 57.454659983515739 75.585916611365974 22.063176613301039 200.07009092904627 176.9622624963522 99.559409650973976 24.078413784503937 53.705993749201298 42.090340224094689 283.62805999815464 34.206836309283972 25.509060919284821 155.43906432017684 74.683038588613272 87.568425534293056 122.77870075777173 18.600851200520992 122.89465023577213 20.471188746392727 36.294205263257027 27.155009470880032 54.894613236188889 229.35922363400459 169.69460914283991 38.625226706266403 78.663189169019461 127.63280886411667 16.696362622082233 260.30093272775412 29.427381336688995 13.239688683301209 46.46294429153204 118.13059341721237 180.49445251375437 48.515251114964485 179.52296909689903 28.2896419018507 63.368607774376869 64.743392145261168 693.16301842778921 224.4941580966115 177.09993958845735 41.778908628970385 137.46598381921649 273.82999772205949 20.611944500356913 52.754326539114118 112.94338089227676 112.34419419430196 17.254888895899057 136.16268089413643 851.99296278506517 198.71988825500011 244.1679355930537 126.85240924544632 33.007462834008038 18.243046328425407 24.814193785190582 26.066656038165092 61.03556777536869 37.621537245810032 33.716676702722907
leaf_count=80 65 298 88 199 357 584 40 69 117 714 95 360 132 180 482 60 31 111 101 70 101 94 239 92 28 232 48 71 1334 9 29 78 866 226 57 415 32 37 174 2250 379 1928 202 353 1368 14 83 109 343 37 114 1180 158 1382 432 141 24 23 47 56 107 108
internal_value=0 -0.0108582 -0.0135201 -0.018234 0.00574396 -0.021887 0.00340127 -0.0066299 -0.0309638 0.0042348 -0.0171522 -0.0330533 0.00491438 0.000921325 -0.00883372 -0.00565758 -0.0384446 0.0118546 -0.0157365 0.00146835 0.011005 0.0115744 0.010954 0.00877246 0.00641849 0.000590237 0.00591655 -0.0235008 -0.0125209 0.00394901 -0.0202827 -0.000221285 0.00117157 0.00281128 0.00559103 0.00457856 0.000535863 0.00802362 -0.0183273 0.000522548 0.0110579 -0.00789647 -0.0108113 -0.0154008 -0.00517744 -0.00726145 0.0145005 0.00998625 -0.0343587 -0.0367275 0.00713988 0.00617457 0.00538332 -0.018878 0.00693358 -0.0186568 -0.00269431 0.00152443 0.0128037 -0.00572782 -0.00367392 -0.0153142
internal_weight=0 2805.84 2396.03 1434.34 4613.54 1111.5 3353.03 961.682 381.033 3077.41 730.463 59.7159 409.816 1027.6 792.061 322.849 190.29 1260.51 670.747 1003.52 1137.61 1092.21 1037.32 642.261 472.567 209.447 2049.81 190.742 392.868 169.621 277.879 775.92 140.194 579.308 151.993 451.676 207.813 243.863 115.156 729.457 263.119 738.355 356.345 179.245 382.01 294.442 395.057 165.698 148.2 129.599 1470.5 1186.88 1050.71 257.408 227.602 132.567 45.3981 103.477 100.75 275.619 214.584 98.4601
internal_count=19233 11055 10843 5464 8178 5205 6541 5379 1179 6021 4026 455 212 3097 4416 259 528 1637 3571 3057 1526 1401 1307 876 784 377 2924 651 2059 963 1512 2398 954 758 312 710 447 263 353 2320 407 4347 2483 555 1864 1382 431 192 411 380 2166 1452 1338 1411 659 725 125 255 227 520 464 282
cat_boundaries=0 1 22 43 62 81 101 118 137
cat_threshold=8538144 0 0 2508194304 32 90160 0 0 0 0 0 3072 0 0 0 0 8388692 38273026 8 268443776 229377 8 135925792 128 0 0 524288 32 16386 0 131072 0 0 0 0 0 0 33554560 1879048193 4096 33619968 276 96 1342177280 0 1048576 536870912 134217728 2097152 16777224 8388608 0 0 268435456 2820100 67584 2164260880 1 40 3972 16384 65536 2147516416 0 0 1 33554560 2048 272 0 262144 524353 16777216 0 16384 0 12 1090519073 263536 65536 16386 0 0 0 0 90112 0 0 0 0 0 0 0 0 0 0 0 0 0 268435456 98305 2048 1048576 536870912 0 0 8192 0 0 65536 16 0 0 0 0 0 268435456 2048 0 1048576 0 1073743168 0 32 75810 0 0 0 32768 16384 0 1049188 268435456 4194304 16 0 264
is_linear=0
shrinkage=0.05


Tree=44
num_leaves=63
num_cat=9
split_feature=67 3 67 67 0 67 67 3 0 0 0 68 66 51 1 36 73 0 70 50 54 35 1 71 0 48 3 48 3 54 10 64 66 67 64 57 71 67 54 48 10 8 54 3 3 0 44 73 54 70 70 70 51 48 48 59 3 76 64 8 54 51
split_gain=226.23 34.1813 46.9831 26.2382 19.6183 13.4943 12.6668 7.69534 7.00433 6.87509 6.80572 4.90872 5.78486 4.25011 4.38944 4.05888 3.79074 3.69941 3.6861 3.68502 4.12723 3.84698 3.52924 3.48157 3.45064 3.03579 2.98746 2.95538 2.87348 2.79993 4.6829 2.70016 2.6393 2.59505 2.49916 2.46183 2.30475 2.2624 2.2154 2.17436 2.15602 1.97456 2.00202 1.93746 1.90457 1.88723 2.70752 2.00062 5.30943 2.56844 1.84258 1.8386 2.16416 1.80395 1.76072 1.74282 1.73564 1.71795 1.71496 1.98512 1.68356 1.57837
threshold=76.280000000000015 2019.5000000000002 17.070000000000004 208.51500000000001 0 1101.6700000000003 3.0600000000000005 2019.5000000000002 1 2 3 0.58333333333333337 39.426666666666669 211.3955257239156 5.5000000000000009 0.6830127018922193 4 5 0.43042390581468953 -4.3434861133084972 2.4842170328671327 0.25000000000000017 11.500000000000002 -3.3807768116889805 6 -247.78061625833041 2020.5000000000002 -14.040126838868204 2020.5000000000002 403.3582948557156 8.2500000000000036 9.0900000000000016 77.978333333333339 482.94500000000005 123.67500000000001 -63.774886264744701 -0.64645910731901657 11.040000000000001 1.3420819546101181 -5.2073686209556023 -10.500000000000002 6.5000000000000009 303.68397194072799 2021.5000000000002 2017.5000000000002 7 -2.7554552980815443e-16 8 5.0514052388835209 15.103406593406595 2.9397709173797684 1.7267867281185878 -251.79391526165307 4.2091312438688151 -267.66264317178894 121.01219191950371 2010.5000000000002 1.0000000180025095e-35 79.520000000000024 2.5000000000000004 372.09008255660098 274.52863791335477
decision_type=2 2 2 2 9 2 2 2 9 9 9 2 2 2 2 2 9 9 2 2 2 2 2 2 9 2 2 2 2 2 2 2 2 2 2 2 2 2 2 2 2 2 2 2 2 9 2 9 2 2 2 2 2 2 2 2 2 2 2 2 2 2
left_child=1 4 6 7 31 8 -3 10 34 35 51 -4 19 25 -15 37 23 -12 33 20 27 28 24 26 -11 41 32 -13 53 45 -31 -1 -9 -10 40 -6 39 -8 -39 -21 -5 42 -7 57 -16 -20 55 61 -49 58 -30 52 -2 -22 -36 -47 -26 60 59 -50 -27 -48
right_child=3 2 11 5 9 13 15 16 18 22 17 12 -14 14 44 -17 -18 -19 29 36 21 -23 -24 -25 56 43 -28 -29 50 30 -32 -33 -34 -35 54 -37 -38 38 -40 -41 -42 -43 -44 -45 -46 46 47 48 49 -51 -52 -53 -54 -55 -56 -57 -58 -59 -60 -61 -62 -63
leaf_value=-0.034037409433756417 0.023551303903576126 -0.055704917629044219 -0.005300408689630335 0.00099840610304250581 0.033625951091860187 0.012106430258986538 -0.033333729528608698 -0.038750752575056537 0.0078250843303310971 -0.011224595992660243 -0.010208056950599372 -0.01855288733564513 -0.0053584734412404087 0.0014502456244075103 0.018778828611939427 -0.05045378926973948 -0.00080899556308466024 0.0025775340326635613 0.0094475075299564684 -0.015839656671976815 -0.037892193937497896 -0.03492188621705463 -0.017992688913475118 -0.0049868312550897017 0.0054768337349319846 0.012283875813513846 -0.0079017754385487301 -0.040244656374129904 -0.010005985144820744 0.0068741085086861838 -0.014204967917593708 -0.018916943938886488 -0.014112288522295494 0.017989529300592316 -0.0087273395770004706 0.007581779600102089 -0.0099917153530964115 -0.039865724580782275 -0.020786330906990058 -0.036641698810424138 -0.025459351539776666 0.024014309277602636 0.020604971860455758 0.0046042557245491141 0.0088996916878784672 -0.011404426305491967 0.0067257764778195818 -0.013755510744162626 -0.013666097745845119 0.0209371909677647 -0.020451414501379449 0.024992504007209315 0.0074952690681826519 -0.012997073844869046 0.0017203578788128728 0.004355129460525806 -0.0026629025319848116 0.0072768901162367913 0.005026186388340596 0.0056477125410067872 0.02141208044021882 0.012334240713361797
leaf_weight=39.511512584984303 24.536184377968311 62.603030259720981 154.91613536886871 13.266726501286032 10.033760279417036 189.64680211991072 132.00162250734866 20.795349013060331 148.21833622455597 94.307137042284012 71.327237918972969 25.500287868082523 125.15597414970398 170.35005912184715 72.376091495156288 23.85608365945518 442.45793217793107 178.25131528824568 406.24537745118141 57.363078311085701 21.470071170479059 29.406466191634536 43.741870991885662 248.60376462340355 83.307190496474504 168.32719585299492 49.289633426815271 40.866885727271438 130.71003885380924 62.367770403623581 45.621973320841789 116.82448048144579 22.771536394953728 108.95283974707127 46.547169417142868 94.815745443105698 193.46918262541294 18.020341699942946 97.72076247818768 16.084350725635886 18.350439973175526 80.970586732029915 109.20033237338066 93.721144467592239 149.6826785504818 38.015424836426973 764.66186042875051 39.675386726856232 27.199281368404627 24.369272880256176 62.363121902570128 22.623193264007568 145.09091906994581 11.007409287616609 301.74174029380083 32.575728848576546 306.22535791806877 101.9063191562891 866.83853403478861 26.042881492525339 72.169069230556488 150.06615058332682
leaf_count=235 54 123 97 24 17 103 455 71 284 1158 594 101 225 102 76 48 486 1042 541 188 141 76 535 630 459 122 94 85 289 85 73 792 81 117 74 530 466 69 338 105 105 74 59 31 90 92 403 54 51 9 113 24 484 50 414 18 3771 80 1887 105 58 78
internal_value=0 -0.0141937 -0.0194992 0.00544912 -0.00610522 0.00727765 -0.0354297 -0.0010089 0.0055406 -0.00196248 0.00426816 -0.0133678 -0.0151197 0.0117639 0.0074879 -0.0307563 -0.00398313 -0.00132896 0.00640963 -0.0171965 -0.0208033 -0.0179122 -0.0043101 -0.00784275 -0.00316219 0.0138203 -0.0163335 -0.03191 -0.0156945 0.00584299 -0.00203108 -0.0213714 -0.0258727 0.0121313 -0.000874759 0.00919696 -0.0128544 -0.0288596 -0.0237569 -0.0203951 -0.0143575 0.0170884 0.0152118 0.0109741 0.0121196 0.00620091 0.00545555 0.0058407 0.00412094 0.00491555 -0.0133799 0.0110297 0.00981774 -0.0294546 0.000324072 -0.00413186 -0.000899022 0.0127177 0.0044912 -0.00421894 0.0150231 0.00756319
internal_weight=0 1991.28 1202.51 5554.85 788.767 4329.11 334.202 1225.75 3120.76 632.431 441.829 868.313 713.397 1208.35 392.409 271.599 783.918 249.579 2740.85 588.241 321.324 254.957 527.582 341.46 483.84 815.941 92.8565 66.3672 225.551 2483.68 107.99 156.336 43.5669 257.171 379.906 104.85 266.917 247.743 115.741 73.4474 31.6172 379.818 298.847 436.124 222.059 2375.69 1969.44 1898.85 984.125 944.45 193.073 192.25 169.627 32.4775 348.289 70.5912 389.533 342.403 920.081 53.2422 240.496 914.728
internal_count=19235 10466 2969 8769 7497 5209 1033 3560 4414 6470 2198 1936 1839 795 268 910 1362 1636 3797 1614 855 669 5923 876 5388 527 246 186 593 3396 158 1027 152 401 617 547 759 862 407 293 129 236 162 291 166 3238 2697 2587 2106 2052 402 562 538 191 488 110 4230 260 2043 156 180 481
cat_boundaries=0 19 41 60 80 81 100 119 139 140
cat_threshold=0 0 269484032 134226688 0 0 0 2097152 0 0 100663296 2097424 4177530880 134217728 236781568 0 0 0 1072 524328 0 67633152 0 24576 1073750016 32768 1073741824 327680 2147483705 4096 0 0 0 0 1280 536871104 128 2 0 16 134217728 65536 32768 1090519040 0 134251648 2621440 0 67108864 131072 0 2105856 16778752 1048576 0 2418016256 1073741840 0 0 131144 0 1073741856 1048576 16 33554560 0 0 1073741824 0 0 17370624 1140850688 0 0 0 2147486386 4 98 33685504 32784 35981456 0 1048704 12582913 0 5120 32 38 5242888 0 0 0 0 0 320339968 32 0 0 0 4 0 16 4194304 1073758227 0 16777216 402653216 1048576 0 0 1087111168 1048608 109051904 1088422912 16777216 0 0 2147483648 256 0 0 0 0 33591568 0 272 0 0 263168 0 0 0 0 0 68 2156134400 201392145 155648 131072 3045376
is_linear=0
shrinkage=0.05


Tree=45
num_leaves=63
num_cat=10
split_feature=67 67 3 67 72 72 72 72 67 68 72 67 1 58 73 65 64 9 36 72 57 64 73 72 50 65 57 70 18 3 65 15 57 67 52 64 70 3 58 65 1 72 53 53 10 47 65 47 70 18 65 80 3 67 37 67 47 70 63 64 63 68
split_gain=212.691 34.079 31.9679 43.4211 17.2989 12.8222 10.8919 9.58117 8.05673 7.44017 6.16228 5.7791 4.74561 4.44991 4.30548 5.70091 4.07358 4.00587 3.57414 3.2879 3.24693 4.30965 3.65601 7.83704 4.70505 3.5075 5.81236 3.21942 3.16326 3.67891 2.93693 2.76704 2.74103 2.73623 3.36613 2.54467 2.50397 2.47471 2.26239 3.23491 2.24935 2.46494 2.10073 2.09946 2.08995 2.02073 1.97937 1.95957 2.09159 1.9268 1.90976 2.14249 2.05517 1.8825 1.75393 3.87115 1.72684 1.66382 1.61164 3.10634 1.57047 1.54425
threshold=57.245000000000012 389.25000000000006 2019.5000000000002 10.035000000000002 0 1 2 3 3.0600000000000005 0.58333333333333337 4 20.145000000000003 10.500000000000002 823.98648501979835 5 2.0300000000000007 37.975000000000009 7.8971143170299749 -0.93301270189221908 6 303.32796813258994 1305.9725000000003 7 8 -21.688694939695701 87.02500000000002 -53.402017301631368 7.403766109232806 0.6830127018922193 2020.5000000000002 14.020000000000001 0.25000000000000017 -98.179959831863286 1222.4000000000003 -136.59444350989915 8.9850000000000012 1.1568527450485704 2019.5000000000002 10.855410618270785 46.025000000000006 11.500000000000002 9 -85.166771761302442 -116.64404683835045 8.2500000000000036 292.51670785976995 152.02000000000001 -138.17526981677409 2.3387723156039368 0.25000000000000022 108.05000000000001 1.0000000180025095e-35 2020.5000000000002 27.085000000000004 -1.0000000180025095e-35 1.0000000180025095e-35 -22.72074496120295 1.3385176907359344 44.841666666666676 5.0825000000000005 249.21590909090912 0.83333333333333337
decision_type=2 2 2 2 9 9 9 9 2 2 9 2 2 2 9 2 2 2 2 9 2 2 9 9 2 2 2 2 2 2 2 2 2 2 2 2 2 2 2 2 2 9 2 2 2 2 2 2 2 2 2 2 2 2 2 2 2 2 2 2 2 2
left_child=2 5 4 8 35 30 12 37 -4 53 16 17 32 -14 56 -16 -6 -11 -8 -17 21 22 24 43 27 26 -25 31 29 -13 -2 44 -3 34 36 -1 -34 46 -32 -40 41 -12 -35 -24 -20 50 -7 48 -27 -10 58 -52 -53 -5 55 -43 -9 -39 59 -21 -45 -49
right_child=1 6 3 9 10 7 18 14 49 11 40 28 13 -15 15 19 -18 -19 20 45 -22 -23 23 25 -26 47 -28 -29 -30 -31 38 -33 33 42 -36 -37 -38 57 39 -41 -42 54 -44 60 -46 -47 -48 61 -50 -51 51 52 -54 -55 -56 -57 -58 -59 -60 -61 -62 -63
leaf_value=-0.033783606571216832 -0.027855695782129725 0.0053981587288835552 -0.055159144348619585 -0.013686046208180572 0.041949830225794703 0.021276905222067904 0.014506148584922302 -0.00019488677850561722 -0.032002545115916645 -0.023175911228717969 0.0013215964292167958 -0.026349786241689384 0.012169981010121095 0.025458812138457611 -0.02361763029045208 0.0037282995561603253 0.0061989383427656225 -0.044557281999569494 0.0021458964904645509 0.0076542572109015708 -0.006267660746642755 0.016750735663209688 -0.029648925772491466 0.008626599326885788 0.016564599763461692 0.0038943529075944889 -0.015303428739499889 0.0090678320969052196 -0.033319812587664699 -0.012595231941759821 0.0083916225132461483 0.0068699045508198572 0.0074946986299553042 0.012770146408178154 0.01289248668805297 -0.018897844591803041 -0.0099118059905032377 -0.0052455767112614673 -0.022738949129864003 -0.007087643593707638 -0.016757665509796477 -0.058422031564925293 0.022022554531687128 -0.018158323061403973 -0.011009214144911456 -0.017018947552668671 0.0092665847135366183 0.012635497315443403 -0.0084478776051614517 -0.04981686707930754 0.0013033474322889599 0.0013535050980314188 -0.016551493303537952 -0.0045190920177486894 -0.0054349844633977702 -0.010491777513774732 0.0058641540873161585 0.0067810341131881065 -0.0027017983175828316 -0.014690291002906131 -0.0003029118227090052 0.0060030137194657246
leaf_weight=38.414951568469405 23.439831687137485 180.40014348179102 69.137474744580686 92.041710374876857 8.8011919595301134 39.181287027895451 122.98082116991282 171.88123089820147 120.54915713891387 141.96234034281224 147.90091935358942 56.448459131643176 128.0689926892519 123.98407837748528 28.076012859120965 298.36363079026341 84.152851432561874 25.903252620249987 72.852613687515259 19.747840087860823 54.859949469566345 90.094529986381531 16.142696022987366 47.654007270932198 138.19558149576187 192.98669017851353 54.276144772768021 452.50247687101364 23.635389545932412 350.29898337647319 16.835039034485817 144.28672553598881 54.987743824720383 169.21795891225338 179.134317740798 113.63840764015913 33.096000656485558 45.016896817833185 43.129189968109131 140.76874148473144 37.508739633485675 4.9718917161226264 96.238206133246422 23.688335664570332 51.558561384677887 22.302066158503294 275.64777628332376 102.89305478334427 41.75303216278553 17.36535381898284 502.9688558280468 29.510324344038963 35.075370989739895 143.04145901277661 237.16388170234859 27.588746704161167 372.31606210768223 79.624557077884674 440.91848156228662 73.243071855977178 25.649203576147556 596.78127005696297
leaf_count=250 78 172 128 84 59 64 190 200 350 519 1726 461 88 99 76 978 522 148 82 20 52 80 18 35 125 326 66 84 88 743 22 54 108 91 99 938 38 183 196 466 470 2 93 116 63 51 722 91 60 57 1163 128 32 51 2348 389 198 110 1501 564 21 1079
internal_value=0 0.00473097 -0.0151777 -0.0207365 -0.0069175 0.00054829 0.00821149 0.00161525 -0.0412289 -0.0156449 -0.00250483 -0.0186065 0.0126782 0.0187067 0.000127571 -0.00129716 0.00865305 -0.0264753 0.00619295 -0.000865624 0.00573695 0.00605799 0.00556679 0.00354857 0.00801973 0.00464656 -0.00411575 0.00649357 -0.0155374 -0.0145041 -0.0106336 0.00215838 0.010725 0.0125291 0.00895734 -0.0212604 0.000954494 0.00821359 -0.00915225 -0.0107583 -0.00492069 -0.00397539 0.0161245 -0.0121426 -0.00330585 -0.00209982 0.0107613 0.00565212 0.00169905 -0.0342456 -0.0018168 0.000202511 -0.00837039 -0.00810821 -0.00668123 -0.0178106 0.00387916 0.00243737 -0.00396337 -0.00994513 -0.0088758 0.00697838
internal_weight=0 5852.33 1740.53 1040.38 700.142 2658.05 3194.28 2433.87 207.052 833.332 548.088 598.248 965.127 252.053 1994.4 1450.21 92.954 167.866 2229.16 1422.13 2106.17 2051.31 1961.22 1101.82 859.396 1036.34 101.93 721.2 430.383 406.747 224.173 268.698 713.074 532.674 267.218 152.053 88.0837 439.471 200.733 183.898 455.134 417.625 265.456 65.4802 124.411 1123.77 314.829 934.414 234.74 137.915 1101.46 567.555 64.5857 235.083 269.725 32.5606 544.197 124.641 533.909 92.9909 49.3375 699.674
internal_count=19415 10082 9333 2629 6704 6752 3330 5990 535 2094 5516 1959 788 187 4911 4513 581 667 2542 4437 2352 2300 2220 1812 408 1657 101 283 1292 1204 762 199 601 429 245 1188 146 1079 684 662 4935 4465 184 155 145 3459 786 1556 386 407 3408 1323 160 135 2739 391 398 293 2085 584 137 1170
cat_boundaries=0 22 45 68 91 112 113 136 137 160 181
cat_threshold=671088640 37881088 4 512 68419584 0 0 0 1098915840 5284 269484048 134217984 0 0 65536 0 0 0 294912 0 0 2113536 0 524288 20103168 131136 0 0 0 0 64 0 16777864 32 32 0 0 8389152 4608 256 0 34816 4 99328 1025 3145728 0 0 0 0 0 24576 0 0 524288 50333824 1136 0 0 33554432 52736 545259840 2 0 4227072 8 0 33 0 67108864 2151677952 32768 262144 0 16384 0 0 0 5184 0 151519232 4 1024 1156 67698688 0 134217728 137774336 0 0 512 67108864 1048576 2214592512 0 0 0 26624 0 2151677952 16 136192 4096 256 32 0 128 2752004100 0 0 0 67108865 8798272 32768 0 268959744 0 0 0 0 0 512 2048 0 33554432 269484032 1114240 65536 0 545260545 0 2097152 1145045120 404881954 1077952512 32 1003520 0 0 2147483648 0 0 0 0 0 0 268435456 2 0 8650752 67108864 0 0 512 0 0 0 0 0 64 1073742464 1074004500 0 131 0 0 0 0 537990152 66049 0 33554448 536870913 1024 512 0 268435458 64 2148007936 0 134217728
is_linear=0
shrinkage=0.05


Tree=46
num_leaves=63
num_cat=12
split_feature=67 66 3 66 67 0 0 0 0 68 0 0 0 24 33 50 0 36 3 67 54 65 73 71 65 1 51 43 71 70 67 65 47 8 0 25 22 8 65 8 51 60 50 0 70 47 26 1 60 5 3 70 4 3 3 0 9 70 77 51 46 65
split_gain=187.069 31.5734 41.2979 21.7701 15.5474 12.8119 10.4222 8.93731 8.48543 5.86451 5.63582 5.53108 5.09855 5.3093 4.75809 4.68422 4.40603 4.21556 4.05355 3.60063 3.84497 3.13547 3.82481 7.79525 6.84207 2.81885 2.75581 2.6743 2.66925 2.54191 2.47086 2.44103 2.66186 2.36499 2.33117 2.21998 2.75068 2.06445 2.05447 2.03754 2.13178 1.97387 2.37048 2.83826 2.05839 1.90898 1.88452 1.87281 1.85808 1.7897 1.7625 1.73584 1.75498 1.76707 1.82484 1.711 1.76137 2.34223 1.65749 1.64488 1.63789 2.66602
threshold=76.280000000000015 9.0166666666666675 2019.5000000000002 240.10666666666671 3.0600000000000005 0 1 2 3 0.58333333333333337 4 5 6 0.6830127018922193 -1.0000000180025095e-35 -600.64795516279571 7 0.6830127018922193 2018.5000000000002 1412.3400000000004 403.3582948557156 111.03000000000002 8 -6.4759467201938721 9.0250000000000021 5.5000000000000009 28.01716662006282 -1.0000000180025095e-35 -0.37982832213518364 2.8672942376683372 10.035000000000002 26.080000000000002 5.1339346711141909 11.500000000000002 9 -1.0000000180025095e-35 -0.68301270189221941 5.5000000000000009 6.0850000000000009 4.5000000000000009 -348.04611286128301 -13.404625727799898 -104.87624394129493 10 1.6851091736281865 -265.53844794358827 0.6830127018922193 11.500000000000002 276.90830058575102 0.25000000000000017 2020.5000000000002 35.539716495766207 -0.93301270189221919 2016.5000000000002 2014.5000000000002 11 23.500000000000004 4.0023545706371202 1.0000000180025095e-35 -59.715065252356894 0.6830127018922193 387.39500000000004
decision_type=2 2 2 2 2 9 9 9 9 2 9 9 9 2 2 2 9 2 2 2 2 2 9 2 2 2 2 2 2 2 2 2 2 2 9 2 2 2 2 2 2 2 2 9 2 2 2 2 2 2 2 2 2 2 2 9 2 2 2 2 2 2
left_child=1 2 5 8 -4 38 18 28 39 -10 37 -7 41 21 -15 -8 33 30 25 51 26 22 27 24 -24 -5 -21 -14 -3 45 -6 32 -12 34 48 36 -13 -9 -1 -2 -41 44 -43 -44 -11 50 -33 -23 -17 -37 -20 52 -18 54 -54 -25 57 -57 -32 -29 -55 -62
right_child=3 7 4 6 17 11 15 10 9 12 31 35 13 14 -16 16 19 -19 29 20 -22 47 23 55 -26 -27 -28 59 -30 -31 58 46 -34 -35 -36 49 -38 -39 -40 40 -42 42 43 -45 -46 -47 -48 -49 -50 -51 -52 -53 53 60 -56 56 -58 -59 -60 -61 61 -63
leaf_value=-0.038758117726488399 0.011053310888531072 -0.029936444714826857 -0.054742187928601416 0.011218226143413579 -0.03131853813766744 0.01354176638311739 -0.0075332338182953667 0.0062963059093686718 0.0050517756366951954 -0.0086251667539814624 -0.0096622449939656203 -0.052685380211635817 0.014132983563085628 -0.026680746539513019 -0.0033411856351315025 -0.01479893336052306 0.011756995540955929 -0.047743426818113381 -0.0047043462009219543 0.012667561284618049 0.019858449224839106 0.0031828554271192185 -0.051084568629240185 0.0075944198961180823 -0.012500201216248133 0.020817087455541054 0.0010656567564413908 0.010715492635955908 -0.016168479124469622 0.01474704467567859 -0.01943322423702282 -0.0050531858786874821 -0.022672619833846649 0.01609394002410891 0.0024798138082440164 6.6152182628579631e-05 -0.011006175323993072 -0.0046555958592789885 -0.021023008075486224 0.022090681159886258 0.0022253127835153335 -0.022009702980053947 0.0095777323507850818 -0.0076405669967480666 -0.026656269852279951 0.010527102313094942 -0.016453878153474901 -0.0060342352411841436 0.0038791677359173954 -0.011108186690752069 0.007385758502655184 0.015992415776167102 0.003618473274016651 0.0053668155772896228 0.013457970981304267 -0.001577115556208986 0.011887199396419992 -0.012116139493791186 -0.035952152280700006 -0.0022555343646320013 0.0073805278899772807 -0.0086407819995000905
leaf_weight=20.051827194169164 221.52211546897888 49.835050567984581 68.963559929281473 125.78187920153141 130.21841858886182 38.858310766518116 64.042640924453735 101.32348867505789 412.27887281775475 34.027638476341963 454.51943568885326 5.0337414629757431 42.615996420383453 35.048804104328156 57.927946493029594 40.066038534045219 123.05645737051964 25.445283958688378 53.925780013203621 135.75359926372766 107.23053562641144 662.66203471645713 15.018789082765577 30.114767245948315 48.89496897906065 195.14929339289665 82.160849079489708 29.823316358029842 119.90610936284065 152.46746230125427 114.8455950608477 486.79333570972085 43.036380782723427 28.089946590363979 430.70367340743542 112.20599794201553 18.533707210794091 74.791002750396729 87.964046390727162 14.722849622368811 163.24137676134706 19.10180975496769 25.601080182939768 66.81431382521987 29.592909310013056 145.66084538400173 39.163716001436114 60.111365899443626 19.94217874109745 52.644168384373188 68.355193540453911 45.064365833997726 74.509713932871819 1081.6331908851862 128.19472923874855 173.46215750649571 16.927758865058422 75.737584482878447 17.499277237802744 135.43851068243384 48.529425635933876 55.848208427429199
leaf_count=144 448 91 124 88 391 83 79 706 131 139 1856 10 40 13 120 136 170 57 70 88 76 1393 36 37 190 165 73 71 185 56 330 2872 140 73 744 900 234 1076 583 38 584 57 50 310 146 88 158 119 39 586 42 8 202 1080 244 744 29 233 85 249 59 78
internal_value=0 -0.0128797 -0.0215823 0.00474719 -0.0334179 -0.00898131 0.00743346 -0.00848018 0.00111422 -0.000250142 -0.00676399 -0.00162225 -0.00165391 -0.000595242 -0.0121393 0.00578886 0.00616835 -0.0283118 0.0126527 0.0072831 0.0121074 0.000231667 -0.00254808 -0.00557541 -0.021567 0.017055 0.00829327 0.002829 -0.0190862 0.00959303 -0.0264287 -0.00819697 -0.0107876 0.0019466 0.00117643 -0.00527447 -0.0199084 0.00155693 -0.022255 0.00766095 0.00386876 -0.00944531 -0.00597533 -0.00266111 -0.0170123 0.00666024 -0.0059021 0.00241629 -0.0073645 -0.00350232 0.00205404 0.00632234 0.00603408 0.00552696 0.00984119 -0.00231346 -0.00358528 -0.00478017 -0.0216174 8.52303e-05 0.00478961 -0.00119182
internal_weight=0 2061.63 692.264 5576.85 356.972 335.292 3206.17 1369.37 2370.69 1971.2 1199.63 227.276 1558.92 1383.78 92.9768 2464.83 2400.78 288.009 741.34 1881.98 325.145 1290.81 568.034 360.156 63.9138 320.931 217.914 207.878 169.741 420.409 262.563 1023.51 497.556 518.802 490.712 188.418 23.5674 176.114 108.016 399.486 177.964 175.138 111.517 92.4154 63.6205 267.942 525.957 722.773 60.0082 164.85 122.281 1556.84 1511.77 1388.72 202.704 296.242 266.128 249.2 132.345 165.262 1186.01 104.378
internal_count=19446 10611 3527 8835 987 2540 3658 7084 5177 4107 6808 1813 3976 3274 133 3149 3070 863 509 2078 237 3141 1629 1269 226 253 161 360 276 256 806 5026 1996 992 919 1730 244 1782 727 1070 622 702 417 360 285 200 3030 1512 175 1486 112 1841 1833 1663 446 1043 1006 977 415 320 1217 137
cat_boundaries=0 20 40 63 83 102 121 141 160 161 180 200 219
cat_threshold=0 32768 269484032 1207968000 65536 0 0 2097152 0 0 37748736 2097424 2977959936 134217728 102563840 0 0 0 32 128 2 0 2508194304 32 73776 0 0 0 0 0 0 0 0 0 16384 8388672 34078720 0 0 32773 4194304 553648128 1073741824 0 0 0 4096 2097152 0 0 524288 2415919104 1074003969 134217728 16789888 0 0 0 1024 0 0 0 128 1050624 1073741920 0 0 65696 4096 8224 0 0 0 3584 2097152 0 0 4096 2147484180 262272 98 16448 65536 2162688 2129920 0 0 32768 2621440 0 201326592 0 0 16785920 26113 1075200 584 2097153 8226 2048 0 72 0 0 1073741824 0 134251648 0 536870912 0 0 0 0 25165824 0 0 0 20 0 0 131088 0 0 25165825 0 524544 33554432 132 0 0 4194320 0 2147483648 0 554172416 2 33554432 1073744896 16384 536870924 16 524348 256 524288 2 134250624 0 0 0 65536 1611139141 4096 0 0 0 2147483648 67108868 805306880 4194370 8194 8786226 0 0 0 0 0 0 0 0 0 0 0 0 0 0 2147483648 4 536870912 0 2 0 0 0 0 256 0 0 0 0 0 0 0 0 536870912 0 0 3072 0 0 16 134217728 1048576 0 0 0 0 0 4194304 0 0 0 1073741824 2 0 0 4194304 0 0 33554432
is_linear=0
shrinkage=0.05


Tree=47
num_leaves=63
num_cat=9
split_feature=66 3 67 0 67 0 68 67 0 0 0 0 8 67 67 64 67 66 60 1 57 49 0 68 67 57 47 63 54 47 68 63 57 70 66 9 51 3 58 64 71 26 0 42 57 64 70 0 21 9 3 66 71 8 8 17 64 14 70 70 3 67
split_gain=177.527 23.5833 37.053 20.225 17.9711 17.9018 10.8168 7.88043 6.7805 6.71336 5.35679 4.94094 4.8902 4.38206 3.78763 3.42728 3.22139 4.11833 3.11638 2.64719 4.17643 3.45279 2.4716 2.45818 2.39017 2.38018 2.60476 2.37375 2.62918 2.37009 2.29588 3.0421 5.64172 2.29472 2.26517 2.26343 2.23463 2.21599 2.07865 4.21332 2.01503 1.92583 1.92145 1.87966 1.8753 3.34915 1.80064 1.75938 1.83447 3.24735 1.70161 1.67354 2.36327 1.64012 1.60578 1.57244 1.5686 2.26711 1.55291 1.53714 1.51362 1.49919
threshold=37.696666666666673 2019.5000000000002 11.040000000000001 0 612.35000000000014 1 0.83333333333333337 2.0050000000000003 2 3 4 5 4.5000000000000009 26.165000000000003 150.34000000000003 10.017500000000002 49.255000000000003 11.020000000000001 -338.39896078269675 2.5000000000000004 11.493377567327869 -83.044298942066305 6 0.41666666666666669 482.94500000000005 202.33001073413448 223.29518371158255 1041.7803030303032 97.754582012401372 -286.3635003549112 0.83333333333333337 114.3987878787879 3.0618460304258792 0.47030983853090669 27.358333333333334 6.735557395310444e-16 -101.71785225247685 2021.5000000000002 757.26329241655083 999.50000000000011 0.42130222893302399 -1.0000000180025095e-35 7 0.25000000000000022 -0.43188084654236553 14.120000000000001 19.688967947717089 8 -1.0000000180025095e-35 -3.2320508075688776 2010.5000000000002 74.113333333333358 -1.9569961451486648 3.5000000000000004 2.5000000000000004 0.68301270189221941 44.060000000000009 -0.68301270189221908 1.6669383919754936 1.244823720213853 2019.5000000000002 7.3500000000000005
decision_type=2 2 2 9 2 9 2 2 9 9 9 9 2 2 2 2 2 2 2 2 2 2 9 2 2 2 2 2 2 2 2 2 2 2 2 2 2 2 2 2 2 2 9 2 2 2 2 9 2 2 2 2 2 2 2 2 2 2 2 2 2 2
left_child=1 5 7 24 8 15 13 -3 12 38 36 37 35 -4 22 -1 17 40 27 20 21 -20 53 -15 51 26 29 28 -11 -21 -16 32 -32 -9 -18 -5 -7 42 39 -6 41 -8 -10 54 -19 -46 -31 -12 49 -49 -50 52 -2 55 -40 -13 -25 -58 -30 -56 -14 -35
right_child=3 2 6 4 9 10 16 33 11 18 47 14 60 23 30 -17 34 44 19 25 -22 -23 -24 56 -26 -27 -28 -29 58 46 31 -33 -34 61 -36 -37 -38 -39 43 -41 -42 -43 -44 -45 45 -47 -48 48 50 -51 -52 -53 -54 -55 59 -57 57 -59 -60 -61 -62 -63
leaf_value=-0.033994629109745059 -0.027471770062790959 -0.056875767797181502 -0.015794231836454498 0.0075150487280403041 0.015154948817130108 0.022303926098511857 -0.017989885807377141 -0.045440028420948131 -0.014235726564264181 0.0062917397855222108 0.00027363771740390134 0.0061015914294507171 0.0058681341656121426 0.00056448875849537125 0.0060901096859551727 -0.017437500099981251 -0.046761571424599559 -0.012111958034229224 -0.014586656240889881 0.014016979658475124 0.010495971887928801 0.0043277244632200689 -0.0026871127576912038 -0.0062171522152186971 -0.021289223862982643 -0.00024976043976892036 0.015641816964020564 0.0076131888157295021 -0.0012858147482036027 0.0063695258284754627 -2.3212586280408574e-05 0.0033232282576645014 -0.028230632406034614 -0.035058355439554829 -0.024367038180726799 0.015748214701492746 0.0043206923126439993 0.0076154788730973732 0.020281521531277616 0.0019589248843947934 -0.016771878973713399 -0.040736435048026834 -0.0031876447382496865 0.025021641899077143 -0.033954504274555077 -0.013055658590764472 0.01335562415351756 -0.0097593204798323441 0.002013605223003272 -0.056507998193354891 -0.0074262707314882437 -0.0042798316270921061 -0.0074825205684643809 -0.0012622367718193471 0.0051399325842461391 0.023594474325534971 -0.0060442401194363074 -0.025526116638174064 -0.015554337744638994 0.016008695590505936 -0.0022650786756276569 -0.024821360316402256
leaf_weight=44.228255974128842 21.691452529281378 38.425223364494741 147.61699946038425 154.74587774276733 190.81157618761063 20.512834616005421 12.93826663866639 26.188596107065678 51.021322138607502 47.815318942070007 143.77665258012712 75.623455692082644 141.69279192388058 112.28690699487925 686.87623037397861 106.55447302013636 14.883683331310747 202.25809979066253 45.795934319496155 163.21881574392319 86.531651988625526 50.996633768081665 439.49416009150445 213.44287995062768 36.59055458009243 65.6433235257864 151.09665450453758 94.511947154998779 36.899179473519325 644.13161739706993 98.377032078802586 991.13370271772146 21.622779592871666 64.225039690732956 46.78658983297646 181.25883577764034 109.43037085607648 31.784342803061008 86.192831605672836 88.56554114818573 25.23394881002605 33.138588538393378 172.0169212706387 58.71734993159771 31.213942941278219 49.684568280354142 107.64992028474808 15.00774787925184 58.417172623798251 4.9367091357707968 261.14727009087801 138.9654002264142 46.449164129793644 66.334754012525082 55.265753120183945 15.475617770105599 31.171531826257706 28.66605025716126 39.462716668844223 79.077256113290787 95.937008984386921 80.707668117247522
leaf_count=303 56 64 372 267 95 62 29 157 82 37 1607 265 428 74 304 878 41 531 40 113 77 68 1345 241 114 80 153 79 44 586 235 1934 56 175 169 274 553 75 46 65 90 161 853 51 51 283 11 222 285 2 3166 485 104 548 75 27 39 92 61 61 328 200
internal_value=0 -0.012888 -0.0173841 0.00473691 0.00537986 -0.00606837 -0.0131836 -0.0364137 0.0030477 0.00899835 -0.00204538 0.00195219 0.00793578 -0.00846848 0.00266086 -0.0209075 -0.0192249 -0.01739 0.00712254 0.00808807 0.00251425 -0.00462133 -0.000779004 -0.00566377 -0.00913372 0.00899094 0.00955992 0.00164213 -0.00290247 0.0085556 0.00381767 0.0024129 -0.00510591 -0.031819 -0.0297718 0.0119565 0.00664792 -0.00455715 0.0137744 0.0109717 -0.0281294 -0.0343493 -0.00649614 0.0170716 -0.0146854 -0.0211193 0.00736989 -0.00447017 -0.00642945 -0.0213307 -0.00570064 -0.00742715 -0.0138458 0.00443657 0.014955 0.00907323 -0.00822286 -0.0153773 -0.00865958 0.0115375 0.00258456 -0.0293578
internal_weight=0 1922.88 1158.87 5559.48 5315.78 764.011 949.322 209.547 3223.39 2092.38 613.229 2649.76 573.635 533.184 2394.94 150.783 416.138 354.467 1533.75 1315.06 183.324 96.7926 596.928 385.567 243.697 1131.74 1066.1 218.689 124.177 915 1798.01 1111.13 120 171.121 61.6703 336.005 129.943 254.823 558.63 279.377 71.3108 46.0769 223.038 279.253 283.157 80.8985 751.782 483.286 339.509 19.9445 319.564 207.106 68.1406 157.434 220.536 91.0991 273.28 59.8376 76.3619 134.343 237.63 144.933
internal_count=19369 9847 2769 9522 8763 7078 2173 596 7021 1742 5897 5724 1297 818 4714 1181 1355 1145 1349 1128 185 108 2185 446 759 943 863 221 142 710 2529 2225 291 532 210 541 615 1010 393 160 280 190 935 233 865 334 597 5282 3675 224 3451 645 160 840 182 292 372 131 105 136 756 375
cat_boundaries=0 20 40 60 81 100 121 140 161 177
cat_threshold=1179648 0 128 0 0 33554464 65536 0 0 2151677952 0 1073741824 18 35127296 0 272629760 1610743808 36864 671088646 272 0 16 269484032 134218241 0 0 0 2097152 0 0 100663296 304 3506442240 134218752 236781568 0 0 0 1072 128 2 32 16777216 1073741824 69808 0 8 0 0 262656 3584 2097152 128 0 0 8388608 2147484192 100728924 33554496 98304 2 0 2508193792 48 82176 0 1 0 0 0 0 0 0 0 0 8388688 34078720 134217728 0 4 8 0 3178496 1082130432 0 134251648 2099200 0 0 0 0 18884608 94635013 0 0 2149580800 1073741842 0 0 131136 0 128 276824065 34 17664 2097152 6 4194312 131072 16 0 0 1 2701131776 131104 100663296 8388736 128 0 131076 32 268435456 1208483840 1048576 0 33554432 2048 3072 2147483648 0 0 106496 537133056 1049088 268435464 3 8865 2048 0 256 0 0 0 2 16640 0 4 0 0 0 0 0 1 0 0 0 128 128 0 4 32 1344339968 1073741824 2164260865 128 0 32 50331648 75497472 131072 0 536870912 156168 83968 808 268435456 2080
is_linear=0
shrinkage=0.05


Tree=48
num_leaves=63
num_cat=9
split_feature=67 65 66 3 66 67 72 3 72 67 72 72 66 67 72 23 56 18 51 56 72 3 70 10 65 1 55 63 1 70 66 1 70 70 69 47 60 66 8 67 73 65 56 57 9 63 60 70 64 50 56 72 67 73 70 1 65 10 65 58 19 66
split_gain=155.591 29.3363 23.3185 10.5415 10.0968 9.74876 9.46425 8.17579 8.02382 7.09873 5.57649 5.41429 5.2075 5.65315 5.07874 4.79007 5.02844 4.37513 4.16008 3.93605 3.30522 2.91771 4.45169 2.90871 2.6096 2.38951 2.56695 2.25372 2.16638 2.14104 1.96796 1.91848 1.85325 3.66303 1.76646 1.80321 1.74767 1.72001 2.58611 1.71973 1.68617 1.70297 2.27884 1.84888 1.67048 2.83701 1.65596 1.60895 1.83873 2.02522 1.72174 1.9006 6.58798 1.72111 3.36763 1.87424 1.60586 1.5917 1.49065 1.48371 1.48079 1.45709
threshold=74.090000000000018 10.045000000000002 179.01000000000002 2018.5000000000002 9.4166666666666696 13.210000000000003 0 2014.5000000000002 1 4.0400000000000009 2 3 1.0000000180025095e-35 3.0600000000000005 4 -1.0000000180025095e-35 11.788591243309307 0.6830127018922193 -1.0662238423249482 9.7228809275824499 5 2018.5000000000002 2.0932666872230974 -6.2810889132455339 676.85500000000013 1.5000000000000002 -96.144516972610646 267.44333333333338 4.5000000000000009 1.6469521403166285 37.696666666666673 11.500000000000002 2.1655964000624777 2.4676506080014855 0.83333333333333337 -13.265841156372566 8.3968302005383251 69.231666666666683 2.5000000000000004 34.080000000000005 6 15.030000000000003 21.057526920083514 -8.2582765655503163 -6.0310889132455356 1435.5879166666668 -45.285354817468594 11.22119526388723 1176.1325000000002 217.56746924022312 709.25134162537086 7 1649.5800000000002 8 4.0023545706371202 5.5000000000000009 72.075000000000017 1.0103336092965665e-15 104.74000000000002 633.19006404505433 1.0000000180025095e-35 6.7666666666666684
decision_type=2 2 2 2 2 2 9 2 9 2 9 9 2 2 9 2 2 2 2 2 9 2 2 2 2 2 2 2 2 2 2 2 2 2 2 2 2 2 2 2 9 2 2 2 2 2 2 2 2 2 2 9 2 9 2 2 2 2 2 2 2 2
left_child=1 4 8 11 7 12 21 -1 -2 -9 27 25 -5 -14 37 16 -16 34 39 29 -13 28 24 -7 -23 -3 -27 58 -4 -20 32 -22 46 -34 35 -11 -18 56 57 -6 -17 42 43 -42 45 -30 -25 48 50 60 51 59 53 54 55 -53 -10 -39 -8 -12 -50 -37
right_child=2 3 6 5 18 23 10 9 14 17 47 20 13 -15 15 40 36 -19 19 -21 31 22 -24 30 -26 26 -28 -29 44 -31 -32 -33 33 -35 -36 61 -38 38 -40 -41 41 -43 -44 -45 -46 -47 -48 -49 49 -51 -52 52 -54 -55 -56 -57 -58 -59 -60 -61 -62 -63
leaf_value=-0.001524772704792908 0.0067605878936818414 -0.019736769089292002 0.0095657352745329265 0.0037790707784388002 -0.013853655146349529 -0.0031948739383737602 -0.017894906914571813 -0.046802464044754737 -0.026643624884589552 -0.0029640447320308239 0.0068791451769716974 -0.014778673705240573 -0.053338382172428415 -0.023104722980213793 -0.027844130131580866 0.0036709513140419331 -0.014609193331953131 -0.048146776087957935 -0.013824758799552717 -0.0072188331943015332 -0.0022994272892074958 -0.0064413286939337192 0.01365330730908898 -0.023945506439744364 0.0067022505147117314 0.033596199616674004 0.0062897231578787575 0.002217310845535894 0.0055334003909549645 -0.033752018798508351 -0.0046971802160100358 -0.015642930842247143 -0.032752386210968577 -0.01332502863072621 -0.031389458488289917 -0.026564940006289374 0.0043727560664620175 -0.0060435119080318872 0.0021851529956259169 -0.0026764148176775318 -0.010050493389465589 -0.0005820907793577094 -0.00023627065009222746 -0.042170981538986158 0.022876097377336729 0.019545153143509349 -0.0090766529722118867 0.010038468315821608 0.014964363196004131 0.0035592041556743027 -0.0052964915828736725 -0.0013693969142292125 -0.015312506124895056 0.0058835633993093257 -0.010789898641219094 0.0080295458974050538 -0.009012643829500646 -0.021433654482043721 -0.003103697002286718 0.014363523323503555 0.0058873943170583733 -0.013356188143959884
leaf_weight=25.161052213981748 308.53264328837395 7.9808701649308196 129.2049448043108 14.646421656012533 83.453931502997875 144.84508091770113 20.751933000981808 57.80133418366313 26.964511945843697 12.777934564277528 637.63676655292511 72.100885253399611 18.33804745040834 98.563639902509749 32.472430750727654 229.97129321098328 19.397337216883898 21.482097947970033 17.93885862082243 29.881448635831475 331.41555130667984 51.391856849193573 216.13288924098015 20.041558999568224 142.42134591937065 9.394504249095915 102.60484286397696 378.32320106774569 57.185813143849373 54.222067054361105 99.284420590847731 29.320653829723597 28.923962725326419 150.58511723764241 57.631916177459061 74.660744692198932 32.347941968590021 35.381476540118456 44.460747689008713 58.563395010307431 10.168164242058994 898.68062254786491 21.831021439284086 8.008659038692711 92.383828610181808 98.093865215778351 285.17349411919713 251.05285381153226 145.97231024503708 100.97041535377502 37.969381347298622 95.790513023734093 41.979419082403183 886.9096257686615 48.202410824596882 118.84850919246674 24.787228610366583 31.990241345018148 95.064652986824512 73.891773074865341 64.912300169467926 28.983954655006528
leaf_count=91 743 68 93 30 309 523 90 210 51 94 1031 869 63 406 19 99 67 75 70 187 3723 84 94 99 119 16 712 566 60 151 202 389 57 239 292 288 84 58 201 174 80 2687 123 51 98 81 1109 85 137 107 63 185 56 984 81 232 58 56 200 47 25 74
internal_value=0 -0.0120799 0.00439845 -0.00833699 -0.0222023 -0.0117984 0.00659427 -0.0287085 -0.000419757 -0.0314083 0.00525299 -0.00294964 -0.0243261 -0.0278474 -0.00201726 -0.000897453 -0.0124213 -0.0268578 -0.0147779 -0.022479 -0.00549653 0.0114926 0.00871929 -0.00953734 0.00321708 0.0061814 0.00858019 0.000342076 0.0148142 -0.0287982 -0.0111104 -0.00329271 -0.012424 -0.0164553 -0.0242302 -0.0206863 -0.00274285 -0.010048 -0.00717451 -0.00924452 -7.46812e-05 -0.00102057 -0.011125 -0.0242027 0.0175523 0.014385 -0.010053 0.00621684 0.0058186 0.00938231 0.0052461 0.00545642 0.00410844 0.00485327 0.00111063 0.00383492 -0.018199 -0.0133512 -0.00575398 0.00755028 0.0121704 -0.0228711
internal_weight=0 1935.78 5510.08 1413.22 522.559 860.402 3785.09 278.499 1724.99 253.338 2998.28 552.817 131.548 116.902 1416.46 1252.88 84.2177 195.537 244.06 102.042 432.837 786.815 409.946 728.854 193.813 119.98 111.999 494.14 376.868 72.1609 584.009 360.736 484.724 179.509 174.055 116.423 51.7453 163.584 111.832 142.017 1168.66 938.688 40.0078 18.1768 247.664 155.28 305.215 2504.14 2253.08 311.855 1941.23 1903.26 1191.73 1149.75 262.841 214.639 51.7517 67.3717 115.817 711.529 210.885 103.645
internal_count=19415 10520 8895 8505 2015 2728 4518 1124 4377 1033 3889 5777 499 469 3634 3210 170 823 891 408 4981 629 297 2229 203 796 728 856 332 221 1706 4112 1504 296 748 456 151 424 315 483 3040 2941 254 131 239 141 1208 3033 2948 269 2679 2616 1538 1482 498 417 109 114 290 1078 162 362
cat_boundaries=0 23 45 68 89 111 133 134 156 157
cat_threshold=2097152 0 0 0 0 0 18432 0 0 524288 33554432 1392 0 0 2181038080 18944 545259840 0 0 0 8 0 545 0 67108864 285229056 0 262144 0 0 0 0 0 5184 0 134742016 2048 524288 1152 2751463424 0 2097152 268845056 2228264 1107296256 32 0 268435456 278528 0 0 0 0 0 268435456 1024 0 1085603840 537963152 0 41943184 0 129 0 4096 131200 72 64 1073742337 0 2214596608 128 4194304 0 24576 0 0 16 2102272 33685504 256 32 229376 0 872939522 0 524288 131072 369099264 0 524288 10485760 131072 0 0 2048 0 64 0 9 32 1073741856 163840 16777216 276824576 8704 1280 1073741824 0 786432 32768 2684354560 37883138 4 512 67108864 0 0 0 16908352 4256 1065232 134217728 0 64 0 0 65536 0 294912 0 0 917504 8781824 32768 0 536870912 4096 0 0 12288 0 0 67108864 16777408 4096 268959744 0 536870940 32774 67641360 2 0 209748992 2048 32 37750272
is_linear=0
shrinkage=0.05


Tree=49
num_leaves=63
num_cat=10
split_feature=67 64 67 0 0 66 82 10 0 57 71 66 1 0 65 90 1 77 50 50 66 73 0 67 54 67 56 46 5 8 57 0 1 0 8 51 40 0 45 67 57 71 0 53 63 67 36 50 52 50 67 64 58 57 24 65 71 66 71 8 91 65
split_gain=142.109 25.142 21.8243 16.6407 10.8048 6.46418 6.46209 6.29565 4.68747 4.25713 3.8491 3.70962 3.44529 3.29042 5.74384 12.9632 4.63553 3.25498 3.31881 3.21207 3.10687 3.04278 2.68489 2.54477 2.53333 2.50548 2.99169 2.43833 2.43386 2.40615 2.38343 2.07956 2.44704 2.07079 2.46131 2.00539 2.4587 1.99358 2.72537 1.97831 1.97627 2.32219 2.96531 2.90145 2.48142 1.99314 1.95401 2.32744 1.86236 2.27756 2.28642 1.84179 1.8272 1.81986 1.70051 1.69284 1.63972 1.53907 1.50341 1.44575 1.44483 3.18748
threshold=76.280000000000015 25.532500000000002 17.970000000000002 0 1 271.65500000000003 1.0000000180025095e-35 8.5801270189221945 2 -0.43188084654236553 -39.059083534911458 9.4166666666666696 1.5000000000000002 3 8.0250000000000021 1.0000000180025095e-35 9.5000000000000018 1.5000000000000002 -23.747187516520601 42.367513860594116 1.3466666666666669 4 5 33.050000000000004 4.2791936707113249 482.94500000000005 709.25134162537086 -0.68301270189221941 0.6830127018922193 3.5000000000000004 46.000801890318932 6 9.5000000000000018 7 1.5000000000000002 -5.4921425380409508 -0.68301270189221941 8 -0.93301270189221919 3.0600000000000005 263.8353026734581 36.730872891951606 9 -275.91278886967388 1190.5390909090911 874.49500000000012 1.0000000180025095e-35 -91.020061322952643 37.727815128764206 -4.5995641154905416 4.0400000000000009 10.017500000000002 285.82809911089754 38.666103653325706 0.6830127018922193 710.2850000000002 -25.874541690585598 143.30833333333337 -3.2787019679810281 3.5000000000000004 1.5000000000000002 1.0250000000000001
decision_type=2 2 2 9 9 2 2 2 9 2 2 2 2 9 2 2 2 2 2 2 2 9 9 2 2 2 2 2 2 2 2 9 2 9 2 2 2 9 2 2 2 2 9 2 2 2 2 2 2 2 2 2 2 2 2 2 2 2 2 2 2 2
left_child=1 2 6 12 10 13 7 17 56 23 -5 48 -2 29 15 16 -15 18 -1 22 -8 58 -12 60 -9 26 30 -11 -25 -6 59 32 -27 -29 -35 36 -20 -13 -39 -37 41 42 43 -7 -45 52 47 -24 49 50 -10 -30 -44 -21 -23 -34 -3 -32 -16 -14 61 -4
right_child=3 8 9 4 5 40 20 24 11 27 19 37 25 14 21 -17 -18 -19 35 53 -22 54 46 28 -26 31 -28 33 51 -31 57 -33 55 34 -36 39 -38 38 -40 -41 -42 -43 45 44 -46 -47 -48 -49 -50 -51 -52 -53 -54 -55 -56 -57 -58 -59 -60 -61 -62 -63
leaf_value=0.011449080413904177 -0.0025222319854069893 0.024928332386149287 -0.038319271725967698 -0.026289026172509139 0.0089776528264865329 -0.0093743458100520091 -0.055603085510741335 -0.045880763018991265 -0.034640981397195778 -0.034000225898150653 -0.0017738794125446219 0.00019522182611315781 0.0080241764812309779 -0.015632598100372576 -0.0019389281917609154 0.0082364895101260504 -0.050731004879419887 -0.040478541427758058 0.0059711846469257457 -0.0022689767865259956 -0.031971206178460346 2.1201714901190098e-05 0.0048859281295495468 -0.0039575743156672642 -0.021299909553817078 0.010377332732839757 -0.0066727792364422349 -0.001182382377465785 -0.0068989240509144375 0.00093694329158884474 0.024008751316471493 0.0087988897204606398 0.015106486719875023 -0.037837480870340563 -0.017064691061112466 -0.037253716244746542 -0.017283058807237274 -0.030472747285533414 -0.0060359451974617805 -0.021178910022588079 -0.0046007273236104229 0.01266108567710243 0.0058356181875291379 0.0018936785949773679 0.015998550674196848 0.0091717998952244965 -0.027480296967988888 -0.015470234374664949 0.0019146536085625637 -0.0086778858351808687 -0.01562080720837737 -0.02514726383630261 -0.00095531060578532545 0.015578708141310023 -0.007822616243606053 0.025495716580321161 0.0022228388284808668 0.0096804320510229871 0.0059965093689866751 -0.0025287622973637 -0.0083372403434925062 -0.01354508672522149
leaf_weight=8.7354772817343456 59.54804727435112 8.484591178596018 14.344538658857344 23.267988543957472 213.36535561084747 53.327456638216972 21.775755301117897 37.330375132150948 22.606070002540946 21.506062366068363 115.06096807122231 154.58522952534258 79.699595533311367 18.076708968728781 72.46913918107748 35.398734651505947 19.615247793495655 18.593590345233679 12.820831278339027 33.725325219333172 38.493842221796513 1094.1478524915874 18.111176669597626 254.51660818234086 14.574072958901523 129.6190297305584 42.237384401261806 33.18401688337326 29.284455234184861 164.9842595718801 28.079400062561035 594.29164424538612 90.125203251838684 17.062240421772003 86.822946146130562 21.881871271878481 100.23365418985486 11.73480476438999 411.90838661044836 152.75262091401964 50.096248731017113 105.77425663173199 805.48223245888948 407.42754559218884 33.76613387465477 416.13340038061142 22.782766789197922 62.496743693947792 17.519323302432895 67.242963859811425 52.483154151588678 26.196129223331809 112.94187773764133 24.775288075208664 73.755400266498327 69.4036605656147 126.54495074786246 56.358036324381828 338.38174541667104 54.751506213098764 108.66902188397944 136.82625797204673
leaf_count=73 87 13 42 14 303 89 21 131 88 46 329 1760 96 86 206 35 21 132 20 108 215 2521 44 432 142 128 118 20 34 488 59 455 71 18 420 95 559 36 2404 760 73 110 972 704 27 259 31 280 104 686 335 108 94 32 99 50 1121 106 590 191 61 729
internal_value=0 -0.0115254 -0.0163637 0.00395003 0.00247844 0.00316726 -0.0253361 -0.0228438 -0.00512173 -0.0111016 -0.00653896 -0.00663649 0.00912758 0.00119142 0.000209832 -0.0134918 -0.0338981 -0.0201853 -0.0189124 -0.00511577 -0.0405095 0.000845499 -0.0079023 -0.00908515 -0.0389788 0.00981343 0.00551056 -0.0183476 -0.00602606 0.00533051 0.0078615 0.0110853 0.0149627 -0.0158917 -0.0186785 -0.0198343 -0.0146459 -0.00486264 -0.00655804 -0.0231931 0.00520409 0.00545795 0.0050414 0.00160912 0.00297318 0.00625431 -0.0132676 -0.0108966 -0.0134682 -0.0153616 -0.0213469 -0.0155152 0.00500051 0.0052896 -0.000470126 0.0196264 0.0033979 0.0144453 0.00448757 0.00372678 -0.0127348 -0.0158959
internal_weight=0 2028.71 1155.6 5519.48 4315.36 4015.14 427.192 366.922 873.109 728.412 300.22 738.08 1204.11 2030.19 1651.84 73.0907 37.692 315.018 296.424 276.952 60.2696 1578.75 218.452 569.837 51.9044 1144.57 261.126 158.575 309.997 378.35 218.889 883.44 289.148 137.069 103.885 287.689 113.054 578.228 423.643 174.634 1984.95 1934.85 1829.08 494.521 441.194 1334.56 103.391 80.6079 159.852 142.332 75.0892 55.4806 918.424 58.5006 1167.9 159.529 135.03 84.4374 410.851 134.451 259.84 151.171
internal_count=19481 10605 4058 8876 7515 6677 2148 1912 6547 1910 838 5413 1361 4349 3558 142 107 1639 1507 824 236 3416 684 1406 273 1274 570 504 574 791 452 704 249 458 438 1434 579 4200 2440 855 2328 2255 2145 820 731 1325 355 324 1213 1109 423 142 1066 140 2620 121 1134 165 796 287 832 771
cat_boundaries=0 21 42 61 83 84 103 120 140 158 178
cat_threshold=2 32 3581936128 48 81936 0 0 0 0 0 1024 0 0 0 16384 8388624 2185756672 201523200 4202496 98304 16 134381568 1048576 0 0 0 33554432 65536 4194304 131072 4194304 0 67108864 0 587726848 0 268435456 1879179776 32896 14 16 100 0 0 0 0 66560 2099200 16777216 12582912 393216 0 16810496 25309252 10240 544 2149580800 20 2048 0 131144 0 1073741824 0 1073741824 4256 4096 8192 0 327680 524288 2560 2097152 0 0 2147487744 2147488260 17041664 98 147456 0 0 134217728 148112 134381568 0 0 0 0 0 0 0 131072 4194304 0 67108864 0 587202560 0 0 805437952 128 8 0 0 2508194304 0 65536 0 0 0 0 0 0 0 0 0 0 8388608 524288 0 805306368 0 0 0 0 0 0 0 0 0 0 128 134217728 2048 0 0 0 0 128 1075904512 0 2147483648 0 32768 524288 33554432 201326592 0 0 135274496 67193857 98304 341 67108865 1073741856 0 2147483648 2147483708 256 524288 0 160 0 0 0 16384 1342703621 0 0 0 0 2147483648 256 25165954 4194304 268435584 1
is_linear=0
shrinkage=0.05


Tree=50
num_leaves=63
num_cat=11
split_feature=66 0 3 66 66 0 69 0 66 71 0 66 66 0 71 70 0 54 10 56 70 0 71 0 4 73 66 50 60 63 69 57 80 36 50 45 1 71 0 53 69 71 3 3 50 56 3 17 0 18 8 9 9 60 69 9 45 56 54 66 63 57
split_gain=129.977 18.7259 18.1343 31.0166 14.4815 14.3585 9.94274 9.28467 5.38467 5.33395 5.20082 4.82455 4.78896 4.76129 4.71324 4.92635 4.50626 3.30818 3.30267 2.98134 3.64715 2.88026 2.74103 2.63881 2.56432 2.48931 2.4578 2.42619 2.37512 2.69093 2.35726 2.26951 2.07845 2.07152 1.94269 1.91077 1.88854 2.07462 1.8747 1.86116 1.79574 1.94407 1.79206 1.77362 1.76175 1.71898 1.64563 1.6388 1.60024 1.57519 1.54834 1.53071 1.52109 1.57635 1.46525 1.45288 2.06653 1.41613 1.90408 1.40498 1.35454 2.22472
threshold=28.02833333333334 0 2019.5000000000002 4.6683333333333339 384.76500000000004 1 0.58333333333333337 2 0.68333333333333346 -0.86879901392656211 3 10.750000000000002 62.823333333333338 4 -0.86879901392656211 3.247803821656051 5 9.9415108633672009 13.428203230275509 7.996620390219249 2.2260757675504226 6 -56.302918675884143 7 0.68301270189221941 8 1593.8025 -85.365193108462549 -338.39896078269675 65.940333333333356 0.58333333333333337 -43.169931168694596 1.0000000180025095e-35 -0.93301270189221908 -2.1234720575007766 1.8369701987210299e-16 11.500000000000002 15.124018671626095 9 -42.448822228288684 0.58333333333333337 -2.2547218208956834 2019.5000000000002 2010.5000000000002 -446.72002105454936 481.98541581178273 2020.5000000000002 1.8369701987210299e-16 10 0.6830127018922193 6.5000000000000009 -7.0000000000000027 -3.0000000000000013 3.1646357151044389 0.83333333333333337 -23.499999999999996 -0.6830127018922193 796.72395862768246 286.26391139377171 2.0266666666666668 14.422619047619049 -2.2987292777022414
decision_type=2 9 2 2 2 9 2 9 2 2 9 2 2 9 2 2 9 2 2 2 2 9 2 9 2 9 2 2 2 2 2 2 2 2 2 2 2 2 9 2 2 2 2 2 2 2 2 2 9 2 2 2 2 2 2 2 2 2 2 2 2 2
left_child=2 9 5 8 7 60 -5 22 -4 17 26 18 23 31 15 35 28 -2 46 -16 32 44 -3 43 27 -18 -6 -19 -14 -30 59 -7 -21 -23 45 -13 37 48 -11 -24 -25 42 -42 -9 -12 50 -8 -41 -15 55 -31 -32 -48 -54 -46 -27 -57 58 -35 -10 61 -1
right_child=1 4 3 6 10 13 11 12 30 38 21 14 16 36 19 -17 25 24 -20 20 -22 33 39 40 -26 49 -28 -29 29 34 51 -33 -34 57 -36 -37 -38 -39 -40 47 41 -43 -44 -45 54 -47 52 -49 -50 -51 -52 -53 53 -55 -56 56 -58 -59 -60 -61 -62 -63
leaf_value=-0.016973030962816701 -0.029596742244540848 0.020012687585716449 -0.056458950259605803 -0.0046781388381417609 0.010417152968388996 0.029454766998846756 -0.033398044654376194 0.019058035464733138 -0.033255592437850014 -0.010573115306838897 -0.0066895195799721134 -0.022594626060779721 -0.019335070840987494 0.0023714283616338818 -0.0063460388082759202 -0.043882917469545743 0.0057686503667106724 0.0047603571444534126 -0.048580138215035103 -0.014677167177528171 -0.02787146505989296 0.014557278374789298 0.0025076058945713024 0.0014026536662317278 -0.0257735985085597 -0.0082958871181747201 0.019649741617655554 -0.013708829936515158 -0.019744181609337306 -0.0056947260402503558 -0.057840866622977188 0.0060160450978915718 0.0038211341326428584 0.0062156316130283686 0.0045413392311013431 -0.0057011332756198747 -0.013979097491697269 -0.027014171504002007 0.00047256443318201063 0.0075928296768730114 -0.0020184891395282584 -0.0042560524921283344 -0.016565736992818148 0.001077596291346426 0.012552803235264587 -0.018052363484792115 -0.012190888914077179 0.017127339376034063 -0.0045551153139009159 -0.0021311516663113646 0.0060520567988848317 -0.036492294768511617 -0.029440348706479155 -0.014827256911426546 0.0025897469949041838 0.0085195309704324627 0.0019317810088951511 -0.0004222634967529145 0.011566534255161381 -0.018522462471424937 -0.017453750805776581 -0.037425126205495089
leaf_weight=25.572863627225161 34.075042422860861 44.407067686319351 30.247026883065701 246.90798393636942 257.27599248290062 12.301215652376412 25.869646637700498 15.276350140571592 34.622006584890187 45.204225897789001 46.917952001094818 52.588757451623678 22.904681228101254 111.91445758379996 171.94883127510548 22.336391130462289 505.5953663289547 27.521551102399826 12.623102709650992 62.627530502155423 45.07633919082582 87.738333746790886 154.48577591776848 92.714352145791054 24.323608953505754 30.915750809013844 100.14240700006485 50.243917252868414 21.115136858075857 104.35856477543712 10.171058312058447 64.375328715890646 20.04530299641192 1141.0242651775479 94.17221025750041 24.553051909431815 45.076032551005483 8.9361570551991445 131.09998076781631 272.907924503088 30.014786452054977 291.80057741329074 71.845398385077715 134.20225767046213 40.595302909612656 20.404571726918221 44.87022989243269 53.982897117733955 283.98836304433644 227.63057959079742 38.364957392215729 48.122818477451801 47.433911020867527 30.207214729860425 405.78516341745853 134.40816307067871 1041.4164363630116 67.603204309940338 194.60871544480324 30.380904755555093 85.68486868776381 27.698167636990547
leaf_count=207 86 46 56 124 241 44 229 102 45 44 50 319 37 1194 282 40 100 47 59 316 94 73 355 58 48 60 61 145 223 234 43 407 43 863 269 41 505 62 381 532 275 1210 167 927 52 61 108 84 2960 515 135 265 151 120 548 288 2147 59 171 66 640 163
internal_value=0 0.00335955 -0.0125611 -0.0169559 0.00400709 -0.00621763 -0.0130372 0.00193157 -0.0375543 -0.00840452 0.00704033 -0.0167216 0.000796689 -0.00218406 -0.0137747 -0.023205 0.00188598 -0.016107 -0.0240279 -0.0106445 -0.0164302 0.00593621 0.0079749 -0.00303038 -0.0116044 0.00276394 0.01265 -0.0071725 -0.00373427 -0.00258495 -0.0329167 0.00864841 -0.010192 0.00705663 -0.00117679 -0.0172177 -0.00417809 -0.00319001 -0.00293244 0.00703008 -0.00475977 -0.00633204 -0.0122792 0.00273236 0.00247687 -0.00447781 -0.0219392 0.00916736 -0.00265227 0.00167221 -0.00253712 -0.0402172 -0.0195196 -0.0237549 0.00349582 0.00240351 0.00268482 0.00663793 0.00699529 -0.0263697 -0.0199131 -0.0276071
internal_weight=0 6057.08 1626.18 960.632 5744.62 665.547 807.088 3402.92 153.544 312.468 2341.69 560.18 2877.14 526.592 399.176 99.4782 2241.29 136.164 161.004 299.698 127.749 1984.27 525.784 635.854 102.089 1939.97 357.418 77.7655 301.32 278.415 123.297 76.6765 82.6728 1490.97 257.3 77.1418 449.915 404.839 176.304 481.377 486.375 393.661 101.86 149.479 493.298 163.128 148.381 326.891 395.903 1434.37 142.724 58.2939 122.511 77.6411 446.38 1206.74 1175.82 1403.24 1335.63 65.0029 138.956 53.271
internal_count=19277 10694 8583 2401 9943 6182 1926 7825 475 751 2118 1802 6808 5172 1135 400 4069 326 667 735 453 1816 1017 2739 240 3110 302 192 959 922 419 451 359 1166 699 360 4721 4216 425 971 1710 1652 442 1029 650 430 608 616 4154 3010 369 308 379 271 600 2495 2435 1093 1034 111 1010 370
cat_boundaries=0 21 41 62 83 102 123 144 163 164 181 197
cat_threshold=131072 0 129 0 0 35651584 81924 0 0 2151677968 0 67108864 19 268435456 2 272630784 1611008000 32768 134217734 16 160 0 16 269484032 134234626 0 0 0 73400320 0 0 100663296 10485776 3506442240 1207959552 1900544 0 0 0 1072 128 2147483648 32 1048576 1073741824 4272 0 8192 0 0 0 3584 2097152 512 134217728 2147483648 1082130448 4 201392194 4341760 98304 4 0 0 360710144 0 65536 0 0 0 0 0 0 0 0 0 0 8388624 4718592 0 268435456 1 16 65536 0 3229614080 0 33920 2099232 0 0 131072 0 2097152 16777220 10240 67109376 0 16 0 0 131136 134807552 128 92798976 0 49152 1073741824 32896 0 0 536870913 0 0 0 588775424 32 260 384 4224 65536 5 80 1040 256 1074266112 0 34078736 134217728 0 0 2147483648 1342185476 0 0 0 0 2147483648 4 8388610 4194304 4194304 0 4 270565376 1211105280 0 134217728 0 2048 33554432 2285895680 0 0 16809984 288256 1050624 512 1 6186 0 0 64 409600 0 0 128 0 0 33554432 65536 0 0 0 0 0 16 0 0 1024 1610612736 1344274432 32768 16777217 1073741824 65536 0 16777216 524288 262144 0 0 869385 81920 8544 2149613568 1073743904
is_linear=0
shrinkage=0.05


Tree=51
num_leaves=63
num_cat=10
split_feature=66 66 63 64 0 0 66 52 0 0 0 73 45 40 49 68 70 57 5 65 60 77 57 68 56 58 71 55 48 0 10 0 47 64 65 65 5 57 10 65 10 70 40 10 49 32 70 60 0 50 71 66 50 21 17 70 71 71 0 70 64 60
split_gain=116.044 18.9999 15.5179 15.3865 8.80251 8.56268 7.15753 10.0967 5.65561 5.2486 4.47094 4.49035 4.12693 4.08721 3.38128 3.36812 3.41599 4.28506 3.19502 2.94284 10.7342 2.93737 2.91338 2.75396 2.74266 2.98666 2.77466 4.04632 2.47447 2.45369 2.31146 2.30204 2.18793 2.17984 2.55912 2.20232 2.06758 2.06262 2.57122 2.02299 4.00556 2.26149 1.92479 1.81948 1.75348 1.70094 1.99229 1.63655 1.63766 1.60182 1.58351 1.57727 1.57447 1.5642 1.58079 1.56012 2.12264 1.50298 1.49377 1.43371 1.40584 1.5466
threshold=37.696666666666673 13.370000000000003 293.46708333333339 20.572500000000002 0 1 2.0266666666666668 14.082572335908838 2 3 4 5 -1.0000000000000002 0.6830127018922193 404.03623940939002 0.58333333333333337 1.7482749718491668 -0.58333998707646917 0.6830127018922193 8.0250000000000021 -1.676503888949586 1.5000000000000002 -3.1418627675806592 0.83333333333333337 481.98541581178273 757.26329241655083 60.7809563481052 123.06188871144845 15.135689697239737 6 14.361215932167728 7 5.1339346711141909 2.1800000000000002 9.0250000000000021 31.010000000000002 -0.93301270189221919 -4.8231721250695561 -5.5000000000000009 693.13000000000011 8.8301270189221963 1.6851091736281865 -0.68301270189221941 3.2320508075688776 -269.96775203178026 0.6830127018922193 8.007164424627442 -338.39896078269675 8 -265.32076263316173 -12.684330640462891 1.3466666666666669 -7.8560196965599607 -0.6830127018922193 1.0000000180025095e-35 1.1683511608563051 -5.5955071007807691 -0.033714237345522403 9 2.0303179986501561 4.9800000000000013 -19.848189498948766
decision_type=2 2 2 2 9 9 2 2 9 9 9 9 2 2 2 2 2 2 2 2 2 2 2 2 2 2 2 2 2 9 2 9 2 2 2 2 2 2 2 2 2 2 2 2 2 2 2 2 9 2 2 2 2 2 2 2 2 2 9 2 2 2
left_child=1 3 5 6 14 37 7 51 -3 30 -7 -12 -6 21 -5 -10 58 18 32 20 60 28 -20 -19 25 31 27 -26 33 -21 39 -11 -18 -8 -35 -36 -14 52 -39 40 41 -4 -38 -25 -43 46 -33 -31 -49 -32 -50 -1 59 -41 -55 -40 -57 -15 -17 -2 -13 -62
right_child=2 8 9 4 12 10 13 -9 15 24 11 19 36 57 -16 16 17 23 22 29 -22 -23 -24 43 26 -27 -28 -29 -30 47 49 45 -34 34 35 -37 42 38 55 53 -42 44 -44 -45 -46 -47 -48 48 50 -51 -52 -53 -54 54 -56 56 -58 -59 -60 -61 61 -63
leaf_value=-0.046717139762713689 -0.0031375858108679822 0.002606721060793521 -0.00080458465996722768 0.0019665139836865723 -0.046472092476115286 0.010956409292297721 -0.0036814997332561476 0.0021704894951364742 -0.0020001276858305056 -0.0013625659150704175 0.0047896730018008368 0.013009014154648916 9.8374461863845147e-05 -0.053344449189062573 0.039129584239895293 -0.011652816175258512 -0.0044015971512437061 -0.0085212742442001294 -0.034589798264608215 0.0040841957075259307 -0.034507616335655286 -0.0331037824760003 -0.011776771427210463 -0.036187962260467825 0.0018521196525633167 0.013344775542651966 0.0078399544084351673 -0.017293569293332967 -0.036395602490496046 0.013475412204269219 -0.0047912971583363075 0.0044505030131008101 -0.017734981827670981 -0.021747118806187009 -0.010651259054895999 -0.031597863501641246 -0.038325627228043807 -0.0032905981372835405 -0.0096229076396314762 0.019245585280795067 0.01432779389671868 0.0026041145280363085 -0.012900880811300667 -0.017877982269307809 0.01295940610651587 -0.0037204471653954118 0.0092014859375101187 -0.010344852253434726 0.006767990221260848 0.0061938843005371509 -0.0013102714338336307 -0.030975118773500655 0.0027291099234000634 0.0090403917721933024 0.015459163431301968 -0.047771659877994865 -0.020652662133228156 -0.027891940171936719 -0.0030767715579328209 -0.016644656859220563 -0.011959502140249342 0.0072185031742143333
leaf_weight=52.906446798704565 41.114255614578724 165.06390303187072 148.35279363021255 100.01053610723466 9.0581742804497463 107.34928963333368 34.90210996568203 15.621024391613899 207.1875916980207 163.56548851728439 538.08226190507412 20.819160804152489 30.54745058529079 10.390017800033094 6.5196685492992392 66.183300459757447 174.43640966527164 23.716503467410803 21.400864850729704 291.16112558171153 28.716471634805202 28.440344089642167 40.441338801756501 33.745977578684688 64.785510748624802 97.030605539679527 50.057825013995171 48.07567785680294 14.804961042478679 19.217139802873135 48.107224494218826 1460.9819603338838 37.356515960767865 142.11219513136894 143.25692492909729 13.753225713968275 7.6783277839422217 26.181306064128876 16.058098636567593 53.876831203699112 122.75741862505674 82.737430706620216 244.00561251956969 22.690947664901614 80.807603634893894 55.560915052890778 259.91812863945961 37.461719557642937 64.489830005913973 106.98193533718586 1022.3102626949549 22.756154634989798 38.659231584519148 471.32558244466782 120.42934438586235 10.112306222319601 25.188749425113201 13.129282727837561 238.12830710411072 37.625292334705591 22.182700030505657 19.982709277421236
leaf_count=203 78 1313 393 824 17 90 45 31 137 125 139 15 144 37 8 481 307 53 124 745 52 159 22 73 93 48 50 58 84 32 49 2506 84 719 757 72 42 99 51 55 91 67 1897 52 57 29 39 109 199 107 3013 113 92 485 123 22 126 81 1966 190 94 32
internal_value=0 -0.0105279 0.00365236 -0.0158796 -0.00856752 0.000536999 -0.0217912 -0.0344268 -0.00590579 0.00579862 0.0014505 0.000905757 -0.012812 -0.0189133 0.00387697 -0.00747341 -0.0093101 -0.0126511 -0.00967287 -0.000485707 -0.00917273 -0.0176526 -0.0196714 -0.0228183 0.0042654 0.00478405 -0.00195777 -0.0063034 -0.0163928 6.61755e-05 0.00842628 0.00435588 -0.00675337 -0.0155062 -0.016886 -0.0124861 -0.0121856 -0.00924044 -0.0160429 0.00931396 0.00667692 0.00366567 -0.0136765 -0.0288263 0.00772066 0.0048627 0.00516807 -0.000984034 -0.00123994 0.00278638 -0.000823338 -0.0419826 -0.00553459 0.0110893 0.0103467 -0.0225436 -0.0284211 -0.039136 -0.00542596 -0.00959187 0.00237817 -0.00287081
internal_weight=0 1920.24 5802.06 889.892 397.82 2366.71 492.073 91.2836 1030.35 3435.35 2171.77 2064.42 291.29 400.789 106.53 865.288 658.1 353.789 273.635 1526.34 91.701 377.27 61.8422 80.1534 2199.98 2037.06 162.919 112.861 348.829 1434.64 1235.38 1940.03 211.793 334.024 299.122 157.01 282.231 194.939 77.5405 1080.29 434.655 311.898 251.684 56.4369 163.545 1776.46 1720.9 1143.48 1124.26 155.089 1086.8 75.6626 117.399 645.632 591.755 51.3592 35.3011 23.5193 304.312 78.7395 62.9846 42.1654
internal_count=19398 9845 9553 5233 2932 5178 2301 347 4612 4375 4520 4430 2100 1954 832 3299 3162 715 537 4291 193 1836 146 178 2948 2747 201 151 1677 4098 1427 2699 391 1593 1548 829 2083 658 298 1271 608 517 1939 125 124 2574 2545 3353 3321 156 3212 316 360 663 608 199 148 118 2447 268 141 126
cat_boundaries=0 19 40 60 81 98 99 118 137 157 180
cat_threshold=0 32768 1090519040 0 99456 32 536870912 4718592 262144 0 403701760 25170017 8192 306 2149580800 2068 0 0 131072 34816 0 128 0 0 33562624 65536 4194304 65536 2151677960 0 0 18 17301504 2 268435456 1610743840 0 198 16 32 1342177280 2097152 0 134217728 0 0 50331648 209715200 0 0 18876416 69207053 18944 67109632 2097153 1073741856 0 134217728 0 128 2 32 2239758848 16 81968 0 0 0 0 0 3072 0 0 0 16384 8388688 38273024 33554432 272629952 98309 16 4096 0 1048576 536887296 33554560 0 8328 0 0 0 0 2097152 128 0 4096 8192 2147483648 411712 2147614720 0 0 546 0 524288 262416 3221225472 0 8388640 0 1074003968 1 0 5 161 268439120 4160 536887296 524320 0 524288 0 33562752 0 0 0 0 65 0 0 0 0 0 67109888 1610612736 0 131072 0 0 0 0 0 4096 0 0 0 16 4096 0 0 0 0 1024 128 2147483648 0 256 0 403701760 1073741824 513 0 16777216 134217728 2147483648 0 0 524288 0 0 1088455680 419440640 4198400 0 2147483648 1280 0 0 0 128
is_linear=0
shrinkage=0.05


Tree=52
num_leaves=63
num_cat=9
split_feature=67 66 0 64 67 0 51 0 50 64 0 67 0 0 45 8 0 71 51 70 71 46 38 1 10 71 22 67 54 0 68 0 28 29 27 8 53 50 60 34 70 53 10 57 67 50 67 51 51 59 8 65 60 90 54 65 65 49 52 8 51 54
split_gain=106.174 17.3346 14.0643 13.7643 10.8571 7.55561 6.5969 5.80419 5.61167 5.13352 4.26289 4.07533 4.06471 4.02609 3.75605 3.74625 3.43334 3.33717 2.99458 2.98732 3.04521 2.9817 2.814 2.74001 2.42991 2.37273 2.28619 2.08623 2.98266 1.92788 1.91836 2.95951 2.91914 3.53304 1.8785 1.87209 1.94416 1.84467 1.7288 1.64958 1.64075 1.55941 1.55073 1.41184 1.39161 1.36172 1.3344 2.90601 1.54607 1.30233 1.42192 1.29113 2.49667 1.64511 2.13443 1.3019 1.27689 1.31058 1.29604 1.26641 1.2591 2.36094
threshold=76.280000000000015 8.0133333333333336 0 12.072500000000002 874.49500000000012 1 -4.2992661973572082 2 -358.52272672672672 2.1800000000000002 3 2.0050000000000003 4 5 -1.0000000000000002 3.5000000000000004 6 3.0044563553021981 301.10971673957118 1.705872446892968 -29.83382204336754 1.6160254037844388 -2.7554552980815443e-16 2.5000000000000004 9.7631397208144168 -0.37982832213518364 0.93301270189221952 284.8250000000001 403.3582948557156 7 0.83333333333333337 8 0.25000000000000022 0.25000000000000017 1.0000000180025095e-35 2.5000000000000004 -16.525669902808691 -65.119534057967414 78.631089049654335 1.0000000180025095e-35 0.36412047374159223 -192.26399837115142 4.2500000000000018 1.6137074441917247 1462.4950000000001 -406.19339368868265 670.38000000000011 57.128498415711356 531.70665234441242 -6.3676890227109757 3.5000000000000004 35.085000000000008 27.134576403192003 1.0000000180025095e-35 2.866949053704738 3.9700000000000002 39.030000000000008 -4.6553458679620112 -11.175236184903051 2.5000000000000004 331.57145155714687 372.09008255660098
decision_type=2 2 9 2 2 9 2 9 2 2 9 2 9 9 2 2 9 2 2 2 2 2 2 2 2 2 2 2 2 9 2 9 2 2 2 2 2 2 2 2 2 2 2 2 2 2 2 2 2 2 2 2 2 2 2 2 2 2 2 2 2 2
left_child=1 3 17 6 7 25 9 15 -5 -1 38 -8 23 59 -12 -4 18 19 -6 -2 -21 27 -16 43 39 -3 34 29 46 35 -15 -32 51 -34 -24 -14 -37 -19 -10 49 -11 -17 -27 -9 45 -18 48 -48 -29 -13 -51 52 53 -33 55 -55 57 -22 -58 -7 61 -46
right_child=2 5 4 8 16 13 11 12 10 40 14 24 21 30 22 41 44 37 -20 20 56 -23 26 -25 -26 42 -28 28 -30 -31 31 32 33 -35 -36 36 -38 -39 -40 -41 -42 -43 -44 -45 60 -47 47 -49 -50 50 -52 -53 -54 54 -56 -57 58 -59 -60 -61 -62 -63
leaf_value=-0.0031939666072392757 -0.003557152958476337 -0.024932455679656934 0.010572684743160029 0.026497815777800034 0.0060785919161831662 0.007759974625063182 -0.050757855545638858 -0.022928449269800835 -0.0033101894126464659 -0.042001600992397997 -0.046653023346234133 -0.015553916828200235 0.010373873767503367 -0.0042150918890430959 -0.0007008418896740817 -0.0049966484347546761 -0.000314565639413283 -0.01090112280509827 -0.0047273331654599376 -0.035060784102827196 -0.013658119822838377 -0.0096557854793551303 -0.014094573504818906 -0.0016597982747470219 -0.048258874325429718 -0.0093777825255599596 -0.041415595409105853 0.0041456275444545819 -0.0082557627872130446 -3.5232904602057775e-05 -0.0013931424951134491 -0.0076849825104942093 -0.014070212979147293 -0.049266940918171694 -0.037929027353947153 -0.0084454240919724227 0.0056725420001100214 0.0036870370473386736 0.019707248055531715 -0.010278909843948442 -0.022090488115352563 0.0045971145987733098 -0.021755602488091511 -0.0066438357642890833 0.010243758623006662 0.0080764624182417966 0.0040745548912180128 -0.0072059038676402128 0.010606487549874827 -0.038798378922341309 -0.021632375881598047 -0.00510727907943208 -0.033284753616584527 -0.042943553855305357 -0.011412121795757502 -0.018523928444761306 -0.018570245501143532 -0.036132044268408707 -0.0046433426680445745 -0.0013590186178614528 0.0071593895749169608 0.019297336734595161
leaf_weight=39.929729577153921 98.850274328142405 63.670170325785875 351.24797863513231 9.9270353615283948 209.92917650938034 61.093729361891747 28.671779974363744 25.414016757160425 71.117178360931575 11.872388076037167 9.1812246292829496 13.920255297794936 99.365088809281588 468.21333885379136 33.786022065207362 51.250278234481812 53.643627896904945 28.332064643502235 92.304362267255783 16.695762470364571 19.800122376531366 51.056893922388554 184.1478934912011 201.85959345847368 14.286383181810377 85.949069853872061 8.6667297743260843 1334.4835156165063 51.300179019570351 983.95513581484556 132.56708883866668 188.39694087952375 23.384572341106832 10.257361162453888 8.6554359784349781 36.918353416025639 71.831640016287565 92.155988000333309 9.2148014456033689 13.992634095251558 80.499748558737338 244.08591914176941 35.861884832382202 27.945234950631857 329.37711628526449 489.95541103929281 197.00775514543056 80.390147835016251 99.499076828360558 34.205261940136552 18.636310349218547 119.44151904806495 12.350821189582346 9.8621459454298037 64.304612705484033 12.222416749224065 23.889343913644552 9.6479748226702196 55.549092940986156 101.04319257847965 173.20702697336674 92.155876338481903
leaf_count=36 261 121 440 23 168 223 48 81 753 96 11 20 152 1665 153 153 87 51 76 16 109 66 1064 669 55 140 43 1683 85 2079 1732 783 199 17 53 175 244 184 44 62 421 606 85 67 169 369 165 77 41 59 180 860 40 36 339 99 103 53 171 1115 118 65
internal_value=0 -0.0100345 0.00340903 -0.0172086 0.00403768 -0.0069826 -0.0259354 0.00267739 -0.0105334 -0.0181741 -0.0116653 -0.0342355 0.00179839 -0.00537656 -0.0146784 0.00697496 0.00775555 -0.00627368 0.0026894 -0.0100591 -0.015177 0.00231646 -0.0140544 -0.00416039 -0.0292511 -0.0162351 -0.0162938 0.00253117 0.00362375 0.000915599 -0.00652642 -0.00852971 -0.0104107 -0.0248016 -0.0151646 0.0051646 0.000879787 0.000256716 -0.000595724 -0.0258884 -0.0246496 0.00293229 -0.0130219 -0.0143999 0.00899796 0.00724842 0.00397985 0.000805468 0.00459392 -0.0291599 -0.0327442 -0.00947595 -0.0112932 -0.0103047 -0.0160179 -0.0294288 -0.0121282 -0.0210212 -0.00883155 0.00195639 0.0107484 0.0122231
internal_weight=0 1979.33 5693.1 590.711 5348.18 1388.62 256.014 3907.61 334.696 132.302 324.769 123.713 3261.03 1203.14 244.437 646.584 1440.57 344.921 302.234 224.433 125.582 3005.81 235.256 255.219 95.0408 185.481 201.47 2954.75 1762.68 1192.07 1041 572.787 440.22 33.6419 192.803 208.115 108.75 120.488 80.332 80.7545 92.3721 295.336 121.811 53.3593 1138.34 543.599 1711.38 277.398 1433.98 66.7618 52.8416 406.578 287.137 274.786 86.3892 22.0846 108.887 29.4481 79.4384 162.137 594.74 421.533
internal_count=19358 10575 8783 3121 7835 7454 977 6783 2144 553 2121 424 5584 7108 1324 1199 1052 948 244 713 452 4767 1313 817 376 346 1160 4701 2051 2650 5770 4105 2373 216 1117 571 419 235 797 321 517 759 225 148 808 456 1966 242 1724 259 239 2157 1297 1257 474 135 436 162 274 1338 352 234
cat_boundaries=0 21 44 65 84 104 126 147 169 188
cat_threshold=134447136 0 0 1 0 33554432 114688 0 0 4194320 0 67108864 0 823132160 32 0 1610876929 32768 134283266 272 48 4194304 553648128 1073741824 0 0 33554432 12288 2097152 0 0 524288 2432696320 2147483651 134217728 286273792 0 0 0 1024 0 0 0 128 2 32 0 1610629136 0 0 0 0 0 1074003968 3072 0 0 0 0 8397840 21496352 100728921 33554432 65537 4 0 268468224 0 0 525312 32 805306368 524288 393216 0 268435456 17438897 1073750016 4130 270532608 0 0 0 131072 0 0 268435456 2 25600 2621472 263174 8 131072 8388616 540672 0 0 34078720 0 301990336 131072 4224 0 4 270532608 32768 0 0 32768 2623488 0 205520896 0 0 268435968 287748 1124352 0 2097281 12808 2048 0 0 128 0 1024 0 0 1073742336 0 4128 134217728 0 0 0 0 0 0 0 0 2147483648 4 2 0 272629760 65536 4 0 1073741824 1048576 0 160 0 0 2147483648 262144 0 512 1075838976 0 0 4100 2164265476 4 16386 16448 0 64 134217728 1073741824 2097152 0 8192 0 0 553648128 2155872264 0 0 17833984 1049224 49664 15064 4325378 2147483648 0 2147483648 8
is_linear=0
shrinkage=0.05


Tree=53
num_leaves=63
num_cat=9
split_feature=66 66 3 67 0 0 0 66 67 0 68 65 51 23 71 2 63 57 71 53 0 49 67 70 0 70 51 0 57 10 8 5 71 3 10 65 47 70 70 59 10 20 33 65 35 51 10 3 37 71 38 71 63 67 67 70 0 66 54 26 65 73
split_gain=90.1856 17.2262 15.7585 20.0319 8.08144 6.94905 6.64524 6.4264 8.50647 5.63439 4.82014 5.36682 3.7879 3.67161 4.48639 3.49718 3.48359 3.11994 3.01896 2.76335 2.72026 2.43472 2.41616 2.34414 2.22946 2.15042 2.14084 2.13483 2.39945 2.21754 2.09687 2.46253 1.99994 2.01835 1.99248 3.04639 1.98479 2.36834 2.19716 2.7899 1.96987 1.89527 1.86861 1.82334 1.82227 1.81541 2.60941 1.80778 1.80498 1.87108 1.78841 1.70437 2.21937 1.65816 1.62695 1.5598 1.49614 1.44898 2.44828 2.39214 1.39335 1.92593
threshold=28.02833333333334 206.52333333333337 2018.5000000000002 11.040000000000001 0 1 2 1.0000000180025095e-35 3.0600000000000005 3 0.58333333333333337 6.0850000000000009 -1.6662426381937221 -1.0000000180025095e-35 -9.7306142605173456 3.5000000000000004 100.01770833333335 263.8353026734581 -1.3888694342745587 -16.935182327300925 4 68.93489269694804 37.500000000000007 1.6851091736281865 5 11.22119526388723 -21.752318775989341 6 -43.169931168694596 3.7500000000000013 4.5000000000000009 0.6830127018922193 -5.4056655784691507 2019.5000000000002 3.367778697655222e-16 1005.8800000000001 58.21869347819375 6.0421185952792182 1.4681191222886951 -27.357637066987664 1.2552629691260372e-15 0.25000000000000017 1.0000000180025095e-35 37.040000000000006 0.93301270189221952 -2.6239481989823483 -6.0000000000000018 2020.5000000000002 1.0000000180025095e-35 -35.671390924890112 0.6830127018922193 1.0491589941724866 1435.5879166666668 208.51500000000001 259.91500000000002 3.4657276995305168 7 17.35166666666667 22.743274778839755 -0.5 1211.7150000000004 8
decision_type=2 2 2 2 9 9 9 2 2 9 2 2 2 2 2 2 2 2 2 2 9 2 2 2 9 2 2 9 2 2 2 2 2 2 2 2 2 2 2 2 2 2 2 2 2 2 2 2 2 2 2 2 2 2 2 2 9 2 2 2 2 9
left_child=2 4 5 7 30 55 15 -4 -9 18 22 12 45 14 -11 36 21 20 43 -10 -8 32 -5 -14 -18 34 -20 28 -7 -29 31 -2 33 -15 35 48 37 38 42 -40 -38 50 -3 -6 56 46 -12 -32 49 -22 57 52 -17 -28 -16 -1 -34 58 -13 -59 61 -36
right_child=1 6 3 10 9 27 17 8 19 13 11 41 23 16 54 51 24 -19 26 -21 25 -23 -24 -25 -26 -27 53 29 -30 -31 47 -33 44 -35 60 -37 40 -39 39 -41 -42 -43 -44 -45 -46 -47 -48 -49 -50 -51 -52 -53 -54 -55 -56 -57 -58 59 -60 -61 -62 -63
leaf_value=-0.014560795451956723 0.013552353836923783 0.00014308278340929002 0.0019815995313312951 -0.0099128926353070149 -0.031820818806975036 0.026964351260683229 0.00043012752610675238 -0.046799708741707448 -0.04906623413159978 -0.030671976547949092 -0.03638129548514512 -0.010072716202236775 -0.012473231961108784 0.0048945952298741482 -0.00079119224487505645 0.012269551653456421 -0.0028571703492065825 -0.0084446795086314096 -0.011358775214543371 -0.022149437022273108 -0.0054213484188005605 0.0099784344009053502 0.00080467113628014317 -0.039583911557550318 0.0028329345852132321 0.0095913673725263604 -0.0041772682254477304 -0.00026177131873669155 0.003136144030144436 -0.0098503496953265771 0.0044883932543915419 0.00083667593625242188 0.0036290431260669262 -0.020960663599289428 -0.0031693149124011493 0.012261081905712838 0.016771589479882814 0.010863820216859782 0.0057273735060735529 -0.0088074701864909854 0.0052101871566496705 -0.021498969381145185 0.011222206039969315 -0.013803215945092529 0.0092127645371223692 8.3353326120438231e-05 -0.012880282691618162 -0.011352838123926515 0.011740663885506611 0.0045159598458407151 -0.023784959862271006 0.0070283451815601463 0.022943042577846563 0.018580707115980321 -0.014140404279145808 -0.038496259085239057 -0.0044796813826825065 -0.022132967970569281 -0.028865926748827472 -0.0041546136025611647 -0.0024885418296757378 0.0042617343939719441
leaf_weight=92.565310172736645 141.88313160836697 66.944096267223358 17.143763847649097 98.286372182890773 20.423020105808973 12.075006578117607 436.47786873579025 54.804080996662378 10.200999542139469 20.267952885478735 16.279683446511626 172.03978007286787 10.232689690776168 10.049721173942087 72.504295883700252 167.76647661626339 212.81897449865937 50.841260462999344 54.887884834781289 146.08893400710076 52.729961812496185 33.9955072440207 113.09739558026195 36.112450171262026 778.33654197305441 215.6080954298377 20.63571885228157 238.21534808911383 84.483957754448056 80.733644420281053 125.41910752281547 52.040649279952049 58.905230578035116 30.323409965261817 93.412744700908661 163.87912392616272 81.881920218467712 115.60189053416252 59.727336898446083 73.818523913621902 66.98220682144165 36.206853596493602 88.200544059276581 44.937777251005173 28.939881455153227 15.109483450651167 43.036493400111794 21.029484283179045 76.333621472120285 465.92893718928099 21.03686583135277 82.693725079298019 68.625422596931458 13.075352273881434 33.310882285237312 7.3467400986701241 507.02263152971864 20.534027090296149 19.271240446716547 187.00082956627011 109.9548898935318 783.34680774062872
leaf_count=925 287 135 33 130 64 51 873 170 46 34 82 788 107 88 207 123 588 76 188 618 79 76 70 121 1969 51 117 2456 780 1033 381 83 141 112 132 133 80 47 53 65 74 191 87 122 49 12 149 125 65 870 99 67 57 12 17 59 2000 40 95 546 72 869
internal_value=0 0.00288695 -0.0108035 -0.0144147 -0.000458733 -0.00368187 0.00518487 -0.0274589 -0.0298499 -0.00171083 -0.0106377 -0.0130045 -0.0223766 -0.000890625 -0.00912138 0.00893583 -0.00027098 0.00379666 -0.0105933 -0.0239063 0.00407206 -0.00305812 -0.00417864 -0.0335981 0.00161092 0.00485565 -0.00526768 -0.000627636 0.00554199 -0.00260713 0.00653755 0.01014 -0.00375579 -0.0145247 0.00429853 0.00622476 0.00663369 0.00481629 0.00239464 -0.00230688 0.0115695 -0.0105228 0.00644162 -0.0194331 -0.00302491 -0.015389 -0.0193303 0.00221365 0.00456217 0.00350567 -0.00957636 0.0132068 0.0153681 0.00464976 -0.00499356 -0.0148359 -0.00365071 -0.00882693 -0.0119658 -0.00593344 0.00281709 0.00348247
internal_weight=0 5601.56 1531.9 1016.48 2280.81 515.42 3320.76 228.238 211.094 1940.43 788.244 576.86 120.771 1786.48 126.083 872.242 1660.39 2448.51 153.96 156.29 2397.67 669.236 211.384 46.3451 991.156 1961.19 88.599 415.508 96.559 318.949 340.372 193.924 635.241 40.3731 1745.59 758.872 553.157 404.292 288.691 133.546 148.864 456.09 155.145 65.3608 594.868 74.4257 59.3162 146.449 594.993 518.659 419.883 319.086 236.392 33.7111 105.815 99.9121 565.928 398.846 191.311 207.535 986.714 876.76
internal_count=19269 10668 8601 3297 6660 5304 4008 867 834 5784 2430 2230 471 5281 258 788 5023 3220 503 664 3144 2466 200 228 2557 2271 317 4320 831 3489 876 370 2390 200 2220 1147 541 387 340 118 154 1759 222 186 2190 243 231 506 1014 949 1568 247 180 129 224 984 2141 1469 883 586 1073 1001
cat_boundaries=0 20 39 59 80 102 122 141 158 159
cat_threshold=0 134217760 0 134217744 160 4096 8192 0 262144 0 3584 69206016 1049088 0 4096 3221237780 640 34 0 98304 0 16 1048576 8963 0 16777216 268435456 69206016 0 0 101187584 16 3573551104 1207960576 1900544 0 0 0 1056 0 32 3581936128 16 75024 134217728 0 0 0 0 0 0 0 0 2147483648 8388880 2181825570 128 0 32769 0 0 8388737 32 1024 33554432 6 0 131072 2147483648 0 2147483648 17 0 0 1024 1073741824 2147483648 570490884 4 32 124 256 524288 0 134217888 8192 256 0 16384 97 4096 0 0 0 0 67108864 805307008 0 4341890 0 0 134217728 135266304 128 2214592512 0 65808 2097184 50304 0 16384 8388624 65536 0 0 0 0 25166336 16779268 134217728 131072 272 268500992 1073741824 2147483648 671088640 65536 2099200 536870912 8388608 0 0 536872960 16793732 90112 67108928 2216689664 54 0 0 131152 0 0 0 0 0 0 0 2147483648 0 4194304 32768 1610613760 2 0 1 4194432 133120 1604
is_linear=0
shrinkage=0.05


Tree=54
num_leaves=63
num_cat=10
split_feature=66 66 0 73 0 66 0 0 65 67 71 0 0 21 66 70 0 77 0 63 70 70 67 34 66 65 47 48 50 71 56 68 60 63 8 51 8 33 67 67 0 60 10 63 60 63 57 58 71 37 54 91 63 71 63 65 47 54 90 47 41 8
split_gain=86.236 14.0803 13.1406 12.4643 7.45111 7.09054 5.77049 5.71584 5.26805 4.74736 4.52988 4.44782 3.66553 3.54327 5.63081 3.08175 2.8493 2.72978 2.47735 2.36654 2.34294 2.2251 2.1193 2.10088 2.02963 2.00186 1.9507 1.85708 1.98621 1.91326 1.84304 1.72928 1.88386 1.67048 1.59585 1.56638 1.53601 1.49937 1.92202 1.48116 1.46771 1.71265 1.3848 1.35682 1.34025 1.77582 2.25957 2.0804 1.59148 1.51304 1.38443 1.2701 1.26651 3.56253 1.44388 1.23968 1.22359 1.38286 1.377 1.21318 1.17154 1.33836
threshold=27.358333333333334 159.15000000000003 0 1 2 6.416666666666667 3 4 4.0250000000000012 14.900000000000002 -5.5955071007807691 5 6 1.0000000180025095e-35 1.7383333333333335 12.744588744588746 7 1.5000000000000002 8 45.651515151515156 35.539716495766207 0.12526299940168875 7.3500000000000005 -0.5 404.90500000000003 960.07500000000016 -70.30547736730712 -247.78061625833041 -214.62431786350464 1.1777459543173119 10.950708966892629 0.83333333333333337 387.85709087131573 345.22215909090914 3.5000000000000004 -17.841557006899347 2.5000000000000004 0.93301270189221952 679.83500000000015 47.040000000000006 9 -220.62870702621674 1.316495309083405e-15 657.46750000000009 761.92218753736745 885.07773809523826 112.73183338960256 234.96925336841994 -35.671390924890112 -0.93301270189221919 201.04919446074737 2.5000000000000004 89.41166666666669 -6.4759467201938721 167.16041666666669 37.040000000000006 -9.0153274620958666 5.5109309437560059 1.0000000180025095e-35 -16.559477707985376 -0.6830127018922193 3.5000000000000004
decision_type=2 2 9 9 9 2 9 9 2 2 2 9 9 2 2 2 9 2 9 2 2 2 2 2 2 2 2 2 2 2 2 2 2 2 2 2 2 2 2 2 9 2 2 2 2 2 2 2 2 2 2 2 2 2 2 2 2 2 2 2 2 2
left_child=2 4 17 5 21 -4 24 26 10 12 -6 55 59 14 23 18 27 22 36 39 37 -2 -1 -14 31 51 -5 -8 -29 -30 -12 -3 43 -31 -23 -25 42 44 -39 -20 -11 -42 -13 -33 45 46 49 -48 -47 -18 -50 -21 53 -51 -54 -10 -24 58 -58 -9 -26 -62
right_child=1 6 3 7 8 -7 16 9 11 40 30 15 13 -15 -16 -17 20 -19 19 25 -22 34 56 35 60 -27 -28 28 29 33 -32 32 -34 -35 -36 -37 -38 38 -40 -41 41 -43 -44 -45 -46 48 47 -49 50 52 -52 -53 54 -55 -56 -57 57 -59 -60 -61 61 -63
leaf_value=-0.029091858815366696 0.023653213541390026 0.0085560078476582414 -0.0440892605320512 0.015430959676966003 -0.03474693525385638 -0.016012945285505946 0.01132267526555915 0.01030985787242066 -0.017220732146908311 -0.0097674144559969506 -0.018381171572996142 0.01302709707980771 -0.053425908526999605 -0.003942985258944042 -0.014468777204177866 0.0047113849383693708 -0.0047730871476709767 -0.036862917935920184 -0.0025274164762564911 -0.00054478271603532527 0.012116105025467769 0.0097937832799387912 -0.024843302757449923 -0.040093387836301481 0.014160108522795227 -0.015578882190571528 0.00057296814636938187 -0.013399875594337463 -0.0027858064601014739 0.00019065708000802131 0.0058123986729309574 -0.011974020784513838 0.010222989249422871 0.010881770590581576 0.001777265508060711 -0.018739307108183844 1.6649924298595513e-05 0.0027412529618364169 -0.0097685634112810726 -0.012274317301559303 -0.018918654839997686 -0.0037790771581228733 0.00097778369976765146 0.0011353567677415501 -0.0016425586023206995 0.0040355942469137134 0.0039864856140004587 -0.016023007593415513 0.0054704856645504396 0.0067307758284011632 0.013639977097900199 -0.010617454050408233 0.0098533648936576564 -0.01979973403964121 0.0043241224645834608 -0.0069017509400445326 -0.028698339453875239 -0.0086164449316555938 -0.014950683705665836 -0.0052465158472388626 0.010726288464264834 0.0060910538123134291
leaf_weight=45.953350029885769 19.749286592006683 108.31882511079311 38.007516322657466 28.767628950998187 21.515175370499492 55.069808408617973 33.499596476554871 15.939939633011816 41.347943788394332 164.4688507206738 14.279855480417611 58.940657593309879 11.232784345746039 46.184988960623741 141.33379407506436 259.44305438175797 45.140102982521057 25.019923038780689 69.827050724998116 825.85806754231453 93.648510336875916 139.3866578862071 40.01117317378521 15.868844863027332 114.62037739157677 23.961500350385904 95.178499124012887 29.589184984564781 236.10059395059943 93.038986541330814 17.541698716580868 33.669109180569649 30.838963031768799 60.164057716727257 111.93709592148662 18.716142271645367 140.16385586187243 110.49964033812284 42.51843723654747 88.222563313320279 19.278282381594181 602.11421725526452 40.046981997787952 47.701760724186897 89.053815886378288 168.35796616971493 25.258265048265457 26.744953095912933 84.236534744501114 34.464313358068466 134.91937577724457 32.528547763824463 127.55738082528114 19.994202431291342 1587.5061556398869 98.301735363900661 25.060852333903313 53.916253358125687 66.673091180622578 58.633177080191672 350.17669612169266 280.45012567937374
leaf_count=205 35 113 49 100 59 94 21 137 219 893 39 128 8 83 793 65 47 93 197 2650 14 207 66 82 93 47 809 33 438 207 68 58 31 102 442 116 761 141 58 540 17 3697 86 109 90 117 76 50 99 44 153 3 226 130 1953 436 71 82 142 965 179 249
internal_value=0 0.00309176 -0.0100767 -0.00784435 -0.000331336 -0.024812 0.00480247 -0.00635588 -0.00154702 -0.00752118 -0.0170259 -0.00106442 -0.0128525 -0.0156743 -0.0194068 -0.00025583 0.00369173 -0.0203791 -0.00126499 -0.00231144 0.00433506 0.00722659 -0.0194783 -0.0346391 0.00817854 -0.00132439 0.00372125 -5.37831e-06 -0.000911431 3.77583e-05 -0.00504442 0.00404957 -0.000300595 0.00438914 0.00622331 -0.0285373 0.00324829 0.00406051 -0.000734793 -0.00796809 -0.00552803 -0.00418148 0.00815236 -0.00428896 0.00437365 0.00461133 0.00397191 -0.00630428 0.00769143 0.0042664 0.0104999 -0.000926486 0.004497 -0.00300978 0.00473536 -0.00929167 -0.0170988 -0.0149713 -0.0187064 -0.00169417 0.00951009 0.00866492
internal_weight=0 6011.12 1567.43 1310.79 2003.05 93.0773 4008.07 1217.72 1731.98 1093.77 53.3367 1678.64 307.91 233.337 187.152 1538.99 3042.29 256.635 1279.55 1040.4 2589.9 271.073 231.615 45.8178 965.776 882.348 123.946 452.392 418.893 389.304 31.8216 220.529 112.21 153.203 251.324 34.585 239.151 2496.25 153.018 158.05 785.861 621.392 98.9876 81.3709 2343.23 2254.18 1866.67 52.0032 387.514 1814.66 219.156 858.387 1769.52 54.4585 1715.06 139.65 185.661 145.65 91.7339 74.5731 745.247 630.627
internal_count=19315 10813 8502 7843 5982 143 4831 7700 5298 6791 166 5132 2184 1082 999 4477 3999 659 4412 3437 3198 684 566 206 832 2700 909 801 780 747 107 311 198 309 649 198 975 3184 199 737 4607 3714 214 167 2985 2895 2526 126 369 2400 252 2653 2353 174 2179 655 361 295 213 1102 521 428
cat_boundaries=0 23 24 44 65 84 105 121 143 164 183
cat_threshold=4194304 654311424 4 134217856 0 0 0 2097152 0 0 786432 2183135232 2165182464 134217728 34345216 4096 0 0 0 0 0 1024 128 589830 4096 671088640 1048576 134217728 4224 0 0 1073741824 0 0 3584 2097152 1049088 0 4105 1073750033 640 0 537001984 98305 2 0 2508194304 16 74032 0 260 0 0 0 1024 0 0 0 0 8388688 2186018848 0 268435456 32773 16 0 2097152 3221225472 0 134317056 2099232 0 8388608 262144 0 538970112 517 8194 514 2147516416 8248 0 0 131072 1048576 128 4194432 0 524544 33554432 134234278 0 0 0 524288 2147483648 16 33554432 131074 268436608 0 4096 65540 0 32 0 16 16777216 67108864 0 0 536870912 524288 131584 0 281018368 17438952 39845888 8240 270532608 4 2148 0 524288 0 32768 1073750016 0 0 278528 2684354673 4096 0 0 0 0 0 1610614289 4194432 2 0 8 134217728 270532610 1073741856 0 16 167772192 4096 33563648 138412032 262144 8388608 32768 270336 130 8 0 2147486212 4 134217792 16384 0 64 0 402653200 0 512 0 16777216 8192 5242880 0 0 1140850688 823132160 1744830981 1073774592 156311552 0 0 0 1072
is_linear=0
shrinkage=0.05


Tree=55
num_leaves=63
num_cat=11
split_feature=67 66 3 67 0 0 0 0 68 67 67 36 51 65 0 18 56 66 54 0 0 67 71 41 63 0 48 10 47 3 33 70 3 57 60 71 70 73 55 66 67 10 8 60 73 71 8 4 22 55 57 67 67 0 10 65 59 5 33 8 1 67
split_gain=85.8097 17.5582 22.7231 13.1097 10.4311 6.81537 6.28033 4.79734 4.75848 3.92182 3.80824 3.77007 3.48055 3.44591 3.3156 3.17791 3.49941 3.47338 3.69767 3.04731 2.88585 2.70505 2.50242 2.48433 3.08233 2.34785 2.274 2.2611 2.221 2.37443 2.04697 3.7172 1.94514 1.84193 1.81649 1.8154 2.15674 2.07192 2.62402 1.74591 1.72507 1.69885 1.65271 1.65216 1.63585 1.58636 1.54705 1.50654 1.82678 1.41678 1.76009 1.39861 1.38955 1.32832 1.31634 1.54427 1.3912 1.26845 1.34283 1.78685 1.2607 1.24503
threshold=81.335000000000022 13.030000000000003 2019.5000000000002 3.0600000000000005 0 1 2 3 0.58333333333333337 158.99500000000003 745.1600000000002 0.6830127018922193 -101.71785225247685 2.0300000000000007 4 1.0000000180025095e-35 709.25134162537086 155.41166666666669 11.165917566249135 5 6 37.500000000000007 -2.1851849983411893 -0.6830127018922193 1360.2866666666669 7 -435.06732492262415 14.361215932167728 -581.82812416600575 2018.5000000000002 0.25000000000000033 2.1655964000624777 2020.5000000000002 -6.8930260347918297 -258.81627539758193 -2.581638515269328 1.5545458991568182 8 -0.21502641861783955 959.23833333333357 9.0800000000000018 15.79422863405995 5.5000000000000009 -2.2616062390945983 9 -16.670252863774589 4.5000000000000009 1.0000000180025095e-35 -0.68301270189221941 454.74105861504984 237.3059190374141 1.0800000000000003 1222.4000000000003 10 9.5131397208144133 13.005000000000001 -2.0697238409085226 0.25000000000000017 -1.0000000180025095e-35 2.5000000000000004 2.5000000000000004 7.3500000000000005
decision_type=2 2 2 2 9 9 9 9 2 2 2 2 2 2 9 2 2 2 2 9 9 2 2 2 2 9 2 2 2 2 2 2 2 2 2 2 2 9 2 2 2 2 2 2 9 2 2 2 2 2 2 2 2 9 2 2 2 2 2 2 2 2
left_child=1 2 5 51 23 12 10 42 40 25 34 13 -1 -10 -7 16 19 18 -17 -11 21 -9 -15 24 -2 46 -21 54 29 39 31 -29 60 -22 -6 36 -35 38 -37 -25 -5 -14 -3 -31 45 -27 -8 48 -16 50 -30 -4 -51 -19 55 -28 -56 -36 -59 -60 -24 -34
right_child=4 7 3 8 6 14 9 20 11 15 -12 -13 41 22 47 17 -18 53 -20 26 33 -23 32 28 -26 44 27 30 49 43 -32 -33 61 35 57 37 -38 -39 -40 -41 -42 -43 -44 -45 -46 -47 -48 -49 -50 52 -52 -53 -54 -55 56 -57 -58 58 59 -61 -62 -63
leaf_value=0.036238463759467446 0.0067239756315319579 0.0065479753501533015 -0.054315716184477808 -0.019818919921452481 0.012481588735247835 -0.018150720265817183 0.01078015951418825 -0.0062208003513313879 -0.036348999259477988 0.00031195864161935854 -0.023702104598982268 -0.047123861974078252 0.0050423778796136708 -0.041097849354913313 -0.038351564008469348 -0.021031261223154782 -0.007611066867808886 0.0056268589240181452 -0.0001053172266494022 0.014266352620250444 -0.00121008052754525 -0.022766063067070755 -0.011633657165711688 0.00064532608348178398 0.020346440126574477 -0.021697406314126061 -0.0005681890313330376 0.0025969960325139818 0.0075671190004125456 -0.012826085737824434 0.0056752464225319071 -0.016108589621985428 -0.029194170568800634 -0.0069404369485989549 -0.0015720566812193017 -0.031454876401132405 -0.022768890038117273 -0.0045123856655204164 -0.0068270122383303766 0.013883324382664758 -0.0081503973230848455 -0.022866792276154745 -0.003414817834912643 0.0020034981324394082 0.00015673483107883038 -0.0045940492388873884 -0.0012412152949140972 -0.0019436701826230553 -0.0086139390899984541 -0.0054532335294605813 0.015793098545392251 -0.038066878296862998 0.0072655693480273304 0.00019338700427958707 0.012839331362442682 0.0052911241878929012 0.0050444069398641661 0.001972352625875183 -0.020365603275778722 -0.0050606097395915215 -0.033645800027106147 -0.013247497626817172
leaf_weight=8.7567636072635633 88.02224412560463 110.03241077810526 24.714497972279787 47.034023038111627 17.201353564858437 78.297320490702987 65.102993749082088 43.44178993627429 34.306505307555199 406.74423360824585 24.799478687345982 15.77394221164286 81.19871474429965 12.054353077895938 5.4233007989823809 37.200089670717716 62.556133940815926 142.00824205577374 48.808685205876827 65.846500054001808 213.32147241383791 57.274218253791332 8.6866944786161167 56.624023959040642 78.608721405267715 14.445559754967688 121.22562507167459 67.786416038870811 634.33805900812149 36.844174116849899 82.016580179333687 43.668747469782829 13.596693017520009 55.096483504399657 163.1077188141644 21.259915642440319 35.315063823014498 598.17126885801554 22.016003202646971 44.465461730957031 96.997859675437212 5.845085907727479 66.958093047142029 38.311102852225304 292.6224021743983 220.52103246003389 45.445166304707527 116.64116895571351 108.14496036618948 38.441802501678467 72.455677948892117 28.532059589400887 48.65301838517189 448.46499495208263 113.52173878252506 1553.8777469880879 115.45729165524244 22.672170221805573 34.345794811844826 42.879089757800102 25.896102539263666 122.66140869259834
leaf_count=17 84 675 43 64 39 503 178 67 159 548 57 72 735 90 23 25 44 244 164 50 1207 99 63 136 73 35 76 128 623 65 60 43 91 468 642 26 57 1964 84 32 104 92 944 42 628 738 237 1089 1242 63 71 91 48 792 81 1870 137 85 86 279 214 464
internal_value=0 -0.008796 -0.0143873 -0.022385 0.0032071 -0.00587625 0.00205187 -0.00498023 -0.019105 0.00258938 -0.00476583 -0.0235218 0.0056059 -0.0218077 -0.00932137 0.00328802 0.00407345 0.000231322 -0.0091561 0.00435785 -0.00623366 -0.0142179 -0.0190801 0.00744495 0.0131504 -0.000993001 0.00509353 0.00482986 0.00654171 0.00146421 -0.000320132 -0.00473196 -0.0175266 -0.00524294 -0.00325997 -0.00649007 -0.0131231 -0.00555515 -0.0153734 0.00646822 -0.0119608 0.00316825 0.00263029 -0.00526657 -0.0023793 -0.00541509 0.00535399 -0.00568778 -0.010034 0.00766892 0.00841039 -0.0456088 0.00165176 0.0015987 0.00535315 0.00486709 0.00890892 -0.00428952 -0.00872648 -0.0118675 -0.0281167 -0.0148388
internal_weight=0 2057.45 834.561 430.254 5389.09 404.307 4252.33 1222.89 377.008 3947.32 305.006 232.976 95.8006 217.202 308.507 3309.18 2632.7 676.482 86.0088 2570.14 1045.9 100.716 182.895 1136.76 166.631 638.137 2163.4 2097.55 970.133 176.245 193.472 111.455 170.841 945.18 280.206 731.859 90.4115 641.447 43.2759 101.089 144.032 87.0438 176.991 75.1553 527.589 234.967 110.548 230.209 113.568 793.889 706.794 53.2466 87.0948 590.473 1904.08 1675.1 228.979 263.005 99.8971 77.2249 34.5828 136.258
internal_count=19250 10747 5156 1455 8503 3701 7266 5591 1321 6078 1188 1153 844 1081 2857 4262 3037 1225 189 2993 3972 166 922 1237 157 1816 2445 2395 1080 275 231 171 832 3806 1131 2599 525 2074 110 168 168 827 1619 107 1401 773 415 2354 1265 805 694 134 111 1036 2164 1946 218 1092 450 365 277 555
cat_boundaries=0 20 39 60 80 100 121 144 162 163 164 183
cat_threshold=0 0 3581936128 16 65584 0 0 0 0 268435456 0 2097152 0 0 0 8397136 2185756802 201326608 268435584 163841 0 2129920 1073741824 0 134251520 0 536870912 1048576 512 0 136314880 25165824 67119104 12387 2129920 20 0 0 131088 229376 128 0 0 0 2097152 0 4194312 0 2151677968 32768 1073741824 0 286785536 32 4194304 1610614801 49152 134283330 0 96 1344274432 203423744 0 134217728 0 2621440 50331648 201326592 0 0 16785408 2098181 1075200 4 2097153 3221225480 0 0 72 128 0 0 269484032 1207960064 65536 0 0 2097152 0 0 1073741824 2097152 285216768 134217728 1900544 0 0 0 32 128 524296 256 0 0 36864 1073741824 0 0 196608 1619001452 4096 0 0 0 12 67109888 0 65536 541073408 260 16 0 0 1073741824 0 0 33554432 65536 0 0 0 524288 2147483648 5 134217728 285213056 4096 0 0 1024 0 0 0 128 0 1073741824 1048576 0 33554432 0 1024 0 0 0 3584 67371008 1048576 0 1 4643 0 2 34078724 35915920 2147483648 256 0 258 33554432 0 1 0 0 1028 0 0 0 0 0 0 262144 33619968 4194304
is_linear=0
shrinkage=0.05


Tree=56
num_leaves=63
num_cat=7
split_feature=66 65 67 0 0 0 67 68 66 82 51 48 59 37 67 67 57 49 8 18 0 33 70 54 67 8 0 68 60 67 57 47 76 0 48 54 52 79 5 0 50 70 47 71 8 8 56 71 54 5 54 5 55 66 65 70 70 1 47 55 64 50
split_gain=73.9595 13.3123 9.22929 7.86515 6.5083 5.11062 4.61693 4.00134 3.50295 4.71076 3.31649 3.19934 3.06679 3.16237 3.11425 3.01207 4.00459 3.78818 2.96317 2.87055 2.24007 2.22027 2.54526 2.50518 2.18966 3.07044 2.18415 2.15562 2.11929 1.94367 2.67001 1.90946 1.78837 1.74599 1.76206 1.72853 2.22381 2.04168 1.69821 1.54701 1.54054 1.50823 2.41974 2.34124 1.50189 2.31974 1.47485 1.42893 1.569 1.42385 1.40634 2.52805 1.35487 1.35236 1.30979 1.26857 1.25578 1.22702 1.48681 1.38116 1.19886 1.19711
threshold=45.416666666666679 15.030000000000003 16.965000000000003 0 1 2 832.27500000000009 0.58333333333333337 12.05666666666667 1.0000000180025095e-35 6.5065549381885797 -15.224034525735279 1.4306920469525013 0.25000000000000017 2.0050000000000003 284.8250000000001 263.8353026734581 318.05818004283736 1.5000000000000002 9.1848509936051497e-17 3 1.0000000180025095e-35 0.20492720977998374 0.4927091746945777 957.8850000000001 4.5000000000000009 4 0.58333333333333337 43.444317599641749 1412.3400000000004 -167.27560794147686 -77.129027313212234 1.0000000180025095e-35 5 -21.206007223359013 0.22601586558474848 0.32292271371439801 1.0000000180025095e-35 -0.5 6 87.962884044961314 2.1306921809899548 3.721134674824381 0.6950460187311519 6.5000000000000009 1.5000000000000002 1.3341104056921063 10.431893235327939 286.26391139377171 1.0000000180025095e-35 372.09008255660098 1.0000000180025095e-35 -6.3598603009009089 1.7383333333333335 3.9700000000000002 2.1655964000624777 10.144088531398681 6.5000000000000009 -230.38287712579674 -520.41584188126524 7.0150000000000006 -122.26031666149754
decision_type=2 2 2 9 9 9 2 2 2 2 2 2 2 2 2 2 2 2 2 2 9 2 2 2 2 2 9 2 2 2 2 2 2 9 2 2 2 2 2 9 2 2 2 2 2 2 2 2 2 2 2 2 2 2 2 2 2 2 2 2 2 2
left_child=1 2 12 24 31 6 40 -4 9 20 35 -12 13 14 -1 33 29 -18 -11 53 -6 23 -23 -22 25 47 -10 -28 -25 39 -31 -3 -16 -7 46 -9 37 -37 -13 55 61 60 -43 -44 45 -32 -35 48 -2 -49 -41 -52 -15 -14 -39 -17 -38 58 -26 -59 -29 -5
right_child=3 4 7 5 8 15 -8 10 26 18 11 38 19 52 32 16 17 -19 -20 -21 21 22 -24 28 57 -27 27 41 -30 30 44 -33 -34 34 -36 36 56 54 -40 50 -42 42 43 -45 -46 -47 -48 49 -50 -51 51 -53 -54 -55 -56 -57 -58 59 -60 -61 -62 -63
leaf_value=-0.041629675122465709 0.0072277708667405523 0.016784467632271798 -0.0017273217129274874 0.0024947614759868158 -0.00046619668331733207 -0.0058849645669102986 -0.024109856840390905 0.0028578422358808636 0.0010587861707233358 -0.041958770869886176 -0.0086723108197865936 -0.018240552014451447 -0.035134338871795699 0.0027894474784477506 -0.020642049934912421 0.0017628501629419501 0.0040452400853209676 -0.01666405444708894 -0.015287611166658104 -0.048803336336601826 -0.039289826854363143 0.0084209678645027815 -0.010486590022603904 -0.010760793131036334 0.0013158860228430389 -0.0004567308965196218 -0.00038443881400265697 0.013147520055571044 -0.029079886238481036 -0.0016945398082201071 0.011319864465643778 0.0019493680840162776 -0.0029995342039123912 -0.010267823528203157 0.0028421554874402989 -0.0060082103925373507 -0.017682629526019764 -0.038088981563608924 -0.038568152650521242 0.0040866077914418512 0.0049655423974008369 -0.0064964705966957421 -0.02985973207269876 -0.011343844564451262 0.012638575148950596 0.0026151931102056901 -0.00021520259433529303 0.0086152063725039533 0.016099912293948106 -0.0016052644425422473 0.0067897231796766773 -0.0089704870140169899 -0.013467500138155758 -0.01964141125145337 -0.011466536227488142 -0.0052403092178546842 -0.042411178477668308 0.016876940967648035 0.0099039850223331463 0.0092360869876064091 -0.005755976238371441 -0.0056507415232030693
leaf_weight=16.308817678131163 189.25938151776791 25.525988176465034 132.52676965668797 58.199776962399483 81.213373585604131 85.484788935631514 25.798661023378372 26.322233475744724 144.35637611523271 17.387437477707863 28.655432673171163 17.34124219045043 20.28218137845397 21.746558117680252 117.76872575748712 287.94923108071089 41.530176177620888 47.154884442687035 25.965338937938213 14.686625988222657 9.5086601283401233 26.558231523260474 53.969339538365602 138.12600010167807 82.417143285274506 184.09547436237335 139.57682648673654 8.6272160075604898 17.82524333242327 82.503523074090481 131.09357261657715 144.35305690485984 16.359365517273545 39.1223429068923 692.5140111297369 135.00182225555182 31.227090885862708 8.5330833029001969 25.212491945363581 1865.2897974327207 61.852323200553656 122.17890666425228 26.496799927204847 47.999732056632638 129.24462030827999 183.91418845951557 541.50288423337042 64.74660050868988 67.641876310110092 71.940190002322197 46.056310907006264 56.856969878077507 31.209162291139364 46.099949030205607 10.07480509392917 83.391936659812927 6.1441423948854199 86.102720558643341 129.71553882956505 188.88436508178711 301.68746792152524 200.49592658504844
leaf_count=56 209 94 78 80 981 203 47 35 1333 21 145 75 77 49 649 632 60 56 226 54 44 36 170 878 62 473 102 10 91 74 36 1284 106 19 1946 434 301 27 146 1818 115 146 34 103 93 126 1454 79 60 89 50 67 132 311 104 99 18 60 77 105 2066 729
internal_value=0 -0.008067 -0.0136198 0.0030269 -0.00512449 0.0021247 -0.00365551 -0.00891919 -0.0064298 -0.0104968 -0.0122227 -0.0215874 -0.0205774 -0.0172997 -0.0209988 0.00259618 0.00349809 -0.00696613 -0.0259846 -0.0288006 -0.00844474 -0.0106279 -0.00425082 -0.0143738 0.00689061 0.00487324 -0.00460567 -0.00579706 -0.0128547 0.00382186 0.00656584 0.00394619 -0.0184902 0.000653657 0.00113004 -0.00915399 -0.0108095 -0.00814831 -0.0302844 0.00320404 -0.00212332 -0.00740152 -0.0108271 -0.0179295 0.0080999 0.00623773 -0.000892545 0.00736627 0.0095638 0.00323603 0.0037536 -0.00191739 -0.0067915 -0.0243751 -0.0236749 0.000185167 -0.0217482 0.00942449 0.00656736 0.0116286 -0.00523043 -0.00381822
internal_weight=0 2036.86 705.5 5724.76 1331.36 4659.96 346.347 421.039 1161.48 370.554 288.512 71.2092 284.461 203.393 150.437 4313.61 2954.99 88.6851 43.3528 81.0688 327.201 245.987 80.5276 165.46 1064.8 577.684 790.923 646.567 155.951 2866.3 526.756 169.879 134.128 1358.62 1273.14 217.303 190.981 153.61 42.5537 2339.54 320.548 506.99 196.675 74.4965 444.252 315.008 580.625 393.588 256.901 136.687 1968.2 102.913 52.9557 66.3821 18.6079 371.341 37.3712 487.12 212.133 274.987 310.315 258.696
internal_count=19334 10416 2797 8918 7619 7704 971 1363 6241 2447 1285 366 1434 992 811 6733 3111 116 247 442 2200 1219 206 1013 1214 910 3794 2461 969 2995 329 1378 755 3622 3419 919 884 565 221 2666 924 2359 283 137 255 162 1473 437 269 168 1935 117 181 388 131 731 319 304 139 165 2076 809
cat_boundaries=0 20 39 61 76 94 113 134
cat_threshold=2 0 2508194304 0 98352 0 16 0 0 268436480 1024 0 0 0 0 8388672 2185757344 201326728 268435456 65540 2097152 1081344 2147483648 0 65536 0 0 76021760 131072 0 16779264 1157971972 10242 290 2149711872 16 2048 0 131152 134840352 1048576 0 0 0 0 2 0 131072 3221225489 0 0 0 17301504 131104 1024 1610745856 32768 671088646 131328 96 134217728 0 18874368 16777216 16384 33792 0 536870912 4194304 0 0 3624927232 530912 1409286144 12368 33816576 1073807360 270532608 0 134217728 0 2099200 50331648 134217728 0 0 134225920 673193993 66052 641 1048577 8 0 2147483648 1048576 0 129 0 34078976 33558528 160 0 0 0 0 0 0 0 0 272629760 64 0 33554432 1100 256 524288 0 167780480 8192 0 0 65536 545259584 4096 0 0 0 2147483648 67109124 16 0 0 0 16
is_linear=0
shrinkage=0.05


Tree=57
num_leaves=63
num_cat=9
split_feature=66 3 67 66 0 0 0 68 57 3 66 51 68 71 70 0 59 0 0 67 51 63 65 2 50 3 65 48 14 52 71 53 36 57 66 48 60 67 63 8 63 55 70 0 47 0 67 52 14 65 50 50 70 0 70 51 60 64 51 59 70 59
split_gain=66.2972 13.1137 21.221 11.5828 7.79081 6.65453 5.72346 5.53127 5.44758 4.70293 4.66207 4.74552 4.65396 4.58105 4.29074 3.91283 3.53974 3.52863 3.43364 3.21171 2.73061 2.67595 2.53945 2.26073 2.35247 2.25729 2.19982 2.16173 2.14137 2.0596 2.46519 2.99293 2.03649 1.83513 1.75486 2.18201 1.71589 1.65702 1.52963 1.53184 1.51704 1.51454 3.30808 1.4058 1.40576 1.39626 1.37996 1.37994 1.36827 1.81293 1.56881 1.38106 1.332 1.31859 1.32191 1.88891 1.22727 2.91315 1.25599 2.01766 1.42068 1.36499
threshold=28.388333333333335 2019.5000000000002 7.3500000000000005 155.41166666666669 0 1 2 0.58333333333333337 180.16872039706968 2019.5000000000002 8.6733333333333338 15.908856569545117 0.83333333333333337 -2.4891947622885806 4.0023545706371202 3 557.4152027675633 4 5 1.0800000000000003 197.45005017076366 885.07773809523826 9.0250000000000021 3.5000000000000004 -378.0945124683451 2017.5000000000002 28.030000000000005 2.4794120262689625 -0.68301270189221908 6.9447691359117831 0.5056952400125051 3.4995451610445993 -0.93301270189221908 -2.2987292777022414 87.480000000000004 -68.909565161686331 -2.0519700162412042 1053.1500000000003 152.5916666666667 2.5000000000000004 1517.8033333333335 -3.4231937155566308 2.1306921809899548 6 38.393156610013065 7 41.290000000000006 -8.6347939484082925 -0.86602540378443849 1005.8800000000001 -54.87277570351921 20.837438102792291 0.37527614138438886 8 2.1306921809899548 232.73500557452223 -373.54809154529545 883.14250000000004 -166.57992181945173 -2.0697238409085226 2.1945787545787554 -2.0697238409085226
decision_type=2 2 2 2 9 9 9 2 2 2 2 2 2 2 2 9 2 9 9 2 2 2 2 2 2 2 2 2 2 2 2 2 2 2 2 2 2 2 2 2 2 2 2 9 2 9 2 2 2 2 2 2 2 9 2 2 2 2 2 2 2 2
left_child=1 4 19 5 22 26 8 46 16 18 11 -9 36 14 34 23 20 -6 -7 -3 21 38 33 24 25 -8 -2 -26 -19 30 31 41 -17 -1 -14 -36 -11 -29 -5 -40 -25 42 -12 -34 -24 -30 -4 -32 49 50 -45 -52 -21 -20 55 -55 57 -50 59 -58 -61 -60
right_child=3 2 7 6 17 9 15 10 -10 12 29 -13 13 -15 -16 32 -18 28 53 52 -22 -23 44 40 27 -27 -28 37 45 -31 47 -33 43 -35 35 -37 -38 -39 39 -41 -42 -43 -44 48 -46 -47 -48 -49 56 -51 51 -53 -54 54 -56 -57 58 -59 61 60 -62 -63
leaf_value=-0.013692708768206106 -0.018374822658505593 -0.053017163728771757 -0.007152878957775631 -0.010976462923025856 0.01098527624298528 0.015793522362990371 0.0065989813973944328 -0.018530444852432149 -0.017041360957210129 -0.0030935005271061863 -0.0083017140542684161 -0.049146486198050787 -0.017432294556523932 -0.0025147088767157131 -0.039608261650446931 0.0089791575840413151 0.014907206676288585 -0.0085858588848336439 0.0050625750588967683 -0.042693031670995599 -0.012868508422062323 0.014677065357661861 -0.0090243080685011336 0.0094549551600933961 0.0045805095386654802 -0.0098459333329331336 -0.0065847181572997182 0.0078102596513363451 0.003899271744240151 -0.020860312960541919 -0.014681314974319787 -0.026922034293455268 0.0011575741822316648 -0.035046796560526068 -0.0179313338579042 0.0012481245285982058 0.0031742310796077861 0.020056821588231424 -0.0030129050925152764 0.0048601923259061503 0.018061665991307881 -0.0055029097904753044 -0.026525890417223377 0.0055503427353218622 -0.032237205015094243 -0.0026169055426238184 0.00057909505069966285 -0.0010954221929179229 -0.0079668434742409221 -0.008339889347152428 -0.012792747291311106 0.0011235851729016798 -0.027211776041233083 0.0010289221654487845 -0.0062269039919664419 0.025475789669575491 0.0023973733947593736 0.0064630743034225085 0.0067880886281335004 0.0073018634671717687 0.015930785911244111 0.0032681584920107366
leaf_weight=17.945965029299259 52.895387999713421 18.992902523837984 167.41219572816044 33.78873698040843 45.214043460786343 43.674741134047508 41.47962898015976 98.022059241309762 50.254331827163696 154.50802427530289 76.710205243900418 14.533452173694966 49.709612276405096 359.36296756006777 13.989155992865561 172.05437394231558 38.16881013661623 108.55113851837814 245.81953416764736 17.377806347794831 43.394025042653084 30.141498327255249 87.711626378819346 187.83306020498276 191.2785862237215 41.992226332426071 156.96792818233371 61.184915274381638 110.81070106476545 46.422083158046007 23.272519674152136 31.667673531919718 598.4323382973671 22.899042926728725 22.069739509373903 45.202786095440388 372.35072093084455 50.351332366466522 144.57566738128662 107.88514667004347 70.384169906377792 88.864480063319206 36.869552411139011 153.5185092613101 7.0461144596338263 248.73226277157664 88.061594933271408 94.933548491448164 63.32193560898304 45.877337262034416 24.918060030788183 62.656113132834435 69.308240641839802 243.81744478084147 63.975655902177095 8.1660716943442804 113.4443107098341 78.134801864624023 376.22828289121389 119.20508681237698 79.521085754036903 1027.9589611329138
leaf_count=167 180 39 138 123 128 47 78 443 27 109 172 54 260 922 26 271 16 1221 935 94 43 11 810 195 209 86 592 80 1188 461 214 101 974 152 72 114 220 40 153 218 60 140 116 89 35 2512 37 164 104 50 57 128 223 1788 483 27 137 58 594 156 50 824
internal_value=0 -0.00938691 -0.0133904 0.00233155 -0.00400428 -0.000961454 0.00383716 -0.0104954 -0.0014962 0.000149241 -0.0134973 -0.0224837 -0.00192657 -0.00543232 -0.0134378 0.00450024 0.000429275 -0.00101559 0.00363918 -0.0343953 -0.00110666 0.000506518 -0.0141958 0.00805402 0.00575785 -0.00167397 -0.00912173 0.00780646 -0.0023803 -0.0109606 -0.00965622 -0.0126281 0.00368972 -0.0256645 -0.0103082 -0.00504398 0.00133614 0.0133388 -0.000985612 0.000351539 0.0118009 -0.0103922 -0.0142175 0.00337142 -0.0107504 -0.000572961 -0.00448767 -0.00377023 0.00396524 0.000770455 0.00250406 -0.00283612 -0.0303153 0.00237092 0.000185717 0.00182118 0.00448007 3.64126e-06 0.004849 0.00771765 0.0107548 0.00421126
internal_weight=0 1521.36 872.448 5840.49 648.911 1832.51 4007.98 766.769 448.208 1622.65 511.296 112.556 1017.19 490.334 130.971 3559.78 397.954 513.308 605.453 105.679 359.785 316.391 135.603 644.504 386.287 83.4719 209.863 302.815 468.094 398.74 352.318 234.112 2915.27 40.845 116.982 67.2725 526.859 111.536 286.25 252.461 258.217 202.444 113.58 2743.22 94.7577 359.543 255.474 118.206 2144.78 286.97 241.093 87.5742 86.686 561.779 315.959 251.984 1857.81 141.457 1716.36 312.17 198.726 1404.19
internal_count=19215 8609 2396 10606 6213 5775 4831 2040 591 5003 1865 497 1723 1394 472 4240 564 5049 3280 356 548 505 1164 748 493 164 772 329 4921 1368 907 529 3492 319 446 186 329 120 494 371 255 428 288 3221 845 3700 175 378 2247 324 274 185 317 3233 2298 1815 1923 162 1761 343 206 1418
cat_boundaries=0 20 43 64 85 104 124 146 165 185
cat_threshold=0 0 1048576 134242817 0 0 0 69206016 0 0 71303168 2097200 3640659968 1207960576 136118272 0 0 2147483648 1056 128 135266304 128 128 0 524304 33554464 32934 4194312 0 0 0 2147483648 19 0 2 272629760 133408 32 65604 16 0 0 128 2088 0 524288 0 128 1073745920 0 0 262144 2684354672 4096 0 0 0 0 1024 1879048849 0 805322754 0 12 0 0 2508193792 16 1312 0 129 0 0 0 1024 0 0 0 0 8388944 786464 65536 128 0 16 0 32768 1073741824 0 134218880 2097152 0 0 131072 0 538968064 16777216 0 0 268435456 20 0 0 131072 0 0 0 0 33554592 0 0 0 0 0 0 1207959552 0 0 0 1073741840 0 0 33554432 32768 84 0 0 0 98304 8192 16388 0 81920 1351092237 0 0 0 0 0 67108864 25165824 134 4194304 229376 0 134217728 1342242816 1075838992 16777216 536870912 32768 2080 553648128 8912896 0 0 268435456 232449 40960 768 2216722432 1073741824 0 0 16 268435456 1073741856 0 134217744 65536 4096 0 3221225472 0 0 101888 69477376 1048576 0 0 2215 4194309 0 131072 1
is_linear=0
shrinkage=0.05


Tree=58
num_leaves=63
num_cat=10
split_feature=67 72 72 3 67 66 72 72 67 67 72 66 24 51 70 67 72 72 70 71 89 8 8 67 91 70 3 51 71 51 70 72 48 71 73 58 3 57 54 54 47 4 66 4 10 50 2 57 57 9 55 47 3 68 5 70 72 51 48 57 10 49
split_gain=58.2987 12.0195 10.7215 10.3635 17.9504 8.12197 5.74995 4.37945 3.77393 3.71239 3.50147 3.38118 3.11902 3.91428 3.00666 3.02722 2.84092 2.58768 2.46633 3.19821 2.69087 2.15229 2.10854 2.15557 2.03785 2.05161 1.90611 1.86337 2.09586 1.86063 1.8395 1.80204 1.79428 2.33341 1.91298 1.77087 1.70746 2.0409 1.66934 1.66885 1.56827 1.55968 1.60061 1.44103 1.42968 1.41844 1.3604 1.86987 4.99871 1.91498 2.40854 1.31282 1.28404 1.30202 1.25966 1.25635 1.25465 1.247 1.85939 1.23464 1.1723 1.16713
threshold=51.380000000000003 0 1 2019.5000000000002 7.3500000000000005 635.7850000000002 2 3 15.030000000000003 2.0050000000000003 4 155.41166666666669 0.6830127018922193 -21.186723523740962 2.4676506080014855 477.84000000000009 5 6 6.0421185952792182 0.11107247128690551 1.0000000180025095e-35 5.5000000000000009 6.5000000000000009 2125.0550000000007 1.0000000180025095e-35 2.8672942376683372 2020.5000000000002 6.0819876813756162 0.029079938536289356 274.52863791335477 3.8491378743415643 7 -159.21853940250804 -39.059083534911458 8 166.8713162022494 2021.5000000000002 -3.6070799935022562 164.85574882816999 22.368446964358835 -101.7744441718212 1.0000000180025095e-35 1.0000000180025095e-35 0.93301270189221952 18.093266739736606 -265.32076263316173 2.5000000000000004 -5.3787408750514345 -6.6845932258950178 4.1650635094610973 -4.4569761904953991 -230.38287712579674 2019.5000000000002 0.83333333333333337 0.6830127018922193 2.6817192375782715 9 102.55896157153323 -61.597020613582607 -43.169931168694596 1.5001923289555077e-15 -235.54344989488732
decision_type=2 9 9 2 2 2 9 9 2 2 9 2 2 2 2 2 9 9 2 2 2 2 2 2 2 2 2 2 2 2 2 9 2 2 9 2 2 2 2 2 2 2 2 2 2 2 2 2 2 2 2 2 2 2 2 2 9 2 2 2 2 2
left_child=2 18 36 7 9 6 21 -4 27 -5 14 12 16 -14 29 -16 -12 59 19 24 -20 35 32 45 25 60 54 -6 -29 38 55 57 34 -34 51 -3 37 -1 -8 40 -18 42 -19 -33 -37 -24 47 48 -28 50 -49 -7 56 -54 -10 -21 -41 -13 -59 -9 -2 -35
right_child=1 5 3 4 8 22 10 17 26 -11 11 31 13 -15 15 -17 39 41 20 30 -22 -23 23 -25 -26 -27 46 28 -30 -31 -32 43 33 61 -36 44 -38 -39 -40 52 -42 -43 -44 -45 -46 -47 -48 49 -50 -51 -52 -53 53 -55 -56 -57 -58 58 -60 -61 -62 -63
leaf_value=-0.015893399367848827 0.002486403006400191 0.014786574768447379 -0.011003158971005234 -0.048082144695492435 -0.012517714764065236 -0.00058658414578657955 -0.00090955486124533939 0.025851709389572937 -0.020875670896698978 -0.025419850428538011 -0.0073136762989502299 0.0013142267201849765 -0.022437694380913802 -0.0024154226943900528 -0.0072463482002435593 -0.032931268663745773 -0.016484294593866935 -0.021241217426131762 -0.036676001077278662 -0.0002202152984623522 -0.009695801607387252 0.0019003628135260946 -0.00088922781423373006 0.015370041847407284 -0.021311543182442366 -0.021028399371874368 -0.0090634597304940622 -0.039313233657742808 -0.015052512325242393 0.013707487091935753 0.013459794141260467 0.0040469523164350877 -0.0043668438916516488 -0.0011679896828724857 0.0089760560910111583 0.0080395609565034436 -0.010735198721597342 -0.030249001499748664 -0.011308106741076948 0.015391150437850771 -0.00058756041167805763 0.00074930441112281397 -0.0041101510016630805 -0.0022587924481492177 -0.0018416626689097928 0.0099861106136782743 -0.0024719657699064624 -0.0041106324389002385 -0.046989631433771051 -0.0037163665825628192 -0.019372153320912945 0.0068250718669578651 0.0029343727371896871 -0.0034431560987042108 -0.0047534547429615376 -0.013404116109879745 0.0037545915634274612 -0.013921342434793786 0.00033864522941371789 0.0056534974214146666 -0.0098855050489981486 0.0058525659172999371
leaf_weight=36.047368258237839 38.870771644636989 85.826767593622208 104.43565935455263 28.249027625657618 99.330964869819582 122.26379204541445 170.21953788213432 8.2383657284080964 37.765206095762551 50.156981008127332 104.87700512260199 344.76141038537025 34.612060705199838 82.813236398622394 37.602949641644955 16.507767796516418 15.968697987496851 14.92603939771652 13.989048171788452 93.329026881605387 27.23091946169734 185.45462891459465 48.169468626379967 112.68749663233757 36.318340845406055 21.685102226212621 48.274849405512214 15.962735311128197 20.126120889559388 17.42072918266058 20.55165122076869 1323.4214187450707 90.655284643173218 72.814640298485756 401.97579103708267 260.45012531429529 22.65102107450366 79.054554458707571 49.913224428892136 20.718078225851059 545.72811407223344 221.35036027990282 157.64685087278485 97.261231418699026 42.592808544635773 79.409791722893715 184.86364831589162 50.710247848182917 10.594729918986557 233.01121568121016 52.738453144207597 116.84606109559536 241.35576208308339 119.73118021339178 17.838320467621088 22.409015454351902 231.79087693244219 36.983504354953766 59.859329521656036 92.671344475820661 37.734644301235676 316.59990933537483
leaf_count=80 101 108 1294 61 373 71 645 29 401 224 415 662 97 103 163 28 81 41 55 250 93 391 81 78 58 71 270 99 21 15 44 1846 44 67 211 323 34 270 101 41 1664 2043 1995 167 61 142 306 39 33 207 92 47 87 447 142 40 1220 62 92 774 79 240
internal_value=0 0.00218316 -0.00863302 -0.00719049 -0.0107915 0.00272658 0.00162655 -0.00220502 -0.00847425 -0.0335849 0.000863099 0.0013366 -0.000518112 -0.00831715 -0.00429802 -0.0150821 0.000197265 -0.000123304 -0.00722645 -0.00572423 -0.0188522 0.00622425 0.0060803 0.0103309 -0.0111908 -0.00745118 -0.00686004 -0.016053 -0.0257835 -0.00202251 -0.000325076 0.00273569 0.00516938 0.00285791 0.0069003 0.00844639 -0.0217079 -0.0257531 -0.00326734 0.000921887 -0.00103949 -0.00197845 -0.00559184 0.00358999 0.00665075 0.00587996 -0.00601251 -0.00766814 -0.015889 -0.00622976 -0.011891 0.00291343 0.0027324 0.000819677 -0.0157035 -0.00277286 0.00546758 -9.1882e-05 -0.00510713 0.00664408 -0.00360781 0.00453983
internal_weight=0 5799.41 1586.64 1448.89 849.623 5487.29 4125.87 599.269 771.216 78.406 3551.55 3259.88 1397.6 117.425 291.664 54.1107 1280.17 494.833 312.119 270.899 41.22 574.324 1361.42 240.267 134.609 98.2905 635.797 135.42 36.0889 237.553 136.29 1862.29 1121.16 480.07 641.086 388.87 137.753 115.102 220.133 1175.29 561.697 393.923 172.573 1420.68 303.043 127.579 580.193 395.329 58.8696 336.46 103.449 239.11 613.596 361.087 55.6035 115.738 252.509 441.604 96.8428 100.91 76.6054 389.415
internal_count=19419 10591 8828 8444 2268 9800 8819 6176 1983 285 7936 6984 4155 200 952 191 3955 4882 791 643 148 883 981 301 309 251 1490 493 120 761 334 2829 680 351 329 492 384 350 746 3540 1745 4079 2036 2013 384 223 947 641 303 338 131 118 1795 534 543 290 1261 816 154 803 180 307
cat_boundaries=0 22 44 67 89 112 135 156 179 180 202
cat_threshold=16 524288 1345355776 147457 0 0 0 0 64 268435456 40 0 545259552 67239952 18350080 0 512 1 69206016 0 0 6144 134217728 67240104 0 0 1048576 0 16384 0 16777216 16777248 0 536870912 0 0 65536 0 0 0 4096 0 0 16388 32768 0 541327360 4096 262144 0 28672 0 0 84410368 0 32 0 0 2147516420 512 545325056 0 1082130432 149176320 16777216 0 768 0 29361410 4 768 71565312 0 0 0 1073741888 4232 271581200 134217992 0 0 131072 2147483648 81920 0 294912 0 0 2228224 36 0 655361 64 0 0 0 0 2149580800 0 318767361 64 131072 0 33554432 49152 4096 384 2147483648 561156 33685632 8388608 64 8 0 16384 0 0 0 2048 0 0 2147483648 0 16384 0 134221824 0 2048 8192 1024 16777216 2176 4456450 1024 1024 1073741952 1048592 2214592512 0 0 0 2048 0 2550206464 2560 5120 16 0 32 0 128 3020423172 0 2147483648 0 75497472 0 0 2147483648 65536 0 0 0 0 0 0 1536 16 36012032 1089792 0 176160918 67110912 0 0 0 65616 32 1 2360450 0 0 0 0 0 0 0 0 0 0 1536 0 524288 0 0 1024 83886080 0 0 0 0 1
is_linear=0
shrinkage=0.05


Tree=59
num_leaves=63
num_cat=9
split_feature=66 0 3 67 66 0 68 0 51 0 0 18 67 3 67 0 71 73 54 67 58 70 5 37 3 65 57 17 86 70 58 70 0 49 68 51 60 70 1 8 60 71 8 67 46 3 3 65 15 70 5 3 66 0 58 64 71 60 64 55 51 51
split_gain=54.354 12.937 11.5595 14.5192 9.50896 5.97801 5.95478 5.82888 4.29248 3.9401 3.77863 3.6836 3.55822 3.5137 3.41217 3.24216 3.23088 3.01405 3.65307 3.9126 2.90798 3.16981 2.60994 3.24547 2.5793 2.27862 2.87635 1.97328 4.23292 1.95948 3.19368 1.92475 1.86955 1.74372 1.72253 2.0263 1.67406 1.64557 1.62674 1.6077 1.60582 1.94506 1.60462 1.54937 1.47698 1.44809 1.41587 1.96722 1.39704 1.35473 1.31109 1.2941 1.56979 1.45606 1.27831 1.63399 1.71057 1.29224 1.27692 1.69776 1.25223 1.69093
threshold=22.166666666666668 0 2019.5000000000002 7.3500000000000005 384.76500000000004 1 0.58333333333333337 2 -78.0164961636588 3 4 0.6830127018922193 1.0800000000000003 2012.5000000000002 477.84000000000009 5 0.085957964273715423 6 11.165917566249135 655.82500000000016 10.682731141232837 4.5132776641403565 0.6830127018922193 -1.0000000180025095e-35 2020.5000000000002 18.040000000000003 -13.937540545543818 -1.0000000180025095e-35 1.0000000180025095e-35 2.9397709173797684 6.9258800349002891 10.144088531398681 7 -729.21971990558632 0.83333333333333337 955.11296537898409 93.825886601438313 11.22119526388723 11.500000000000002 5.5000000000000009 -119.68890514048393 -4.3368427206917586 3.5000000000000004 13.210000000000003 0.93301270189221952 2020.5000000000002 2021.5000000000002 3.9700000000000002 0.25000000000000017 0.37527614138438886 0.6830127018922193 2020.5000000000002 118.83333333333336 8 6.5040395623641816 57.057500000000012 -2.3262982028788661 7.7856655891860287 848.38000000000011 -264.44646471187644 301.10971673957118 26.007946935976602
decision_type=2 9 2 2 2 9 2 9 2 9 9 2 2 2 2 9 2 9 2 2 2 2 2 2 2 2 2 2 2 2 2 2 9 2 2 2 2 2 2 2 2 2 2 2 2 2 2 2 2 2 2 2 2 9 2 2 2 2 2 2 2 2
left_child=2 8 7 12 5 14 -5 48 -2 33 39 24 -4 -11 36 25 -13 60 19 27 -10 40 32 -24 44 26 -9 28 -19 43 46 34 -20 -6 -15 -36 -3 42 -17 -7 -22 -42 -34 -26 -8 -41 47 -31 -1 -14 -45 53 -53 -25 -29 56 -56 -57 59 -35 61 -12
right_child=1 4 3 6 9 10 11 15 20 13 17 16 49 31 -16 38 -18 18 22 -21 21 -23 23 51 29 -27 -28 54 -30 30 -32 -33 37 58 35 -37 -38 -39 -40 45 41 -43 -44 50 -46 -47 -48 -49 -50 -51 -52 52 -54 -55 55 57 -58 -59 -60 -61 -62 -63
leaf_value=-0.018045768689629989 0.00045977820808354436 -0.0065809047994867592 -0.051247360899967245 -0.0041974363391851363 0.0019784149132754973 0.0074513102532798962 -0.02545020884433746 0.050555172577914857 0.0046026233133984445 -0.0090771448454381905 0.003990938270978738 -0.046444862311179502 -0.040462782327337903 0.0083450036747880624 -0.020022225199037104 -0.0027569180158278825 -0.014669445943074004 -0.036521090748999806 -0.0021577258877425146 -0.02642582746233596 0.0020999383071331162 -0.031475718360256415 -0.019998079040354021 -0.0060765861995466242 -0.016142776107221448 0.0037781890465737214 0.0035373115545824342 0.0071147634967906465 -0.0021130949585596312 -0.031168890762353237 -0.03011723762889847 0.008968154921850241 0.0049325752008680191 0.012958095971655235 0.0032472856927028317 -0.0056162445247716006 0.0037882474363810214 -0.011611140026908112 -0.015144787518643231 0.0037523793140539895 -0.024633344168170743 -0.010580342825580886 0.00044847064910998589 -0.0045525016452819256 -0.0025591416678781842 -0.0083180968171318505 0.00018524363002467089 -0.0062246566471595762 -0.00042126087494725637 -0.023815603383851518 -0.016791683924887054 -0.012842916673770761 -0.00069059908898184801 0.003299849277481746 -0.01393781148726847 -0.003435714725121448 -0.0033159106443242867 0.0028590108322016469 0.011668513653082861 0.0040727191686693014 0.0096931961685200949 -0.0024094988493226308
leaf_weight=86.43846507370472 90.171561442315578 168.09446377120912 17.799190081655979 225.76885671727359 90.982043579220772 332.90564779192209 52.440908536314964 6.254408311098814 21.623190261423588 53.132353618741035 529.62322026863694 16.058965882286433 14.762189252302049 155.37748903036118 40.240309238433838 316.0893631670624 15.94060495123267 13.414651369675992 201.03282719478011 18.235093712806702 17.544045936316252 24.596000123769045 25.555678013712168 46.087982684373856 52.997163258492947 93.012792453169823 6.7777584400027973 35.09596261382103 26.787234844639897 13.5012981146574 31.758339857682586 173.21924985945225 601.29479309171438 77.922539800405502 1176.8247291296721 68.21862331032753 50.654467631131411 18.522177945822477 28.926291979849339 117.83936769329011 32.499112848192453 101.59585587866604 298.57438306510448 147.25104321725667 8.1405444573611003 31.487086312845349 20.5907670147717 19.065918877720833 12.925142571330069 70.997691799886525 25.700030380859971 46.014753855764866 62.901120856404305 151.00518880598247 55.183845551684499 186.45370238274336 121.04108234494925 144.88990527018905 297.54718914628029 173.37843823432922 71.911393702030182 128.16331497579813
leaf_count=746 125 607 39 164 84 513 526 34 29 118 456 41 101 90 48 3234 87 75 983 3 27 111 90 173 153 769 74 52 85 41 97 39 1192 62 1309 47 89 22 393 257 77 262 1745 389 31 128 39 76 41 212 107 152 117 793 226 330 615 272 210 135 41 141
internal_value=0 0.00188292 -0.009442 -0.013555 0.00239939 0.000778204 -0.0106997 -0.00396643 -0.00829392 0.00492981 0.00136274 -0.0143384 -0.0309035 0.00354731 -0.00639439 -0.00134023 -0.0306159 0.000645032 -0.000340015 -0.00361929 -0.0127025 -0.0148257 0.00101615 -0.00288028 -0.0129361 0.00595965 0.0261022 -0.00290579 -0.0135944 -0.0110968 -0.0175721 0.00399611 0.00217024 0.00826029 0.00338111 0.00276163 -0.00417978 0.00310728 -0.00368861 0.00540568 -0.0121251 -0.0139862 0.00344476 -0.00866317 -0.0223743 0.00120719 -0.0100772 -0.0165657 -0.0143127 -0.0266811 -0.00637121 -0.00145072 -0.00582471 0.000966393 -0.00211395 -0.00275207 -0.0066421 -0.000683158 0.00945213 0.00682787 0.00338237 0.00274388
internal_weight=0 6077.64 1283.2 732.774 5789.61 3523.01 629.214 550.424 288.03 2266.6 3264.02 403.446 103.559 1626.77 258.989 451.061 31.9996 2781.79 2052.09 601.101 197.858 176.235 1450.99 331.565 371.446 106.045 13.0322 582.866 40.2019 310.865 84.9163 1573.64 1119.42 639.83 1400.42 1245.04 218.749 918.391 345.016 482.232 151.639 134.095 899.869 225.948 60.5815 149.326 53.158 32.5672 99.3636 85.7599 172.951 306.009 108.916 197.093 542.664 507.569 176.225 331.344 548.848 251.301 729.698 657.787
internal_count=19324 11930 7394 2103 11299 9205 1751 5291 631 2094 8461 1587 352 1603 744 4504 128 7563 6925 1658 506 477 5267 1325 1459 877 108 1655 160 902 253 1485 3942 491 1446 1356 696 2959 3627 898 366 339 2937 649 557 385 156 117 787 313 496 1235 269 966 1495 1443 841 602 407 197 638 597
cat_boundaries=0 21 44 64 85 106 125 126 145 165
cat_threshold=131072 0 128 0 0 33554432 67584 0 0 0 524288 2550136832 149 0 2 67108864 537001984 2147520512 33555522 272 8 557056 0 2227175424 34 17664 0 134217863 4194304 0 2151677952 0 0 512 0 0 268444672 1077938176 16512 134217732 0 16 0 128 0 16 268435456 134242816 98304 0 0 69206016 0 0 67108864 10485776 2172653568 134217728 67895296 0 0 0 32 128 2 0 2239758848 0 33571888 0 4 0 0 0 0 0 0 0 0 260 38273024 129 0 32769 16 134217728 2097184 1048576 1073741824 36880 16384 8216 0 0 0 1024 2097152 0 134217728 2147483648 1082130452 2147483936 100663368 4210688 65536 36 65536 1073774592 3221225472 536870912 134218880 2097152 536870912 8388608 131072 0 538968064 163841 10240 324 2149613568 2068 0 0 131088 8540162 3145732 135266432 1 0 0 16785408 16416 8 196608 537133056 12288 16384 0 537919488 131105 4194560 0 4194304 536871176 76 64 0 0 0 4096 0 0 16384 8388608 0 512 1048576 0 0 0 16777220 18 0 4
is_linear=0
shrinkage=0.05


Tree=60
num_leaves=63
num_cat=13
split_feature=66 0 73 0 67 66 0 0 71 0 8 67 46 66 70 8 41 0 73 70 57 57 50 9 63 77 70 37 0 66 0 18 50 55 0 34 70 9 35 57 66 60 66 16 55 57 55 70 55 71 19 8 0 46 22 22 8 0 71 71 71 59
split_gain=51.8514 9.91877 9.32314 9.07555 7.16663 5.8472 5.41356 4.18061 3.47676 3.01627 2.57841 2.30674 2.83918 2.16159 2.12104 1.99996 1.99532 1.88178 1.88158 2.46233 4.55246 1.78327 1.77973 2.1533 1.71537 1.70436 1.59632 1.57997 2.30757 1.97004 1.47486 1.44839 1.63522 1.40544 1.39627 1.33952 1.28011 3.63351 1.2684 1.24329 1.22669 1.1777 2.4596 1.43772 1.46192 1.53354 1.1594 1.11995 1.11209 1.10978 1.0887 1.08684 1.15091 1.47379 1.02063 0.938581 0.920646 1.77138 1.04324 0.920226 0.896582 0.887954
threshold=28.02833333333334 0 1 2 503.08500000000004 8.0133333333333336 3 4 -1.8202116194243205 5 2.5000000000000004 13.210000000000003 -2.7554552980815443e-16 5.698333333333335 2.0303179986501561 5.5000000000000009 -0.6830127018922193 6 7 2.4676506080014855 4.6623833829467163 -13.571601525426557 -33.169434942521114 1.898202538678398e-15 1435.5879166666668 1.5000000000000002 10.144088531398681 1.0000000180025095e-35 8 0.36000000000000004 9 -0.93301270189221908 -378.0945124683451 -58.170383880756567 10 -0.5 6.5012197104142952 8.2500000000000018 0.93301270189221952 1.6137074441917247 100.03166666666668 -71.352067330630859 447.62333333333339 9.1848509936051497e-17 40.901686351891826 20.241844800115445 85.566327828846809 2.5814920643373278 -42.483617848043018 3.5288734367478556 0.68301270189221941 11.500000000000002 11 -1.25 1.0000000180025095e-35 -0.5 1.5000000000000002 12 -3.9191299847360832 73.57362299381019 -0.6090679688738273 203.57829253989323
decision_type=2 9 9 9 2 2 9 9 2 9 2 2 2 2 2 2 2 9 9 2 2 2 2 2 2 2 2 2 9 2 9 2 2 2 9 2 2 2 2 2 2 2 2 2 2 2 2 2 2 2 2 2 9 2 2 2 2 9 2 2 2 2
left_child=1 25 5 8 6 -3 15 13 10 16 14 12 -9 21 -2 -5 24 59 -19 34 39 -4 36 -24 -6 -1 31 28 -14 -30 -10 -11 33 -33 -20 -29 37 -18 41 -21 -12 42 -34 44 45 47 -17 -43 -37 -46 -39 52 -13 -54 61 -32 -36 58 -58 -8 -53 -55
right_child=3 2 7 4 9 -7 17 11 30 26 40 51 27 -15 -16 46 22 18 19 20 -22 -23 23 -25 -26 -27 -28 35 29 -31 55 32 38 -35 56 48 -38 50 -40 -41 -42 43 -44 -45 49 -47 -48 -49 -50 -51 -52 60 53 54 -56 -57 57 -59 -60 -61 -62 -63
leaf_value=-0.015756298665656487 -0.010585163871784981 -0.034675057429865312 0.027994056965125039 0.0089910497061260787 0.007206501560847566 -0.0095260362903426335 -0.0028716546818738729 -0.025348741439675151 0.0032092253521468664 0.0080902712612307241 -0.016597307487258513 0.00039757934983037328 0.00012107133983218486 -0.00024410819867403305 -0.026751453709192376 -0.00095793460242707201 0.0064700870958808304 0.0035005265074201058 0.0042879953437029335 -0.0020287100073177224 -0.018278938466534948 0.0057712285815405837 0.003796536660804459 0.014796176435909403 0.019283895863175762 -0.029322902180521471 0.0069329334640213834 0.0055008077339482007 -0.032723769939295967 -0.012935015259921405 0.0050764963048578401 0.00074276552123725935 -0.0086049137218431083 -0.0097164094377366669 0.0034826337470464995 0.010915009748543722 0.0087282580116329299 -0.0087259762916585947 0.0091104807333076739 0.0064715684996711105 0.0015780662719687374 0.0018963721033074495 0.0024006033298465575 4.2529353580728822e-05 -0.0068466245312251124 0.012194564735032505 0.009806645812288713 0.0067211518560444843 -0.012702389315072928 0.0027897892213959983 0.00089707919568692376 -0.025336593982119682 -0.016233140878364603 -0.0042547698882100804 -0.012922927171940771 -0.0078921294702173853 -0.020292310792786279 0.00041880533982010257 -0.0053394952876184877 -0.015015891199451925 -0.0076223553532467903 0.0091082297715174409
leaf_weight=244.04118142277002 47.575034603476524 48.428965298458934 13.67569103091955 279.18871766328812 58.181867212057114 44.212741259485483 264.24654425308108 26.66284267231822 85.790354706346989 124.4111020565033 12.430231936275957 129.40001877583563 45.978077355772257 108.5087822470814 35.37624816596508 104.41870675235987 279.00383694469929 497.06098693609238 294.88394157402217 534.65863325074315 42.595556240528822 26.558795899152756 72.889690473675728 114.20376616716385 59.432745188474655 25.576778909191489 291.7056116014719 32.988335777074099 14.555965997278689 92.510506086051464 16.65010143071413 105.28932370245457 66.520181819796562 46.21726781129837 192.64159675873816 6.0381493568420401 154.46701310575008 59.950871407985687 80.702511757612228 46.781686544418335 36.670896057039499 207.36480978131294 214.37743705511093 231.20460931956768 40.674370646476746 79.079768903553486 32.893650189042091 286.39392478764057 28.563191071152687 112.55841122567654 57.660277813673019 10.587365929968653 27.683334175497293 587.00505648180842 33.631451543420553 86.083018023520708 14.873336546123026 697.37548430636525 54.074504617601633 16.577492758631706 21.956966798752546 12.700434409081934
leaf_count=606 70 75 37 461 68 72 881 53 137 186 94 1478 521 1016 54 311 255 59 889 716 89 214 71 88 56 128 58 34 67 859 40 106 82 50 357 8 71 69 96 37 118 276 262 129 55 70 81 81 303 156 50 174 38 2358 263 345 53 3453 175 57 286 20
internal_value=0 -0.00777199 -0.00582183 0.00238215 0.00283294 -0.0204639 0.00117939 -0.00455161 -0.0057047 0.0046958 -0.0121042 -0.00565009 -0.00993742 0.00321039 -0.0174796 0.00640737 0.00717714 0.00033411 0.000795998 6.53805e-05 -0.00250069 0.0133248 0.0062973 0.0105108 0.0133094 -0.0164337 0.0035135 -0.00807502 -0.0108869 -0.0142906 -0.0015247 0.00291008 0.00247178 -0.00244782 0.00134302 -0.00170813 0.00486679 0.0033629 0.00303692 -0.00134479 -0.00302313 0.00264105 -0.000205645 0.00347637 0.00456982 0.0057302 0.00162076 0.00469488 -0.00858101 0.000231883 -0.00400816 -0.00443043 -0.00406173 -0.00486706 -0.0044471 -0.00527666 0.00038867 -0.000384032 -0.00748019 -0.00346516 -0.0133852 -0.00397177
internal_weight=0 1581.26 1311.65 6135.14 5814.56 92.6417 3072.27 1219 320.576 2742.29 132.052 1070.26 247.297 148.743 82.9513 416.501 855.79 2655.77 2374.95 1877.88 624.036 40.2345 738.175 187.093 117.615 269.618 1886.5 220.634 153.045 107.066 188.523 1594.79 1470.38 151.507 1253.85 67.5897 551.082 396.615 1318.88 581.44 49.1011 1238.17 280.898 957.276 726.071 572.839 137.312 493.759 34.6013 153.233 117.611 822.965 790.42 661.02 633.337 102.733 958.965 766.323 68.9478 280.824 32.5443 599.705
internal_count=19422 8610 7876 10812 9954 147 7619 7729 858 2335 336 6462 1845 1267 124 853 728 6766 5828 5769 842 251 604 159 124 734 1607 1792 1447 926 522 1549 1363 156 4927 345 445 374 1207 753 212 1111 344 767 638 427 392 357 311 211 119 4617 4157 2679 2641 385 4038 3681 228 938 460 2378
cat_boundaries=0 20 21 42 62 81 102 123 124 139 160 182 198 217
cat_threshold=4194304 922746880 4 134217984 0 0 4096 2097152 0 0 786432 2183135232 2165182464 134217728 101454208 4096 0 0 0 128 589830 229376 0 129 3 134217728 33554432 65536 0 0 2151677960 0 1140850688 19 553648128 0 272629760 1610614785 32768 6 17 32 524288 32 1048576 1073741952 33554576 0 8200 0 262144 270848 3072 2097152 640 134217728 0 1090519060 262656 33619976 131072 65792 0 1073741840 1082130432 0 134218752 2099232 0 4194304 262144 0 2099200 213516 65554 8736 2129920 20 2048 0 131088 0 0 2508193792 48 107808 0 5 0 0 1073741824 0 0 0 0 16384 8388880 4718592 167772176 268435584 4 4 0 1572864 79691776 16 5408 0 262279 4194312 65536 0 20480 0 0 1048576 2 8388608 4325376 20480 0 131076 128 409600 0 0 16777216 603979776 0 0 536870912 524288 131584 0 268435456 16783489 169877504 82 402653184 98304 0 0 0 0 0 0 0 0 4194312 0 1140850688 19 536870912 0 0 0 0 0 17 32 2415920130 2097152 16777216 0 0 16384 0 3221225472 0 526336 32768 0 0 302514176 2147483661 2147487744 2147485072 4194370 16384 0 0 134217728 1075838976 0 2147483648 0 0 0 268435456 8388608 0 0 940572672 8690688 59520 37205 1 32 1048576 0 268435456 0 0 18874368 49184 0 0 16 0 0 0 0 0 67109120 0 0 570491136
is_linear=0
shrinkage=0.05


Tree=61
num_leaves=63
num_cat=11
split_feature=66 3 66 0 0 0 68 73 71 67 5 70 49 66 71 0 73 65 0 64 1 36 51 0 64 63 50 8 3 70 57 64 71 51 66 64 0 63 38 0 66 68 54 65 79 3 0 59 57 23 47 66 66 59 67 52 40 49 58 53 70 60
split_gain=47.9131 10.5923 17.9539 8.31834 8.22075 4.98868 4.83469 3.6658 4.40181 3.59295 3.06348 3.12706 3.05143 2.92313 2.86249 2.54777 2.50931 6.79784 2.29543 2.27488 2.25958 2.25474 2.2542 2.15483 2.11763 2.64631 2.11174 1.97084 2.11239 2.77768 1.94615 2.20963 1.89529 1.83967 1.75217 1.74309 1.72812 1.84897 1.54865 1.54216 1.52812 1.51045 1.47909 1.37929 1.69064 1.37678 1.53726 1.36459 1.60296 1.45019 1.3012 1.29443 1.25593 1.21236 1.8422 1.20367 1.12198 1.11374 1.28223 1.09935 1.09731 1.09537
threshold=37.696666666666673 2019.5000000000002 4.416666666666667 0 1 2 0.41666666666666669 3 0.5056952400125051 1.0800000000000003 0.6830127018922193 35.539716495766207 1214.9862425507486 17.696666666666669 -5.218739732269067 4 5 53.040000000000006 6 960.50000000000011 11.500000000000002 1.0000000180025095e-35 232.73500557452223 7 19.557500000000005 59.000000000000014 -6.4350214312655032 1.5000000000000002 2018.5000000000002 1.6137397098331379 263.8353026734581 796.91500000000008 50.332608537604045 79.591241072901781 676.48500000000001 8.9850000000000012 8 56.309523809523817 1.0000000180025095e-35 9 7.0233333333333343 0.58333333333333337 269.51374346542121 195.03000000000003 1.0000000180025095e-35 2013.5000000000002 10 -0.94491504946245075 -0.58333998707646917 1.8369701987210299e-16 -11.512931593178804 60.610000000000007 560.12833333333344 1.0354004993589323 542.98000000000013 118.16311666057651 1.0000000180025095e-35 -49.05203734663224 122.61675555512325 13.87537173349496 1.2324260834847731 -1.3662262737281317
decision_type=2 2 2 9 9 9 2 9 2 2 2 2 2 2 2 9 9 2 9 2 2 2 2 9 2 2 2 2 2 2 2 2 2 2 2 2 9 2 2 9 2 2 2 2 2 2 9 2 2 2 2 2 2 2 2 2 2 2 2 2 2 2
left_child=1 4 9 27 35 14 -4 8 13 -3 18 15 20 21 43 55 17 -17 59 22 39 -8 -18 -16 40 26 -26 34 32 38 31 36 52 -31 -2 -1 37 -20 -30 60 -9 -11 -33 44 -5 -41 -47 48 -42 -49 -28 -38 53 -29 -55 -12 -37 -48 -59 -7 -6 -19
right_child=3 2 6 5 12 10 7 24 -10 41 11 -13 -14 -15 23 16 19 61 30 -21 -22 -23 -24 -25 25 -27 50 28 29 33 -32 42 -34 -35 -36 56 51 -39 -40 45 47 -43 -44 -45 -46 46 57 49 -50 -51 -52 -53 -54 54 -56 -57 -58 58 -60 -61 -62 -63
leaf_value=-0.02451869760550026 0.0067397952204784548 -0.048883837321219377 9.2196383711017885e-05 -0.023113084996779974 0.0047890217135143848 0.0075454030418074655 -0.027106538892957652 -0.014257353694594719 -0.0089328517031163138 -0.018537431819157121 0.0024446410550581828 0.01301981102884112 0.033617130953955715 -0.011673332056121201 0.0044008457339204813 -0.031969012838257115 -0.00099448657190966908 0.00010011339275345917 -0.019921614240526402 -0.011286254563689412 -0.010291156076637904 -0.051330701330475542 0.0071616790672526286 -0.0054029670124495846 -0.029550764405516801 -0.0067228037668343376 0.0050200981478272129 0.019282189231966396 -0.0047605701374243076 0.0095193618513942369 -0.0070527026259481641 0.0030538630092627507 0.0003885349351445402 0.00070342897311716918 0.015765096438247608 -0.0092098399212597135 -0.00085110551978345239 -0.00093664057980586031 0.0058139125476917011 0.0029283609344373015 -0.005801377798402267 -0.031985754808665307 0.010116735671984949 -0.0036638399599126467 -0.0057779213861811314 0.0031210001955278717 -0.01631052787773812 -0.0050112869552308911 -0.018169710519102121 0.0037788541671435558 -0.017692853139095719 0.0028363131417923977 0.006911883093206019 0.002782966818383293 0.016413505973071035 0.012289316423589824 -0.027271091437265756 -0.0048963269489542107 0.018682178406237093 0.0027251200695096226 0.022768939541745997 -0.0073730601985472688
leaf_weight=30.861277474090457 120.27647939324379 20.063020687550306 155.90984213910997 37.01383912563324 106.1321571059525 348.26797672361135 38.998320821672678 51.529518748633564 68.523423340171576 41.398302787914872 141.0942794084549 42.222564935684204 6.7990377545356742 23.072825454175472 86.387126952409744 23.907083274796605 463.36983776465058 95.67767146974802 13.472452156245707 44.15283291041851 49.559699026867747 12.745258792303501 103.66786774992943 126.28760103881359 32.350020986050367 74.804098488762975 8.7606690172106045 49.643932715058327 127.31408205255866 161.85541678965092 55.810691654682159 154.13080206513405 69.924573116004467 93.27938124537468 97.263635814189911 90.516864873468876 272.61013646237552 266.76072242110968 47.557357043027878 168.88487487658858 83.668601616285741 42.124262282624841 142.80693137645721 32.025307834148407 22.684857793152332 73.571644578129053 20.831016186624765 266.79967284575105 38.136941723525524 56.934750091284513 22.502927055582404 1874.5391833037138 212.11460235714912 48.771823033690453 50.409385174512863 39.809072256088257 9.5011972002685052 158.81412228755653 5.9832040667533866 179.12235428020358 9.2232836820185167 100.57802288234234
leaf_count=232 72 41 109 81 883 487 205 162 298 115 219 7 31 194 127 96 1009 172 139 22 529 28 76 439 149 181 88 77 247 106 95 122 113 57 40 964 1079 815 53 1369 174 275 124 52 76 633 164 410 67 38 205 2572 169 70 35 54 96 2106 35 275 62 252
internal_value=0 -0.00688789 -0.0101335 0.00252289 -0.00227573 0.00159505 -0.0079448 -0.00955369 -0.0169087 -0.029884 0.00203001 -0.000312091 0.000306007 -0.0264737 -0.0045041 -0.000868182 -0.00203597 -0.00650094 0.00278283 -0.000348845 -7.07613e-05 -0.0330733 0.000496653 -0.00146784 -0.00751043 -0.0130982 -0.0205951 0.00646304 0.00544847 0.00296922 0.00218209 0.00237929 0.00792279 0.00629618 0.0107751 -0.0131278 0.00188125 -0.00178564 -0.00188477 0.0008613 -0.00610552 -0.02532 0.00645063 -0.0120351 -0.0165259 -0.000571142 -0.00287332 -0.00516271 -0.00967386 -0.00346538 -0.0113282 0.00235717 0.0093824 0.0129035 0.00971076 0.00436949 -0.0109256 -0.00514032 -0.00404028 0.0057983 0.0057299 -0.00372977
internal_weight=0 1769 1038.32 5744.81 730.678 4666.4 934.737 778.827 143.34 103.586 4362 1054.48 599.799 74.8164 304.399 1012.26 831.353 220.163 3307.52 611.191 593 51.7436 567.038 212.675 635.487 138.418 63.6136 1078.41 860.871 430.006 2780.13 2724.32 430.864 255.135 217.54 130.879 2427.38 280.233 174.871 543.44 497.069 83.5226 296.938 91.724 59.6987 428.085 259.2 445.54 121.806 323.734 31.2636 2147.15 360.94 148.825 99.1812 180.903 100.018 185.628 164.797 527.39 115.355 196.256
internal_count=19272 9843 2739 9429 7104 8390 2308 2199 725 431 7615 1907 5812 427 775 1900 1627 520 5708 1107 5781 233 1085 566 1474 623 442 1039 927 463 4946 4851 464 163 112 1292 4605 954 300 5252 851 390 246 209 157 4307 2938 689 241 448 293 3651 351 182 105 273 1060 2305 2141 762 945 424
cat_boundaries=0 21 41 62 63 82 83 104 123 145 164 180
cat_threshold=2 0 2508193792 1073741840 106768 134217728 0 0 0 0 0 0 1 0 0 8388864 2185758722 167903232 0 98309 20 0 16 268435456 134242817 32768 0 0 2097152 0 0 71303168 2097184 1358958592 1214252032 136118272 0 0 2147483648 1312 128 131104 0 0 0 0 33558560 49152 0 0 2151677960 4096 1073741824 2 33554432 1 268436480 1610743809 32768 704643078 0 128 3473492 16 256 0 0 16416 0 4 0 0 268436484 3072 0 0 0 2147487744 0 262144 65560 272646272 35783680 1024 0 1073741824 0 33555584 0 0 0 262144 1073751040 1024 2097152 0 0 16384 2231369792 8390612 17 139328 0 96 131072 0 0 0 0 4096 0 0 0 8 4096 0 2 0 1 1024 131072 0 570425344 2283276288 416 0 1 0 0 4 0 0 97 0 0 0 806879232 44 4 285212672 4104 128 16 0 134217728 1073741824 1081344 0 0 134218752 2099200 50331648 0 393216 0 18874368 75563012 18432 769 32768 1073743884 0 0 131136 268500992 1073741824 25165825 536870912 65664 32 805306368 524288 512 0 536870912 296448 0 14472 69337088 35
is_linear=0
shrinkage=0.05


Tree=62
num_leaves=63
num_cat=11
split_feature=66 0 3 66 0 67 0 0 0 10 71 58 1 64 51 67 60 67 57 54 67 73 35 60 65 51 77 58 8 0 51 60 8 57 71 33 65 25 9 0 64 52 55 65 0 89 54 0 67 58 1 9 10 55 3 3 0 10 3 53 9 9
split_gain=41.6109 13.3077 9.59016 19.2603 6.72674 5.16664 4.93713 3.87001 3.85663 2.89383 2.83999 2.72463 2.43996 2.39783 2.25968 2.24972 2.18619 2.18119 2.06763 1.85138 1.82891 1.79516 2.95106 1.61488 1.89433 2.09388 1.59445 1.57599 1.57548 1.84588 1.41285 1.40603 1.39736 1.36405 1.34237 1.52683 1.45733 1.70187 2.11581 1.351 1.41381 1.58303 1.31097 1.28705 2.51474 1.38871 1.67364 1.28127 1.40084 1.22831 1.20609 1.72676 2.31459 1.96064 1.18823 1.24982 1.24333 1.23408 1.17771 1.14024 1.09461 1.10914
threshold=77.978333333333339 0 2019.5000000000002 3.3450000000000006 1 18.030000000000005 2 3 4 13.428203230275509 -5.218739732269067 44.505066443310824 11.500000000000002 73.077500000000015 -56.504050422224445 4.0400000000000009 761.92218753736745 1.0800000000000003 -7.0944088929356601 6.1512111035449104 482.94500000000005 5 1.0000000180025095e-35 -12.27757646840953 4.0250000000000012 11.899109609614815 1.0000000180025095e-35 462.36328875521036 2.5000000000000004 6 -17.841557006899347 -0.42364887805178592 6.5000000000000009 -37.369206175176174 24.080941235624678 -1.8660254037844384 21.030000000000005 -0.6830127018922193 -11.379165124598851 7 1460.4000000000003 -267.92187657048902 -42.483617848043018 1036.7800000000004 8 1.0000000180025095e-35 555.13608372103602 9 477.84000000000009 35.85629773468704 6.5000000000000009 3.7500000000000004 6.0621778264910704 -4.8846460780872638 2021.5000000000002 2016.5000000000002 10 15.588457268119894 2020.5000000000002 -357.90991880184077 17.660254037844393 12.312177826491071
decision_type=2 9 2 2 9 2 9 9 9 2 2 2 2 2 2 2 2 2 2 2 2 9 2 2 2 2 2 2 2 9 2 2 2 2 2 2 2 2 2 9 2 2 2 2 9 2 2 9 2 2 2 2 2 2 2 2 9 2 2 2 2 2
left_child=1 15 4 17 13 9 20 32 -6 -5 11 -7 28 14 -3 -1 21 -4 -18 -17 27 22 26 24 25 -12 -9 -2 -10 42 -21 -13 33 -8 35 -23 -37 38 -38 54 41 -41 -30 44 -22 -45 -47 -35 -49 -19 51 52 53 -25 55 -39 -57 -58 -52 -29 61 -43
right_child=6 2 3 5 8 10 7 16 12 -11 23 31 -14 -15 -16 19 18 49 -20 30 43 34 -24 50 -26 -27 -28 59 29 -31 -32 -33 -34 47 -36 36 37 39 -40 40 -42 60 -44 45 -46 46 -48 48 -50 -51 58 -53 -54 -55 -56 56 57 -59 -60 -61 -62 -63
leaf_value=-0.031639541563149624 0.0053898055055660475 0.045390810383460489 -0.048806427730302811 -0.012345574209867753 -0.0099572603579168775 -0.029944178571865661 0.0010130259420101843 0.0052719329454826245 0.0043948787755788542 -0.040069050346835895 -0.0039579496583439285 -0.016103011656245194 -0.0096360796014262669 0.008605880279072364 0.012782634879118168 -0.017085228305724665 0.0029746317154969561 -0.022240423342420396 -0.0091562812181728553 -0.019178522843445307 -0.00080412863399315158 -0.0073443041321335839 0.011716518875287666 -0.0054879684537056383 -0.0057582419783602625 -0.037131516659385154 -0.00039122215738090365 0.0038774613126666756 0.020695679382538204 -0.0028256615915717535 -0.0045988076755260543 -0.0023462763388824646 0.0079767051030484089 -0.00075389649668876455 0.0058753795445475928 0.0057583265112219131 0.00048464575864334077 0.0074911043857886347 -0.022336777096328805 0.0079273853397594154 -0.0067814427350302922 0.00055913228978146342 0.0029142913621254892 0.0061491258197996397 0.007883631118890181 0.017526393785498751 0.006498303664107849 -0.0061403763185216998 -0.017328019773186844 -0.041010745889825152 -0.0073811825385502738 -0.0019580031014431692 -0.0031204592188860741 -0.021849190370796866 0.0095736004539262419 0.0050509363627050949 0.0009323902899770007 -0.008734388047775269 0.0012952518188204432 -0.0081301600350418869 -0.0031742144590053687 0.003609670935041262
leaf_weight=19.894664470106363 142.48453192412853 9.4795064367353934 17.78924272954464 119.40850913152099 102.6792827732861 17.899066833779216 108.82724956795573 403.63475089147687 215.83860806003213 10.218273817561565 8.650679664686324 32.558575481176376 59.945922043174505 92.737196732312441 12.087623372673987 183.2672100700438 65.06459242105484 29.019664057530463 76.33689783513546 22.20678823813796 116.93448329716921 44.187975063920021 135.61782391369343 32.867507465183735 198.38393890205771 10.567346761003135 179.58876466751099 33.062986016273499 11.481560248881577 311.98520379513502 66.006315737962723 43.243096128106117 27.898801624774933 99.213160991668701 227.34464756399393 237.99167189747095 26.717612538486719 120.95104053616524 16.38444185629487 87.516104973852634 54.796168446540833 1045.8409843929112 106.66007057391107 120.78010383248329 318.61719630658627 91.681070685386658 55.067711904644966 108.3370063342154 37.722779974341393 12.457172652706502 45.617128452286124 410.98644647374749 107.40759520046413 41.343568377196789 81.37474299967289 148.59667414426804 193.75760630890727 39.796827808022499 274.21366230770946 49.176916435360909 141.70285090059042 416.68996419757605
leaf_count=84 199 31 40 586 1203 95 165 72 1317 70 66 101 602 284 85 455 42 144 77 71 192 92 77 50 517 45 179 90 73 3802 122 53 164 191 335 189 84 234 48 162 42 2247 955 89 231 77 60 302 60 51 146 641 212 71 76 162 339 71 385 77 284 273
internal_value=0 -0.00497297 -0.00365523 -0.00626059 0.000293077 -0.00503884 0.00278494 0.00202662 -0.00135892 -0.014531 -0.00403337 -0.0123982 1.33771e-05 0.0111249 0.0271151 -0.0148986 0.00251747 -0.0341598 -0.00357435 -0.0142206 0.00606987 0.00276357 0.00500335 -0.00333977 -0.00721024 -0.022199 0.00352811 0.0022087 0.000909059 -0.000840134 -0.00826911 -0.00825511 -0.00272562 -0.00364581 0.00218033 0.00187229 0.0020282 0.00165428 -0.00819049 0.00183631 0.00111654 0.00137896 0.00428009 0.00739034 0.00571373 0.0101199 0.0133881 -0.00571293 -0.00845119 -0.0278779 -0.00241672 -0.0037522 -0.0078123 -0.0146029 0.00390129 0.00306136 0.00165934 -0.000685445 5.77411e-05 -0.00330272 0.00102172 0.00142826
internal_weight=0 2626.9 2335.53 1412.63 922.895 1353.37 5053.7 4125.89 808.591 129.627 1223.74 93.7007 705.911 114.304 21.5671 291.375 3743.89 59.2661 141.401 271.48 927.805 3602.49 718.841 1130.04 217.602 19.218 583.224 224.724 645.965 430.127 88.2131 75.8017 381.999 354.1 2883.65 2656.3 2612.12 2374.13 43.1021 2331.02 1746.55 1691.75 118.142 703.081 435.552 267.529 146.749 245.273 146.06 41.4768 912.436 592.605 181.619 74.2111 584.477 503.102 382.151 233.554 319.831 82.2399 1604.23 1462.53
internal_count=19339 12357 11625 3273 8352 3038 6982 5967 7952 656 2382 249 6749 400 116 732 5085 235 119 648 1015 4966 328 2133 628 111 251 366 6147 4830 193 154 882 718 4638 4303 4211 4022 132 3890 3008 2966 1028 649 423 226 137 553 362 195 1505 974 333 121 882 806 572 410 531 167 2804 2520
cat_boundaries=0 23 43 63 84 104 105 125 147 166 187 209
cat_threshold=4194304 654311424 0 134217746 0 33554432 0 1048576 0 0 786432 2181038080 17698817 134217728 101454080 0 0 0 0 16 0 1024 128 0 1074790432 1141899264 1073741824 33652736 2097152 0 67108864 0 0 2197504 1207959556 0 0 0 20 1 0 131136 131072 0 0 1434451968 18 66976 0 404 0 0 0 0 0 0 0 8 8388932 34079776 167772160 268574848 4 135790624 0 524288 0 134217728 1073741824 49152 0 327680 3221225520 4096 0 0 571998208 0 67109888 1342177297 32770 2 256 160 0 16 272629760 536896256 0 32 22 4194304 0 0 1140850688 32 2181038080 10486784 151060512 128 0 0 1312 128 675840 0 0 2155872256 1 0 524288 16777216 2147483648 393216 0 16785920 335545473 67176448 16789505 2260992 42 0 0 16 65536 1026 0 0 0 33554448 0 1 0 2147483648 263168 512 0 0 0 16384 16785408 21234306 67174429 0 1 0 134217728 0 0 16777216 0 32 0 0 0 0 0 0 0 0 0 0 0 34078720 0 268435584 1048576 0 524288 0 134217728 1073741824 0 0 0 32 4096 0 0 0 0 0 268435457 2 0 0 128 1026 0 0 0 33554432 0 0 0 0 1024 0 0 0 0 0 0 17039360 1 0 1 0 134217728
is_linear=0
shrinkage=0.05


Tree=63
num_leaves=63
num_cat=7
split_feature=66 3 67 0 68 0 0 66 67 71 40 0 67 51 8 0 66 0 67 64 3 3 64 51 58 63 9 1 67 68 63 57 70 3 49 3 70 67 64 70 60 60 71 5 51 54 19 51 51 0 38 64 47 1 47 54 9 70 57 67 66 54
split_gain=39.4846 8.58455 15.4084 7.25939 5.69884 5.56218 4.25958 3.773 3.42238 2.70553 3.77527 2.36553 2.67794 3.25646 3.29627 2.29798 2.26257 2.23066 2.16954 1.93236 1.86358 1.7816 1.72385 1.63363 2.86869 2.31322 2.42643 1.85789 1.61237 1.58162 1.89816 2.7887 3.28794 1.67481 1.63152 1.60363 1.55413 1.55323 1.55278 1.49219 2.52202 1.81545 1.78418 1.73902 1.48009 1.35816 1.31572 1.2979 1.81588 1.62429 1.27025 1.31828 1.25773 1.24902 1.23407 1.21394 1.145 1.48427 1.11634 1.22889 1.09339 1.07384
threshold=37.696666666666673 2019.5000000000002 7.3500000000000005 0 0.58333333333333337 1 2 13.370000000000003 1.0800000000000003 0.029079938536289356 1.0000000180025095e-35 3 43.070000000000007 -31.699548024688951 1.5000000000000002 4 459.00500000000011 5 679.83500000000015 25.532500000000002 2020.5000000000002 2012.5000000000002 11.040000000000001 232.73500557452223 633.19006404505433 557.0058333333335 4.7500000000000009 4.5000000000000009 41.290000000000006 0.41666666666666669 101.34848484848486 10.773579757397213 2.633032286240812 2016.5000000000002 -128.97961500746922 2021.5000000000002 2.633032286240812 637.0200000000001 9.0900000000000016 1.6851091736281865 -2.5849277929911705 -373.54809154529545 22.685764765374255 1.0000000180025095e-35 -15.902626160977844 51.303356867527981 0.68301270189221941 72.089834692691724 28.976136589526405 6 -0.68301270189221941 81.422500000000014 -349.27683477518184 11.500000000000002 -50.103476920915462 6.0033851793033746 -2.299038105676658 1.8182262529493578 -22.477916102844471 1012.0550000000002 5.0100000000000007 10.446866583280103
decision_type=2 2 2 9 2 9 9 2 2 2 2 9 2 2 2 9 2 9 2 2 2 2 2 2 2 2 2 2 2 2 2 2 2 2 2 2 2 2 2 2 2 2 2 2 2 2 2 2 2 9 2 2 2 2 2 2 2 2 2 2 2 2
left_child=1 3 8 38 28 39 36 9 -3 10 20 -9 55 22 -15 19 17 -8 29 -5 -6 46 -14 24 58 -25 -27 -26 -4 -19 31 47 -33 -32 35 -35 -7 54 -1 41 52 -2 43 -43 -16 -42 -18 48 49 -31 -36 -52 -41 -17 -38 -13 -22 -58 -23 -60 -40 -11
right_child=5 2 4 15 7 6 16 11 -10 61 -12 12 13 14 44 53 21 18 -20 -21 56 23 -24 25 27 26 -28 -29 -30 30 33 32 -34 34 50 -37 37 -39 60 40 45 42 -44 -45 -46 -47 -48 -49 -50 -51 51 -53 -54 -55 -56 -57 57 -59 59 -61 -62 -63
leaf_value=-0.02318545726294699 -0.0035080148446733402 -0.047586265086744933 -0.0049319924877363136 0.026220696133376686 -0.030702394467550055 -0.0025048742036821382 0.0037628930544277499 -8.3627387564042414e-05 -0.023901053832647092 -0.0083245294250472533 -0.046964871771147665 -0.0043289564781349111 0.014715721173858163 -0.0361725788367286 -0.024491471894421746 -0.001033550680673765 -0.014382280684484237 0.0041888102930882389 -0.0074628832649668983 0.0039788723288291241 -0.0023701670497093289 0.0051443404814373803 -0.010820172213109748 0.0080541410076836028 0.015266235368901721 0.0021206260391744328 -0.0088577783866076332 0.0054319303976083288 0.0024438866398840938 0.0071674897976556828 0.0049932750800802915 -0.0047992489391364542 -0.034020541430250628 -0.0056270099804720981 0.0083615003276065383 0.0082253635733258237 0.0068747484964490034 -0.022203617724260726 -0.01857104789296601 0.0066678942944677624 0.00053803250394252261 0.0030538615637607739 0.00043143004169027472 0.011304610894093134 -0.010017084553051357 0.0070805218769346024 0.0017467124851274253 0.009149997940487509 -0.015578806333979301 -0.0022480697705512358 0.0078731097801834123 0.00024623623920377375 0.014782110332257271 -0.010358080285382572 -0.010420420988526512 -0.012023233954753861 -0.010867871580273865 -0.029910228640541683 0.0029608467574175831 -0.0041440420427992326 -0.0067827651197753126 -0.021369858946726449
leaf_weight=33.498191706836224 81.861736990511417 19.15730207413435 177.43226825073361 10.533093642443417 21.210837792605162 229.1289712805301 530.29159861803055 95.9789137840271 74.807512775063515 95.722103369422257 12.954513179138301 182.05551069974899 11.622720893472435 22.665075540542603 25.884167412295938 432.69481744803488 23.764965265989304 260.36178939044476 88.559512943029404 133.96956544555724 16.76499223895371 387.40971559286118 15.321074981242417 74.199527651071548 93.657825917005539 127.53815719485283 83.13950103521347 98.569680601358414 127.21609053388238 41.501838892698288 219.74123553186655 28.581234827637672 14.515318900346754 171.61541908234358 55.583266600966454 23.788939893245697 13.453870924189685 21.230816423892975 29.008100338280201 79.308059424161911 133.4382172524929 126.54601925611496 155.98474953323603 128.93300087749958 55.596810655668378 195.60221070051193 27.0200355052948 27.55625244602561 23.453859472647309 437.62860483489931 59.645879339426756 1130.6574716977775 120.04187139868736 39.163926342502236 44.195012604817748 71.354491483420134 28.507224066182971 15.96359448879957 239.95176427066326 81.543383747339249 61.107321167364717 18.887681025080383
leaf_count=251 93 42 134 39 219 778 1194 77 314 418 40 311 19 19 76 4624 93 52 71 826 31 367 106 44 53 109 69 75 60 47 916 141 29 372 130 35 45 21 233 69 61 225 218 133 233 129 12 60 100 1176 92 1747 73 491 258 399 65 89 298 90 606 110
internal_value=0 -0.00655235 -0.00937584 -0.0023967 -0.00754835 0.00189435 0.00115155 -0.0100616 -0.0287299 -0.0156521 -0.0218724 -0.00761811 -0.00925596 -0.0152983 -0.0193067 -6.96759e-05 0.00155704 0.000841935 0.00022686 0.00523766 -0.0179297 0.00336982 0.000195223 0.00376251 0.00480588 0.000462104 -0.00221177 0.0102234 -0.00185195 0.000500755 7.09825e-05 -0.00240981 -0.0146413 0.000927126 0.000307195 -0.00394059 -0.00444447 -0.010642 -0.0129467 0.00521865 0.00711605 0.00329218 0.00464509 0.00721778 -0.0146152 0.0044273 -0.00580089 -0.00141548 -0.00199478 -0.00132983 0.000973417 0.000628417 0.011554 -0.00176997 -0.00638414 -0.00649549 -0.0135056 -0.0177035 0.00333685 0.00115878 -0.0105774 -0.0104744
internal_weight=0 1829.08 1089.1 739.975 995.138 5680 4658.29 690.49 93.9648 210.011 95.4012 480.479 384.5 131.09 104.146 616.361 4350.28 3113.48 2583.19 144.503 82.4466 1236.79 26.9438 1186.01 901.132 284.877 210.678 192.228 304.648 2494.63 2234.27 573.237 43.0966 1661.03 1441.29 195.404 308.009 78.8797 123.614 1021.72 528.39 493.326 411.464 255.479 81.481 329.04 50.785 530.141 502.584 479.13 1245.89 1190.3 199.35 471.859 57.6489 253.41 61.2358 44.4708 708.905 321.495 90.1154 114.61
internal_count=19307 9832 2762 7070 2406 9475 8474 2212 356 972 444 1240 1163 453 328 5980 7372 6162 4968 865 404 1210 125 1105 883 222 178 128 194 4897 4845 1553 170 3292 2376 407 1102 324 1090 1001 332 669 576 358 309 190 105 1383 1323 1223 1969 1839 142 5115 303 710 185 154 755 388 839 528
cat_boundaries=0 20 41 62 77 96 117 135
cat_threshold=0 0 269484032 134226705 0 16777248 0 3145728 0 0 0 8388624 2432700416 1218446336 136118272 0 0 0 1312 128 0 0 2508194304 16 98352 0 128 0 0 1342177280 0 2097152 128 0 16384 8276 2148008448 134283272 0 98309 16 557056 128 0 0 524288 169869312 0 0 131072 16 0 0 16 18350080 131104 268435584 1610743809 36866 196620 0 96 0 603979776 0 0 0 0 134217728 0 0 0 0 268435456 658 134217728 2049 268500992 1048576 1073741824 0 134251648 2097152 536870912 0 131072 0 18876416 83886093 114688 512 270532608 1073743891 0 0 131136 1052674 32 1048576 0 134221824 4128 8192 1073741824 16384 8704 3072 0 0 0 2147487744 4195328 17039620 37748800 4194370 0 128 0 134217728 0 0 0 0 65536 0 0 0 0 1073741824 1 0 2 0 2048 16384
is_linear=0
shrinkage=0.05


Tree=64
num_leaves=63
num_cat=1
split_feature=66 3 67 63 66 73 65 45 66 32 10 50 68 67 71 59 3 54 67 53 54 71 67 65 22 22 70 55 56 50 65 56 65 65 63 70 3 1 70 9 48 37 18 59 52 63 71 70 3 71 44 70 49 65 67 33 76 70 67 65 1 50
split_gain=31.0644 9.07489 10.7668 7.83165 3.16684 2.92745 3.41081 8.79498 2.8748 3.09741 2.70288 2.97334 2.20252 2.86933 2.08085 1.92293 1.85288 2.5172 1.93677 1.85022 2.67246 1.70277 1.68085 1.6496 2.51165 1.78267 1.62382 1.56485 1.47888 1.45886 1.43741 1.43251 1.38714 1.94909 1.37613 1.54473 1.73058 1.91124 1.75412 1.64643 1.46985 1.41321 1.36705 1.31831 1.31641 1.40303 1.3037 1.27194 1.2724 1.24722 1.24562 1.23994 1.22126 1.13768 1.10452 1.05989 1.04908 1.47145 1.025 1.01908 1.48783 3.60226
threshold=17.045000000000005 2019.5000000000002 3.0600000000000005 293.46708333333339 7.0233333333333343 0 15.030000000000003 -0.93301270189221919 635.7850000000002 0.6830127018922193 5.0980762113533169 -34.055345147639187 0.58333333333333337 34.080000000000005 -1.2361077477124327 -22.686801214415741 2016.5000000000002 0.55603108251373989 1053.1500000000003 -8.8324710836029841 10.446866583280103 -0.21405170117631378 542.98000000000013 104.74000000000002 0.6830127018922193 0.93301270189221952 3.4657276995305168 -2.839226368743542 6.3267840208545065 -358.52272672672672 9.0250000000000021 1.7312132088180696 51.025000000000006 50.005000000000003 2067.5229166666672 1.17861331779939 2019.5000000000002 1.5000000000000002 0.46418214987853229 -7.8971143170299731 57.128498415711356 0.25000000000000017 -0.93301270189221908 -151.69639099109133 -45.643338786176592 228.77375000000001 6.1386847184167204 2.1945787545787554 2020.5000000000002 36.730872891951606 -1.0000000180025095e-35 0.48457103393430789 -181.45428828299609 180.80500000000004 1.0800000000000003 1.0000000180025095e-35 1.0000000180025095e-35 6.0421185952792182 6.080000000000001 320.77500000000003 6.5000000000000009 -341.06943399302196
decision_type=2 2 2 2 2 9 2 2 2 2 2 2 2 2 2 2 2 2 2 2 2 2 2 2 2 2 2 2 2 2 2 2 2 2 2 2 2 2 2 2 2 2 2 2 2 2 2 2 2 2 2 2 2 2 2 2 2 2 2 2 2 2
left_child=1 10 54 5 14 6 7 -2 9 16 11 28 -6 15 -4 -14 17 -5 34 -9 26 47 23 24 -8 -26 -21 44 -1 -30 -12 -16 33 42 35 36 37 -18 -38 -37 -40 49 -13 -25 -7 -46 -31 48 -17 -39 -10 -33 -24 -41 -3 -47 57 -54 -53 -52 61 -61
right_child=3 2 4 8 12 27 22 19 50 -11 30 32 13 -15 31 21 18 -19 -20 20 -22 -23 52 43 25 -27 -28 -29 29 46 -32 51 -34 -35 -36 39 38 41 40 53 -42 -43 -44 -45 45 55 -48 -49 -50 -51 59 58 56 -55 -56 -57 -58 -59 -60 60 -62 -63
leaf_value=0.029034094595017202 -0.035554487986988924 -0.046083319784339404 -0.032948122083213065 -0.0097940059171630865 -0.001515522487293043 -0.004493887255418375 -0.0027583994101512228 -0.0011770220100069707 -0.0014505229420761377 -0.0098902357070951557 -0.02479329333305591 -0.019904669361580595 -0.026828561062979095 -0.033540268245655279 -0.030355538909963471 -0.021177728693478864 -0.011443052226232384 0.0053626640941274069 -0.008971559167111327 -0.0078873947681586173 0.0049926387160163024 -0.0044984418969660151 0.0034979105432730324 -0.0087052195598035509 0.015838612102124113 -0.0080501815816605409 -0.023737666671994041 -0.0018655948402180314 0.020016042574553652 0.0067208860468944299 -0.0075680963994176082 -0.025873832933772451 0.0030557957436781187 -0.034464442385332063 0.010729642444189256 -0.0026429966371015953 -0.015891939877251012 0.002332846406429031 -0.0048303185921532753 0.0084144794879318415 0.0030094773516343297 0.012283841421972745 -0.0031303744180707321 0.0020771367571647769 0.0037072678766801046 -0.0060471903169917107 -0.014892408044810818 -0.026996135982429028 -0.0047614938664314729 -0.0090999240177229157 0.0074142551277467054 -0.020463427132481431 0.0028758248527778144 0.0027976992294461399 -0.029851450070807375 0.0030460524507086332 -0.019532515702067686 -0.016152737195898818 -0.0089603580799380855 -0.0051427313298824167 0.00623443814446209 0.0047862220386139876
leaf_weight=8.3195579536259157 24.796027394011617 17.623372133355588 16.380324216559529 28.956193625926971 101.90197483450174 66.643141720443964 747.28513044118881 162.16969953291118 79.042100593447685 56.19842728972435 13.597619049251078 12.9190536737442 14.132208200171588 12.609727999195455 12.6248093964532 18.200937790796161 26.469564005732536 507.66055192798376 45.900803625583649 34.53582638502121 21.622670790180564 134.18633229285479 18.095989771187305 29.998947687447071 31.209830949082971 10.415740283206103 30.366418961435556 309.21889696642756 13.794207103550432 25.60912099853158 110.80389859713614 16.057540349662304 73.348530318588018 5.430016826838254 38.946841299533844 121.20138617604971 25.699514172971249 341.44118561595678 179.54554435610771 107.03672718256712 89.633567743003368 33.351456865668297 203.00518457219005 515.2454849537462 691.70167802460492 71.347358711063862 9.5898762233555299 15.16532465815544 33.582850605249405 25.646940670907497 328.4569523781538 23.856673805974424 21.020210258662701 571.58924682438374 25.857573939487338 58.17320129275322 23.826250955462456 19.663158733397722 102.8754844116047 123.02165825664997 450.78511619567871 354.82776001095772
leaf_count=24 34 43 102 31 67 226 3702 495 70 50 174 129 82 51 57 192 66 1214 40 60 135 458 32 86 103 109 62 616 30 218 1232 100 737 23 36 153 115 779 338 61 124 55 1869 1962 626 94 67 78 80 68 150 88 53 433 85 40 29 72 283 90 338 249
internal_value=0 -0.00815658 -0.0125626 0.00123064 -0.0104936 -0.000701358 -0.00203426 -0.00715841 0.00280849 0.00169717 -0.00311572 -0.000876894 -0.00762603 -0.0103585 -0.0159981 -0.00900061 0.00200103 0.0045448 0.00115132 -0.00432719 -0.0102314 -0.00774798 -0.00105946 -0.000630924 -0.00209256 0.00986105 -0.0153034 0.00118774 0.00954335 0.00623362 -0.00945088 -0.0142116 -0.00290339 -0.00487804 0.00144906 0.00121152 -0.000465498 0.00156927 -0.00341133 0.00272491 -0.00221976 0.0024294 -0.004134 0.0014839 0.00226451 0.00281297 0.0008324 -0.014261 -0.0105315 0.00153409 0.00463773 -0.0127843 -0.00798072 0.00368361 -0.0364304 -0.00196303 -0.0112007 -0.00632109 -0.0111258 0.00502054 0.00417388 0.00223003
internal_weight=0 1021.47 545.055 6422.75 501.574 2887.34 1690.25 273.491 3535.41 2199.28 476.417 352.016 329.779 227.877 171.795 215.268 2143.08 536.617 1606.46 248.695 86.5249 201.135 1416.76 1334.16 788.911 41.6256 64.9022 1197.08 57.3128 48.9932 124.402 155.415 294.703 221.354 1560.56 1521.62 721.788 426.909 294.879 799.827 269.179 400.44 215.924 545.244 887.865 821.222 35.199 66.9491 51.7838 367.088 1336.13 142.79 82.6056 678.626 43.4809 129.521 64.5096 40.6834 126.732 1257.09 928.635 477.849
internal_count=19265 6269 1766 12996 1638 8536 6934 786 4460 3563 4503 3097 1008 941 630 890 3513 1245 2268 752 257 808 6148 5962 3914 212 122 1602 339 315 1406 528 2758 2021 2228 2192 1545 968 577 647 462 902 1998 2048 986 760 285 350 272 847 897 471 186 494 128 134 154 125 371 827 677 339
cat_boundaries=0 1
cat_threshold=54036178
is_linear=0
shrinkage=0.05


Tree=65
num_leaves=63
num_cat=11
split_feature=66 0 73 8 0 0 0 57 66 50 66 45 77 71 52 0 73 57 71 8 59 66 48 60 64 55 8 20 71 57 0 71 60 27 24 8 45 54 52 22 58 0 66 50 60 48 18 48 78 63 4 66 54 58 51 0 0 48 48 60 8 63
split_gain=31.6091 8.50974 6.44825 6.67491 5.68275 4.10877 3.95206 3.37856 3.18865 2.58279 2.47229 2.78228 2.17775 2.22782 2.0247 1.93465 1.89413 1.79815 1.74294 1.7174 1.66659 1.61787 1.56201 1.511 1.48396 1.45831 2.12374 2.13513 1.36336 1.53246 1.30582 1.28211 1.25609 2.67672 1.67177 1.61973 1.23242 1.19594 1.16177 1.60755 1.80783 1.42239 1.21538 1.12082 1.41374 1.11048 1.1479 1.53022 1.1083 1.05225 1.05125 1.03931 1.01271 1.04305 0.959392 1.49725 1.40765 1.41764 1.08592 1.00193 1.17353 1.05676
threshold=37.696666666666673 0 1 1.5000000000000002 2 3 4 263.8353026734581 112.57333333333337 282.57111234571721 6.7666666666666684 -1.0000000000000002 1.5000000000000002 -0.86879901392656211 1003.962544693679 5 6 66.524838774232691 -2.4891947622885806 1.5000000000000002 18.742752862742666 10.750000000000002 -56.77069988442716 300.33982832080346 113.56250000000001 -65.377628667062353 3.5000000000000004 0.25000000000000017 -3.8002467523395724 44.42834968712517 7 -0.53652865413084627 4.7383937609054021 0.25000000000000022 -0.68301270189221941 1.5000000000000002 1.2500000000000002 8.2508238847058823 14.082572335908838 -0.68301270189221941 6.9258800349002891 8 1.0000000180025095e-35 -12.972759616628558 97.845518769344011 -72.909863819972216 -0.5 34.656133068127716 1.0000000180025095e-35 6.2928571428571436 0.93301270189221952 3.6800000000000002 33.118956260740099 6.5040395623641816 2.1369283791830056 9 10 -20.038396003037928 357.35296391055903 -4.7929428385468444 2.5000000000000004 1087.4083333333335
decision_type=2 9 9 2 9 9 9 2 2 2 2 2 2 2 2 9 9 2 2 2 2 2 2 2 2 2 2 2 2 2 9 2 2 2 2 2 2 2 2 2 2 9 2 2 2 2 2 2 2 2 2 2 2 2 2 9 9 2 2 2 2 2
left_child=1 12 3 -3 17 18 14 8 15 -9 11 -8 13 -1 52 19 -10 24 20 -7 22 -5 -6 -19 -2 26 48 -28 29 37 -18 -15 33 -12 -34 -35 -30 -17 39 -13 -41 -42 -40 44 -27 -20 -47 -48 -26 -14 54 -33 53 -4 55 59 57 -56 -57 -32 -61 -62
right_child=4 2 6 21 5 7 10 9 16 -11 32 38 49 31 -16 28 30 23 45 -21 -22 -23 -24 -25 25 43 27 -29 36 -31 50 51 34 35 -36 -37 -38 -39 42 40 41 -43 -44 -45 -46 46 47 -49 -50 -51 -52 -53 -54 -55 56 58 -58 -59 -60 60 61 -63
leaf_value=-0.023526101256109551 0.0091323744128633654 -0.030324624227005322 0.011570419298686779 -0.017011896074060152 -0.025837266431406304 0.014900510162390343 -0.031427738075821256 -0.016527673583686089 0.006671911118862537 0.0017970213832178624 -0.0037747659806797538 -0.029361023692926841 -0.042420126011072229 0.0017952612102437101 0.029448669206527778 -0.012500293395278306 -0.00025879446440759524 0.0059977894296487392 0.006729669084524742 0.0018004571673238602 -0.0033906214193608827 0.0024216824617331418 -0.0089954333148187567 0.013660745570573979 0.010495335536115903 -0.011263614207974965 -0.0047712271091026812 0.0059270704234969489 -0.00022420094292571464 0.0052315493127737802 0.0031724649039873154 -0.022239295284531214 -0.01898332468588472 -0.033085940855004235 -0.00030126753721782917 -0.01013819774814023 -0.0099438718541508316 -0.0029014557259076997 0.0053305850882897389 -0.01579305185595508 0.0044343143929393173 -0.0072196265988429932 -0.011976725363688984 0.0035148724588700826 0.0013804265371162299 0.0081141111450630313 -0.0094283402189753538 0.00346499928367364 0.0041054648164363973 -0.021120669328513524 -0.0015026207312541788 -0.010517942916667607 0.006856461942991489 -0.0022511148288611601 -0.0100314387083777 0.0031078677084396913 0.0023939132140155346 0.0026664126021301547 -0.0062247814163308287 0.01347445585774024 0.008875119891058882 -0.0012592390883878922
leaf_weight=41.509172987192869 124.3938761241734 50.539914362132549 15.636617661453782 16.282599279657006 22.015944894403219 29.681053627282381 12.652020005509256 44.697445124387741 256.23035827279091 33.747056275606155 561.96219543274492 9.2458996213972551 8.8535644114017504 18.489546045660973 7.1150247305631629 72.833239998668432 458.11199675127864 171.23129817098379 33.716244421899319 159.27563203312457 58.632710419595242 31.291110649704933 36.74447700753808 103.04148443043232 141.34574323892593 42.6128214225173 94.644134506583214 91.94453763961792 548.88769907690585 25.22527689114213 110.52978676557541 21.870735630393028 12.379024609923361 11.950121801346539 366.67605416662991 21.567861394956708 34.6734838783741 58.524394916370511 31.474463146179914 55.300659929402173 28.264757873956114 123.66788226924837 14.96720176655799 78.037046894431114 45.941841587424278 18.240954697132111 74.547263437882066 33.288414802402258 130.52439975738525 16.804636999033391 141.43468555063009 139.77934806793928 75.630487194284797 107.44222566019744 49.208965048193932 837.42102898284793 987.56313423812389 39.725668996572495 32.374222442507744 87.685846775770187 88.364835202693939 36.286178633570671
leaf_count=111 113 42 59 56 46 76 43 54 99 65 2806 47 46 44 10 135 1202 226 64 794 87 93 97 108 78 57 188 51 1730 89 174 141 73 10 2357 205 63 297 19 346 273 875 207 70 46 19 234 97 51 96 214 322 354 1190 79 1285 1133 74 54 75 140 42
internal_value=0 -0.00562199 -0.00415381 -0.0160371 0.00202082 0.00123059 -0.00324908 0.00162935 0.00183217 -0.00864434 -0.00430921 -0.00852513 -0.0141093 -0.0130835 0.00309114 -0.000739525 0.00259678 0.00536037 -0.00456418 0.00366427 -0.0093546 -0.00422966 -0.0153056 0.00887668 0.00414504 0.00315249 0.00460833 0.000500529 -0.0018878 -0.00605606 0.00220186 -0.0106772 -0.00316128 -0.00459346 -0.000911378 -0.0183197 -0.000801715 -0.00822368 -0.00742303 -0.00896248 -0.00805238 -0.00523491 -0.000247208 -0.000853973 -0.00470393 -0.0013305 -0.003486 -0.00544822 0.00742757 -0.0284702 0.00266862 -0.0121038 0.00230294 -0.000495151 0.00294037 0.00391712 0.00185822 -0.00391887 0.00272913 0.00682173 0.00904259 0.00592499
internal_weight=0 1801.35 1554.05 98.1136 5433.39 4409.67 1455.93 4132.48 4054.04 78.4445 1250.11 275.573 247.307 221.649 205.824 929.101 3124.94 1023.72 277.186 188.957 117.393 47.5737 58.7604 274.273 749.444 625.051 458.459 186.589 740.144 156.583 2868.71 180.14 974.535 595.48 379.055 33.518 583.561 131.358 262.921 216.479 207.233 151.933 46.4417 166.592 88.5547 159.793 126.077 107.836 271.87 25.6582 2410.59 161.65 198.709 123.079 2269.16 1192.66 1076.5 88.9346 869.795 322.867 212.337 124.651
internal_count=19331 9825 9065 191 9506 8518 8874 7874 7755 119 7261 1810 760 618 1613 3184 4571 988 644 870 230 149 143 334 654 541 368 239 2314 521 4472 507 5451 3021 2430 215 1793 432 1767 1541 1494 1148 226 173 103 414 350 331 129 142 3270 463 1603 1249 3056 1770 1286 153 1339 431 257 182
cat_boundaries=0 23 24 44 65 84 105 106 128 143 163 183
cat_threshold=4198400 855638016 1342177284 134218240 0 0 0 2097152 0 0 786432 2164260864 2165182465 134217728 35389824 0 2048 0 0 0 0 0 128 589830 2 0 2432696832 1073741840 12592 0 0 0 0 0 1024 2097152 128 0 16384 12591424 302514976 134217728 33554560 98304 229408 1048576 1073741952 0 0 1107296256 65536 0 0 8 0 0 0 536870912 1 335545344 1610614784 36864 671088646 256 64 1073741824 2097152 2164260864 0 134251520 2048 0 12582912 0 0 270534656 2506757 16384 296 2149613568 8214 0 0 131088 268439552 134217728 1048576 0 167772160 2623488 2048 2151677960 131072 0 35328 537133056 1049088 0 4 4776 0 0 256 0 128 149504 2076 320 537395200 0 134217728 8192 49152 0 16384 2692743216 4608 0 0 303562752 0 4 129 268435456 131072 0 0 134217728 0 0 0 0 65536 0 536870912 524288 0 0 0 8917136 0 2 134217728 0 0 67108864 0 82048 134217728 256 0 0 1024 0 0 0 0 0 0 4456454 65625 268435456 1 0 0 0 0 16384 0 0 0 0 1024 0 0 0 0 0 0 0 4259857 268435456 1
is_linear=0
shrinkage=0.05


Tree=66
num_leaves=63
num_cat=11
split_feature=67 0 0 73 49 52 0 0 67 54 63 10 56 53 71 67 0 0 71 49 67 3 67 10 50 25 67 37 46 10 70 67 0 3 52 50 0 52 58 48 54 52 63 57 9 67 71 64 10 37 73 50 70 65 70 10 18 8 58 73 53 58
split_gain=29.869 8.24781 5.73113 5.05881 4.13727 3.73797 3.09126 2.83293 2.90889 2.75823 2.95305 2.7099 3.95923 2.36755 2.17243 2.08314 2.06281 1.93435 1.91932 1.68585 1.62231 6.10219 2.43795 1.94751 1.61519 1.6043 2.09098 1.55379 1.55119 1.95859 2.04584 1.54776 1.87913 1.50594 1.50572 1.49295 1.47991 1.86605 1.69784 1.46305 1.36039 1.3466 1.19081 1.18566 1.18381 1.18157 1.16701 1.14391 1.12141 1.10788 1.11583 1.24891 1.83898 1.26061 1.21975 1.20319 1.08944 1.0673 1.02622 0.992443 1.17891 0.971217
threshold=51.380000000000003 0 1 2 282.57111234571721 1398.3502770005152 3 4 2694.8800000000006 9.9415108633672009 86.085555555555558 15.588457268119894 3.4351542515138362 -147.1950301397633 0.085957964273715423 10.035000000000002 5 6 -0.78163479268549352 -269.96775203178026 9.0800000000000018 2019.5000000000002 2.0050000000000003 10.196152422706634 1201.1588536285142 -1.0000000180025095e-35 2.0050000000000003 -1.0000000180025095e-35 1.0000000180025095e-35 -6.7141016151377562 3.3479644228002985 129.32500000000002 7 2018.5000000000002 2.3603083170914858 -23.020469642671397 8 112.31246987704914 546.09183183411517 -105.78721431934265 58.365320136521611 153.51113169155431 332.58750000000003 -25.503022744410931 20.892304845413268 1323.4600000000003 -1.0443801549007377 1411.4950000000001 -4.75 -0.93301270189221919 9 -28.904988590049758 1.5731378473013431 20.040000000000003 3.247803821656051 -14.861215932167726 0.6830127018922193 2.5000000000000004 91.271320955770506 10 -16.935182327300925 9.2259399753158835
decision_type=2 9 9 9 2 2 9 9 2 2 2 2 2 2 2 2 9 9 2 2 2 2 2 2 2 2 2 2 2 2 2 2 9 2 2 2 9 2 2 2 2 2 2 2 2 2 2 2 2 2 9 2 2 2 2 2 2 2 2 9 2 2
left_child=2 4 15 14 9 7 39 8 13 10 35 17 -13 19 -4 -1 -11 -9 -17 40 21 23 -23 25 31 26 -8 -14 29 -18 46 32 61 -7 -20 -2 41 49 -39 -5 -3 47 57 -32 -22 -21 -31 -33 -15 -38 51 53 -53 -51 55 -55 -52 -41 -58 60 -34 -19
right_child=1 5 3 6 -6 33 20 11 -10 16 -12 12 27 48 -16 18 28 24 34 45 44 22 -24 -25 -26 -27 -28 -29 -30 30 43 36 59 -35 -36 -37 37 38 -40 42 -42 -43 -44 -45 -46 -47 -48 -49 -50 50 56 52 -54 54 -56 -57 58 -59 -60 -61 -62 -63
leaf_value=-0.021307142853739282 -0.035801549959756394 -0.014895415956632758 -0.02695483293224606 0.018047537239510327 -0.022219094290954675 0.014373842949583991 -0.042520083509465845 -0.0019585860477970784 0.014479841716130745 0.0059624708039598025 -0.0024444458697091683 -0.015889570125940052 -0.010814841175581933 0.00842724290148026 -0.0094294561902386331 -0.02055924490201784 -0.00037420028139372764 0.01675906772556161 -0.005557342886598534 -0.00029106140636095358 -0.0037386784554581487 -0.040424358951699178 -0.016627136948047048 -0.023353789460279169 0.013097568515436826 0.00037683698138575936 -0.001245673621176453 0.000168703500051738 0.0041511048521259124 -0.013350830957447541 -0.011323399750243143 -0.00025918240814511959 -0.00096447619321990505 0.0042126102263564235 -0.019501884461694333 -0.01453243960739403 -0.0035015282619805469 0.00050034206845620346 -0.01120780505700952 0.0088934790159886576 -0.0019747289272576407 0.0053866043992780903 -0.023939165618647507 -0.032886890097471332 -0.017028538779597719 0.010433944467312981 -0.0013355180967534503 -0.0089505906249797793 0.0038306115653103006 0.010887084323781939 0.0031482310504837422 0.004482413049578849 0.012689202614717177 0.008758983161332003 -0.0034706870889747612 0.001670879727157305 -0.0064248092829452541 -0.00091333092429696098 0.0024471818269225449 -0.0010256596808318717 -0.021203728292232393 0.0035786247735727968
leaf_weight=67.411828707903624 14.233243755996225 25.142899662256241 40.908036254346371 14.444081239402292 33.73420275002718 82.355093896389008 5.242063829675315 326.39219664409757 65.865333318710327 58.857124593108892 32.935060635209084 48.106604963541031 35.131500542163849 187.0269048511982 31.145738061517477 39.838538410142064 85.802318956702948 15.859182707965372 108.71468968689442 63.976314961910248 855.41699022520334 13.61154831945896 51.418026958592236 10.97396053932607 32.649043075740337 118.62683641724288 7.4005116000771523 385.80364357680082 46.634194798767567 36.221805453300476 11.940039919689299 442.76023361459374 12.571737164631488 65.435289323329926 23.552712388336658 19.629091493785381 57.536357782781124 217.86710262671113 36.094116970896721 40.526072520762682 107.36023083329201 99.408918373286724 4.5172821581363669 13.676710952073334 17.091236740350723 42.901412844657898 45.713980689644814 41.396990180015564 456.66298173367977 50.616957239806652 1458.9850178323686 165.14843337982893 116.35281014442444 87.927114821970463 69.7121986374259 187.63277238607407 60.007976360619068 87.964673050679266 71.347783744335175 486.5557035189122 16.823232766240835 117.72895782627165
leaf_count=225 57 56 52 32 40 59 20 837 46 31 76 49 83 259 76 110 246 15 260 117 4957 50 283 129 61 772 116 835 154 96 64 712 86 55 87 66 62 431 44 245 221 138 12 59 134 28 146 24 610 20 1037 342 97 148 58 327 68 1237 137 1771 97 577
internal_value=0 0.00153866 -0.00625204 -0.00481313 -0.0053312 0.00202265 -0.00396483 0.00181865 0.00429813 -0.00391893 -0.0131044 0.00129955 -0.00230096 0.00358738 -0.0170176 -0.0133012 -0.00186582 0.00170751 -0.0109382 -0.000657995 -0.00489826 -0.00891995 -0.0216082 -0.00311925 0.00201857 -0.00142766 -0.0183595 -0.00074799 -0.00387278 -0.00600831 -0.010503 0.00192898 -0.000294124 0.00987488 -0.00804043 -0.0234724 0.00238553 0.00289459 -0.00116367 0.00274761 -0.00442647 8.45623e-05 0.00129268 -0.0228361 -0.00399901 0.00401403 -0.00664719 -0.00100233 0.00516618 0.00335028 0.00352412 0.00525098 0.00787452 0.00351812 0.00243783 0.00393259 0.00273834 0.00217974 -0.00160586 -0.00166962 -0.00936263 0.00478516
internal_weight=0 6136.52 1538.8 1299.29 399.378 5737.14 1227.23 5589.35 948.936 365.644 66.7974 4640.42 469.042 883.071 72.0538 239.518 298.846 4171.37 172.106 239.381 1079.78 207.273 65.0296 142.243 3844.98 131.269 12.6426 420.935 239.989 193.355 107.553 3812.33 649.539 147.79 132.267 33.8623 3162.79 2579.23 253.961 147.452 132.503 583.566 133.008 25.6168 872.508 106.878 81.9358 484.157 643.69 2325.27 2267.73 677.39 281.501 395.889 345.272 275.56 1590.34 128.491 131.356 515.951 29.395 133.588
internal_count=19339 10542 8797 8115 1035 9507 7987 9393 1337 995 199 8056 967 1291 128 682 796 7089 457 422 6461 1370 333 1037 6252 908 136 918 765 611 365 6191 2546 114 347 123 3645 2771 475 1526 277 874 1494 123 5091 145 242 736 869 2296 2234 992 439 553 533 475 1242 1482 205 1954 183 592
cat_boundaries=0 21 44 45 64 84 105 126 142 164 165 166
cat_threshold=163840 128 0 1 1024 1243611136 36 0 0 16 524288 268435456 3 167772160 2 4194304 1610744321 16384 134217734 0 76 4194304 654311424 4 134217856 0 0 0 0 0 0 0 2174746624 17698820 1207959552 528768 0 0 0 1072 128 0 1024 128 589828 1075838976 0 1090519040 0 134283264 2097152 0 4194304 393216 0 287309824 82444 114704 212 32768 6192 0 0 131072 4096 134217760 352321536 0 32816 0 9 0 0 0 1024 2097152 128 0 0 1344 2152464448 234946648 128 32769 0 0 0 1 0 0 0 0 0 0 0 0 3 0 0 0 0 0 0 0 12 1048616 1572864 536870912 0 0 2048 82306 8 0 3221225505 0 0 0 269484032 32 128 268437504 268468224 268435456 256 128 268435456 1610612736 0 134217728 33554432 0 1024 2147483648 0 4194304 16886272 536880128 512 2147483648 1 14370 524352 0 512 48 33628160 12288 32768 0 196608 76 72192 0 0 0 2147483648 8388608 0 4194432 4325376 65540 0 134217728 44173360 38914
is_linear=0
shrinkage=0.05


Tree=67
num_leaves=63
num_cat=9
split_feature=66 0 0 66 0 71 40 50 64 0 65 59 86 0 9 39 70 22 66 70 17 66 60 0 64 21 66 50 59 70 65 6 59 65 71 19 0 40 91 48 28 59 8 71 59 47 66 51 37 53 70 0 89 8 23 0 64 53 16 60 65 77
split_gain=27.6443 9.72791 5.04358 4.7341 4.22194 3.35658 3.08147 3.0623 3.35646 2.97109 2.94133 2.73198 2.60409 2.40201 1.88178 1.83691 2.5458 2.50315 2.59581 2.34624 1.60844 1.58404 1.68402 1.56269 1.2768 1.27002 1.23028 2.13111 2.70572 1.24821 1.83288 1.2392 1.23556 1.20327 1.15063 2.47948 2.0476 1.32027 1.41996 1.28707 1.85745 1.37364 1.19532 1.11165 1.07604 1.06417 1.06154 1.72494 2.9141 6.5948 2.10792 1.72463 1.71675 1.59145 1.55271 1.32821 1.30051 1.1841 1.02266 1.02257 1.01936 1.15368
threshold=73.286666666666676 0 1 9.4166666666666696 2 -0.91388152431805547 0.6830127018922193 -214.62431786350464 41.172500000000007 3 2.0300000000000007 -720.34953856154527 1.0000000180025095e-35 4 7.9602041944577965e-16 -1.0000000180025095e-35 0.11619854002173498 -0.5 1.7383333333333335 0.095776094602574399 0.93301270189221952 4.078333333333334 18.960756978679765 5 960.50000000000011 -0.6830127018922193 1593.8025 -446.72002105454936 -66.836801096297975 1.3385176907359344 864.52500000000009 0.50000000000000022 -212.31925054589115 2370.4000000000005 -2.3262982028788661 -0.6830127018922193 6 -1.0000000180025095e-35 1.0000000180025095e-35 -12.251197360308215 0.6830127018922193 -0.81808794291262721 2.5000000000000004 18.862870927137603 -151.69639099109133 -115.00178541266762 369.48500000000007 26.007946935976602 -1.0000000180025095e-35 -24.207465567901504 12.744588744588746 7 1.5000000000000002 4.5000000000000009 -1.0000000180025095e-35 8 68.535000000000011 82.497505800933396 -0.5 -10.209692934407027 148.03000000000003 1.5000000000000002
decision_type=2 9 9 2 9 2 2 2 2 9 2 2 2 9 2 2 2 2 2 2 2 2 2 9 2 2 2 2 2 2 2 2 2 2 2 2 9 2 2 2 2 2 2 2 2 2 2 2 2 2 2 9 2 2 2 9 2 2 2 2 2 2
left_child=1 5 20 6 7 14 13 -2 -9 25 -7 -10 -8 -4 -1 16 -15 -17 19 -19 44 -12 -23 -5 -13 -6 27 28 -27 30 43 -31 -32 46 35 -25 -36 38 -38 42 -41 -42 -39 -29 -3 -46 47 51 49 -49 56 53 54 -11 -53 -48 -50 -57 -44 -30 61 -37
right_child=4 2 3 23 9 10 12 8 11 33 21 24 -14 15 -16 17 -18 18 -20 -21 -22 22 -24 34 -26 26 -28 29 59 31 32 -33 -34 -35 36 60 37 39 -40 40 41 -43 58 -45 45 -47 55 48 50 -51 -52 52 -54 -55 -56 57 -58 -59 -60 -61 -62 -63
leaf_value=-0.034502564953509056 -0.016187164469565661 -0.0075720831580617853 0.00067882685619501115 0.0015600122882765124 0.012226157505204846 -0.025744414248211653 -0.014176210410564239 -0.019084223074163256 0.017495544429184547 0.0095042718212709418 -0.017720945875758704 -0.0001674084148342058 -0.053988140317782846 -0.043621718052954526 -0.016676338136017137 0.0040761819562893185 -0.0072000517572817059 -0.010320546482288796 -0.0078634604903363488 -0.030760412854641331 0.01712405246862966 -0.002988215955501923 -0.01508558835833494 -0.028124033600075683 -0.010979446906001628 -0.012020024849973315 0.010400832310810137 0.0012954622559436658 0.0083036849393563466 0.0056606158050201989 0.013104177420654787 0.012705960875034073 0.0036964738159052969 -0.0040966541990664655 0.0022624800951953753 -0.007846096650143684 -0.0065773946405652045 0.0019250891290366623 -0.030908289080026703 -0.0037035657731790371 -0.0083841245286740522 -0.027884751807865361 0.0053458063708904449 -0.0088623905346038711 0.016425245883799452 0.0027573619736168458 0.0010507769814933931 -0.035626756837890738 0.010697848821170619 0.0027546636736341503 -0.012100735922258167 -0.0080338754515413124 -0.0081660026469074359 -0.0017114467058874155 0.0023184488905344624 0.0035508349447740404 0.00026989520667811644 0.0092005185213661356 -0.0090312407369109431 -0.0023582800042625963 0.0015719862275751029 0.0059993593156674472
leaf_weight=24.281537603586912 38.406513042747974 22.984960652887821 80.208072587382048 196.50830825790763 59.298860877752304 27.461704347282648 11.074480229523035 24.840005952864885 20.838418483734131 145.52467840909958 35.667245322838426 288.28811749070883 6.5289541259407988 9.1513869799673575 37.930461497977376 34.693015601485968 10.085268352180718 30.383330127224326 242.45948085747659 26.100030203349888 21.083241460844874 114.74955552816391 38.39284498244524 12.310448430478571 30.162152647972107 43.054902970790863 84.938347280025482 121.7903813496232 47.131398111581802 287.67752543091774 50.719291090965271 79.706247337162495 111.90474978089333 80.150009706616402 183.63613895326853 180.28540630452335 18.962257966399193 182.0421779602766 8.769883658736946 517.7628646241501 27.660639235749841 13.408041374757884 16.022894376888871 34.582310006022453 15.529597103595732 171.67293990124017 595.83091533184052 18.870520643889904 31.625431872904301 27.503877930343151 33.280679203569889 37.492431066930294 43.439867250621319 40.411604411900043 1067.7518741749227 992.15067677199841 547.69069682434201 102.30606479942799 54.238131089136004 43.010582268238068 46.070511545985937 16.41559836268425
leaf_count=70 25 63 1150 1693 65 94 129 185 6 213 187 769 8 11 88 46 101 142 1439 85 53 251 61 70 12 67 56 208 54 192 47 62 132 52 1168 843 164 233 15 1966 160 73 67 71 45 1043 769 29 100 77 6 84 36 139 1871 690 930 161 577 60 108 59
internal_value=0 -0.00428013 -0.00308797 -0.00393022 0.00218968 -0.0129347 -0.00843525 -0.00269211 -0.00134265 0.00260551 -0.010455 -4.37566e-05 -0.0289421 -0.00760171 -0.023634 -0.00924123 -0.0245268 -0.00863689 -0.0101123 -0.0197655 0.0037942 -0.00823121 -0.00602103 -0.00257954 -0.00119148 0.00508474 0.00467278 0.00407914 -0.00170866 0.0052023 0.00291408 0.00718915 0.00663055 0.00195889 -0.00320339 -0.00623271 -0.002479 -0.00350217 -0.0142717 -0.00317715 -0.00451542 -0.0147507 -0.000212978 -0.000950979 0.00263763 0.0038912 0.00209596 0.00131442 -0.000778652 -0.0128634 0.000136178 0.00234788 0.00157039 0.00670597 0.00196727 0.00301773 0.000839167 0.00404202 -0.00575258 0.00321641 -0.00512264 -0.00669063
internal_weight=0 2434.53 2156.05 1924.78 5130.38 278.483 450.684 402.535 364.129 4727.84 216.271 339.289 17.6034 433.081 62.212 352.873 19.2367 333.636 298.943 56.4834 231.271 188.81 153.142 1474.09 318.45 963.815 904.516 819.577 133.197 686.381 318.997 367.384 162.624 3764.03 1277.58 255.082 1022.5 838.867 27.7321 811.135 558.832 41.0687 252.303 156.373 210.187 187.203 3683.88 1993.59 658.971 46.3744 612.597 1334.62 1148.68 185.936 1105.24 1690.29 579.316 1094.46 70.261 90.142 242.772 196.701
internal_count=19430 12262 11511 10307 7168 751 3111 997 972 6171 593 787 137 2974 158 1824 112 1712 1666 227 1204 499 312 7196 781 1014 949 893 181 712 458 254 179 5157 5503 1080 4423 3255 179 3076 2199 233 877 279 1151 1088 5105 3485 1142 106 1036 2343 1991 352 1955 1620 1030 851 644 114 1010 902
cat_boundaries=0 23 43 64 86 101 121 142 162 182
cat_threshold=4194304 654311424 0 134217730 1280 33554464 0 2097152 0 0 524288 2231369728 17698817 134217728 786816 0 0 0 16 16 0 1024 128 2228224 32768 1141899264 0 33587200 0 33554432 134217728 262144 0 18876928 2360320 16384 0 2147483649 10294 2048 0 131136 131072 131112 128 524288 0 557056 8192 0 0 0 2147483720 4096 0 0 840433664 0 0 1610613825 32768 2 256 56 2 0 285212672 16 48 0 272 0 0 0 1024 2097152 0 0 0 25166868 2181562404 134348804 272785408 131076 4 134217728 0 16 16777216 536870912 134742016 0 536870912 4718592 512 0 2215641088 657569 4237440 4194 2105344 1073741824 270532608 0 67108864 4096 2621440 0 71303168 0 0 1073741824 570499597 66048 4632 133120 8 0 0 4 128 4096 1209008128 1 0 0 16777216 0 0 0 0 40960 1476411392 1091714 452 268472320 513 0 0 8 0 192 0 0 0 0 4096 1073745920 16384 0 0 524336 2048 0 0 0 0 8192 262272 90 570425344 1 1040 256 3221225984 0 0 0 1 0 2147483648 1342186500 0 0 0 0 16384 64 8388608 71303176 0 98304
is_linear=0
shrinkage=0.05


Tree=68
num_leaves=63
num_cat=7
split_feature=67 72 72 72 3 67 67 36 60 63 55 47 77 8 70 49 72 72 20 47 77 37 10 56 37 72 60 50 68 63 49 56 49 59 59 67 1 65 53 60 55 3 72 71 10 43 63 71 8 50 63 53 3 9 63 67 9 10 9 65 71 45
split_gain=23.4604 7.47196 6.61382 5.27799 3.69945 5.84118 3.65671 3.54262 2.69871 2.59178 3.00437 2.29152 2.17571 2.02089 2.07157 1.96526 1.72345 1.70307 1.50545 1.49581 1.44976 1.44287 1.37902 5.24933 1.50495 1.4638 2.57831 1.45078 1.37138 1.35576 1.32628 1.21154 1.20495 1.18717 1.18787 1.17829 1.14217 1.37074 1.11822 1.27492 1.19111 2.95777 1.21429 1.37606 2.39465 1.92234 1.53036 1.39801 1.27694 1.06076 1.06016 1.03435 1.02384 1.01754 1.01242 1.42548 0.99917 0.996769 0.982874 0.974034 1.05991 2.11506
threshold=33.050000000000004 0 1 2 2018.5000000000002 4.0400000000000009 102.34500000000001 0.25000000000000017 1.5732615204172975 57.173750000000005 -24.87775274242895 -10.751884598052275 1.5000000000000002 2.5000000000000004 2.0001736412571631 -21.206007223359013 3 4 0.25000000000000017 -94.119526408153547 1.0000000180025095e-35 1.0000000180025095e-35 15.79422863405995 25.331923678721285 -1.0000000180025095e-35 5 -415.83836935879657 184.54216359343437 0.83333333333333337 485.93500000000012 -6.1821738325256961 2.9189438590914092 184.45261419082252 16.906527519772848 219.74994346892996 14.900000000000002 4.5000000000000009 79.030000000000015 -742.21921075692933 -1533.85214353365 371.62600612416014 2018.5000000000002 6 -43.39191269641519 8.8301270189221963 0.68301270189221941 1190.5390909090911 8.1724577021715596 2.5000000000000004 -169.01713467501577 792.68893939393956 -13.477835458124108 2018.5000000000002 16.727241335952172 195.87636363636366 266.28000000000003 9.7631397208144151 8.8301270189221963 -24.499999999999996 2.0300000000000007 3.8857121153430931 0.68301270189221941
decision_type=2 9 9 9 2 2 2 2 2 2 2 2 2 2 2 2 9 9 2 2 2 2 2 2 2 9 2 2 2 2 2 2 2 2 2 2 2 2 2 2 2 2 9 2 2 2 2 2 2 2 2 2 2 2 2 2 2 2 2 2 2 2
left_child=2 13 19 9 16 -6 17 12 -9 10 -3 51 18 15 21 57 32 -5 35 -1 -13 52 25 -24 -25 26 -8 53 -26 36 -20 -14 -4 50 -35 -7 37 -11 -27 -40 42 -42 43 44 46 47 -41 48 -45 -19 -16 -12 -15 54 55 -28 -37 -2 -44 -51 61 -61
right_child=1 3 4 6 5 7 22 8 -10 29 11 20 31 14 33 -17 -18 49 30 -21 -22 -23 23 24 28 38 27 -29 -30 -31 -32 -33 -34 34 -36 56 -38 -39 39 40 41 -43 58 45 -46 -47 -48 -49 -50 59 -52 -53 -54 -55 -56 -57 -58 -59 -60 60 -62 -63
leaf_value=0.015499980766227928 0.0022193157582066428 -0.036156131948182776 0.00091887850129260945 0.002810820416164522 -0.02582195060950376 -0.010161793947841179 -0.017177920405053074 -0.033513571343905028 -0.0051086017254557674 -0.018057812830054691 -0.0089058967973742378 -0.02492084687324217 -0.037754367983400483 0.0019766417519215744 0.0011528903588976307 0.014465612698322763 -0.006112470209599004 -0.016789893300507897 -0.033536491802451156 0.0016057824104225484 -0.0025597043661064346 0.0074953401880568085 -0.02298119715461552 -0.010468349003322205 0.0082207048352022499 -0.0061230618846118377 -0.00023009168421942364 0.0067856543470633029 -0.00028311747414494352 -0.015799886969858543 -0.011314360957614981 -0.013893362476855298 0.026190991881834283 0.016168834221844466 0.005631884910416645 -0.0038325249620706652 0.00022496859783187551 -0.0033436600550852736 0.011073836423100452 -0.010402726531455998 0.0053338106660504809 -0.014529957487783296 -0.0056213297115254163 0.010770838342825051 0.0070551719819541871 0.016023299899401957 0.0019086340539076711 0.0010870216691208476 0.0039034808158823126 0.0040209806661743799 0.0089700862032322977 0.012932804455746728 -0.0052553792061563031 -0.010609635603169848 0.0010469951371873561 -0.01325604704951437 -0.012027800868483192 0.010620118226337447 0.0019698639373363909 -0.0024889953393709779 0.0015974111361393688 -0.010668415227475447
leaf_weight=24.2075559720397 87.268587574362755 12.876655107364057 85.869084358215332 169.65379121340811 56.662340140901506 157.76092968694866 22.710659086704254 24.69493492692709 12.643023489043115 21.12125032581389 9.7822743039578217 22.28153427131474 8.7575924918055552 108.18350819498301 102.62596144154668 109.78131748735905 198.75896114483476 12.945457845926283 9.4002129817381483 96.951262769289315 10.743479967117308 61.129686206579208 26.091004196554422 29.636483028531075 58.4837317019701 39.789833441376686 57.018894825130701 68.696434296667576 250.38208456337452 20.388712733983994 23.499601921066642 13.552173963747917 4.9906747639179221 55.812990427017212 51.360571980476379 284.904411341995 152.11362286657095 63.156660437583923 40.978624552488327 52.646812237799168 39.796129658818245 35.420353151857853 43.355220220983028 121.18690429627895 80.542928710579872 41.458977580070496 48.491449534893036 162.8044845983386 153.3426431119442 55.807871514931321 75.119046747684479 12.163830326870082 89.364893347024918 26.171257644891739 285.36095920950174 33.251065015792847 42.776393180713058 59.304831489920616 2584.9563333019614 621.64889442361891 117.46210817247629 90.546324437484145
leaf_count=63 95 111 1011 1170 226 664 42 88 88 89 53 135 25 173 99 95 2249 88 45 1088 27 75 97 40 45 28 170 98 605 13 104 106 9 45 59 756 444 134 30 89 76 41 77 102 48 9 30 207 337 86 49 52 197 45 566 170 209 41 3324 2317 551 147
internal_value=0 0.00118289 -0.00688756 0.000540789 -0.00827529 -0.0105017 0.000918849 -0.00899983 -0.0238954 -0.00555437 -0.0144169 -0.00932458 -0.00797112 0.00567659 0.00402175 0.0094071 -0.00368215 -0.00169803 -0.00731309 0.00404776 -0.0176465 0.000782368 0.0015706 -0.00137127 0.00029437 0.00184297 -0.000708979 7.08972e-05 0.00132708 -0.00342899 -0.0176637 -0.0232599 0.00207827 0.00696279 0.0111192 -0.00661159 -0.002362 -0.00703124 0.002204 0.00230778 0.002201 -0.00402028 0.00234328 0.00426305 0.000622664 0.00573345 -0.00449996 0.00475798 0.00693497 -0.00255235 0.00445661 0.0031984 -0.0012949 -0.00107713 -0.000412974 -0.00502822 -0.00490236 0.00561835 0.00183765 -0.00237302 -0.00280312 -0.0035289
internal_weight=0 6495.22 1045.43 5695.27 924.27 634.652 5370.64 577.989 37.338 324.628 67.8478 54.9711 540.651 799.951 543.597 256.355 289.619 1068.06 518.342 121.159 33.025 258.678 4302.57 364.593 338.502 3937.98 493.209 470.499 308.866 256.78 32.8998 22.3098 90.8598 284.919 107.174 485.442 236.392 84.2779 3444.77 3404.98 3364 75.2165 3288.79 660.474 181.681 478.793 101.138 437.334 274.53 898.411 177.745 21.9461 197.548 401.802 375.631 90.27 327.681 146.573 2628.31 885.465 829.657 712.195
internal_count=19352 12621 6731 11693 5580 2311 10635 2085 176 1058 378 267 1909 928 697 231 3269 4359 1778 1151 162 445 6276 787 690 5489 1091 1049 650 680 149 131 1020 252 104 1629 667 223 4398 4370 4340 117 4223 822 167 655 119 646 439 3189 148 105 370 951 906 340 965 136 3401 3101 3015 2464
cat_boundaries=0 23 44 67 89 111 134 155
cat_threshold=0 0 16777216 256 1310720 0 16384 0 0 524288 301990400 336 0 0 2148696064 34822 537461056 2 1619001344 0 512 0 544 1140850688 1049104 2147483648 1024 4194304 0 26624 0 536875008 65552 136192 4128 512 1024 0 2415919104 604504064 64 2147483648 0 8388608 16 524288 35700737 2048 0 0 0 0 0 0 1288 131080 9175072 64 16777216 33554432 262672 0 67108864 524288 33751044 67584 64 268452608 268697604 67112960 129 0 0 0 0 1141671936 140364 2097152 4194304 0 0 65536 0 0 0 262144 0 268435457 1048576 512 1611661312 1835008 64 0 0 0 0 1049120 529 4128 33554432 0 1024 66560 536870912 131074 0 4096 0 67125248 8193 32 0 0 0 0 0 8192 0 0 268435456 4161 0 1108443136 134228736 33554432 285212672 8388608 384 0 36864 2 4202560 1025 3145732 0 0 0 0 0 2048 0 0 1073741824 2 1056 402653184 83886080 536870916 1040 32 0 136380416 77594624 23330832
is_linear=0
shrinkage=0.05


Tree=69
num_leaves=63
num_cat=9
split_feature=67 67 3 67 0 0 36 0 0 0 60 18 57 3 48 0 23 57 65 56 67 0 65 55 52 13 65 71 63 9 0 46 56 77 70 56 20 67 32 63 9 0 65 58 71 49 52 5 56 64 70 58 46 34 51 45 70 51 86 20 65 60
split_gain=24.0092 7.04466 6.86354 7.5511 5.14272 3.7715 3.56983 3.40745 3.25696 2.52954 2.42691 2.04005 2.15521 2.22375 1.89361 1.91117 1.78657 1.77541 1.82794 1.79216 1.64222 1.60098 1.9002 2.71806 1.59852 1.5674 1.50119 1.52603 3.09504 1.86199 1.70246 1.46978 1.41388 1.36598 1.44684 1.42091 1.15434 1.107 1.07173 1.97132 1.0254 1.0153 1.81975 1.9802 1.01431 1.25412 0.986201 0.977295 0.956331 1.02794 0.955887 0.942807 0.88986 0.855834 0.839907 1.22855 0.883951 0.827605 0.820585 0.81959 0.790556 1.03601
threshold=30.320000000000004 163.69500000000002 2019.5000000000002 3.0600000000000005 0 1 0.25000000000000017 2 3 4 1.1994816041471694 0.6830127018922193 263.8353026734581 2018.5000000000002 54.713957991697953 5 -1.0000000180025095e-35 237.3059190374141 1123.5700000000004 281.84409899441567 2125.0550000000007 6 18.040000000000003 -13.966832227392802 236.37490844887506 -0.93301270189221919 109.07000000000001 -2.2547218208956834 41.904545454545463 -1.0000000180025095e-35 7 -1.25 316.95117878416835 1.5000000000000002 0.69351710650395615 2.9189438590914092 0.25000000000000017 1.0800000000000003 0.6830127018922193 317.66791666666671 6.2810889132455356 8 1036.7800000000004 514.30840091151492 -29.83382204336754 -97.15743147871548 -330.66106673315528 0.6830127018922193 20.461794165635563 12.072500000000002 2.4676506080014855 917.45202416051245 -1.0000000000000002 9.1848509936051497e-17 26.007946935976602 -0.6830127018922193 3.4657276995305168 331.57145155714687 1.5000000000000002 1.0000000180025095e-35 296.04500000000002 -4.7929428385468444
decision_type=2 2 2 2 9 9 2 9 9 9 2 2 2 2 2 9 2 2 2 2 2 9 2 2 2 2 2 2 2 2 9 2 2 2 2 2 2 2 2 2 2 9 2 2 2 2 2 2 2 2 2 2 2 2 2 2 2 2 2 2 2 2
left_child=2 4 5 37 31 48 33 17 -6 14 -8 12 20 -14 15 -9 -13 18 19 24 25 22 23 -7 60 -11 27 28 29 -10 -29 -2 -20 34 -5 -35 -36 -4 41 -40 -21 42 43 50 -24 -46 -43 -23 49 53 -27 -34 -32 -1 55 -17 -57 -19 -54 -28 61 -3
right_child=1 7 3 6 8 21 10 9 26 11 -12 16 13 -15 -16 54 -18 57 32 40 -22 47 44 -25 -26 38 59 30 -30 -31 52 -33 51 35 36 -37 -38 -39 39 -41 -42 46 -44 -45 45 -47 -48 -49 -50 -51 -52 -53 58 -55 -56 56 -58 -59 -60 -61 -62 -63
leaf_value=-0.02036860199554218 0.0033364022495362788 -0.0011780937940342501 -0.043438579628598345 -0.016234668088753842 0.0050150596036236126 0.048242888664739442 -0.032642745420702009 -0.012571881969858929 -0.036294649038545436 -0.0021513116422020606 -0.0077152131961457085 -0.011538232797615787 0.0019692244134879512 -0.015694473179897764 0.0031047272083935106 0.011187590970932674 -0.00034140820833973616 0.013388003111447772 -0.0053912372635144326 0.0036601056552229231 0.0069132039421255414 -0.00076659897932522861 0.019370776413315409 -0.001081803476254697 0.011839042357624334 0.001485925400092131 0.001925926447381837 0.0047969540818594602 -0.0035773905097781079 -0.011998488417377625 -0.010493830893739994 -0.011701652861359643 0.0061163742212947811 -0.040341263006210076 -0.0059532593801717047 -0.010322653506824131 -0.017889006962680112 -0.025895394554180801 0.0045799854456937466 -0.010749876069240404 -0.0063637265017102195 0.0090521472756684065 0.0092955920978484274 -0.012116670251494781 -0.018660738012584596 0.0033063028873313153 0.0029224093196485025 -0.0081117814789951528 -0.023317971959597006 -0.0044140152451219031 -0.0085333114433120225 -0.0016764756870219358 -0.0017928917750873745 0.00060449703331005129 -0.0060384293296452292 -0.00013291353979861967 -0.010861362662452807 0.0058637889983025855 -0.014494919539988377 -0.0040045403146271447 0.0078804533487911149 0.0061165379946569454
leaf_weight=27.069597728550434 18.182676643133163 84.128254741430283 14.836867387872188 43.899542588740587 210.75326787121594 5.9342091679573059 26.539245322346687 47.152508139610291 11.499794377014039 189.48680984228849 15.447571096941827 39.562831282615662 38.425064921379089 33.225092470645905 123.00788728147745 20.905295193195343 358.04325185716152 78.874252498149872 75.966408252716064 62.783600404858589 201.48810623586178 214.7930801846087 8.3867851197719556 5.2763771340250951 117.48544710874557 182.35436565428972 354.29841885529459 84.002743668854237 166.90098367445171 25.092112686485052 32.735470868647099 152.73287932574749 93.816891640424728 6.5779752470552948 352.38407634664327 9.8376512266695482 21.492532996460795 22.827721483074129 42.392572715878487 41.501036643981934 42.978152722120285 67.646541051566601 43.946065098047256 38.810864835977554 7.2845749557018271 60.12468321993947 2187.9515786617994 57.384169939905405 17.402856398373842 36.389204962179065 27.379813253879547 66.199248537421227 638.89060372672975 5.9296093732118598 94.688188161700964 127.30516171455383 22.609582062810659 68.099848300218582 12.973222739994524 69.723259903490543 146.32598996162415 115.49652570486069
leaf_count=228 14 81 40 340 821 40 84 32 81 315 91 24 74 39 273 42 628 80 39 76 108 2149 10 110 77 363 1352 509 901 122 29 542 70 19 924 89 87 90 92 12 78 113 50 68 17 586 2314 734 147 331 74 55 2456 51 243 336 83 51 42 228 111 93
internal_value=0 0.00114333 -0.00731546 -0.0112545 -0.00155134 -0.00277699 -0.00954982 0.00212499 -0.00063789 0.00146115 -0.0234715 0.00191045 0.0023491 -0.00622166 -0.00210243 -0.00421829 -0.00145552 0.0047978 0.00392575 0.0054597 0.00255224 -0.000336578 0.00521499 0.0250277 0.00679998 0.00224081 -0.00152084 -0.00261458 -0.00646469 -0.0196341 -0.00159524 -0.00954347 0.0002258 -0.00820357 -0.00764766 -0.0223515 -0.00663939 -0.032806 0.00255702 -0.00300349 -0.000413255 0.0027401 -8.07602e-05 -0.00174187 0.00297263 0.000932437 0.00309253 -0.00223316 -0.0115114 -0.0102093 0.000177961 0.00289244 -0.00241438 -0.0166 -0.00217917 -0.000167495 -0.00175094 0.00990169 -0.00204568 0.000950761 0.00508871 0.00304235
internal_weight=0 6657.82 959.818 513.843 1777.79 445.975 476.179 4880.04 1606.87 3927.88 41.9868 3492.21 3094.61 71.6502 435.669 312.661 397.606 952.155 805.181 569.198 3022.96 359.184 87.0066 11.2106 463.436 2821.47 1396.12 972.095 203.493 36.5919 768.602 170.916 235.983 434.192 417.776 16.4156 373.877 37.6646 2631.98 83.8936 105.762 2548.09 292.491 248.545 75.796 67.4093 2255.6 272.177 86.7913 69.3884 209.734 160.016 684.599 32.9992 265.508 170.82 149.915 146.974 651.864 424.022 345.951 199.625
internal_count=19358 13191 6167 1764 7097 4403 1634 6094 6541 5283 175 4274 3622 113 1009 736 652 811 680 516 3509 3646 763 150 362 3401 5720 4140 1104 203 3036 556 164 1459 1351 108 1011 130 3086 104 154 2982 555 505 613 603 2427 2883 757 610 437 125 2527 279 704 461 419 131 2498 1580 285 174
cat_boundaries=0 23 43 63 83 104 124 143 160 181
cat_threshold=0 0 1073741824 0 525312 33554432 22 1048576 0 0 2621440 3489660928 145 2097152 1056768 272633872 0 2281721856 33619968 16 32 0 128 0 0 269484032 671113984 0 0 0 69206016 0 0 67108864 2097172 3238006784 134217728 1835008 0 0 0 32 128 2 0 2441084928 48 75024 0 16388 0 262144 1342177280 0 0 0 0 16392 8388624 34342400 134217856 0 163840 0 603979776 0 0 33554688 0 16777216 67108864 0 0 134221312 2105348 2564 1476395008 2049 8707 1 32768 64 128 134250504 384 0 0 0 1207971840 256 0 131072 526352 6656 0 0 0 0 67109888 1879050240 268435490 536870914 1 128 32768 0 0 0 0 0 0 0 0 16 0 0 0 0 0 1024 1073743872 0 0 1 0 16 8388608 0 99456 32 536870912 0 262656 0 538968064 25329800 8192 80 2147516416 2068 0 0 131152 1073741824 402653184 1 0 0 0 134217728 0 0 0 0 738199040 65538 67108868 268599298 8 2048 527364 0 67108864 0 0 0 0 0 0 2155873293 0 0 0 0 2147483648 0 1 1 272629888 0 16
is_linear=0
shrinkage=0.05


Tree=70
num_leaves=63
num_cat=10
split_feature=0 67 73 0 67 0 3 0 67 59 3 52 71 65 10 47 67 10 0 67 0 54 71 17 8 65 64 65 82 70 0 64 63 71 50 47 63 54 47 0 70 50 59 71 64 67 10 45 8 53 54 49 59 0 50 48 68 8 3 30 65 34
split_gain=16.153 10.4369 4.19752 4.19445 3.50392 2.74247 2.64269 2.79266 3.04869 2.42324 2.15775 2.0227 1.78815 2.29971 1.71092 2.05909 2.24245 1.65396 1.62967 1.60856 2.17731 1.57307 1.52339 1.59458 1.54121 1.56604 1.75807 1.81803 2.01774 1.54154 1.52195 1.84602 1.64165 1.38746 2.4415 1.7903 2.01895 2.46476 1.39691 1.37413 1.4897 1.30555 1.29032 1.24264 1.32105 1.20664 1.26302 2.35084 1.21328 1.1929 1.14126 1.1263 1.84674 1.12473 1.55787 1.15833 1.14075 1.12003 1.16115 1.10593 1.06738 1.01451
threshold=0 51.380000000000003 1 2 20.145000000000003 3 2013.5000000000002 4 3.0600000000000005 1.0000000180025095e-35 2019.5000000000002 368.16135151648922 -1.3888694342745587 2.0300000000000007 17.160254037844386 -14.916670458789065 16.965000000000003 10.750000000000004 5 294.23000000000008 6 0.64166725543392666 4.7725013482348073 1.0000000180025095e-35 2.5000000000000004 40.025000000000006 1411.4950000000001 1077.9550000000002 1.0000000180025095e-35 2.3014514099636201 7 407.61000000000007 298.96666666666675 1.1777459543173119 -27.454468841114473 85.239611279865429 163.45227272727274 8.0213597321489392 -28.969907115957124 8 0.59282412373949189 -446.72002105454936 -0.35061216395567379 -0.128992066216776 15.215000000000002 14.900000000000002 -6.0000000000000018 0.68301270189221941 4.5000000000000009 -23.490935995587176 5.8777444610615008 -9.7577843623431644 -1.9222405393698676 9 -341.06943399302196 -110.38323177552489 0.83333333333333337 3.5000000000000004 2019.5000000000002 -0.93301270189221908 161.14500000000001 -0.68301270189221941
decision_type=9 2 9 9 2 9 2 9 2 2 2 2 2 2 2 2 2 2 9 2 9 2 2 2 2 2 2 2 2 2 9 2 2 2 2 2 2 2 2 9 2 2 2 2 2 2 2 2 2 2 2 2 2 9 2 2 2 2 2 2 2 2
left_child=12 2 4 22 9 11 39 14 10 -2 -9 33 42 -14 15 16 -8 18 -15 20 57 -6 24 41 29 -26 27 28 -27 -3 31 32 -22 35 49 36 37 -5 -39 40 -4 -24 -1 44 -23 -10 47 -47 -48 -35 -16 52 -20 54 55 -21 -56 -7 -59 -55 -51 -41
right_child=1 3 6 5 21 19 7 8 45 -11 -12 -13 13 17 50 -17 -18 -19 51 53 30 43 23 -25 25 26 -28 -29 -30 -31 -32 -33 -34 34 -36 -37 -38 38 -40 61 -42 -43 -44 -45 -46 46 48 -49 -50 60 -52 -53 -54 59 56 -57 -58 58 -60 -61 -62 -63
leaf_value=-0.011864156477099728 -0.014566126993330045 0.012888380327941271 0.0062025719547999124 -0.027761735174092878 0.012975779009901253 0.0064991494226912848 0.025386157267503841 -0.0073731345915237128 -0.007485616100861639 -0.036489663384793293 -0.030288020996533455 0.009835594297042994 -0.025200840733970799 -0.00016223497113652998 -0.031482234945615507 0.00074080691263846143 0.00085755831987025704 -0.022001494792107029 0.010566481712190117 -0.00099452310798273623 -0.0085386740870835864 -0.029438130709593554 -0.0094517340278578773 0.0079486914531318228 0.01133861697847446 0.0044432154913462453 -0.0044730860686849356 0.012261308243782951 -0.0088116815031095471 0.0042933359617516077 -0.00050139849976057809 -0.020295814442506926 0.0073673535544986754 0.0014356331613960801 0.0053646096481658172 -0.022648851257165845 -0.0010539952247979227 -0.014149976446760202 0.0016536103769643345 0.0067102575805326921 0.032839930579141717 0.0010518919169900259 -0.025806424871534783 -0.00020134054756213032 -0.0044321203200755914 -0.0044372384991464382 -0.00031473153544330526 -0.021820453204086279 -0.0059652404316045873 -0.0016743604356839919 -0.0020818001923532167 -0.013592268010971157 -0.013955659167517906 0.0080693958746199373 0.0057727416879534039 -0.012152642396639586 -0.0001287133274972369 0.0034543197973767692 -0.0068182486473353319 0.0021501482035167596 -0.016981797028916557 -0.0050531709240419498
leaf_weight=33.408484261482954 33.419514752924442 125.86573553830385 80.583737604320049 18.499672386795282 10.205057740211485 166.6446941755712 22.425410829484463 22.663000104948878 185.45937413536012 20.236339490860701 18.791438260581344 26.938815586268902 21.206030234694481 76.510260611772537 5.0826987279579035 68.879524732939899 15.941832821816204 19.042800135910511 14.434436872601511 52.002548940479755 53.935523815453053 11.00467896461487 35.674932792782784 70.631760522723198 63.614352617412806 193.36911717057228 67.027925968170166 59.997728377580643 33.717563606798649 89.094357252120972 1201.1058806292713 21.588240206241608 23.199235171079636 26.280109811574221 77.948937490582466 17.151803025975823 99.468979544937611 29.731560066342354 26.398146901279688 25.799945393577218 5.6144682914018622 173.27293637394905 32.973330952227116 20.677108250558376 10.15602697059512 172.2737853769213 394.88596935942769 21.924507431685925 125.0953435478732 17.381397925317287 9.4150978773832303 87.338446458801627 16.401709605008364 81.850770011544228 101.16011717915535 42.079616382718086 429.78691530972719 89.482970774173737 39.718985058367252 2196.4001493752003 33.027465831488371 63.291158705949783
leaf_count=57 86 101 761 108 4 310 78 183 1460 78 73 25 83 83 59 646 146 50 54 63 175 18 70 105 69 288 52 51 79 56 3962 31 36 51 241 29 166 164 181 173 70 283 75 117 91 1035 392 38 1860 69 109 332 74 73 81 51 688 308 215 2120 65 782
internal_value=0 0.000462381 -0.00350633 0.00138524 -0.0126702 0.000795179 -0.00260068 -0.00355979 -0.00445578 -0.0228346 -0.0177605 -0.00327316 -0.0111726 -0.00949595 0.00344893 0.00591153 0.0151944 -0.00793771 -0.00656208 0.00113883 -0.000133912 -0.00462531 0.00447856 0.00145398 0.00588588 0.00411561 0.00281804 0.00452035 0.00247514 0.009326 -0.00101923 -0.00669382 -0.00375474 -0.00438874 -0.00086702 -0.00723628 -0.00571787 -0.0119341 -0.00671745 0.00306641 0.00711245 -0.000741456 -0.0187896 -0.00891856 -0.0174366 -0.00389224 -0.0029591 -0.00639976 -0.00167411 -0.00720103 -0.0123891 -0.00985767 -0.00247682 0.00184227 -5.42406e-05 -0.00598515 0.000995677 0.00366634 0.000296349 0.00235248 -0.0117037 -0.00148042
internal_weight=0 7127.87 1343.83 5784.05 105.699 4871.78 1238.13 1062.84 941.093 53.6559 41.4544 372.827 301.315 234.934 121.745 107.247 38.3672 213.728 194.685 4498.96 1595.68 52.0429 912.266 279.58 632.687 417.727 354.112 287.084 227.087 214.96 1299.83 98.723 77.1348 345.888 154.638 191.25 174.098 74.6294 56.1297 175.289 86.1982 208.948 66.3818 41.8378 21.1607 899.639 714.18 194.198 519.981 76.689 14.4978 118.175 30.8361 2903.28 625.029 94.0822 530.947 295.847 129.202 2278.25 50.4089 89.0911
internal_count=19433 18625 8259 10366 394 9212 7865 6079 5041 164 256 1099 808 676 1038 870 224 593 543 8113 5037 230 1154 458 696 539 470 418 367 157 4204 242 211 1074 426 648 619 453 345 1786 831 353 132 226 109 4785 3325 1073 2252 185 168 460 128 3076 883 114 769 833 523 2193 134 955
cat_boundaries=0 23 24 45 66 85 106 128 146 165 187
cat_threshold=4325376 889192448 132 134217728 0 33554432 0 0 0 0 786432 2181038080 921620 0 786690 1024 1073741824 2147483648 1056 16 128 0 128 17367044 0 134217728 2172649472 536887312 33628160 0 0 0 0 0 0 2097152 512 134217728 2147483656 8396864 2185756704 9 268443712 196608 16 0 0 805306369 2 32768 2097152 260 4194304 262144 0 4096 0 1 34078720 0 301990656 537004289 32768 536936462 256 8 0 16 1098907648 0 99328 2048 855638016 14155776 393728 0 18874368 32896 8194 12288 2129920 2064 0 0 131072 131072 620756992 0 0 0 0 0 0 0 0 524288 33554432 16 0 256 0 1073741824 0 0 0 128 134217728 32 1048576 0 160 2048 10240 2147483648 0 0 35840 536880128 0 0 268439556 1077940244 4 98 0 32768 96 134217728 1048576 1048576 0 0 529680 4096 134234242 0 16384 0 0 0 0 0 0 0 64 4100 2097152 2097152 0 67108864 0 0 0 134217728 0 0 1207959552 25911325 1067008 374 0 16 0 0 16 84 288 524800 0 160 134217728 0 0 196608 1342177301 0 0 0 0 0 67108884 1168 0 4194432 0 4 134217728
is_linear=0
shrinkage=0.05


Tree=71
num_leaves=63
num_cat=9
split_feature=66 0 3 66 67 0 0 36 71 0 57 48 0 4 58 18 56 64 14 58 70 67 64 54 71 57 57 68 67 47 0 0 65 0 70 41 60 70 0 10 54 10 63 56 60 8 70 49 15 3 3 70 8 49 65 17 70 60 71 48 15 8
split_gain=16.08 7.97951 5.24635 9.99356 4.25187 4.12507 3.5215 2.90114 2.8936 2.87708 3.5823 2.91091 2.42378 2.30934 2.28051 2.20368 2.10665 1.86699 1.8616 1.807 1.56856 1.52985 1.45219 1.43363 2.02907 1.66612 1.4028 1.3367 1.35789 1.33297 2.15767 1.81969 1.7757 2.61741 1.78986 1.63057 1.54372 1.31927 1.31061 1.28321 1.2803 1.23258 1.20975 1.17888 1.16034 1.21189 1.19728 1.14391 1.13847 1.10313 1.47861 2.27951 1.09334 1.07667 1.0608 1.05812 1.03334 1.01601 1.34008 1.04965 1.00295 0.988689
threshold=63.991666666666667 0 2019.5000000000002 1.3466666666666669 17.070000000000004 1 2 0.6830127018922193 -2.2547218208956834 3 180.16872039706968 -394.31177268985658 4 1.0000000180025095e-35 31.213501863045597 0.6830127018922193 3.7587169043095101 70.062500000000014 -0.68301270189221908 3.7093918477281651 0.46418214987853229 70.355000000000004 139.52500000000003 38.359182382758178 -25.874541690585598 66.524838774232691 263.8353026734581 0.83333333333333337 14.900000000000002 -21.382427796032502 5 6 1509.8700000000001 7 35.539716495766207 0.93301270189221952 -373.54809154529545 0.79151969939217737 8 -1.9288187086570806e-15 27.330751976666757 -5.0000000000000009 338.6806944444445 230.84363281954157 48.723180894384065 1.5000000000000002 11.22119526388723 -269.96775203178026 0.25000000000000017 2012.5000000000002 2018.5000000000002 1.7690042746753118 4.5000000000000009 -435.42734683002874 722.84500000000014 -0.6830127018922193 1.408270068900592 -28.262315528889236 0.085957964273715423 -1.9662983785035795 0.25000000000000017 4.5000000000000009
decision_type=2 9 2 2 2 9 9 2 2 9 2 2 9 2 2 2 2 2 2 2 2 2 2 2 2 2 2 2 2 2 9 9 2 9 2 2 2 2 9 2 2 2 2 2 2 2 2 2 2 2 2 2 2 2 2 2 2 2 2 2 2 2
left_child=1 19 6 -4 7 49 22 20 13 10 11 -7 44 14 -6 26 -17 39 38 -1 -5 -16 -3 -19 -25 -26 29 28 -21 30 36 41 33 60 35 -35 -11 -10 -14 -13 -38 -31 -37 -33 45 -8 -47 -18 -49 -2 55 -52 56 -42 -55 -51 -45 58 -39 -59 -32 -20
right_child=5 2 3 4 8 9 12 -9 37 15 -12 17 18 -15 21 16 47 23 61 27 -22 -23 -24 24 25 -27 -28 -29 -30 31 32 43 -34 34 -36 42 40 57 -40 -41 53 -43 -44 52 -46 46 -48 48 -50 50 51 -53 -54 54 -56 -57 -58 59 -60 -61 -62 -63
leaf_value=-0.023508331830459389 -0.0016591408200615455 0.025094075570514573 -0.034552296886964956 -0.024470850956726561 -0.035794336455056856 0.017022535305931546 -0.019902526310329599 -0.035017759300166471 -0.0085113723650699826 -0.0091337516971905976 -0.020105389832998852 -0.004468904121230295 0.0035872672815225395 -0.0047258310049555418 -0.0003910780339328008 -0.01146301955820158 -0.0094053760158780766 0.0036000952819134398 0.0042566757590741756 -0.012381337829239964 -0.0075513357066500086 -0.020780660350553606 0.0080541351622596784 -0.018046653659710636 -0.0039351893375265427 0.011981231419817622 -0.0057424040761174565 -0.014346230394116546 -0.0016092209306412036 0.0091163899945091009 0.0042325250455209906 0.0026492756940928053 -0.0075846936437868363 0.0013710014788516217 0.0089502296717473961 -0.012750090771828954 -0.0064284151748120969 -0.014207954745124873 -0.0062538928522485222 -0.021944802191306605 0.0092970305796085308 0.0035155043306873811 0.00057979240161414405 -0.00060521809942282515 -0.031469112344134055 -0.0056993248689098464 0.018686379525020964 -0.0010559175122154235 0.006796076203385468 0.00093470232071925046 -0.00061462464881126147 0.0071307106926908857 0.0042294900618474341 0.0016375221339972393 -0.0070082569037981908 0.0092618418361773563 -0.010549229284302368 0.0017840021332610522 -0.0013003140079962386 -0.0023603457866654756 0.011126816108454635 -0.00022346483376232187
leaf_weight=29.919253777712584 55.691011130809784 19.483740501105785 27.065237752627581 15.768682220950721 12.800672448240219 19.42143440246582 14.288461983203886 12.571784572675822 58.807600848376751 67.98871074616909 28.929300725460052 22.2619668841362 41.515594037249684 115.70988782867789 17.180966313928366 51.271630495786667 33.892408840358257 93.646266784518957 299.5409487336874 55.598872531205416 104.32892767433077 19.803754948079586 34.899572737514973 22.590644001960754 135.22060051560402 18.71808172762394 59.915801376104355 112.201375445351 61.743127498775721 184.39107700437307 108.16421627998352 1054.6461742222309 47.998845294117928 1318.4490132033825 74.218017473816872 36.570744663476944 76.410737164318562 30.511507909744978 115.22788824513555 19.888170659542084 33.689876765012741 210.21731830388308 31.840253412723541 61.342497423291206 4.8450659811496726 80.74436205253005 5.3680738918483248 281.55265855044127 55.217513155192137 44.150368191301823 177.04461444914341 204.97747513651848 48.22498132288456 152.95160433650017 46.193401366472244 280.66053839027882 45.505523785948753 354.18608941882849 58.976538611575961 268.68032579310238 102.97262594103813 209.11424202658236
leaf_count=153 99 81 85 162 123 4 103 49 330 94 15 120 382 232 77 15 53 279 2301 238 512 85 64 22 406 27 97 308 140 260 99 1644 30 1579 18 63 60 80 1254 125 32 267 54 82 45 983 8 662 102 41 300 135 81 286 41 338 35 636 64 533 63 2709
internal_value=0 -0.00343115 -0.00226888 -0.0045471 -0.00378765 0.00166866 0.000731181 -0.0121651 -0.00260107 0.0010878 -0.00314389 -0.00175956 -0.000213628 -0.00860007 -0.0176045 0.00145925 -0.00196365 -0.00292749 0.000932719 -0.0115072 -0.00977285 -0.0113088 0.0119598 -0.00140058 -0.00405337 -0.00199984 0.00184706 -0.0104443 -0.00671325 0.0019699 0.0011401 0.00305476 0.00188621 0.00216934 0.00137589 0.000980471 -0.00225251 -0.00131365 -0.00381746 -0.0127148 -0.000812486 0.00598109 -0.00654602 0.00203395 -0.00691326 -0.00641682 -0.00417917 -0.00064966 0.000231511 0.00504984 0.00564988 0.00354121 -0.00201974 0.00103053 -0.000367941 0.00812996 -0.00484027 -0.000719451 -0.00570125 -3.70824e-06 0.00725146 0.00241484
internal_weight=0 2180.88 1921.42 1096.39 1069.33 5306.83 825.028 132.669 936.657 4544.3 360.676 331.747 770.645 165.495 49.7854 4183.63 421.934 312.326 665.399 259.463 120.098 36.9847 54.3833 270.176 176.529 153.939 3761.69 229.543 117.342 3701.78 2097.45 1604.33 1720.21 1672.21 1461.08 1386.86 377.234 771.162 156.743 42.1501 309.246 394.608 68.411 1209.72 105.246 100.401 86.1124 370.663 336.77 762.524 706.833 382.022 155.073 232.835 199.145 324.811 106.848 712.354 89.488 622.866 211.137 508.655
internal_count=19365 11737 10898 2968 2883 7628 7930 723 2160 6715 998 983 7785 517 285 5717 832 979 6646 839 674 162 145 734 455 433 4885 686 378 4788 2419 2369 1906 1876 1714 1696 513 1643 1636 245 419 527 117 1842 1139 1094 991 817 764 913 814 435 198 359 327 379 117 1313 144 1169 162 5010
cat_boundaries=0 23 43 63 84 103 123 144 165 184
cat_threshold=4194304 587202560 268435456 134217728 4096 33554432 134217728 3145728 0 0 524288 2147483648 17698817 0 102498688 4194304 262144 0 32 144 0 0 128 0 0 2432696320 16 66688 0 8336 0 0 0 0 0 0 0 0 25167184 2198602272 134217728 8320 32768 0 0 1141899264 0 33554432 0 0 67108864 0 0 0 402653184 0 0 0 20 0 0 131136 65536 134348804 524288 0 0 32768 134217728 33024 8 0 1082130432 0 0 0 838860800 32 0 268435729 32768 671154178 0 52 0 0 4194304 25106 66560 16777248 6 4194304 0 0 3296722944 0 2281701376 1222640640 134283264 128 0 0 1280 524306 288 0 0 48 0 4 0 0 5 0 0 0 0 2147500032 67108864 8388736 104988748 268566528 65537 18 32 0 0 48 1073758208 0 1073741824 2147483648 72 2048 2097152 0 0 2147500036 0 12582916 104988678 268566528 196609 8 0 0 1073742336 0 24576 0 1 0 0 268443648 0 0 0 0 0 4 0 1 4194304 4 8 0 1074790400 0 0 32 0 33554464 8 262144 0 1050624 1102073864 65536 14420 131072 8 0 0 8
is_linear=0
shrinkage=0.05


Tree=72
num_leaves=63
num_cat=11
split_feature=66 0 0 0 73 66 70 23 8 0 60 0 1 48 0 56 58 71 63 73 24 70 71 73 71 45 30 68 64 8 49 60 0 9 60 47 8 60 67 64 63 60 47 45 65 70 63 70 71 65 68 67 21 66 8 0 70 63 67 47 64 67
split_gain=18.1288 6.8875 4.19477 4.14674 3.75215 2.69745 2.64959 2.41225 2.38629 2.21705 2.003 1.7803 1.55048 2.02163 1.44335 1.72372 1.85909 1.37066 2.42211 1.70886 1.68849 1.48208 1.34666 1.33737 1.33236 1.3296 1.31656 1.38585 1.26566 1.17774 1.14504 1.22432 1.14395 1.86807 1.13725 1.23177 1.47729 1.12525 1.09399 1.05105 1.03658 1.06868 1.02799 0.990528 0.984607 0.952646 0.939095 0.993807 0.894562 1.61084 0.998492 2.27134 1.55939 1.0871 0.919533 0.944378 0.893318 0.873809 1.16811 0.850417 0.850034 1.47146
threshold=19.363333333333337 0 1 2 3 149.08166666666668 6.0421185952792182 -1.0000000180025095e-35 1.5000000000000002 4 9.8623925348246324 5 10.500000000000002 -214.00117112073326 6 709.25134162537086 633.19006404505433 -2.3262982028788661 41.261363636363647 7 0.6830127018922193 4.0023545706371202 0.7618459689894489 8 -4.0577670818758991 -1.2500000000000004 -2.7554552980815443e-16 0.83333333333333337 200.88750000000002 9.5000000000000018 -9.4433690043401128 300.33982832080346 9 14.28941916244324 -373.54809154529545 -213.62887852027802 3.5000000000000004 7.0701958563391933 521.50000000000011 819.8850000000001 206.97090909090915 16.421030860335545 -159.85198584483783 -1.0000000180025095e-35 325.94500000000005 1.5180141601361388 1246.7508333333337 4.9233674337531914 -43.39191269641519 676.85500000000013 0.41666666666666669 49.255000000000003 -1.0000000180025095e-35 1.3466666666666669 6.5000000000000009 10 2.8007436802708159 1517.8033333333335 1649.5800000000002 20.797925780901952 602.67250000000013 255.97000000000003
decision_type=2 9 9 9 9 2 2 2 2 9 2 9 2 2 9 2 2 2 2 9 2 2 2 9 2 2 2 2 2 2 2 2 9 2 2 2 2 2 2 2 2 2 2 2 2 2 2 2 2 2 2 2 2 2 2 9 2 2 2 2 2 2
left_child=3 6 -3 22 8 11 12 -8 -5 -6 -9 59 13 -2 15 16 30 18 21 -19 -21 -13 26 29 -15 -11 -1 -28 -25 37 32 -32 -7 56 38 36 -36 -20 -16 -40 41 -26 44 -31 -37 -30 47 -38 -27 50 52 53 -50 -52 55 -55 -34 58 -44 60 61 -4
right_child=1 2 5 4 9 14 7 10 -10 25 -12 17 -14 24 34 -17 -18 19 23 20 -22 -23 -24 28 40 48 27 -29 45 43 31 -33 33 -35 35 42 46 -39 39 -41 -42 -43 57 -45 -46 -47 -48 -49 49 -51 51 -53 -54 54 -56 -57 -58 -59 -60 -61 -62 -63
leaf_value=-0.0063154768076574613 0.010828290603650368 0.0047158147424745528 -0.004209816854895413 -0.027825492781924949 0.0027827670631713577 0.00053274839559730143 -0.0019708948366607476 -0.039492890147604653 -0.0085149335899287106 -0.020726640250061101 -0.015244756605455904 -0.0068377126047848152 -0.014507800068155255 -0.01055058858235596 0.0052646144623018885 -0.012458529224216978 0.0096639481072594343 0.0019283495318647356 -0.0053259646561717366 -0.00098051481162250514 -0.013142274118173118 -0.029025971254467917 -0.0083353963890244673 0.0047407821635876632 -0.0041592312777942861 0.011788610171557877 -0.016722690305323765 -0.031936399509996147 0.0020199762985605601 -0.038302896868150769 0.0033330795326260163 -0.0062259660238057233 -0.0017960256272199404 -0.020430586289783073 0.0079898311976763694 0.0019502343190897871 0.00066624712384873218 0.0024759484824650917 -0.0087279891513948136 -0.00026645444372988048 -0.0076701687551490177 0.0069652176134322747 0.0025864678164303446 -0.009261001016290446 -0.0055065570281601257 -0.0082447681033530323 -0.0048826435974417201 0.0096128390910601505 -0.017095821925597478 -0.024675888018905939 -0.025825565000689932 -0.028249448368288077 -0.00041561954366929848 0.00065168869100763651 -0.009354322526148165 -0.0049944633770506392 -0.012148081421149551 0.0083257590350656521 -0.0046401846289988889 -0.012965450861211709 -0.017691999152256287 0.016887416610314551
leaf_weight=15.323811855167149 25.101053357124329 853.95067834109068 116.03063786588609 31.613068498671055 113.24011327885091 168.91593085229397 20.68044501543045 12.603607203811405 32.389503763988614 12.648840626701711 26.263229705393314 18.778234178200368 30.767481511458755 58.444403298199177 52.066342860460281 27.62008136510849 48.954998344182968 985.45339975692332 164.36617420613766 411.42054879665375 30.666680544614792 12.55983076430857 41.732522130012512 128.1433860566467 40.892916673794389 8.456460699439047 38.362621430307627 24.546649515628815 46.370292447507381 4.2353127598762503 230.50736421346664 39.192347005009651 115.42662300914526 18.836816772818565 219.5664394646883 97.994092524051666 87.911106780171394 64.293034754693508 54.58259591460228 112.01657807826996 44.570272408425808 45.73284799233079 1688.2337566651404 9.5704118162393552 80.746043860912323 44.100575044751167 40.098060935735703 47.982359707355499 15.004410853609441 9.8281378336250764 6.1994559867307535 10.726870330050586 211.79502477357164 98.821824772283435 90.342948578298092 335.69103060476482 25.431270375847816 63.332046508789062 57.833080112934113 31.494787584990263 10.23948949575424 8.8987353295087797
leaf_count=69 10 1065 680 28 1002 240 12 89 79 40 59 113 84 94 87 30 30 3354 589 938 37 43 111 394 154 17 131 85 116 22 502 57 334 42 163 84 182 216 69 79 45 102 1844 151 74 24 39 25 78 40 82 42 805 985 1682 1529 41 56 30 181 12 12
internal_value=0 0.00111598 0.00147771 -0.0058319 -0.00458662 0.000954369 -0.00610521 -0.0157671 -0.0156136 -0.00365258 -0.0231079 -0.000449059 -0.00401042 -0.00250639 0.00185084 -0.000222662 0.000296026 -4.83119e-06 -0.00227951 0.000779766 -0.0017838 -0.0157304 -0.0143891 -0.0013653 -0.00427139 -0.00458718 -0.0194577 -0.0226589 0.00147658 -0.00383055 -0.000470477 0.00194397 -0.00245208 -0.00531011 0.00238029 0.00270601 0.00525418 -0.00313227 -0.0010616 -0.00303869 -0.00147417 0.00171376 0.00219903 -0.0181705 -0.00141838 -0.00298364 0.00184118 0.00382518 -0.00438603 -0.00456175 -0.00430454 -0.00547056 -0.00151913 -0.00501045 -0.00476459 -0.0038103 -0.00366504 0.00255637 0.00234711 -0.00525118 -0.00384222 -0.00270706
internal_weight=0 6522.88 6217.82 1096.72 976.758 5363.87 305.056 59.5473 64.0026 912.755 38.8668 2086.62 245.509 214.741 3277.25 674.885 647.265 1919.96 492.417 1427.54 442.087 31.3381 119.966 461.079 189.64 799.515 78.2331 62.9093 218.614 242.465 598.31 269.7 328.611 159.695 2602.36 2383.7 395.558 228.659 218.666 166.599 131.196 86.6258 1988.14 13.8057 178.74 90.4709 175.992 135.893 786.866 778.41 768.582 541.782 226.799 531.055 524.856 434.513 140.858 1809.4 1746.07 166.664 135.169 124.929
internal_count=19409 12604 11955 6805 6409 10890 649 160 107 6302 148 6882 489 405 4008 1276 1246 5997 1668 4329 975 156 396 1512 395 5300 285 216 534 978 1216 559 657 417 2732 2497 409 805 235 148 301 256 2088 173 158 140 246 207 5260 5243 5203 4320 883 4278 4196 2514 375 1930 1874 885 704 692
cat_boundaries=0 21 41 56 57 76 99 121 122 123 140 155
cat_threshold=196608 0 0 0 128 33554432 134217728 4194304 0 0 524288 2147483648 2 1048576 0 8192 1610875137 2147520512 33554434 260 200 2 134217728 1091567616 1073758224 49440 0 16 0 0 1073741824 0 2097152 0 134217728 16384 1082130448 268961808 67108864 192 229376 4194304 905969664 4 134217856 0 0 0 0 0 0 0 2181038080 397312 134217728 1835008 589830 0 0 1082130432 67108864 1024 0 268435456 0 393216 0 2097152 34817 41104 67126112 2147516417 2096 0 0 131072 1572864 192 12582913 0 1040 0 6 0 0 0 0 0 20 33554432 40962 301989888 32 98 66820 0 32 0 128 108 320 524288 32 134217728 1073758208 0 0 327680 8923189 0 0 0 0 2147483648 1348 8389248 0 131072 0 4 134217728 59926736 33568944 8 0 524288 32 134217728 0 0 0 65536 10289 0 0 0 0 2147483648 64 8389248 0 2097152 0 0 0 0 587202560 19398656 0 0 412352512 1773780 35653633 12304 4202496
is_linear=0
shrinkage=0.05


Tree=73
num_leaves=63
num_cat=11
split_feature=66 0 3 66 0 0 71 67 1 0 1 65 0 57 3 71 57 66 5 73 0 8 71 0 57 33 57 67 8 67 5 60 0 60 57 33 8 3 65 64 51 0 60 50 67 51 57 49 50 67 63 27 65 79 63 67 0 3 56 58 66 23
split_gain=16.2412 6.30912 4.58374 7.47956 4.07291 3.2095 3.15174 2.63986 2.46917 2.45137 2.19334 2.56126 2.07918 1.94221 2.08609 1.86023 1.80824 2.72421 1.39011 1.54027 1.4439 1.7732 1.54402 2.36495 3.5469 1.4703 1.35618 1.65569 1.33424 1.49277 1.32098 1.32779 1.40742 1.39483 1.27848 1.25506 1.22064 1.27398 1.31178 1.19606 2.30625 1.54781 1.42524 2.15649 1.30122 1.95822 1.58915 1.15638 1.14006 1.17386 1.31908 1.3022 1.42777 1.12585 1.10583 1.74073 1.06235 1.05031 1.01087 1.0056 0.998335 3.51817
threshold=69.231666666666683 0 2019.5000000000002 1.3466666666666669 1 2 -3.5347457119228367 15.030000000000003 9.5000000000000018 3 1.5000000000000002 2.0300000000000007 4 -2.2987292777022414 2021.5000000000002 18.862870927137603 -38.837595240422367 773.8133333333335 0.6830127018922193 5 6 4.5000000000000009 18.862870927137603 7 -3.4521854488517811 0.93301270189221952 66.524838774232691 725.53000000000009 5.5000000000000009 25.175000000000004 0.6830127018922193 56.828677687338477 8 51.697176975158904 10.773579757397213 -1.8660254037844384 1.5000000000000002 2017.5000000000002 1211.7150000000004 242.51250000000002 120.72655003176028 9 -338.39896078269675 -284.16012580782109 1101.6700000000003 -36.12416113482103 41.201170626672173 -100.86954963630562 -47.381877696261384 100.80000000000001 10.04166666666667 0.25000000000000022 59.020000000000003 1.0000000180025095e-35 267.44333333333338 322.06000000000006 10 2018.5000000000002 11.4524718801867 67.947459310261607 166.09833333333336 -1.0000000180025095e-35
decision_type=2 9 2 2 9 9 2 2 2 9 2 2 9 2 2 2 2 2 2 9 9 2 2 9 2 2 2 2 2 2 2 2 9 2 2 2 2 2 2 2 2 9 2 2 2 2 2 2 2 2 2 2 2 2 2 2 9 2 2 2 2 2
left_child=1 10 5 -4 39 15 8 -8 53 16 -1 -12 -7 -13 28 -3 47 26 20 57 21 -11 23 24 -22 35 27 54 29 -15 31 32 -14 -34 48 -25 -24 -38 -39 40 41 -2 43 -41 46 -46 -44 -6 -9 50 -50 -52 58 -5 55 -18 -32 -20 -53 -10 61 -21
right_child=4 2 3 6 9 12 7 34 59 18 11 13 30 14 -16 -17 17 -19 19 60 22 -23 36 25 -26 -27 -28 -29 -30 -31 56 -33 33 -35 -36 -37 37 38 -40 42 -42 -43 44 -45 45 -47 -48 -49 49 -51 51 52 -54 -55 -56 -57 -58 -59 -60 -61 -62 -63
leaf_value=-0.026907372515329084 -0.0010751689422139428 0.0049166570633268764 -0.029396349910371031 -0.013061267764773883 -0.0025768501996041564 -0.0087624495831344715 -0.0094588326782999409 -0.0098022426989101026 -0.036194559258065931 0.0059641924288617032 -0.025598593067463489 -0.0031413528858276751 0.004281945429493012 -0.013837193243489913 0.0028425988241203293 0.023917371229907544 -0.0028240118092955346 -0.020692469801557027 -0.0029822740634418967 -0.021200057601294023 0.0029112947921123922 -0.00057455194345665381 0.0095529318744822737 -0.0077458327697765787 -0.019079008381467876 -0.0034020826226176639 0.0047985575587320053 -0.017286638940412598 -0.0055505304902200943 -0.029279077040729524 0.0025784544156175551 0.0077508875382698329 -0.0014722205193354173 -0.023804571360712429 -0.008427141635895646 0.0017083200476116446 0.0084486963080260286 0.0030570927814136612 -0.009452576014839063 0.0053243389202175789 0.01856402505550515 0.0098032163407893915 -0.0015936915150899932 -0.0092499566877342464 0.012270686482555707 0.0033158555012139262 0.0067892826061456777 0.006435715270136028 0.0014153226402340872 0.004698916373515355 -0.0024180577522348009 -0.034283124454068489 -0.0042226813553977059 -0.00072347293767436997 0.00090087139391048672 -0.01553504011673729 -0.0069728972759477833 0.0040996185592366919 -0.011531423549118101 -0.016402452420719301 -0.00055325620493244343 -0.0019553373341977673
leaf_weight=20.801867835223675 61.92852633446455 154.14415844716132 29.662115056999028 44.024016398005188 69.974033832550049 74.125222744420171 147.38969388790429 41.859833529219031 12.220857796259226 386.24026626348495 23.525268159806728 99.445670008659363 118.31460158340633 43.389530278742313 17.822226725518703 14.056137908250092 97.591258402913809 24.792726218700409 66.667356263846159 27.930486768484116 35.489499602466822 141.72924638539553 92.935519874095917 35.753924518823624 37.940045893192291 163.20631614327431 42.748208947479725 24.136084169149399 23.349193125963211 24.48086728900671 37.712878322228789 61.126755494624376 295.95652077533305 7.1610193587839595 77.807026421651244 1932.0710645727813 52.123816147446632 59.680069699883461 32.29652738571167 53.588594421744347 43.044590204954147 64.475547410547733 124.18976135551929 48.219265341758728 113.84164732694626 131.65025368332863 103.77370834350586 72.433138467371464 215.05904664099216 73.301375094801188 513.98603480774909 8.4945381991565245 32.518216535449028 31.880417676642537 86.917114749550819 37.201994322240353 100.35278142802417 243.87336518988013 11.480277655646203 13.51513511687517 502.2004958987236 158.60290642827749
leaf_count=61 142 822 90 224 85 796 623 206 77 396 96 190 1148 130 34 30 379 25 209 5 61 375 68 79 45 267 71 33 116 47 483 470 3232 43 329 2636 102 103 41 57 59 89 178 61 70 81 141 99 186 66 1117 35 32 71 110 76 1119 251 68 34 538 385
internal_value=0 -0.00358472 -0.00264404 -0.00458757 0.00141471 0.000147758 -0.00398613 -0.00322231 -0.0124171 0.000830247 -0.0109219 -0.00995942 -0.00137148 -0.00819473 -0.0128034 0.0061395 -0.0026074 -0.00478755 0.00123061 -0.000379403 0.00177655 0.00413068 0.00124545 0.000838242 -0.00743787 0.00115291 -0.00342118 -0.00485044 -0.0158603 -0.0194071 -0.00036378 0.000864235 -0.000134641 -0.00193594 -0.00227906 0.00153655 0.00508508 0.00220361 -0.00133553 0.0048114 0.00856805 0.00516411 0.00378848 -0.00157849 0.00494255 0.00746847 0.00222241 0.00200725 -0.00174559 -0.00135107 -0.00191851 -0.00318417 -0.0106856 -0.0078793 -0.0034966 -0.00633217 -0.00468222 0.0024988 -0.0212069 -0.0258008 -0.00168891 -0.00483694
internal_weight=0 2368.96 2116.15 1253.2 5169.25 862.95 1223.54 1121.9 101.64 4424.54 252.815 232.013 694.75 208.487 109.042 168.2 455.795 313.387 3968.74 999.275 2969.47 527.97 2441.5 2204.46 73.4295 2131.03 288.595 245.846 91.2196 67.8704 620.625 482.559 421.432 303.118 974.506 1967.82 237.036 144.1 91.9766 744.712 169.449 126.404 575.263 101.808 473.455 245.492 227.963 142.407 896.699 854.839 781.538 566.479 52.493 75.9044 221.71 134.793 138.066 310.541 19.9748 25.736 688.734 186.533
internal_count=19292 11975 11301 3158 7317 8143 3068 2662 406 6439 674 613 7291 517 327 852 878 694 5561 1388 4173 771 3402 3088 106 2982 669 598 293 177 6495 4893 4423 3275 2039 2715 314 246 144 878 290 231 588 118 470 151 319 184 1710 1504 1438 1252 135 295 565 455 1602 460 103 111 928 390
cat_boundaries=0 23 43 63 85 105 106 126 147 167 187 206
cat_threshold=4198400 822083584 269484032 134217728 66560 33554432 0 6291456 0 0 0 2701131776 17698832 134217728 786688 268435456 0 0 1024 16 0 0 128 2 0 2172649472 16 29696 0 16 0 0 1088 0 0 0 0 8 25175044 268960000 134217728 272629760 131089 268435456 1074823168 1140850688 0 134217728 2097152 33554432 2214592512 0 0 271058944 472121348 0 4 100663296 2102 0 0 131072 65536 524320 128 524288 0 0 0 278528 0 393216 2684354608 4096 0 0 1572864 2147483648 67108864 1610612817 4227072 33554496 256 164 134217728 0 16 0 786 4096 32 268435478 0 262144 0 0 8388608 335544320 14681088 4194304 128 262144 0 288 128 27478016 0 0 1409286144 0 16 16384 256 0 0 1342439936 1024 0 0 0 16384 0 2151679648 33554531 139264 65536 0 0 0 0 0 0 0 0 0 0 0 0 0 0 0 256 8650752 0 2 4 24 1073807360 2097152 1 536870912 32768 526336 553648128 8388608 0 0 8192 172296 537927680 41 18874368 3221225984 0 2147483648 16 131072 0 0 2155872256 16 0 0 16 0 0 0 0 0 0 0 0 0 256 0 0 16 0 0 0 1073741824 0 0 134217760 8 0 0 1048576 1075344016 116736 14416 135397376 8 0 0 8
is_linear=0
shrinkage=0.05


Tree=74
num_leaves=63
num_cat=7
split_feature=0 66 0 3 66 60 70 70 0 57 56 10 0 8 10 55 70 38 64 66 65 54 91 0 70 11 56 53 56 48 1 47 37 0 65 56 70 51 10 34 71 53 9 33 70 70 59 67 47 10 45 57 57 70 0 70 48 60 9 57 38 3
split_gain=12.2905 7.77293 4.66184 2.83458 6.92609 2.54681 2.28424 2.21601 2.09606 4.87111 4.04084 2.08096 2.39084 2.00055 1.7715 1.75941 1.69373 2.13277 1.61646 1.55954 2.06005 3.35124 4.94609 2.3936 2.0251 1.35345 1.34929 1.32607 1.30267 1.28365 1.65935 1.25045 1.2145 1.40471 2.43963 2.12786 1.10603 1.18315 1.0664 1.15451 1.04336 0.968133 1.1553 1.30934 0.960999 1.28997 0.917474 0.957066 0.899598 0.817557 0.815767 0.827969 1.01412 0.910746 0.907807 1.31391 1.21191 1.90481 1.10981 1.21629 0.866378 0.82447
threshold=0 18.911666666666672 1 2019.5000000000002 1.3466666666666669 -15.052369509766176 0.78408840833390558 5.7370368982815281 2 180.16872039706968 382.64459015696201 10.196152422706634 3 4.5000000000000009 -3.4820508075688763 530.41587025834167 1.7690042746753118 0.6830127018922193 6.0425000000000013 159.15000000000003 3.9700000000000002 0.42947395457066434 1.5000000000000002 4 3.1544883433098838 0.25000000000000011 6.4653224177633346 188.36569669061029 3.5894549252627539 -55.423162538659291 11.500000000000002 -13.665671349750296 -0.93301270189221919 5 1451.8850000000002 7.7082911688581781 2.3813052396616654 -45.213783174434511 1.0103336092965665e-15 0.25000000000000028 -3.051407977274208 -357.90991880184077 -7.8971143170299731 -1.0000000180025095e-35 1.408270068900592 0.41133227298761094 -20.333386696778124 11.040000000000001 29.125522394101033 8.2500000000000036 -1.0000000000000002 -167.27560794147686 -136.07492861107497 1.3529331322179481 6 1.941273539118618 1.5512148816154279 -415.83836935879657 -10.000000000000002 -40.165134646701027 -0.5 2016.5000000000002
decision_type=9 2 9 2 2 2 2 2 9 2 2 2 9 2 2 2 2 2 2 2 2 2 2 9 2 2 2 2 2 2 2 2 2 9 2 2 2 2 2 2 2 2 2 2 2 2 2 2 2 2 2 2 2 2 9 2 2 2 2 2 2 2
left_child=5 3 13 11 -5 14 -6 26 9 10 36 12 18 41 -1 19 17 -15 -2 20 21 -10 24 31 -23 28 -7 -20 -13 30 -25 -22 -21 34 35 -34 -4 -38 -28 -40 48 -3 43 -43 45 -44 -8 -48 -37 -18 -35 53 -53 -52 55 61 57 -56 -58 -60 -59 -54
right_child=1 2 8 4 6 7 46 -9 15 -11 -12 25 -14 16 -16 -17 49 -19 27 32 23 22 -24 29 -26 -27 38 -29 -30 -31 -32 -33 33 50 -36 40 37 -39 39 -41 -42 42 44 -45 -46 -47 47 -49 -50 -51 51 52 54 -55 56 -57 58 60 59 -61 -62 -63
leaf_value=-0.010410698922976826 0.030346156582205297 0.01245474900109194 -0.0010347259052494139 -0.030418967903181094 -0.014224780577015742 -0.012127215561635239 -0.012255753376919639 -0.019365425839405658 -0.00020936974701420854 -0.023439169985200979 0.011987413881895351 -0.03757595958536758 -0.0019356252229084788 -0.0060544315082025867 -0.032561256983298592 -0.0087074594720796174 0.0079335066267860656 0.011286306788150954 0.0038195448994969429 -0.0046590232323387498 0.013945804296750583 0.0070223661741791333 -0.04581674979543237 -0.002222252011053544 -0.02122037484537485 0.016276368779880326 0.0016926375647787159 0.026753457263122601 -0.0098363262023174261 0.00046055640809562623 -0.019002908855643066 0.0031090117900264952 0.0092425918843586433 0.0083369023223191282 -0.013922499214565896 -0.001377283956464732 -0.01656369062924146 -0.0046135997608314295 -0.014274068956758796 0.00082357956779768437 0.0015649160972583003 0.0062224673394171487 0.0128051576842456 -0.0026418166313124233 0.011582017348037169 0.001557773609939702 -0.0078628414390976894 -0.0014426991876570869 -0.008732876662485593 0.00011885207696954031 0.0029852385636067644 0.0092006772632993259 0.0065285696929031981 -0.0041249703212909517 -0.0065855854821825896 -0.007706940747403657 0.0014062423258351367 0.0078708328701904886 -0.0010122031244431469 0.0082526605812141118 0.0021908650135747656 -0.00014321886619544612
leaf_weight=15.802635939791797 7.0892481915652743 66.472157835960388 190.34788667038083 28.500255850609392 57.669009902514517 64.56850491091609 27.866351515054703 40.554283019155264 66.369739035144448 26.884676814079285 48.921145915985107 4.6506162639707318 314.75222391821444 98.819646291434765 21.049823593348265 47.015043865889311 91.849416460841894 21.609004288911819 83.480235300958157 73.032788544893265 47.415805470198393 13.187487669289114 11.73296547308564 301.05466192029417 12.236362006515263 4.4937132596969596 57.373833369463682 6.8178313076496115 47.048690732568502 1499.7355201952159 15.489979580044745 60.694639857858419 61.404009714722633 56.720444023609161 31.15106725692749 198.86903274059296 26.022825511172414 101.50733092054725 31.296969011425972 21.266897521913052 269.10745409503579 112.05447694659233 37.333479449152946 66.31124384701252 112.88284316658974 80.378268867731094 73.945605644024909 270.01788546424359 52.551725134253502 52.655712608247995 81.025790430605412 55.680538222193718 58.177351117134094 101.39882368594408 60.369733840227127 48.20785728096962 133.9598464332521 70.969022825360298 41.389345817267895 245.79395185410976 1243.0508293546736 226.91192887723446
leaf_count=48 47 67 508 92 523 225 52 82 21 14 13 33 3192 287 74 114 89 33 692 76 86 92 17 982 51 7 133 7 595 5220 62 100 26 65 14 355 52 190 83 43 602 97 67 66 75 88 231 788 94 65 151 67 121 137 75 62 238 41 75 362 917 398
internal_value=0 0.00052376 0.00115154 -0.00375285 -0.00654975 -0.0105013 -0.00496586 -0.00883702 0.000650478 -0.00282405 -0.00139005 -0.00101767 0.00021301 0.00485254 -0.0230629 0.000919234 0.00143634 -0.00294291 0.00667107 0.00100912 -6.96401e-05 -0.00694039 -0.0189634 0.000299986 -0.00657071 -0.0100439 -0.00639028 0.00555114 -0.0123316 -0.000149299 -0.00304341 0.00719625 0.00171259 0.00186582 -0.000285459 0.000439632 -0.00344883 -0.00705204 -0.00302087 -0.00816569 -0.000598808 0.00685828 0.00594864 0.00292698 0.0082859 0.005125 -0.00352984 -0.00282291 -0.00291474 0.00508595 0.00240128 0.00226918 0.00253942 -0.000966897 0.00236519 -7.05461e-05 0.00280212 0.00209866 0.00516437 0.00691739 0.00249763 0.00121827
internal_weight=0 7245.09 6318.75 926.332 457.999 251.913 429.499 215.06 5578.39 393.684 366.799 468.333 412.14 740.366 36.8525 5184.7 264.934 120.429 97.3873 5137.69 2027.92 103.527 37.1568 1924.39 25.4238 56.193 174.506 90.2981 51.6993 1816.28 316.545 108.11 3109.77 3036.74 613.083 581.932 317.878 127.53 109.938 52.5639 520.528 475.432 408.96 178.366 230.595 117.712 371.83 343.963 251.421 144.505 2423.66 2366.94 2184.51 182.425 2128.83 333.297 1795.53 1374.39 421.143 287.183 1314.02 285.089
internal_count=19279 18591 12332 6259 1686 688 1594 566 11398 777 763 4573 3938 934 122 10621 474 320 746 10507 6631 181 160 6450 143 635 484 699 628 6264 1044 186 3876 3800 1091 1077 750 242 259 126 1051 460 393 163 230 155 1071 1019 449 154 2709 2644 2356 288 2289 581 1708 1033 675 437 958 519
cat_boundaries=0 23 43 64 83 102 124 145
cat_threshold=4325376 620756992 0 0 0 33554432 134217728 1048576 0 16 524288 2147483648 1074139136 0 786688 0 1074003968 2147483648 0 144 96 0 128 0 268435456 285212672 1073758258 33558528 0 8320 67108864 0 0 0 2097152 4 0 0 1086333188 2181563408 0 64 98308 32768 1048704 536871040 1 32 1075838976 34816 4194304 0 2151677952 4096 402653184 528 0 2 268435456 537001984 32896 16388 0 148 1073741824 32784 1090519040 1073741824 134250624 2048 536870912 27787264 131584 0 2097152 16875529 10240 64 2197815296 20 0 0 131072 2 134217728 68157440 134217728 128 0 0 0 0 0 0 1610612740 1 134217728 1 2147483664 192 0 131072 525422 64 524288 0 41088 0 256 0 327680 1887439397 0 0 0 0 0 0 268435968 32 4333570 0 0 134217728 16 0 2147483648 0 0 20480 0 0 2147500032 270336 0 0 0 0 0 67108880 16777218 80 0 0 8
is_linear=0
shrinkage=0.05


Tree=75
num_leaves=63
num_cat=10
split_feature=67 72 72 49 3 67 70 51 72 72 67 72 18 72 3 70 72 47 51 3 48 17 72 52 64 49 77 55 85 8 46 71 54 48 51 48 52 51 67 9 54 48 59 54 73 47 70 55 64 63 52 5 16 72 70 70 1 55 58 49 64 49
split_gain=12.3014 6.91849 4.6615 4.24979 4.02297 5.0602 3.63082 2.55759 1.96575 1.95886 1.91739 1.89161 1.58022 1.45499 1.425 1.55613 1.4363 1.48319 1.84942 1.48885 1.40754 1.35949 1.33433 1.30372 2.14817 1.32258 1.22202 2.48729 2.51823 1.58381 1.21953 1.52677 1.21306 1.20918 1.84034 1.23166 1.70218 1.14896 1.14628 1.1024 1.0986 1.8251 1.64969 3.34079 1.08695 1.07473 2.26818 1.04778 1.04336 1.02688 1.02665 1.02079 1.01752 1.07763 1.00998 1.11353 0.992568 0.989021 0.98634 0.982472 0.950089 0.925787
threshold=33.050000000000004 0 1 318.05818004283736 2018.5000000000002 5.2150000000000007 2.8007436802708159 11.899109609614815 2 3 199.91000000000003 4 1.0000000180025095e-35 5 2012.5000000000002 2.0001736412571631 6 -438.59762599741572 -138.64431992912108 2020.5000000000002 -470.81651161298515 0.93301270189221952 7 -56.222001015522395 1176.1325000000002 -140.6678215082612 1.0000000180025095e-35 -0.4077761674244072 1.0000000180025095e-35 2.5000000000000004 0.6830127018922193 -9.7306142605173456 201.04919446074737 -46.198382494658617 251.6296876686506 -63.122637727361656 -142.74140843379934 -44.057054891995641 1.0800000000000003 13.428203230275512 11.340722714430029 -94.094596370917714 -2.0697238409085226 2.866949053704738 8 -17.481415578670134 3.0792966930600847 -7.2999543493279448 19.557500000000005 177.31625000000005 -201.93936864822777 -0.5 0.6830127018922193 9 9.2920259767912281 7.403766109232806 6.5000000000000009 -234.75081174206085 587.36948956728418 150.43312288636704 6.0425000000000013 -181.45428828299609
decision_type=2 9 9 2 2 2 2 2 9 9 2 9 2 9 2 2 9 2 2 2 2 2 9 2 2 2 2 2 2 2 2 2 2 2 2 2 2 2 2 2 2 2 2 2 9 2 2 2 2 2 2 2 2 9 2 2 2 2 2 2 2 2
left_child=4 3 23 6 8 7 9 38 60 -2 11 21 14 -7 15 -12 -16 20 19 58 50 45 -13 24 25 -3 -15 28 29 -28 44 -32 51 35 -35 36 -20 -38 -6 -17 41 -24 43 -43 61 46 -4 56 -42 -25 -18 -11 53 -10 55 -50 -8 -51 -19 -46 -1 -14
right_child=1 2 10 -5 5 13 47 -9 52 32 12 22 30 26 16 39 17 18 33 -21 -22 -23 40 49 -26 -27 27 -29 -30 -31 31 -33 -34 34 -36 -37 37 -39 -40 -41 48 42 -44 -45 59 -47 -48 -49 54 57 -52 -53 -54 -55 -56 -57 -58 -59 -60 -61 -62 -63
leaf_value=-0.027724673400211772 0.0039101831326429186 0.0094729603186492917 0.0016617844272997263 -0.024527391203915158 -0.032681298981553537 -0.0005325794706057301 -0.016447962821163779 -0.00033989685922663273 0.0078518782771313331 -3.9064029499336869e-05 0.0031404153880084311 -0.0060099283161679324 -0.011235191658421207 -0.0057772948182402651 -0.0001634725288442004 -0.016272353034831363 0.0067248582211823704 0.0069562894794973594 -0.0075518616667080846 0.0034946297959782035 -0.0092742629287839943 0.017206467094294072 -0.019173962856630918 0.01163229300502191 -0.0055744679310620292 -2.1828507762981856e-05 -0.046735924937083964 -0.005452264500958902 -0.010341096208651529 -0.017745998518755461 -0.015176415611289303 -0.0019387505388132221 0.0060775195070256723 0.0026981961817969021 0.0093244724980921581 -0.0048283425105942893 -0.0013717298113278412 0.0034814907400523005 -0.018660218189606111 -0.0025267866650759384 0.011268463329713433 -0.027524697258473552 -0.0009111275805319274 -0.0030045693620580839 0.0006268723443943982 0.0046391966660583655 -0.02206866374187709 -0.021809239274750102 4.593435657509995e-05 0.0094671479848480091 -0.0034630927365686352 -0.0094496853353540893 -0.01227088818008857 -4.2303115372072415e-05 -0.0085007625190121582 0.0081284105126211478 -0.0040445133702227366 0.0038671863230454275 0.014828796383213556 0.0068548227883835399 -0.0075044757142956582 -0.0015681897760020963
leaf_weight=6.4202400110661975 102.83348871767521 84.018789671361446 51.374277353286743 27.948360718786716 23.308675025589764 118.62049689516425 29.455915428698063 14.117442338727413 41.689481668174267 41.065341809764504 46.000813819468021 124.98570757731795 29.401993542909622 336.88205435033888 524.25925838947296 28.168314535170794 46.108088135719299 128.46777968853712 47.286415793001652 251.36644130572677 46.543047934770584 16.920791760087013 15.689887911081312 87.28864661604166 64.820065051317215 65.091299183666706 11.2075502127409 61.01032595243305 24.172286201268435 8.1283231489360315 28.547181636095047 91.908514067530632 21.696576718240976 735.50110000744462 122.19324576109648 83.161230806261301 162.40443563461304 489.5807880833745 38.912763529457152 30.252552531659603 21.810852339491248 18.094804912805557 533.56170764565468 59.798630470409989 545.34805724024773 166.39072274416685 12.524228271096943 24.375017419457436 662.14029448293149 114.21691644191742 53.32794052362442 96.607680793851614 14.553930090740321 272.90206403657794 32.107532698661089 45.54509424045682 35.650686398148537 254.59539785981178 57.637498930096626 71.643198326230049 61.062788233160973 157.09529661387205
leaf_count=59 64 109 374 26 69 285 78 57 280 145 134 614 37 1497 854 126 69 199 62 164 78 22 59 87 61 96 16 256 119 113 16 181 22 811 150 86 133 356 226 32 99 67 1013 528 569 671 22 68 3033 74 39 294 181 3036 7 11 48 209 63 134 584 344
internal_value=0 0.000854946 0.00125758 -0.00561358 -0.00501365 -0.00747705 -0.00427012 -0.0195533 -0.0010613 -0.00130226 0.000775932 -0.000585169 0.00141271 -0.00583089 0.00199485 -0.00373816 0.00221271 0.00276127 0.00311598 0.00600447 -0.00209798 0.00339041 -0.00124858 0.00516799 0.00202472 0.00532818 -0.00708222 -0.0119659 -0.0210997 -0.0345493 -0.000384394 -0.00507599 -0.00462099 0.00234554 0.00364222 0.000924123 0.00160824 0.00227259 -0.0239126 -0.00915437 -0.000780156 -0.00233551 -0.00190344 -0.00870065 0.00031895 0.00252248 -0.00298943 -0.0129667 0.000490361 0.00675562 0.00126102 -0.00664267 0.000634837 0.00125207 0.000172597 0.000566105 -0.00965616 0.00560143 0.00939443 0.00132851 -0.00821139 -0.00293486
internal_weight=0 6586.81 6207.18 379.633 1032.99 636.36 351.685 76.3389 396.629 262.203 5537.15 1760.94 3776.2 560.021 2852.26 104.422 2747.84 2223.58 2077.6 437.472 145.979 247.21 1513.73 670.031 213.93 149.11 441.401 104.518 43.5082 19.3359 923.944 120.456 159.37 1640.13 857.694 782.433 699.272 651.985 62.2214 58.4209 1388.75 627.145 611.455 77.8934 803.489 230.289 63.8985 89.4816 761.604 456.101 99.436 137.673 329.145 314.592 739.793 707.685 65.1066 368.812 186.105 616.991 67.483 186.497
internal_count=19316 12538 11793 745 6778 2638 719 352 4140 525 11157 6520 4637 2286 3356 292 3064 2210 2024 426 186 1089 5431 636 266 205 2001 504 248 129 1281 197 461 1598 961 637 551 489 295 158 4817 1667 1608 595 1084 1067 396 194 3150 370 108 439 3497 3316 3051 3044 126 283 262 703 643 381
cat_boundaries=0 23 46 68 89 111 133 154 176 177 196
cat_threshold=0 524288 271613952 131136 0 0 0 0 0 1073741824 18312 4096 8388640 67113024 553648128 33554448 16781840 0 0 0 16777216 33554432 64 32768 0 3758489600 262144 1048576 0 24576 0 0 67633152 33554432 16 524288 0 163840 134234240 64 1024 1082130432 0 4196872 16384 256 2818572288 50464000 0 0 67108864 0 16384 0 150994944 4128 1048576 16 0 0 0 268435456 81920 0 32768 0 512 2375680 0 524288 268435456 0 0 0 0 0 0 1073741824 0 0 0 67108864 536870912 16 16 0 0 0 16777216 0 1073741824 524544 0 262144 0 0 0 1048640 16 32 33554432 0 268435456 2147550208 285212672 196611 0 69206016 394244 335544384 1074798593 2415919104 739248392 4244482 0 1048576 0 0 0 134217728 32772 0 0 0 4096 0 0 0 0 0 0 16384 2097152 0 0 0 98305 0 0 0 0 0 0 16908354 0 100761600 2304 33554450 75497472 0 0 0 142873600 2293778 0 672137216 16384 0 0 0 0 0 0 2147487744 1 263232 0 134217728 524288 2147484192 0 256 2701197312 34816 1024 164864 140356 768 0 2214596608 0 0 0 8192 0 0 9284 2101248 0 768 0 65536 0 524288 0 262144
is_linear=0
shrinkage=0.05


Tree=76
num_leaves=63
num_cat=10
split_feature=66 0 0 0 0 66 3 65 66 0 71 10 41 50 10 50 55 70 0 71 70 10 66 70 9 60 0 53 8 64 56 10 65 0 46 3 44 64 3 50 71 70 36 60 59 65 0 46 60 65 9 70 55 9 65 10 59 65 10 0 70 50
split_gain=12.5879 4.82542 4.2971 2.95518 2.59135 3.49763 2.99567 2.56841 2.18029 2.67092 2.05291 1.89534 1.76555 1.66329 1.63135 2.39998 1.6147 1.66593 1.58342 1.53722 1.73848 1.55974 1.55704 1.4482 1.40604 1.35416 1.32282 1.50291 1.4141 1.27821 2.17664 3.61839 3.74091 1.3482 1.26009 1.25246 1.21157 1.20486 1.67217 1.19314 1.19298 1.18079 1.14771 2.34196 1.62645 1.13528 1.08378 1.9108 1.54207 1.05209 1.03719 2.7842 1.03402 1.00438 0.97152 0.96746 0.932021 0.931326 0.867063 0.994705 0.860209 0.828204
threshold=17.696666666666669 0 1 2 3 1.7383333333333335 2019.5000000000002 213.75500000000002 252.09166666666673 4 1.1777459543173119 15.588457268119894 -1.0000000180025095e-35 -25.058536832538106 15.588457268119894 -230.15399257509043 -52.949106639737927 1.4681191222886951 5 0.085957964273715423 2.0001736412571631 3.367778697655222e-16 3.0100000000000002 0.074017006220396059 -24.499999999999996 4.7383937609054021 6 -387.61046033828194 11.500000000000002 5.9750000000000005 16.588824499069634 19.959292143521051 4.0250000000000012 7 9.1848509936051497e-17 2010.5000000000002 0.6830127018922193 275.40500000000003 2017.5000000000002 -10.788040704036488 -27.682467592599519 1.2554295339696802 0.6830127018922193 0.90832110604448257 4.0640418080706491 473.07000000000005 8 -1.0000000000000002 7.0701958563391933 22.005000000000006 18.59326673973661 2.8007436802708159 -54.425928210844361 -3.5000000000000013 28.030000000000005 15.588457268119894 14.677993877520111 173.03000000000003 -11.379165124598847 9 6.9351070294293935 -138.95365177974497
decision_type=2 9 9 9 9 2 2 2 2 9 2 2 2 2 2 2 2 2 9 2 2 2 2 2 2 2 9 2 2 2 2 2 2 9 2 2 2 2 2 2 2 2 2 2 2 2 9 2 2 2 2 2 2 2 2 2 2 2 2 9 2 2
left_child=2 10 19 7 -4 6 12 11 9 40 16 41 -6 57 45 -16 -2 -18 -11 20 -1 -22 -21 -7 -20 -15 27 -10 37 -26 31 34 -33 -32 46 53 -36 38 -29 -19 -5 -3 50 44 -44 -9 -31 -48 -49 -42 -25 -52 -43 -35 -24 -39 -14 -12 61 -60 -40 -37
right_child=1 3 4 8 5 23 -8 14 26 18 13 -13 56 25 15 -17 17 39 24 22 21 -23 54 42 29 -27 -28 28 -30 30 33 32 -34 35 36 58 -38 55 60 -41 49 52 43 -45 -46 -47 47 48 -50 -51 51 -53 -54 -55 -56 -57 -58 -59 59 -61 -62 -63
leaf_value=-0.011602101895716956 -0.0014110994736714416 -0.0022089363794261596 0.0029709515326405852 -0.017095058290436733 -0.024803358684770949 0.013811542439622638 -0.026074876657446056 -0.0010560613400228971 -0.012430994373459804 0.0092453932577794534 -0.0010862292487552447 0.017776791791981435 -0.010587303313386585 0.0096268052793309859 -0.012585195052433005 0.0031150889638238413 -0.0051279564850349214 -0.02294422112883026 -0.012347496181656085 -0.022265146557424665 -0.01755625246380715 -0.039350049346083674 -0.0026700863729681862 -0.0027065036101353384 0.0031318960250429533 -0.0025255927448241395 0.0025667713300456686 -0.015835010368701757 0.0087900297785095602 0.0018563149139429005 -0.0025975984539218459 -0.053260815572982623 -0.0058378378556177505 -0.0028410440696533378 -0.0012624437799525037 0.013663808383178261 0.0072225495870599571 0.0014491961439165729 -0.0063225837076009254 -0.0095036997390654104 -0.015133081443455106 0.0048448473424010964 -0.011079070586329315 0.0021546199534797296 -0.040612984465264491 0.0055111058910684192 -0.019386261775402258 -0.0068298415179640628 0.00048955748319923773 -0.0031783977776781826 -0.0028185477603352403 -0.045168624909242026 0.012927170790336985 0.011133736450743016 -0.015819478471244191 -0.0054866925382840827 0.0030306762767789521 -0.012515764618146852 -0.0029425786160920476 0.0011520550914758511 0.0041888907306787708 0.0029568786089341752
leaf_weight=52.378822180442512 48.583345860242844 33.363826803863049 128.43607810232788 20.42127264291048 11.664516966789959 12.102296888828276 32.084557675290853 90.50987084209919 23.339687690138817 38.359821632504463 35.212166285142303 44.610244609415531 23.238643225282431 44.077476277947426 42.439103409647942 57.076719284057617 47.835442965850234 39.40848377533257 22.447006206959486 16.551797455176711 21.049325050786138 13.458937823772429 65.733575476333499 537.06944744940847 327.92169751040637 47.765990370884538 1808.9357330203056 26.778093289583921 47.598703846335411 71.77682688087225 238.94789354875684 7.0616703573614386 10.115296568721531 16.791457649320364 155.06395928002894 19.915836721658707 57.735813310369849 517.81352096796036 41.191316105425358 28.419660493731499 20.512237006798387 98.02033755928278 10.387050505727531 14.97675657738 8.4571817200630885 241.14043268561363 21.607782263308764 185.93535714410245 117.39430504664779 179.08627253398299 14.128692315891387 5.3506218157708636 66.366547644138336 54.875049438327551 17.864428820088506 55.683493122458458 27.353443074971437 36.091294124722481 169.67533872276545 847.86806586571038 36.897975824773312 193.95318896323442
leaf_count=308 68 167 1145 55 57 98 101 77 44 37 64 48 170 66 50 68 112 134 55 106 91 48 264 3449 88 101 1660 146 109 121 900 10 114 126 163 51 21 929 108 126 95 70 91 163 30 179 41 880 622 633 180 9 73 334 71 100 61 44 1014 2430 17 629
internal_value=0 0.000862201 -0.00514231 0.00118584 -0.00343847 -0.00464517 -0.0136638 0.00428544 0.000787294 -0.000181244 -0.00496279 0.00846734 -0.00726757 -0.00114174 0.00203416 -0.00358039 -0.0090604 -0.0122734 0.000282508 -0.011843 -0.0173428 -0.0260563 -0.00825412 -0.00331005 0.000110008 0.00330658 0.00184191 5.69579e-05 0.00045923 0.000222453 -0.000217471 -0.00270221 -0.025334 0.000792345 -0.00206441 0.00142298 0.00103966 -0.000125316 -0.0050531 -0.0173127 -0.00534182 0.00636724 -0.00366103 -0.012604 -0.0243337 0.00371888 -0.00372946 -0.00487056 -0.0039971 -0.00440695 -0.00311758 -0.0144514 0.00810786 0.00785945 -0.00548004 0.000775758 -0.00322452 -0.00687146 0.00105994 0.000451678 -0.00135581 0.00395393
internal_weight=0 6336.63 1012.29 6009.23 825.249 696.813 94.3412 673.527 5335.7 2777.47 327.394 242.361 62.2566 163.147 431.166 99.5158 164.247 115.664 2557.45 187.037 86.8871 34.5083 100.15 602.472 2519.09 91.8435 2558.24 749.303 725.963 2496.64 2168.72 626.691 17.177 1542.03 609.514 1303.08 212.8 678.364 104.867 67.8281 220.02 197.751 590.37 33.821 18.8442 331.65 396.714 324.937 303.33 199.599 556.549 19.4793 164.387 71.6665 83.598 573.497 50.5921 71.3035 1231.41 1017.54 78.0893 213.869
internal_count=19421 12979 6442 12264 5554 4409 389 732 11532 8419 715 358 288 275 374 118 440 372 7636 888 447 139 441 4020 7599 167 3113 1453 1409 7544 7456 1972 124 5484 1848 4584 184 1300 271 260 783 310 3922 284 121 256 1664 1543 1502 728 3638 189 143 460 335 1029 231 108 4124 3444 125 680
cat_boundaries=0 21 40 60 79 102 124 144 162 177 196
cat_threshold=655360 1048576 1074266240 1 0 33562624 0 0 0 2151677952 524288 0 3 0 8192 268436480 1073743872 2147516416 167969796 0 164 4194304 922746896 269484032 134217728 32768 0 4096 0 0 0 0 2157969408 554569728 1207959552 51970048 4096 0 0 48 2 0 268435456 1073758208 13360 0 49 67108864 0 0 0 2097152 4 134217728 0 1086337108 2181300224 0 536870912 4 0 0 0 0 66560 2080 301989888 9437184 262656 0 268435456 69632 43136 53344 2149621888 20 0 0 131072 4096 0 25165824 32 256 0 16388 1048584 0 8388609 4096 67108864 128 16777216 256 33554688 16778752 268439628 8 131073 0 0 128 0 0 1048576 134217728 0 0 0 0 0 0 0 536870912 0 0 0 0 128 0 0 98304 0 134217728 124 288 0 2 134267008 0 0 0 2147500032 1074530304 0 0 0 0 2147483648 0 536871040 4390913 4194434 229376 96 536871040 67108864 16 0 16793600 134482050 1077936128 81920 524352 2129920 1073742848 16 2147483648 2 16777216 21 32 0 0 0 0 128 0 134225920 0 0 0 0 1024 528 128 6145 2097152 1074266112 0 0 0 0 33653760 2147483648 131072 16 2048 25088 1048576 8 0 554 536871200 2 320
is_linear=0
shrinkage=0.05


Tree=77
num_leaves=63
num_cat=5
split_feature=66 3 67 68 63 9 40 9 66 68 22 51 71 76 63 27 15 71 52 28 9 51 57 73 54 53 73 50 73 50 66 8 51 53 51 3 66 3 9 51 9 54 63 57 46 65 67 73 67 59 73 67 71 65 10 1 52 50 59 71 50 55
split_gain=10.0285 3.57543 5.01321 2.94068 2.88652 2.47382 2.47334 2.58081 2.3832 1.93033 1.61486 1.51509 2.54006 1.75181 1.48049 1.38564 1.38445 1.36018 1.34126 1.2518 1.84174 2.15646 1.83739 1.21368 1.20633 1.17069 2.47897 3.641 1.75963 2.67456 4.28952 2.54346 1.66221 1.14421 1.58811 1.43256 1.16878 1.32508 1.28597 1.08924 1.08864 1.07049 1.0444 2.46148 3.12451 1.81941 1.3895 1.32256 1.61779 1.26961 1.2007 1.03665 1.03157 1.17627 1.02761 1.01592 1.00947 0.959832 0.945004 0.934977 0.915517 1.10088
threshold=17.045000000000005 2019.5000000000002 2.0050000000000003 0.58333333333333337 293.46708333333339 -24.499999999999996 0.6830127018922193 17.160254037844393 6.416666666666667 0.83333333333333337 0.93301270189221952 274.52863791335477 -24.193607680939241 1.5000000000000002 106.40583333333335 -1.6160254037844388 0.93301270189221952 0.029079938536289356 1398.3502770005152 0.6830127018922193 -3.2320508075688776 -24.409268952990839 0.60475711865505988 0 184.70769977569293 294.23278519437002 1 -188.38197599036229 2 -188.38197599036229 713.57666666666671 2.5000000000000004 39.70889105370113 -275.91278886967388 -23.840739258123129 2018.5000000000002 773.8133333333335 2016.5000000000002 6.735557395310444e-16 -470.31960036136257 6.9641016151377562 10.777909631987145 73.283333333333346 -0.15016042753730902 -0.93301270189221908 16.005000000000006 69.205000000000013 3 533.65000000000009 -19.534326879423187 4 94.125000000000014 -56.302918675884143 1077.9550000000002 6.9641016151377562 11.500000000000002 2.3603083170914858 -3.0192139757647687 0.38823541247485421 -21.195013070028683 -26.601712494112562 -26.598970544358362
decision_type=2 2 2 2 2 2 2 2 2 2 2 2 2 2 2 2 2 2 2 2 2 2 2 9 2 2 9 2 9 2 2 2 2 2 2 2 2 2 2 2 2 2 2 2 2 2 2 9 2 2 9 2 2 2 2 2 2 2 2 2 2 2
left_child=1 10 -3 -4 5 -2 7 8 40 23 14 12 -11 15 16 -14 55 -10 25 42 21 -21 57 -7 -20 28 27 -27 29 30 31 -6 39 34 52 -36 37 38 59 -31 54 -9 43 47 -45 46 -46 48 -17 51 -44 -49 -30 -54 -5 -1 -19 -22 -24 -35 61 -51
right_child=4 2 3 6 18 9 -8 41 17 11 -12 -13 13 -15 -16 19 -18 56 24 20 22 -23 58 -25 -26 26 -28 -29 33 32 -32 -33 -34 36 35 -37 -38 -39 -40 -41 -42 -43 50 44 45 -47 -48 49 -50 60 -52 -53 53 -55 -56 -57 -58 -59 -60 -61 -62 -63
leaf_value=-0.0018823721748168654 -0.013931587674936963 -0.030134701695917067 -0.0014584202340353521 -0.015548393314424303 -0.022709183514870897 -2.8018655237778344e-05 -0.028077654687240879 -0.018017844217547343 -0.0090570833925051938 -0.013529799796815926 -0.017906631959676574 0.0078682614761165556 0.0095657802208919396 0.0043183913543343418 0.0045548611591061869 -0.004531555227984924 0.023163781538572129 0.00098169209948915318 0.0020873606453552201 -0.03710024317453136 -0.015106086673325934 -0.0061471444138190209 -0.0034869180013204666 0.0033028805752610027 0.011014610419879875 -0.022746555420032812 0.0014669260197974418 -0.0010084884401320047 0.0056171145024602196 0.010057626096673634 0.0045699154326827827 -0.0025685542847134774 0.012950841938219021 -0.0092280635521240686 -0.00093597188399131164 -0.012895351130765585 0.0040940226924587545 0.00045966415656997496 0.0059306455786222873 -0.00054832101272645568 -0.0048765622684044619 -0.045862744312340623 -0.0059694442571853468 -0.039098091593780082 -0.010589921784629114 -0.0037169642969299681 -0.033423671500216176 0.0010989133305790756 -0.029111762248335935 0.00087859161640176759 0.00028789688066189985 0.022794300428238212 -0.0060195166193888145 0.0057265528235400584 -0.033211753413205154 -0.011658358783764944 -0.011058360093364437 0.00061723436158589787 0.0097191497775999131 0.0017448275461571074 0.00083586244425910079 -0.017520563307344503
leaf_weight=299.56302113458514 32.940851241350174 23.060266961343586 194.13658742886037 37.76239659730345 23.350276775658131 604.41851284354925 16.578923829831183 8.9424890028312785 97.710209948010743 41.968919228762388 14.139011558145283 45.46702865883708 27.574769377708435 138.27276131510735 101.39696459285915 90.104209987446666 5.2363751493394366 99.63949828967452 78.376092635095119 9.7879454791545886 35.010200869292021 13.236356941983102 29.208057314157486 495.98471168428659 73.169201210141182 31.090388406068087 222.61300673335791 50.634513825178146 74.057782515883446 43.115644946694374 279.68804535269737 47.691218633204699 115.35116359591484 21.898935936391354 51.480580151081085 48.753602027893066 411.72320717573166 1514.8753977864981 250.46790643036366 55.203853376209736 17.607251830399036 5.6215567626059046 74.369539871811867 7.9257241170853368 22.83548766002059 107.9727592561394 9.4073206596076471 10.699488477781417 7.2313182018697253 16.689630364999175 834.42721098475158 11.343352802097796 65.785119690001011 31.529126793146133 10.53039649594575 29.162506887689233 21.094757564365864 13.429228277876971 25.26350099593401 171.0329874008894 248.01311749964952 15.851396212354301
leaf_count=3392 75 70 205 246 34 952 79 112 419 97 107 109 85 118 513 1018 40 286 57 36 144 92 97 688 56 95 307 35 59 64 91 154 53 47 52 59 278 1868 492 71 70 25 138 49 127 747 55 71 32 149 3133 30 129 28 66 428 183 49 57 472 425 74
internal_value=0 -0.00456084 -0.00733203 -0.00630022 0.000852735 -0.000305704 -0.00927964 -0.00823701 -0.00718554 -0.000152852 -0.00127679 -0.00114528 -0.00137415 -0.00108241 -0.000736709 -0.00154614 -0.00234333 -0.00467134 0.00179212 -0.00173972 -0.00652228 -0.0193057 -0.00366224 0.00150308 0.00639762 0.00159329 -0.00137031 -0.00826671 0.00187462 0.00439181 0.0017831 -0.00918848 0.0088794 0.0013152 -0.00175375 -0.00675298 0.00167245 0.00116332 0.00356738 0.00410266 -0.0155196 -0.0287657 -0.00132631 -0.00305019 -0.00855578 -0.00682937 -0.017252 -0.00101083 -0.00576537 0.000686393 -0.000286677 0.0122635 0.00117026 -0.00221387 -0.0193999 -0.00274964 -0.00112195 -0.010747 0.00263796 0.000499338 -0.000198739 -0.00808401
internal_weight=0 982.182 532.684 509.624 6631.32 2969.43 315.487 298.909 284.345 2936.49 449.498 1836.09 1790.62 1748.65 435.359 1610.38 333.962 218.444 3661.89 1582.81 125.935 23.0243 102.911 1100.4 151.545 3510.34 304.338 81.7249 3206 564.4 350.73 71.0415 213.671 2641.6 271.606 100.234 2370 1958.28 443.4 98.3195 65.9 14.564 1456.87 548.074 148.141 140.216 32.2428 399.933 97.3355 302.597 908.797 22.0428 171.372 97.3142 48.2928 328.726 120.734 48.4394 54.4716 192.932 280.554 32.541
internal_count=19389 6241 1761 1691 13148 8647 1486 1407 1270 8572 4480 6932 6823 6726 4373 6608 3860 888 4501 6523 475 128 347 1640 113 4388 437 130 3951 467 279 188 188 3484 327 111 3157 2879 1011 135 382 137 6048 2777 978 929 182 1799 1050 749 3271 101 216 157 312 3820 469 193 154 519 648 223
cat_boundaries=0 1 2 3 4 5
cat_threshold=33884836 135168 137346 18125840 139872
is_linear=0
shrinkage=0.05


Tree=78
num_leaves=63
num_cat=11
split_feature=0 67 3 67 0 0 0 51 66 57 0 70 60 3 71 70 8 40 59 71 74 10 64 80 70 66 57 0 0 10 67 73 70 50 18 63 70 60 0 53 63 43 47 54 71 57 64 57 60 3 37 66 68 51 71 66 5 63 57 65 51 0
split_gain=10.7993 5.85831 3.3876 4.23037 2.86332 1.86883 1.69939 1.88375 1.66524 1.56884 1.76584 2.34336 1.56659 1.84913 1.47517 1.60007 1.56482 1.45448 1.49166 1.46419 1.33164 1.32473 1.31637 1.29571 1.26621 1.34837 1.99558 1.37361 1.27921 1.59869 1.54703 1.53915 1.30576 2.46249 1.23079 1.89789 1.19327 1.18882 1.07318 1.73262 1.36374 1.31343 1.25978 1.21616 1.07054 1.04786 1.29246 1.20376 1.14385 1.0209 1.01147 2.13795 0.969508 1.14704 1.101 1.05735 0.943257 0.925517 0.886484 0.867372 0.971472 1.57931
threshold=0 28.160000000000004 2019.5000000000002 2.0050000000000003 1 2 3 -101.71785225247685 4.416666666666667 30.609969758170553 4 10.144088531398681 -205.09870640660517 2019.5000000000002 -5.8139192430482431 3.0000872676498824 2.5000000000000004 0.6830127018922193 -19.534326879423187 0.72882106781764111 5 10.446152422706634 7.0150000000000006 1.0000000180025095e-35 0.13347603203484656 82.071666666666673 -2.980922963442536 6 7 21.325317547305485 49.255000000000003 8 1.7267867281185878 -16.859514864289761 0.6830127018922193 136.04166666666671 8.6720401263062481 9.4996894267950207 9 408.2717239129135 82.458333333333357 0.68301270189221941 -396.3936807857549 211.8223540638009 -12.172795684284983 66.524838774232691 45.085000000000008 202.33001073413448 -81.09380059680133 2016.5000000000002 -1.0000000180025095e-35 1.0000000180025095e-35 0.58333333333333337 -17.281964614791345 0.32729550665072416 20.345000000000002 0.6830127018922193 38.174242424242429 -1.2307436770421827 2370.4000000000005 -5.1959547328934415 10
decision_type=9 2 2 2 9 9 9 2 2 2 9 2 2 2 2 2 2 2 2 2 1 2 2 2 2 2 2 9 9 2 2 9 2 2 2 2 2 2 9 2 2 2 2 2 2 2 2 2 2 2 2 2 2 2 2 2 2 2 2 2 2 9
left_child=8 2 6 -4 12 14 7 -2 -1 10 -10 52 13 -3 16 -16 -6 18 19 -5 50 22 -9 -17 -7 26 27 -26 -28 30 -30 -32 44 -34 38 -36 56 -18 39 40 49 42 -42 -44 -33 46 -14 -47 -48 -27 51 -8 -12 -54 55 -55 -29 -58 -35 60 61 -40
right_child=1 4 3 17 5 24 20 21 9 -11 11 -13 45 -15 15 23 37 -19 -20 -21 -22 -23 -24 -25 25 34 28 36 29 -31 31 32 33 58 35 -37 -38 -39 59 -41 41 -43 43 -45 -46 47 48 -49 -50 -51 -52 -53 53 54 -56 -57 57 -59 -60 -61 -62 -63
leaf_value=-0.019803604727689175 0.02759543355209922 0.0043635429328355109 -0.028964888572567855 -0.037840348104650742 -0.011185281894319122 0.0098738608255217047 -0.044157537495021076 0.027620085255538725 0.0021235146377631899 -0.017058704865189327 0.0030558696305047622 -0.024261775561134513 0.011268131029493316 -0.0070885316596919117 0.0019209583459206961 -0.017077413009778948 -0.0062299294621499662 -0.018725945176863788 -0.0043440022986474284 -0.0072074654778822959 -0.016141752714939134 -0.012394848031103254 0.0036115779653747662 0.0021292155446636248 0.0063916180347112416 -0.026109380677121038 0.0020329192842715241 4.7215173322973406e-05 -0.0013485883147499413 0.0079648838770098231 -0.00057061261459278418 -0.021893605052154121 -0.027266061939455574 -0.0014258498127408185 -0.013523360890541306 -0.0005320611804427802 0.0043054474362780011 0.0062296074022434363 0.0091141253447573119 -0.012135937943321008 -0.0073214479530702287 0.011597041623195255 -0.00064764198607078656 0.0057423460231075529 -0.00338634426302282 0.013671499152807996 0.010332967176974015 0.0046017963371087272 0.0015890672665648587 -0.0039743126369028749 -0.000727740147500188 -0.0049141079792443055 -0.016277449971900903 -0.016651319355112215 0.0001923568637423159 -0.003767358013465864 -0.018589090469868598 -0.0037435526092396755 -0.012304162408682586 -0.0029245422439740315 0.00093734876503797433 0.002334846387839656
leaf_weight=33.886859423480928 8.5966366268694383 79.029587555676699 20.905138046946377 6.6795213790610459 86.205779016017914 37.261201333254576 4.1059851832687881 6.1682220231741658 50.34968014061451 41.276760756969452 21.337545618414879 22.001857668161392 50.382788367569447 63.626886606216431 167.12384849227965 22.502806898206472 50.640421586111188 20.661811223253608 329.51759227085859 9.3772165188565832 16.918607328087091 11.97205029428005 76.746058641001582 14.400315642356871 104.45752602815628 8.1632863283157366 132.13042063452303 270.31068635545671 301.51376753859222 29.789276503026485 96.238025786355138 8.5205840282142145 23.11337555013597 27.216449353843927 30.340344570577145 382.9226973131299 131.87797694280744 30.782195169478655 85.017946124076843 31.077557861804962 52.36636021733284 25.674499746412039 302.75390820205212 98.748176097869873 94.186691038310528 67.287745662033558 42.777543522417545 80.174957439303398 297.6694292165339 14.394021123647688 254.13507674075663 22.427443003281951 34.723271394148469 31.082584591582417 44.588034763932228 32.653347656130791 12.837304793298243 57.628268964588642 60.045765178278089 95.087087482213974 1326.4655276779085 1456.6371225006878
leaf_count=148 24 100 70 42 86 109 9 56 49 50 17 50 66 59 494 128 126 85 1222 69 90 129 709 15 431 95 917 1549 1093 60 156 38 40 28 86 709 86 33 37 41 71 25 746 123 606 92 51 75 351 99 2564 357 102 150 107 65 160 400 139 54 1594 1924
internal_value=0 0.000313151 -0.00375201 -0.00708835 0.000818292 0.00044558 -0.000531538 0.0047265 -0.00904899 -0.0080636 -0.00649524 -0.00848231 0.00385768 -0.000744251 -0.00293603 -0.000159736 -0.00649032 -0.00583962 -0.00506915 -0.0199506 -0.00243691 0.00315271 0.00539764 -0.00958261 0.00068794 0.00062417 -0.000738295 0.00148629 -0.00239967 -0.00329422 -0.00389723 -0.00638155 -0.00857675 -0.0127549 0.00109458 -0.00148584 0.000261446 -0.00151954 0.00139958 -0.000666779 2.98268e-05 0.000594985 -2.73813e-05 0.000923955 -0.0049217 0.00514893 0.00379387 0.00874033 0.00268775 -0.0119848 -0.00169761 -0.0109869 -0.00688633 -0.00836935 -0.00583441 -0.0100506 -0.00129588 -0.00644809 -0.0089113 0.00176767 0.0019294 0.00278297
internal_weight=0 7137.59 788.211 387.141 6349.38 5668.43 401.07 103.483 311.9 278.013 236.736 186.387 680.949 142.656 371.655 204.027 167.628 366.236 345.574 16.0567 297.587 94.8863 82.9143 36.9031 5296.78 5259.51 1349.87 577.112 772.754 640.624 610.835 309.321 213.083 110.376 3909.65 413.263 472.654 81.4226 3496.39 533.178 502.1 479.543 453.868 401.502 102.707 538.292 390.83 147.463 340.447 22.5573 280.669 26.5334 164.385 143.047 108.324 63.7359 340.776 70.4656 87.2622 2963.21 2868.12 1541.66
internal_count=19256 18518 5426 1488 13092 12298 3938 918 738 590 540 491 794 159 882 637 245 1418 1333 111 3020 894 765 143 11416 11307 5703 2626 3077 2160 2100 1007 851 207 5604 795 2195 159 4809 1200 1159 965 940 869 644 635 468 167 402 194 2930 366 441 424 322 215 2109 560 167 3609 3555 1961
cat_boundaries=0 21 42 63 82 103 104 123 145 146 167 187
cat_threshold=4325376 0 269484036 134217728 0 33554432 0 0 0 0 524288 2483027968 2148405765 134217728 1574912 4096 1610612736 2147487744 16 0 36 0 805306368 2164261376 1610629120 4512 8224 0 0 262144 0 0 1073741824 0 0 0 75505664 524292 0 402677824 148 16 32774 134217728 4194432 1 1024 2101248 2 0 16384 268435472 4096 0 0 16777216 16777216 1536 268698176 4227072 33555456 0 64 0 2097168 1073741824 2 33792 0 536870912 154664960 262656 0 2419326976 40 8192 261 287342592 20 0 0 64 0 0 268435456 134217728 0 0 0 0 0 0 0 67108864 131072 0 0 0 536870912 0 0 0 4 1 268439552 67108864 0 0 33554432 16777216 33556480 4194304 0 0 536870912 2425857 65666 0 268435456 1 133120 0 131080 2097152 1073741824 0 0 0 2048 268435456 2147483656 0 0 153133056 536887297 1067008 520 2097185 1073741866 0 0 0 0 0 1024 9568784 134744096 128 0 0 557056 0 0 0 65536 3758098464 512 0 0 839909376 0 33554452 8388627 0 131074 196608 8 0 0 0 0 90112 0 256 0 0 0 0 0 0 0 0 0 0 0 0 1
is_linear=0
shrinkage=0.05


Tree=79
num_leaves=63
num_cat=13
split_feature=0 67 3 67 0 70 67 0 0 70 68 71 73 51 31 68 64 0 57 49 60 0 48 67 59 4 0 53 22 0 56 71 60 70 10 65 45 37 60 36 71 10 51 51 56 21 9 50 65 0 53 51 0 65 0 56 64 42 73 65 9 60
split_gain=8.48682 5.07796 2.77874 5.78037 2.90329 2.43156 2.09034 2.05385 2.03039 1.86211 1.56814 1.88698 1.84888 3.52399 1.56736 1.54435 1.53615 1.45332 2.68414 1.82091 1.36433 1.35201 1.32418 1.15202 1.1453 1.13444 1.71516 1.57939 1.38542 1.23228 1.11899 1.09022 1.01089 1.19432 0.991297 3.22015 1.04162 0.994709 0.975778 1.05391 0.958183 1.00188 0.957436 0.935523 1.6176 1.039 0.890258 2.08905 0.944883 1.77434 1.36422 0.890434 1.93251 2.15809 1.3578 1.18179 1.03285 1.07842 0.900021 1.15464 0.926337 0.871709
threshold=0 95.020000000000024 2019.5000000000002 3.0600000000000005 1 0.78408840833390558 432.31500000000005 2 3 1.4994048404583895 0.83333333333333337 -3.5347457119228367 4 5.2795449432766652 -1.0000000180025095e-35 0.83333333333333337 1659.1000000000001 5 112.73183338960256 171.23285485819471 4.4486808427444862 6 -91.346737264907873 15.030000000000003 1.4306920469525013 1.0000000180025095e-35 7 -30.409469268766269 -0.68301270189221941 8 11.099142765075376 -0.86879901392656211 13.766935436001459 2.8672942376683372 15.79422863405995 50.005000000000003 1.2500000000000002 -1.0000000180025095e-35 -308.18179249700432 0.6830127018922193 -4.4988753371435992 1.0715659492539343e-15 -44.057054891995641 -45.213783174434511 6.3267840208545065 0.68301270189221941 -24.499999999999996 -14.841340585567968 1784.7900000000002 9 23.635510165636273 26.007946935976602 10 1036.7800000000004 11 0.56460472702985676 288.75000000000006 1.0000000180025095e-35 12 115.00500000000001 -9.0000000000000018 -19.169911417019033
decision_type=9 2 2 2 9 2 2 9 9 2 2 2 9 2 2 2 2 9 2 2 2 9 2 2 2 2 9 2 2 9 2 2 2 2 2 2 2 2 2 2 2 2 2 2 2 2 2 2 2 9 2 2 9 2 9 2 2 2 9 2 2 2
left_child=6 2 4 -4 -2 14 15 9 22 16 20 -12 13 31 -5 23 21 18 19 38 -7 -3 -6 24 -1 26 -10 30 -29 -27 -28 -13 33 -17 36 -36 46 -37 -9 42 41 -11 -40 44 -31 -45 47 -19 49 -48 -50 52 56 -54 -53 -56 -51 -58 59 -57 -61 -60
right_child=1 7 3 5 8 10 -8 17 25 40 11 12 -14 -15 -16 32 -18 34 -20 -21 -22 -23 -24 -25 -26 29 27 28 -30 43 -32 -33 -34 -35 35 37 -38 -39 39 -41 -42 -43 -44 45 -46 -47 48 -49 50 51 -52 54 53 -55 55 58 57 -59 61 60 -62 -63
leaf_value=-0.0042496046066346597 -0.0074794284768466271 0.0021943846778345348 -0.024111554936261104 -0.034508444419801457 0.02218764355386733 -0.002164036397003103 -0.026402466069380799 0.0049310743394525118 0.0040802935923495744 -0.00028294024617301586 -0.017914590070925152 -0.021027533418210825 -0.001754662285760178 -0.033029814733929498 -0.0088070551368335647 -0.011491603956046233 0.0055059245239533483 -0.014925063012419765 -0.012958638861390218 0.008057641244302775 0.0032744593859722186 -0.0047001422621199039 0.0062590937943195236 -6.625068348634727e-05 -0.020825921753872934 -0.0039414186921969087 -0.036223188264116031 -0.024208116967806691 -0.0020269950944691519 0.031306171961388123 -0.010310967232948887 -0.0033022584035358512 -0.0056163893458664842 -0.025212207115800023 -0.019855126396270045 -0.0092849055875604495 -0.0056688318544068509 0.00050792453417952547 0.0013718844436331182 -0.0095289144607435209 0.008784135634942361 0.0060817092378153831 -0.0042811169930864392 0.0038792666821173038 0.0060686671648299308 -0.0056579191728813099 0.0047198381470935202 0.0031766567191338088 -0.0086660419164517524 -0.0050632306380464761 0.002045302387390059 -0.0040821959729330322 0.0021113239578329046 0.010488845061140457 -0.0072588997583725064 0.0093876954827488424 0.0024116540191889864 -0.0070886705903300236 -0.0023548867643432975 0.0077465429554688763 -0.00054229904593749642 0.0012499509515075911
leaf_weight=28.691272222436965 95.320473741739988 137.16356822103262 33.329528683796525 6.3433838896453372 17.493669878691435 339.44635431934148 16.656665697693825 46.534219264984131 80.459651319310069 94.887038573622704 24.308355389162898 10.349772740155457 342.18391772080213 15.094143686816095 91.451481288298965 54.562291396781802 122.68296015262604 27.740932464599609 49.74359130859375 52.238727450370789 174.6542931292206 129.90435057133436 51.339896764606237 71.657288033515215 16.363371789455414 57.550599187612534 5.7309582270681885 7.3315339833497992 176.8488692920655 7.7243894711136809 15.260937662795184 53.607348302379251 39.220693077892065 22.360023710876703 22.642885219305754 28.425685871392488 54.924471572041512 295.47396882623434 139.53528078645468 49.58908985555172 155.46210300922394 177.4848421216011 161.702795824036 212.42915759980679 35.662989836186171 32.992358162999153 377.29888896644115 37.462682902812958 56.282783508300781 135.1772708594799 62.999585166573524 158.67117018997669 1500.8980390261859 81.023675158619881 44.461584091186523 67.539958108216524 158.5505176782608 36.805164963006973 230.49152934923768 46.004057727754116 126.101388476789 615.62020780146122
leaf_count=156 932 278 111 54 38 361 20 47 922 68 130 35 877 82 726 212 78 52 47 43 341 202 234 136 83 663 47 52 2072 19 170 262 89 75 97 52 96 634 177 82 101 115 246 2103 294 210 398 67 30 321 77 200 2434 88 3 82 323 34 496 53 198 646
internal_value=0 0.00026645 -0.00197037 -0.00360963 0.000275516 -0.00296343 -0.00893319 0.00103692 0.00141679 0.00333381 -0.00219803 -0.00436916 -0.00358749 -0.0100303 -0.0104742 -0.00806721 0.000874523 0.000625788 -0.00189969 -0.000718389 -0.000316428 -0.001253 0.00899978 -0.00400521 -0.0102699 0.000463562 -0.00186184 -0.00418689 -0.00290994 0.00239463 -0.0173852 -0.00617063 -0.0121491 -0.01548 0.000932424 -0.00162586 0.00116707 -0.000351502 -0.00187212 -0.00277451 0.00565211 0.00386444 -0.00166261 0.00366672 0.0105618 0.00259717 0.00126684 -0.00452474 0.00136896 0.00151488 -0.00300879 0.00111891 0.00180698 0.00252445 0.000106646 0.000724426 -0.00165319 0.000621785 0.00105801 0.00369337 0.00167332 0.000264818
internal_weight=0 7368.44 1886.91 1090.77 796.145 1057.44 249.512 5481.53 700.825 817.585 959.644 445.544 421.235 79.0513 97.7949 232.855 389.751 4663.94 499.344 449.6 514.101 267.068 68.8336 116.712 45.0546 631.991 285.632 205.172 184.18 346.359 20.9919 63.9571 116.143 76.9223 4164.6 346.543 3818.05 323.9 397.361 350.827 427.834 272.372 301.238 288.809 43.3874 245.422 3763.13 65.2036 3697.93 3578.64 119.282 3201.34 1912.45 1581.92 1288.89 1130.22 330.533 195.356 1085.76 239.645 172.105 846.112
internal_count=19371 18600 10735 2979 7756 2868 771 7865 6824 842 2088 1386 1256 379 780 751 558 7023 642 595 702 480 272 375 239 6552 3263 2341 2124 3289 217 297 376 287 6381 783 5598 686 552 505 284 183 423 2626 313 2313 5502 119 5383 5276 107 4878 3200 2522 1678 1478 678 357 1475 333 251 1142
cat_boundaries=0 18 38 59 79 80 101 122 138 154 172 192 211 212
cat_threshold=4325376 536870912 128 134217728 0 33554464 0 2097152 0 0 524288 2164260864 1090916356 0 17564034 8192 1342177280 2147483648 0 16 290455552 25360 0 0 34 4194312 262144 0 33554432 2097408 335544320 146800640 134217728 0 0 0 1312 144 2147483648 32 293601280 18 134222848 0 128 0 0 4 0 0 0 0 16384 336 2148011008 134221824 536870912 98309 8 0 1048576 1073741824 1 33554432 2097152 0 0 0 0 2099712 4 0 0 100663296 16777236 0 0 131136 65536 35193444 134774824 0 524288 1 8192 0 16385 0 0 4194321 0 0 0 2147483648 0 1024 536871424 4227201 134217728 131072 116 2147483648 32 8388608 16 0 0 128 0 0 4 0 0 0 0 0 0 0 134217728 0 65536 8 1073741824 0 0 1677721600 0 17301504 301989888 226492416 0 0 20979712 65696 4227072 67123243 270598144 1073741824 0 0 2155872256 1610612738 0 16777216 805306368 92274688 0 0 3770941440 65760 146800640 2097152 65536 1073741826 0 0 0 32 81968 0 0 0 0 0 0 0 0 0 0 75497984 20972020 33554450 3140 524416 2147483648 0 33587200 8192 4 0 327680 3758104640 0 0 0 0 2147483656 0 33816578 335609856 204800 256 0 0 67109376 0 256 134221824 0 0 0 268435456 1024 0 0 0 0 4 8388608 64 268435584 2101824
is_linear=0
shrinkage=0.05


Tree=80
num_leaves=63
num_cat=10
split_feature=0 66 0 0 60 63 60 0 57 63 65 34 37 46 0 51 65 46 3 66 3 49 49 8 21 0 0 15 42 71 22 64 53 53 0 1 20 59 57 60 45 70 60 48 71 50 53 70 91 70 40 51 70 45 63 0 53 5 51 49 54 0
split_gain=8.45968 4.23398 2.50774 2.20937 2.08003 1.84949 1.65532 2.02031 2.37948 1.98522 1.91255 1.69407 1.8717 1.85189 1.55872 1.50411 1.49407 1.45245 1.53906 1.63353 2.4313 1.39953 1.37623 1.2263 1.18608 1.16497 1.11469 1.10304 1.07798 1.05585 1.05158 1.04264 1.01823 1.016 1.0133 0.971233 0.96534 1.20739 1.34455 1.93137 0.959637 1.1821 1.17789 0.946008 0.931945 0.910729 0.888731 1.24471 0.885307 0.873684 0.977766 2.13361 0.885655 4.98573 0.762754 0.88943 0.829855 0.753789 0.917164 0.770297 0.916702 1.34437
threshold=0 27.358333333333334 1 2 -15.476176922047353 6.2928571428571436 -1533.85214353365 3 -104.05388444308333 696.51079545454559 2370.4000000000005 0.6830127018922193 -1.0000000180025095e-35 1.6160254037844388 4 -2.9268534338156615 1451.8850000000002 1.6160254037844388 2013.5000000000002 1.3466666666666669 2019.5000000000002 -59.715065252356894 -10.855479074737325 9.5000000000000018 -1.0000000180025095e-35 5 6 -0.6830127018922193 0.6830127018922193 4.1647274636093519 -0.68301270189221941 122.09500000000001 -12.697475596642075 -1.2971727525115317 7 5.5000000000000009 -2.7554552980815443e-16 1.0354004993589323 -30.486841552967501 25.811334293112086 0.68301270189221941 2.0556671797608268 -1.676503888949586 9.9791545986652412 0.14126104396960024 -109.09101030944589 -235.31990829926465 1.941273539118618 1.0000000180025095e-35 3.8491378743415643 0.25000000000000017 15.908856569545117 2.2260757675504226 0.68301270189221941 1864.9444444444446 8 -138.77194285998277 -0.93301270189221919 -166.57992181945173 667.72798845795126 348.0591737796737 9
decision_type=9 2 9 9 2 2 2 9 2 2 2 2 2 2 9 2 2 2 2 2 2 2 2 2 2 9 9 2 2 2 2 2 2 2 9 2 2 2 2 2 2 2 2 2 2 2 2 2 2 2 2 2 2 2 2 9 2 2 2 2 2 9
left_child=4 2 -2 35 22 33 -5 8 -8 15 11 14 21 16 45 23 26 18 24 20 -20 -13 -1 29 30 -16 -14 -28 57 -10 -4 32 -30 -6 -21 46 -7 48 -39 44 41 -17 -43 -31 -40 -9 -3 -48 -38 50 52 -52 -36 -54 55 -37 -57 58 -27 60 61 -59
right_child=1 3 17 6 5 36 7 10 9 -11 -12 12 13 -15 25 40 -18 -19 19 34 -22 -23 -24 -25 -26 28 27 -29 31 43 -32 -33 -34 -35 49 54 37 38 39 -41 -42 42 -44 -45 -46 -47 47 -49 -50 -51 51 -53 53 -55 -56 56 -58 59 -60 -61 -62 -63
leaf_value=-0.011336465014721353 0.0033384618516552078 -0.0051205148772467558 -0.032346392845561969 0.0096980070663163897 -0.01034997410157106 0.0036563903651254948 0.01358479528938256 0.0025607862333368002 -0.0050532699809146403 -0.017434118028738052 -0.0077153054462649629 -0.021304884960336942 0.0049105977735081283 -0.0097308618796267052 0.0045957261292550117 -0.0050122577773547439 -0.0090061067229526611 0.0035910977853507667 -0.0035178378026055712 0.00072814817640424892 -0.024153334357277241 -0.0039679404710781189 -0.029212296135117739 0.010326804656013096 0.0022467350917552173 0.011839036763773391 0.0071404278155512042 -0.00094367251946953108 0.018907418904773831 0.0089432448525382739 -1.6188060307630029e-05 0.0017422397976193647 0.0060778144187900894 -0.028951681682714184 -0.0041383270189476636 -0.0003084802123869427 -0.0066589589854505558 0.0006673536647759541 -0.016577441831405897 -0.028850805692223064 0.0008930504604899251 -0.0080459172514576131 -0.025441069135002603 -0.0024758839647477677 -0.0015932172861868607 -0.0034906735225921346 0.00031630575205060133 0.0092300004824530536 0.0037219866773179986 -0.00077443485541428417 -0.0075552368362883249 -0.039278536480119641 -0.0018018648703847083 -0.035249843814817265 0.008850499711294613 0.0024190810211659995 0.008253204374075682 -0.0038675385855344081 0.0027099793195836481 -0.0054040545456651703 0.0053487349925225424 0.0011657369839385252
leaf_weight=26.461080741137266 173.33574757725 45.187878832221031 4.8280783705413342 50.61688008159399 17.164459515362982 27.846073880791664 20.404532462358475 83.735470034182072 98.411547355353832 25.425374656915665 63.829378522932529 18.711577966809273 120.09756170958281 50.496977940201759 313.25798330456018 57.054718915373087 41.606537729501724 76.370580841787159 32.854637028649449 111.81776176020503 25.239942456129938 30.804452447220683 18.153973348904401 24.300203742459416 142.01900398544967 31.903039939701557 46.145405575633049 492.99344316497445 21.097510721534491 34.207067776471376 5.2502460125833732 95.6793675981462 57.931724932044744 12.825520599260924 464.26949621457607 97.424443274736404 48.669861037284136 18.902700871229172 20.138739971444011 17.028516660444438 28.18654166162014 20.497241355478764 18.528805484995246 38.60739278793335 21.407035190146416 241.45711573958397 150.87794837355614 52.894926637411118 35.532285571098328 125.02019539568573 28.132698209956288 6.5306702740490428 41.646160607226193 15.210101842880247 104.84717097878456 108.97093740850687 138.32247787714005 130.27393668889999 199.9320780094713 46.136100202798843 122.08960638195276 2684.9154766723514
leaf_count=70 1126 65 29 46 81 33 22 178 277 16 62 36 139 86 338 192 35 100 211 736 79 79 63 71 1289 51 14 1156 86 61 76 117 111 57 3509 122 189 21 78 46 39 89 64 85 58 854 210 33 40 182 260 46 242 23 80 117 154 234 514 74 146 4629
internal_value=0 0.000499471 -0.00214426 0.00105147 -0.00844823 -0.00676774 0.000697928 0.000612626 -0.00292637 -0.00398705 0.000881248 0.000996695 -0.00110362 -0.000483086 0.00141424 -0.00291793 0.000183233 -0.00302776 -0.00356202 -0.00439025 -0.0124832 -0.0105194 -0.0186102 -0.000184231 0.00107052 0.00170353 0.000763202 -0.000247162 0.00142353 -0.00167594 -0.0155042 0.00525271 0.00950278 -0.0183052 -0.00379709 0.00367606 -0.00494209 -0.00642301 -0.0109275 -0.0146693 -0.00721922 -0.00959906 -0.0163048 0.00288864 -0.00885661 -0.0018748 0.00122332 0.0026301 -0.00227833 -0.00448514 -0.00540053 -0.013532 -0.00485966 -0.0107498 0.00511611 0.00398028 0.00546152 0.00121989 0.00396624 0.00100648 0.00110717 0.000923223
internal_weight=0 7260.39 1252.53 6007.86 264.13 219.515 5309.34 5258.72 365.623 345.219 4893.09 4829.27 800.856 751.34 4028.41 319.794 700.843 1079.19 1002.82 850.722 58.0946 49.516 44.6151 195.526 152.097 3703.22 659.236 539.139 3389.96 171.226 10.0783 174.709 79.0292 29.99 792.627 698.526 189.525 161.679 77.477 58.5743 124.267 96.0808 39.026 72.8145 41.5458 325.193 248.961 203.773 84.2021 680.809 555.789 34.6634 521.126 56.8563 449.565 344.718 247.293 3215.25 231.835 2983.42 2937.28 2815.19
internal_count=19326 18590 7908 10682 736 603 9901 9855 916 894 8939 8877 1545 1430 7332 878 1344 6782 6682 5288 290 115 133 494 1394 6300 1309 1170 5962 423 105 314 197 138 4998 781 465 432 203 182 384 345 153 146 136 1032 308 243 229 4262 4080 306 3774 265 473 393 271 5648 565 5083 5009 4863
cat_boundaries=0 23 42 63 84 106 126 147 169 188 209
cat_threshold=4325376 654311440 268435460 0 33554432 33554432 0 2097152 0 0 0 2164260864 397313 134217728 1573248 0 1073741824 2147516416 0 4 0 0 128 268435456 32768 1082130432 0 134841344 0 2048 8388608 131584 0 807403520 262276 16530 4672 34816 16 0 0 131088 32768 0 1098907648 1073742848 0 0 270368 0 0 1073741824 0 0 512 0 0 67114032 2449997858 134217736 268574720 0 16 134283264 0 536871041 0 1024 1075839008 32768 0 262144 809500672 0 1140850688 18 33554432 0 256 17 16386 134217734 0 228 2147483680 256 0 1 0 532480 16391 8 147456 0 16826368 0 0 524288 131076 4194304 537004032 128 536936512 16 0 134217728 0 0 512 0 90144 0 256 2147483648 0 2147483648 0 0 0 0 2147483648 16777728 128 0 0 196608 2 0 0 0 256 0 4 0 0 1024 2048 0 0 0 2147487744 4 0 32 0 0 8 0 0 0 0 0 2097152 285212672 1048576 0 0 8388608 134250496 33562624 67119105 6303745 1073752104 2147483648 0 0 128 0 1024 0 0 0 0 0 0 0 0 0 1073741824 0 0 0 0 0 16 34078720 8 268435456 0 524288 0 2 0 0 0 0 0 2048 0 0 0 0 0 8388612 4456448 0 0 32769 8
is_linear=0
shrinkage=0.05


Tree=81
num_leaves=63
num_cat=9
split_feature=0 0 66 70 73 18 51 5 0 49 0 10 47 49 48 67 71 71 64 52 64 60 64 50 49 48 65 66 70 70 56 65 47 0 51 71 63 9 47 0 59 59 51 0 71 33 47 10 50 0 48 59 9 50 51 66 48 60 5 64 70 39
split_gain=7.50588 3.93646 3.64749 2.72183 2.12751 2.81627 1.58208 1.51748 1.72885 1.40985 1.36621 1.33889 1.32757 1.23858 1.94651 1.56092 1.19494 1.90951 1.1942 1.17298 1.15197 1.10964 1.64128 1.31822 2.16371 1.95619 1.40878 1.16756 1.10222 1.31396 1.87219 2.02244 1.62406 1.47805 1.36617 1.43782 1.223 1.09836 1.35061 1.06486 1.5812 1.40143 1.29756 1.04993 1.04396 1.01272 2.66336 0.980581 0.959049 1.25357 1.36687 1.13957 0.953787 0.927547 0.911732 1.13392 0.899408 0.878636 0.858135 0.837121 0.803309 0.796643
threshold=0 1 13.030000000000003 5.7370368982815281 2 9.1848509936051497e-17 -10.571172792929406 -0.93301270189221919 3 -4.9417109644852966 4 -15.794228634059946 -27.503691312733114 -11.207676734114239 -10.715086747240273 120.94000000000001 -4.4988753371435992 -16.670252863774589 29.045000000000005 1003.962544693679 118.65500000000002 -338.39896078269675 1411.4950000000001 -378.0945124683451 40.811110036035807 -125.34505602388471 350.10000000000008 635.7850000000002 0.26521406770025563 10.144088531398681 3.7587169043095101 50.005000000000003 -12.268033768201416 5 2405.1292359153772 -77.122939883159901 1730.2133333333338 7.9602041944577965e-16 -4.2105981948722535 6 -896.93069982193708 -434.45136312116563 955.11296537898409 7 -19.810992272309651 -1.8660254037844384 -45.821768992284781 15.588457268119894 -153.06545840961607 8 -115.00178541266762 -55.973323034334371 4.7500000000000009 -751.80494229666044 17.138559079326878 179.01000000000002 -247.78061625833041 60.11457248440523 0.6830127018922193 2.1800000000000002 1.4369955899930307 -1.0000000180025095e-35
decision_type=9 9 2 2 9 2 2 2 9 2 9 2 2 2 2 2 2 2 2 2 2 2 2 2 2 2 2 2 2 2 2 2 2 9 2 2 2 2 2 9 2 2 2 9 2 2 2 2 2 9 2 2 2 2 2 2 2 2 2 2 2 2
left_child=3 19 4 6 5 11 12 20 16 -5 -10 -3 -1 14 -8 37 17 -9 -13 21 -4 22 27 25 47 53 -26 -2 36 30 31 32 -30 -32 35 -35 -12 38 -15 56 -41 -42 45 57 -31 46 -43 -25 51 50 -50 -47 -39 -23 -18 -56 -37 -6 -14 -45 -19 -61
right_child=1 2 7 9 43 -7 13 8 10 -11 28 18 58 15 -16 -17 54 60 -20 -21 -22 23 -24 24 26 -27 -28 -29 29 44 33 -33 -34 34 -36 39 -38 52 -40 40 41 42 -44 59 -46 48 -48 -49 49 -51 -52 -53 -54 -55 55 -57 -58 -59 -60 61 -62 -63
leaf_value=-0.012938255366649387 -0.012317832196200983 0.0088029841686018979 -0.00046234237158834036 -0.01094636760166424 0.00076781868243319435 -0.032662575592816226 -0.01409251315077284 -0.002357080661728302 0.0024457332129625082 -0.03025346100814208 0.0023439416880481497 -0.01747532118153388 0.0029950602824024217 -0.032848192957665785 0.0058421846187301481 -0.031408383584281857 -0.003028233624485531 -0.0099245627941401734 -0.0051349203069077816 0.009449263125926019 0.0055326167599019562 0.0069604841341192802 0.0056856058081349277 0.0039025973547645049 0.016468353366936684 -0.010053657381558856 0.0064060092153127579 0.00037966284420428201 -0.0073706535445765249 0.0051688552097168827 -0.0037956388823749045 -0.0026456162992699313 -0.027758907505150095 -0.0068159327114809074 0.012598782773628451 -0.0044272598873322513 0.015025144103694967 0.0022292888686213019 -0.01153847605960966 -0.011994049383782115 0.0071471575322225867 -0.025276856486945748 -0.013331600758426689 0.0067959547793941776 0.00075482322910256261 -0.0040131034432168413 0.0024269421404060167 -0.0032147449236479332 -0.012242212090333215 -0.00016087462736143562 -0.0018010722206344418 0.0040164863188178451 -0.011738895538812445 -0.0020251310568519081 -0.0021540606255723801 0.015493576058088092 0.0031413772479231745 0.015785858003201508 -0.0072235375796493896 -0.012185190598761934 -0.025191584954727092 -0.003386422377327974
leaf_weight=22.404348507523537 37.797755882143974 10.685290358960627 121.76656225509942 19.87946586124599 91.310977046377957 13.038985266350208 21.790932029485703 49.819104410707951 658.62431481853127 18.03205843269825 136.53996348753572 32.423333088867366 81.662553761154413 9.6392612345516664 27.955082762986422 9.8752987012267095 196.5293009839952 16.99603496491909 49.587112028151751 75.615756630897522 234.35963115468621 63.308684311807156 47.954763472080231 343.11543476767838 53.088048769161105 39.066569987684488 100.88843815028667 34.747859120368958 24.890817355364561 163.69621485471725 268.43831487372518 131.25166281685233 16.075818816199899 76.944941937923431 21.426568210124969 43.562719106674194 22.088479101657867 22.316930841654539 32.524628344923258 28.637608759105206 63.588605433702469 14.373981587588785 19.173911213874817 18.61796305142343 737.23630651645362 54.219263680279255 21.882918771356344 56.339831598103046 46.793482139706612 1745.4826528057456 94.945781707763672 238.80436427146196 27.015014462172985 52.566137811169028 20.920133724808693 16.112878695130348 396.66370786912739 10.90198629721999 27.451883723959327 27.933696475811303 17.475287081673741 325.39265362452716
leaf_count=72 60 5 596 49 877 101 65 73 746 56 582 301 165 60 59 21 543 65 199 75 442 59 32 400 71 72 98 44 68 35 1056 61 69 66 15 67 15 101 177 40 95 25 16 30 231 109 85 89 91 5768 185 287 140 120 108 14 1161 57 63 221 53 2629
internal_value=0 0.000384597 -6.16967e-05 -0.00732106 -0.00383971 -0.00996294 -0.00586202 0.000322599 0.000111969 -0.0201295 0.000340624 -0.00784471 -0.00185212 -0.00935188 -0.00289009 -0.0125229 -0.00340668 -0.00861706 -0.0100138 0.00344969 0.00348282 0.00294398 -0.00149163 0.00369852 0.00483978 -0.000377924 0.00987531 -0.00623599 1.8252e-05 -0.000135938 -0.000597083 -0.00567274 -0.0153713 -0.00031825 2.05652e-05 -7.40905e-05 0.00410976 -0.0104845 -0.0164102 0.000113311 -0.00031633 -0.000172258 -0.000380442 -0.00221738 0.00155684 -0.000268408 -0.00855618 0.00289876 -0.000130584 -0.000543801 -0.00490222 0.00253074 -0.00541993 0.0028842 -0.00167216 0.00552434 0.00233928 0.00215846 0.000424184 -0.00344492 -0.0176642 -0.00408205
internal_weight=0 7183.7 6279.21 320.547 579.892 105.735 282.636 5699.32 5343.2 37.9115 5025.34 92.6957 131.519 151.117 49.746 101.371 317.853 84.2904 82.0104 904.489 356.126 828.874 120.5 708.373 553.432 154.941 153.976 72.5456 4366.72 4208.09 3307.16 172.218 40.9666 3134.94 2866.5 2845.07 158.628 91.4958 42.1639 2768.13 2327.9 2299.26 2235.68 474.157 900.933 2216.5 36.2569 399.455 2180.25 1887.22 141.739 293.024 49.3319 115.875 233.562 37.033 440.226 102.213 109.114 371.944 34.4713 353.326
internal_count=19335 18307 17187 1028 4420 606 923 12767 11729 105 10873 505 300 623 124 499 856 191 500 1120 1038 1045 136 909 658 251 169 104 10127 9530 9264 198 137 9066 8010 7995 597 478 237 7929 6701 6661 6566 3814 266 6550 110 489 6440 6044 276 396 241 179 665 122 1228 934 228 2880 118 2850
cat_boundaries=0 23 44 45 65 85 105 127 146 165
cat_threshold=4194304 553648128 132 134217728 0 33554432 4096 0 0 16 524288 2298478596 1090916354 134217728 34340864 4096 1 2147483648 32 0 168 0 128 2 0 3289382912 1073741824 34112512 0 8 67108864 0 0 0 0 0 0 16392 8397072 2148007990 4097 128 131073 20 864260 32772 269484032 0 16 0 0 18432 0 0 4194304 0 1409286144 1048576 0 16777472 4195840 1610745088 268468224 33562700 4 2148536320 0 16777728 17408 4528 0 65584 0 409600 68 1024 2097152 516 0 4097 2147483648 0 134283392 16384 128 2162688 524320 809500672 256 16384 0 256 134217728 0 0 2099712 536870912 16384 2097152 8320 16777218 33556544 4 66560 65536 268436512 256 0 3 65536 134217728 270466 1077936128 0 0 134217728 512 0 605028352 268435460 1140850816 268435456 100663304 272629762 0 0 134217728 0 2097152 0 0 0 0 536870912 4194304 131072 0 2150629376 8388737 2132096 49506 270573824 4 0 0 131088 2048 0 0 0 0 4096 0 0 65536 805306400 0 0 0 0 2147483648 4 16777216 4194306 537001984
is_linear=0
shrinkage=0.05


Tree=82
num_leaves=63
num_cat=9
split_feature=0 0 66 4 3 67 58 47 66 60 50 73 58 48 0 63 63 60 0 48 52 48 50 51 89 65 67 67 3 48 64 67 0 51 0 58 60 51 67 18 58 0 64 67 67 52 59 8 19 48 51 73 68 63 5 50 49 68 54 8 51 49
split_gain=8.95831 4.46455 3.25386 2.5889 2.52415 2.55183 1.56933 3.79051 1.45038 1.4477 1.52343 1.26572 1.20308 1.19275 1.1589 1.29531 1.1356 1.30055 1.08675 1.06787 1.01463 1.18983 1.9849 1.00697 1.08904 1.09129 0.99368 0.973293 1.36082 1.365 0.935013 0.928347 0.903454 0.897369 0.825343 1.10877 1.24162 1.213 1.3563 0.92234 1.49568 1.16804 1.01852 0.90913 0.873993 0.858643 0.970077 0.819077 0.853682 0.769701 0.769304 1.18306 0.918944 0.741778 1.02018 0.726865 0.775802 0.722048 0.713301 0.702636 0.674525 0.667269
threshold=0 1 37.696666666666673 0.93301270189221952 2016.5000000000002 5.2150000000000007 139.02993722209843 -21.382427796032502 1.0000000180025095e-35 -45.285354817468594 50.486446533146356 2 187.02305183092207 -1128.1326425104023 3 15.087121212121215 6.2928571428571436 30.601029117585966 4 -63.122637727361656 -31.243609861501604 123.47467717823027 -214.62431786350464 -7.294970978151361 1.0000000180025095e-35 21.030000000000005 1.0800000000000003 822.00500000000011 2019.5000000000002 84.390229402995146 4.0850000000000009 2694.8800000000006 5 -219.84344600970181 6 514.30840091151492 -373.54809154529545 -312.17517544763058 806.59000000000003 0.6830127018922193 488.42841792860753 7 50.110000000000007 165.63500000000002 943.25000000000011 -231.38996844225161 6.2810956997815781 2.5000000000000004 0.25000000000000017 -470.81651161298515 750.48759638475315 8 0.83333333333333337 68.341666666666683 -0.68301270189221941 -541.05064752365718 -61.320989831073206 0.83333333333333337 184.70769977569293 6.5000000000000009 -113.94774486370069 1.0000000180025095e-35
decision_type=9 9 2 2 2 2 2 2 2 2 2 9 2 2 9 2 2 2 9 2 2 2 2 2 2 2 2 2 2 2 2 2 9 2 9 2 2 2 2 2 2 9 2 2 2 2 2 2 2 2 2 9 2 2 2 2 2 2 2 2 2 2
left_child=3 6 4 9 14 8 7 -2 -6 -1 16 30 -8 -4 15 -3 57 23 53 -13 21 33 -23 24 -18 -26 -10 28 29 -22 -7 34 -21 -14 43 39 -37 44 -39 40 45 -41 -43 -20 49 46 -36 -17 -49 -38 51 52 -47 -15 -55 -45 60 -11 -33 -56 -57 -25
right_child=1 2 13 -5 5 11 12 -9 26 10 -12 19 20 18 -16 47 17 -19 31 32 27 22 -24 61 25 -27 -28 -29 -30 -31 -32 58 -34 -35 35 36 37 38 -40 41 -42 42 -44 55 -46 50 -48 48 -50 -51 -52 -53 -54 54 59 56 -58 -59 -60 -61 -62 -63
leaf_value=-0.024130138114269159 0.019944474448168766 0.032916431885271366 -0.0076345095493015568 0.0058720779653150101 0.00052402949463821338 0.0068400379814609301 -0.0044380255026832916 -0.00064857978290179476 -0.027653216009125316 -0.013807171118562282 0.0058023810854623192 -0.01766321489480813 0.0017061035816012132 -0.0095464942295354106 -0.00017338496408054123 0.010262798116704729 -4.8266704097564386e-05 -0.018330151029453883 -0.0031388747303699458 0.00065099861297448027 0.018259791883485178 -0.0022232301629543883 0.013680982505887047 -0.015631051850728432 -0.0019949509954886339 -0.021483686455407467 -0.012210829975044787 0.0035327956435165816 0.0028389759628711436 0.0061567439260465824 -0.00089374977300613653 0.0018018904515584582 -0.0039405138066223666 -0.00607818981388248 0.010242963024248784 -0.0077339247904315515 0.004466500390764792 0.0022853481017253391 -0.0065739019064041879 0.0032875959914346071 0.010688534794740119 -0.014293641526741716 -0.0022571025165295504 0.0097488474210478092 0.0075044829365330861 0.0071147279213220581 0.0011338650577188089 -0.001216431823170087 0.020898736397562033 -0.0078608970215449537 -0.0049234484312296461 0.00069146262774843527 0.0011922279036358826 0.0042034946860725411 -0.0033277489658519403 0.0041321642753657092 0.0048224141794660641 -0.03086412795602498 0.0074733314183440067 0.0021883923012919067 -0.0016484416786140578 -0.0051307848711751782
leaf_weight=17.649917345494032 48.582297207787633 4.4663127139210692 41.784140914678574 27.378605677280575 17.657312177121639 52.307970298454165 45.205611784011126 41.377926440909505 13.625782562885432 17.127877900376916 15.624056462198494 12.953498495742677 111.12921795248985 26.997800562530756 258.71642924286425 44.79000385850668 62.58990565687418 31.139549785293639 58.350993320345879 132.46620942372829 48.807789087295532 35.553826238960028 43.768831990659237 42.157468147575855 14.268119185231628 14.465691626071928 44.241264024749398 223.1790264248848 60.135374028235674 44.568985395133495 154.56206994690001 131.31417980790138 629.70745971333236 55.519632581621408 53.56008892506361 74.267366804182529 26.980474531650543 71.778455421328545 108.51415699720383 92.495350942015648 41.144232377409935 18.828561689704657 264.07063324376941 42.04614719748497 62.647333428263664 139.0650369413197 64.335788868367672 44.808776963502169 4.8345177024602881 23.860944673418999 55.271310672163963 2554.1760374251753 123.80702633969486 77.075414016842842 272.28387488797307 84.009493343532085 239.15747703611851 9.7285327501595038 95.95007136464119 73.263009715825319 126.38647239655256 23.599912250414491
leaf_count=30 90 36 63 68 64 33 77 97 55 88 21 94 182 233 3045 294 97 59 280 769 63 70 48 184 74 34 293 158 62 48 448 63 3129 95 101 87 67 51 79 195 27 59 590 41 46 34 152 567 9 45 37 4784 300 129 341 129 354 50 53 152 192 134
internal_value=0 0.000612243 0.000183369 -0.00841469 -0.00193502 -0.00316301 0.00421731 0.0104725 -0.0120195 -0.0103285 -0.0092726 -0.00248186 0.00343789 0.000778134 0.0016963 0.00599832 -0.0103677 -0.00899532 0.000848414 -0.00338395 0.00400969 0.00151194 0.00655243 -0.0071448 -0.00374778 -0.0118063 -0.015847 0.00564066 0.00870513 0.012483 0.00101281 0.00107912 -0.00318567 -0.00088726 0.000917808 0.00064744 -0.00195796 -0.000497809 -0.00304684 0.000930815 0.00122033 -0.00140705 -0.00295379 0.00271249 0.00355168 0.00109005 0.00527213 0.00536039 0.000937256 -0.00131901 0.000918395 0.00103301 0.00416685 -0.00147842 -0.000998002 0.0034622 0.00287422 -0.0199859 0.00419635 -0.00215821 0.00065971 -0.0118626
internal_weight=0 7216.39 6458.56 275.73 1415.14 1057.52 757.829 89.9602 75.5244 248.351 230.701 981.997 667.868 5043.42 357.616 98.8996 215.077 188.221 5001.64 775.127 622.663 245.972 79.3227 157.081 91.3237 28.7338 57.867 376.691 153.512 93.3768 206.87 4552.02 762.174 166.649 4324.75 3774.8 368.049 293.781 180.293 3406.75 3031.36 375.395 282.899 549.951 113.489 2990.22 117.896 94.4333 49.6433 50.8414 2872.32 2817.05 262.872 449.62 422.622 491.6 449.553 26.8564 227.264 345.547 210.396 65.7574
internal_count=19349 18510 17520 839 8836 4885 990 187 412 771 741 4473 803 8684 3951 906 720 582 8621 3992 726 395 118 523 205 108 348 331 173 111 481 7766 3898 277 7650 6654 375 288 130 6279 5435 844 649 996 158 5408 253 870 576 112 5155 5118 334 855 622 716 675 138 116 493 321 318
cat_boundaries=0 23 44 45 64 85 107 127 146 147
cat_threshold=4325376 620757008 0 128 0 33554432 8192 1048576 0 0 524288 2164260864 2164658176 1207959552 67371264 268435456 264192 0 33555456 0 4 0 128 2 32768 1083179008 16400 0 134217728 12 4194304 0 268435456 0 0 0 0 268435456 12592532 2181562432 0 196608 196609 32 33644640 0 0 0 256 98304 0 33554432 210239488 131072 0 1208221696 8414420 2048 32786 2148007936 1073741826 0 0 16 1605664 0 536870912 0 533504 0 256 0 0 2689081364 32768 1073741824 0 17301504 1 67108864 1610743808 134221824 134217734 0 128 0 0 0 0 0 0 134217728 0 0 0 69206016 1109427208 67584 23297 140509313 2082 0 0 0 128 0 1024 134217728 134217728 2147484160 2 16 32 48 0 0 1074003968 0 0 1 0 16384 16777281 25165952 67108968 16512 272 2052 288 0 1610613504 32 0 128 0 65536 1024 0 0 0 0 0 0 1024 0 4194304 135232
is_linear=0
shrinkage=0.05


Tree=83
num_leaves=63
num_cat=13
split_feature=66 0 0 51 70 0 67 52 0 51 0 9 66 0 65 58 36 47 70 59 52 66 9 71 49 52 70 10 5 71 3 0 0 4 54 59 51 0 47 59 60 2 59 0 49 49 63 60 73 73 67 70 47 15 36 9 70 42 60 68 0 67
split_gain=7.42623 3.98059 3.71222 3.18103 2.59052 2.348 2.4981 2.89485 2.24249 1.83392 1.30794 1.29234 1.21504 1.28827 1.16956 1.15351 1.15293 1.76768 1.71077 1.1384 1.12551 1.56074 1.38072 1.59761 1.22591 1.0788 1.04693 1.00238 0.991564 0.977065 0.97479 2.63357 1.56107 1.31769 1.21227 0.965204 0.947501 1.47551 1.36344 1.43015 1.08729 1.27951 0.993173 1.15421 1.09949 0.946683 0.931376 0.921753 0.921409 0.918624 1.57012 0.915033 1.66641 1.09812 0.910021 0.886205 1.5727 0.884841 0.80995 0.924333 1.05005 1.26247
threshold=19.278333333333336 0 1 26.978513638394308 1.9098590694391531 2 3.0600000000000005 17.525502803795654 3 -434.67042322495467 4 3.2320508075688781 77.978333333333339 5 33.020000000000003 277.21307720596155 0.25000000000000017 -22.009404096834277 1.5545458991568182 -51.344590646549854 126.47675119760022 676.48500000000001 4.7500000000000009 13.768584780823256 -435.42734683002874 -45.643338786176592 1.8819065750843655 -6.5000000000000009 0.93301270189221952 2.8238360882358262 2012.5000000000002 6 7 0.68301270189221941 20.95571844679095 -85.404047362319616 -138.64431992912108 8 498.60993117261683 -172.4785208548135 -12.987781577461652 1.5000000000000002 -1.7805708144256032 9 -181.45428828299609 -181.45428828299609 5.0954545454545466 109.77152087278918 10 11 679.83500000000015 2.3813052396616654 -286.3635003549112 1.8369701987210299e-16 1.0000000180025095e-35 18.59326673973661 2.7364210526315795 -1.0000000180025095e-35 0.3045124849532464 0.83333333333333337 12 45.030000000000008
decision_type=2 9 9 2 2 9 2 2 9 2 9 2 2 9 2 2 2 2 2 2 2 2 2 2 2 2 2 2 2 2 2 9 9 2 2 2 2 9 2 2 2 2 2 9 2 2 2 2 9 9 2 2 2 2 2 2 2 2 2 2 9 2
left_child=2 3 28 9 35 -4 7 29 20 -2 11 -11 13 19 -12 58 55 -18 -19 -10 21 22 25 27 -22 45 -23 -24 46 -7 31 -14 51 34 -33 -5 38 40 39 -34 41 -38 43 -39 -44 -3 -1 -25 -41 -46 -51 -32 -53 -54 -26 -8 -57 -50 -15 -60 -61 -62
right_child=1 8 5 4 -6 6 16 -9 12 10 14 -13 30 15 -16 -17 17 18 -20 -21 24 26 23 47 54 -27 -28 -29 -30 -31 32 33 36 -35 -36 -37 37 42 -40 48 -42 -43 44 -45 49 -47 -48 -49 57 50 -52 52 53 -55 -56 56 -58 -59 59 60 61 -63
leaf_value=-0.021690836843425196 0.0092200280949935633 0.00060264644613491566 0.0030685014543102187 0.0013130441115863473 -0.024240141237642475 -0.015088688281159912 -0.0016378277143177175 0.0031298721747331096 0.015591386579117839 -0.004030068442852669 0.011329752034585857 -0.017074442934410756 0.0041063387663879646 -0.002659758970225563 -0.001813138314854641 -0.009787247910288812 -0.033543922633097571 -0.001495211330049538 -0.021068786587590642 0.001871430462752505 -0.0058612433036053175 0.0050396154732050835 0.0054188988326743497 -0.0067293922866337591 0.0064274369330747528 0.0024816957926892674 0.012264425032471327 0.016645064340179056 -0.023402448804805426 -0.031450132008063278 -0.0002987520203980544 -0.028288108363619575 -0.0019411471028899429 -0.0024535821724112291 -0.0094782543958797927 -0.01101919694287843 0.0025171500730063758 -0.00039212962096503608 0.011933519342207731 0.0080910765763726831 0.00054303176495403124 -0.0079257330075430538 0.0045081690553643002 0.004446966212696934 0.0013165402850359796 -0.011499701331123369 -0.0086957467683961877 0.0069038320539765614 0.008331961337457441 -0.00026562886918544227 -0.008990587945597199 0.0039536365907509889 -0.014844950915134089 -0.0023607555166672185 -0.0019362155467096615 -0.0033106985829163245 -0.03016496686899367 0.0018526730559618695 0.003093894240000384 0.0027761871668575476 0.0017020292810846539 -0.0070056513305637655
leaf_weight=15.493295002728699 34.327361285686493 35.302784770727158 150.44023119099438 24.377530101686716 30.202690038830042 40.681538030039519 571.96870851423591 21.216619643382728 16.718591753393412 52.316208049654961 19.2817403357476 29.805153800174594 87.565586179494858 467.63482578657568 138.61091399937868 40.892578516155481 6.5978478696197262 45.606058838777244 14.781347328796981 158.04213572107255 58.541739612817764 118.14559310674667 37.718140099197626 25.453446224331856 75.516455709934235 198.22850242629647 87.115694999694824 42.054634191095829 15.624338870868085 11.763173888437448 436.38968563824892 10.559371527284382 136.06354653835297 62.213044669479132 45.371220719069242 45.443438172340393 40.070348937064409 169.73718304932117 41.996301561594009 96.444673418998718 194.53893518447876 109.45496629923582 190.14519814401865 487.36109525710344 948.55524471402168 29.797432817518711 125.28286422602832 24.172303408384323 60.62851819396019 372.15259062871337 59.857513472437859 32.29015226662159 42.713706113398075 29.976243909448385 57.127540022134781 19.192154916934673 7.6153912767767897 402.56597098708153 179.41865208372474 88.962989527732134 65.492569573223591 114.21993617154658
leaf_count=94 14 59 808 35 56 185 4159 38 99 119 95 75 202 1754 314 191 57 344 82 1026 60 103 59 65 81 209 48 52 68 76 923 58 195 95 207 110 57 412 43 68 252 177 153 855 448 54 549 38 87 885 78 23 89 45 48 231 14 535 406 685 288 643
internal_value=0 0.00067794 -0.00386823 -0.00425889 -0.0120057 -0.0025071 -0.0036673 -0.012454 0.000992608 -0.00158966 -0.00313568 -0.007813 0.00061118 -0.000836555 -0.000195741 -0.00155479 -0.0027502 -0.00897113 -0.00628634 0.00301163 0.00346109 0.00457262 0.00272592 0.00695517 0.000165486 0.000647694 0.00810592 0.0113371 -0.010764 -0.0187585 0.00101645 -0.00233705 0.00119559 -0.00687814 -0.0130294 -0.00671348 0.00160012 0.00115186 0.0031846 0.00265647 -0.00186691 -0.00512721 0.00161919 0.00325867 0.000943633 -0.0049368 -0.0101259 -8.87584e-05 0.00377427 0.00045269 -0.00144116 -0.00128327 -0.00549805 -0.00969666 0.00282535 -0.00205426 -0.0109394 0.00264369 -0.00120414 0.00031495 -0.0015408 -0.00363031
internal_weight=0 6351.57 1046.26 374.365 100.024 889.863 739.423 73.6613 5977.21 274.341 240.014 82.1214 5188.03 1131.38 157.893 956.622 665.762 66.9853 60.3874 174.761 789.174 597.989 392.727 129.399 191.186 263.329 205.261 79.7728 156.4 52.4447 4056.65 205.709 3850.94 118.144 55.9306 69.821 3309.57 2571.87 737.699 695.703 344.064 149.525 2227.81 657.098 1570.71 65.1002 140.776 49.6257 559.639 1380.57 432.01 541.37 104.98 72.69 132.644 598.776 26.8075 463.194 915.729 448.094 268.675 179.713
internal_count=19378 12673 6705 818 201 5994 5186 299 11855 617 603 194 10979 5092 409 3967 4887 483 426 1125 876 687 536 214 189 322 151 111 711 261 5887 562 5325 360 265 145 4245 3317 928 885 486 234 2831 1267 1564 113 643 103 690 1411 963 1080 157 134 129 4404 245 622 3776 2022 1616 931
cat_boundaries=0 21 37 57 77 97 118 129 150 172 191 192 193 212
cat_threshold=1081376 0 128 0 0 33554432 262144 0 2147745792 0 557056 2147483648 5 536870912 0 268444320 537002000 2147483648 301990208 16 40 4194304 872415232 269484036 671088640 98304 0 0 68157440 0 0 0 2183135504 17174528 134217728 18612352 1073741824 1073741824 32768 1090519040 0 134218752 32 268435456 4194304 262144 0 2150629376 458752 65681 16386 2418024448 4116 0 0 131088 128 402653184 671088640 285212672 1073759488 32 0 136 0 0 0 0 1075838976 128 134217728 0 1082131456 2181563394 65664 8192 229380 0 0 128 0 0 33554432 0 0 0 0 524288 2147483648 4 0 0 268443648 16 2147483648 268435456 16 131072 268435488 68157440 134217761 0 0 33556480 71303168 0 0 671088640 536879628 66048 18948 268437505 2056 0 0 4 0 128 64 256 2147483648 0 36864 0 0 0 0 0 3584 8 256 2147483648 32 32768 16384 49152 0 65536 96 7680 0 0 1048576 0 67109120 1073742213 131081 16384 0 132 0 0 1140851200 0 16384 1073745920 0 0 0 4026531864 0 0 0 524288 2147483656 64 8389216 80 536870912 1 0 134217728 2147484758 64 0 0 0 0 0 0 16384 272900 0 0 0 0 0 0 16777216 36 4194432 2359300 8675424 1075838976 1073741824 0 0 0 2621440 134221824 2281701376 0 0 512 263168 1064978 16777600 131072 16777216 0 0 1024
is_linear=0
shrinkage=0.05


Tree=84
num_leaves=63
num_cat=13
split_feature=0 0 71 63 73 0 73 49 64 59 50 70 48 71 45 0 70 65 50 0 0 3 17 9 50 0 3 65 58 8 59 36 48 0 71 49 65 52 47 9 47 0 9 9 70 71 49 59 70 71 54 26 45 0 9 9 0 47 29 3 37 58
split_gain=6.7824 3.49267 3.06934 2.29761 2.68985 1.76807 1.79108 1.6747 1.57961 1.57276 2.56408 1.45134 1.37326 1.36683 1.86823 1.37621 1.72103 1.35381 1.29387 1.30457 1.25757 1.24426 1.46504 1.23838 1.50243 1.46768 1.54878 1.22754 1.52662 0.976453 0.951559 0.915547 1.10751 0.953508 0.828051 0.820652 0.818019 0.866343 0.812546 1.0781 0.811401 0.948812 0.792023 1.45785 0.902177 1.56245 0.777535 0.773533 0.856645 0.947645 0.943825 1.82266 0.886711 0.819139 0.751445 0.744767 0.893659 0.901157 0.748973 0.739838 0.738734 1.08842
threshold=0 1 0.25035742202698225 107.94833333333335 2 3 4 -288.4047867560318 34.985000000000007 4.2398205007085528 -34.989356916645484 15.103406593406595 104.70134140855565 -2.4044707447554559 -1.0000000000000002 5 8.007164424627442 39.030000000000008 -890.72148028642266 6 7 2014.5000000000002 -0.6830127018922193 -16.727241335952161 -600.64795516279571 8 2010.5000000000002 1575.0450000000003 823.98648501979835 2.5000000000000004 -18.804331715210747 -0.93301270189221908 -11.4874267040018 9 -0.91388152431805547 -29.291946757902444 22.005000000000006 -2.6694711736190331 -396.3936807857549 -8.5801270189221928 163.76678537599605 10 1.1634144591899857e-15 9.7631397208144151 2.4219156149057182 7.0794140503745178 -80.014216440504541 148.39637277285831 7.403766109232806 -0.24952269197838667 1.9819834210524967 -0.68301270189221941 -0.93301270189221919 11 -6.2810889132455356 -10.500000000000004 12 -68.34285655032194 0.93301270189221952 2019.5000000000002 1.6160254037844388 239.96649309845978
decision_type=9 9 2 2 9 9 9 2 2 2 2 2 2 2 2 9 2 2 2 9 9 2 2 2 2 9 2 2 2 2 2 2 2 9 2 2 2 2 2 2 2 9 2 2 2 2 2 2 2 2 2 2 2 9 2 2 9 2 2 2 2 2
left_child=2 7 9 4 35 11 8 18 -7 10 -1 -6 13 14 -8 16 34 29 -2 -20 -16 60 -23 24 -5 27 54 28 -25 -9 -22 32 -17 -33 59 -3 37 -12 -24 -40 41 -26 -41 46 45 -45 -44 48 50 -50 51 -35 -52 -54 -27 56 -28 -58 -57 -15 61 -19
right_child=1 3 -4 23 5 6 12 17 -10 -11 36 -13 -14 15 20 31 -18 21 19 -21 30 22 38 25 40 26 55 -29 -30 -31 -32 33 -34 47 -36 -37 -38 -39 39 42 -42 -43 43 44 -46 -47 -48 -49 49 -51 52 -53 53 -55 -56 58 57 -59 -60 -61 -62 -63
leaf_value=-0.040786903567615877 0.0067272508503711222 0.0056772323447907913 -0.0029126852403649432 0.014051813643026637 0.00016824655595661046 -0.015402423052958093 -0.020650569270378477 0.019401474345640952 -0.0024856993329963584 -0.0069570430703021048 -0.0075605757586011957 0.010192097336654609 -0.021273302713776806 -0.0038460132869696721 0.0031598781105935665 -0.03021748421771844 -0.024698490866112435 -0.0002139665678729094 -0.0058874846680152734 0.0017469538486164248 0.0015746540603651278 -0.0011476541860053911 0.011469624509281431 -0.0024197562600079452 -0.0046343990569718612 -0.0055788344784346517 0.0037798623367514225 -0.010156222738438934 0.0058629254329792251 0.0068233706036227876 -0.008015530496496533 0.003167905021995732 -0.0027985693045979305 -0.027217319721625617 -0.0027206723234517198 0.00094648605192976438 -0.0039914329401183482 -0.022774605345362148 0.010939089260216138 -0.00053847428144663211 0.0065736161892819113 0.0024872218060232841 0.014330475448598862 0.011038059637896521 -0.0031017820810914452 -0.0015679802992814515 0.0058530672090305888 0.012856709305334361 0.0043699871458214232 -0.0016504633123735927 0.0087286323408878094 -0.0045178938373370862 -0.0051729394247935438 -0.00063382383335606855 0.0081514604668463456 0.0010616704746436 -0.0091539779773927438 -0.0014748292649337325 -0.0043259292559637546 -0.020791364609302129 0.0042772530012476027 -0.019461005814059226
leaf_weight=11.069899808615444 57.707788392901421 132.79785772413015 141.7120603621006 30.614398509263992 197.67143471725285 55.498561378568411 18.785972349345684 24.83361117169261 41.270589347928762 48.124189391732216 13.758881415240465 44.182212542742491 9.3492749622091633 12.445361450314522 44.303925571963191 5.7121419776231077 11.395201507955788 17.024839371442798 90.606421798467636 120.8899547085166 31.594067106954753 89.851796701550484 56.124751232564449 395.42337092198431 47.99124376475811 11.086526479572056 47.405375242233276 42.286853346973658 64.741226881742477 40.747190842404962 142.65483627840877 141.70252527110279 10.366733824834226 9.8779838941991311 117.09563936619088 296.02078716829419 13.997625067830084 29.248042592778802 65.181843709200621 77.05278230458498 94.895700097084045 248.24707849696279 48.791900098323822 50.696436267346144 54.313471794128418 47.715337196364999 60.693500898778439 9.7787848673760873 120.8311976082623 142.38293338939548 20.492215553298593 84.429158926941454 128.46149499062449 387.39820778509602 98.506647851318121 2810.3922629049048 52.615776736289263 139.48491730540991 66.023763924837112 13.351791655644774 18.098501861095428 12.919298171997069
leaf_count=27 66 57 338 25 1011 54 35 28 157 119 83 33 76 119 126 35 110 90 77 186 212 94 64 1023 83 65 81 48 56 120 969 846 105 37 858 138 33 131 63 98 142 551 36 70 25 61 77 20 45 121 72 449 1097 3224 437 4218 145 318 180 75 9 37
internal_value=0 0.00054123 -0.00755879 0.000121084 -0.00117317 -0.00201548 -0.00263429 0.00338156 -0.008967 -0.0138755 -0.0187664 0.00192003 -0.00215719 -0.00204904 -0.00551975 -0.00137148 -0.00563334 0.00476639 9.12122e-05 -0.00171946 -0.00421917 0.00401905 0.0046926 0.000816845 0.00338486 0.000526323 0.00091758 -0.00196454 -0.00125445 0.0115863 -0.00593602 -0.000692383 -0.0125393 -0.000516785 -0.0045072 0.00235656 -0.0144902 -0.0179073 0.00583196 0.00504963 0.00254995 0.00126102 0.0039181 0.0052277 0.00207107 0.00492597 0.009631 -0.00111728 -0.00128265 0.00111329 -0.00228263 -0.00689549 -0.00147154 -0.00187674 0.00676249 0.000714947 -0.00196394 -0.00340108 0.000938006 -0.0126164 -0.00369783 -0.00851804
internal_weight=0 7312.82 257.911 6379.57 2229.85 1801.03 1559.18 933.249 96.7692 116.199 68.0744 241.854 1462.41 1453.06 237.339 1215.72 154.288 664.045 269.204 211.496 218.553 598.464 550.422 4149.72 421.748 3727.97 3225.52 502.451 460.165 65.5808 174.249 1061.43 16.0789 1045.35 142.893 428.819 57.0045 43.0069 460.57 404.445 391.134 296.238 339.263 262.211 152.725 98.4118 109.485 903.652 893.873 263.214 630.659 94.3071 536.352 515.86 109.593 3115.92 239.506 192.101 2876.42 25.7972 48.0426 29.9441
internal_count=19385 18654 731 17453 10081 9886 8842 1201 211 393 274 1044 8631 8555 1342 7213 1162 872 329 263 1307 724 588 7372 801 6571 5444 1127 1079 148 1181 6051 140 5911 1052 195 247 214 494 430 776 634 367 269 156 131 113 5065 5045 166 4879 486 4393 4321 502 4942 544 463 4398 194 136 127
cat_boundaries=0 23 44 45 64 65 84 105 124 145 164 182 202 220
cat_threshold=4325376 118489088 268435456 0 0 33554432 0 5242880 0 0 262144 2684354560 1074139136 0 524288 8192 268568640 2147500032 0 0 192 0 128 0 32800 1091567616 1073741824 17568 0 392 8 0 1073741824 0 1073741824 0 0 0 320 2148270210 67108992 131200 163841 20 8538144 1073745920 134217728 0 0 0 32 16846880 67108864 0 0 2162688 304285316 144 134217728 2097152 128 1280 0 65600 851972 0 2097168 128 0 0 0 8192 136314880 0 0 524288 17825792 889208832 37224448 385876352 4096 0 0 258 0 0 0 0 16384 0 0 0 0 0 0 0 0 0 0 0 524290 0 0 32768 20 0 0 0 536871936 0 0 8192 0 0 0 0 0 2 16384 272629793 4096 32 0 256 1048576 192 536870912 16 12544 2101248 20 0 458752 268435456 0 0 0 0 0 2273313808 536871941 268435488 64 16 32 0 0 0 2 0 2097152 33554432 0 0 0 49152 201326616 2051 2214606848 167948 272631808 32 0 8 0 0 0 0 0 0 0 0 0 1024 0 0 0 0 2147483648 8388608 8388608 131085 0 1610612736 4194304 134217728 0 2048 805306368 2156396544 512 0 100663296 24577 2148008452 4211732 34 1 0 32768 0 128 2147483648 0 0 0 0 24576 1 0 0 1040 0 0 0 0 2147483648 0 0 1
is_linear=0
shrinkage=0.05


Tree=85
num_leaves=63
num_cat=8
split_feature=0 0 66 71 56 50 52 65 54 63 0 47 60 56 53 51 0 65 48 67 46 73 36 67 8 19 67 50 10 63 47 54 0 65 67 8 71 71 25 47 27 52 65 9 50 56 0 10 50 54 55 67 49 48 14 65 0 54 45 49 56 54
split_gain=5.81353 3.89462 2.90777 2.5633 1.98976 1.90907 1.90774 1.57026 1.47491 3.71461 2.13808 1.56323 1.52988 1.43458 1.42644 1.52076 1.40369 1.37913 1.36088 1.27973 1.22518 1.33425 2.83835 1.92665 1.28577 1.20102 1.19588 1.17748 1.27477 1.08163 2.40395 1.01197 0.976972 1.142 1.07251 0.942824 1.00945 0.926409 1.2638 0.879796 1.07304 0.850105 0.949905 0.865371 1.02327 0.968692 0.813222 0.813014 0.788638 0.778636 0.936181 0.767162 0.759079 0.726016 0.821222 0.723173 0.693682 0.668738 1.08695 0.924985 0.805362 1.15337
threshold=0 1 27.358333333333334 -22.718062829517248 709.25134162537086 -22.310927086226926 -51.510343278436032 51.025000000000006 286.26391139377171 792.68893939393956 2 -474.77109680544669 -17.794206381554101 449.11224948741102 -300.7083063053451 301.10971673957118 3 2091.0250000000005 -143.77412185261565 66.02500000000002 -1.0000000000000002 4 0.6830127018922193 4.0400000000000009 2.5000000000000004 -0.93301270189221919 1359.7150000000004 3.0704789415793212 6.2810889132455374 102.93583333333336 -15.280970014700609 0.22601586558474848 5 44.060000000000009 176.08500000000001 4.5000000000000009 -0.24952269197838667 0.7618459689894489 -1.0000000180025095e-35 58.21869347819375 0.25000000000000022 -701.3554954384241 1451.8850000000002 10.446152422706634 103.4190357246561 316.95117878416835 6 -3.9494859272502133e-15 -446.72002105454936 2.866949053704738 0.76480624806211206 13.210000000000003 -134.873538268977 -307.17108752829046 0.50000000000000022 26.080000000000002 7 134.26750366953752 1.0000000180025095e-35 -100.86954963630562 87.819268422155332 12.463213718261853
decision_type=9 9 2 2 2 2 2 2 2 2 9 2 2 2 2 2 9 2 2 2 2 9 2 2 2 2 2 2 2 2 2 2 9 2 2 2 2 2 2 2 2 2 2 2 2 2 9 2 2 2 2 2 2 2 2 2 9 2 2 2 2 2
left_child=3 6 16 -1 8 17 41 19 10 12 14 -11 -10 26 -4 25 -3 -6 -7 27 24 22 23 -22 -18 -16 32 28 37 30 -8 -25 33 34 -12 39 55 38 -5 40 -23 -2 43 44 -43 -45 -27 -48 -35 -33 -51 -29 -14 -13 -55 -37 -38 60 59 -59 61 -31
right_child=1 2 4 7 5 18 29 -9 9 11 13 53 52 -15 15 -17 20 -19 -20 -21 21 35 -24 31 -26 46 -28 51 -30 57 -32 49 -34 48 -36 36 56 -39 -40 -41 -42 42 -44 45 -46 -47 47 -49 -50 50 -52 -53 -54 54 -56 -57 -58 58 -60 -61 -62 -63
leaf_value=-0.023459464034899943 0.0069148860203483075 0.002285188687557419 -0.018322169310416393 0.0029870631245410258 -0.014556531233475924 -0.0058134339972134965 0.020978129499609977 0.00016923478231541453 -0.011407751618656831 0.014142530115951716 -0.0026562841157188807 0.0090801944650406724 0.0051239279490843444 -0.0090694438462643814 -0.015719221126250106 0.0093566869568864047 -0.023384826989941154 -0.002355888497814821 0.006192027996692797 -0.017136628511483593 -0.016669895086218415 -0.00043352362956932533 -0.027232388231681105 0.0029372725044161745 -0.0012902749446837905 0.0017472765964410286 0.0037465967163152047 -0.0069130950437787794 -0.02097379800195906 0.0012440849958568457 -0.0018853633022753336 -0.0098750800128270706 0.00095687728926331173 -0.010857163094864716 -0.022506014172938325 -0.014003454339166039 0.0026651812742073378 0.00062604449975897235 -0.012526954927722912 0.0070021547507264003 -0.012854929310636747 0.00058669552828663084 -0.007814899681293808 0.011040426187049868 -0.010975841769351992 -0.0011216849435813077 -0.00093655984131832024 -0.0072983992794034211 -0.00041640142985412978 0.0023484945957061316 -0.0071123496734075385 0.0067583216587059547 -0.0035789854898461214 -0.0003937330426798512 0.0075345616844039098 -0.0044437751908003231 -0.0040580341942087449 0.0056786112832568555 0.00068431637896692308 0.013512362557303707 -0.0011262821720119083 0.010064144724764306
leaf_weight=20.927651911973953 44.061499338597059 155.1900856057182 15.174977310001848 16.486988388001919 55.079846363514662 44.185270637273788 32.13308404199779 89.629259753972292 38.541428588330746 61.169208914041519 15.39398528262973 72.521552801132202 45.149050191044807 36.172512948513031 19.190962433815002 24.428474374115467 14.501751407980921 39.970706596970558 50.678827822208405 30.936561621725559 28.590896565467119 510.91229379177094 14.536781735718248 55.80643242970109 12.061124883592127 73.08854416012764 346.17312109470367 17.409518977627158 17.569641943089664 81.55091205239296 17.90203383564949 52.421034062281251 3470.229936376214 18.989706471562386 12.196668758988379 35.30535017605871 54.109453222248703 32.527708986774087 64.41579744592309 38.188428651541471 17.999105639755726 95.252762714400887 38.630499202758074 35.339169219136238 23.945066645741463 30.504721498116851 89.75748622789979 114.00621825642884 380.2445766068995 52.000073667615652 52.595675432123244 24.991143783554435 56.29671473801136 79.200344234704971 55.584728717803955 44.996898613870144 92.60479742474854 83.669008366763592 49.604996602982283 68.559153869748116 73.953598998486996 67.947348959743977
leaf_count=21 59 1591 35 32 107 71 73 109 67 45 75 53 54 57 26 36 23 49 50 73 122 1801 61 16 94 116 167 81 91 46 84 116 6716 43 61 687 728 74 272 158 89 181 50 55 70 55 340 430 919 239 352 59 73 95 51 476 1170 84 43 73 102 82
internal_value=0 0.00048739 8.96601e-05 -0.00635041 0.000606028 -0.00441778 0.00389029 -0.00534843 0.000795954 0.00367574 0.000541073 0.00711878 -0.00292752 0.000843745 -0.00324633 -0.00263376 -0.00209503 -0.00942591 0.000600191 -0.00776866 -0.00272236 -0.00247938 -0.00555809 -0.0044832 -0.0133526 -0.00362317 0.000930241 -0.00609732 -0.0084414 0.00584406 0.0127978 -0.00284602 0.000680066 -0.00155645 -0.011431 -0.00139946 -0.00414007 -0.00650021 -0.00936539 -0.000327047 -0.00085623 0.000566969 -0.000683516 0.000805277 -0.00173605 0.00540586 -0.00278469 -0.0042857 -0.00091302 -0.00490151 -0.00240886 0.0011449 0.000294299 0.00504631 0.00287586 -0.00864674 -0.00167339 0.00502595 0.00711214 0.00920671 0.0031416 0.00525283
internal_weight=0 7188.3 6445.25 314.894 5213.42 189.915 743.054 293.967 5023.51 408.463 4615.05 268.476 139.987 4279.4 335.647 320.472 1231.82 95.0506 94.8641 204.337 1076.63 1050.07 255.951 241.414 26.5629 296.043 4243.23 173.401 131 475.32 50.0351 212.823 3897.05 426.825 27.5907 794.116 227.016 113.43 80.9028 567.1 528.911 267.734 223.672 185.042 119.198 65.8439 276.852 203.764 399.234 157.017 104.596 42.4007 101.446 207.307 134.785 80.3022 146.714 425.285 201.833 152.228 223.452 149.498
internal_count=19328 18516 17459 812 9736 277 1057 791 9459 438 9021 244 194 8038 983 948 7723 156 121 682 6132 6015 906 845 117 912 7981 609 469 587 157 723 7814 1098 136 5109 3061 378 304 2048 1890 470 411 361 251 110 886 770 962 707 591 140 127 199 146 1163 1898 430 200 157 230 128
cat_boundaries=0 23 44 64 84 85 106 126 141
cat_threshold=1212416 587202560 4 0 128 33554432 0 0 0 0 786432 3288334336 17174533 0 67899648 0 536871040 2147516416 16 0 64 0 128 268435458 32768 3222274560 1073741842 49152 32 256 0 131072 536870912 2097152 0 0 0 0 1086332948 2152202240 0 570425344 131329 32 134287360 1207959680 536870912 0 0 0 49154 0 0 16 0 0 18 524288 16385 67108992 131072 6 402784396 4 65536 0 16777216 0 134218752 2097152 0 8388608 262656 0 805306368 545292 10384 67121696 2129920 8 2048 0 131072 128 17635334 64 32 285212800 0 8448 2097152 0 0 2147549184 4195332 16809984 0 0 536870912 0 577 1107297296 4210688 4202562 0 128 134221824 134217728 0 0 0 0 0 0 0 16 0 0 0 0 0 128 0 2 0 4 1073741824 16 0 0 0 0 402653184 6291456 0 0 2218788864 142904353 304152576 35265 16842752
is_linear=0
shrinkage=0.05


Tree=86
num_leaves=63
num_cat=8
split_feature=72 72 66 73 5 57 72 50 66 53 51 57 68 47 18 49 65 47 24 51 66 72 3 47 71 45 72 56 65 56 72 47 48 50 53 67 54 71 72 3 17 52 56 3 67 3 53 46 48 57 56 51 57 57 67 57 9 47 51 13 9 54
split_gain=4.93807 3.36694 2.68109 2.35155 2.04928 1.6291 1.36547 1.40732 2.3336 2.23671 1.98408 1.32208 1.10649 1.17841 1.10306 1.19662 1.05171 1.0794 1.27586 1.38624 1.02806 1.5638 1.47506 1.52263 1.28858 1.51846 1.31311 1.13635 2.01203 1.67789 1.13592 1.11754 1.08219 1.01262 1.01079 1.20465 0.948524 0.932437 1.91808 1.15379 1.33646 0.92848 0.925596 0.922122 1.39905 0.866486 0.969465 0.860182 0.847618 0.817591 1.27434 1.22617 0.80809 0.989168 0.80271 0.782019 1.44822 1.31365 1.18756 1.03209 0.944091 0.909915
threshold=0 1 12.05666666666667 2 0.6830127018922193 -1.7952116001155682 3 -40.026807240278337 651.89166666666677 123.43852135244363 108.0261887999594 -197.38285300997379 0.83333333333333337 -1.4050546623969351 -1.0000000180025095e-35 -2.8244506479100466 2370.4000000000005 292.51670785976995 0.6830127018922193 232.73500557452223 155.41166666666669 4 2019.5000000000002 -43.273231008610828 -7.8831946579630667 -0.6830127018922193 5 642.22460220556673 1921.5000000000002 597.31116920128568 6 -101.7744441718212 282.57111234571721 541.8412532806999 13.434477536321401 377.55500000000006 348.0591737796737 -114.97574408116152 7 2019.5000000000002 0.25000000000000022 -1.0000000180025095e-35 145.35539988952863 2019.5000000000002 10.035000000000002 2020.5000000000002 -3.4693324798774312 1.0000000180025095e-35 20.936659851818792 -38.837595240422367 87.819268422155332 -194.96253513139973 46.000801890318932 -4.4436061169335739 231.13000000000002 -4.8231721250695561 14.28941916244324 242.40055916677809 -26.74030417925308 -0.68301270189221919 7.9602041944577965e-16 6.6093083343466894
decision_type=9 9 2 9 2 2 9 2 2 2 2 2 2 2 2 2 2 2 2 2 2 9 2 2 2 2 9 2 2 2 9 2 2 2 2 2 2 2 9 2 2 2 2 2 2 2 2 2 2 2 2 2 2 2 2 2 2 2 2 2 2 2
left_child=14 11 3 4 12 -6 7 9 34 10 47 -2 13 -3 15 -1 17 18 19 37 21 22 42 -24 25 -23 54 29 33 30 32 -27 36 -29 35 -9 49 -13 41 40 52 -39 -8 -5 -45 -25 -47 -4 -28 50 -22 -51 53 -40 -26 59 57 58 -57 -16 61 -60
right_child=1 2 6 43 5 -7 20 8 -10 -11 -12 16 -14 -15 55 -17 -18 -19 -20 -21 27 24 23 45 26 31 48 28 -30 -31 -32 -33 -34 -35 -36 -37 -38 38 39 -41 -42 -43 -44 44 -46 46 -48 -49 -50 51 -52 -53 -54 -55 -56 56 -58 -59 60 -61 -62 -63
leaf_value=-0.0077277927794760773 -0.005090906003063788 -0.0010465660828753178 -0.0058885154607984207 0.00047249988005204472 -0.040239900050357089 -0.0131221074228078 0.0062100234247819356 -0.002130107065732256 0.018801576844022408 -0.021792341341960609 0.0056318822346171638 0.010442213376406733 -0.016749634964072415 -0.015401089084816423 0.0057081806390275013 -0.025699269308429681 -0.0046766094085305852 0.010155133310072296 0.012965447436066473 -0.0017070383518472108 0.012010187251500626 -0.016903132704666448 -0.013253710167424449 -0.0037697400214738242 -0.0044146433886244254 -0.009589259967802969 -0.00059653109884247985 -0.012417730301972268 0.0024023194009961755 0.01105963155007854 0.0006840559094905556 -0.0011758957524939358 -0.0032715839184750059 -0.0024507690680759895 0.0026314251699417579 -0.014628521683761414 0.010564313296300386 0.00067580212264218404 0.0075480523182841338 0.0025047427088609004 0.018031089629728596 -0.011313115090860134 0.020092741727090507 -0.0099471250097329864 -0.0009970802429708314 0.013260765884262594 0.00093933035046216021 -0.018871853244792711 0.0021705095483387942 -0.0050379393825173849 0.0016013613378578013 0.0041003631403473181 0.011798716295174096 -0.0037491612533006764 -0.022202908881154743 -0.019158642386297102 -0.018846115290056299 0.0056193148718832273 -0.017787765638641831 -0.0058641159637696037 -0.0006963437166627749 -0.0035264273034743736
leaf_weight=25.333356242626905 43.034883558750153 66.474417778663337 62.739681225270033 253.49278723448515 8.6539921900257486 15.383185516111551 84.519321527332067 95.815711550414562 14.842138230800627 21.100662035867572 36.065640855580568 55.382967606186867 21.868861299008131 18.21520615182817 31.752177946269512 14.601049419492481 33.831427954137325 71.800618320703506 34.882526572793722 118.42911563813686 57.377414211630821 21.602130532264709 18.486412394791842 37.610085228458047 129.85001894459128 50.673570808023214 1231.7579328371212 52.682857543230057 99.245277404785156 42.651184067130089 2617.9146123677492 178.51306465640664 49.665762662887573 49.359760254621506 79.269031576812267 24.135564297437668 56.221175149083138 36.181224219501019 50.372123640030622 190.74920959025621 28.852013260126114 29.168392799794674 13.994358524680136 67.060395745094866 125.15195337403566 26.035450104624033 41.270041642710567 16.013365440070629 356.97173950634897 53.226937115192413 60.316363409161568 118.27786436676979 41.047514177858829 31.488528791815042 6.6677382662892333 18.505625888705254 23.388309650123119 22.642684698104858 22.298047740012407 49.001145426183939 51.30015316978097 22.440793000161648
leaf_count=80 96 226 249 2896 66 77 576 466 5 41 56 60 81 69 49 61 60 96 26 120 54 72 77 72 975 181 4278 62 65 35 3223 387 57 43 246 49 32 101 86 270 29 41 26 333 570 65 69 47 1506 41 88 129 91 100 26 18 49 8 93 83 144 49
internal_value=0 0.000266947 -0.000110907 -0.00336381 -0.00900807 -0.0228852 0.000211846 -0.00277203 -0.000324761 -0.00683023 -0.00408059 0.00337866 -0.00672306 -0.00413396 -0.00637459 -0.0142986 0.00393015 0.00435315 0.00367748 0.00312049 0.000407623 -0.000427198 0.00346365 -2.25084e-05 -0.000877242 -0.00423057 -0.000394874 0.000972256 -0.00266659 0.00121196 0.00107256 -0.00303611 0.00353995 -0.00759654 -0.0017497 -0.00464493 0.00462182 0.00435466 0.00352803 0.00494873 0.0083467 -0.00405489 0.00818213 -0.00147479 -0.00411963 0.00230887 0.00570557 -0.0085285 2.50378e-05 0.00346658 0.00667581 0.00126427 0.00607335 0.00320246 -0.00492285 -0.00532749 -0.00734592 -0.00538532 -0.00756066 -0.00131389 -0.00532587 -0.0106343
internal_weight=0 7146.39 6381.17 576.301 130.596 24.0372 5804.87 349.982 214.062 135.919 114.819 765.221 106.558 84.6896 281.263 39.9344 722.186 688.354 616.554 581.671 5454.89 2197.95 221.916 123.402 1976.04 250.789 1725.25 3256.94 201.288 3055.65 3013 229.187 395.086 102.043 199.22 119.951 345.42 463.242 407.859 342.509 151.76 65.3496 98.5137 445.705 192.212 104.916 67.3055 78.753 1588.73 289.199 117.694 171.505 122.908 81.8607 136.518 241.329 160.576 137.187 114.545 80.7533 96.039 44.7388
internal_count=19426 18792 17616 4318 519 143 13298 1159 766 393 352 1176 376 295 634 141 1080 1020 924 898 12139 8310 885 283 7425 640 6785 3829 170 3659 3624 568 401 105 761 515 344 778 718 576 306 142 602 3799 903 206 134 296 5784 312 142 170 277 186 1001 493 361 312 304 132 286 142
cat_boundaries=0 23 46 47 69 91 114 137 157
cat_threshold=134217744 268435616 2622464 64 1048576 0 0 0 16777280 37888 0 536870912 32 0 537919488 2147483648 8388608 0 623116288 0 2147483648 4 64 0 0 131072 327680 0 0 2048 0 0 540672 33561602 4176 524544 32768 1024 33286 536936448 1 8388608 33280 512 16384 257 856134 0 1572864 2147745792 0 0 0 0 0 4194304 2147483648 2097448 8 1090519040 335548960 33554432 33554432 512 1024 0 2060 4194316 2097152 268435968 0 33587200 0 262144 0 12288 0 268436480 16779264 512 0 0 1114112 2148073472 536872064 67125256 256 268439552 0 2097152 4194305 2147483660 536936448 0 131072 0 0 0 0 0 0 16385 1056 536870912 134217728 16777216 0 8194 0 98304 1152 263170 394240 1024 2097184 0 0 0 0 0 16384 0 0 0 16777216 1312 134217728 0 2147483648 2064 524288 0 0 1049600 393234 0 512 0 0 0 0 0 0 0 0 0 0 33555458 64 0 0 0 0 0 0 0 32768
is_linear=0
shrinkage=0.05


Tree=87
num_leaves=63
num_cat=12
split_feature=0 0 65 60 66 0 60 50 46 0 59 0 0 70 0 52 55 70 56 9 65 65 46 73 30 70 51 67 9 60 51 51 65 47 0 0 5 59 52 15 85 55 49 0 50 67 64 51 0 55 70 51 50 70 64 51 64 70 70 48 51 70
split_gain=4.98601 3.33717 2.55404 1.59891 1.53616 1.58825 1.42318 1.31865 1.29928 1.2942 1.2195 2.52267 2.06537 2.47465 1.61377 1.29764 1.28078 1.18355 1.18121 3.49651 5.11069 2.13079 1.18664 1.16995 1.89939 1.79209 1.5784 1.41013 1.54477 1.1044 1.08946 1.05053 1.43288 1.04426 1.41746 1.36998 1.03135 0.947466 0.935518 0.92743 0.922713 0.895637 0.895635 0.887724 1.30395 0.939117 0.876911 0.942979 0.873446 0.883353 0.863604 0.856295 0.843548 0.84097 0.91344 0.822297 1.3287 0.856363 1.05078 0.82118 1.01908 0.929998
threshold=0 1 3.0300000000000007 -2.5849277929911705 17.045000000000005 2 31.567406401432155 8.1819647937960074 1.866025403784439 3 0.24660383287633539 4 5 2.4219156149057182 6 462.14281106336239 -38.247345901277633 2.7364210526315795 18.27696235039399 -10.750000000000002 13.005000000000001 1123.5700000000004 1.6160254037844388 7 1.0000000180025095e-35 5.1778623501766985 4.5540223131719495 7.3500000000000005 15.79422863405995 -18.489785620093425 955.11296537898409 97.314646247701589 455.04500000000002 -77.129027313212234 8 9 1.0000000180025095e-35 2.2223515129067803 126.47675119760022 0.93301270189221952 1.0000000180025095e-35 -43.979303004782047 -10.855479074737325 10 159.42426332108468 194.09000000000003 26.130000000000003 -799.29945732423027 11 -112.77657356236027 0.21720050944719982 -117.79760735103672 -284.16012580782109 1.5731378473013431 129.52500000000003 41.405222936238872 342.29250000000008 6.5012197104142952 2.3813052396616654 -47.629529992352531 -206.34957345199248 2.2260757675504226
decision_type=9 9 2 2 2 9 2 2 2 9 2 9 9 2 9 2 2 2 2 2 2 2 2 9 2 2 2 2 2 2 2 2 2 2 9 9 2 2 2 2 2 2 2 9 2 2 2 2 9 2 2 2 2 2 2 2 2 2 2 2 2 2
left_child=2 17 40 42 5 -3 7 -5 9 46 11 -11 13 16 -14 33 -12 30 19 20 -16 29 48 50 25 26 27 37 -29 -21 31 43 -33 35 53 41 -18 -25 -19 59 -1 -13 -4 44 45 -2 -6 -48 -20 -50 -7 -31 -45 -35 -55 57 -57 58 -49 -37 -61 -62
right_child=1 4 3 6 8 23 -8 -9 -10 10 12 15 14 -15 18 -17 36 38 22 21 -22 -23 -24 24 -26 -27 -28 28 -30 51 -32 32 -34 34 -36 39 -38 -39 -40 -41 -42 -43 -44 52 -46 -47 47 55 49 -51 -52 -53 -54 54 -56 56 -58 -59 -60 60 61 -63
leaf_value=-0.027268666004848965 0.0021249903429320402 0.0029839562850357323 -0.0061353275768083557 0.0042775515506403147 0.0073685529843598415 0.0028662656218665233 -0.0077669515557573596 -0.0099560568706889112 -0.0086351302290081072 -0.003387784699390415 0.0037852555524720182 -0.0044139107658813471 0.0027037546640085678 -0.016802074580533705 -0.04606910281419279 -0.006070987970779998 -0.0016523174611283082 0.0086805184449705152 -0.0026570401757697619 -0.0080080001278457647 -0.0028059781979647928 -0.014039683628850171 0.009836020948723094 -0.013143125705248608 -0.021533222652437102 0.0051025997635632363 -0.0007362851982278129 -0.0032142350710290843 -0.025792521670295471 0.0072274560196698952 -0.0047318459937042423 0.014659392920488859 0.002840038712291877 -0.0011006944828916899 0.0017212172457627619 0.0022465326901264433 -0.01246556777116887 -0.030075674536623371 0.0010671520215483311 0.014172385899147492 -0.010231746880509561 0.0030267193484222422 -0.016226133561067911 0.009077220848078266 0.0055362393768147618 -0.0094105151704003479 0.0092126566027688744 -0.0002500467422736595 0.0039355337225166374 -7.3576077672936498e-05 -0.0025430106059399246 -0.00091233585658182903 0.0020600337423980577 -0.0021917404196067913 -0.016391077210767255 0.0099345679313032221 0.00096208686094546392 0.0042577353067500571 -0.0088718932402898406 -0.00087396803222520756 0.0062086056846722051 0.014632738676019675
leaf_weight=17.658992821350694 26.458170264959335 127.87918097013608 58.578203249722719 88.682808943092823 84.210198149085045 94.394551490433514 63.286313764750957 19.928506131283939 39.985404247418046 272.47609527595341 48.64797318726778 75.532296895980835 393.9847060944885 40.487005021423101 11.091944167390468 52.170956343412399 51.491398230195045 159.20957673341036 258.84577572345734 52.566894164308906 17.750255720689893 33.183733403682709 30.691638603806496 32.252064846456051 18.160708045586944 38.403560690581799 67.477000565268099 61.306466571986675 8.6437829639762622 34.239106371998787 49.342402271926403 41.825526060536504 66.274948701262474 103.40653473511338 1044.4838538486511 197.95658396184444 38.568445444107056 11.106474365107713 54.047026459127665 26.732238497585058 14.451066788285969 87.060566924512386 35.205516247078776 54.036087974905968 39.636553667485714 52.959508672356606 40.120500318706036 156.48500207066536 161.89432771876454 908.0257501360029 337.97412917297333 573.45517987944186 206.47192558646202 22.720910774543881 22.584279254078865 59.431001782417297 134.95824104547501 68.898455262184143 45.6473188996315 36.453489661216736 130.87001242116094 43.702618189156055
leaf_count=59 56 1048 89 243 67 622 83 52 59 577 51 170 548 66 25 88 65 195 603 233 149 17 41 115 79 21 172 430 39 22 39 70 66 389 2949 350 58 80 37 39 73 155 126 51 63 123 40 337 155 2756 3076 905 410 142 28 82 89 38 54 56 329 50
internal_value=0 0.000425513 -0.00607765 -0.00467196 4.19281e-05 -0.00200627 -0.00180692 0.0016659 0.000344486 0.000411463 0.000135147 0.00103081 -0.000578243 -0.00561315 -0.000190372 0.00169302 -0.00275192 0.00355233 -0.000748413 -0.00238599 -0.0194438 -0.00167651 0.000116135 -0.00295949 -0.0057518 -0.00470666 -0.0067904 -0.0103957 -0.00600424 -0.00105515 0.00234821 0.00306458 0.00741311 0.00192857 0.00107375 0.00363332 -0.00628313 -0.0174805 0.00675101 0.00503399 -0.0196012 -0.000404912 -0.00992332 0.00182611 -0.00172575 -0.00556744 0.00260047 0.00185766 -0.000108373 0.000528124 -0.00133127 -0.000453718 0.00338562 -0.00336332 -0.00927 0.00122364 0.00370526 -0.00055623 -0.00219711 0.00455977 0.00672974 0.00831751
internal_weight=0 6948.67 297.791 265.681 6198.41 797.598 171.898 108.611 5400.81 5360.83 4771.07 2116.15 2654.92 179.195 2475.73 1843.67 138.708 750.262 2081.74 722.287 28.8422 693.445 1359.46 669.719 237.35 219.189 180.786 113.309 69.9502 660.261 537.005 487.663 108.1 1791.5 1193.2 598.308 90.0598 43.3585 213.257 435.715 32.1101 162.593 93.7837 379.562 119.054 79.4177 589.751 505.541 1328.77 1069.92 432.369 607.694 260.508 148.712 45.3052 465.42 194.389 271.031 202.132 408.983 211.026 174.573
internal_count=19299 18574 725 593 17464 5682 378 295 11782 11723 11016 5322 5694 240 5454 4745 174 1110 4906 1351 174 1177 3555 4634 936 857 836 664 469 1160 878 839 136 4657 3508 1149 123 195 232 824 132 325 215 703 242 179 707 640 3514 2911 3698 927 461 559 170 600 171 429 391 785 435 379
cat_boundaries=0 21 43 66 86 107 128 150 151 172 191 212 233
cat_threshold=4194306 620756992 0 0 0 33554432 134217728 0 0 1073741824 0 3053453312 397313 134217728 1835008 272629760 536872960 2147483648 33619968 16 64 2147614720 32768 1090519040 176 160 0 262404 67108864 2147483648 0 2097152 0 4 0 16512 0 524368 4160 268435522 196612 4 1024 0 16 0 0 134250496 32 301989888 5242880 393728 0 403701760 360448 40976 20544 2415964160 4 0 0 0 128 0 0 128 0 402653184 2147483648 1610630146 77824 0 8344 0 0 0 0 2097152 514 0 2056 25178112 1375993984 32768 8192 32768 76 0 536870912 0 0 1073758240 65536 4194304 0 2147483740 8192 0 128 0 131072 64 25167392 4194464 128 257 128 98304 0 8388608 0 0 134217728 0 0 262144 4718592 524288 0 0 536870912 0 1280 256 8 536887296 0 56 1036 0 335544320 1 134219008 1073741824 2048 0 0 24 0 0 128 0 0 1073741904 2155872800 33554468 128 257 0 134217728 28330192 32 128 0 0 524288 134225920 5120 0 0 270336 512 1073751040 0 2684354568 32 33 4194304 369098769 0 0 24 1040 256 0 0 0 0 0 0 0 268444160 3072 0 0 0 0 67108880 4194308 100859908 4194304 0 0 16777216 16 0 0 262148 0 0 0 0 0 4 0 128 0 0 0 0 131076 4 1572896 1048928 524288 0 0 8192 2 0 196608 2692751361 4096 0 0 0 0 67109380 131078 67174400 0 0 128
is_linear=0
shrinkage=0.05


Tree=88
num_leaves=63
num_cat=13
split_feature=0 54 0 58 66 3 67 36 64 0 51 71 71 67 50 54 68 0 60 51 1 73 9 89 0 71 50 65 66 0 53 71 10 0 50 56 64 3 8 56 37 50 51 67 71 0 0 16 0 56 71 8 56 0 57 71 74 9 50 1 52 64
split_gain=4.98693 3.187 2.79218 2.72404 1.77218 1.91771 2.60983 1.99682 1.39599 1.31177 1.37867 1.44539 2.21096 1.43533 1.16155 1.05792 1.28409 1.03264 1.0233 0.96249 0.922177 1.40913 0.914003 1.05945 0.875702 1.32488 0.836468 1.34357 0.822293 0.912287 0.810764 0.808883 0.802027 1.10013 1.08647 1.12184 1.39008 1.16787 1.08508 1.60889 1.88122 3.28828 1.25384 0.90232 1.2956 1.73507 1.62533 1.24175 0.971063 0.965475 0.94167 1.16156 0.799906 0.798633 1.02572 0.775533 1.1891 0.775007 0.761531 0.75318 0.735806 0.904409
threshold=0 437.98488244662838 1 546.09183183411517 10.016666666666667 2019.5000000000002 1.0800000000000003 0.6830127018922193 35.030000000000008 2 251.6296876686506 -94.691432760221474 -27.682467592599519 432.31500000000005 -74.979422810199523 8.8240396111323793 0.58333333333333337 3 -15.052369509766176 130.06295227319308 1.5000000000000002 4 8.8301270189221963 1.0000000180025095e-35 5 5.7097447757108499 -169.01713467501577 1211.7150000000004 4.6683333333333339 6 68.253615331265038 0.53622594806957313 14.361215932167728 7 1201.1588536285142 542.16312431381368 883.14250000000004 2019.5000000000002 9.5000000000000018 3.4351542515138362 -1.0000000180025095e-35 -41.172661564983848 -434.67042322495467 570.47500000000014 -2.3262982028788661 8 9 0.93301270189221952 10 3.4351542515138362 -43.39191269641519 8.5000000000000018 2.7414566934200901 11 -27.906646276237645 -43.39191269641519 12 6.2810889132455356 -31.529918294918311 2.5000000000000004 -35.486631874783548 288.75000000000006
decision_type=9 2 9 2 2 2 2 2 2 9 2 2 2 2 2 2 2 9 2 2 2 9 2 2 9 2 2 2 2 9 2 2 2 9 2 2 2 2 2 2 2 2 2 2 2 9 9 2 9 2 2 2 2 9 2 2 1 2 2 2 2 2
left_child=1 3 8 18 5 17 -7 15 57 10 11 -6 -13 -14 -15 -8 -17 58 22 26 21 -11 23 -1 25 -22 27 -10 52 -30 -27 -18 33 -26 35 43 37 -37 39 -34 41 -41 -40 44 45 -35 -46 49 -48 -47 -51 -52 -20 -28 -55 -19 -57 -2 -4 -31 61 -42
right_child=2 -3 4 -5 9 6 7 -9 19 20 -12 12 13 14 -16 16 31 55 28 -21 24 -23 -24 -25 32 30 53 -29 29 59 -32 -33 38 34 -36 36 -38 -39 42 40 60 -43 -44 -45 46 47 48 -49 -50 50 51 -53 -54 54 -56 56 -58 -59 -60 -61 -62 -63
leaf_value=-0.023494731575759681 0.0058281605333368918 0.0076394917657892072 0.013420689767859401 -0.026853301519012159 0.0075089956569699984 -0.027916158139733346 -0.0022633716332071136 -0.022893957570044671 0.0028944125150641153 0.0023250754440692508 -0.0081475562230178666 -0.016907084799769715 -0.0036454034405413466 -0.0024251564205012674 0.0073694492199054776 -0.0022049317532269945 -0.038027019913515668 0.016092214277309055 -0.027392633631579285 -0.00031501780107130587 -0.003407560812632434 -0.0042433341257161403 -0.0013363129332429199 -0.0063348274251123111 0.0041877258272249628 0.006271604370935286 -0.0014596064012833397 0.012498548223573311 0.0007981144435231873 -0.016045600982059555 -0.002407202989034699 -0.013085163202227365 -0.016618438801913868 0.0034210026426483141 0.011627506865205054 -0.017987214434317163 -0.00028302775603105253 -0.001406525794963423 0.022514993413514345 -0.027173729494492593 -0.013875805798541981 0.0014428426450662547 -0.00032097805367809883 0.0020810681210531395 0.0069699016237699685 -0.0075363911732568489 -0.0023241209134707247 0.0026630889598330868 0.0012768558118466619 -0.010828001993559719 -0.00098880005109010997 -0.0093896648326989313 -0.0082972435992556583 -0.0018531971977079943 0.0066198193515947428 -0.0017622405147442036 -0.020242780573372005 0.015991423101174004 0.0022610432254596795 -0.0051140533469302427 0.0016100279369038581 -0.00087928885851029995
leaf_weight=23.519387263804674 51.312718356028199 36.921889990568161 19.867096282541752 17.914655566215515 43.901207566261292 12.900947237387298 187.54855479113758 14.299314290285109 87.045321725308895 119.38151361234486 82.608356684446335 23.563078999519348 201.91800619475543 52.769942596554756 70.989578828215599 13.85883663967252 5.7764477403834444 5.6425794810056678 7.1177941877394941 198.33941170573235 288.68654209375381 225.02110806666315 12.470802978146819 14.565164355561135 250.19194651395082 70.487406555563211 95.373156487941742 62.606783866882324 72.107740864157677 19.193874878808856 43.527584254741669 7.4340856615453959 18.256381075829268 174.09068950079381 23.148779686540365 25.344105757772923 96.439698860049248 18.28025240637362 9.8315639197826403 18.214742928743362 18.331812459975481 22.36389516107738 15.467806030996142 1177.9713895767927 105.97083858400583 92.684869311749935 205.26801878772676 123.03297301381826 1491.8619410321116 29.188484504818916 542.05405470356345 44.526665820740163 23.897414440754801 49.023957036435604 131.60448941960931 163.79061412625015 9.1926929354667646 29.565562846139073 66.313305988907814 88.000106748193502 207.25072623603046 49.615709006786346
leaf_count=67 87 11 79 9 25 34 708 61 133 175 65 27 689 55 51 35 49 14 46 170 1117 900 32 109 593 162 75 44 63 82 101 60 21 453 62 118 100 46 15 40 92 68 119 892 226 42 853 9 4472 67 1495 444 160 57 184 1851 13 57 537 405 456 104
internal_value=0 -0.00597546 0.000349779 -0.00799292 2.29821e-05 -0.0028164 -0.00603553 -0.00480241 0.00331578 0.000263482 -0.00222888 -0.00104192 -0.00211681 -0.00104672 0.00319312 -0.00359703 -0.0128372 0.000123278 -0.00669774 0.00256173 0.00048199 -0.0020222 -0.013085 -0.016932 0.000649997 -0.00156633 0.00390219 0.00691229 -0.0051624 -0.00386211 0.00295829 -0.0239913 0.000839053 0.0010263 0.000823625 0.000765017 -0.00363317 -0.0110393 -0.00143046 -0.00218662 -0.00135225 -0.0114024 0.00855329 0.00091954 0.00043239 -0.0010056 0.00123435 -0.00195011 0.000830254 -0.00277878 -0.00206267 -0.0016265 -0.0126795 0.00227007 0.00409355 -0.00203536 -0.00274433 0.0095434 0.0043311 -0.00646803 0.000129667 -0.00438567
internal_weight=0 315.709 7193.74 278.787 6488.87 506.624 241.818 228.917 704.871 5982.24 475.75 393.142 349.241 325.678 123.76 214.618 27.0694 264.806 260.872 623.993 5506.49 344.403 50.5554 38.0846 5162.09 402.702 425.654 149.652 210.317 179.302 114.015 13.2105 4759.39 4400.05 4149.86 4126.71 140.064 43.6244 359.333 334.033 315.777 40.5786 25.2994 3986.65 2808.68 1005.58 1803.1 831.487 1697.13 708.454 615.769 586.581 31.0152 276.002 180.628 178.626 172.983 80.8783 86.1804 107.194 275.198 67.9475
internal_count=19386 984 18402 973 17595 3441 947 913 807 14154 912 847 822 795 106 852 144 2494 964 663 13242 1075 208 176 12167 1380 493 177 756 550 263 109 10787 9872 9279 9217 264 164 915 781 760 108 134 8953 8061 2510 5551 2057 5325 2048 2006 1939 206 316 241 1878 1864 144 616 487 652 196
cat_boundaries=0 21 42 65 84 85 105 126 146 166 185 205 225 226
cat_threshold=4849664 536870928 1048708 671088640 32768 33554432 0 1048576 0 0 0 2483027972 17039364 0 1572864 128 0 2147516416 1056 128 88 268435456 134250496 1140851200 1073741952 34079776 134217728 8 0 262144 536870912 0 0 0 0 0 9216 788544 132 301990016 32772 128 32772 16777216 536870913 0 134226304 32 2304 0 196608 1073741824 0 0 0 2113536 268435874 276824064 536870912 0 537001988 131072 36 0 128 0 0 8388608 256 134217856 0 536870912 2621440 0 0 262144 25825385 603979776 0 236978176 20 0 0 131088 25822208 32 0 4194304 0 0 2097152 2 0 0 4194353 536576 0 0 1879572480 8192 2568 276824066 67125248 138428682 16 655360 536870912 0 134217728 32768 0 0 0 0 0 0 0 0 0 0 128 0 0 0 0 64 0 128 268435456 1040 16 0 32 0 0 2147483648 0 0 0 134217728 0 1090523136 916 4194368 0 65536 134217728 1074266144 2148007936 65 4096 0 287760 0 0 8650752 0 0 0 0 0 2181038080 16777216 33554474 73728 256 4104 268435456 0 0 0 1073766400 0 0 0 524296 0 1744830464 1 0 8 4 0 65536 64 135266368 3670272 0 0 0 2048 263185 134217736 0 8658944 134217728 1048576 16 0 16777216 2218786816 16777216 402653216 73728 257 0 0 0 0 0 0 0 0 0 0 0 0 0 0 0 1024 526336 132 268435456 4 1
is_linear=0
shrinkage=0.05


Tree=89
num_leaves=63
num_cat=10
split_feature=0 0 67 71 73 56 54 54 70 78 63 53 67 0 1 65 69 56 10 65 37 50 8 0 57 54 58 63 5 57 44 63 1 57 0 3 70 53 71 54 58 70 18 0 57 64 46 0 57 67 47 0 63 60 55 60 57 73 70 70 60 50
split_gain=5.10943 3.43471 2.35781 2.30719 2.13802 2.07442 1.76998 1.9567 1.38625 2.90925 2.21001 1.69333 1.51935 1.26579 1.59428 1.23533 1.23567 1.78797 1.19726 2.79256 1.81756 1.12934 1.43734 1.11197 0.957143 0.943289 0.939558 0.986454 2.50845 1.46761 1.00665 1.02557 0.920483 0.904876 0.899719 0.889022 1.65544 0.879159 0.827871 1.00232 0.823542 0.863065 0.800657 0.797345 1.07442 1.68137 2.40226 1.75501 1.3847 1.1555 1.42588 1.13743 1.05966 0.944208 0.83296 1.04285 0.796748 1.01395 1.62681 1.25002 1.10963 2.52895
threshold=0 1 28.160000000000004 0.25035742202698225 2 893.29429527630043 8.5220039196416959 10.959967231485928 1.6851091736281865 1.0000000180025095e-35 95.315833333333345 -116.64404683835045 163.69500000000002 3 11.500000000000002 1509.8700000000001 0.83333333333333337 122.40027770105448 15.79422863405995 15.030000000000003 -1.0000000180025095e-35 238.25462333063172 3.5000000000000004 4 37.353096051565636 4.6150337949558198 56.86287513635552 372.6737500000001 0.6830127018922193 12.203327569239335 1.0000000180025095e-35 557.0058333333335 7.5000000000000009 122.10889920042108 5 2021.5000000000002 6.9351070294293935 -29.473449336293839 0.36030008552308562 0.30408028989415237 823.98648501979835 3.0000872676498824 -0.93301270189221908 6 -1.976503022123077 52.055000000000007 -4.592425496802573e-16 7 -3.9541460413586558 68.145000000000024 -19.578134098789075 8 64.7638888888889 -158.5058381976099 -159.50953987988959 -220.62870702621674 -70.904915365354313 9 8.6720401263062481 5.7370368982815281 -16.706488539105234 -138.95365177974497
decision_type=9 9 2 2 9 2 2 2 2 2 2 2 2 9 2 2 2 2 2 2 2 2 2 9 2 2 2 2 2 2 2 2 2 2 9 2 2 2 2 2 2 2 2 9 2 2 2 9 2 2 2 9 2 2 2 2 2 9 2 2 2 2
left_child=3 5 4 8 34 26 25 -8 11 10 -10 -1 32 14 15 16 40 -18 23 -20 -21 22 -7 35 -17 38 -2 28 29 -28 31 -29 -13 37 -3 36 -15 -22 39 -6 41 -4 -25 54 48 46 -46 53 51 -48 -51 -45 -53 -47 -44 -56 -54 58 59 -58 61 -59
right_child=1 2 13 -5 6 21 7 -9 9 -11 -12 12 -14 18 -16 24 17 -19 19 20 33 -23 -24 42 -26 -27 27 30 -30 -31 -32 -33 -34 -35 -36 -37 -38 -39 -40 -41 -42 -43 43 44 45 47 49 -49 -50 50 -52 52 56 -55 55 -57 57 60 -60 -61 -62 -63
leaf_value=-0.021618376801141603 0.011492517269421486 0.0022713783813244539 0.0087686015003113887 -0.0021797427446749906 -0.0035872088507961346 -0.018631131819425672 -0.036614747957242413 -0.01114679187115343 -0.016780203366348733 -0.0042803673804854923 -0.041578730581518522 -0.0020810211946989286 0.0090471546231940397 -0.0021505368712028141 0.010443480197772109 -0.0070990633829834567 0.003461695207951795 -0.0047881579537019494 -0.022183797011344888 -0.013732764453302499 -0.004041581292228218 0.0024547355574509634 -0.0016467843958783335 0.0032255930150062433 0.0016094776427392544 0.0073692508616501479 0.0067419737418087837 0.0095760990652610633 -0.013574605541081914 -0.0062607908354587825 0.010931607003545823 0.0031452295473265398 -0.019118127777999958 -0.0088941519909188638 -0.0022121450442395786 0.0033221928499236569 -0.014721819288563413 0.0020606287782239433 1.5267099743583389e-05 -0.016357110724130257 0.012579136846035559 -0.0010433120191230447 -0.0057106154697948381 0.0064621120079041139 -0.020747028811385477 -0.011846550344497359 -0.0016999412939480976 0.00099586441934459611 0.0053263958665501696 0.0043449295887256619 -0.016178132744382543 0.0022793235298510174 0.0016847960573292008 -0.0027120150043396301 0.01085606094019901 0.00224576309811606 -0.0034425483207680321 -0.014092973618025337 -0.012114156067047318 0.0096868925502706128 0.00066085116317613954 -0.00051748935188089952
leaf_weight=13.188806083053349 41.94452727586031 138.14792565023527 48.10809825733304 168.60560477804393 31.489020880311728 21.185931570827961 9.359904579818247 38.826583947986364 32.983151242136955 34.584931181743741 12.347598075866697 22.567943563684821 20.679349482059479 326.52318947017193 56.787875883281231 62.672433257102966 242.93437814339995 90.009630836546421 17.506059840321541 28.793790359050035 83.676739985123277 41.342521011829376 30.232564307749271 260.06258230283856 63.541325598955154 14.335489566437898 82.58024843968451 71.597136028110981 27.31162977591157 29.436376366764307 58.216253742575645 462.33571610972285 12.221283186227081 29.810436189174652 471.10631931805983 62.18325000628829 28.47091375105083 200.3472108040005 32.822481973096728 30.01209369301796 43.444002851843834 41.958799511194229 28.367708973586559 65.889910638332367 20.619140854105353 33.29127262532711 237.42423837073147 849.75921913050115 157.9732022555545 11.60646517947316 31.250977713614702 468.23770844005048 331.15269995108247 188.31934076733887 39.484501883387566 321.5457196906209 157.45894472301006 44.534292943775654 50.307714402675629 20.4873426258564 668.24141567572951 149.3685297742486
leaf_count=27 72 1472 76 406 32 36 62 328 170 67 15 119 13 845 94 55 391 206 93 71 239 88 114 521 52 130 140 99 59 66 37 464 77 60 3067 73 56 736 79 134 37 43 86 46 109 37 640 2359 278 39 120 1179 408 389 73 958 605 34 6 7 591 363
internal_value=0 0.000394854 -1.13938e-05 -0.00599385 -0.00261194 0.00332911 -0.00763118 -0.0160938 -0.0107256 -0.0152022 -0.023535 -0.00551497 -0.00168606 0.00034677 0.00240342 0.0016736 0.00286102 0.00123139 6.9847e-05 -0.00270525 -0.00171002 -0.00369788 -0.00864483 0.000289527 -0.00271482 -0.00458062 0.00421495 0.00379764 1.23038e-05 0.00332503 0.0046883 0.00400757 -0.00806607 -0.000606956 -0.00117525 -0.0021414 -0.00315877 0.000262847 -0.00639678 -0.00981883 0.00692492 0.0041976 0.000538635 0.00035971 0.000115914 -0.000973171 -0.00427565 -4.565e-05 0.000823542 -0.00306392 -0.0106202 0.000459816 0.000215205 -0.0039079 0.00247564 0.00318744 -0.000463171 -0.00111551 -0.00400009 -0.00193093 -0.00030191 -0.00363542
internal_weight=0 7194.43 6328.25 317.179 766.1 866.183 156.846 48.1865 148.573 79.9157 45.3307 68.6574 55.4686 5562.15 649.457 592.669 466.455 332.944 4912.69 360.134 342.628 92.761 51.4185 4552.56 126.214 108.659 773.422 731.477 139.328 112.017 592.149 533.933 34.7892 313.834 609.254 417.177 354.994 284.024 94.3236 61.5011 133.511 90.0669 4135.38 3875.32 3485.92 1372.27 300.901 1071.37 2113.65 280.282 42.8574 1955.68 1889.79 221.611 389.398 361.03 1421.55 1090.4 228.254 177.946 862.144 193.903
internal_count=19348 18454 17279 894 5304 1175 765 390 488 252 185 236 209 11975 954 860 753 597 11021 1199 1106 238 150 9822 107 375 937 865 265 206 600 563 196 1035 4539 974 901 975 245 166 156 119 8848 8327 7210 3693 908 2785 3517 799 159 3239 3193 426 1117 1031 2014 1606 618 612 988 397
cat_boundaries=0 23 44 45 65 84 100 121 142 163 164
cat_threshold=4358144 603979776 268435584 1 0 33554464 0 0 0 0 262144 2726297604 266240 0 302514176 67108864 133120 2147516416 268436480 4 64 0 128 0 32768 3306160128 0 66592 0 256 4194304 0 536870912 0 0 0 0 0 4206848 33554578 135172 16576 163840 140 40903376 0 524288 8388608 1207976976 24592 1073741824 4240 67108864 16384 0 0 268435456 642 0 2147485704 1098907776 524288 65536 4194304 128 134283296 134217792 4194304 0 524288 18874368 10245 0 393216 28 561152 0 17 536870912 16384 4 262144 0 33619972 0 18874384 0 0 0 0 0 524288 393216 0 2419064832 655496 33661072 24932 2168459392 4 270008320 1342177568 0 2 33554432 0 1024 2147483648 0 524288 150994944 2097152 0 16777216 0 2449473552 1828 33554433 2 0 32 2147483648 0 0 32 0 4096 33554432 0 2147483648 1342441472 0 8192 0 2147483648 131073 1024 8388608 48 537010176 17 16 0 0 0 32 0 4096 0 0 0 0 0 0 0 0 0 0 8388608 0 536879104 1 16 33628176
is_linear=0
shrinkage=0.05


Tree=90
num_leaves=63
num_cat=9
split_feature=72 72 66 73 40 70 70 53 46 54 6 56 53 72 63 51 54 72 57 3 8 57 55 5 72 8 72 9 70 51 72 73 57 68 70 9 57 37 55 56 66 66 16 53 54 58 51 57 60 67 55 8 58 51 54 55 55 57 27 53 65 53
split_gain=3.78991 3.04127 2.69144 1.5548 1.93234 1.68303 1.54342 1.81156 1.74976 1.40734 1.66953 1.36989 1.13213 1.38218 1.08757 3.33172 1.74683 1.00039 1.21905 0.989647 0.986203 1.2037 0.923251 0.921701 1.7696 1.5121 1.37617 1.5407 2.12544 1.50224 1.32888 1.25452 1.42295 1.11089 1.53313 0.984867 0.922561 0.901385 3.23695 0.86112 1.40799 0.844675 1.60413 1.76054 1.64924 1.50525 1.33673 1.13525 1.03828 1.01726 1.04383 1.22653 1.08247 0.824795 0.757007 0.736629 0.731688 1.07179 0.793552 0.73098 0.727971 1.03139
threshold=0 1 13.370000000000003 2 0.6830127018922193 4.1601566112772463 3.3479644228002985 -107.07419315799601 -1.0000000180025095e-35 2.6591655735493958 1.0000000180025095e-35 7.996620390219249 -742.21921075692933 3 79.477272727272734 -27.641806630285199 15.766079464403097 4 11.823603283414561 2010.5000000000002 2.5000000000000004 4.8256629148361752 -13.589707665100159 0.6830127018922193 5 4.5000000000000009 6 -8.2500000000000018 1.8819065750843655 750.48759638475315 7 8 -0.89954879438040658 0.58333333333333337 1.941273539118618 1.866025403784439 -38.837595240422367 -0.93301270189221919 -52.949106639737927 56.153531989467851 97.734999999999999 713.57666666666671 0.93301270189221952 -147.1950301397633 639.68500751124282 1122.8101206542533 251.6296876686506 -55.21492389442939 300.33982832080346 655.82500000000016 89.871599074318894 3.5000000000000004 197.7829137389493 72.089834692691724 10.446866583280103 -56.389241819329406 371.62600612416014 103.36629778087602 0.25000000000000022 8.8039087245750469 90.080000000000013 -15.582555955530124
decision_type=9 9 2 9 2 2 2 2 2 2 2 2 2 9 2 2 2 9 2 2 2 2 2 2 9 2 9 2 2 2 9 9 2 2 2 2 2 2 2 2 2 2 2 2 2 2 2 2 2 2 2 2 2 2 2 2 2 2 2 2 2 2
left_child=6 14 3 19 5 20 9 -8 -9 10 -1 -10 -4 56 15 -2 -17 -11 54 -3 -5 22 -22 24 25 55 36 28 -28 31 39 60 33 -33 -35 -34 -25 38 -32 53 -41 42 43 45 49 47 -43 -16 -46 50 51 52 -45 59 -19 -15 57 58 -14 -26 -29 -62
right_child=1 2 12 4 -6 -7 7 8 11 17 -12 -13 13 23 41 16 -18 18 -20 -21 21 -23 -24 26 30 -27 27 29 -30 -31 37 32 35 34 -36 -37 -38 -39 -40 40 -42 46 -44 44 48 -47 -48 -49 -50 -51 -52 -53 -54 -55 -56 -57 -58 -59 -60 -61 61 -63
leaf_value=-0.023613754625174815 0.03047579899178382 0.0082537095857632432 -0.0080252092276270528 -0.010746427705949402 -0.022047041715023002 0.0048737795689487908 -0.00060399103252525323 -0.0032545065691315864 -0.011950079555234496 0.0030079572710344097 -0.0019789513109818246 -0.027655048974309211 0.0030096310915953125 0.0082411562116963977 -0.00085760693391614788 -0.010335278157030319 0.013871726089792834 0.0040540436349521831 -0.014391623985016892 -0.0018803577258386006 0.014047090520676448 -0.012515465236457921 -0.0023287375667498402 -0.0032927068303911706 -0.0048954296429653162 -0.0011795105866167633 -0.0027209484390578798 0.0047180933840805196 -0.019190569197016366 -0.011928826284477835 -0.026940503184951527 0.002973675884061919 -0.0035789436973233989 -0.0028451873988265949 -0.011132599743440491 0.002600414000115024 0.0040762281932711407 0.00046463418166753606 0.00062960639979128233 -0.018065731724021549 -0.0037151484366883081 0.0067614691419874461 -0.0099393102765334834 0.0039817939563864986 -0.011149691298556128 0.003164921049367934 0.00028971403395537117 -0.012364629626354585 0.003236389583138999 0.010508293473052675 -0.0041507648679752164 -0.001303081261903477 0.015139909991721923 0.01129087528161883 -0.0058990925882265004 0.0033524935895631945 -0.0030807735695391543 0.0090069123773060273 -0.0051845193626277371 0.0058207672305036259 -0.0024413912724663301 0.0038464011215481641
leaf_weight=16.100716307759285 14.444789847359059 25.868294222280383 40.469971336424351 94.593706017360091 18.986230803653598 33.446999821811914 38.366273373365402 27.005603142082691 32.20024642907083 85.173047194257379 19.986351484432817 24.411783149465919 397.36103905178607 128.81550841033459 42.599426977336407 15.602667942643167 14.267454503104089 35.084923518821597 23.422625370323658 350.6148835378699 11.411006136331705 21.942435654811561 35.027039539068937 55.028234735131264 75.607341369614005 124.30715104937553 59.347042152658105 110.82112925685942 29.241476267576218 31.910811930894852 13.830585233867167 36.790976751595736 108.78386085480452 130.48922335542738 97.506010692566633 158.32986537925899 186.17810495197773 3166.1199815385044 46.241361735388637 24.053734360262752 59.058156590908766 235.76492539048195 29.479215066879988 47.083466097712517 24.880781054496765 71.827130496501923 120.60364902019501 43.14009902626276 25.290870048105717 84.161859452724457 33.347771555185318 41.522177192382514 40.374267563223839 11.951090753078459 41.940464116632938 191.77416620403528 48.597329333424568 71.63410921394825 31.920100510120392 20.15572015941143 173.27874533087015 104.57831443101168
leaf_count=72 36 221 33 236 70 31 25 42 94 216 58 65 733 114 58 78 34 121 75 3320 88 269 434 73 338 383 203 350 54 26 24 20 487 649 218 368 172 6869 248 85 91 134 46 88 77 165 86 63 34 52 53 145 50 30 110 359 77 89 94 109 117 172
internal_value=0 0.000362563 -2.32772e-05 -0.00323335 -0.00651273 -0.00534274 -0.00493849 -0.00959936 -0.0137267 -0.00259683 -0.0116316 -0.0187222 0.000308031 0.000367262 0.00309189 0.010761 0.00122719 -0.000840357 -0.00400428 -0.00115341 -0.00743947 -0.00286481 0.00169522 0.000109654 0.000495521 0.00342471 -0.00105162 -0.00183259 -0.00815727 -0.00126358 0.000103813 -0.000893886 -0.00244504 -0.00508847 -0.00638944 8.3829e-05 0.00229975 0.000348434 -0.00571796 -0.00384327 -0.00786841 0.00272414 0.00136328 0.00209682 0.00436542 -0.00217443 0.00457127 -0.0066474 -0.00389786 0.00604736 0.00373451 0.00577325 0.00913286 -0.00109429 -0.00136546 0.0053168 0.0027272 0.00334512 0.00240034 -0.00263994 0.00125934 -7.48265e-05
internal_weight=0 7210.46 6326.07 591.891 215.407 196.421 343.692 121.984 83.6176 221.708 36.0871 56.612 5734.18 5693.71 884.391 44.3149 29.8701 185.621 100.448 376.483 162.974 68.3805 46.438 5144.2 3861.91 444.897 1282.28 1041.08 88.5885 952.489 3417.02 920.578 531.9 264.786 227.995 267.114 241.206 3226.19 60.0719 190.826 83.1119 840.076 483.707 454.228 296.661 157.567 356.369 85.7395 50.1717 246.49 162.328 128.98 87.4577 107.714 77.0254 320.59 549.513 500.915 429.281 95.7631 388.678 277.857
internal_count=19331 18453 17254 4669 1128 1058 878 226 201 652 130 159 12585 12552 1199 148 112 522 306 3541 1027 791 522 11559 8650 856 2909 2664 257 2407 7794 2381 1742 887 867 855 245 7141 272 653 176 1051 831 785 499 286 220 121 111 388 336 283 138 477 231 473 993 916 827 447 639 289
cat_boundaries=0 22 45 46 69 91 113 136 159 160
cat_threshold=134217744 589984 2228224 64 0 0 8192 0 285212672 32768 256 266240 32 67112960 1572864 0 67109384 1024 67371008 12 131076 4 32768 0 3221225472 294912 0 0 0 0 64 0 35656704 112 256 0 32768 49170 590144 2 8388608 0 29360136 0 65 7356546 3145736 0 16777216 0 1048576 0 0 0 0 352321536 2 1032 135282688 33280 2147614720 0 2113536 0 0 33024 514 18432 288 16 524288 2097152 64 0 0 0 0 0 0 256 0 0 67112960 524288 0 67108872 0 0 0 131072 4 0 0 1048578 4096 0 0 2048 0 0 512 129 0 524288 16 0 805309604 32816 0 134217728 8650752 237571072 2147549184 0 67108864 8667136 0 262144 0 4096 0 0 524288 64 0 335544320 4 570425362 142606848 8399872 0 2101248 1275072512 16 0 512 36 134217728 32768 128 0 0 0 0 0 1074266112 268451912 131072 262144 64 0 512 262144 256 555745280 4096 0 4231168 512 25910274
is_linear=0
shrinkage=0.05


Tree=91
num_leaves=63
num_cat=10
split_feature=72 72 66 73 59 53 73 48 48 65 65 10 51 72 72 72 57 48 64 8 51 32 3 65 64 24 72 73 50 54 27 59 60 64 51 66 53 70 24 9 35 63 56 46 67 48 47 10 60 72 5 57 56 10 57 34 54 59 4 54 52 60
split_gain=3.9203 2.91178 2.05801 1.92098 2.81914 1.43594 1.53698 1.42312 1.39816 1.71629 1.47332 1.35959 1.28463 2.61544 2.35333 2.15217 1.29286 1.67839 1.12697 1.10424 1.02047 1.41703 1.00213 1.05873 1.33229 0.999324 1.11201 0.979385 1.18761 1.13418 1.63614 3.40475 1.35111 0.982476 0.968611 0.935306 0.995443 1.6859 0.925031 0.92074 0.860748 1.17219 0.853449 1.10799 1.78259 0.840878 1.6482 1.19431 1.12689 0.810918 0.948512 0.83905 0.948567 0.78864 0.785468 1.19736 1.28332 1.57695 0.782873 0.767441 0.901117 1.30856
threshold=0 1 13.370000000000003 2 3.7627911866016066 50.477616482639455 3 -1128.1326425104023 -369.97362570681798 154.96000000000001 20.040000000000003 -8.8301270189221892 -138.64431992912108 4 5 6 -70.904915365354313 -286.69147706039587 480.81000000000006 1.5000000000000002 -4.2992661973572082 1.0000000180025095e-35 2019.5000000000002 170.30500000000004 97.512500000000017 0.93301270189221952 7 8 -378.0945124683451 10.959967231485928 -1.0000000180025095e-35 -3.4289300883376082 -77.770713640368271 20.050000000000004 -219.84344600970181 1593.8025 -235.31990829926465 1.4994048404583895 0.6830127018922193 6.2810889132455356 0.93301270189221952 752.77625000000012 10.327628868244327 0.25000000000000022 104.44000000000001 -394.31177268985658 -349.27683477518184 -1.745121688784978e-15 -57.539613593308864 9 -0.68301270189221941 -30.486841552967501 449.11224948741102 1.3777276490407726e-15 -0.43188084654236553 -1.0000000180025095e-35 3.5493331501596534 1.0000000180025095e-35 -0.93301270189221919 2.9603894939286355 -57.930159766323939 13.238944208720431
decision_type=9 9 2 9 2 2 9 2 2 2 2 2 2 9 9 9 2 2 2 2 2 2 2 2 2 2 9 9 2 2 2 2 2 2 2 2 2 2 2 2 2 2 2 2 2 2 2 2 2 9 2 2 2 2 2 2 2 2 2 2 2 2
left_child=8 5 3 4 39 -2 -7 -4 -1 10 11 -10 14 59 18 16 -15 -18 58 -12 -13 -22 53 24 -24 26 -5 29 -29 30 31 -17 -32 -31 -8 36 37 -16 49 -3 -30 -42 -21 44 -44 -38 -47 48 -48 50 -35 -52 -53 -19 -34 -56 57 -57 -9 -14 61 -61
right_child=1 2 7 25 -6 6 34 12 9 -11 19 20 13 15 35 27 17 22 -20 42 21 -23 23 -25 -26 -27 -28 28 40 33 32 -33 54 38 -36 -37 45 -39 -40 -41 41 -43 43 -45 -46 46 47 -49 -50 -51 51 52 -54 -55 55 56 -58 -59 -60 60 -62 -63
leaf_value=0.0069622689898351173 0.0044221728300281159 -0.01294243244218847 -0.0099113681397113365 0.0025573313643488657 -0.033028761363288264 0.0028803268499874549 0.00045972726231739252 0.0049176384395859998 -0.025470620963196512 -0.016670678401270869 0.0073240882096163923 -0.0033621699227230858 -0.0025885260306169038 0.0025086313545721857 0.0037738320019299644 0.00044352181944107061 -0.014884459438828504 0.0046547118042902548 0.00069792165553054369 0.0031032818839242297 -0.021786566255051893 0.00045353360492188634 -0.0039818187490711044 -0.0027218765178110833 -0.016302973598054365 -0.019834528586969661 -0.0026828537906672311 -0.0081494840610764011 0.000497345980229265 0.00764775008803854 -0.010411306165898235 -0.027416126515703861 -0.00031356605443329455 0.0022683740858867162 -0.012440181399634348 0.0089321513419164701 0.0098675340332847247 -0.009146510262931248 -0.007226960406107253 0.0029030461795327609 0.0023477159371827583 0.013855677631192815 -0.0031304173622301364 0.0032699306721671022 -0.020513431915348403 -0.0068552137229456597 0.015123773765277335 0.0018604983547361215 0.0051413638103052842 0.0015725816048759072 0.0021070324032316564 -0.0071266736383722622 0.0055644800067281537 -0.0039569625965530739 0.0025846871665727599 -0.024003212573369296 -0.0024516534629969908 -0.0049135238429139291 -0.0064011778316431268 -0.0085141642538089837 0.0063962225903921996 0.0059171202158753043
leaf_weight=20.438213884830475 584.50823122262955 22.235632952302694 34.309964597225189 122.05243562394753 13.493402773048727 102.50699487328529 23.437375128269196 17.412630677223206 12.046857215464113 36.634549122303724 26.969738306477666 54.485442714765668 37.349062278866768 65.921955436468124 60.002605244517326 25.003921158611774 39.123717203736305 49.337190307676792 220.73426416516304 31.379309982061386 21.994702683761716 10.620623437687753 44.271859709173441 109.82532674819231 43.494976259768009 7.5978942811489096 458.27668915782124 38.064420431852341 2126.4616786688566 42.412709197029471 43.295150412246585 19.534403163939714 477.6342591624707 93.791701521724463 38.382977301254869 69.736572951078415 49.815460473299026 43.589407064020634 43.784417100250721 15.599581606220452 123.30003053694963 26.967640057206154 37.530993841588497 21.264570660889149 24.295548748224974 38.758970335125923 34.118728198111057 301.02241951599717 164.96920273825526 445.44450675882399 45.016862966120243 130.45385926216841 16.596431732177734 57.650542430579662 40.838217038661242 20.681042732670903 53.666116826236248 22.684998385608196 124.53852190449834 27.489593602716923 242.56692888215184 36.651444137096405
leaf_count=12 822 86 33 1113 84 143 55 44 62 63 45 189 35 85 97 45 40 89 196 56 108 46 76 112 66 57 3323 52 5055 107 74 83 735 278 92 40 65 63 88 47 268 33 188 34 72 56 57 440 255 1856 105 533 36 91 153 55 277 48 399 55 292 62
internal_value=0 0.000289901 -5.78944e-05 -0.00274927 -0.011221 0.00321827 -0.000868142 0.000241305 -0.00547441 -0.00658878 -0.0050536 -0.00972693 0.000302267 -6.88677e-05 0.00181668 -0.000412128 -0.00381231 -0.00513558 -0.00149592 -0.00177765 -0.00754943 -0.0145445 -0.00388332 -0.00599371 -0.0100879 -0.00178837 -0.00158292 -4.00365e-05 0.000606725 -0.00102197 -0.00250077 -0.0117757 -0.00187374 0.000237813 -0.00649839 0.00336875 0.00285699 -0.00166278 -0.000167658 -0.00640929 0.000755784 0.00441298 -0.00392206 -0.00657518 -0.0099613 0.00365234 0.00307778 0.0038476 0.0068521 0.000254995 -0.00179053 -0.00386583 -0.00569432 1.42947e-05 -0.0012732 -0.00459774 -0.00762062 -0.0140173 -0.00501274 0.00406051 0.00500258 -0.000267846
internal_weight=0 7136.41 6387.58 639.256 51.3286 748.836 164.327 5748.32 297.661 277.222 240.588 99.1476 5714.01 4589.31 1124.7 4245.26 409.626 343.704 362.685 141.44 87.1008 32.6153 304.58 197.592 87.7668 587.927 580.329 3835.63 2314.79 1520.84 703.338 44.5383 658.8 817.5 61.8204 762.013 692.277 103.592 775.088 37.8352 2276.73 150.268 114.47 83.0911 61.8265 588.685 538.869 500.11 199.088 731.303 285.859 192.067 147.05 106.988 615.505 137.87 97.0322 43.366 141.951 344.057 306.708 64.141
internal_count=19326 18451 17339 4710 217 1112 290 12629 875 863 800 405 12596 10884 1712 10440 559 474 639 395 343 154 434 254 142 4493 4436 9881 5408 4473 1470 128 1342 3003 147 1073 1033 160 2896 133 5356 301 350 294 260 873 808 752 312 2808 952 674 569 180 1268 533 380 103 443 444 409 117
cat_boundaries=0 22 45 46 47 69 90 113 132 133 154
cat_threshold=134217984 268959776 2183299072 0 1048576 0 0 0 64 266240 16640 536870912 32 0 16842752 16384 520 256 85983232 0 0 2052 0 0 537919488 6144 0 0 20480 0 0 0 16777856 4112 67109120 0 32768 268438162 2179136 0 536936448 4194304 8980480 0 512 73748 33555456 1048624 0 1074266112 32832 0 0 0 0 0 17301504 33555456 1056 16384 65796 132096 0 272 128 8388608 37120 1032 16384 3145760 0 1073741824 0 0 0 0 0 0 524288 33555456 1056 437256192 65796 33554432 4 1056 128 0 2129920 8 4 0 268435456 589824 0 0 0 0 0 0 135170 256 8388608 36880 8 58753056 545263616 1027 1342177280 68157440 17039488 0 1 2684354560 202702848 20971520 0 4194304 0 2048 0 578813960 65562 2228224 4194304 512 4096 262144 2147483680 67633152 64 266240 34084486 0 1048576 16777217 278528 0 0 0 0 2151682048 67119104 268437505 64 3145728 1050624 0 536870912 16779296 0 0 525440 6291458
is_linear=0
shrinkage=0.05


Tree=92
num_leaves=63
num_cat=13
split_feature=0 0 52 70 54 0 1 0 71 77 52 60 68 0 54 59 53 49 67 3 60 0 71 57 65 73 4 51 70 5 0 1 58 49 0 0 48 65 67 58 60 59 54 49 49 10 0 65 70 53 73 6 68 54 67 47 51 0 71 54 51 42
split_gain=3.87794 1.8964 1.48452 1.42596 2.36593 2.70492 2.64369 1.6801 1.51472 1.50105 1.38104 1.23778 1.17386 1.52305 1.73951 1.2093 1.15986 1.56756 2.80993 1.15828 1.78828 1.12404 1.09316 1.08709 1.23157 1.21129 1.02499 0.998591 0.932984 0.847675 1.11758 0.939125 1.53678 0.936122 1.39681 1.23525 1.161 0.986912 0.927806 0.877887 0.825995 0.822981 1.16428 1.11365 1.08662 0.965789 0.92394 0.964451 0.890189 1.24997 0.869879 1.26197 0.850365 0.821454 0.779007 0.745342 0.743418 0.726028 1.24962 1.15147 0.70185 0.685834
threshold=0 1 -105.46856850389973 7.403766109232806 10.311984003873002 2 11.500000000000002 3 0.5056952400125051 1.0000000180025095e-35 0.32292271371439801 -11.780756587046618 0.83333333333333337 4 437.98488244662838 -434.45136312116563 294.23278519437002 -269.96775203178026 2430.3800000000006 2019.5000000000002 0.90832110604448257 5 -4.3368427206917586 -67.361603115022817 1211.7150000000004 6 0.25000000000000011 232.73500557452223 0.17414845292045791 -0.93301270189221919 7 9.5000000000000018 225.15349483197934 29.340011294214012 8 9 -159.21853940250804 480.70500000000004 1359.7150000000004 247.49695676557508 27.134576403192003 260.21268204217694 437.98488244662838 -97.15743147871548 237.73503138833885 -13.428203230275507 10 146.05500000000004 1.9098590694391531 -41.323160430192381 11 0.50000000000000022 0.58333333333333337 894.73532169411124 37.500000000000007 -88.380674091347259 -575.26510464201408 12 1.0120639791061339 2.7707157206730635 -10.967599943522757 0.93301270189221952
decision_type=9 9 2 2 2 9 2 9 2 2 2 2 2 9 2 2 2 2 2 2 2 9 2 2 2 9 2 2 2 2 9 2 2 2 9 9 2 2 2 2 2 2 2 2 2 2 9 2 2 2 9 2 2 2 2 2 2 9 2 2 2 2
left_child=2 16 -1 4 5 -3 8 27 9 23 21 -8 15 14 -14 -9 17 26 56 -11 54 -4 -23 -7 25 -25 -2 -6 -10 -15 31 32 -31 35 36 37 -35 39 -38 -32 -27 42 44 -43 45 -17 48 50 49 -47 51 -48 -53 -18 -21 -5 -19 -24 59 -59 -30 -37
right_child=1 3 10 55 7 6 11 12 28 19 -12 -13 13 29 -16 41 53 18 -20 20 -22 22 57 24 -26 40 -28 -29 60 30 33 -33 -34 34 -36 61 38 -39 -40 -41 -42 43 -44 -45 -46 46 47 -49 -50 -51 -52 52 -54 -55 -56 -57 -58 58 -60 -61 -62 -63
leaf_value=-0.01911589379745178 0.0024188501424342382 0.003667226326781368 0.0014469840239906889 0.0036220655869696177 -0.0019186894002734595 0.01182024215525535 -0.021162828122593243 0.0086422343490455151 -0.015761861111741212 -0.0027891078793847658 -0.012314432947791254 -0.0068654431651943267 -0.0016345791136073218 0.003733564308284146 -0.01306735429562295 0.0097573599445280323 -0.0062555847755287435 0.011346586930367228 0.020795286482513116 -0.026331738045810855 -0.0052282284871836698 -0.016189279031957247 0.00033941165351141346 0.00075245565853889634 -0.013523844503722172 -0.003518550314851559 -0.0049637370858901563 -0.0095019001021795398 -0.00079965180560552301 0.0034508180428308929 -0.0050772849155823656 0.0084360491226533867 -0.013167437619247777 -0.002883164274306519 -0.00055024764790675659 0.00019891801715940912 0.0045797277905114155 -0.00039141002725546478 0.014659607591658652 -0.01655317001029068 -0.015487756843757965 0.0022420751754071862 0.015465710671694275 -0.0071766017805770833 -0.005996444288835708 0.015089129355698495 -0.00024187921028925071 0.0052849119120798246 -0.014789546254419235 -0.0045762344149706527 0.0021423417595598862 -0.0035019656277610611 -0.02716567003071135 0.0024765851466678158 -0.011949769649232765 0.0009109100892900528 0.00363327530685253 -0.014236279145269004 -0.018524935933953549 0.0019036870504203843 0.0050406886652512219 -0.0057281177798644139
leaf_weight=18.424459364265203 151.52425174415112 166.62192174140364 93.073067620396614 326.89849556609988 262.35534101910889 13.070979230105875 26.998723251745105 68.162152096629143 7.7561997631564727 60.028384983539581 47.265253329649568 34.459158930927515 140.4085346609354 185.63572995737195 43.602962091565132 43.420291086658835 55.469506487250328 34.046830860897899 27.431767225265503 21.030690680723637 45.785342470742762 21.609891392290592 63.079325743019581 217.23702592775226 25.453987628221512 389.84679098520428 68.166371691972017 52.02141235023737 111.22418841486797 104.20680457353592 149.01466690003872 72.525868743658066 16.055117525160313 47.148007392883301 390.92427237145603 982.56771605461836 194.94372053351253 117.90117754042149 25.856983855366707 18.763448476791382 14.967480415478347 69.78742104396224 16.59934251382947 57.031633771955967 39.413224382326007 10.054488398134707 37.427496959455311 221.4371271263808 14.39243884757161 41.157492820173502 269.66731866775081 6.566990910097954 8.9988116640597582 52.351244043558836 17.047993779182434 1129.1289236582816 378.73157176747918 17.038225952535868 20.375318445265293 31.445592530071735 95.70329328905791 51.358336981385946
leaf_count=30 183 596 111 109 605 22 132 79 62 274 224 304 304 611 85 135 54 31 13 96 94 43 208 180 26 2273 90 56 783 350 586 160 68 83 1373 3318 453 202 40 45 73 70 21 64 72 25 230 339 23 227 1094 34 92 84 46 450 775 55 60 130 744 237
internal_value=0 0.000423143 -0.00518224 0.000142152 -0.000258153 -0.0021452 -0.00304718 0.000367902 -0.00246807 -0.00346384 -0.00448504 -0.0131463 0.000689074 0.000140522 -0.00411978 0.00223834 0.00275628 0.00357775 0.00529929 -0.00809144 -0.0118867 -0.00298453 -0.00541243 -0.00245582 -0.00274401 -0.0023029 0.000128155 -0.00307568 0.00126334 0.000488546 0.000213358 0.00374789 0.00123226 -0.000149244 0.00138919 -0.000918508 0.00408675 -0.00376534 0.00576014 -0.00636069 -0.00386561 0.00171617 0.00237961 -0.00199359 0.00206595 0.00255249 0.00203939 0.00269431 -0.00329995 -0.000715318 0.000999917 -0.0043895 -0.0171823 -0.00201577 -0.0198929 0.0015196 0.00426949 -0.00405754 -0.00710317 -0.00376823 0.00190149 -9.45816e-05
internal_weight=0 7230.39 312.311 6462.67 5006.64 1247.23 1080.61 3759.41 1019.15 804.469 293.887 61.4579 3445.03 2540.91 184.011 904.116 767.722 659.901 440.21 143.892 83.864 246.621 153.548 660.576 647.505 622.051 219.691 314.377 214.684 2356.9 2171.27 192.788 120.262 1978.48 658.873 1319.61 267.949 285.679 220.801 167.778 404.814 835.954 709.135 126.819 692.536 653.122 609.702 544.098 65.6044 51.212 322.661 52.9933 15.5658 107.821 38.0787 1456.03 412.778 131.938 68.8591 48.4838 206.927 1033.93
internal_count=19436 18575 861 17345 16786 5705 5109 11081 4673 3084 831 436 10420 7915 389 2505 1230 1092 819 510 236 607 496 2574 2552 2526 273 661 1589 7526 6915 578 418 6337 1949 4388 576 833 493 631 2346 2426 2292 134 2271 2199 2064 1789 275 252 1450 356 126 138 142 559 806 453 245 185 1527 3555
cat_boundaries=0 23 44 63 84 105 125 126 146 165 185 206 207 228
cat_threshold=4325376 1048576 0 134217728 0 1107304448 4096 2097152 0 0 262144 20 790530 0 17301632 4194304 1879048256 2147487744 33554432 133 64 0 128 0 32768 2702180352 16384 33840 0 48 71303168 0 0 0 1024 1 134234112 0 16 2156398608 0 272629762 163840 8 1075838976 134217728 335544324 1677721634 384 0 134226184 524288 131072 0 537395200 1073876992 134217856 0 136323073 0 0 0 16 134250496 402653184 268959744 32 24832 4096 1280 0 0 24 2097152 1075838976 0 2147483648 270532641 285216768 128 268468224 64 0 16 524288 0 1149239296 0 0 0 262144 8 0 32 1024 0 0 0 2147483648 8388676 0 0 0 0 164 0 0 0 134217728 0 1073750016 0 0 0 0 0 0 0 0 16777216 0 536870976 0 0 5 8737328 2 0 0 17 0 2097152 32772 8388608 0 4 0 8192 16 538443776 12 1073741824 0 65536 81920 272 4 1075838976 0 0 0 16384 0 1073741824 0 268960832 16846848 0 1048576 0 0 256 37748742 71434332 536871040 4 2097472 0 0 0 16384 0 134217728 0 524864 102400 0 0 16777216 0 256 54527012 67125248 671088768 65536 1048576 0 0 0 0 0 2048 0 262144 8388608 0 262144 2048 0 0 618 0 0 131072 0 128 35658752 131072 0 0 0 0 33554432 4096 0 0 0 262144 20 4098 0 0 0 0 4096 33554432 0 64
is_linear=0
shrinkage=0.05


Tree=93
num_leaves=63
num_cat=9
split_feature=0 0 66 0 3 50 88 66 38 51 0 49 70 0 21 5 48 3 33 57 2 55 57 0 0 0 24 56 0 46 52 5 50 51 66 49 47 27 50 4 47 66 50 60 9 50 20 10 49 57 70 64 7 53 50 53 66 66 55 3 84 56
split_gain=4.98476 2.60251 1.16645 1.92125 1.15662 1.20001 1.51448 1.28452 1.13419 1.35087 1.13845 1.58146 3.19204 1.04672 0.95354 1.03065 0.949587 0.905161 0.860485 0.807847 0.767161 0.776098 0.742279 2.47541 2.34593 1.50397 1.26642 2.74753 1.18255 1.11537 0.958315 0.832178 0.818592 0.808768 0.798416 0.765982 0.749678 0.733248 1.14477 0.923862 1.403 1.2056 0.931708 0.821639 0.724281 0.714386 0.711426 1.28009 0.739506 0.709793 0.686885 0.672954 0.910726 0.671391 0.67037 0.666269 0.911542 0.665176 0.838858 0.676549 0.94221 0.660864
threshold=0 1 17.045000000000005 2 2016.5000000000002 -18.811922144304152 1.0000000180025095e-35 0.68333333333333346 0.6830127018922193 72.089834692691724 3 -11.207676734114239 3.6940119570489034 4 -1.0000000180025095e-35 -0.68301270189221941 648.97437030443791 2021.5000000000002 0.93301270189221952 -2.1494465210488163 3.5000000000000004 1.1994458329922864 -24.723164200510201 5 6 7 0.6830127018922193 5.601909062717616 8 0.6830127018922193 -159.82207339138836 -0.93301270189221919 79.552494543290479 62.432540188840015 225.60666666666671 -527.13801267357348 24.744375450526885 -0.6830127018922193 -100.86954963630562 1.0000000180025095e-35 47.521986652537343 617.76666666666677 -214.62431786350464 -15.052369509766176 -0.6830127018922193 -104.87624394129493 9.1848509936051497e-17 10.446152422706634 -1.9651451779220295 -1.3718020608504313 2.1655964000624777 33.117500000000007 1.0000000180025095e-35 2.2845746039918162 48.226556815333346 -6.451129113092267 3.3450000000000006 89.040000000000006 -67.924385530604837 2013.5000000000002 1.0000000180025095e-35 75.950692427858741
decision_type=9 9 2 9 2 2 2 2 2 2 9 2 2 9 2 2 2 2 2 2 2 2 2 9 9 9 2 2 9 2 2 2 2 2 2 2 2 2 2 2 2 2 2 2 2 2 2 2 2 2 2 2 2 2 2 2 2 2 2 2 2 2
left_child=8 16 3 19 14 6 -6 -7 9 10 17 -12 44 20 15 -5 18 -1 37 53 51 -22 23 61 30 33 -27 -28 -25 34 -24 -30 36 49 50 -33 -32 38 -2 41 42 43 -41 -39 -13 -45 -9 48 -48 -26 -29 52 -4 -3 -23 -16 -57 58 -37 60 -60 -15
right_child=1 2 13 4 5 7 -8 46 -10 -11 11 12 -14 22 55 -17 -18 -19 -20 -21 21 54 24 28 25 26 27 29 31 -31 32 35 -34 -35 -36 57 -38 39 -40 40 -42 -43 -44 45 -46 -47 47 -49 -50 -51 -52 -53 -54 -55 -56 56 -58 -59 59 -61 -62 -63
leaf_value=-0.0052321464289089552 0.011382081282140239 0.0055480303042758639 -9.0141496143493331e-05 -0.03381142100488476 -0.0066974339535938281 -0.017722940927283545 -0.026330621995513205 -0.0021300198144384988 -0.017599709769489109 0.0054766390672785353 -0.0056135015635870597 -0.017518172492138922 -0.035404348511849065 0.011586848566403685 -0.0038326309610656078 -0.0012323733382077853 -0.0032401792985725614 0.0060001137175715556 0.010150895675658874 1.6059508788047192e-05 -0.0014339844001653483 -0.014699660097948757 -0.012446367171880067 -0.0020615584686574 0.0010165966085972766 0.0002026293021708546 -0.016500529219907537 -0.0029094987330929496 0.0072953179537877709 0.0050427933648749135 -0.0024687553412609782 -0.0046558795259398975 0.0010838854617603751 0.00051897869421467957 0.00038633133988957543 -0.01421945808069785 -0.0096604172723144255 -0.0096947397792914846 0.00096140081764185467 -0.001781691937828995 -0.0021482053416381382 0.0045969737414432226 0.0076507444803552514 -0.0063259892304399065 -0.00295167461772366 0.003017959575890264 -0.011169092445189547 -0.022893139003229198 0.0034906374576672162 0.007089885844960341 -0.0155604197345913 -0.0004480650586188578 -0.017073419966876464 0.019651525161427683 -0.0041511612100420632 0.008083768192897833 -0.00052090108774612964 0.0017692152759675971 -0.00044859241381702122 -0.0025132224838155266 0.027016106253229769 0.0049886249776596682
leaf_weight=82.391532316803932 61.343716621398926 54.436400829814374 16.994976233690977 4.1011084206402302 44.199710610322654 15.004069240763782 12.629031000658868 381.93923049140722 23.044660061597824 23.203478951007128 53.30639012157917 14.853033967316149 17.31977566704154 51.940385073423386 45.919681034982204 5.9489809740334731 53.286315739154816 22.927448183298111 47.926020696759224 71.5630222260952 61.773803699761629 30.034431178122759 35.18178153783083 331.42728935554624 69.312893312424421 2712.9987677382305 36.022217934951186 21.489825315773487 55.283185578882694 49.21114469692111 82.844122193753719 56.608403339982033 66.077331006526947 152.16048151627183 43.499447196722031 13.20192641764879 64.412256959825754 36.086414147168398 46.207582503557205 30.759172782301903 65.564555140212178 77.982877239584923 175.86244272068143 33.95168362557888 20.057654963806272 51.459445530548692 17.162461183965206 11.819981074891983 17.248178422451019 157.25902910158038 21.428265212103724 455.41789957880974 14.740309344604613 9.986486070789395 30.21276544034481 54.310950342565775 71.034582791849971 888.50243943929672 8.5171002037823182 78.780374685302377 4.9305025562643996 140.87574398517609
leaf_count=333 69 344 41 24 278 71 71 2219 85 41 165 55 43 59 583 98 84 43 67 507 140 88 74 798 126 6437 18 90 135 80 149 36 67 336 38 83 112 70 64 74 82 74 233 57 68 90 63 82 78 445 15 864 76 70 69 275 934 704 109 481 52 153
internal_value=0 0.000201668 -0.000105129 -0.00187278 -0.00293648 -0.00422015 -0.0110605 -0.00334301 -0.00675337 -0.00597401 -0.00723409 -0.0106618 -0.0178554 0.000145891 0.000441476 -0.0145268 0.00312192 -0.00254526 0.00371227 0.00342097 -0.00179716 -0.005372 0.000378845 0.00126135 -2.96989e-05 0.000332603 -6.06786e-05 -0.00422588 0.000519254 -0.000965803 -0.00461495 0.0013043 -0.00353976 0.00325257 -0.00438745 0.00100144 -0.0056145 0.00317952 0.00690501 0.00233002 0.00422442 -0.000254855 0.00624656 -0.00336899 -0.00914911 -0.000696343 -0.0028391 -0.00869723 -0.00382097 0.00523194 -0.00922589 -0.000938629 -0.00797848 0.00773428 -0.0094098 0.00131984 0.00320741 0.00132365 -0.00243133 -0.000743921 0.00962121 0.00643244
internal_weight=0 7248.87 6568.44 817.304 681.318 500.003 56.8287 443.174 257.104 234.059 210.856 105.537 52.2305 5751.14 181.315 10.0501 680.43 105.319 627.144 135.986 609.174 122.021 5141.96 1630.07 3511.9 3263.38 2884.65 171.651 1437.25 135.629 248.515 1105.82 213.334 378.732 86.4175 1050.54 147.256 579.218 107.551 471.667 272.186 199.48 206.622 121.498 34.9107 85.4111 428.17 46.2306 34.4106 226.572 42.9181 487.153 31.7353 64.4229 60.2472 171.265 125.346 993.932 105.43 92.228 13.4476 192.816
internal_count=19369 18536 17572 5697 4776 2862 349 2513 833 748 707 331 166 11875 1914 122 964 376 880 921 1278 297 10597 2610 7987 7585 6678 241 2398 223 402 1600 328 907 143 1465 261 813 133 680 389 291 307 217 123 147 2442 223 141 571 105 981 117 414 157 1792 1209 1429 725 642 161 212
cat_boundaries=0 23 45 64 87 108 130 152 170 189
cat_threshold=4325376 16777216 269484160 134218242 0 33554432 4096 0 0 0 524288 2147614720 262144 134217728 50855946 4096 1073744448 2147483648 16 16 0 0 128 0 557056 16777216 1073741824 256 0 265 0 393216 2415919104 0 33554432 2 0 0 75498500 1282 4097 33554560 131204 40 1024 1073741824 0 1073741824 67108864 134251520 2048 33554432 5242880 0 0 2097152 360456 43153 274 2418057344 16 0 0 131072 4194304 16777216 0 134218240 0 0 4096 0 0 0 0 2147614720 0 0 50855944 0 512 0 16 0 0 0 128 134250528 256 1073741824 0 33588256 2105344 0 4194304 0 32 0 0 4 16777216 2147483648 8 591528113 2 324 65536 16 1024 0 0 16 0 20480 16384 0 65536 1610612736 0 0 0 0 0 8448 8388608 224 4194304 1 4 134217728 0 0 0 16 0 4096 49156 0 16384 1619001344 49152 0 0 0 0 256 8388608 224 4194304 1 4 134217728 6 674234464 0 65 12288 1073741824 16 1073741832 0 262144 4096 536870912 128 0 0 528 4 37814284 14 96 2222981120 0 8192 0 0 0 0 73 2560 0 0 0 0 16 268435460 4423708 2
is_linear=0
shrinkage=0.05


Tree=94
num_leaves=63
num_cat=13
split_feature=0 0 71 8 70 51 48 52 5 73 0 71 57 50 52 57 49 65 8 19 60 13 8 8 60 0 48 65 60 54 73 51 67 66 47 0 0 0 55 5 52 56 63 71 70 89 73 2 71 50 37 22 0 70 73 55 55 49 50 0 48 70
split_gain=3.85273 2.20801 1.71076 2.07981 1.78943 1.38177 1.27046 1.12582 1.03281 1.34036 1.19365 3.02322 1.71429 1.43452 1.09716 1.02747 0.958295 1.58814 1.29937 0.950994 0.91218 0.896222 1.24712 0.847806 0.821782 0.902498 0.957643 1.14667 1.14045 1.04688 0.757549 0.727261 0.825987 0.72171 1.70524 1.56429 1.14444 1.10428 0.868641 1.00663 0.840496 0.967753 0.8391 0.83539 1.15434 0.787991 0.744814 1.51167 0.715519 0.85109 1.31819 0.662861 0.651291 0.991277 0.645007 0.760267 0.913072 0.643205 0.774998 0.644451 0.641372 0.628275
threshold=0 1 0.80064031025929328 2.5000000000000004 1.9098590694391531 79.591241072901781 1183.2909907069907 1398.3502770005152 0.93301270189221952 2 3 -29.83382204336754 -73.816101798890529 -132.57380014285056 31.300560043347186 73.44918027305377 -10.449933639927115 45.030000000000008 2.5000000000000004 0.68301270189221941 -16.706488539105234 -0.93301270189221919 2.5000000000000004 3.5000000000000004 -1.0000000180025095e-35 4 21.612225361597883 802.10000000000014 214.31709935393573 33.750902503879459 5 -398.29548202283149 1359.7150000000004 159.15000000000003 609.52117792362685 6 7 8 -56.389241819329406 0.6830127018922193 -641.11834895832624 709.25134162537086 184.43500000000003 -8.1731056165238183 8.6720401263062481 1.0000000180025095e-35 9 3.5000000000000004 -94.691432760221474 -160.57889366133307 -0.6830127018922193 0.93301270189221952 10 3.1544883433098838 11 -67.924385530604837 -17.935363047542229 68.93489269694804 -28.904988590049758 12 123.47467717823027 1.021314406146417
decision_type=9 9 2 2 2 2 2 2 2 9 9 2 2 2 2 2 2 2 2 2 2 2 2 2 2 9 2 2 2 2 9 2 2 2 2 9 9 9 2 2 2 2 2 2 2 2 9 2 2 2 2 2 9 2 9 2 2 2 2 9 2 2
left_child=2 6 3 4 20 19 21 8 10 -10 11 -3 -13 -14 16 -15 17 18 -11 -5 -1 22 -2 -19 31 -26 28 29 -27 -28 -18 32 -23 34 35 60 38 40 -37 -40 -35 -42 45 44 46 -39 -38 -48 -44 -50 -51 -32 -33 -54 55 -52 -57 59 -59 -45 -12 -16
right_child=1 7 -4 5 -6 -7 -8 -9 9 14 33 12 13 15 61 -17 30 23 -20 -21 -22 24 -24 -25 25 26 27 -29 -30 -31 51 52 -34 37 -36 36 43 42 39 -41 41 -43 48 57 -46 -47 47 -49 49 50 54 -53 53 -55 -56 56 -58 58 -60 -61 -62 -63
leaf_value=-0.01343704372861174 0.018502940658055727 -0.018935764015529311 -0.00057382633331908191 -0.008539123699375057 -0.01865941981322574 0.0095356610931713222 -0.0067603413960289046 0.0053772026658130334 0.0022921177588259628 -0.034992010027233032 -0.0046423781725032183 0.0067193988721875242 -0.012935438423987942 -0.0027970561946438315 -0.0063057569410014799 0.0061695875401128423 0.0020861947018365489 0.00080140221600462098 -0.0073324453184323421 0.0053315743607441979 -0.00086092750861404698 -0.00030127178677548979 0.0022875909619809775 -0.010430059101803635 0.00082641813695087532 0.0077299982118865908 0.016585837272732034 0.021188935007188589 -0.00068327829993922141 -0.00022990065109549924 -0.0022274079393355514 0.0038532317165044503 0.011376383671882543 0.0046962237987430043 -0.015202495401754033 0.00960603044835142 0.0016666158323295742 0.0021668641338781921 0.0036234698884984994 -0.0057431528217892942 -0.00061774698397455523 -0.0074140996053028881 -0.0044798501408788004 -0.0030535006446822388 -0.013688808281517986 0.0077350998459819291 -0.0022513409354252274 -0.018645033531967389 0.0029848783510220619 -0.0074073521538509535 0.007903873587245874 -0.0121235075254839 0.00067186778916797623 -0.0081557765229188627 0.00041130381671363174 -0.0035089215825868155 0.0040258072219706911 -0.0019909816726116063 0.0053623151059278337 0.00019800931283189954 -0.018457260277189365 -0.021147602123941966
leaf_weight=25.182641455903649 23.327203169465065 25.952718630433083 129.14803243614733 55.821039288304746 57.060365237295628 19.522975098341703 30.730089735239744 102.35099504143 113.38587862625718 8.5245627053082007 120.80554536078125 56.655437856912613 31.050942793488503 239.45023088343441 14.920124902389945 36.867505840957165 91.623242992907763 38.281416323035955 8.459787533618508 15.870524741709231 33.733310887590051 29.625204883515835 24.116129936650395 29.945510664954782 124.77537391334772 114.59695893712342 15.956539280712603 21.936557978391647 62.111492559313774 22.03977277316153 81.304708007723093 49.48749466240406 30.975505590438843 67.167030483484268 18.704929273575544 47.008764069527388 86.224733907729387 185.42144524678588 174.37589248921722 34.331787103787065 668.60899274423718 56.830537587404251 54.657793700695038 156.83996659703553 22.920400857925415 96.657833471894264 92.618077602237463 16.578997209668159 551.17342974990606 48.804310873150826 66.326831370592117 21.368602869100869 87.707073861733079 49.89115934073925 1098.2863839864731 58.445872627198696 128.84992706775665 51.453272838145494 118.02822876162827 1751.4208147181198 9.0294326785951835 13.657272677868603
leaf_count=42 21 25 271 341 99 30 77 74 200 20 747 53 24 980 74 24 357 84 108 18 75 82 94 147 113 273 33 26 98 82 289 85 25 66 39 79 166 285 562 137 865 62 30 1337 2 99 252 83 491 86 75 77 261 81 1110 73 279 171 459 6888 55 32
internal_value=0 0.00045242 -0.0049435 -0.00790585 -0.0123485 -0.00225713 0.00313065 0.000173242 9.27179e-05 -0.00230198 0.000256258 -0.00238689 -0.00127262 -0.00274574 -0.0039393 -0.00160069 -0.00311309 -0.00753395 -0.021215 -0.00546854 -0.00623638 0.00364128 0.0102604 -0.0041282 0.00312572 0.00464609 0.00635657 0.0120868 0.0047728 0.00683186 -0.00117426 0.000907234 0.00566766 0.000437914 -0.000158063 -5.31255e-05 0.000228363 0.00096164 0.00333529 0.00208269 -0.000646577 -0.00115017 0.00151481 -0.00013062 -0.00307322 0.00407489 -0.00182815 -0.00434265 0.00116247 0.00132047 0.000665528 -0.00390653 -0.00063476 -0.00235757 0.000956961 0.00317834 0.00167459 0.000177979 0.00312991 -8.41962e-05 -0.00520244 -0.0133987
internal_weight=0 7382.65 336.339 207.191 115.976 91.2145 687.277 6695.37 6593.02 421.471 6171.55 389.977 364.024 307.369 308.085 276.318 279.508 85.2113 16.9844 71.6916 58.916 656.546 47.4433 68.2269 609.103 361.417 236.641 59.9329 176.708 37.9963 194.297 247.686 60.6007 5781.57 2700.34 2681.64 2551.8 3081.23 255.716 208.708 792.607 725.44 2288.62 2296.08 218.342 282.079 195.422 109.197 2006.54 1951.89 1400.71 102.673 187.086 137.598 1351.91 253.623 187.296 2077.74 169.482 1908.26 129.835 28.5774
internal_count=19293 18417 876 605 216 389 1351 17066 16992 1388 15604 1106 1081 1028 1188 1004 1082 359 128 359 117 1274 115 231 1159 625 512 141 371 115 723 534 107 14498 10977 10938 10136 3521 778 699 993 927 2528 9358 503 384 501 335 2144 2114 1623 366 427 342 1537 427 352 8855 630 8225 802 106
cat_boundaries=0 21 42 43 64 85 86 105 128 150 151 171 172 193
cat_threshold=4853760 0 268435456 1 4096 33556512 4096 0 0 4194304 0 25165824 2147876869 134217728 34340992 128 0 2147483648 1024 17 48 2 32768 1167065088 272 34078720 4096 260 1145044992 0 0 2097152 0 2 0 2147516418 67108864 2147486208 0 268435648 131200 8 25297920 134250500 33554432 0 512 128 8192 536872960 0 0 268435472 524288 80 687865856 1610612736 269484288 8 8388608 32768 24588 32768 4 0 0 1140850688 0 34078720 0 4 0 0 0 0 0 0 0 0 0 2147483648 0 0 131200 8 73924 1048576 1048704 0 16386 1280 0 303250 0 0 8 8388608 0 528384 13107200 0 1024 268435552 4128 65568 2048 536870912 0 67108928 98336 0 268500992 2147483648 0 0 0 2149580804 16 16777232 1 3489660948 132480 134217728 131072 65536 0 0 128 16 0 2147484160 32 40960 134234112 0 0 2147483648 2147484772 4096 0 0 0 0 8388880 50331778 100663312 4325378 0 0 134217728 39849984 0 0 16777216 16 0 0 4 0 0 0 0 0 0 0 0 67108864 0 0 0 131072 6361236 0 19398656 0 0 0 16777216 16384 135266312 0 0 1073741824 68681760 16384 36718592 151126016 16777217 4 16448 536870912 0 128
is_linear=0
shrinkage=0.05


Tree=95
num_leaves=63
num_cat=11
split_feature=0 1 0 73 60 1 70 59 54 53 60 70 53 68 70 63 0 57 45 0 70 52 0 0 65 64 54 70 63 18 47 70 50 65 53 60 4 5 0 65 8 41 65 35 55 0 59 60 70 54 9 52 0 49 56 47 17 64 73 18 58 53
split_gain=4.64465 2.02688 1.71877 1.49117 1.4145 1.36728 1.2877 1.26085 1.23721 1.23238 1.54407 1.16765 1.27712 1.08906 2.232 1.0018 1.51368 1.24994 3.32486 1.39034 1.19228 1.10829 1.72899 1.69986 1.33079 1.26852 1.04039 1.03634 1.22747 1.01358 1.13656 2.17981 0.988781 0.905972 0.897347 0.894827 1.18378 0.86769 0.859053 0.787283 0.76475 0.992812 1.29344 0.75653 0.731523 1.01624 0.8335 0.976714 1.37418 0.728091 0.698034 0.79283 0.695414 0.839956 0.69487 0.984126 0.881993 0.68694 0.797159 0.686648 0.663347 0.656474
threshold=0 11.500000000000002 1 2 -2.2616062390945983 9.5000000000000018 0.93024114158443882 190.68932306970592 142.5549375457548 -49.557953626292054 1.0000000180025095e-35 3.0000872676498824 -3.4693324798774312 0.58333333333333337 5.7370368982815281 116.04166666666667 3 10.773579757397213 -1.0000000000000002 4 12.744588744588746 73.191935577488408 5 6 2370.4000000000005 112.00750000000001 0.30408028989415237 0.28138347069462205 2067.5229166666672 -0.93301270189221908 -119.96178699422428 2.8672942376683372 -600.64795516279571 613.04000000000008 -1.9234923544711731 -17.794206381554101 1.0000000180025095e-35 -0.5 7 92.220000000000013 1.5000000000000002 0.68301270189221941 20.040000000000003 0.68301270189221941 530.41587025834167 8 310.8531372386916 39.926482893418417 1.9098590694391531 2.4842170328671327 2.63299061816681e-15 421.23392332053442 9 -25.337680285696621 3.5894549252627539 -3.1998042972184169 -1.0000000180025095e-35 5.9750000000000005 10 1.0000000180025095e-35 633.19006404505433 -462.40944678837781
decision_type=9 2 9 9 2 2 2 2 2 2 2 2 2 2 2 2 9 2 2 9 2 2 9 9 2 2 2 2 2 2 2 2 2 2 2 2 2 2 9 2 2 2 2 2 2 9 2 2 2 2 2 2 9 2 2 2 2 2 9 2 2 2
left_child=1 13 5 4 -4 6 7 32 11 33 -11 12 -7 -1 35 16 20 19 -19 54 40 22 24 -23 26 -25 -17 28 -24 -27 31 37 -2 39 -6 36 -15 -31 -32 -8 -5 -42 -43 50 45 46 47 -29 -49 -37 -40 -52 -20 -54 -18 56 -56 58 -21 61 -39 -47
right_child=2 -3 3 15 34 8 9 -9 -10 10 -12 -13 -14 14 -16 21 17 18 52 57 -22 23 27 25 -26 29 -28 44 -30 30 38 -33 -34 -35 -36 49 -38 60 43 -41 41 42 -44 -45 -46 59 -48 48 -50 -51 51 -53 53 -55 55 -57 -58 -59 -60 -61 -62 -63
leaf_value=-6.2541458563256292e-05 0.013099384174562035 -0.022317544641204234 -0.023729999763851914 -0.014962831689981797 0.0037423895460399603 0.024248352398113546 -0.0014782896864700334 -0.018529525969052895 -0.00042384309838898243 0.013939749212160161 0.0023637054810269008 0.0060715689673153245 0.0059700703552088103 -0.021931356499110669 -0.022363770496442954 0.0065333822296348102 0.012998682833971435 -0.030001367699080617 0.0027049331914085753 -0.0017797647087797427 -0.023417829582739372 0.0026235956713900064 0.003322403042465406 0.0063593364077685725 -0.011320649315695578 0.0040726282654392054 -0.001557751897803434 0.0024520826930338468 0.014369838403268706 -0.01134626756752553 0.0038387096856795175 -0.019337822751946319 -0.0034840466920814891 -0.0051088298864080351 -0.011481120897266881 -0.012948604850153901 -0.0047144091982601532 0.00096953686128857129 -0.0040407410576631707 0.007081724394549219 -0.0052668435843704568 0.01969323945077063 -0.0084808343417475639 -0.010563144405541923 -0.0045523311186545712 -0.0044469976266060486 -0.00097736019200607362 0.004216182947864403 0.014157698587442506 -0.0018873991858540417 -0.0019306921939328014 0.0072922950034637786 -0.01467472531732596 -0.0028724786976222689 -0.016950360698091547 0.0067533961723542091 0.00078625720741293769 -0.00094210007440337124 0.0032472336943297148 -0.00062165095280158076 -0.0080316139544080352 0.0015378128325801088
leaf_weight=77.321810107678175 10.310759902000425 18.216830622404814 12.525187078863381 16.065833896398544 18.072122983634472 23.048259092494845 52.398309469223022 12.328557316213844 41.094883166253567 47.946388080716133 72.159936517477036 76.458402954041958 16.325703091919422 16.722353795543313 21.265159070491791 43.075948163866997 21.261945964768529 11.862279847264288 42.784459687769413 113.50588825624436 9.1726645901799184 228.87319299578667 190.72789912484586 39.03638257086277 32.623121500015259 47.288400657474995 511.45498641952872 328.07643055915833 28.961629763245583 32.503798641264439 46.42890403047204 29.7240035161376 70.096110587008297 52.389651820063591 20.845067204907537 16.996409777551889 24.776163760572672 64.711098685860634 199.65808072686195 55.114270761609077 95.652120708487928 9.7559542711824196 6.9941216800361863 30.314513109624386 53.946020781993866 47.213676691055298 99.522058188915253 117.87949658930302 49.296171173453331 119.31624249555171 74.908448960632086 33.821743935346603 18.005779402330518 92.62897202372551 8.16277042403817 84.233167296275496 49.593752128072083 1271.5253696888685 223.40488207992166 600.5460122153163 29.937933653593063 1552.4091305993497
leaf_count=143 11 72 73 97 58 74 51 36 63 86 125 68 71 59 60 27 85 41 370 165 66 275 823 73 44 94 819 499 22 74 82 32 421 43 59 114 75 143 504 54 903 50 89 67 72 36 98 228 39 366 149 26 79 766 37 459 399 6100 198 822 28 2229
internal_value=0 -0.00596092 0.000342815 0.000122015 -0.00763178 0.00305682 0.00146622 -0.00364042 0.00702971 0.00315747 0.00698486 0.00967407 0.0166696 -0.00509855 -0.00705456 0.00019404 -0.000715077 -0.000337621 -0.00449785 4.85827e-05 -0.00559581 0.000612393 0.000991816 -0.00100573 -0.00148137 -0.00233237 -0.000929233 0.0014651 0.00477878 -0.0029477 -0.0035602 -0.00714767 -0.00135751 0.000282638 -0.00441172 -0.00522367 -0.0116522 -0.00429803 -0.00209891 0.00290984 -0.00475889 -0.00330042 0.00792894 -0.00293938 0.00121471 0.00132602 0.00314518 0.00403712 0.0071477 -0.00326659 -0.00228528 0.000938221 -0.00252593 -0.00439595 0.00430512 0.00330652 -0.00172047 -0.000407675 0.00159718 0.000816239 -0.00187757 0.00136117
internal_weight=0 294.615 7168.66 6638.99 51.4424 529.671 372.744 92.7354 156.927 280.009 120.106 115.832 39.374 276.398 199.076 6587.55 2074.61 1936.97 165.281 1771.69 137.641 4512.94 3655.73 857.207 587.154 628.333 554.531 3068.58 219.69 589.297 542.009 156.877 80.4069 159.902 38.9172 177.811 41.4985 127.153 385.132 107.513 128.468 112.402 16.7501 338.703 2848.89 2794.94 594.774 495.252 167.176 136.313 308.388 108.73 153.419 110.635 163.252 141.99 57.7565 1608.44 336.911 2200.17 94.649 1599.62
internal_count=19391 889 18502 17399 190 1103 827 468 276 359 211 213 145 817 674 17209 9904 8699 1256 7443 1205 7305 5758 1547 890 1272 846 4868 845 1199 1105 277 432 148 117 614 134 245 828 105 1139 1042 139 746 4023 3951 864 766 267 480 679 175 1215 845 980 895 436 6463 363 3087 171 2265
cat_boundaries=0 21 40 41 62 81 103 124 144 165 181 182
cat_threshold=1183744 16777216 128 0 32768 33554432 0 524288 0 0 786432 2701131812 397441 0 1835008 0 0 0 256 131220 160 0 0 537919488 1207976016 33621008 0 408 67108864 0 0 2097152 278528 0 134217728 136 1073750032 262144 4224 139392 526336 4194304 1075838976 0 1 0 32 134217730 3357540352 0 0 16777216 0 201342976 302514176 33554432 4196352 1536 2147483648 134217734 0 64 268435456 0 1 67108864 0 0 301989888 4194304 512 4194304 671088640 1442972680 2 2147516416 4358144 0 133152 16384 8 134252544 128 2148008448 2 134242336 1207963648 4 0 147456 1082130497 0 0 0 0 0 8389632 272629760 34 0 257 4 134217728 0 64 2155872768 32 28704 0 4 0 0 786432 512 0 0 0 16384 8388608 0 104857600 4194304 0 4 2 1073742080 0 0 0 0 0 0 0 0 0 0 0 0 2147483648 4 4194304 0 0 65536 589830 1073741824 1157627904 0 4096 524288 1 1073741824 262144 2147484696 16777216 0 0 0 2147483648 5 8389122 65544 805306368 32768 88 1075838976 1572864 4194304 0 0 0 553648128 8 0 0 0 336593152 65536 16777217 268435488 8 262784
is_linear=0
shrinkage=0.05


Tree=96
num_leaves=63
num_cat=11
split_feature=0 0 67 65 52 70 71 0 0 64 15 0 55 51 25 60 65 58 64 77 67 70 0 48 50 47 27 42 0 22 35 70 47 4 57 9 51 50 53 52 48 51 64 51 55 15 85 70 8 0 64 0 0 47 52 50 29 48 9 56 52 0
split_gain=3.47359 2.26647 1.65642 1.5235 1.33769 1.29563 1.17644 1.42555 1.14511 1.06346 1.04727 1.04178 1.32087 1.05373 1.0395 0.977456 0.859283 1.79711 0.845058 1.13083 0.87723 0.764004 0.737807 1.36552 1.71811 0.965102 0.850308 1.1102 0.792382 0.900203 0.784911 0.742194 0.705746 0.682354 0.655977 0.64959 0.638463 1.00108 0.891689 0.794496 0.632862 0.620902 0.860966 0.779106 0.846888 0.611109 0.605808 0.592451 0.58846 3.17376 2.13109 1.88843 1.32932 1.09145 0.996871 0.805086 0.77989 0.740409 0.806093 0.670352 0.651851 0.884812
threshold=0 1 7.3500000000000005 439.86000000000007 236.37490844887506 1.4535036978161615 0.22572953611851757 2 3 26.130000000000003 1.0000000180025095e-35 4 -8.0564264860740646 3.6969284604932118 -1.0000000180025095e-35 27.883179938143488 2091.0250000000005 668.4569007028872 19.557500000000005 1.0000000180025095e-35 1.0800000000000003 3.247803821656051 5 -435.06732492262415 -341.06943399302196 430.55770260265911 -1.5000000000000007 0.25000000000000022 6 1.0000000180025095e-35 -0.6830127018922193 0.20492720977998374 -3.7152256832654085 0.25000000000000011 11.140087043802501 16.227241335952172 -236.3658938083282 -127.43969633521847 139.0939106831141 -115.00178541266762 1.2519600340611314 -158.99714305806933 819.8850000000001 211.3955257239156 -3.8178878291853962 0.25000000000000017 1.0000000180025095e-35 1.1884350354665603 3.5000000000000004 7 1965.4175000000002 8 9 498.60993117261683 1398.3502770005152 -406.19339368868265 0.93301270189221952 -49.177693070087884 2.7554552980815452e-15 0.89782410560555048 -179.64361428883194 10
decision_type=9 9 2 2 2 2 2 9 9 2 2 9 2 2 2 2 2 2 2 2 2 2 9 2 2 2 2 2 9 2 2 2 2 2 2 2 2 2 2 2 2 2 2 2 2 2 2 2 2 9 2 9 9 2 2 2 2 2 2 2 2 9
left_child=3 4 14 5 6 46 11 15 9 32 -9 12 -2 -13 -3 -8 17 21 20 -20 -16 47 23 -10 -25 30 27 -24 29 -28 -26 -30 33 -4 -15 -22 37 39 -38 -11 -34 -32 43 44 -43 -7 -1 -5 51 -50 52 55 54 56 -51 -33 -53 -57 -59 -54 -61 -62
right_child=1 2 8 16 -6 45 7 10 22 36 -12 13 -14 34 18 -17 -18 -19 19 -21 35 -23 26 24 25 -27 28 -29 31 -31 41 48 40 -35 -36 -37 38 -39 -40 -41 -42 42 -44 -45 -46 -47 -48 -49 49 50 -52 53 59 -55 -56 57 -58 58 -60 60 61 -63
leaf_value=-0.0031179546211403276 0.019232730493958558 -0.018577186633994918 0.0070118513203172687 0.00048853156010381191 0.0093304894654108808 0.0055525765285135533 0.009503433532365848 -0.0049420910745733831 0.012083495385393689 -0.0026196762266141021 -0.021994720621139243 -0.017669836796240301 -0.0050843397787089847 -0.012057734484275901 -0.018875931833414697 -0.0027590852297287678 0.0059868843421553852 -0.0080759586042480017 0.0015005273958965878 -0.016173700999241036 -0.0072735572948975039 -0.0023119606171778276 0.001388278833212989 -0.01467701298221534 -0.010052832302063924 0.010298634570892744 -0.00050977009415723799 0.013062222261601864 0.0036106732600562881 -0.011289952545294059 0.0038110385287482267 0.010296855175155696 -0.0045149550396996049 0.020340929306665107 -0.001221730431650184 0.0070327075127017613 0.0013591458113497816 0.010198634401334519 -0.0069611656351636492 0.0064734361342776679 0.0097619792268228978 -0.0055554315511528929 -0.015571265736900456 0.007616507366174848 0.00075223271960155904 0.010305758698154173 0.0055103889466085118 0.0079271586771601909 -0.0056717172471102799 0.0041524997344395765 -0.023519597441013573 0.00034622701515244929 0.0043272100568351622 -0.007163489307616594 -0.0075714308565419872 -0.00012683456476478356 -0.0056307498624426433 0.0021217978703638057 0.010054904733566572 0.0026515712119831855 -0.0049862077290996325 -0.0005217664627074005
leaf_weight=48.037152511999011 7.6534516438841846 12.413192793726919 22.306611716747284 47.114071846008301 16.308254072442651 152.82810741662979 33.711893424391747 56.245611228048801 16.309997081756592 53.968855038285255 10.719517442397771 43.098140746355057 20.656876077875495 31.79376370087266 14.000962014775721 31.37560248374939 69.909967422485352 56.518401987850666 82.922561618965119 10.158857003785668 48.425465985201299 59.937538892030716 68.712939072400331 27.69113601744175 29.75904018804431 15.909734815359114 45.408493500202894 28.945103518664837 156.53762906603515 33.765584027394652 45.88910585641861 49.852620899677277 15.453952366486194 16.858271058648825 24.908617861568928 9.4895177511498314 257.4692259952426 48.884228706359863 36.804438650608063 43.29089143872261 15.595102291554211 118.77467996254563 12.025181531906126 19.877875439822674 96.407590745016932 121.28956583142281 35.286864507943392 61.981898754835129 255.85079527832568 288.37360641267151 9.3018304705619794 3218.3010102845728 69.245149163529277 50.483187258243561 19.347957581281662 93.313013911247253 55.518582407385111 70.637662082910538 58.57381397485733 120.4175019711256 125.1295183384791 666.43098759371787
leaf_count=101 59 110 90 68 27 110 56 316 3 101 45 165 114 95 82 46 43 43 432 60 375 39 129 22 120 10 166 41 843 116 58 41 65 72 56 42 453 71 60 37 37 490 4 32 492 77 63 60 1047 1052 6 3732 53 34 15 124 151 109 74 261 560 5778
internal_value=0 -4.82266e-05 0.000141816 0.00374281 -0.00440158 0.00599605 -0.00543156 -0.00211986 0.000274601 0.00252182 -0.00667502 -0.00884515 0.00110075 -0.0107042 -0.00462346 0.00311384 0.00114359 -0.000357596 -0.00357368 -0.000428429 -0.00764461 0.00222313 7.4583e-05 -0.00201949 -0.00270251 -0.00172335 0.000224102 0.00484835 0.00014068 -0.0045345 -0.00231599 0.000218556 0.00828594 0.0127493 -0.00729762 -0.00492944 0.00166013 0.00436154 0.000318535 0.00142772 0.00265596 -0.00153012 -0.00252209 -0.00185452 -0.00272942 0.00765573 0.00053606 0.00471472 0.00011589 -0.000697135 0.000324415 0.000467192 0.000499006 0.000131966 0.00330786 0.00439243 0.000244867 0.00326705 0.00571801 -0.0004114 -0.000775707 -0.00129709
internal_weight=0 6831.31 6554.83 652.904 276.472 357.442 260.163 132.053 6377.42 510.632 66.9651 128.111 28.3103 99.8005 177.411 65.0875 295.462 225.552 164.997 93.0814 71.9159 169.034 5866.79 382.644 366.334 338.643 5484.15 97.658 5386.49 79.1741 322.733 5307.31 70.2139 39.1649 56.7024 57.915 440.418 146.144 294.274 97.2597 31.0491 292.974 247.085 235.06 215.182 274.118 83.324 109.096 5150.78 1554.1 1298.25 3596.68 1288.94 3324.3 307.722 272.377 3273.82 222.524 129.211 981.223 911.978 791.561
internal_count=19233 18629 17650 604 979 351 952 463 16549 986 361 489 173 316 1101 102 253 210 991 492 499 167 15563 1231 1228 1206 14332 170 14162 282 1196 13880 264 162 151 417 722 209 513 138 102 1076 1018 1014 982 187 164 128 13037 8772 7725 4265 7719 3917 1067 348 3883 307 183 6652 6599 6338
cat_boundaries=0 21 40 58 80 99 122 140 160 179 198 216
cat_threshold=524290 1048576 268435456 1073741824 33621120 0 0 0 0 0 0 0 0 0 268435586 12292 301990624 128 33570816 163845 136 4325376 0 1048708 2 32768 35667968 0 0 0 0 786432 2231369728 17174544 134217728 50593792 4194304 131072 2147516416 1088 4325376 0 0 0 0 33570816 0 0 0 0 0 2214592512 16 134217728 33554432 0 131072 32768 0 167804928 16777216 201344304 0 0 0 67108864 81920 1073741840 0 301989888 1 0 524288 336 0 49 16 128 64 134218752 0 0 0 0 0 0 0 0 0 0 262144 0 16908288 0 0 4194304 0 2147483648 64 268468228 16777344 1615331329 0 32 524320 0 1048576 0 0 0 536870944 335544448 538968064 98560 0 256 4194306 8192 0 4 0 128 0 0 0 0 0 0 2 0 0 0 0 0 0 0 0 3279945728 0 4096 67584 2097152 0 0 16 1073752064 1024 134217728 0 0 39936 65604 16384 0 1048576 0 21495808 67108940 268566528 65536 2048 0 0 0 0 1073750016 0 0 0 524800 4096 0 0 0 0 0 1095237632 67108940 268566528 24 67633216 0 513 548864 0 268435588 1073741824 2147745792 44 16384 134348800 0 320339968 134217728 128 1 0 130 2147483648 16 67108864 0 134217728 4096 0 6291456 131072 524288 2149646336 20480 1048576 2147483648 0 0 262146 33751040
is_linear=0
shrinkage=0.05


Tree=97
num_leaves=63
num_cat=8
split_feature=72 49 67 72 66 3 72 66 66 72 68 3 57 38 53 66 1 21 63 17 70 72 64 65 63 43 71 70 63 54 47 63 72 64 65 80 72 68 8 18 8 8 70 72 53 54 66 63 64 14 55 53 53 27 67 50 57 50 66 50 65 54
split_gain=3.35582 2.01536 2.48207 1.99295 1.49978 1.54433 2.08132 1.15668 1.64641 1.38337 1.47886 1.79564 1.76156 1.64764 1.52331 1.26367 1.24699 1.14119 1.25235 1.0551 1.02976 1.02606 1.02012 0.933865 1.12586 0.915095 1.30048 0.901003 1.10761 1.22355 1.06749 0.865393 0.862953 0.855797 1.15636 2.38476 0.851042 0.823738 0.813465 0.786813 0.684304 1.05137 1.0667 0.816282 0.733561 0.982112 0.702308 0.664838 0.824328 0.66459 0.663891 0.656466 0.81606 0.705468 0.65153 0.711841 0.920739 0.623566 1.21395 0.603138 0.648424 0.637518
threshold=0 -4.9417109644852966 899.73500000000013 1 73.286666666666676 2013.5000000000002 2 1.3466666666666669 1.0000000180025095e-35 3 0.58333333333333337 2019.5000000000002 10.773579757397213 0.6830127018922193 -10.625311891985726 6.416666666666667 2.5000000000000004 -1.0000000180025095e-35 42.52272727272728 0.93301270189221952 0.68666716035470221 4 248.01500000000001 7.0300000000000002 1246.7508333333337 0.25000000000000017 -1.8921048306934458 11.22119526388723 167.16041666666669 2.578767735073328 -23.507084332038442 885.07773809523826 5 18.020000000000003 32.040000000000006 1.0000000180025095e-35 6 0.83333333333333337 1.5000000000000002 -2.7554552980815443e-16 4.5000000000000009 1.5000000000000002 1.3651243267655631 7 38.324549696559778 65.02206955929141 1008.58 557.0058333333335 382.50750000000005 -0.25000000000000006 -128.33503918700481 -742.21921075692933 -616.6734845434695 1.2500000000000002 45.030000000000008 7.2484993312665305 7.4173207863831454 -303.10456932998608 1449.7700000000002 52.229326341770339 72.075000000000017 23.42920305923948
decision_type=9 2 2 9 2 2 9 2 2 9 2 2 2 2 2 2 2 2 2 2 2 9 2 2 2 2 2 2 2 2 2 2 9 2 2 2 9 2 2 2 2 2 2 9 2 2 2 2 2 2 2 2 2 2 2 2 2 2 2 2 2 2
left_child=1 23 38 22 5 17 -7 8 -8 54 -11 19 13 15 -15 20 -14 18 -5 21 -13 -12 27 -1 36 33 -27 28 29 -2 -31 47 40 -17 35 -35 -25 -28 -3 -36 41 42 -6 -43 45 -42 -45 48 -24 -30 -47 -34 -53 -54 -9 56 -56 58 -33 60 61 -18
right_child=3 2 -4 4 32 6 7 9 -10 10 11 12 16 14 -16 25 59 -19 -20 -21 -22 -23 31 24 -26 26 37 -29 49 30 -32 57 51 34 39 -37 -38 -39 -40 -41 44 43 -44 46 -46 50 -48 -49 -50 -51 -52 52 53 -55 55 -57 -58 -59 -60 -61 -62 -63
leaf_value=-0.011725835074430448 0.010358106463939799 0.0019632520474527396 -0.028066071748234847 -0.031085391262293025 0.0054769061974197222 -0.0076796137135611738 0.00093606910115015323 -0.00010597553706575905 -0.01541255389160941 0.0016171901960091196 -0.0044377202140682545 -0.031049266913323926 0.0012432168553334275 -0.038865258541754509 -0.0080578137894808874 0.00049415137407704318 -0.015257740553402531 0.0035143392880456247 -0.00056687853066336822 0.014755999047049382 -0.0079868218929655798 0.0017170158300691752 -0.0024015120571730334 0.005349096392255677 -0.010072479497772971 0.002892407565931553 -0.0043099632730738092 0.011925596160311415 0.0045147744140713354 -0.013762103342413415 0.00043262109185985295 -0.0035489057280310207 -0.003710825736400092 -0.0056872360756034038 -0.0088994896958101959 -0.037054290848729556 -0.0014788074972517211 -0.017944493744252495 -0.0086603447814068511 -0.00077158817371033445 0.0025338755310285732 -6.9821761083398474e-05 -0.0048443975051430006 -0.0078285698191683014 0.0045964305737211568 -0.011441739733807419 -0.0012190932830569222 -0.0044270110049571647 0.0053056145833437016 0.012360735162378664 -0.0018375346546142196 0.0075922185902140768 0.0010456764128900576 -0.0054345849675138322 0.004306741826885228 -0.00038110999917734663 0.015310548833775323 0.0065327802640174808 0.0073494708490134623 -0.027358274970762882 -0.022862628222431909 0.0091433292766732715
leaf_weight=21.188807612285018 21.729094814509153 21.790460744872689 15.434279322624205 5.0078161731362334 72.643352225422859 116.75955468043685 29.08466837182641 97.759134392254055 32.729716069996357 320.18961138185114 81.327291335910559 6.1085442164912847 10.719102220609782 5.8545157369226244 12.753105465788392 271.4633133392781 6.338641067035498 239.43516800366342 10.22565972805023 12.811394060030578 23.311703933402896 252.06079201027751 70.753397900611162 54.481445774435997 28.434236168861389 20.058309745043516 18.733719168230891 45.493089698255062 73.843626916408539 17.881764082238078 51.07905400544405 60.072952672839165 73.686775207519531 35.889203471131623 35.329082120209932 7.2903971392661324 147.56903703510761 27.106162818148732 104.11554347351193 189.40487900748849 97.337359920144081 110.55993074178696 38.195345263928175 136.3468809761107 92.476755082607269 26.249430917203426 56.990778788924217 76.515887923538685 68.074535235762596 42.537389904260635 57.209081090986729 47.134131498634815 3671.8391040470451 42.484296269714832 59.540303265675902 37.93336546048522 27.92708034068346 105.70459750294685 44.464172840118408 11.942765163257716 9.3701204061508161 4.6335083916783333
leaf_count=85 42 42 12 51 90 1002 77 441 218 536 1142 69 90 61 112 511 86 2198 129 100 173 2668 64 26 19 23 55 30 77 55 183 92 77 275 45 50 445 110 484 305 252 225 64 335 287 76 33 48 63 68 186 48 4712 87 152 118 74 86 30 49 44 35
internal_value=0 -0.00425552 -0.0091416 0.000432674 0.000163143 -0.000969692 -0.00149504 -0.00100408 -0.00772026 -0.000748622 -0.00134509 -0.0022678 -0.003731 -0.00308577 -0.0177508 -0.00265583 -0.0135331 0.0026701 -0.0105995 0.000675109 -0.0127753 0.000134011 0.00299275 -0.00168058 -0.0007571 -0.00216396 -0.00772603 0.00555421 0.00415442 1.19028e-05 -0.00324812 0.00154297 0.000669192 -0.00148442 -0.0034892 -0.0109832 0.000553838 -0.0123724 -0.00682173 -0.00204933 -0.000954469 -0.00224834 0.00192015 -0.00376869 0.000974269 -0.000878461 -0.00559109 -0.000684833 0.00137769 0.00738248 -0.00485826 0.000960454 0.00105452 0.000971555 0.00282719 0.00533926 0.0078201 0.00382483 0.00108665 -0.0184391 -0.0132027 -0.00495324
internal_weight=0 393.014 141.34 7220.4 6542.25 2019.1 1764.43 1647.67 61.8144 1585.86 1362.7 1042.51 696.307 653.303 18.6076 634.695 43.0041 254.669 15.2335 346.199 29.4202 333.388 678.15 251.674 230.485 605.275 65.8982 252.564 207.071 90.6899 68.9608 425.586 4523.15 539.377 267.914 43.1796 202.05 45.8399 125.906 224.734 688.009 414.736 110.839 303.898 273.273 180.796 193.338 215.344 138.828 116.381 83.4585 3835.14 3761.46 3714.32 223.16 125.401 87.4674 210.242 104.537 32.285 20.3423 10.9721
internal_count=19422 1113 538 18309 17471 10999 8621 7619 295 7324 6539 6003 2093 1789 173 1616 304 2378 180 3910 242 3810 838 575 490 1374 188 455 425 280 238 383 6472 1186 675 325 471 165 526 350 1548 747 154 593 801 514 368 175 127 145 262 4924 4847 4799 785 344 226 208 122 214 165 121
cat_boundaries=0 22 45 66 89 111 133 154 175
cat_threshold=402653232 536870944 8388608 0 0 0 0 0 285212672 33865732 256 0 32 67108864 65536 16810000 1032 0 0 9470208 2147551232 131076 0 1048576 268960000 524288 0 0 10240 0 0 2164260864 135168 4112 524544 0 536870912 2147484802 80 3 69210112 0 16777728 0 513 1073741824 268960000 83886080 256 0 0 20480 0 3221225480 0 303038480 33554688 0 1024 1048576 268435968 17309698 256 0 2048 36 1 1073741834 38044672 64 1048576 0 0 0 32800 0 0 16392 16384 0 688128 0 537214976 0 2155872256 0 134234112 1073152 16 33554432 8388609 0 1024 4194304 0 0 0 110364224 131786 32 132128 0 0 0 0 0 0 360448 128 8388608 786433 0 0 1073741824 32768 0 0 0 0 0 0 16780288 0 1132527616 671131904 16777236 142622724 8390656 0 0 67108864 262208 16809984 0 0 0 0 0 0 0 0 0 0 0 0 0 0 0 32784 0 0 0 0 2147483648 0 0 0 32768 0 0 0 0 0 0 0 0 1107296256 536879104 16777220 134217728 8388608 0 0 67108864 262144
is_linear=0
shrinkage=0.05


Tree=98
num_leaves=63
num_cat=12
split_feature=0 0 49 16 59 10 49 71 10 53 0 66 52 73 66 68 52 66 47 67 64 71 0 0 67 91 52 39 0 49 9 71 68 47 10 47 68 57 73 59 0 59 10 47 64 53 0 59 52 77 56 63 66 60 67 67 10 0 55 56 67 0
split_gain=3.16655 2.57584 2.39968 1.13296 1.13432 1.31484 1.00698 1.19458 1.98249 1.49303 1.00691 0.892674 0.981648 1.01615 2.2086 1.19187 1.38947 1.04942 1.45849 1.18479 1.02294 1.08465 1.63047 1.18232 1.60764 1.26084 0.984805 0.982615 0.926274 0.788394 0.745894 0.869181 0.741649 0.731449 0.959521 0.721739 0.686294 1.08429 0.892701 1.44973 0.717466 0.804273 0.726606 1.56542 0.666154 0.654287 0.816971 0.863897 0.653318 0.646872 0.640721 0.719595 0.68475 0.638481 0.735031 0.636221 0.624278 0.610858 0.594698 0.589346 1.40095 0.584767
threshold=0 1 282.57111234571721 -2.7554552980815443e-16 -7.8669218890072505 3.4820508075688781 -134.873538268977 -22.718062829517248 -10.000000000000002 -129.90530056986296 2 37.696666666666673 421.23392332053442 3 1.3466666666666669 0.83333333333333337 1.0000000180025095e-35 27.358333333333334 -1.6563500768504917 17.070000000000004 2.1800000000000002 0.59430222985961167 4 5 47.040000000000006 1.5000000000000002 -1.0000000180025095e-35 -1.0000000180025095e-35 6 -74.751241198122372 2.7990381056766584 -49.230862316166899 0.58333333333333337 -14.916670458789065 -9.184850993605146e-16 -152.61238572238202 0.83333333333333337 1.8257502377660668 7 6.9386371986613211 8 203.57829253989323 6.2810889132455374 -168.74774642743716 6.995000000000001 -68.783517194779463 9 -49.24933691369074 2525.5601406118753 1.0000000180025095e-35 41.082503689559658 15.503333333333336 11.020000000000001 -2.5849277929911705 53.040000000000006 570.47500000000014 3.2320508075688776 10 -1.9344178146787927 116.86133557220747 322.06000000000006 11
decision_type=9 9 2 2 2 2 2 2 2 2 9 2 2 9 2 2 2 2 2 2 2 2 9 9 2 2 2 2 9 2 2 2 2 2 2 2 2 2 9 2 9 2 2 2 2 2 9 2 2 2 2 2 2 2 2 2 2 9 2 2 2 9
left_child=2 6 3 58 5 49 7 -2 -9 -10 30 12 13 14 -3 50 17 18 26 -20 -15 23 33 53 57 -26 -17 32 -13 -8 -6 -32 -24 34 -23 -7 37 38 39 -30 41 42 43 -38 -29 -31 56 -48 61 -5 51 -16 -52 -22 -55 -45 -47 -25 -1 60 -12 -42
right_child=1 11 -4 4 10 35 29 8 9 -11 59 28 -14 20 15 16 -18 -19 19 -21 21 22 27 24 25 -27 -28 44 36 45 31 -33 -34 -35 -36 -37 40 -39 -40 -41 48 -43 -44 55 -46 46 47 -49 -50 -51 52 -53 -54 54 -56 -57 -58 -59 -60 -61 -62 -63
leaf_value=-0.0055516538065961962 0.0038374768921908458 -0.020200141201518373 -0.020425091773569385 0.013923564807553008 -0.0066247603222001272 0.003773230840351176 0.011274902984864749 0.0050362029482058255 -0.0011426053692886642 -0.015752800479244808 -0.0067679402243159123 -0.0014804977283142762 0.012804787910751939 0.0053745702021345274 0.0014285787311610391 -0.008138832211463316 0.003268023249903529 0.0051574954736273316 0.010722839242311905 -0.015010770954563716 -0.0014637903353795199 0.037059685261501975 -0.021856505462487838 -0.0046132974061951224 -0.0053050766374894785 -0.018555230876346151 -0.026991241141340733 -0.011406603882814493 -0.0046376926812280754 -0.0018720303440110987 -0.0041239146518538342 0.0068665940371112986 -0.004266428370964785 0.0058999079105427924 0.0033968085064655 -0.010009652908414539 -0.017760197304772067 0.0042142166370215247 0.0017394906735748946 0.0026557517029252844 0.0019706653688109856 -0.012047570124202871 0.003747062942070212 -0.0044525950815757316 0.00064111134120111259 0.0065773046398349549 -0.0018419553842180252 0.005191406512184151 0.0082677022432813135 0.0018571064237966834 0.016600793767037429 -0.0049145023188097541 0.0010122643339510321 0.0034969535274062382 0.018051780809904848 0.0054720755853831377 0.016936555571366745 -0.00053357198184387545 -0.0193509877357964 -0.0021255341718991348 -0.022507536575134022 6.3475313021689296e-05
leaf_weight=15.540557408705356 178.09885853528976 19.027451184112579 22.126176156103611 23.941351162269711 34.753187905997038 16.341587752103806 45.979090213775635 49.546957544982433 37.108264558017254 33.069372706115246 61.076681347563863 554.61166097596288 12.822853125631807 72.192794245667756 86.029815900139511 10.178347723558547 20.55554067902267 7.8207954429090014 8.2869649007916468 9.7180380914360267 55.064767250325531 4.5178540758788586 8.3988964827731269 135.31112597882748 53.969642102718353 26.903784707188606 21.686750173568726 11.881480498705058 163.31614011526108 38.149588406085968 30.981771975755692 42.897247735410929 20.914392768405378 84.457515412941575 3.9832107555121166 22.680967509746552 17.258178278803825 310.0130217242986 734.01080925017595 116.90520011633635 470.21765354275703 21.85590348392725 41.816398330032825 45.990478998050094 334.34773741662502 28.45238184183836 58.985987897962332 168.02556010149419 26.446414321660995 20.719299230724573 10.022278044372795 93.098650710657239 23.711724210530519 52.098113865591586 10.4069941714406 24.885536693036556 29.749558642506599 275.88428556872532 15.690748210996388 29.40067707747221 18.395657479763031 2483.9018699601293
leaf_count=54 191 86 27 68 122 12 70 73 79 75 238 936 24 78 63 173 178 78 34 81 464 50 22 1196 381 22 59 82 78 61 16 104 158 713 57 90 27 371 288 51 761 31 82 155 2249 57 103 276 20 44 93 212 74 377 41 58 53 2078 47 36 19 5493
internal_value=0 0.000419294 -0.00435806 -0.00341973 -0.00247977 0.00246715 0.00335408 0.00124115 -0.00262107 -0.00802728 -0.00438305 0.000112646 -0.000969125 -0.00109006 -0.00358068 -0.0026174 -0.00789424 -0.0118714 -0.0145419 -0.00316664 -0.000384107 -0.000773274 0.00103581 -0.00216354 -0.00320359 -0.00971294 -0.0209694 -0.000503118 0.000430909 0.00514869 -0.00053476 0.00225763 -0.00930637 0.00659733 0.0212868 -0.00423776 0.000670595 0.00162638 0.000835372 -0.00153999 0.000268668 -0.00297721 -0.0016808 -0.00425612 0.000227672 0.0042776 0.00510016 0.00322195 0.000442492 0.0083256 -0.000677681 -0.00186812 0.00564357 0.00226892 0.00592031 -0.000967908 0.0101316 -0.00200125 -0.0124845 -0.00748611 -0.0104112 0.000373935
internal_weight=0 7151.69 354.546 332.42 301.188 83.6832 667.166 297.823 119.725 70.1776 217.505 6484.52 1473.29 1460.47 310.136 291.109 78.2464 57.6909 49.8701 18.005 1150.33 1078.14 468.501 609.639 492.069 80.8734 31.8651 375.543 5011.23 369.342 108.632 73.879 29.3133 92.9586 8.50106 39.0226 4456.62 1324.25 1014.23 280.221 3132.37 151.806 129.951 88.1342 346.229 323.363 285.213 227.012 2980.57 44.6607 212.862 179.128 33.734 117.57 62.5051 70.876 58.2019 411.195 31.2313 108.873 79.4723 2954.12
internal_count=19389 18512 877 850 749 214 1038 418 227 154 535 17474 9123 9099 1131 1045 603 425 347 115 7968 7890 3331 4559 3677 403 232 2511 8351 620 242 120 180 820 107 102 7415 788 417 129 6627 353 322 240 2331 550 489 379 6274 112 442 275 167 882 418 213 110 3274 101 293 257 6254
cat_boundaries=0 23 44 67 68 87 106 127 128 149 168 187 207
cat_threshold=138543108 0 0 16 65536 33554432 256 1048576 0 0 262144 2181103616 17043456 1207959552 67111040 0 805306368 0 256 131072 140 0 128 1048576 1081344 554696704 1073741824 524320 32 65548 0 0 8 2097152 0 0 0 0 8392724 8389972 32768 536936576 32772 64 138412036 0 0 16 65536 0 0 0 0 0 262144 33619968 4096 0 0 0 0 0 0 0 4 0 128 17633862 0 2097152 0 0 0 0 268435456 524288 0 0 1073741824 545308677 369117204 595 168067072 0 0 134217728 16 1075838976 671088656 0 0 0 2099200 184549376 226492416 131072 0 0 5512 524416 16512 291602432 1073741824 0 0 131072 98336 0 67108864 0 33554688 2113536 1 4194304 65536 4 18432 0 0 524288 1 33554945 33686176 194 147456 0 16 33816576 0 0 128 0 0 4096 0 8 0 32 1024 0 16 0 2147483648 320 0 0 4194306 1 32 0 0 1048576 0 0 0 0 0 0 0 0 0 0 0 0 16 4 0 536871040 0 0 0 0 0 16777216 0 2621440 0 0 1342177280 165969 906103300 33603 168562688 0 0 0 1040 1024 524288 0 536888291 16512 0 128 0 0 1 0 262144 3 16777216 4098 67108864 2148007936 268517408 33562624 16
is_linear=0
shrinkage=0.05


Tree=99
num_leaves=63
num_cat=9
split_feature=0 57 47 51 0 67 3 33 54 51 0 0 0 71 0 59 41 33 47 10 54 56 48 41 55 57 55 18 59 54 67 55 0 48 1 10 3 67 1 58 63 57 60 64 10 3 55 14 55 0 73 59 10 63 56 60 63 48 71 47 19 51
split_gain=3.13193 2.99918 2.35123 2.19757 1.55684 1.48435 1.82422 1.37573 1.03215 0.954038 3.31577 2.33423 2.14635 1.58662 1.58281 1.1583 1.14041 0.977216 1.5717 0.949143 0.921932 1.17773 0.919432 0.911906 1.19858 0.898946 1.22235 0.881158 1.23145 2.63844 0.85824 0.824575 0.778355 0.761278 0.723616 0.710514 0.891864 0.695935 0.674396 0.668125 0.933723 0.662764 0.96841 0.660267 0.659972 0.659412 1.10426 1.10294 0.638399 0.821385 0.670956 0.751004 0.632071 0.882175 0.623167 0.623071 0.762236 1.33676 0.709228 0.647325 0.611131 0.865522
threshold=0 180.16872039706968 -178.32277173797104 414.10186624061379 1 7.3500000000000005 2019.5000000000002 1.0000000180025095e-35 2.578767735073328 -34.325183191766698 2 3 4 0.65915819469306391 5 -896.93069982193708 -0.6830127018922193 -1.8660254037844384 -35.403933731379048 17.660254037844393 257.40159617779472 187.84518590344564 -19.427012419184628 -0.6830127018922193 -403.93891867405137 2.3470724954960889 5.7509802169528053 0.6830127018922193 2.0994089161088163 5.1924477874087298 1.0800000000000003 10.835932927437918 6 -88.505325875164658 1.5000000000000002 6.2810889132455374 2020.5000000000002 471.23500000000007 9.5000000000000018 16.535596642613669 6.2928571428571436 44.42834968712517 8.3968302005383251 1249.7500000000002 -16.227241335952161 2016.5000000000002 -212.19593411569903 -0.68301270189221908 64.494241206004332 7 8 108.81974775970453 -0.25000000000000216 267.44333333333338 128.12931842347768 -2.0519700162412042 111.31416666666668 -23.188007586109126 -2.2547218208956834 -8.0444324231189697 0.93301270189221952 -28.996832695482947
decision_type=9 2 2 2 9 2 2 2 2 2 9 9 9 2 9 2 2 2 2 2 2 2 2 2 2 2 2 2 2 2 2 2 9 2 2 2 2 2 2 2 2 2 2 2 2 2 2 2 2 9 9 2 2 2 2 2 2 2 2 2 2 2
left_child=1 2 -1 8 23 6 7 19 39 11 13 16 44 20 -13 -16 -7 18 -14 25 21 38 -15 -2 -25 26 -6 32 -29 -30 -8 37 35 43 -26 55 -37 -10 -11 40 -4 42 -33 54 -12 47 -47 -46 49 52 -50 -52 -17 -54 -18 56 57 -19 -57 -60 61 -36
right_child=4 -3 3 -5 5 9 30 -9 31 10 12 14 17 22 15 48 33 27 -20 -21 -22 -23 -24 24 34 -27 -28 28 29 -31 -32 41 -34 -35 60 36 -38 -39 -40 -41 -42 -43 -44 -45 45 46 -48 -49 50 -51 51 -53 53 -55 -56 58 -58 -59 59 -61 -62 -63
leaf_value=0.0088420938255941162 0.0079784997942103156 -0.021104753862281261 -0.022761089367277908 0.01483988175150067 -0.0038154537258426667 0.011675257899546675 -0.023069598333704464 0.0053883571829092917 -0.0015960038540262388 -0.0061537033641930316 -0.0028130618849948161 -0.0031045088005915086 -0.023896159363088157 -0.0082004014085153704 -0.010445057701621199 0.0017920699545346391 0.0068929756956171767 -0.025923025354689357 0.00015700160726641926 -0.023779920735576509 0.0013791646766070521 -0.019269338226867577 0.0033478956913080313 -0.0069641476001866395 -0.0037928846980231912 0.0027311314760741501 -0.025733658309434415 -6.7338141054837459e-05 -0.022823429289423484 -0.00300235926860253 -0.0082908178357918288 -0.022235088317664197 0.00022598555761636202 0.0052585549198330053 0.0043362544168979817 -0.0024926631764959021 -0.017278349214320279 -0.012490208429006718 -0.01524159117157424 -0.027269438490586009 0.00034632427847503607 -0.0016272088458656533 -0.0075164530680142186 -0.004691516840437831 0.01757260945853658 -0.0048188070867409422 0.0049479019801261723 0.0034388804568774483 0.0014285435951336496 0.0020698667423832712 -0.0021949693966820394 -0.012341770575178454 -0.0085666321712174719 -0.00062856692591779372 -0.00056608058060599574 -0.0051093988441126177 -0.0013280284271686424 -0.003979038548028605 0.010362308808196349 0.00065739193013649323 0.0085409915554223951 0.00040409114937693235
leaf_weight=34.012780025601387 67.143174704164267 26.412882953882217 8.0103429034352356 12.973085328936575 27.893113320693374 46.967909872531891 11.861320542637257 53.299592263996601 121.69007730577141 123.1748864017427 32.219120802357793 299.01980721950531 11.404529428109528 24.111028105020523 22.41738723218441 120.7208686247468 49.631047978997231 10.216291379183533 16.790184320881963 6.256991207599639 22.506568789482117 25.639016047120094 60.441111952066422 36.337408438324928 44.393002051860094 31.612615741789341 8.2401666305959207 126.88685714453459 21.886772632598877 72.087965738028288 57.182819782756269 17.248779981397092 2934.5297275353223 228.14408648014069 281.09279600530863 24.768043847754598 17.338629281148314 16.667280972003937 24.469418719410896 8.4205643590539676 9.6243944559246284 18.667284946888685 31.73907071724534 41.356097757816315 24.474976275116205 33.639355361461639 207.21816727332771 31.656541969627142 85.24225627630949 989.17417585849762 65.267901223152876 25.306316919624805 49.396861184388399 120.08561001718044 64.25061284378171 40.537145435810089 55.973064072430134 21.641098135150969 21.732718616724014 82.060353940352798 43.347784504294395 278.69465751759708
leaf_count=23 98 23 62 18 333 67 40 151 605 301 108 729 19 35 57 268 87 79 95 43 34 43 147 43 81 238 64 381 51 245 266 83 8294 329 387 135 45 29 75 41 70 58 103 31 46 28 384 96 188 2234 150 57 141 249 93 140 162 169 60 282 38 357
internal_value=0 -0.00484252 -0.00347681 -0.00518673 0.000246939 -4.66163e-06 -0.00428557 -0.000736276 -0.00630626 0.000129295 -0.000324864 0.000966297 7.05699e-05 -0.00547393 0.000152699 0.000828289 0.00422342 -0.000300922 -0.0095723 -0.00514746 -0.00814108 -0.0093776 5.47642e-05 0.00238631 0.00187216 -0.00342657 -0.00881388 -0.000225581 -0.00328038 -0.0076187 -0.0108297 -0.00512039 -1.53189e-05 0.00342066 0.00236803 -0.00251375 -0.00858109 -0.00290838 -0.00765986 -0.0156826 -0.0101499 -0.00964404 -0.0126989 0.000719617 0.00386639 0.0047212 0.00358383 0.0096016 0.00100765 0.00139587 -0.0018174 -0.00452985 -0.000940384 -0.00294217 0.00268467 -0.0015216 -0.00484208 -0.0110162 0.00049904 0.00268946 0.00282149 0.0023786
internal_weight=0 305.467 279.054 245.041 7221.74 6470.73 196.347 127.302 232.068 6274.38 4067.4 2206.98 3787.06 280.342 1776.63 1477.61 430.35 3457.85 28.1947 74.0029 195.79 173.283 84.5521 751.009 683.866 67.7459 36.1333 3429.66 220.862 93.9747 69.0441 206.012 3208.8 383.382 647.528 274.267 42.1067 138.357 147.644 26.0553 17.6347 67.6551 48.9879 155.238 329.208 296.989 240.858 56.1315 1455.19 1279.38 175.816 90.5742 290.203 169.482 113.882 232.161 87.8305 31.8574 144.33 103.793 603.135 559.787
internal_count=19388 1115 1092 1069 18273 17269 1135 829 1051 16134 11454 4680 10819 635 4073 3344 607 10157 114 678 453 419 182 1004 906 635 397 10043 677 296 306 878 9366 540 863 1072 180 634 376 173 132 244 186 211 662 554 412 142 3287 2892 395 207 658 390 180 892 410 248 482 342 782 744
cat_boundaries=0 21 42 63 84 104 125 144 163 164
cat_threshold=1179648 135266304 0 134217729 0 33554432 134217728 3145728 0 0 0 536870912 17043456 0 0 1077940352 0 2147516416 33694032 0 84 0 32768 1073741824 16384 134751232 0 34944 0 0 2147483648 0 1073741828 512 0 2214592640 2155873360 41944064 67112960 16384 32788 32 0 16777216 0 0 16384 1073741824 90112 0 0 272629809 0 0 0 2148007936 131074 67109120 516 4259906 805307520 131073 8 36864 0 268435456 0 49152 4096 16640 0 2147762176 268435472 5120 0 0 0 0 257 655364 4259921 268435584 1 8 134218806 0 2692743172 536870960 0 8192 53 201326592 0 2048 524288 33554560 131088 134217728 0 0 268435458 131200 0 128 2148011026 128 2155872256 18 33558672 0 262165 1073741824 0 2052 0 0 0 0 0 0 1073741857 16512 0 65792 128 65536 536871008 272629760 0 0 0 4096 0 262144 536871944 263168 2147549185 1 536870916 33589280 33554434 2048 1 134217736 108 1073742112 524416 32 0 134225920 2 0 131072 532576 512 0 0 0 0 33554432 268436306 167772172 4194306 42016768
is_linear=0
shrinkage=0.05


Tree=100
num_leaves=63
num_cat=12
split_feature=0 0 50 55 52 59 48 5 66 51 0 3 70 0 0 0 53 54 71 69 0 51 0 0 0 65 18 59 56 0 53 63 48 57 4 64 56 71 60 60 59 52 51 40 70 54 48 5 54 0 70 60 53 4 55 48 71 52 51 28 59 64
split_gain=2.97143 2.07614 1.40552 2.72119 1.25228 2.55727 1.74511 1.14388 1.23291 2.00102 1.17864 1.10215 1.61838 1.09732 1.07117 0.99173 0.921643 1.08964 1.07249 0.915933 1.33865 1.32553 1.88136 1.14423 1.11979 1.10045 1.64195 2.42842 1.40138 0.953673 1.11386 1.82993 1.43836 0.929263 0.909169 0.936845 1.03769 0.90914 0.865234 1.02226 0.863269 0.845419 0.822612 0.824688 0.888066 1.2602 0.815454 0.809198 0.863263 1.06313 0.809106 1.06855 0.886299 0.877604 0.754979 0.751897 0.749918 0.715433 1.03693 0.709885 0.701021 0.651142
threshold=0 1 -214.62431786350464 -148.64189471087221 -81.789295029336742 -198.69975840388739 457.34365927103363 -0.93301270189221919 1.3466666666666669 6.5065549381885797 2 2019.5000000000002 1.1884350354665603 3 4 5 108.47972404716971 152.29977591046892 0.8731235253024241 0.83333333333333337 6 -158.99714305806933 7 8 9 87.02500000000002 0.6830127018922193 1.9076852566556755 5.2953423487189264 10 3.4995451610445993 22.54606060606061 11.835109282272368 38.666103653325706 -0.6830127018922193 11.040000000000001 59.346639441674604 -4.0577670818758991 97.845518769344011 31.567406401432155 1.172717587590377 -39.16225380376406 97.314646247701589 -2.7554552980815443e-16 3.6940119570489034 2.4842170328671327 -10.345096430256147 0.6830127018922193 1.567590579136823 11 2.8007436802708159 -308.18179249700432 -300.7083063053451 0.68301270189221941 169.60981929231568 -9.0173924914642729 -7.0333286425364294 -25.468570587075693 -10.200217615321128 -0.5 98.995049408803069 819.8850000000001
decision_type=9 9 2 2 2 2 2 2 2 2 9 2 2 9 9 9 2 2 2 2 9 2 9 9 9 2 2 2 2 9 2 2 2 2 2 2 2 2 2 2 2 2 2 2 2 2 2 2 2 9 2 2 2 2 2 2 2 2 2 2 2 2
left_child=2 4 -1 -4 5 -2 11 15 9 -9 16 13 55 61 -7 -3 17 18 34 23 -21 24 50 33 -22 26 29 -28 -29 -24 59 32 -32 -12 46 -36 57 -14 39 41 -15 -5 43 -43 45 -45 -10 -27 -49 -50 51 -23 -52 -54 -25 -13 -33 -37 -59 -31 -16 -6
right_child=1 7 3 38 6 14 -8 8 10 -11 19 12 37 40 60 -17 -18 -19 -20 20 21 22 25 54 -26 47 27 28 -30 30 31 56 -34 -35 35 36 -38 -39 -40 -41 -42 42 -44 44 -46 -47 -48 48 49 -51 52 -53 53 -55 -56 -57 -58 58 -60 -61 -62 -63
leaf_value=-0.013230331841087156 0.0074644294165671192 0.0078988805552215741 0.013117561900226338 -0.011159780474336323 -0.0020387853883021422 0.00083269262067271657 -0.0046745662116559079 -0.01178133798490354 -0.020441166515102086 0.0062168672517476584 0.0072683172544694523 -0.011461585222873586 0.00048501306152738915 0.014434323119347284 -0.013049037510635818 0.0013428656656525404 -0.009550401553607181 0.0053567907180102001 0.0012010565829730965 0.0021877428651082558 0.0070535278665509269 -0.011992923372198606 0.0022140681099737107 0.0004230416464521033 0.00054823880575398051 0.00088040401071105313 -0.00092359040781191798 -0.039252794983649253 -0.013307298521067896 -0.010440097537587754 -0.0093248598704781145 -0.023250385009553787 -0.033903813762879591 -0.0016819888377712989 -0.012179429063460501 -0.0062714028537353556 -0.0093226161642870464 0.0075892584899259069 0.0025447394636144167 -0.013551140044563648 0.006971851925864545 0.0043443178534039338 0.0048258513777092995 -0.01995890353857482 -0.012579139199230586 -0.0011986171410634156 -0.0046009770817753747 -0.010452428024978328 0.0056622665230115811 -0.002223773908730152 -0.003677647552501398 -0.0021424548240081293 -0.020763888337865188 -0.0066698016975422353 0.006726218130344225 0.00088717383997195484 -0.0016716523467856311 0.011364096637457832 -0.0014591269554633992 -0.0011952312585248232 -0.0037863807541328393 0.0062429820650143422
leaf_weight=40.467184275388718 71.790964871644974 62.388773739337921 23.280426904559135 38.092515303753316 44.8320042937994 72.674026466906071 51.267932519316673 53.031496873591095 17.046632822602987 21.787786002270877 123.98786403238773 25.461773982271552 75.938369736075401 70.974385689944029 39.987828984856606 359.51079913461581 45.094229452311993 44.386349372565746 96.247496062889695 439.52143464051187 66.916715569794178 31.384718500077724 133.75443141814321 1752.4251366974786 514.71792086958885 1048.8741739653051 26.850934223271906 8.4896453805267829 13.449132801964877 21.574190106242895 15.031368681229653 4.3132808133959761 9.8545186575502139 37.854291751980782 26.711198238655925 24.985518332570791 33.908376425504684 110.65434985980392 36.411467626690865 35.603893315419555 85.368396185338497 22.617854416370392 28.539341556839645 10.098240680992602 36.633035831153393 78.837152883410454 15.524168277159331 27.068534601479769 40.306510984897614 293.39545627497137 40.924163341522217 224.2130868434906 22.64214650914073 21.564031563699245 48.830603575333953 23.895303608849645 60.505783752538264 26.271005902439356 39.421611906960607 553.45115395542234 41.757654905319214 50.432981342077255
leaf_count=25 93 56 11 75 85 120 53 263 47 122 206 72 66 70 76 1353 86 62 293 1298 70 56 875 4020 817 2361 217 12 96 142 97 17 55 58 104 56 73 115 44 79 88 24 26 31 65 286 70 10 30 835 23 465 88 35 95 51 769 35 167 2215 47 53
internal_value=0 0.000308422 -0.00434244 -0.00332268 0.00275371 -0.0003324 0.00410044 1.44908e-05 -0.000161692 -0.00654016 -8.15053e-05 0.00502315 0.00256827 0.00732526 -0.00395721 0.00253139 -0.0027774 -0.00192178 -0.00307513 0.000101792 -0.000369762 -0.000727917 -0.0012133 0.00097158 0.00142737 -0.000675147 -0.00210224 -0.0110067 -0.0233474 -0.00155815 -0.00231565 -0.00753249 -0.0190578 0.00487373 -0.00531353 -0.00368222 -0.00186043 0.00469802 -0.00465703 -0.00570417 0.00973678 -0.00440361 -0.00294735 -0.00444439 -0.00602745 -0.00332877 -0.0128913 0.000177823 -0.0018648 -0.00116821 -0.00462248 -0.00335199 -0.00898001 -0.0138887 0.000590637 -0.00548317 -0.00310757 0.000930002 0.00366898 -0.00154209 -0.00741086 0.00212273
internal_weight=0 7213.25 350.581 310.114 765.036 226.21 538.825 6448.22 6026.32 74.8193 5951.5 487.558 235.95 251.608 154.42 421.9 369.597 324.502 280.116 5581.9 3618.8 3179.28 2597.65 1963.1 581.635 2256.92 847.274 48.7897 21.9388 798.485 664.73 89.705 24.8859 161.842 183.869 151.298 124.587 186.593 286.834 250.422 156.343 214.818 176.726 148.186 125.568 88.9354 32.5708 1409.64 360.771 333.702 340.728 255.598 85.1303 44.2062 1801.26 49.3571 64.8191 90.6781 65.6926 575.025 81.7455 95.265
internal_count=19404 18738 666 641 989 336 653 17749 16340 385 15955 600 304 296 243 1409 993 907 845 14962 10583 9285 8398 4379 887 7731 4495 325 108 4170 3295 938 152 264 552 435 331 181 630 586 158 507 432 406 382 317 117 3236 875 865 667 521 146 123 4115 123 786 258 202 2357 123 138
cat_boundaries=0 23 44 65 83 101 122 144 166 188 207 226 242
cat_threshold=138936352 537919488 0 256 33619984 33554432 256 0 0 0 524288 2466250752 134479872 2097152 0 268435456 3200 2147500032 0 272 36 0 128 2 134250528 1048576 536871056 36992 0 262144 4194304 262144 4194304 2097152 1073741824 512 0 0 8388612 50331680 4198400 838926336 32769 8 163840 285212672 0 0 134218752 0 6160 524288 0 524288 67145728 1048580 131076 1073741824 33622016 0 541327360 0 131136 131072 16 0 32 0 0 32768 0 0 4194304 0 0 0 0 0 0 0 4 33554432 4194304 2 32 0 0 32768 0 0 0 0 0 0 0 0 0 0 4 33554432 4194304 0 0 0 0 0 0 0 0 0 1024 0 0 128 0 0 16 13107200 100663296 139264 196608 16 0 0 16777216 17411 256 2097152 4 1082130432 0 8388608 2560 536871936 0 2449473544 12 0 3489661442 65665 134217728 0 128 1024 0 67108928 1342177280 0 24576 4096 16384 0 81920 4026531856 1024 0 1073741824 0 67108864 320 8388624 34 130 65540 64 134217728 0 67108864 8388608 0 0 4096 0 2097152 0 0 1024 8388608 0 134217728 2147483648 1024 528 0 4194304 65664 128 134217728 0 0 268435456 0 16384 0 0 0 0 268435456 0 0 0 0 0 320 0 0 128 1073741824 128 128 64 524288 0 167837696 17825792 0 0 671088640 64 2418081794 4196353 268963843 50331648 1 0 256 0 0 2147483648 32 0 134217728 0 0 0 1024 0 0 0 0 0 8192
is_linear=0
shrinkage=0.05


Tree=101
num_leaves=63
num_cat=7
split_feature=0 0 50 60 35 70 57 20 10 10 56 37 37 50 0 0 71 63 48 50 0 0 48 66 48 46 57 57 48 53 41 56 53 9 10 57 57 70 70 66 48 50 5 55 65 63 65 66 21 67 70 64 0 71 33 53 65 70 50 47 53 17
split_gain=3.39872 1.9961 1.75246 2.06534 2.04135 1.43062 1.76641 1.24818 1.20918 1.12493 1.70982 3.28137 1.51559 2.11003 1.32467 1.31511 1.08395 1.07763 0.962012 0.902011 1.6796 0.89396 1.3012 1.13936 0.819863 0.807112 0.800676 0.816373 0.781802 0.779436 0.74552 1.41133 0.717005 0.932634 0.733716 0.825779 0.702873 1.02064 0.700082 0.678018 0.942399 0.663074 0.646745 0.670032 0.638293 0.774702 0.841364 0.635588 1.00734 1.11015 0.97969 0.903931 0.860794 1.70196 0.712441 1.51403 0.701237 0.627337 0.626603 0.621149 0.617599 0.968141
threshold=0 1 -24.280528034130015 643.84270290831569 0.93301270189221952 2.8672942376683372 -3.7946743579727795 -2.7554552980815443e-16 -8.8301270189221892 14.361215932167728 3.4351542515138362 0.25000000000000017 -1.0000000180025095e-35 -79.939816364221201 2 3 -24.193607680939241 999.93625000000009 -1128.1326425104023 -169.01713467501577 4 5 -199.57385047839668 290.41500000000002 -88.505325875164658 1.6160254037844388 88.917467793873286 39.969655228973188 648.97437030443791 -92.680868087414225 -0.6830127018922193 27.826355288720453 -213.85722904687117 -3.5000000000000013 1.866025403784439 -73.816101798890529 3.2759247593118537 1.4681191222886951 0.9590882508498958 589.25166666666678 -58.39778499815511 4.8921893294475538 0.6830127018922193 -26.598970544358362 892.50000000000011 1087.4083333333335 220.06000000000003 4.6683333333333339 1.0000000180025095e-35 2.0050000000000003 0.10766191148472956 38.042500000000011 6 0.8731235253024241 -1.8660254037844384 -35.179936623558355 9.0250000000000021 0.68005998530105238 -50.134583587015179 63.744839952460289 -275.91278886967388 0.25000000000000022
decision_type=9 9 2 2 2 2 2 2 2 2 2 2 2 2 9 9 2 2 2 2 9 9 2 2 2 2 2 2 2 2 2 2 2 2 2 2 2 2 2 2 2 2 2 2 2 2 2 2 2 2 2 2 9 2 2 2 2 2 2 2 2 2
left_child=5 2 3 7 8 16 -7 -2 24 14 11 -11 13 -12 26 58 -1 -18 -16 28 36 22 -9 -24 -4 60 27 -3 30 -10 31 -20 34 39 44 -36 42 38 -38 40 -34 -39 43 -21 45 46 -32 48 49 51 -49 -22 53 56 55 -54 -52 -30 -14 -15 -17 -62
right_child=1 9 4 -5 -6 6 -8 21 29 10 12 -13 15 59 18 25 17 -19 19 20 47 -23 23 -25 -26 -27 -28 -29 57 -31 32 -33 33 -35 35 -37 37 41 -40 -41 -42 -43 -44 -45 -46 -47 -48 50 -50 -51 52 -53 54 -55 -56 -57 -58 -59 -60 -61 61 -63
leaf_value=-0.012274900480662798 -0.0086844783162815988 0.0027427708070346564 0.0016479136543040666 -0.011789094162737629 0.017136378389492661 -0.0057430688390633375 -0.023118095506603098 0.0057952307520340602 -0.0053592957218328973 -0.020490206593030278 -0.022911854655930604 -0.00048645266338429244 0.010703049120659435 -0.0085566546004090683 -0.0066834819005066257 -0.0098208419242980134 -0.0033316886253996376 0.0082521368471963324 -0.0020141710876227007 -0.003625599438867662 -0.018464646241105255 0.0045475348602087773 0.0013065021829785778 -0.011774782973794253 0.013545782205942681 -0.0099784689114385192 -0.0032416632639045879 0.0094996145465545846 -0.010258538220067982 0.0035913319200419885 -0.013696889938669752 0.0078848981163707789 -0.010063254665944616 0.0047808151076675718 0.0045073217488612038 -0.001567765690504858 -0.0071385849308033059 -0.0062291464716982686 0.0014443919851614073 0.0028615956460435726 0.0018437231928405094 -0.016648544042179917 -0.0075989660417132765 0.0024788666831329145 -0.0074676585383251174 0.0053640933740939688 0.0019999885435523466 0.012126107049167783 0.0033426598605325233 -0.0022706457649433859 -0.017369119064406493 -0.0025814977080951271 -0.01987635909438859 0.0019100415511188594 0.00046701579850190754 0.0038406337340037297 -0.0045867153782628107 0.0011059245776430463 0.0015027943229901633 0.0061550973789933827 -0.0013435686544155598 0.0054075836146837688
leaf_weight=30.269347548484802 26.119870595633984 345.09206587821245 20.814880903810263 30.455989439040422 35.569025626406074 42.848432175815105 22.210140323266387 41.582315243780613 29.334036834537983 34.308068681508303 18.22582470625639 50.940495669841766 38.530783995985985 14.26661498565227 53.201081335544586 18.123713716864586 206.87684996426105 22.235238075256348 52.09196038544178 84.856485463678837 22.361427711322904 200.49953945539892 32.108356457203627 34.564767558127642 47.568550353869796 25.112449742853642 47.65168833732605 51.356104746460915 24.70921691134572 142.37728110142052 16.286269750446081 116.60396062582731 33.319978348910809 214.47475657425821 103.12347613275051 122.24717234075069 46.796004390344024 32.996564690023661 48.259222963824868 72.716842956840992 33.151407465338707 28.421159114688635 37.617560786195099 95.585910914931446 56.95923724770546 31.869883522391319 17.941119398921728 17.215231012552977 54.148206206969917 124.67987607605755 11.406879015266894 14.944436892867087 13.102505974471571 139.52186703309417 3485.1602878943086 13.833722487092016 180.68585686944425 23.878894075751305 35.611618146300316 14.433379519730805 381.60638626571745 61.687766425311565
leaf_count=34 50 768 61 39 45 92 70 76 42 90 31 59 43 76 74 21 559 5 23 125 99 379 81 106 97 93 65 86 75 315 65 140 61 272 55 56 161 47 99 44 64 64 92 269 35 48 44 68 95 1000 102 67 24 461 9917 77 618 30 62 30 1280 133
internal_value=0 0.000261683 0.00290263 0.000676932 0.00595759 -0.00489431 -0.0116747 0.00181068 0.0043015 -3.52099e-07 -0.00190572 -0.00853691 -0.000975341 -0.00960714 0.000224608 -0.000252898 -0.00338233 -0.00220748 7.02238e-06 7.3307e-05 -0.000221161 0.00269855 -0.00104912 -0.00547511 0.00992425 -0.00122391 0.00281855 0.00361806 0.00149912 0.00206227 0.00184353 0.00482814 0.0011264 0.00271237 -0.000483408 0.00121203 -0.00337976 -0.00602701 -0.00278104 -0.000474891 -0.00412486 -0.0110507 -0.00163517 -0.000391875 -0.0035885 -0.000245641 -0.00546899 7.70993e-05 -0.00256128 -0.00453484 0.000224995 -0.012102 0.000171692 -0.00222587 0.000403261 -0.00769595 -0.00534576 -0.00467341 0.00553721 -0.00115804 -0.000773968 -0.000404094
internal_weight=0 7202.11 640.995 365.331 275.664 324.44 65.0586 334.875 240.095 6561.12 692.847 85.2486 607.599 46.9258 5868.27 560.673 259.381 229.112 5424.17 5370.97 4451.59 308.755 108.255 66.6731 68.3834 486.53 444.1 396.448 919.374 171.711 870.786 168.696 702.09 353.663 348.427 225.371 374.533 156.473 95.0552 139.188 66.4714 61.4177 218.06 180.442 123.057 66.0973 34.2274 4077.06 216.134 161.986 3860.93 37.3059 3843.71 331.615 3512.1 26.9362 192.093 48.5881 74.1424 28.7 461.418 443.294
internal_count=19359 18599 1291 731 560 760 162 692 515 17308 1918 149 1769 137 15390 1632 598 564 14471 14397 13385 642 263 187 158 1527 919 854 1012 357 907 163 744 441 303 111 857 371 260 169 125 111 486 394 192 157 109 12528 1261 1166 11267 166 11199 1181 10018 101 720 105 105 106 1434 1413
cat_boundaries=0 21 42 63 81 101 122 142
cat_threshold=4227072 285212672 1048704 16 0 167772160 0 0 0 272629760 557056 8388864 1090781184 0 524552 128 268435456 2147487744 536879104 16 36 402784256 32 2147483648 258 256 0 408 67108864 0 0 2097152 570425344 0 0 2147483648 272 2048 4194432 37879826 196608 152 1048580 32768 0 0 557056 32 0 2147483648 131072 64 0 0 0 0 4194304 3539992580 20973301 131106 0 4 64 0 0 0 0 0 0 0 0 0 2052 0 0 0 0 0 8196 2148007938 65552 2048 671088656 536870916 0 4096 4096 0 8 2147483648 524308 65536 2214592528 0 0 16793600 4195392 545521666 16384 402653280 1 0 32 0 0 0 0 256 0 0 0 0 0 0 0 2147483648 0 2048 4194304 2 131072 152 1073741832 2097152 0 0 16 0 33636352 3145728 327680 3758096424 2048 17825792 100663425 33554496 98308 8388608 0 8 0 32768
is_linear=0
shrinkage=0.05


Tree=102
num_leaves=63
num_cat=10
split_feature=0 0 65 33 66 63 57 71 49 60 71 0 0 0 0 64 47 51 70 60 0 59 51 5 64 53 65 66 60 66 0 9 70 3 16 0 48 53 86 60 45 70 57 60 0 3 58 64 71 21 60 8 51 53 52 65 67 70 52 58 14 1
split_gain=3.36815 2.52713 1.05741 1.43096 1.07856 1.03249 0.914779 1.38728 2.50912 1.01777 0.871786 4.08831 3.99277 2.68252 2.49294 2.0716 1.5443 1.296 1.06518 1.39546 1.19306 1.03118 1.13439 0.90747 1.24588 0.975721 0.993057 1.14041 0.895228 0.874639 1.34353 1.67236 1.436 1.13261 1.03722 0.864474 1.05079 1.44035 0.875321 0.852549 0.847006 0.841829 0.837564 0.797654 0.883223 0.755245 1.81096 0.856469 1.34293 0.887696 0.729799 0.72364 1.18242 0.715156 0.710171 1.00913 0.703485 1.22199 1.01417 0.866034 0.735154 0.72786
threshold=0 1 1575.0450000000003 0.68301270189221941 635.7850000000002 1517.8033333333335 -7.0944088929356601 8.8417316096264127 87.816733570105001 47.573261520417304 0.8731235253024241 2 3 4 5 1411.4950000000001 -44.465207259483392 -516.22528096704684 0.10766191148472956 16.833001368021879 6 283.90721811960094 -144.9017572367425 0.6830127018922193 315.99500000000006 0.69813283671216442 126.12000000000002 35.500000000000007 -2.5849277929911705 307.42333333333335 7 -23.499999999999996 8.6720401263062481 2021.5000000000002 -0.93301270189221908 8 -330.83209039229121 -129.90530056986296 1.5000000000000002 -4.7929428385468444 0.68301270189221941 0.76766179039236571 6.3955232708796084 -1533.85214353365 9 2019.5000000000002 6.5040395623641816 490.75750000000005 -32.357271598189989 1.8369701987210299e-16 0.63458867564673149 4.5000000000000009 -13.887926290135781 36.960539242014669 -142.74140843379934 5.0300000000000002 4.0400000000000009 0.10766191148472956 10.192329052449814 197.7829137389493 0.25000000000000006 11.500000000000002
decision_type=9 9 2 2 2 2 2 2 2 2 2 9 9 9 9 2 2 2 2 2 9 2 2 2 2 2 2 2 2 2 9 2 2 2 2 9 2 2 2 2 2 2 2 2 9 2 2 2 2 2 2 2 2 2 2 2 2 2 2 2 2 2
left_child=6 2 3 5 -4 -2 -1 8 9 40 12 17 15 -13 16 21 -14 -12 19 -16 23 22 -3 25 42 28 27 -27 51 30 33 -32 34 45 -33 -36 -37 -38 53 -18 -8 -19 -25 -15 -45 46 -22 48 -48 -50 -40 -20 -53 -39 -24 -56 58 59 60 -58 -46 -59
right_child=1 10 4 -5 -6 -7 7 -9 -10 -11 11 13 14 43 18 -17 39 41 20 -21 29 -23 54 24 -26 26 -28 -29 -30 -31 31 32 -34 -35 35 36 37 38 50 -41 -42 -43 -44 44 56 -47 47 -49 49 -51 -52 52 -54 -55 55 -57 57 61 -60 -61 -62 -63
leaf_value=-0.0014796256217165526 0.0040883728637632248 0.0013639841766877269 -0.0065399820861406352 -0.002461825207159461 0.0033607612895373649 0.010862950836964286 -0.010767338136183182 0.0016539430955171538 -0.025130838870655273 0.0007151304670074141 -0.0033348548914841122 -0.0049041048126295134 0.0015470911218727432 0.011544208777022532 0.0016375600936209421 0.0051682830947465067 0.014744962652468592 0.00055781089625359852 -0.00024487565350075945 0.018873963356147418 0.029582942446649486 -0.014506413863883594 -0.016407060503225639 -0.0098890867495160916 -0.020942848525560505 -0.0061355836646146984 -0.0037219166654638945 -0.032650173508063693 0.0043670078137890622 0.00087814934370122888 -0.016926656473587428 0.0062268926882060741 0.0016068824290462677 0.017191058659738211 -0.0072231249886271463 0.014869406134150907 -0.01283876530438087 -0.001743539420583225 -0.0028278184596031075 0.0058895806319009189 0.00067671195430243122 0.0089675141604714792 0.0072501760939540499 -0.0021452716151168796 -0.0045395415682213539 -0.0018158937361458256 0.022806104776096642 -0.011115231662314646 0.0049842943195968319 -0.0096576837433672638 -0.020153431059917168 -0.022912514577086741 -0.0022494140634758699 0.0050043602629595181 -0.016461528945614607 -0.0051859359058498596 0.0039839619540554773 0.0015355875298776927 0.0032270019831116222 0.027255357027750393 -0.022218443069436919 -0.0020246831119939122
leaf_weight=131.93662904947996 483.41464390605688 43.597819022834301 52.224739793688059 75.61213649995625 58.119285315275192 63.646787732839584 95.34015487972647 39.61308753862977 20.524583458900452 36.938554050400853 29.187352150678635 232.40754867903888 209.65680052526295 16.849051482975483 43.443207229021937 38.503149300813675 38.200150910764933 34.549252349883318 58.229960303753614 16.092248532921076 6.9464113898575297 41.151949778199196 20.235100001096725 21.266988568939272 16.85303421318531 8.7878595925867575 39.741365604102612 7.530532080680131 61.669098446145654 1198.7328548431396 17.038801411166787 37.149382658302784 357.59498683176935 13.515617821365593 74.029949937015772 9.3076149523258191 29.825264986604452 996.6627290812321 12.785672804340722 94.213163901120424 19.470296306535602 214.57724256440997 10.721723437309263 240.2169696893543 13.84478612849489 70.198838659562171 9.148488409817217 9.4934982359409315 60.693708172068 12.480060828849671 11.585697861388324 10.929175000637771 18.889446724206209 40.875135466456413 22.565606411546469 164.46093256026506 8.4451887160539645 1226.8131703725085 19.809558164328337 7.5917641166597596 10.222162676975129 162.58061951957643
leaf_count=325 825 53 77 154 34 41 361 41 29 57 32 810 400 9 186 41 99 122 133 51 39 55 40 125 18 74 72 38 163 920 65 138 155 33 188 23 78 5120 80 194 47 264 35 539 108 234 12 14 491 115 50 42 112 163 70 355 86 4428 36 27 55 546
internal_value=0 0.000387932 0.00314313 0.00398544 -0.00132516 0.00487655 -0.00461379 -0.00678311 -0.00872315 -0.00650395 5.61498e-05 0.000849904 -0.000388693 1.95794e-05 9.84093e-05 -0.00556467 0.00409718 0.0064033 -0.000329518 0.00629651 -0.000452949 -0.00717043 -0.00596701 -0.00366976 -0.00994083 -0.00235964 -0.00798623 -0.0183714 -0.000252841 -0.000164074 -0.000871114 -0.00133811 -0.00117743 0.00309375 -0.00199878 -0.00225883 -0.00184272 -0.00200207 -0.00169771 0.00844429 -0.00882658 0.00780124 -0.00414448 0.000714849 0.000611083 0.00214918 0.0049675 0.00310519 0.00474511 0.00248705 -0.0110641 -0.00348858 -0.00982289 -0.0014777 -0.00750909 -0.00654639 0.00107532 0.00127738 -0.00515182 0.0150005 -0.0120485 0.00111898
internal_weight=0 6904.92 733.018 622.674 110.344 547.061 343.823 211.887 172.274 151.749 6171.9 2217.09 3954.8 1938.78 3624.29 330.515 342.07 278.314 3282.22 59.5355 3222.68 292.011 250.859 254.619 48.8417 205.777 56.0598 16.3184 149.718 2968.06 1769.33 1586.86 1569.82 182.477 1212.22 1175.07 1101.04 1091.73 1061.91 132.413 114.81 249.126 31.9887 1706.37 1689.52 168.961 98.7622 91.8158 82.3223 73.1738 24.3714 88.0486 29.8186 1037.54 207.262 187.027 1449.31 1405.43 43.8765 16.037 24.0669 1389.39
internal_count=19327 18467 1131 1020 111 866 860 535 494 465 17336 7062 10274 6644 9660 614 693 418 8967 237 8730 573 518 812 178 634 184 112 450 7918 6998 6060 5995 938 5840 5702 5514 5491 5413 293 408 386 160 5834 5825 905 671 632 618 606 130 287 154 5283 465 425 5286 5087 199 113 163 4974
cat_boundaries=0 23 42 63 84 102 122 143 165 182 203
cat_threshold=139591684 0 272629760 16 0 33554464 0 0 16384 4194304 0 2717908996 671350784 0 268435456 67113984 0 32768 4 148 200 0 128 32768 32768 2685403136 1073741856 33612048 0 278528 1048576 0 8388608 0 0 131600 0 4224 8388628 318767104 2 66 0 16777280 512 0 0 1073741824 0 0 0 1879048240 0 1073758209 5 134217728 131072 8192 2 4198400 37765248 1 48 0 16777216 512 0 0 1074266112 0 0 0 1879048208 3072 67108864 2415919111 134217728 262144 256 2 4263936 268451968 1 48 2048 1573248 83886080 0 0 134217728 1200 2147483648 0 2048 2097152 0 0 0 2147483680 1128268352 1614810208 268435460 2048 1572992 83886080 134234112 0 0 73784 2214592512 0 0 0 0 0 0 2147483648 20972096 1077938384 268435460 8192 131328 65568 2097152 1073741824 0 128 8192 134217984 4194304 131072 0 118784 16385 2048 268960257 134873088 8192 0 64 4325376 32768 4 268435456 134217728 0 129 5152 2048 1024 10485768 327680 0 0 134349824 524416 1140867072 32 3221225480 536871425 2147483648 16 0 0 1024 0 1610612768 8388608 256 134807552 0 0 0 0 2148008000 2097152 1342177280 0 0 0 2 131104 524288 939524096 8388608 2 0 2048 33630208 0 0 270336 524288 144703488 0 50331648 6309889 2147485696 145 32 0 256 4
is_linear=0
shrinkage=0.05


Tree=103
num_leaves=63
num_cat=7
split_feature=3 70 10 66 60 10 63 68 59 49 37 53 73 20 64 55 77 60 8 9 73 64 63 70 70 56 73 73 55 51 49 73 59 1 73 55 47 66 52 6 64 10 59 56 37 68 10 8 3 10 56 64 9 66 73 70 54 3 66 67 66 60
split_gain=1.147 2.29664 3.18118 2.10809 1.51831 1.50903 1.50735 1.50336 1.30628 1.90911 1.23747 2.96643 1.2942 1.15943 2.06844 1.82842 1.13433 1.12255 1.06552 1.01951 0.989169 0.971717 0.890803 0.82607 2.40085 1.40296 1.23754 1.19605 1.60084 1.10673 1.08643 1.347 1.48645 1.90896 1.05138 0.792698 1.46779 0.784692 0.737815 0.714299 1.20035 0.718549 0.864519 0.699721 0.680462 0.649373 0.844565 0.666096 0.884389 0.649134 0.77771 0.738939 1.12976 0.641546 0.840392 0.812949 0.754367 0.908225 0.806551 0.874321 0.792461 0.764675
threshold=2016.5000000000002 2.8672942376683372 1.5001923289555077e-15 8.6733333333333338 -205.09870640660517 12.312177826491075 619.64250000000015 0.83333333333333337 -227.2450420551435 282.57111234571721 -0.6830127018922193 -1.0930682312038564 0 0.6830127018922193 389.08000000000004 -128.33503918700481 1.5000000000000002 -1533.85214353365 5.5000000000000009 6.735557395310444e-16 1 10.982500000000002 338.6806944444445 3.1544883433098838 2.3813052396616654 409.29737270902439 2 3 -0.4077761674244072 33.610799711121906 -123.20628173366119 4 -133.77838266053979 4.5000000000000009 5 236.69717300945516 265.84999754107628 485.13166666666672 -169.11454241393756 0.50000000000000022 43.515000000000008 14.722431864335457 -7.0440171959389906 7.4476680368830683 0.25000000000000017 0.41666666666666669 19.485571585149874 2.5000000000000004 2017.5000000000002 -3.4820508075688763 12.707813897911043 87.422500000000014 -0.6830127018922193 94.685000000000016 6 2.1655964000624777 5.6292649992324479 2019.5000000000002 74.113333333333358 98.035000000000011 33.95333333333334 3.7276203806163939
decision_type=2 2 2 2 2 2 2 2 2 2 2 2 9 2 2 2 2 2 2 2 9 2 2 2 2 2 9 9 2 2 2 9 2 2 9 2 2 2 2 2 2 2 2 2 2 2 2 2 2 2 2 2 2 2 9 2 2 2 2 2 2 2
left_child=1 13 4 5 -3 16 18 8 -5 10 11 -10 -12 17 15 -15 22 -1 -6 20 -19 -7 -2 24 30 27 -25 -26 29 43 31 32 38 -34 35 36 -32 -35 -9 41 44 42 -28 -29 -41 -14 47 -47 -49 50 -44 52 -51 54 -36 -55 -56 -58 59 60 61 -59
right_child=3 2 -4 7 6 21 -8 23 9 -11 12 -13 45 14 -16 -17 -18 19 -20 -21 -22 -23 -24 26 25 -27 39 28 -30 -31 34 -33 33 37 53 -37 -38 -39 -40 40 -42 -43 49 -45 -46 46 -48 48 -50 51 -52 -53 -54 55 56 -57 57 58 -60 -61 -62 -63
leaf_value=0.02055995644160985 -0.0028769194285702304 0.0013522681846461571 0.00034115211216648335 0.00653281608211022 -0.016899690253337298 -0.026467910107179624 -0.037576518212268997 0.0060044458481159991 -0.018835479152190526 -0.0083343806669942937 0.005100589518701377 0.0015668457617106187 0.002676502178663236 0.018366348508848468 -0.0099687213591818577 -0.0045241981087788471 -0.014652322500741312 0.0032914227116400672 0.0056563571575901101 0.0041664128368968985 -0.001011381176005167 -0.0072745218906740518 0.011726775486572161 0.0031689356266384654 0.0026008437908835273 -0.016130621060488255 0.0065480668380019317 -0.0092778768077857055 -0.015362015289676262 -0.012749320724548447 0.0025111703238699951 -0.00077920807328536886 -0.01975447791119167 -0.010535724030924336 -0.00017133180856950157 -0.004776534826290044 0.014376773478935297 -0.0013669875408698347 -0.0048984089897951668 -0.0047117600888859495 0.0009840528992640736 -0.0029150170558037581 0.0085827059703045359 0.00035429621207370315 -0.018568901003656563 -0.00085767430471280859 0.0069827898885560088 -0.0075831461597331874 0.0033503606748354897 -0.011788377782670627 -0.0014154151879748546 0.00056859038986214279 -0.00079274193680392764 -0.00010674364575422367 0.002894411569710703 0.0060299933435241293 -0.0017942765990896386 -0.025184085723736489 -0.0018644646046214635 -0.023943802085645977 -0.0041103048320118747 -0.007143133545097255
leaf_weight=8.7260128259658796 296.68811974441633 14.193171180784701 164.26644744724035 105.12993099540472 33.423367943614721 11.446848125196995 7.6741221249103537 28.936385411769152 26.018431972712278 55.464362077414989 197.46976890042424 56.515058010816574 353.8659715205431 16.001563251018524 49.522240430116653 19.180662957951427 19.99764814786613 239.32062665745616 6.2082169614732257 498.78866503573954 282.6225341707468 15.55617021396756 10.823233116418121 305.25870399549603 48.095886819064617 28.660668790340424 58.473818119615316 23.95818448625505 39.074853517115116 28.36602526716888 149.12822455912828 420.66088844835758 32.330163732171059 43.91847637295723 294.585922235623 25.847637444734573 31.582623779773712 49.792393445968628 33.459400404244661 17.226763814687729 37.607453513890505 169.92275411635637 45.321572180837393 88.509973036125302 18.239104809239507 727.43931870162487 43.602449063211679 20.439300963655114 194.47514693439007 33.733510149642825 34.072498358786106 326.88736298680305 75.970822094008327 1095.5336696021259 28.993063073605299 56.763240057975054 77.071395291015506 11.871620864607396 27.362807862460613 12.5582311861217 31.319156106561422 11.62501930259168
leaf_count=8 1656 23 310 89 271 70 9 56 54 54 272 118 203 17 99 187 173 745 65 3030 2348 107 37 273 88 25 94 81 107 43 525 681 49 157 1618 25 15 45 47 71 34 90 66 199 40 225 77 160 804 83 57 61 100 2121 158 75 573 106 120 68 178 95
internal_value=0 0.00130814 -0.00329042 -0.000310426 -0.0129905 -0.00405001 -0.0172938 -7.46631e-05 0.00112641 0.000787141 0.00109947 -0.00486493 0.00141968 0.00223995 -0.00338306 0.00588687 -0.00311331 0.00270262 -0.0133663 0.00254996 0.00100522 -0.0154108 -0.00236292 -0.000631148 -0.00110213 -0.00570413 0.000509914 -0.0043935 -0.00607048 -0.00392355 -0.000622633 -0.00245473 -0.00584365 -0.00927828 -2.0811e-05 0.00325584 0.00458491 -0.005664 0.000157849 -0.000515492 -0.00523913 -5.87143e-05 0.000786168 -0.00169757 -0.0118381 0.000832889 0.000179651 -0.000135128 0.00231054 0.000133204 0.00429195 -0.000623062 -0.00417384 -0.000448619 -0.00195607 0.000195558 -0.00434924 -0.00582476 -0.00910369 -0.0120438 -0.0093175 -0.0162583
internal_weight=0 1339.93 225.765 5977.65 61.4989 354.512 47.3057 5623.14 1780.42 1675.29 1619.83 82.5335 1537.29 1114.16 84.7045 35.1822 327.509 1029.46 39.6316 1020.73 521.943 27.003 307.511 3842.72 2720.01 256.666 1122.71 228.005 179.909 140.834 2463.34 609.098 188.437 126.041 1854.24 206.558 180.711 93.7109 62.3958 817.456 73.0733 744.382 574.46 112.468 35.4659 1339.82 985.956 942.354 214.914 515.986 79.3941 436.592 109.704 1647.68 495.387 1152.3 200.801 171.808 94.7368 67.374 54.8158 23.4966
internal_count=19435 7112 678 12323 368 2043 345 10280 2056 1967 1913 172 1741 6434 303 204 1866 6131 336 6123 3093 177 1693 8224 7255 543 969 518 430 323 6712 1035 354 251 5677 565 540 202 103 696 145 551 461 280 111 1469 1266 1189 964 367 123 244 183 5112 2916 2196 1298 1140 567 447 379 201
cat_boundaries=0 1 2 3 4 5 6 7
cat_threshold=19007552 39981636 603136 33751040 2241536 17172480 43024578
is_linear=0
shrinkage=0.05


Tree=104
num_leaves=63
num_cat=12
split_feature=0 0 47 70 5 58 65 60 70 50 65 15 10 64 68 49 0 0 48 0 52 33 47 52 60 0 54 27 60 71 49 0 70 55 0 17 71 60 65 54 67 47 1 48 66 0 73 10 10 35 0 57 53 66 54 60 0 70 71 70 1 65
split_gain=3.59523 2.27978 1.51952 1.20228 1.47941 1.44119 1.13242 1.03866 0.960504 1.46362 1.15192 1.13271 0.979244 0.933495 0.97183 0.91319 2.48865 2.13443 1.93715 1.72281 1.41965 1.35812 1.0425 1.21613 1.01618 1.40759 1.02788 1.00587 1.042 1.04607 0.949709 0.979934 0.860201 1.0624 0.846592 0.843706 1.61805 0.820728 0.986243 0.819741 0.76613 0.73289 0.706261 0.643607 0.638991 1.17526 1.04534 1.42202 0.967118 0.811637 0.798729 0.710658 1.40876 2.18549 0.744268 0.688129 1.10335 0.772126 0.743482 0.919693 0.752509 0.698159
threshold=0 1 176.03729809504895 1.9736523735385536 0.6830127018922193 10.682731141232837 22.005000000000006 -415.83836935879657 1.2324260834847731 -4.5995641154905416 1211.7150000000004 0.68301270189221941 1.2552629691260372e-15 375.75000000000006 0.83333333333333337 20.800601013062835 2 3 844.35725201081584 4 -404.39147722180758 0.93301270189221952 -130.82779525054204 421.23392332053442 -119.68890514048393 5 348.0591737796737 1.8369701987210299e-16 -150.02280685748926 -64.668742137192282 -7.6072170045391676 6 0.26521406770025563 211.30289018546168 7 0.25000000000000022 -3.8002467523395724 323.09103973021496 183.09500000000003 74.662831122899277 4703.4900000000007 99.890801248706666 11.500000000000002 -11.4874267040018 84.068333333333342 8 9 1.1327982892113019e-15 15.588457268119894 1.366025403784439 10 -78.033291766746842 -129.90530056986296 447.62333333333339 191.61169082940827 -17.794206381554101 11 8.6720401263062481 -0.033714237345522403 2.1945787545787554 11.500000000000002 11.120000000000003
decision_type=9 9 2 2 2 2 2 2 2 2 2 2 2 2 2 2 9 9 2 9 2 2 2 2 2 9 2 2 2 2 2 9 2 2 9 2 2 2 2 2 2 2 2 2 2 9 9 2 2 2 9 2 2 2 2 2 9 2 2 2 2 2
left_child=2 8 3 7 5 -5 -7 -1 12 10 11 -10 -2 14 -14 17 21 20 19 27 -3 32 -22 35 26 -26 -18 28 -19 -30 31 -31 -17 -34 -27 36 -24 38 -9 42 44 -38 -36 -33 45 48 47 -47 -21 55 -46 54 53 -53 -52 58 57 61 59 60 -48 -57
right_child=1 15 -4 4 -6 6 -8 37 9 -11 -12 -13 13 -15 -16 16 24 18 -20 40 22 -23 23 -25 25 34 -28 -29 29 30 -32 43 33 -35 39 -37 41 -39 -40 -41 -42 -43 -44 -45 50 46 49 -49 -50 -51 51 52 -54 -55 -56 56 -58 -59 -60 -61 -62 -63
leaf_value=-0.012895169942462573 0.0036444100078961324 0.0094041673394796455 0.0024880205168749323 -0.0003224186523643059 -0.018371185185153106 -0.021746263399203158 -0.0074887876902271283 -0.0031882760186848521 0.0014061306524347107 0.0088472877746782874 -0.0035957187933401331 0.008432508649927584 0.011699860439444029 -0.0092016539051067471 -0.0051411491942291963 0.012160206554766561 -0.0012636652283883896 0.0088657774111414803 -0.012906621156224339 -0.0058740530069018148 -0.011340407720344566 0.015712451002897612 -0.015041050221859252 0.008294702370957252 0.0041125356608528556 -0.0047204722970350292 -0.010021789189849107 -0.0033237314365825925 -0.0052839218768378831 0.00046097627355902373 -0.0046451849042421544 0.005587555187825775 0.0048609137412159468 -0.0031387973739787547 0.0026054887827796124 0.00085196529150505414 -0.0012386975295169359 -0.013458546083755803 0.0063065462170340345 -0.0017027381263686034 0.007571515712096813 -0.010538243561609576 -0.0072818089916331435 0.013113989092246692 -0.0015714980254136633 -0.00021344637948433778 -0.0016849162129270606 -0.012907328495370213 -0.024174492943788942 -0.012886634615426966 0.0038208164649472516 -0.010871159351076687 0.00088411764288428619 -0.00052332143910894017 -0.0013372502961469411 -0.0041255886450961583 -0.00041726443237490501 0.015352530399604587 0.0011424742143007439 -0.011344513543083818 -0.018191911814362027 0.0043979678661587611
leaf_weight=22.799908600747585 89.54052497819066 17.528219535946846 62.259342171251774 52.660538967698812 34.054296161979437 18.81551100499928 53.60622931458056 85.525015947408974 146.44337163865566 137.24448981881142 59.795560508966446 94.289372637867928 14.723383489996193 40.946273609995842 20.484631311148405 30.265216629952192 148.95619913190603 87.550605848431587 28.700931333005428 57.816643218975514 56.374036833643913 28.037548460066319 42.073402797803283 19.213585019111633 223.82764191925526 86.816198103129864 43.222389787435532 52.10646328702569 36.416384607553482 92.175180662423372 29.484305998310447 87.019849888980389 206.1331308959052 51.965768069028854 305.19353782944381 49.076629332266748 84.97859675064683 12.764374703168867 40.207205589860678 271.65650003217161 31.599231243133545 28.222598971799016 19.197446879930794 42.168365277349949 476.6829749904573 45.625572752207518 129.35001621861011 42.720425345003605 8.2493906617164594 12.860476745292543 297.56011632829905 67.063143752515316 1402.4099460206926 213.37484964728355 91.421870201826096 28.882475853897631 1049.5414285482839 13.572070665657519 88.463379370979965 38.170510301366448 7.2935385797172776 142.83119939966127
leaf_count=31 198 24 78 115 78 54 125 501 206 161 38 49 32 52 95 91 316 96 74 434 145 40 131 27 461 246 66 122 37 218 96 237 434 69 1616 174 308 10 48 676 17 52 159 105 988 130 1098 90 26 66 270 98 1464 107 57 182 5147 34 390 142 111 575
internal_value=0 0.00037511 -0.00454099 -0.00604843 -0.00913184 -0.00661638 -0.0111929 -0.00300631 0.00328745 0.00456915 0.00261542 0.0041582 9.95561e-05 -0.0040684 0.00190147 9.64017e-05 0.00121778 -0.000220907 4.34229e-05 0.000123063 -0.00425669 0.00504732 -0.00526411 -0.00373192 6.85709e-05 0.000769206 -0.00323343 0.0031126 0.00409041 0.00263501 0.00378462 0.00490742 0.00418539 0.00325025 -0.000381304 -0.00486269 -0.00666888 -0.00137836 -0.00015198 0.00031817 -0.000184457 -0.0035572 0.00202036 0.00746632 -0.000243056 -0.00100472 -0.000704769 -0.00570583 -0.00708651 -0.000376766 0.000254668 0.000679136 0.000237204 -0.00299787 0.00260852 -0.00027189 0.000222919 0.00367347 -0.00259265 -0.00448278 -0.002566 0.00296429
internal_weight=0 7017.32 382.692 320.433 159.137 125.082 72.4217 161.297 603.468 437.773 300.528 240.733 165.695 76.1543 35.208 6413.85 1415.27 4998.58 4701.11 4672.41 297.467 316.402 279.939 223.565 1098.87 906.691 192.179 426.921 374.815 287.264 250.848 221.363 288.364 258.099 682.864 204.351 155.275 138.497 125.732 596.047 4245.49 113.201 324.391 129.188 4213.89 1665.38 1599.31 88.346 66.066 1510.97 2548.51 2071.83 1682.85 280.438 388.982 1498.1 1234.83 185.286 263.277 174.814 136.644 171.714
internal_count=19317 18277 1040 962 372 294 179 590 831 454 293 255 377 179 127 17446 4174 13272 12411 12337 861 634 837 692 3540 3158 382 911 789 693 656 560 594 503 2697 665 491 559 549 2451 11426 360 1775 342 11409 8425 7965 220 460 7745 2984 1996 1669 205 327 7679 5938 791 1741 1351 1209 757
cat_boundaries=0 23 44 66 88 107 128 145 163 185 186 205 224
cat_threshold=4194304 0 536871040 1 32 1241513984 268435456 4194304 512 0 262144 2147614976 393223 0 524288 0 0 2147516416 268435600 128 144 0 128 1048576 268468224 1074790400 2 134299664 4096 0 8 0 536870912 32768 536870912 0 0 386 272 272 4096 8256 65556 104 524292 64 0 0 0 16384 0 134217728 262144 1074266176 589824 0 18432 0 4 9220 37748742 4194388 536887298 163840 0 134217728 528420 1073741888 0 256 0 0 0 0 262144 524320 17301504 100663296 18432 524288 0 4203524 4194308 4194304 536870912 164096 0 134217728 163840 160 8388608 671088768 0 0 278560 0 65536 0 0 4 0 134217728 2147532800 92278784 16910944 268435488 4194560 2162688 256 0 0 0 524288 1024 0 16384 8388664 16798720 67117056 0 0 2147483656 8391169 8912896 131072 0 1 4 32768 160 0 536870912 0 0 16384 0 65536 0 0 0 0 0 16384 25169920 64 134250504 134217856 67108864 0 0 0 65664 0 65536 268699648 2097152 1 0 134217728 0 2214592512 16908288 1 65536 1048592 4 16912 33555712 32 4 0 0 0 16384 16777216 0 0 0 2415919104 0 0 32 0 0 1024 589830 82 256 83886080 0 32768 0 0 0 0 1073743369 4608 0 0 0 0 0 1082130563 67239965 16386 0 721420288 0 1073750016 36864 19398656 167772160 68157440 131072 0 2097152 1084228752 4194432 1073741888 2048 1 0 0 131072
is_linear=0
shrinkage=0.05


Tree=105
num_leaves=63
num_cat=12
split_feature=0 0 48 70 67 54 52 60 3 66 3 0 49 73 51 0 65 17 10 8 0 0 3 70 4 60 8 0 59 0 3 71 50 10 64 57 3 70 0 53 39 59 60 54 60 57 53 3 38 9 9 10 0 10 57 64 64 65 0 3 70 56
split_gain=2.60252 2.20096 2.01695 2.15137 1.99202 1.15793 1.02834 1.63753 1.15092 0.986869 0.86826 1.34814 1.4738 1.12979 1.37072 1.03308 1.22054 0.887261 0.823199 1.50254 1.71089 1.29219 0.976473 3.03648 1.39284 1.07992 0.94441 2.2007 1.0182 0.981869 0.874608 0.859263 0.812897 0.804547 0.770491 0.766441 0.751891 0.719775 1.35139 0.94198 0.715615 0.694414 0.877831 0.689411 1.21112 0.678968 0.710424 0.672708 0.668941 0.624788 0.610691 0.947356 0.798152 0.610203 0.590033 0.587235 0.586476 0.772428 0.657896 0.771779 1.03851 1.11042
threshold=0 1 -39.962067053441835 1.4369955899930307 465.50500000000005 4.7152576743117054 153.51113169155431 -649.50057392034023 2019.5000000000002 37.696666666666673 2013.5000000000002 2 -113.34723417470424 3 11.429422598168616 4 18.040000000000003 0.68301270189221941 14.361215932167728 1.5000000000000002 5 6 2019.5000000000002 2.1945787545787554 0.25000000000000011 23.826059087998988 1.5000000000000002 7 -0.068830163413053022 8 2012.5000000000002 73.57362299381019 -42.26321513234133 9.5131397208144133 712.18000000000018 -150.14611400966527 2010.5000000000002 4.3247340175124762 9 -2.3612261969504549 -1.0000000180025095e-35 -183.50842658209612 258.77744666644702 3.5493331501596534 24.606693260357385 66.524838774232691 -27.171170539776181 2010.5000000000002 0.93301270189221952 -17.753520777580984 18.59326673973661 1.1940306291686695e-15 10 -8.25 -13.937540545543818 14.120000000000001 9.0900000000000016 9.0250000000000021 11 2020.5000000000002 1.3923077929672856 481.98541581178273
decision_type=9 9 2 2 2 2 2 2 2 2 2 9 2 9 2 9 2 2 2 2 9 9 2 2 2 2 2 9 2 9 2 2 2 2 2 2 2 2 9 2 2 2 2 2 2 2 2 2 2 2 2 2 9 2 2 2 2 2 9 2 2 2
left_child=6 2 32 -4 5 -5 7 -1 -8 10 15 12 -12 14 17 16 -3 -13 21 -20 -21 35 23 24 45 -25 28 -28 33 30 36 47 53 54 -26 -11 -29 38 49 -39 -17 -9 -43 44 -40 46 -22 -31 -14 -15 52 -52 -45 -2 -23 -42 -49 -58 -59 60 -60 -62
right_child=1 9 3 4 -6 -7 8 41 -10 18 11 13 48 37 -16 40 -18 -19 19 20 22 26 -24 25 34 -27 27 29 -30 31 -32 -33 -34 -35 -36 -37 -38 39 43 -41 55 42 -44 50 -46 -47 -48 56 -50 -51 51 -53 -54 -55 -56 -57 57 58 59 -61 61 -63
leaf_value=-0.010183933376313179 0.0030819724138007975 0.029270532133744594 -0.0013282851014451338 -0.015130865677131186 -0.023432393507325573 -0.0039008625839819229 0.013032844767963934 0.0072667442928039915 0.0022511553089416478 -0.0043554147549295088 -0.034857564017077979 -0.011376681824975143 -0.0054586164825520655 0.017415461398608004 -0.022138758420900993 -0.017195616447127991 0.0047427486421321267 0.0059742326222742732 -0.0088034313921621418 0.0068750772531022096 -0.0084995250260113727 0.0045927728097677088 0.00035388533358275947 -0.024768320590249068 0.010424107352181005 -0.0076493077606637665 -0.007371410171395156 0.0036293142416355287 0.00051090161963569401 0.0062010045532742515 0.0030408416042333949 -0.0086724671720260927 0.004218040032888613 0.0074390211853434382 -0.0009692814396477621 0.0037739515408013874 -0.011225748141085451 0.0040933991018157973 -0.0038224887696210207 -0.0015166285284178448 -0.012232799122106376 0.0030724369018206325 -0.0041458548101269048 -0.00466413776267124 -0.021071239656764919 -0.0094430836029167856 0.0035618097080343161 0.0042711482140792099 -0.024260683246303368 0.0022002462975413144 -0.023920536522734542 -0.0023237544106017595 5.5081976660395715e-05 -0.0043882300448483376 0.00022026832573072516 0.00074305314606063454 -0.0071388905643933317 0.00099133898118799655 -0.00049638300670071722 0.00040234555254100982 -0.0035079767803822522 -0.016322392505860945
leaf_weight=24.643262535333633 37.311966218054295 5.3890550360083571 93.899701923131943 36.414313018321991 26.773341953754425 62.099262753501534 52.583559583872557 80.388003326952457 46.76543240994215 31.170358464121819 5.2152037397027007 16.705663528293375 53.487227916251868 7.0781656093895426 15.268150577321647 6.7984125781804314 86.196393344551325 13.18166248872876 61.11342179402709 58.767280340194702 19.750615924596786 142.73431682214141 266.59837097302079 20.654714778065681 29.945363238453865 16.629445534199476 93.885969579219818 14.343594137579201 1006.5053484253585 39.48588465899229 371.93728439882398 30.825852751731873 69.788302302360535 97.322546064853668 29.414956450462341 415.22090278193355 20.973737021908164 151.63243699353188 227.63884255895391 147.72198038641363 9.6044045966118556 329.07543814554811 48.301649430766702 105.43611822742969 10.653113624081014 44.991578951478004 31.971443306654692 65.336057223379612 5.1895878165960303 144.24562141625211 7.4957492053508785 15.741366782225667 408.21034165564924 102.25461212173104 167.92210048250854 94.610308209434152 43.420825492590666 586.28558217361569 449.50219616293907 556.16865070536733 300.24556141160429 17.91430339217186
leaf_count=32 44 66 240 95 26 120 65 111 62 81 12 102 665 75 38 88 832 14 69 95 46 113 419 92 99 24 92 42 360 154 719 61 98 37 41 722 89 200 1243 111 78 630 57 781 56 92 110 52 33 999 34 143 2629 149 176 968 133 1379 1586 719 856 30
internal_value=0 -0.000183829 -0.00361348 -0.0070502 -0.0113386 -0.00805189 0.00326924 0.00237145 0.0079577 4.50801e-05 -0.00106348 -0.00152637 -0.00811534 -0.00112248 -0.00814647 0.00198648 0.00557706 -0.00372414 0.000383949 -0.00138811 -0.000514479 0.000614788 -0.00157387 -0.00431323 -0.00125076 -0.0171329 0.000325116 -0.000241461 0.00136498 5.59848e-05 0.00227107 -0.000384574 -0.00018797 0.00347204 0.00477832 0.00313605 -0.00519259 -0.000799916 -0.00149512 0.00132503 -0.00135598 0.00304735 0.00214855 -0.00232544 -0.00459361 -0.00495126 -0.00104394 -0.000262323 -0.00712154 0.00273143 -0.00136204 -0.00929037 -0.00100336 -0.00239113 0.00222926 -0.000452798 -0.000388735 -0.000544585 -0.000394683 -0.00100838 -0.00204359 -0.00422951
internal_weight=0 6997.08 428.542 219.187 125.287 98.5136 581.757 482.408 99.349 6568.54 1537.5 1334.9 63.892 1271.01 45.1555 202.599 91.5854 29.8873 5031.04 579.837 518.724 4451.2 459.956 193.358 156.074 37.2842 4004.81 2590.33 1414.48 2496.44 407.255 2089.18 209.355 407.979 59.3603 446.391 35.3173 1225.85 926.499 299.354 111.013 457.765 377.377 775.176 238.292 96.7136 51.7221 2058.36 58.6768 151.324 536.884 23.2371 513.646 139.567 310.656 104.215 2018.87 1953.54 1910.12 1323.83 767.662 318.16
internal_count=19384 18427 772 481 241 215 957 830 127 17655 9167 7135 710 6425 154 2032 898 116 8488 1087 1018 7401 923 504 388 116 6598 5912 686 5820 850 4970 291 326 140 803 131 6271 5960 311 1134 798 687 4886 1299 248 156 4909 698 1074 3587 177 3410 193 289 1046 4755 4703 4570 3191 2472 886
cat_boundaries=0 23 44 63 64 83 104 125 146 165 186 201 219
cat_threshold=0 134250496 1082130432 2 134217984 0 6314 71827456 0 0 0 0 4 0 0 25166080 1074007040 128 805306368 164224 0 0 128 4325376 822083584 286261380 0 4096 1107296256 262144 0 262144 0 524288 2214592516 262144 0 0 71303168 16908304 0 134218752 4 36 4096 2097152 0 536871552 32768 0 0 134217728 0 0 1073741824 16785424 16384 2097170 2147487744 16 0 0 131072 67590 2097152 2097152 0 0 0 0 0 134217728 0 0 1476395008 25906457 83968 598 2147483648 16 0 0 16 0 0 0 0 0 0 0 0 0 3076 0 0 0 0 2147483648 8192 2 8 0 0 16 2048 256 2147483648 0 32784 32 1024 2147483648 0 541065216 0 0 131 0 8 2147483664 4195296 33554497 33685504 0 192 0 0 0 0 128 134217728 49152 0 65536 16 0 0 0 0 0 0 545259520 4096 0 16 24 2147487744 1048736 0 16449 590848 0 257 0 2147483648 1342177281 32768 0 16 2147483648 4100 96 0 469762048 4194690 65536 16 0 16384 66560 2097152 0 9437184 131584 0 54525952 1342439424 33563136 201349121 72352000 2048 0 134217728 0 0 128 0 0 0 134217745 0 16777216 671096832 2097152 0 0 2097152 136396801 541165587 8388672 270532609 1120 1073741888 67109376 48 16384 536576 20 0 0 264704 16777216 1073741824 0 0 16416 33554949 301989888 4259850
is_linear=0
shrinkage=0.05


Tree=106
num_leaves=63
num_cat=10
split_feature=72 72 35 52 48 45 35 47 8 57 53 9 66 72 22 72 19 1 71 73 71 52 45 45 45 67 43 55 50 41 8 72 65 72 72 64 52 65 47 63 27 64 47 10 50 67 64 49 73 63 48 55 71 65 49 78 55 54 72 65 67 8
split_gain=2.48605 1.84211 1.30051 1.15009 1.20444 0.845183 1.17288 0.86266 1.28252 1.20821 0.813533 0.854286 0.770446 1.08858 0.956369 0.791117 0.798982 0.721264 0.781795 0.739467 0.759141 0.709494 0.698437 1.00294 1.27944 1.79734 0.821943 0.69524 0.684761 0.687533 0.631812 2.48893 1.43937 1.47843 1.35606 0.687174 0.657984 0.777879 0.643918 0.834994 0.694418 0.631825 0.623721 0.6047 0.574657 0.629449 0.836388 0.585782 0.560927 1.05989 1.26293 0.61689 0.844584 0.558132 0.554319 0.548064 0.540831 0.540574 0.63288 0.558993 0.81846 0.838278
threshold=0 1 -0.6830127018922193 -214.7461119792948 -91.346737264907873 -0.93301270189221919 0.93301270189221952 -438.59762599741572 9.5000000000000018 12.203327569239335 5.8560314590252283 -11.750000000000004 28.388333333333335 2 1.3660254037844386 3 0.93301270189221952 11.500000000000002 0.72882106781764111 4 7.5966491159361578 217.21652551155452 1.866025403784439 0.68301270189221941 1.6160254037844388 33.050000000000004 0.68301270189221941 1.4269793735192982 4.8921893294475538 -1.0000000180025095e-35 3.5000000000000004 5 1509.8700000000001 6 7 49.037500000000009 628.90647601807223 603.12000000000012 -119.96178699422428 317.66791666666671 0.25000000000000022 49.960000000000008 38.393156610013065 4.7500000000000018 -378.0945124683451 2125.0550000000007 454.93500000000006 1.5919019485537975 8 752.77625000000012 -435.06732492262415 -65.377628667062353 -5.5955071007807691 4.0250000000000012 -35.647923029099054 1.0000000180025095e-35 -264.44646471187644 0.42947395457066434 9 25.085000000000004 80.030000000000015 8.5000000000000018
decision_type=9 9 2 2 2 2 2 2 2 2 2 2 2 9 2 9 2 2 2 9 2 2 2 2 2 2 2 2 2 2 2 9 2 9 9 2 2 2 2 2 2 2 2 2 2 2 2 2 9 2 2 2 2 2 2 2 2 2 9 2 2 2
left_child=3 2 -2 -1 -5 -4 7 9 21 -7 11 -6 13 42 15 16 53 18 22 -20 -21 44 23 -17 25 26 -25 28 29 -13 34 38 33 35 56 -33 37 -37 40 41 -32 -40 -3 -12 -9 46 47 54 49 51 -51 -36 -53 -15 -46 -44 -14 -35 -59 60 -60 -62
right_child=1 12 5 4 10 6 -8 8 -10 -11 43 27 30 14 -16 17 -18 -19 19 20 -22 -23 -24 24 -26 -27 -28 -29 -30 -31 31 32 -34 57 48 36 -38 -39 39 -41 -42 -43 55 -45 45 -47 -48 -49 -50 50 -52 52 -54 -55 -56 -57 -58 58 59 -61 61 -63
leaf_value=-0.017146469365857071 -0.005664199022189691 -0.0037939285002533355 0.010460855036950122 0.0011442799535338411 -0.018778489372157411 -0.0070973143307564018 0.013222332998717033 -0.0049136969685734076 0.012380098778138764 0.0038037206059350205 0.0011092642538547387 0.0032926381326338337 0.0075537522018574764 0.011512894253399965 -0.017043114115294768 -0.0012040439300256651 0.019246665124999472 -0.0071965283293742828 0.0027765918475839389 -0.00053679479130411343 -0.013917848861472293 0.0088727834972767011 0.0053426188029736263 0.0010529267922887279 0.00021849675088255241 -0.027199007883095164 -0.016715376262715246 -0.01461043454408679 0.0037123785181107788 -0.0082773243375926162 -0.004869740386622641 0.0099628308975041498 -0.0062993568777793612 0.0043141482451396545 0.0041892911448827381 0.0023527597416401632 -0.0033231887929792165 0.0091406046271878382 -0.018786176819815745 -0.00049113783599613299 -0.0137184363235097 -0.004943100704922941 -0.0054960113368243508 -0.0073697576918442505 0.00080351961667514632 -0.0042008831101118718 0.0087314186486969394 -0.0024814521563397353 -0.00027164063407875968 0.0032095236105467262 -0.0051648364465041209 -0.0020165372522185096 0.0020220675162550732 0.0012591423601512719 0.0071177852444729546 -0.02202765696204145 0.002475025841030674 0.0014578776941132706 0.0027912036927986261 -0.00097201164327295547 -0.006079318886669181 -0.026250116486636024
leaf_weight=15.798373036086558 40.628739081323147 151.21316238446161 41.558576092123985 104.68090314790606 15.128990320488809 50.463092774152756 26.879949042573571 28.685426719486713 37.308918613940477 51.215387299656868 65.012966051697731 15.198859784752129 58.657798737287521 14.605320434551684 8.6113082431256753 515.8714306326583 7.1788453906774512 43.196183668449521 231.37568759545684 44.28405015449971 13.934680534526704 40.384369324892759 34.419283986091614 17.387108492664996 31.439445359632373 14.737293571233748 10.402777791023253 21.162945213727653 19.804285970516503 82.737653750926256 114.1276881210506 44.887350218370557 69.823129385709763 68.224158830940723 213.27137930691242 149.77206968143582 33.096108242869377 58.769179701805115 9.139230487868188 183.93018621206284 27.517852291464806 84.030799437314272 10.819880174472928 31.079930981621146 80.523731625638902 31.130206778645515 55.93917541205883 56.784109827131033 1812.2062693983316 69.59683196246624 127.49723259359598 165.23729665204883 597.81193951517344 145.29183530807495 61.155698884278536 9.3423084784299135 492.88586845248938 302.35749501548707 12.393466914072631 463.27003017999232 14.582419849932196 7.9639663994312277
leaf_count=42 54 859 41 107 76 96 25 48 81 71 158 65 55 115 42 3052 8 493 1456 282 124 60 11 130 25 23 15 76 66 253 242 200 91 39 93 440 23 81 63 368 82 453 74 98 193 23 72 164 1946 53 90 187 609 1075 148 43 542 1166 210 2313 75 72
internal_value=0 0.000305104 0.00292608 -0.00384288 -0.00335882 0.00359912 0.00305123 0.00249733 0.00356203 -0.00160647 -0.00524343 -0.00749568 5.74101e-05 -0.00102876 -0.000439881 -0.000316605 0.002763 -0.000873964 -0.000584671 0.00156249 -0.00319138 0.00263425 -0.00158075 -0.00198475 -0.00742969 -0.0130838 -0.0055984 -0.00626679 -0.00476709 -0.00648177 0.000330918 -0.000479011 0.000666511 0.00109327 0.00070733 0.00413721 0.00322624 0.00426565 -0.00375671 -0.0024446 -0.0065888 -0.006301 -0.00462548 -0.00163316 0.00183245 0.00251019 0.0033314 0.00180934 0.000280059 0.00112719 -0.00220773 0.00181197 0.00114751 0.00219574 0.00352906 -0.0131561 0.00296146 4.12962e-05 -0.000322319 -0.00140378 -0.00753047 -0.0132042
internal_weight=0 7087.82 602.657 370.605 354.807 562.029 520.47 493.59 391.912 101.678 250.126 154.033 6485.16 1304.11 1132.74 1124.12 167.076 957.048 913.852 289.594 58.2187 354.603 624.257 589.838 73.9666 42.5272 27.7899 138.904 117.741 97.9365 5181.05 1643.89 1225.14 1155.32 3537.16 286.525 241.637 208.541 418.746 277.1 141.646 93.17 171.375 96.0929 314.218 285.533 254.403 198.464 2985.62 1173.41 197.094 976.321 763.049 159.897 141.679 20.1622 551.544 868.792 800.567 498.21 34.9399 22.5464
internal_count=19337 18396 1076 941 899 1022 981 956 789 167 792 536 17320 7827 6851 6809 1198 5611 5118 1862 406 708 3256 3245 193 168 145 460 384 318 9493 5918 4710 4619 3575 744 544 521 1208 884 324 516 976 256 648 600 577 505 2978 1032 143 889 796 1190 341 117 597 3875 3836 2670 357 147
cat_boundaries=0 22 45 67 89 90 112 134 156 157 180
cat_threshold=132 32 1073774592 262144 4194304 0 0 0 4194304 1073775744 2097153 0 1074266144 268439552 524288 2290091008 0 128 4096 32768 16777348 131074 24 0 0 16640 0 0 0 0 268435456 0 2112 320 77594880 0 16778240 268435474 2684944384 0 1344536576 520 2056 0 768 512 269090816 263168 0 67371008 0 18432 0 16778240 50335744 1049616 33554456 0 1024 65536 0 442370 0 0 0 8388608 540672 0 1114116 2152857600 0 1048576 0 8192 0 536940576 92162 131072 138416128 512 0 1081344 0 67108864 0 524288 0 134234113 8192 34603764 0 0 0 2048 0 0 24576 0 0 0 33558530 132096 268435456 1048596 2147483658 2052 2098272 0 65536 336614400 33554466 16 0 0 537395200 0 0 0 0 0 2097216 0 286277632 4120 0 131072 0 100712480 16 0 0 2176 16 25252904 32 0 262144 524288 0 0 16384 0 0 0 1538 32 0 1049108 2147483648 2052 3424 256 0 79959040 2 1073741824 2776116 67108864 1073741824 0 0 0 0 6144 0 0 0 1040 16416 134365185 553648384 164372 553648256 268460033 0 0 0 64 32832 1024
is_linear=0
shrinkage=0.05


Tree=107
num_leaves=63
num_cat=11
split_feature=0 0 53 51 8 48 0 71 64 53 55 9 69 9 8 57 64 47 52 51 0 28 66 3 71 0 65 51 36 52 67 0 47 8 66 10 60 50 57 73 10 9 5 0 69 3 0 0 27 9 51 56 71 73 57 48 65 44 47 5 91 53
split_gain=3.81073 1.73513 2.41526 1.47881 1.44901 1.36951 1.33425 2.85539 1.28584 1.34556 1.17712 1.13758 0.885593 0.819132 0.98542 0.876936 1.01031 0.816172 0.795492 0.78354 0.761173 0.860089 0.705763 1.26823 1.30136 0.705615 0.900085 1.19419 0.615815 0.576923 0.971316 0.612263 1.30757 1.11003 0.942462 0.861708 0.681817 0.702432 0.552493 0.629946 0.73147 0.570846 0.551853 0.682552 0.574742 0.682701 1.22671 0.845585 0.675541 1.08639 0.65389 0.649206 0.874224 0.72858 1.64905 1.74038 1.23553 0.894667 0.867988 0.645465 0.597279 1.04464
threshold=0 1 68.253615331265038 181.63694164085987 1.5000000000000002 93.311032116903462 2 -2.2547218208956834 20.050000000000004 -14.734982933696871 -16.01216176151512 3.4820508075688776 0.83333333333333337 1.866025403784439 3.5000000000000004 -10.882223275975891 200.88750000000002 -56.288366410485942 -76.430894196326278 -15.902626160977844 3 0.6830127018922193 8.6733333333333338 2018.5000000000002 5.110107389303983 4 136.03500000000003 -18.293726103351094 0.6830127018922193 -950.92158615263588 1263.8200000000004 5 -438.59762599741572 10.500000000000002 713.57666666666671 -18.619546181365425 -784.66695922713654 354.35706426155366 -5.6976474509519859 6 1.2552629691260372e-15 3.4820508075688776 -0.93301270189221919 7 0.83333333333333337 2016.5000000000002 8 9 -0.6830127018922193 -17.753520777580984 750.48759638475315 709.25134162537086 18.862870927137603 10 -63.774886264744701 -125.34505602388471 32.040000000000006 0.6830127018922193 111.05724075085875 0.6830127018922193 1.0000000180025095e-35 188.36569669061029
decision_type=9 9 2 2 2 2 9 2 2 2 2 2 2 2 2 2 2 2 2 2 9 2 2 2 2 9 2 2 2 2 2 9 2 2 2 2 2 2 2 9 2 2 2 9 2 2 9 9 2 2 2 2 2 9 2 2 2 2 2 2 2 2
left_child=5 2 3 8 -4 6 18 -8 9 -2 -9 -6 -12 25 17 -16 -17 -15 -1 -20 21 -3 23 -22 28 -10 27 -27 38 30 -24 32 -31 35 -35 -34 -37 -38 41 -40 -41 -25 -33 -44 48 46 -46 50 49 -45 -47 52 53 54 -49 -56 57 -57 -58 -54 61 -50
right_child=1 20 4 -5 11 -7 7 10 13 -11 12 -13 -14 14 15 16 -18 -19 19 -21 22 -23 29 24 -26 26 -28 -29 -30 31 -32 42 33 34 -36 36 37 -39 39 40 -42 -43 43 44 45 47 -48 51 60 -51 -52 -53 59 -55 55 56 58 -59 -60 -61 -62 -63
leaf_value=-0.0069089255495834714 0.023015346331420515 -0.0014292664148311811 0.003975745410386677 0.0099031850979537459 -0.0026879749807597474 0.0037374878009885345 -0.01817480379692479 0.0030820360981208515 0.0042332161359714387 0.001872235052784882 -0.0028517408260857668 -0.016848917953693528 -0.012447388592813781 0.0030635763260449833 0.0064645164809973071 0.0023300737403780468 -0.015638677664758929 0.011726422586544834 0.0039334770662194539 -0.0034015750604572919 0.0014861336314107828 -0.01222571748926885 6.7399450865237102e-06 -0.020838646761269144 -0.019707388005186028 0.0076725417077809213 -0.0069827447333554093 -0.0088268786008780867 -0.012451522400175283 -0.0084835763115802265 0.011601663046649098 0.0026941279760162458 -0.0086322325886040649 0.00015379912574635198 0.015606086272244116 0.0086289699908200564 -0.0014632822853829731 0.0049339080646715605 -0.003067284023107371 -0.0033335309064896554 0.009723030726368688 -0.004235955062865164 0.0022284410512681337 -0.011832921296792155 0.0039717234306578001 -0.0022829612474781526 -0.00080713186015436234 0.0054621781240435149 0.00073019171593849419 0.0020199565611125981 -0.010801841697747311 -0.0082532047185711818 0.0066609739668941686 0.0001169791183146103 -0.018219283664927026 -0.013930641024129093 0.00020428320312990022 0.0053440588406389947 -0.014195664135093589 -0.00050915704503504209 0.0024847822590226458 -0.0090894530476479576
leaf_weight=66.15065361559391 15.815456729382278 384.17548494413495 33.424067750573158 103.29989035800099 31.183264337480068 46.503421723842621 56.245532894507051 35.388108991086483 45.855377569794655 14.355090027675031 48.763756934553385 26.012384731322527 47.434822086244822 54.629761733114719 23.449739847332239 16.249142734333876 15.085060462355612 54.130285143852234 62.731812253594398 86.762237101793289 180.66606764495373 19.377255413681269 43.317026890814304 7.6958639980293837 12.609088979661463 32.836022701114416 59.239528991281986 16.466153403744102 16.640783560462296 54.39770781993866 30.979548990726471 294.08295946568251 34.337285608053207 20.159522258676589 19.328968793153763 19.886354058980942 427.39658333919942 47.699749644845724 139.76431832741946 18.870479849167168 24.857231927104294 15.819874512497334 478.6652598362416 25.966842923313379 240.54998319968581 323.93692022189498 287.52329365536571 48.196686416864395 789.47129557095468 31.108170378953218 24.209206566214561 24.293629042804241 81.124296024441719 1405.4362694714218 21.661752112209797 35.563498085364699 128.96475057769567 7.2472718032076946 11.388981714844702 51.195569630712271 586.08511461690068 28.046434320509434
leaf_count=67 52 1141 22 91 90 58 87 43 97 85 142 70 89 55 52 72 35 49 52 64 1680 79 97 74 94 95 87 73 70 85 24 991 102 116 20 20 1136 60 553 102 65 85 750 36 894 844 2266 58 1454 70 30 45 99 2800 35 382 564 28 30 78 618 40
internal_value=0 0.000406191 0.00309711 0.00464967 -0.00429503 -0.0042921 -0.00532395 -0.00830343 0.00309073 0.0129555 -0.00471502 -0.00912832 -0.00758329 0.00215463 0.00462053 -0.000848012 -0.00632053 0.00737511 -0.00223982 -0.000323586 0.000175352 -0.00190058 0.000316984 -0.00166739 -0.00407888 -0.000457364 -0.00259034 0.00216199 -0.00319776 0.000464702 0.00484149 0.000406089 -0.00106064 -0.000369394 0.00771744 -0.00097269 -0.000441343 -0.000821003 -0.00245387 -0.00152915 0.00332756 -0.00966942 0.000592648 0.000460467 0.000250673 -0.00018211 0.00142968 -0.000575571 0.00104979 -0.00428255 -0.00279506 -0.000133719 -2.43175e-05 -0.000336365 -0.00275042 -0.00481717 -0.00323218 -0.0106677 -0.000964198 0.0038868 0.00126662 0.000393311
internal_weight=0 6984.73 542.031 451.412 90.6197 449.98 403.477 187.832 348.112 30.1705 131.587 57.1956 96.1986 317.941 163.544 54.7839 31.3342 108.76 215.645 149.494 6442.7 403.553 6039.14 416.924 236.258 154.397 108.542 49.3022 223.649 5622.22 74.2966 5547.92 623.206 568.808 39.4885 529.32 494.983 475.096 207.008 183.492 43.7277 23.5157 4924.72 4630.64 4151.97 2691.29 528.073 2163.22 1460.68 57.075 348.146 1815.07 1790.78 1658.46 253.023 204.826 183.165 42.8108 140.354 132.32 1403.6 817.518
internal_count=19342 18740 1025 843 182 602 544 361 752 137 274 160 231 615 263 159 107 104 183 116 17715 1220 16495 2723 1043 352 255 168 949 13772 121 13651 1539 1454 136 1318 1216 1196 879 720 167 159 12112 11121 10371 8153 3160 4993 2218 106 874 4119 4074 3897 1097 1039 1004 410 594 177 2112 1494
cat_boundaries=0 23 44 67 88 106 128 129 151 170 190 191
cat_threshold=4325376 553648128 1073741824 2 9232 33554432 256 524288 131072 4194320 0 2147483648 393219 0 262272 268448768 16777216 4096 268451840 16 0 0 128 1572864 32768 1048576 1073741840 33619968 0 20 0 262144 2155872256 2097152 536870916 0 0 268435456 67108864 276827584 32 80 131072 12 4194304 0 1073741824 0 9232 0 0 0 0 4194304 0 0 0 0 0 4096 16777216 0 16384 0 0 0 128 37892 1048576 128 0 37120 524288 134217728 1075838976 0 524288 71303168 64 2751463424 2147483648 1064960 0 1073741828 268435456 536870944 0 32 0 0 0 0 0 0 0 0 0 2155872256 0 0 0 0 0 0 8389632 32 134217808 2097152 536870912 536870913 16384 8192 2080 0 2147483648 0 20480 1048576 0 68157440 2147483648 12582924 51 163840 9216 32768 0 134217728 34345088 2048 0 285212672 134234112 32 32 8 67108864 0 0 0 69206016 640 134217728 134222095 64 512 2147565568 167772288 0 128 1024 0 256 2147483648 256 0 16384 33554432 142606344 0 0 2560 9216 1064960 8 0 3221225472 38273024 100663391 8 65536 352 2147483648 0 0 2101248 0 0 0 262656 512 0 16 0 0 1073741824 541720576 67108894 4194304 65540 3810820
is_linear=0
shrinkage=0.05


Tree=108
num_leaves=63
num_cat=12
split_feature=0 0 52 53 60 53 3 0 0 63 0 0 63 66 71 71 71 0 0 73 63 1 13 47 55 27 57 70 59 0 71 60 8 59 57 9 73 20 70 71 68 66 57 52 47 66 24 52 60 60 54 9 60 70 70 55 70 52 59 1 60 0
split_gain=3.19328 2.21124 1.67284 1.5233 1.13727 0.811688 0.779286 1.98778 1.43751 1.27794 1.16499 1.12815 0.824823 0.803624 1.58953 1.18617 0.783465 2.84474 1.41757 1.38751 2.50046 1.43822 1.51109 1.32599 1.00472 0.984388 1.03205 0.96547 1.24697 0.894816 0.789932 0.776824 1.01156 1.2624 1.0713 1.06113 0.772367 1.97673 1.15538 0.785825 1.22699 1.05658 0.770574 0.762181 0.729584 0.715631 0.711151 0.693787 0.767577 1.62963 1.22572 0.675235 0.674176 0.906037 0.659685 0.625523 0.625213 0.625741 0.961351 0.594675 0.593305 0.58083
threshold=0 1 -8.046511150867401 48.734383931395811 -178.51456360706837 -387.61046033828194 2016.5000000000002 2 3 30.504500000000004 4 5 2067.5229166666672 3.3450000000000006 6.8341615188366012 -4.6899266318713559 -2.2547218208956834 6 7 8 1864.9444444444446 10.500000000000002 -0.93301270189221919 89.208606467380392 -8.0564264860740646 0.25000000000000022 -25.503022744410931 2.4676506080014855 260.21268204217694 9 -22.718062829517248 14.894939790748177 2.5000000000000004 -7.8669218890072505 -6.25713227281594 11.750000000000002 10 0.6830127018922193 1.7690042746753118 -0.06451667351235843 0.83333333333333337 20.345000000000002 88.917467793873286 -537.56084607984565 -247.16653185588513 37.696666666666673 0.6830127018922193 628.90647601807223 -2.9830613222412228 114.57481923388811 25.858829133834963 20.892304845413268 28.74850316142944 1.4681191222886951 1.3279186592785468 -91.4738084570361 0.29770684970051225 -330.66106673315528 -5.4646559744467806 2.5000000000000004 6.7323164927260333 11
decision_type=9 9 2 2 2 2 2 9 9 2 9 9 2 2 2 2 2 9 9 9 2 2 2 2 2 2 2 2 2 9 2 2 2 2 2 2 9 2 2 2 2 2 2 2 2 2 2 2 2 2 2 2 2 2 2 2 2 2 2 2 2 9
left_child=3 2 5 4 -1 -2 7 9 43 45 -10 44 -13 14 15 -12 19 27 55 23 21 22 -21 46 -23 26 -24 28 -18 -28 -31 32 34 -34 -6 -35 37 -20 -39 40 -38 54 -41 -8 -9 -3 51 48 -4 50 -50 -15 -33 -54 -42 -19 -7 -58 -59 -11 -60 -32
right_child=1 6 47 -5 31 56 8 11 10 59 13 12 -14 16 -16 -17 17 18 36 20 -22 24 25 -25 -26 -27 29 -29 -30 30 61 52 33 35 -36 -37 39 38 -40 42 41 -43 -44 -45 -46 -47 -48 -49 49 -51 -52 -53 53 -55 -56 -57 57 58 60 -61 -62 -63
leaf_value=0.0058586272081943384 0.00698151634649272 -0.011909950726185954 0.0014581498024477673 -0.014930982091424839 -0.0044959901843542099 -0.0095080112791737625 0.0041714983061167301 0.013481753575760983 0.0024027952316181393 -0.01027100450811416 0.013070931565657043 0.0014221423439055927 -0.010705118833076082 0.00014127428935855607 -0.02615329783672541 -0.0052194224616376496 0.0053672995539732803 0.0030368009345869943 -0.00062419920361315875 -0.013371228166182973 0.006335279628412337 -0.021334552409675425 0.0018554070375721256 0.0058610597133335581 -0.0046820694597298094 -0.010968143707949671 0.0029402353044714977 0.01044361959576405 -0.0041234547720693602 -0.012273939121547419 0.0024075705640932907 0.0051854023009657484 0.0075612890941889853 -0.010294362506613197 -0.016508630166066119 0.0023472924829320355 0.006903897897387521 -0.0072685907968781972 -0.03351247997211431 0.00078614919326523811 -0.0013566758128783813 0.0015207141252069165 -0.005474036304880317 -0.0035759247721650848 0.004498950661497002 -0.038822052258561203 -0.0047193374507878971 0.0094193016511803906 0.0057753574427967629 -0.0021827626791417229 0.016101097889867882 -0.0048888202849701598 0.0038111944789459848 -0.0073200431145824668 -0.024178741455121267 -0.004600381301753634 -0.0055994883572661235 -0.0066976536098971575 0.00017114519149333959 -0.0013264928149162702 0.010031338025495043 -0.0048246082237041674
leaf_weight=28.494689302518964 28.57597953081131 11.480691490694879 154.88904794305563 33.184200501069427 33.806934103369713 24.557663483545184 34.308811001479626 26.156866684556007 435.49429899454117 20.972638418897986 10.166313661262391 744.38869277574122 14.290045559406279 1158.3154836436734 8.0813618646934611 69.212383726146072 183.73302994668484 30.292841635644436 612.13494633603841 35.66557296179235 62.857876181602478 20.008882774040103 122.14668201468885 88.381262443959713 16.549914645031095 32.813147195614874 40.436678126454353 66.213008671998978 42.641680032014847 32.151380985975266 30.467074573040009 29.020281346514821 20.791985066607594 52.832039685919881 41.152508379891515 24.204718757420778 131.20274630934 10.60450972709805 6.9373575476929537 755.06901661958545 5.8276478471234423 99.981656029820442 52.579375967383385 424.9145714379847 166.4329830929637 3.1474169809371224 91.42407326772809 72.763214871287346 91.975072093307972 43.046730533242226 41.802542429417372 70.795667032711208 27.203951941803098 55.734012363478541 6.9338791687041521 233.28006827458739 44.744470864534378 24.358715757727623 30.822671376168728 163.06224217265844 30.208429738879204 162.92422695923597
leaf_count=29 28 255 173 83 58 102 42 30 921 117 26 5086 8 945 60 478 238 59 2916 66 27 84 140 86 32 76 30 51 31 28 46 89 123 246 98 40 84 102 25 1464 81 293 67 1185 407 45 29 59 115 49 66 85 89 68 46 521 62 90 54 683 91 595
internal_value=0 0.000241564 0.00314875 -0.00461122 -0.00366518 -0.00076051 -3.27172e-05 0.00114479 -0.000293951 -0.00330981 -3.11827e-05 0.00208793 0.00117819 -0.000283288 -0.00502766 -0.00287691 -0.000185222 0.00045456 -0.000247987 -0.000913728 -0.00300253 -0.0042536 -0.00348957 -6.76011e-05 -0.0137961 -0.00265231 -0.00194927 0.00496326 0.00357955 -0.0036965 -0.00480375 -0.00461823 -0.00672042 -0.00337163 -0.0110909 -0.00632239 0.000293512 -0.00108127 -0.0176474 0.00111914 0.00361677 -0.000208573 0.0003786 -0.00293324 0.00543667 -0.0177004 -0.000464909 0.00499788 0.00402801 0.00627908 0.00900192 -0.000148455 -0.00137385 -0.00366896 -0.0137569 -0.00358655 -0.00219068 -0.000809827 0.00169997 -0.00234581 0.00505162 -0.00381022
internal_weight=0 6922.22 587.745 346.425 313.241 183.268 6334.48 1149.93 5184.55 198.663 4725.32 951.269 758.679 4289.83 87.4601 79.3787 4202.37 2237.43 1944.84 1964.94 556.021 493.164 456.605 1408.92 36.5588 420.939 388.126 292.588 226.375 265.979 225.543 284.746 172.788 97.8287 74.9594 77.0368 1681.27 629.677 17.5419 1051.59 243.946 112.743 807.648 459.223 192.59 14.6281 1320.54 404.477 331.713 176.824 133.778 1229.11 111.958 82.938 12.7615 263.573 154.692 130.134 85.3898 184.035 61.0311 193.391
internal_count=19402 18479 889 923 840 427 17590 6631 10959 1100 9732 5531 5094 8811 564 504 8247 5978 5658 2269 1124 1097 981 1145 116 915 839 320 269 699 669 811 565 409 156 286 5078 3043 127 2035 504 420 1531 1227 437 300 1059 462 403 230 181 1030 246 157 127 580 399 297 235 800 145 641
cat_boundaries=0 21 43 62 84 105 124 145 164 165 186 187 206
cat_threshold=5373952 17825792 2415919104 0 4096 33554464 0 1048576 131072 0 262144 3238002724 1074003968 134217728 1 1024 133472 2147516416 0 0 68 0 32768 1048576 536870962 40960 0 4096 524288 0 0 0 268435456 131094 0 4480 1350565904 17039876 16512 2 0 8 1024 1024 16 29360128 1 1024 0 268435494 2151677952 262656 9216 71303168 0 0 3072 131104 0 1 131072 140 40 67109216 0 0 16 2115584 0 0 0 2048 2100736 0 0 0 524288 2147483648 268959762 95 64 0 0 134217728 0 0 0 0 1152 134217728 8199 1077936128 262144 536870912 0 67108864 0 588251136 131072 4194304 2684354689 4325376 128 196736 128 4 0 0 0 16 16384 16 8 0 262144 524288 0 1048576 0 524288 2147483648 34078722 67108895 64 4096 0 512 134217728 0 1073750016 256 0 0 1342701616 36864 704643072 1 0 0 8448 1073741824 65536 843055104 0 48 134217792 524288 67108992 0 0 0 67728 2097152 81920 8388608 524288 0 0 0 2231386112 117445280 37748736 268435456 134225920 36524610 524288 0 0 0 0 0 0 0 0 268435456 0 0 0 0 0 0 0 0 0 276 16 1692548 0 0 0 0 0 0 262144 0 0 9216 0 0 0 0 0 0 0 0 171974656
is_linear=0
shrinkage=0.05


Tree=109
num_leaves=63
num_cat=12
split_feature=0 0 8 52 66 50 65 0 71 60 65 65 51 67 57 68 55 55 51 0 0 0 0 8 70 27 0 33 64 0 18 47 66 3 70 66 73 70 0 50 90 70 67 70 33 56 49 0 50 8 42 49 68 47 71 85 49 57 57 51 64 65
split_gain=2.46253 1.97878 1.29193 1.18646 1.24131 1.15798 1.08713 1.07832 0.971996 1.263 0.921967 0.917822 0.910183 0.812864 0.766787 0.757412 1.28324 0.756247 0.689953 3.20492 2.79881 1.93299 1.71834 1.38308 1.03609 0.894562 0.872783 0.930137 0.814517 0.80882 0.692048 0.665934 0.641082 0.980346 1.411 0.66546 0.63785 0.814782 0.709067 0.719044 0.610416 0.77808 0.609015 0.602814 0.621783 0.596533 0.590147 0.57405 1.13216 0.570006 0.683569 0.777287 0.557751 0.535257 0.892827 0.584459 0.501445 0.66285 0.893731 0.500223 0.498838 0.752815
threshold=0 1 1.5000000000000002 143.5456034706512 4.416666666666667 -0.35337095404226732 1211.7150000000004 2 60.7809563481052 643.84270290831569 19.030000000000005 360.88500000000005 97.314646247701589 96.825000000000017 8.4924674458402514 0.83333333333333337 37.042660328404367 20.552872795084692 -2.9268534338156615 3 4 5 6 1.5000000000000002 3.0000872676498824 0.68301270189221941 7 -1.8660254037844384 1376.4525000000003 8 0.6830127018922193 609.52117792362685 80.833333333333357 2020.5000000000002 0.9063383457315447 127.64833333333335 9 9.2920259767912281 10 662.17926504670197 1.0000000180025095e-35 1.0418584053757438 708.50500000000011 1.6469521403166285 -1.0000000180025095e-35 2.9189438590914092 237.73503138833885 11 -30.616072633864572 1.5000000000000002 1.0000000180025095e-35 27.180768953774308 0.83333333333333337 -18.527165528699157 -0.18677281758271841 1.0000000180025095e-35 -10.449933639927115 -12.918409271560565 -46.270792498487658 -20.023931838111377 26.130000000000003 168.00500000000002
decision_type=9 9 2 2 2 2 2 9 2 2 2 2 2 2 2 2 2 2 2 9 9 9 9 2 2 2 9 2 2 9 2 2 2 2 2 2 9 2 9 2 2 2 2 2 2 2 2 9 2 2 2 2 2 2 2 2 2 2 2 2 2 2
left_child=2 3 11 4 -2 6 7 60 9 10 13 -1 40 59 47 -16 -17 56 20 23 32 24 28 -20 -21 29 31 -28 45 -24 36 46 33 34 -3 -34 37 42 -38 -40 41 -7 -29 44 -32 -22 -23 -12 -49 -47 -51 -52 -35 55 -55 -25 57 58 -9 -4 -6 -62
right_child=1 18 8 -5 5 12 -8 17 -10 -11 14 -13 -14 -15 15 16 -18 -19 19 21 22 26 25 53 -26 -27 27 30 -30 -31 43 -33 35 52 -36 -37 38 -39 39 -41 -42 -43 -44 -45 -46 49 -48 48 -50 50 51 -53 -54 54 -56 -57 -58 -59 -60 -61 61 -63
leaf_value=0.010563071406467251 -0.017896910742046291 -0.0065139682474088011 0.0095414364485142296 0.0016405194447927552 0.0067976139417225126 0.0011756781403607424 -0.015730540543689098 -0.0044925514808136406 0.0095208537601462473 -0.0071333666930022193 0.0021077033079027504 0.0030734924880604273 0.012306079337774577 0.01458073156145772 0.0084622278192405722 0.0064657252447068801 -0.0030450117093595071 4.9076067117152584e-05 0.012969166228777959 -0.0040536182354124857 0.011979762301729013 0.0018047956323868951 -0.0017230555274528076 0.0054598617352394838 -0.012539414689402001 -0.0023106714526953563 -0.011281490789527572 0.0010932781946185143 -0.0043185549474238421 0.0010043000000035593 -0.0079399522467081367 -0.0052546027940858662 0.0042304986474001258 0.0058575774034714811 -0.026149930695373382 -0.0040171807391525182 0.0017603334652402964 0.0050716993070558823 -0.0018796403530952563 0.0073043511147249194 0.0077050531477307008 -0.012011453566691038 -0.0049065998332212743 -0.0086534164225130945 0.0015708214840452655 0.0096941522922536546 0.0096140199050267147 -0.0066350711364352418 0.0023667902561246975 0.0045400327330441326 -0.012185769295740403 0.0036000277525817352 -0.008528021087716036 0.008944965820659314 -0.00038085676222422856 -0.0035263949654462919 -0.015504649695853037 -0.0032584483011031786 -0.024196867767411853 -0.0055881038804172301 -0.0073811637060190415 0.0040229627301473121
leaf_weight=79.553596436977386 18.145938616245985 25.323896609246731 10.199231466278436 79.534013077616692 20.33080037124455 26.090980821289122 26.572159558534622 11.627186359837653 36.827024295926094 42.618185579776764 97.519947499036789 84.201037526130676 14.351490728557108 25.328387293964624 54.408688873052597 68.267994068562984 73.814412605017424 20.956176854670048 44.324519246816635 208.41841122508049 29.016380988061428 239.69070438202471 297.42573378793895 29.405658900737762 43.47443724796176 270.08128632977605 22.421527281403542 170.72530664131045 24.480536937713623 2441.1737559223548 26.219173376448452 30.083630859851837 27.689043119549751 13.639158194884658 14.32338162884116 209.50428082793951 164.64503310061991 97.51538772881031 1115.1006364803761 21.727666467428207 13.268691692501305 19.580055771395564 56.222659140825272 52.957459425553679 49.873796342406422 42.624345317482948 26.908679902553558 83.31006995216012 60.145277541130781 181.84086197242141 14.060115687549116 17.509047742933035 13.316323067061603 67.321262076497078 41.476294830441475 47.037383507937193 32.109810514375567 34.012897349894047 11.394048381596802 11.765516415238379 32.432912517338991 26.130171529948711
leaf_count=60 117 209 29 94 58 123 24 42 39 45 141 53 24 26 59 95 122 54 66 327 25 579 954 64 81 630 75 391 29 6466 92 24 96 35 59 321 893 10 4540 25 41 88 47 95 209 54 24 121 93 421 73 41 67 169 148 111 96 72 59 72 95 44
internal_value=0 -0.000281919 0.0027642 -0.00370607 -0.00521191 -0.00441504 -0.00626097 -0.00492957 0.00166739 0.00111897 0.00184449 0.006712 0.00101426 0.00847638 0.00112753 0.00344573 0.00152472 -0.00779007 -6.20221e-05 -0.0006912 0.00038173 -0.001251 0.000805325 0.00482508 -0.00530749 0.00043328 -0.000735247 -0.00115561 0.00429491 0.000705471 -0.00103282 0.00173865 -0.00413537 -0.00860601 -0.0136079 -0.00305438 -0.000753099 0.00121196 -0.00124276 -0.00168925 -0.00173524 -0.0044779 -0.000393094 -0.00455713 -0.00170628 0.00518532 0.002593 -0.000762721 -0.0026745 0.00441531 0.00336096 -0.00343057 -0.00124908 0.00313683 0.00538973 -6.96147e-05 -0.0105068 -0.00769303 -0.0142449 0.00143723 4.41988e-05 -0.00229277
internal_weight=0 6564.1 727.959 386.537 307.003 288.857 215.566 188.994 564.205 527.378 484.76 163.755 73.2912 47.2931 437.466 196.491 142.082 110.1 6177.56 2555.55 3622.01 2325.98 3318.21 229.565 251.893 3008.68 2074.09 1777.41 309.531 2738.6 1754.99 296.683 303.796 66.6028 39.6473 237.193 1625.94 324.463 1301.47 1136.83 58.9397 45.671 226.948 129.05 76.093 285.051 266.599 240.975 143.455 256.034 213.41 31.5692 26.9555 185.241 108.798 76.443 89.1439 57.0341 23.0212 21.9647 78.8939 58.5631
internal_count=19436 18481 955 1031 937 820 544 520 842 803 758 113 276 127 631 276 217 323 17450 7970 9480 7412 8693 558 408 8050 7004 6377 643 7420 6302 627 787 370 268 417 5906 448 5458 4565 252 211 438 396 301 614 603 355 214 589 535 114 102 492 317 175 269 173 101 101 197 139
cat_boundaries=0 21 44 61 82 102 121 140 162 184 185 204 221
cat_threshold=524288 32768 0 32 16768 8192 16656 524288 0 262144 0 8388608 17 0 268435456 2147483664 527394 4096 139328 131093 4 4325376 270532608 805306368 134217985 45056 33570816 4 8 0 0 524288 1073741824 393216 0 17825792 0 268435584 0 32 0 112 0 128 0 2097152 0 134217984 40960 16384 0 0 0 0 0 1073741824 0 0 17825792 0 268435584 268435462 1073741952 2155872256 18 0 0 0 1277165568 196608 0 0 0 128 0 71303170 1140855872 1107296513 4 134217728 65536 128 1024 128 2148007936 17554 0 32 32 2097152 196608 0 262144 536870912 0 0 67109120 71308288 1124073745 147456 0 65536 65536 536870912 1090519552 0 66560 1073741824 0 4194304 278528 268435472 16384 0 2 2281701376 134219776 1 545260032 4194369 301989890 32768 536870912 1074790400 0 65536 2101248 134221824 4194304 262144 25 33792 67108865 2 1207959552 2048 8388609 64 65632 536936450 2100224 0 524288 1610612736 16 2080 74880 2147483648 0 64 8192 0 66048 16777217 2125824 128 2151677968 131072 0 32768 8 1024 2099210 1074790464 8388608 0 34078720 0 8321 1207959552 0 1074274304 16779776 0 16384 536870912 0 516 0 33554564 134217728 0 0 134217728 33574912 134217760 320 0 0 524320 0 3 0 0 8192 553648128 152 17858564 536922152 33554440 268435456 0 0 4 0 0 0 32 16640 0 0 0 0 262144 0 0 0 0 0 2147483648 32
is_linear=0
shrinkage=0.05


end of trees

feature_importances:
unique_id=665
same_month_max_3y=537
same_month_mean_3y=459
year=362
seasonal_amplitude_ratio=328
last_nonzero_value=308
median_nonzero_12=281
mean_nonzero_12=272
rolling_12_slope=235
lag_12=183
roll_mean_12=172
diff12=171
same_month_nonzero_rate_3y=158
year_idx=153
lag_1=153
roll_std_3=147
lag_6=142
roll_std_6=137
item_type_month_cos=124
roll_std_12=118
item_type=108
lag_2=102
item_type_month_sin=97
roll_mean_6=95
lag_24=94
roll_mean_3=94
lag_3=92
name=91
diff1=82
month=79
month_cos=59
name_tok_11_month_sin=40
name_tok_15_month_sin=40
name_tok_15_month_cos=37
name_tok_1_month_cos=32
name_tok_9_month_sin=29
name_tok_3_month_cos=28
name_tok_10_month_cos=28
item_month_nonzero_rate=26
month_sin=25
name_tok_4_month_cos=24
name_tok_2_month_cos=21
name_tok_11_month_cos=20
name_tok_1=20
name_tok_6_month_sin=19
name_tok_1_month_sin=18
name_tok_0_month_sin=17
name_tok_2_month_sin=15
name_tok_3_month_sin=15
name_tok_12_month_cos=14
name_tok_15=14
name_tok_9_month_cos=12
name_tok_10_month_sin=12
name_tok_13_month_sin=12
name_tok_0_month_cos=11
name_tok_9=11
name_tok_13=11
name_cluster_id_month_cos=10
name_tok_5_month_cos=10
name_tok_0=10
name_tok_13_month_cos=9
name_tok_14_month_sin=9
name_tok_14_month_cos=9
name_tok_2=9
quarter=8
name_tok_4_month_sin=8
name_tok_8_month_cos=7
Status=7
name_tok_3=7
quarter_sin=6
name_tok_5_month_sin=6
name_tok_6=6
name_tok_14=6
name_cluster_id_month_sin=5
name_tok_6_month_cos=5
name_tok_7_month_cos=4
name_tok_12_month_sin=4
name_tok_4=4
name_tok_10=4
name_tok_12=4
quarter_cos=3
name_tok_7_month_sin=3
name_tok_8=3
name_tok_11=3
Status_month_sin=1
name_tok_8_month_sin=1

parameters:
[boosting: gbdt]
[objective: tweedie]
[metric: l2]
[tree_learner: serial]
[device_type: cpu]
[data_sample_strategy: bagging]
[data: ]
[valid: ]
[num_iterations: 2000]
[learning_rate: 0.05]
[num_leaves: 63]
[num_threads: 0]
[seed: 42]
[deterministic: 0]
[force_col_wise: 0]
[force_row_wise: 0]
[histogram_pool_size: -1]
[max_depth: -1]
[min_data_in_leaf: 50]
[min_sum_hessian_in_leaf: 0.001]
[bagging_fraction: 0.8]
[pos_bagging_fraction: 1]
[neg_bagging_fraction: 1]
[bagging_freq: 1]
[bagging_seed: 400]
[feature_fraction: 0.8]
[feature_fraction_bynode: 1]
[feature_fraction_seed: 30056]
[extra_trees: 0]
[extra_seed: 12879]
[early_stopping_round: 0]
[early_stopping_min_delta: 0]
[first_metric_only: 0]
[max_delta_step: 0]
[lambda_l1: 0]
[lambda_l2: 0]
[linear_lambda: 0]
[min_gain_to_split: 0]
[drop_rate: 0.1]
[max_drop: 50]
[skip_drop: 0.5]
[xgboost_dart_mode: 0]
[uniform_drop: 0]
[drop_seed: 17869]
[top_rate: 0.2]
[other_rate: 0.1]
[min_data_per_group: 100]
[max_cat_threshold: 32]
[cat_l2: 10]
[cat_smooth: 10]
[max_cat_to_onehot: 4]
[top_k: 20]
[monotone_constraints: ]
[monotone_constraints_method: basic]
[monotone_penalty: 0]
[feature_contri: ]
[forcedsplits_filename: ]
[refit_decay_rate: 0.9]
[cegb_tradeoff: 1]
[cegb_penalty_split: 0]
[cegb_penalty_feature_lazy: ]
[cegb_penalty_feature_coupled: ]
[path_smooth: 0]
[interaction_constraints: ]
[verbosity: -1]
[saved_feature_importance_type: 0]
[use_quantized_grad: 0]
[num_grad_quant_bins: 4]
[quant_train_renew_leaf: 0]
[stochastic_rounding: 1]
[linear_tree: 0]
[max_bin: 255]
[max_bin_by_feature: ]
[min_data_in_bin: 1]
[bin_construct_sample_cnt: 200000]
[data_random_seed: 175]
[is_enable_sparse: 1]
[enable_bundle: 1]
[use_missing: 1]
[zero_as_missing: 0]
[feature_pre_filter: 1]
[pre_partition: 0]
[two_round: 0]
[header: 0]
[label_column: ]
[weight_column: ]
[group_column: ]
[ignore_column: ]
[categorical_feature: 0,72,73,74]
[forcedbins_filename: ]
[precise_float_parser: 0]
[parser_config_file: ]
[objective_seed: 16083]
[num_class: 1]
[is_unbalance: 0]
[scale_pos_weight: 1]
[sigmoid: 1]
[boost_from_average: 1]
[reg_sqrt: 0]
[alpha: 0.9]
[fair_c: 1]
[poisson_max_delta_step: 0.7]
[tweedie_variance_power: 1.3]
[lambdarank_truncation_level: 30]
[lambdarank_norm: 1]
[label_gain: ]
[lambdarank_position_bias_regularization: 0]
[eval_at: ]
[multi_error_top_k: 1]
[auc_mu_weights: ]
[num_machines: 1]
[local_listen_port: 12400]
[time_out: 120]
[machine_list_filename: ]
[machines: ]
[gpu_platform_id: -1]
[gpu_device_id: -1]
[gpu_use_dp: 0]
[num_gpu: 1]

end of parameters

pandas_categorical:[]
