tree
version=v4
num_class=1
num_tree_per_iteration=1
label_index=0
max_feature_idx=91
objective=regression
feature_names=unique_id month quarter year month_sin month_cos quarter_sin quarter_cos year_idx item_type_month_sin item_type_month_cos Status_month_sin Status_month_cos name_cluster_id_month_sin name_cluster_id_month_cos name_tok_0_month_sin name_tok_0_month_cos name_tok_1_month_sin name_tok_1_month_cos name_tok_2_month_sin name_tok_2_month_cos name_tok_3_month_sin name_tok_3_month_cos name_tok_4_month_sin name_tok_4_month_cos name_tok_5_month_sin name_tok_5_month_cos name_tok_6_month_sin name_tok_6_month_cos name_tok_7_month_sin name_tok_7_month_cos name_tok_8_month_sin name_tok_8_month_cos name_tok_9_month_sin name_tok_9_month_cos name_tok_10_month_sin name_tok_10_month_cos name_tok_11_month_sin name_tok_11_month_cos name_tok_12_month_sin name_tok_12_month_cos name_tok_13_month_sin name_tok_13_month_cos name_tok_14_month_sin name_tok_14_month_cos name_tok_15_month_sin name_tok_15_month_cos lag_1 lag_2 lag_3 lag_6 lag_12 lag_24 roll_mean_3 roll_std_3 roll_mean_6 roll_std_6 roll_mean_12 roll_std_12 diff1 diff12 zero_ratio_12 nonzero_run_length mean_nonzero_12 median_nonzero_12 last_nonzero_value same_month_mean_3y same_month_max_3y same_month_nonzero_rate_3y item_month_nonzero_rate seasonal_amplitude_ratio rolling_12_slope name item_type Status name_cluster_id name_tok_0 name_tok_1 name_tok_2 name_tok_3 name_tok_4 name_tok_5 name_tok_6 name_tok_7 name_tok_8 name_tok_9 name_tok_10 name_tok_11 name_tok_12 name_tok_13 name_tok_14 name_tok_15
feature_infos=-1:6:21:30:37:38:39:40:53:88:95:109:141:227:251:329:331:333:348:361:362:364:365:366:369:370:371:396:398:399:400:404:417:418:419:420:421:422:423:424:425:426:453:479:482:484:575:577:578:579:582:583:584:36:86:138:140:142:144:349:360:367:96:143:165:431:416:395:397:376:265:375:97:363:379:382:380:381:330:372:377:347:250:351:373:378:220:254:350:352:368:122:354:355:427:428:429:356:216:217:255:106:405:406:297:298:299:301:306:340:341:342:343:344:345:346:581:302:132:357:358:219:580:87:90:247:248:435:436:437:438:439:407:408:463:246:359:104:105:440:441:464:465:466:47:221:244:245:110:467:2:10:193:194:196:197:202:311:503:504:510:511:512:513:531:534:544:545:547:548:549:550:560:561:566:569:570:171:442:444:445:243:274:64:174:273:483:485:62:480:481:586:179:546:181:409:410:411:412:443:623:624:625:16:3:4:537:100:126:469:413:414:470:153:468:28:307:84:415:51:332:446:23:514:172:92:101:52:335:336:447:133:135:147:155:334:184:190:472:473:489:491:536:338:593:125:474:475:11:94:199:540:146:530:604:287:288:487:603:605:123:270:339:476:102:103:173:290:291:293:294:31:205:430:615:1:12:56:58:156:203:195:505:403:449:492:502:551:136:192:210:206:207:401:572:450:451:616:272:292:535:15:57:249:402:556:558:559:592:608:59:60:61:204:316:318:319:529:610:612:317:506:508:571:516:517:518:519:520:521:522:93:185:383:598:9:17:19:20:22:27:29:33:35:66:71:73:74:208:211:268:276:308:320:328:384:448:454:462:486:488:490:493:523:532:533:602:634:642:643:644:649:669:682:684:693:711:5:75:76:115:159:256:260:310:323:541:568:594:645:646:647:699:700:137:163 [1:12] [1:4] [2009:2022] [-1:1] [-1:1] [-1:1] [-1:1] [1:14] [-25:25] [-25:25] [-1:1] [-1:1] [-1:1] [-1:1] [-2:2] [-2:2] [-3:3] [-3:3] [-2:2] [-2:2] [-2:2] [-2:2] [-2:2] [-2:2] [-2:2] [-2:2] [-3:3] [-3:3] [-2:2] [-2:2] [-2:2] [-2:2] [-5:5] [-5:5] [-3:3] [-2.598076211353316:3] [-3:3] [-3:3] [-2:2] [-2:2] [-3:3] [-3:3] [-2:2] [-2:2] [-3:3] [-3:3] [-2078.099154440155:8282.9432640239247] [-2078.099154440155:8282.9432640239247] [-2078.099154440155:8282.9432640239247] [-2078.099154440155:8282.9432640239247] [-2523.4232419562427:8282.9432640239247] [-2266.4736758241761:7928.942263993059] [-1986.8896653796662:4198.9412639621942] [0:4197.1470017007423] [-1638.4728609593574:2094.4812447633271] [0:3634.7992111561171] [-883.79501685864216:1072.3486682314444] [0:2902.9487079622404] [-7761.8332499974285:8969.1667500025724] [-5001.9840731504064:4997.8459268495944] [0:1] [0:21] [0:4499.0683333333336] [0:4429.6750000000002] [0:9991] [0:8165] [0:8440] [0:1] [0:1] [0:1624.9400000000001] [-482.66541782959581:564.68423252005425] -1:27:30:34:36:64:97:103:105:106:259:265:266:268:274:275:278:282:287:288:289:299:305:316:323:325:328:331:332:334:356:362:369:377:384:408:409:411:426:445:494:513:514:531:538:541:550:591:622:625:640:672:714:203:204:206:366:379:495:267:270:301:205:355:378:508:28:26:41:90:393:76:348:88:89:294:81:83:273:626:74:276:281:526:146:87:261:512:269:292:297:23:284:304:373:466:374:286:7:9:509:38:398:25:50:52:54:55:56:57:62:108:449:450:451:452:154:183:291:306:491:150:370:357:358:595:14:684:687:689:690:691:66:49:272:262:271:341:340:682:688:277:293:295:392:8:511:594:104:280:93:399:412:424:427:440:517:518:592:615:618:619:623:628:629:630:631:634:635:636:641:643:644:645:646:649:650:666:692:695:696:95:663:96:413:423:540:543:0:533:668:324:457:418:421:31:32:33:40:479:481:482:686:665:400:675:520:285:345:463:29:43:283:300:403:111:667:42:528:432:620:693:653:603:420:344:360:107:433:676:697:490:337:401:485:487:290:303:414:422:522:607:610:60:330:279:298:465:364:436:516:525:486:713:321:536:677:678:319:329:464:51:405:302:425:504:505:506:507:616:703:527:638:148:654:229:307:515:530:674:708:648:712:35:604:605:683:710:410:489:617:39:431:443:627:318:694:702:404:503:523:1:37:442:673:320:600:602:606:704:110:112:115:312:458:524:529:551:552:671:114:642:647:709:656:657:658:659:661:662:664:85:314:389:611:2:3:4:5:12:18:20:21:22:44:63:78:102:119:130:134:159:161:166:170:211:235:313:317:368:381:428:444:470:473:477:478:484:535:544:545:567:579:588:597:599:685:17:92:113:165:232:252:350:402:407:467:468:472:510:547:549:633:639:61:263 -1:7:25:20:21:12:4:18:10:16:24:23:13:6:9:17:11:2:22:3:1:19:5:14:8 -1:0:1 none [0:2] [0:3] [0:2] [0:2] [0:2] [0:2] [0:3] [0:2] [0:2] [0:5] [0:3] [0:3] [0:2] [0:3] [0:2] [0:3]
tree_sizes=6587 6739 6611 6634 6651 6581 6584 6735 6739 6738 6707 6644 6781 6584 6845 6632 6716 6772 6768 6772 6839 6781 6813 6816 6789 6956 6792 7051 6857 6854 7001 6777 6867 6901 6858 6886 6924 6767 6869 6969 6871 6906 6861 6936 7044 6922 7001 6846 6666 7033 6866 6789 7111 6901 6941 7005 6999 6988 6865 6976 6981 6854 6979 6876 6789 6758 6644 6857

Tree=0
num_leaves=63
num_cat=0
split_feature=66 1 71 66 49 71 70 60 66 70 49 47 70 66 47 20 10 47 63 66 54 47 3 46 49 64 47 3 70 70 3 71 3 14 27 19 63 8 49 57 47 57 70 10 52 64 85 56 3 49 57 20 64 87 77 70 70 56 9 71 56 56
split_gain=2.29015e+06 1.18661e+06 353676 296559 252306 131483 109274 76575.9 78123.3 72039.7 75094.2 57488.7 52821.9 94314 42935.4 39643.5 34218.1 30543.6 28878.1 28281 27835.8 23413.3 21920.1 28330.4 21107.5 20506.6 20195.4 19611.6 41554.4 19110 37874.7 30479.6 16169.9 13636.4 13010 12564.5 11818.6 11677.6 11633.9 10826.2 11233.1 10648.1 10277.2 9897.52 9088.34 10705.9 8661.94 8543.71 8279.64 7908.07 7551.81 7512.59 7196.74 6997.11 6865.18 6802.05 6432.59 6344.32 5769.7 5626.21 5552.12 5503.9
threshold=1910.4633333333334 10.500000000000002 -84.028006369423551 648.34333333333359 -261.88770471303496 9.7221617380989631 0.3630645816159554 -214.46258510533954 1083.0100000000002 1.0000223458987392 -556.06587730063654 -488.75312200965749 1.63112827840568 283.37166666666673 -156.63259759759757 0.25000000000000017 8.8301270189221963 -379.14308550799035 1056.4887500000002 116.47333333333334 2.2515179121745246 47.400442787363353 2018.5000000000002 -1.0000000180025095e-35 -57.423783621290319 910.04000000000008 -346.44177014236396 2017.5000000000002 1.7026086927820485 1.6097118340037258 2018.5000000000002 0.3463339324338135 2019.5000000000002 -0.68301270189221908 -0.6830127018922193 0.68301270189221941 715.21590909090912 2.5000000000000004 -345.97447039581465 -57.333467651090835 -130.27087450668731 -157.24282587610017 0.44612231662210117 16.727241335952172 370.71794862904102 946.69500000000005 1.0000000180025095e-35 195.19013550281457 2019.5000000000002 -379.61951515244516 18.16794124454136 -1.0000000180025095e-35 400.94250000000005 1.0000000180025095e-35 1.0000000180025095e-35 1.0909472997791532 0.29321931576188998 84.647697081328388 -19.959292143521036 5.4590008887556198 166.94946347372567 162.79966901093488
decision_type=2 2 2 2 2 2 2 2 2 2 2 2 2 2 2 2 2 2 2 2 2 2 2 2 2 2 2 2 2 2 2 2 2 2 2 2 2 2 2 2 2 2 2 2 2 2 2 2 2 2 2 2 2 2 2 2 2 2 2 2 2 2
left_child=2 -2 9 4 6 17 11 -7 16 10 35 -4 14 19 22 34 21 -5 -10 -14 -21 -9 23 -6 41 47 -24 54 -29 30 31 -8 33 -27 -15 -1 -32 -31 -12 -36 -41 -16 51 59 45 55 49 -26 -49 -13 57 -25 -50 -28 -19 58 -35 -42 -43 -22 -46 -44
right_child=1 -3 3 5 12 7 29 8 18 -11 38 46 13 15 24 -17 -18 27 -20 20 43 -23 26 42 25 32 53 28 -30 37 36 -33 -34 56 39 -37 -38 -39 -40 40 50 44 61 -45 60 -47 -48 48 52 -51 -52 -53 -54 -55 -56 -57 -58 -59 -60 -61 -62 -63
leaf_value=-32.488558836372682 33.005330608667037 151.92226210493217 -37.735971186799311 -6.482627957858103 15.181507195981956 1.0257954194140821 -4.3636739754873499 19.043572364205517 46.94160253673784 0.26643343670434094 -21.850236433221845 -24.164809366982013 1.3451829815785594 13.973836632269665 5.6588871312878144 21.766430511206867 27.964529462143002 -6.0898096403159325 27.020216383016294 8.7082180783651602 2.2698944497421336 2.9415297722384235 -13.523401470718541 -13.90090060933778 0.83863602097908663 -0.48436193111203063 -2.8545324066661708 2.4334295659928196 20.589234921794862 10.56301340455132 -7.2566683940160157 20.158773967092568 2.196666176403975 17.077138087570919 2.8419643861676822 -47.147855132455902 -16.720999233892361 -1.8964496832010393 -11.269556031670678 16.178729803842653 4.3510536398803739 2.275104297523896 -2.6171815373592131 -2.1895036458411874 -3.0635313168782248 5.2802297222465757 -9.668553698410026 1.6274491662259756 -1.4200567607006191 -15.138917494421213 1.5202245924856976 -2.3930863951318893 -7.5333340439845742 -8.6295566038854474 5.2780885800935948 0.84810235267942469 8.3543781959276568 12.003896044791873 -2.0193129689337677 5.2929636306499717 -12.642898567054926 7.6157658902248517
leaf_weight=0.37856596754863869 0.50439495453610916 0.35914676380343735 0.329036379233003 0.4934290801174942 0.29264247277751554 0.40631367964670095 0.32123801857233125 0.5239072544500234 0.40324739110656072 0.3633296932093798 0.48213563952594995 0.31413171021267761 84.802381807472557 0.61701130401343096 0.58888374385424214 0.53402403835207213 0.53937487700022757 0.27005990734323759 0.33143289387226105 2.5033727013505978 4.4980123767163604 0.39669782808050513 0.71645943145267654 0.22737233829684544 160.08990097045898 0.24941034242510796 2.2973101828247318 0.67212413111701585 0.59339875774458051 0.30567302578128863 1.0707671537529675 0.20925342501141131 1.9480265704914925 0.43299478129483693 1.4735826498363165 0.2381066910456866 0.47671412653289724 0.48875905550085008 0.56337494566105217 0.38379779644310508 0.4527890915051096 0.83750042831525817 0.24699864932335913 0.93151368061080564 0.35671671619638701 0.66065473644994277 0.5291783888824283 1.161986886058002 1.3249799560289832 1.0668856324627984 0.49522799323312927 0.37693019234575231 0.75617551128379989 0.67968835704959918 0.26132468413561583 3.1889227947685876 0.41291292500682175 0.6738709039054811 11.832457829965273 2.3396150120534003 0.26262065907940269 0.28078016871586442
leaf_count=77 62 76 84 86 58 52 68 77 72 30 102 72 4190 68 46 94 51 76 40 56 474 51 91 63 11479 60 190 83 57 19 127 50 24 111 134 62 59 108 91 31 63 43 56 96 64 83 88 242 84 184 60 94 58 56 65 356 77 73 1468 166 48 64
internal_value=1.10161 82.4628 0.920558 1.06165 0.858532 13.2721 -10.153 20.9647 24.6561 -19.9022 -24.3108 -18.4328 1.05334 1.98469 0.5626 8.95299 17.9642 4.53608 37.9546 1.64532 4.12303 12.105 -3.95456 1.31391 0.68818 0.862938 -5.98684 7.56181 10.9466 -3.69826 -6.21992 5.30926 4.92954 9.78998 7.28253 -38.1487 -10.1722 2.89757 -16.1488 6.0959 8.48658 -0.95194 -2.27085 2.64559 -1.17909 -0.956146 -15.1078 0.787166 -1.75354 -17.192 6.66633 -6.72297 -3.64128 -4.17305 -0.499297 -1.21594 12.8193 8.92832 -1.73545 3.30429 -7.12552 2.82678
internal_weight=0 0.863542 300.956 298.93 294.039 4.89131 5.11164 2.60097 2.19466 2.02551 1.66218 2.23923 288.928 99.7052 189.222 4.6303 1.45998 2.29034 0.73468 95.0749 10.2725 0.920605 5.11818 1.42472 184.104 166.376 3.69346 1.79691 1.26552 2.8724 2.07797 0.530491 3.04334 1.09532 4.09628 0.616673 1.54748 0.794432 1.04551 3.47927 2.00569 17.7278 1.13208 7.76914 17.1389 16.5195 1.9102 163.333 3.24314 1.38102 1.62189 0.604303 2.08116 2.977 0.531385 15.8589 0.845908 1.12666 12.67 6.83763 0.619337 0.527779
internal_count=22489 138 22351 21989 21279 710 859 343 291 362 332 428 20420 5505 14915 523 179 367 112 4982 792 128 672 335 14243 12135 337 281 140 431 304 118 272 248 429 139 186 127 193 361 227 2108 277 736 2062 1950 344 11863 384 256 196 157 142 246 141 1867 188 136 1511 640 112 120
is_linear=0
shrinkage=1


Tree=1
num_leaves=63
num_cat=1
split_feature=66 55 55 66 58 55 6 65 58 66 10 51 66 58 65 87 58 50 47 10 63 10 47 55 47 58 66 66 37 66 65 66 65 50 49 51 1 58 1 34 57 14 63 47 65 58 65 66 66 8 50 55 5 87 57 63 34 1 55 72 58 54
split_gain=1.87086e+06 1.00882e+06 445176 279548 99636.5 73730.8 86215.1 77801.4 67996.1 102731 60333.7 97879.1 58617.5 54955.1 51521.3 43263.2 43111.9 39344.8 38022.9 32568.5 27702.5 25965.2 21211.1 20728.2 18486.7 17220.8 15521.6 15376 13528.9 13004.3 11896 11530.1 11115.9 10263.9 9521.82 9446.08 9421.25 8869.69 8684.6 8659.86 8502.22 8447.21 7652.62 7481.57 7006.01 6727.9 6380.69 6313.31 5966.89 5900.28 5729.82 5700.64 5215.16 5090.83 5041.07 4828.36 4562.79 4005.95 3895.6 3589.49 3537.79 3448.17
threshold=1910.4633333333334 206.40023111125794 -253.6660470022023 857.41166666666675 1613.888945611425 23.175840297958583 0.50000000000000022 685.35000000000014 531.35399256939138 207.98666666666671 10.196152422706634 -352.81226576307625 404.90500000000003 1322.3008048206154 181.07000000000002 1.0000000180025095e-35 587.44113398227216 -238.54751717699864 -156.63259759759757 5.7500000000000009 886.21416666666676 4.7500000000000018 -448.1195663857938 46.532249321871028 -659.99885316094174 160.53596920517677 207.98666666666671 439.71166666666676 0.25000000000000022 214.03666666666672 2.9750000000000005 159.7416666666667 66.02500000000002 -223.38667982700397 -214.84740653437191 1071.3544155899992 10.500000000000002 105.35491072537472 4.5000000000000009 1.0000000180025095e-35 121.88555030093993 -0.68301270189221908 835.38666666666688 -287.81979178041428 22.970000000000002 306.32283145104844 544.1500000000002 76.858333333333348 17.35166666666667 2.5000000000000004 67.647672253258818 -30.826468678636918 -0.5 1.0000000180025095e-35 13.173437953193522 374.3366666666667 -1.0000000180025095e-35 3.5000000000000004 3.1779583398355915 0 263.63355489127201 144.11288470332133
decision_type=2 2 2 2 2 2 2 2 2 2 2 2 2 2 2 2 2 2 2 2 2 2 2 2 2 2 2 2 2 2 2 2 2 2 2 2 2 2 2 2 2 2 2 2 2 2 2 2 2 2 2 2 2 2 2 2 2 2 2 9 2 2
left_child=2 -2 4 8 16 49 7 -7 12 13 15 -12 18 40 19 17 31 -11 34 44 25 -9 61 41 -6 29 30 -25 36 37 -27 -1 -31 -32 -4 45 -28 48 -24 -33 42 -16 -10 -40 -14 -22 -29 -35 -20 -5 -47 53 -48 60 -43 58 -57 -49 -34 -50 -36 -18
right_child=1 -3 3 5 24 6 -8 21 9 10 11 -13 14 -15 23 -17 22 -19 20 -21 35 -23 38 27 -26 26 28 46 -30 32 33 39 55 47 51 -37 -38 -39 43 -41 -42 54 -44 -45 -46 50 52 57 59 -51 -52 -53 -54 -55 -56 56 -58 -59 -60 -61 -62 -63
leaf_value=-13.387109709657672 15.299531488866435 125.59899334384252 -8.0112149571714006 9.2183358001885392 -47.392035793291328 45.069384710662185 3.9428479061011852 29.186564047352267 -17.809620947453421 -22.389773794854349 31.415754662724982 -5.1926430949859572 11.404249784579658 -36.851408964872732 -3.6333341154810848 6.4018493222587054 -23.588507426973486 -2.8027247144012075 -0.22040022757421762 20.699095859304833 4.3871740821823355 9.3000420437615254 -22.015196224649948 15.903552436240142 -27.09796133381662 4.8216072649306918 -2.0762902484880805 10.759851878877381 8.3219912567849317 6.9351500415855147 -9.3477909309245231 -2.2633159239733067 0.99787924978913289 -3.7112323693588722 -1.4427748962457185 9.8312214682924264 5.7543111414512662 -1.6591010003380011 -16.632766462390105 -11.141949538590506 -4.4717726492424106 2.4278955827043713 -10.166339810324715 -6.4691383340314665 2.0769026556977135 -5.2415519725060937 6.063568422176095 1.5678629045893187 -0.3932987717812122 0.60104289614536122 4.6615388883244187 -0.35840811706592057 -0.7870048365280552 -7.6527394435196818 -2.3119983821789201 2.5550730036740092 -3.0701761416608497 -2.1251527822235885 3.9804129560124881 0.41733661569234448 -6.6467282919882393 -31.37761267591592
leaf_weight=0.80245894752442781 0.38452610094100137 0.44979519792832434 1.3638214429374782 0.37646293663419728 0.25793269905261695 0.5061376206576822 0.42154698679223646 0.32000180380418897 0.57897554663941153 0.42961104982532561 0.35372579260729253 0.37738591944798816 0.34104679571464458 0.25030907220207144 0.96410304610617403 0.56632916699163605 0.28137346450239409 0.63583787484094523 157.14321408211254 0.67147730197757483 2.2478478697594255 0.33699718816205859 0.36374023137614109 0.37140650814399112 0.1986378242727368 0.49441252835094829 1.7158528233412651 0.31536998623050738 0.56899214070290316 0.99856097344308992 0.6212391653098156 0.7296371490228919 3.0871366227511317 5.9375957518350315 1.1833453604485842 0.64030536846257735 0.49490183126181353 8.8066432678606343 0.45811202912591387 0.44040687708184123 0.32542534871026862 3.1976360799744734 0.75392407225444913 0.29940167255699646 0.49140455340966582 0.38584285648539651 0.56614207453094401 1.0375119650270792 10.217247208114712 0.42054205341264606 0.23503725696355104 1.2395622206386172 0.54549734643660486 0.84838021686300624 0.68029297608882178 0.55135168670676638 1.0413199905306099 2.5127809303812683 1.6964509412646291 67.871167036239058 0.45108765806071449 0.28702964121475816
leaf_count=113 39 99 166 29 68 64 59 55 92 67 52 55 31 65 127 95 68 67 7942 78 128 50 50 68 45 24 221 54 56 88 71 113 330 715 167 19 61 999 86 67 60 387 169 47 71 70 95 89 645 86 59 154 82 78 77 98 160 217 163 6805 31 39
internal_value=0 74.7636 -0.21601 0.0172593 -16.538 17.0763 23.3152 30.3362 -0.124897 -6.386 0.582978 12.5192 -0.029902 -15.0136 4.15014 -4.765 -13.7921 -10.7006 -0.154426 12.5065 -0.0732399 18.9861 -19.6536 2.25758 -38.5628 -0.131726 -1.87937 6.84133 1.4463 -0.0386949 -2.75121 -8.77109 2.02989 -3.12157 -4.43713 4.3402 -0.323324 -0.101207 -15.6649 -5.60525 -11.7174 0.555094 -13.4864 -12.6157 5.89822 3.11459 4.48271 -2.7139 -0.0428825 4.6714 -1.49269 -3.12764 2.70189 -4.5102 1.59639 1.26169 -1.12283 -1.04593 2.0556 0.31435 -2.87902 -27.5218
internal_weight=0 0.834321 292.308 288.189 4.11873 2.38169 1.58468 1.16314 285.808 4.27152 2.36289 0.731112 281.536 1.90863 8.14438 1.63178 3.66216 1.06545 273.392 1.50393 268.305 0.656999 1.68966 6.64045 0.456571 264.796 13.3833 1.79842 2.77975 251.413 10.6035 1.9725 7.37482 10.1091 5.0862 3.50903 2.21075 244.038 1.12125 1.17004 1.65832 4.84203 1.3329 0.757514 0.832451 2.86873 1.42701 9.48789 235.232 0.797005 0.62088 3.72238 1.11164 2.48281 3.87793 6.37626 1.59267 3.55029 4.78359 78.0884 1.63443 0.568403
internal_count=22525 138 22387 21691 696 343 228 169 21348 722 336 107 20626 386 1070 229 583 134 19556 180 18960 105 290 890 113 18684 1454 299 338 17230 1116 293 839 1092 596 276 282 16391 183 180 321 591 261 133 102 257 231 1021 15392 115 129 430 177 276 464 751 258 306 493 7450 198 107
cat_boundaries=0 23
cat_threshold=2 524288 131072 16384 0 0 0 0 128 2147483648 1 0 32 134250496 1048576 58720256 0 256 2818572288 2147484288 1376 15360 1024
is_linear=0
shrinkage=0.05


Tree=2
num_leaves=63
num_cat=0
split_feature=66 1 55 66 58 65 70 9 50 46 60 55 70 66 53 71 87 48 15 54 54 3 71 53 66 20 38 8 63 65 1 3 14 8 53 48 58 3 58 58 70 48 13 64 55 58 9 48 66 1 71 55 71 58 58 47 63 66 71 88 63 63
split_gain=1.67473e+06 1.00986e+06 369150 250240 165000 120210 85598.5 69581.6 71561.2 57261.5 57344 55595.2 52704.6 77853 53739.1 51811.8 39752.4 38258.1 36112 30888 30441.6 32002.6 40594.5 26187.6 19959 22344.4 19273.3 17685.7 15983.5 14567.5 14548.2 13089.4 29485.1 12456.7 11766.7 11171.4 10940.9 8524.61 8157.1 7904.29 7552.05 7510.87 7056.89 7039.54 6536 6337.93 6231.25 5952.55 5942.91 5235.04 5010.02 4946.26 4538.13 4399.07 4082.27 4014.96 3744.42 3704 4548.13 3661.51 3611.29 3570.8
threshold=1910.4633333333334 10.500000000000002 -341.55212953000381 648.34333333333359 531.35399256939138 176.02500000000003 0.72505317742073694 -15.794228634059946 2334.5062599524613 0.25000000000000022 -423.38310865989104 -768.08630945624748 1.5858994373929922 116.47333333333334 -63.771882736794119 20.683714290606364 1.0000000180025095e-35 -157.78009328435311 0.25000000000000017 2.2515179121745246 1414.4541988587207 2018.5000000000002 29.603379003052677 -238.60014550689155 283.37166666666673 1.0000000180025095e-35 0.93301270189221952 7.5000000000000009 886.21416666666676 80.030000000000015 4.5000000000000009 2018.5000000000002 -0.68301270189221908 4.5000000000000009 96.822737122032933 -447.55719140851403 201.96278687549665 2018.5000000000002 1613.888945611425 662.37141394063531 5.629630497434337 -243.48004461006445 -1.0000000180025095e-35 393.67000000000007 318.59909473957345 184.06832172699583 10.446152422706634 -118.68418625426031 421.98333333333341 4.5000000000000009 27.430529989108994 105.94024179615741 -3.3166780923584875 156.56007691761843 218.73430497225726 -211.29164755644246 399.51708333333335 383.47000000000008 3.8315364103495146 1.0000000180025095e-35 1091.9000000000003 14.145833333333334
decision_type=2 2 2 2 2 2 2 2 2 2 2 2 2 2 2 2 2 2 2 2 2 2 2 2 2 2 2 2 2 2 2 2 2 2 2 2 2 2 2 2 2 2 2 2 2 2 2 2 2 2 2 2 2 2 2 2 2 2 2 2 2 2
left_child=2 -2 6 4 12 17 11 -6 18 10 -7 -1 14 61 23 27 -17 -5 20 -15 21 22 -9 54 47 29 48 33 36 40 -8 32 -30 49 -20 60 45 42 -22 -23 -26 -31 50 -39 -34 51 56 -21 53 -12 -38 52 -16 -25 -4 -55 -43 58 -45 -49 -13 -14
right_child=1 -3 3 5 7 9 30 8 -10 -11 15 35 13 19 28 16 -18 -19 34 24 38 39 -24 26 25 -27 -28 -29 31 41 -32 -33 44 -35 -36 -37 37 43 -40 -41 -42 46 -44 57 -46 -47 -48 59 -50 -51 -52 -53 -54 55 -56 -57 -58 -59 -60 -61 -62 -63
leaf_value=-46.550036388850771 21.866206889168758 127.82773929480862 -7.1691113658259447 43.768413512323576 8.2857759587001354 -9.1160246531048088 -14.048636252850706 -11.461178360191271 -36.295929422002494 27.032011240165186 -0.37901689707237329 -24.026270202801911 -0.049220107057634743 8.7240411565975471 -0.93831535757711859 8.4305254939741143 26.822770027314956 20.065088552565566 -5.4502272163305969 -1.5679313353130577 -18.925811966561717 -11.347192998631959 12.078825805897663 -2.5816821319677894 13.946442178785331 15.253183742895196 4.4148276192130309 14.76369455364877 -4.2479881693828982 -3.7999428540752427 -1.1474182479676858 0.7475657864389128 15.800940651426075 -6.0593791693007031 8.2039219480511161 -17.684723960789029 1.3818232988181882 -1.7635276813016318 -32.342841942116856 -18.883183875154735 5.941411825245603 3.4140790020873517 -2.3684178463250869 -4.0883958281017199 6.5618361977914965 2.3218455862158836 7.9866000849748779 2.9365689327462103 0.547292290873446 6.7097879043164586 10.13970434533951 2.9492102375012843 -0.21830070559071926 -7.8240778809510294 -13.025855609270133 -4.0585430426497373 -1.743071175275797 -2.71716714031351 -9.9088839674712723 0.51489891130286691 -32.008307057651933 0.61906435437407858
leaf_weight=0.28407707111909997 0.5219348247628649 0.39504685951396823 0.52194293914362677 0.31333766202442348 0.45048188813962031 0.51842071837745685 0.40273100673221041 0.47869163635186929 0.29178124363534141 0.36556856473907817 0.40676307911053322 0.37425979739055037 41.420208373339847 2.9413938238285473 26.27272933605127 0.62603138037957229 0.55357000161893666 0.37273840070702036 0.39314732584170986 1.2571906086523066 0.26136583439074446 0.69307359424419679 0.29663555044680834 5.1793101392686314 0.46459524636156746 0.54014035896398116 0.85767893772572357 0.29860673705115903 0.38132214290089927 0.41445180331356812 0.47773435362614691 2.0780132475774735 0.54023023368790657 0.40500339865684498 0.26356322038918734 0.67608558828942389 0.47340334905311443 2.6007238852325827 0.19994277018122375 0.69876706623472273 0.80537168751470745 1.3185611988883472 0.82295016944408328 0.62551430752500914 0.29647271940484643 2.3127344106324008 0.5827620883937924 4.8791260058060288 0.90996498544700521 0.72402453096583486 0.24928963999263942 1.1523447586223472 131.02056479919702 0.81745589617639769 0.69199588475748897 5.2816331209614873 0.48013400170020748 0.69427522248588491 0.72419960983097553 2.2951088678091764 0.22804250917397439 38.631362029584125
leaf_count=69 64 79 78 59 88 80 55 113 77 25 37 91 2356 128 2221 67 92 47 71 88 63 64 65 703 57 58 50 80 88 61 58 46 123 90 58 122 101 168 55 92 81 171 188 49 69 120 55 366 111 101 59 204 9606 82 92 604 45 59 58 343 42 1975
internal_value=0 67.5157 -0.161709 0.00181486 -0.184877 11.591 -19.5165 -10.2334 -12.5657 8.1941 6.24458 -26.5424 -0.0406177 0.909331 -0.535044 8.88667 17.0617 30.8906 -10.458 4.09584 -13.0783 -10.5957 -2.45491 -3.48346 3.05167 5.69853 -2.82985 3.62972 -0.288079 4.42922 -7.04853 3.1599 7.27547 1.46492 0.0297084 -22.0964 -0.356152 -2.41884 -24.7411 -15.1306 8.86991 2.41215 0.797592 -3.48919 12.5272 -0.276724 3.49326 1.60571 -3.33965 4.15983 4.40281 -0.314654 -0.338565 -3.65326 -10.5077 -4.56323 2.03746 -5.68487 -7.21142 2.16185 -27.0484 0.273281
internal_weight=0 0.916982 291.59 289.147 284.563 4.58406 2.44293 4.02745 3.57697 3.89799 3.53242 1.56246 280.535 96.0304 184.505 3.014 1.1796 0.686076 3.28519 15.9788 2.62848 2.16717 0.775327 14.26 13.0374 4.60602 13.046 1.8344 170.245 4.06588 0.880465 3.29604 1.21803 1.53579 0.656711 1.27839 166.949 6.19036 0.461309 1.39184 1.26997 2.79591 1.54564 4.64471 0.836703 160.758 2.38146 8.43143 12.1884 1.13079 0.722693 158.446 157.293 11.2784 1.21394 6.09909 1.7987 2.04399 1.34971 7.17423 0.602302 80.0516
internal_count=22667 143 22524 22087 21409 678 437 746 658 572 547 324 20663 5784 14879 467 159 106 581 1453 452 334 178 1720 1325 528 1550 308 13159 470 113 326 280 228 129 255 12833 682 118 156 138 332 348 334 192 12151 271 797 1500 138 160 12031 11827 1389 170 686 216 166 107 709 133 4331
is_linear=0
shrinkage=0.05


Tree=3
num_leaves=63
num_cat=0
split_feature=66 91 53 71 67 58 58 20 47 23 70 58 15 33 66 70 48 47 63 70 66 54 49 49 58 18 63 59 38 10 3 65 65 50 70 3 53 58 58 19 3 71 70 3 54 47 53 54 47 10 70 49 45 66 10 58 81 65 63 66 37 3
split_gain=1.51056e+06 1.05942e+06 321752 199107 155695 115708 95375.8 68710.3 72894.6 72081.1 41434.4 40687.3 38085.6 42181.8 35502.1 68502.5 34337.6 28880.2 28211.5 27999 44135.9 28258.7 25208.3 23883.3 22259.1 19603.7 18453.3 15253.7 15245.7 13573.8 12408 11790.4 11364.7 10949.2 9659.23 9395.88 8888.33 8785.17 7909.22 7630.32 7438.93 7320.19 7009.8 6225.06 6047.13 5680.01 6513.77 4994.58 4940.3 4814.46 4656.7 4649.59 4424.07 4414.59 6330.88 4211.53 4011.71 3996.06 3892.98 3501.93 3294.38 3333.39
threshold=1910.4633333333334 1.0000000180025095e-35 -256.0863790760763 34.866241621918654 1048.0850000000003 1208.0099917980103 531.35399256939138 0.25000000000000017 752.86082666397317 -1.0000000180025095e-35 1.4624014935286411 736.91335734434756 0.25000000000000017 -1.0000000180025095e-35 404.90500000000003 3.0000374632462852 -661.26509314169778 -197.54997914642945 886.21416666666676 1.657789678053214 116.47333333333334 2.2515179121745246 -60.598417234134281 -491.06187245561205 1114.1948052621535 -4.592425496802573e-16 149.19833333333335 -0.36768189677706781 1.0000000180025095e-35 5.8170722959499284e-16 2016.5000000000002 829.3900000000001 0.77500000000000013 -295.96559663383857 0.62002711876229022 2019.5000000000002 169.16224287867689 350.47552485888599 295.56900039321823 0.25000000000000017 2017.5000000000002 3.7051054898789029 1.0507122725931064 2017.5000000000002 210.97544813475227 -34.98636470250603 -44.69317304594238 92.391249526582456 377.97693023540558 6.2810889132455374 1.1214764737540082 68.160346680687908 0.68301270189221941 634.05666666666673 5.7500000000000009 248.58419963132943 1.0000000180025095e-35 910.74000000000012 399.51708333333335 221.51666666666668 -2.2990381056766571 2019.5000000000002
decision_type=2 2 2 2 2 2 2 2 2 2 2 2 2 2 2 2 2 2 2 2 2 2 2 2 2 2 2 2 2 2 2 2 2 2 2 2 2 2 2 2 2 2 2 2 2 2 2 2 2 2 2 2 2 2 2 2 2 2 2 2 2 2
left_child=2 -2 3 5 6 10 14 8 9 -6 23 25 13 -8 17 30 29 35 19 22 -21 -22 32 -1 43 -11 -17 -12 37 -7 31 -16 -19 -34 -25 47 38 -20 50 -18 -39 52 55 49 51 -24 -47 -4 60 -15 -32 -43 -23 -27 -55 -35 -57 -45 -37 -26 -48 -62
right_child=1 -3 4 -5 7 16 12 -9 -10 11 27 -13 -14 24 15 26 39 18 28 20 21 41 45 34 59 53 -28 -29 -30 -31 36 -33 33 42 -36 58 -38 40 -40 -41 -42 44 -44 57 -46 46 48 -49 -50 -51 -52 -53 -54 54 -56 56 -58 -59 -60 -61 61 -63
leaf_value=-23.537701320940272 117.42914207120391 10.290634966945861 -6.508460545320081 25.153916104804395 22.150116632059934 -30.73020067345098 0.68560324358248692 29.161738173035516 26.928098714881482 14.494509583596013 -7.9383078626074131 -8.9529774283264185 2.6663532265330439 -1.2392901690094071 3.0715414378088908 7.5053308428906282 -14.682481398676252 5.6935378660706695 3.8739505759855435 0.2064149608289915 8.1010642646474533 0.50584295708784244 -1.2362207871061441 -13.822233818976301 -20.25735133453858 -1.9569383403599834 19.811720102992336 5.6638829808881885 9.9982601157241362 -47.924588072750304 -2.5676553492584455 16.196741516687446 -10.747574613115672 -2.3715349389185065 -7.2824594395368907 -5.4363981024603056 6.2436984247429397 2.1286652322861319 -6.7596497927213637 -27.372527521480965 -9.2594286389673481 3.6253863301738529 -0.17398036211873275 -10.792068723345613 -0.70831002339558136 2.6805411680711142 1.4104997510469952 1.6846726736692172 -3.865477614481978 -12.384889664139493 1.308411204311974 8.0130686544436198 5.0478464227717437 1.1085368100432127 9.039769555092958 -5.6761409141641614 -1.4890595376355424 -17.924823000842753 -10.343992633887733 -28.108267312443264 0.14555673864444491 -0.3783710715861377
leaf_weight=0.52218588301911939 0.46193869691342015 0.4610119080170989 0.28272009082138483 0.33150706952437747 0.5105805180501205 0.2058379165828228 0.4981488042976715 0.41605837084352959 0.43139253067784 0.44659016956575381 0.41519239358603954 0.67564670066349197 0.53801921219564963 0.19820671877823659 0.5792960561811914 0.5555259126704184 0.23066195310093451 0.42528210394084354 2.3510030622128397 82.190184884471819 2.5611498078797004 4.9122350474353862 13.646568417781962 1.8714311793446539 0.30542201572097827 0.39961216459050541 0.67443479737266898 0.40928545827046026 0.88652325980365265 0.25946658127941191 1.0578729712869974 0.24282479123212397 0.40084147034212847 8.8650418200995755 0.80857184110209335 0.89099001465365268 0.56090953061357129 0.31840130942873646 0.44496368011459697 0.24350962159223855 0.26090413774363697 2.660091965226457 2.9094290621578685 0.38501890143379569 0.62960705556906749 1.9765141704119731 3.1616476625204077 0.54378675133921206 0.91799340839497645 0.18954795668832958 2.8966703950427473 0.7810766277834772 0.60180802876129735 0.64282513922080375 0.41342446021735668 2.1450367937795813 0.78011916880495835 0.40074304025620222 0.7394752916879952 0.26552198361605406 43.386513575678691 101.10402794112451
leaf_count=94 97 43 66 70 74 45 75 74 61 59 81 76 91 51 136 88 42 12 155 4127 83 560 1646 302 72 44 76 67 34 65 156 51 51 1201 94 72 71 78 43 65 32 198 370 41 49 46 2 124 108 53 306 81 44 102 53 258 94 61 63 60 7097 2968
internal_value=0 63.9137 -0.150948 -12.3637 0.069072 -14.8681 -0.0649371 9.94654 7.67538 4.98638 -11.1816 1.58718 -9.28059 -12.1468 0.0242436 3.53819 -30.6686 -0.0636586 -0.0159371 -0.0753928 0.622166 3.4355 -0.441548 -13.7552 -15.8112 5.33046 14.2534 -1.18594 4.25308 -40.3183 1.25904 6.94825 -2.36728 -2.5943 -11.8491 -5.46073 0.31613 2.51496 -0.439598 -21.1994 -3.00024 2.18881 -2.37197 -11.8716 3.797 -0.259454 -0.170914 -1.11792 -0.208848 -6.68765 0.271531 4.6213 1.00156 2.51936 4.21288 -2.91436 -4.55947 -14.4298 -7.66217 -23.9085 -0.186114 -0.22105
internal_weight=0 0.922951 299.356 5.29765 294.058 4.96614 290.122 3.93613 3.52007 3.08868 4.02667 2.5781 2.78063 2.24261 287.341 7.0125 0.939476 280.329 277.872 274.055 94.3362 12.146 179.719 3.20219 1.74446 1.90245 1.22996 0.824478 3.81683 0.465304 5.78254 0.822121 15.5258 15.1005 2.68 2.45697 4.96042 2.93031 4.39951 0.474172 0.579305 9.58482 14.6996 1.17352 4.07078 164.193 150.547 0.826507 148.57 0.387755 3.95454 3.44117 5.51404 1.45586 1.05625 11.7902 2.92516 0.785762 1.63047 0.570944 147.652 144.491
internal_count=22658 140 22518 925 21593 855 21050 543 469 408 638 334 504 413 20546 927 217 19619 19294 18995 5142 1015 13853 490 338 258 164 148 299 110 763 187 1986 1974 396 325 576 265 505 107 110 932 1923 206 328 11867 10221 190 10175 104 462 279 604 199 155 1553 352 102 135 132 10067 10065
is_linear=0
shrinkage=0.05


Tree=4
num_leaves=63
num_cat=0
split_feature=66 56 55 66 58 71 60 70 65 67 71 51 49 58 35 70 67 53 58 54 70 49 63 59 49 70 65 55 49 10 16 71 58 51 58 9 14 10 53 51 58 52 60 83 90 48 68 65 9 49 9 55 71 52 54 58 8 56 48 58 13 85
split_gain=1.38285e+06 977860 290241 225268 150291 103474 94360.8 68581.1 62123.4 57450.7 57053 60452.7 52124.6 47170.5 44597.3 36537.8 50116.6 41400.2 30214.7 24778.2 24300.4 23971.1 21474.6 17164.9 15133.5 27741.1 12379.4 11752.3 11564.8 10246.2 9432.82 8716.07 8683.88 9757.77 8637.71 8488.33 6920.78 9946.63 6439.34 6299.59 6292.09 5777.32 5353.92 5340.83 5089.63 5079.46 4995.55 6353.24 4897.52 4770.28 4431.82 4403.89 4485.88 4391.44 4186.59 4163.11 3984.64 3843.91 3318.98 3468.54 3263.84 3234.5
threshold=1910.4633333333334 993.77272835142014 -341.55212953000381 648.34333333333359 531.35399256939138 8.4858026940114843 -253.24782583389864 0.77588325291279292 440.67000000000002 309.16000000000008 50.045783210381337 -591.36959244272725 -672.10767924935931 1208.0099917980103 1.0000000180025095e-35 1.5858994373929922 223.02500000000003 -238.60014550689155 776.48043954340244 2.2515179121745246 1.0507122725931064 -64.065579837385911 886.21416666666676 -256.34031046002826 102.57018242385242 4.4419841803327476 1212.3200000000004 -253.6660470022023 -556.06587730063654 3.2320508075688776 0.6830127018922193 -4.421204923053204 256.58157096643055 556.11620451193812 201.96278687549665 4.7500000000000009 -1.0000000180025095e-35 13.428203230275509 22.294454482524639 556.11620451193812 919.91328193287779 -182.81728740004314 -92.520149550031007 1.0000000180025095e-35 1.0000000180025095e-35 -327.89000449385895 0.83333333333333337 14.020000000000001 10.446152422706634 244.29419626330449 -10.000000000000002 119.10604214222995 -2.483162788173146 297.89643531606214 9.6140597786462418 218.73430497225726 2.5000000000000004 111.83568422098999 -92.038873061755154 14.343572055636459 -1.0000000180025095e-35 1.0000000180025095e-35
decision_type=2 2 2 2 2 2 2 2 2 2 2 2 2 2 2 2 2 2 2 2 2 2 2 2 2 2 2 2 2 2 2 2 2 2 2 2 2 2 2 2 2 2 2 2 2 2 2 2 2 2 2 2 2 2 2 2 2 2 2 2 2 2
left_child=2 -2 7 4 15 20 -7 12 -8 13 18 -12 41 45 26 17 58 55 31 -18 -5 27 34 -22 30 42 -10 -19 -15 -9 38 -11 33 56 39 50 37 -24 46 51 -14 -1 -26 44 49 -6 48 -48 -21 -36 -25 52 -23 54 -34 -4 -29 -49 -17 -60 -56 -47
right_child=1 -3 3 5 9 6 8 29 14 10 11 -13 40 28 -16 16 19 21 -20 24 23 22 36 35 25 -27 -28 32 -30 -31 -32 -33 53 -35 43 -37 -38 -39 -40 -41 -42 -43 -44 -45 -46 61 47 57 -50 -51 -52 -53 -54 -55 60 -57 -58 -59 59 -61 -62 -63
leaf_value=-42.679572232976767 18.886592869200992 128.40464853993254 -6.1467193522640189 -8.4582145580595416 -15.705597621811126 -4.2463456018808188 34.357265070924861 -0.78299903957847106 3.2161038180381811 -8.0239752342804564 27.951687635813052 -5.0711422593024231 -13.709430115704656 -37.617709823839427 27.311876356249567 -2.7027408287251582 7.5649086158668872 7.1398917084864824 -20.099998927888787 -1.4365243024869931 14.764001113689929 -0.8693677048913685 4.4366299018392397 1.0289269813867952 -1.0417825624125985 16.749744274322662 15.470336612025534 -0.77296356920023968 -21.305002544620461 -11.425279498592554 -1.8588054227884072 3.7427599318128575 -5.6157319068244833 5.7684822267788896 -3.6934975026632189 -2.3664121605484474 5.0688718968265878 -8.9682012106812863 6.272722835392301 2.5641576013970617 -21.381563334937276 -31.682495483594494 5.4087813497355421 0.69780569583824958 -6.6752910055458123 -11.214040808904297 7.1910930599981491 1.0874106392104748 2.5327869775356069 0.79365757115290581 8.8590799184485416 3.0665156918713103 -0.17251382340002308 -8.8699745338084472 -0.52161806198044247 -11.915730321646201 -2.6106888769542524 4.3028301000625762 -0.0053586225062634413 0.64786996773556038 -4.0752416739520561 -5.2335652325103013
leaf_weight=0.24889139272272587 0.4944359427317967 0.34676468884572387 0.54569106665439793 0.39093896723352317 0.52827126393094692 0.40092834364622865 0.70111735607497427 0.43074182397685934 0.45233381935395278 0.3501338711939751 0.25810303306207061 0.29929472319781769 0.53424735087901265 0.22812500619329512 0.53466396615840495 0.95516694174148042 2.8202594730537376 0.33391756354831414 0.41327497502788901 1.7915658515412327 0.37784256739541899 28.437090293038622 0.33948028250597451 0.28796863951720297 0.53147672931663681 0.4906561521347611 0.37859288183972239 4.7554281195625663 0.20745192863978434 0.47621328756213188 1.6172501230612386 0.28587684081867326 1.6786299417726684 0.42756124399602491 1.8882498277816919 0.51021137367933989 2.4792914472054681 0.23361956747248769 0.91109417215921062 1.9695092414040107 0.53471549972891808 0.22960448870435368 0.81487371562980015 1.0586084234528241 0.86905901972204436 1.0336064863950007 0.71369640785269428 2.9568273290060461 1.3724242704920468 0.8630050045903771 0.48517036531120494 0.97570649161934753 122.91942055686378 0.44863126939162601 1.2150940012652429 0.73248700331896544 7.7676522724796087 1.3556123662274329 49.780693503795192 34.339690354187042 1.3799341518897561 0.28938609012402583
leaf_count=61 58 80 84 65 86 48 97 62 71 54 55 61 85 59 52 139 139 16 70 82 68 2609 83 58 37 65 67 347 54 49 103 48 232 21 212 71 145 43 90 9 129 46 99 157 48 207 48 364 44 117 74 173 8839 90 95 101 1268 135 2801 1615 123 49
internal_value=0 64.0328 -0.166544 -0.0217264 -0.196959 11.0535 17.9526 -17.2882 22.259 -9.95325 -2.70724 10.2201 -23.6868 -15.0441 16.0476 -0.0621455 0.702812 -0.485936 -9.57444 3.32986 2.75758 -0.422277 -0.229947 5.39706 2.37856 6.57165 8.79947 -2.15294 -29.8485 -6.37092 1.65992 -2.73501 -2.32852 -1.65925 -0.309706 2.63926 3.92421 -1.02774 2.28519 -0.245528 -17.5472 -37.4027 2.8624 -2.42616 -3.33964 -11.5609 1.8416 2.82135 0.285219 -2.28598 5.94261 -0.281855 -0.30344 -4.16397 -3.66995 -9.45277 -1.91284 2.09818 0.228025 0.261303 -2.4113 -9.9059
internal_weight=0 0.841201 292.637 290.183 285.663 4.51977 2.46764 2.45441 2.06671 3.89352 1.60668 0.557398 1.54746 2.28684 1.36559 281.769 100.451 181.318 1.04929 15.3757 2.05213 180.04 162.033 1.66119 12.5555 1.83701 0.830927 18.0068 0.435577 0.906955 10.7185 0.636011 17.6729 12.9506 158.981 1.28335 3.05239 0.5731 9.10122 154.302 1.06896 0.478496 1.34635 4.67892 3.62031 1.85126 8.19013 5.02614 3.16399 2.75125 0.773139 152.332 151.357 4.72229 4.27366 1.27818 12.5231 4.31244 85.0756 84.1204 2.59503 1.32299
internal_count=22557 138 22419 21987 21316 671 335 432 287 743 288 116 321 455 190 20573 5761 14812 172 1206 336 14627 12435 271 1067 201 138 2192 113 111 866 102 2176 1636 12164 203 271 126 763 11630 214 107 136 534 377 342 673 547 126 329 132 11621 11448 540 450 185 1615 499 4555 4416 218 256
is_linear=0
shrinkage=0.05


Tree=5
num_leaves=63
num_cat=0
split_feature=66 55 55 66 58 65 58 49 70 53 3 70 67 64 70 66 60 44 49 58 9 9 65 70 55 63 57 65 66 26 3 14 55 1 70 4 53 55 49 55 58 3 64 58 9 52 55 5 44 47 52 9 70 51 60 66 49 37 3 55 58 70
split_gain=1.16556e+06 993287 316702 215292 101765 86634.5 85866.4 47095.2 43592.6 46713.8 42026.3 41189.4 38375 37680.2 31099.4 50844.5 28479.1 23605.7 22521.4 22504.3 20584.3 39151 19247.3 17322.1 21087.8 17120.4 15394.4 15174.9 14978.8 18191.9 14781.7 17636.7 11981.6 11949.8 10689 10685.7 9434.1 9730.17 9369.63 9279.52 7576 11907 6579.35 6481.9 6459.92 6104.28 5611.47 5434.79 4779.75 4568.06 4500.12 4234.41 4877.35 4214.05 5284.41 3682.67 3670.78 3298.85 3308.42 5747.03 4501.01 4166.1
threshold=1910.4633333333334 229.52837937857518 -253.6660470022023 648.34333333333359 531.35399256939138 179.19000000000003 1613.888945611425 299.55771533088 0.31949709064773707 -370.06111309797978 2019.5000000000002 1.63112827840568 1412.3400000000004 1276.0125000000003 1.5858994373929922 283.37166666666673 -305.4060525827266 0.25000000000000017 -55.821883339042351 587.44113398227216 12.312177826491071 15.79422863405995 0.77500000000000013 1.9000331941508415 50.674091111859902 886.21416666666676 147.98393378917388 22.030000000000005 116.47333333333334 0.6830127018922193 2018.5000000000002 -0.68301270189221908 -374.04012454139837 4.5000000000000009 0.74293040616927619 1.0000000180025095e-35 -185.38731289098277 -190.64342937767387 -133.15317664477178 279.83373407705403 195.85372457683448 2019.5000000000002 380.03750000000008 213.00416521615441 -6.5000000000000027 -390.39890085096152 89.134168464816739 1.0000000180025095e-35 0.25000000000000017 -362.52737595296168 -16.524508465660038 -20.89230484541326 0.87811529933481169 556.11620451193812 22.797110057465861 128.80833333333337 85.555645596801341 -2.2990381056766571 2019.5000000000002 42.8820431057542 33.532766360393012 1.112493649551668
decision_type=2 2 2 2 2 2 2 2 2 2 2 2 2 2 2 2 2 2 2 2 2 2 2 2 2 2 2 2 2 2 2 2 2 2 2 2 2 2 2 2 2 2 2 2 2 2 2 2 2 2 2 2 2 2 2 2 2 2 2 2 2 2
left_child=2 -2 6 4 14 -5 11 16 9 -6 13 19 -9 46 18 28 -7 23 22 34 27 -22 -4 35 -25 40 45 -17 -16 38 31 -27 47 -8 -1 -18 55 -38 -30 -33 57 56 -43 51 50 -11 -10 -21 -40 -13 -29 -39 -53 54 -47 -24 -42 -20 59 -59 -60 -62
right_child=1 -3 3 5 8 7 33 12 10 26 -12 49 -14 -15 15 20 17 -19 25 32 21 -23 36 24 -26 30 -28 44 29 -31 -32 39 -34 -35 -36 -37 37 43 48 -41 41 42 -44 -45 -46 53 -48 -49 -50 -51 -52 52 -54 -55 -56 -57 -58 58 60 -61 61 -63
leaf_value=-12.423659339768825 7.579735707551932 115.04198323317245 6.1273323065691683 28.435987049120417 -32.143148182020738 -4.955740611818924 -42.409294096163499 7.2779024137509971 -7.1055937234712374 -19.412256166734089 -9.7174868169386652 -3.050800713738727 27.262553293677669 22.30265049118664 0.21237231468954729 10.602327458640735 -4.0720625693051842 19.50782675502402 1.3810815454742758 -16.932428447826364 22.422579218371112 2.0031322330675487 -8.5599341262441637 5.5985457645554506 22.60369653713283 -3.4445694022995186 -0.73636514821155885 9.1043025115831693 -3.2795232519786226 6.789384553978028 1.0277742295807057 16.806994422539713 -13.187207511800466 -26.77604392750559 -3.6480379281472572 5.6266188963603714 4.5270093676295993 1.7010826573508213 1.2757672702766256 5.8954028673484693 -1.4800659883956728 -1.9425997954168055 -6.63643350995304 -3.5417797510242064 0.68904164661617306 -12.122199796908601 3.2921091560512501 -25.349053645685853 4.4366639471673102 5.9297321537242826 2.8667902888658725 -2.4906873030001324 -0.44439858992197112 -16.003198676521937 -3.0883676217225049 -3.730692157972495 3.3427298234311986 -0.067768143645224529 -0.21289873030109621 1.9361311876434677 -1.2767329506450387 0.22556997278600402
leaf_weight=0.94509048201143719 0.45803985558450122 0.40530865569598973 0.71930703893304127 0.60789307788945635 0.29007372655905794 0.57704148557968515 0.21017628698609758 0.45875391317531455 0.24206091323867418 0.2763604619540273 0.94628601451404393 0.30777372722513974 0.50424430519342422 0.24307701922953129 85.799424970522523 0.72563886363059227 0.50822794088162548 0.34562187339179207 3.1616476625204077 0.31625695503316842 0.47742434870451678 0.46181096718646586 0.71229372988455242 0.60763395880348969 0.2604553026612848 0.24195221648551546 0.33104422083124529 0.48821506882086396 1.0053489489946503 1.7863515280187119 2.047237403690815 0.4408306742552659 0.72982249944470778 0.29214744223281741 0.54830367467366159 0.64370698225684464 0.57385132927448168 0.96229620487430167 6.7732334092725051 0.34918157919310033 0.70796014741063007 1.5987558623310181 1.4005939643830059 5.4232194900978348 1.8352510922122742 0.45669503021053859 0.2796949720941484 0.48737689829431474 1.4524466155562548 0.26226501376368094 0.70922294817864939 7.9436972185503567 4.5972435886505991 0.29862152971327305 0.25076634320430458 0.88558333902619779 0.89123851899057627 43.207361065782607 78.702495675068349 3.900962113402783 21.621500621316958 5.8670602964702985
leaf_count=124 43 93 14 98 66 83 55 58 36 65 94 58 78 55 4290 71 85 33 2 72 74 34 78 92 53 57 66 81 79 17 39 96 124 69 74 83 30 65 656 80 148 85 114 667 203 97 71 76 92 44 76 1052 569 59 46 123 190 7200 1900 841 1051 412
internal_value=0 58.0291 -0.150361 0.0410438 -0.126985 10.8774 -13.9528 8.14451 -8.46421 -13.6701 -2.67279 -11.2484 17.7422 6.04323 -0.0221519 0.681715 5.00364 7.43298 -0.406396 -13.5704 5.76176 12.3826 -1.91566 5.367 10.7006 -0.205783 -10.349 4.10717 0.435231 2.17077 3.48736 8.36674 -17.825 -33.3171 -9.20167 1.34761 -2.18987 -1.88722 1.277 11.9841 -0.27639 -2.27666 -4.13446 -2.0817 2.55305 -12.8304 -1.53175 -22.0368 1.8339 1.08099 5.40993 -1.4953 -1.74056 -11.0225 -8.92007 -5.88345 1.20769 -0.2176 -0.250571 0.0981714 -0.40528 -0.956087
internal_weight=0 0.863349 299.698 295.599 291.085 4.51358 4.09921 3.90569 3.61468 1.90356 1.71112 3.59689 0.962998 0.764833 287.471 101.514 2.94269 2.36565 185.956 3.02685 4.69756 0.939235 21.8175 2.02002 0.868089 164.139 1.61349 3.75833 96.8168 11.0174 3.0792 1.03196 1.53346 0.502324 1.49339 1.15193 21.0982 19.5003 9.23103 0.790012 161.06 4.59855 2.99935 18.9265 3.03269 1.28244 0.521756 0.803634 8.22568 0.570039 1.19744 13.5032 12.5409 1.00608 0.707461 1.59788 1.5992 156.461 153.299 47.1083 106.191 27.4886
internal_count=22636 136 22500 21804 21141 663 696 565 655 399 256 572 136 162 20486 5673 429 346 14813 470 539 108 2598 313 145 12215 333 431 5134 844 272 233 272 124 198 168 2584 2383 827 176 11943 537 199 2353 360 267 107 148 748 102 157 1686 1621 202 143 201 338 11406 11404 8041 3363 1463
is_linear=0
shrinkage=0.05


Tree=6
num_leaves=63
num_cat=0
split_feature=67 1 55 67 58 70 27 56 52 55 10 70 52 70 67 64 53 8 53 57 85 50 67 51 52 34 58 48 3 79 3 67 10 34 67 67 48 48 47 54 70 60 17 54 51 58 70 63 54 55 10 64 51 60 60 58 70 9 3 58 63 60
split_gain=925309 1.09397e+06 276288 137842 101884 73211 64775.5 60448.9 55370.2 55329.5 50383.2 34030.6 32228.1 28830.6 50643.1 26720.6 29883.8 26298.9 21916.7 19414.3 18077.7 17120.2 16025.2 18489 14345.1 20139.7 14121.4 13835.8 11778 14184.9 12553.7 10922.9 10908 13227.9 10301 10194.2 10085.1 9774.31 8479 8086.29 7239.37 8725.36 5862.99 5718.16 5639.53 5530.4 5166.6 4486.61 4275.4 4139.66 4130.18 5626.56 4099.67 3913.25 3886 3805.27 10227.4 4905.47 4819.4 3529.93 3523.16 3499.11
threshold=2625.9500000000003 10.500000000000002 -302.20879694143451 1177.3350000000003 531.35399256939138 0.77588325291279292 -0.6830127018922193 1658.2166168011756 -69.918184510733411 -768.08630945624748 5.7500000000000009 0.79294282399948635 -315.4384539804052 2.109742106865824 223.02500000000003 910.04000000000008 -53.489998852267412 2.5000000000000004 59.133239613611501 -36.667277309262857 1.0000000180025095e-35 -267.71434599209084 588.75000000000011 -54.793690173849583 -424.72545716431574 -0.5 736.91335734434756 -549.41968958891482 2016.5000000000002 1.0000000180025095e-35 2018.5000000000002 157.94500000000002 13.428203230275509 0.25000000000000028 845.37000000000012 1467.5500000000002 -305.28413943297124 -243.48004461006445 295.32396827208845 437.51065010490044 0.87811529933481169 -1072.7487425166644 1.0000000180025095e-35 92.391249526582456 -19.644619138232567 230.44129400695621 4.2374480305142361 118.08625000000002 110.63011471217949 -465.98610070332592 -3.2320508075688781 546.07000000000005 556.11620451193812 -63.185264286791615 5.7536370362931857 109.25692957364934 1.2053576405497217 5.0980762113533169 2018.5000000000002 278.43286220121882 1490.4659090909092 -305.4060525827266
decision_type=2 2 2 2 2 2 2 2 2 2 2 2 2 2 2 2 2 2 2 2 2 2 2 2 2 2 2 2 2 2 2 2 2 2 2 2 2 2 2 2 2 2 2 2 2 2 2 2 2 2 2 2 2 2 2 2 2 2 2 2 2 2
left_child=2 -2 5 4 13 9 -6 11 10 -1 18 24 -12 15 -15 16 37 -10 -5 34 -7 -17 32 -24 -8 -26 35 -11 31 30 -30 -23 33 44 43 -19 -9 45 50 -13 41 -39 60 47 46 -4 -21 -16 61 -29 51 52 -18 -40 -42 -52 58 -58 -57 -33 -27 -43
right_child=1 -3 3 8 6 20 7 36 17 27 12 39 -14 14 19 21 38 26 -20 22 -22 28 23 -25 25 42 -28 49 29 -31 -32 59 -34 -35 -36 -37 -38 40 53 -41 54 48 -44 -45 -46 -47 -48 -49 -50 -51 55 -53 -54 -55 -56 56 57 -59 -60 -61 -62 -63
leaf_value=-40.793047645645125 10.585383673231874 127.81323072444312 -3.4852986467881366 0.27360623879449941 15.348175394681276 -12.293338732364589 -19.894444723175528 -35.24321664270348 9.5105172351437002 -24.380377247569442 17.338332282187611 5.8197840971708406 40.540104856787003 0.26136101332254374 -0.92728390174474351 9.1875043625849013 0.024132006468845307 -3.1359951261045018 19.136168742011172 2.0623165864237318 0.8083355640771468 -1.443169904786737 14.795107738842194 3.8571608690621275 3.6267793676050162 -10.996890700351821 -10.932594357152411 -19.464342658142861 1.5793916196746034 3.0839584926769774 -8.986248221116961 7.3627641339146841 -0.0072649836051999067 8.036991733488895 5.8992676288122219 9.674938647125261 -19.635026923129473 3.8587173654690767 -7.6349863210346021 -4.1444706518979784 -1.4716107033715613 0.27763426273031383 -4.0764337118171969 -3.8157481521724792 0.8609894528579034 -9.1425198796894573 7.4629777768644976 3.0896260161796509 -6.5264307848901524 -12.828104151833685 -0.25528008032071975 3.5938850257192914 2.3029194716271477 -2.2215318397089492 1.2238990385157618 -0.30301034527067189 0.0083063144206497203 5.2320933279884079 -3.1621154871448787 15.352834552595064 -17.338626083699921 -3.0616862209549005
leaf_weight=0.28737445827573571 0.57364990655332704 0.30473520210944116 1.035250039538371 0.3529743733815851 0.27377518662251565 0.43940668064169564 0.35118843335658434 0.21797161735594273 1.4208860117942088 0.47961999615654383 0.30326548032462597 0.44288128218613554 0.29551186319440603 65.527460156008601 1.5034494905266909 1.0057674427516756 64.049023706000298 0.34012996614910651 0.27318384544923902 0.82089240197092184 0.65688796271570027 0.25064486567862276 0.82753343135118484 0.72468410199508049 0.27526878472417804 1.2515365357976378 0.27200503274798393 0.30964836548082553 0.5307521512731912 1.8661026847548781 0.59778323210775852 0.29288476146757603 1.3276327080093322 2.2121738553978503 0.8747253029141574 0.28573983069509268 0.19705815496854473 0.47848960873671131 0.39509565802291069 0.37687442870810628 3.9001407481264314 0.86700597149320024 0.26736516808159638 0.82110149040818203 1.5627197048161172 0.74138390668667842 0.96159186167642474 1.292964387219399 0.81376649742014784 0.97473402670584486 107.44563651853241 1.1689015582669515 2.0364532098174086 2.1529304417781523 2.0346219118218869 2.1568331324961019 1.2927337291184811 0.68891963292844582 4.6550047514028847 0.26178218051791191 0.26545884367078532 8.2415716454852319
leaf_count=70 73 70 131 91 36 58 77 57 97 101 62 49 53 3513 124 51 5064 62 58 82 88 78 91 72 45 229 53 65 88 42 55 76 48 28 82 70 53 16 50 68 489 51 37 50 160 92 90 67 88 159 7061 201 16 277 251 479 90 72 382 63 65 1043
internal_value=0 51.2548 -0.138864 0.0184235 -0.100802 -14.8739 -8.10785 -9.86934 9.82025 -20.4484 18.4193 -7.56164 28.789 0.0083867 0.825639 -0.298463 -0.385211 5.27761 8.50307 3.68544 -4.44296 3.38674 5.09919 9.68851 -10.5541 -8.96145 -1.42097 -17.134 1.8514 0.407869 -4.01721 7.21934 4.06453 5.03727 1.03017 2.71282 -27.8324 -2.32399 -0.19646 1.23882 -1.94094 -2.73603 -10.9034 -0.147191 3.05355 -5.84604 4.9758 0.929995 -3.05406 -14.428 -0.156683 0.155177 0.0943539 -3.06094 -0.547506 -0.337121 -1.33712 1.82435 -2.25684 11.1338 -12.1066 -2.74383
internal_weight=0 0.878385 298.027 294.879 291.336 3.14767 3.91938 3.6456 3.5437 2.05138 1.22494 3.23057 0.598777 287.416 78.4569 208.959 204.154 2.31876 0.626158 12.9295 1.09629 4.80572 8.43723 1.55222 2.41082 2.05963 0.897875 1.764 3.79995 2.99464 1.12854 0.805312 6.88501 5.55738 4.49224 0.62587 0.41503 18.1122 186.042 0.819756 16.3356 10.4008 1.78436 3.61752 3.3452 1.77663 1.78248 2.79641 9.92234 1.28438 183.494 67.2544 66.0855 2.54803 5.93476 116.239 8.79349 1.98165 6.81184 0.554667 1.517 9.10858
internal_count=22659 143 22516 21975 21429 541 716 680 546 395 264 570 115 20713 4407 16306 15853 282 149 894 146 453 571 163 453 376 185 325 402 185 143 217 408 360 323 132 110 2161 13692 117 1938 1198 331 241 332 223 172 191 1182 224 13365 5281 5080 327 740 8084 1023 162 861 139 294 1094
is_linear=0
shrinkage=0.05


Tree=7
num_leaves=63
num_cat=1
split_feature=66 56 55 66 71 0 58 48 71 67 58 8 8 47 67 87 65 56 64 58 56 58 66 71 64 71 66 56 5 47 59 27 59 65 71 3 3 49 18 3 10 33 3 3 55 6 60 58 55 49 58 9 64 35 50 50 56 66 55 49 49 3
split_gain=928982 796930 243261 198798 82692 63631.9 69157.8 53417.6 51724.4 60375.1 48062.3 36263 56989.2 27814.4 26113.1 36964.1 34625.1 31941.6 27258.4 29881.6 24462.7 20105.6 22709.3 19857 18285.1 15974.3 14346.7 17160.2 14173.2 13072.1 12243.8 11652.9 11573.4 12543.1 11453.3 10757.3 10687.4 9264.31 8678.78 8672.8 7915.4 7875.65 7864.48 7197.15 6786.63 6561.43 6519.55 4948.98 4891.33 4816 4250.71 3700.96 3658.93 3931.68 3449.09 3340.85 3323.47 2948.68 3918.02 2937.76 2894.67 2851.74
threshold=1910.4633333333334 993.77272835142014 -302.20879694143451 857.41166666666675 38.04316215213786 0 1322.3008048206154 18.171031796550583 56.485979912612486 519.50000000000011 1035.4862847200718 3.5000000000000004 5.5000000000000009 -659.99885316094174 220.13000000000002 1.5000000000000002 21.030000000000005 201.75640841585374 946.69500000000005 105.35491072537472 675.21769833461087 160.53596920517677 266.81333333333339 -6.7666762175959949 455.75000000000006 79.250154368656766 648.34333333333359 242.31883618601373 0.6830127018922193 -211.29164755644246 9.3261923370128326 1.8369701987210299e-16 550.09948181447805 851.24000000000012 -8.3218283854462793 2018.5000000000002 2018.5000000000002 244.29419626330449 -1.0000000180025095e-35 2017.5000000000002 -3.0310008278896985e-15 -0.6830127018922193 2019.5000000000002 2021.5000000000002 -1.5575064825100584 1.0000000180025095e-35 -568.42081692094314 587.44113398227216 -78.083755290857752 -328.80412030206696 235.5377830671608 22.500000000000004 167.10500000000002 0.68301270189221941 -96.508673606200503 -112.01095356149291 217.20694500277531 104.66000000000001 44.838225770283124 -66.143970492465613 -29.921440562257807 2019.5000000000002
decision_type=2 2 2 2 2 9 2 2 2 2 2 2 2 2 2 2 2 2 2 2 2 2 2 2 2 2 2 2 2 2 2 2 2 2 2 2 2 2 2 2 2 2 2 2 2 2 2 2 2 2 2 2 2 2 2 2 2 2 2 2 2 2
left_child=2 -2 10 5 11 6 21 -6 14 -10 23 -5 -13 -12 18 16 40 -17 19 -7 26 48 49 31 -24 -8 28 54 32 -21 44 47 33 37 56 -26 38 43 -35 -15 -16 -39 -14 50 -20 -40 -31 -1 -4 -23 51 61 -45 -54 -28 -36 -30 59 -59 -48 -57 -18
right_child=1 -3 3 4 7 8 25 -9 9 -11 13 12 42 39 15 17 20 -19 30 29 -22 22 24 -25 35 -27 27 -29 34 46 -32 -33 -34 36 55 -37 -38 41 45 -41 -42 -43 -44 52 -46 -47 57 -49 -50 -51 -52 -53 53 -55 -56 60 -58 58 -60 -61 -62 -63
leaf_value=-6.4199733997895381 13.973628350475799 112.03940548975771 -4.4797575138142705 14.9127897743377 41.298822890838949 -0.044368645293549218 -34.666762897470484 14.831245898133567 0.56784260370262551 26.558918119261239 -35.207928812218093 -14.491376377570582 5.8951878404514062 -24.440106242930518 1.7332265752873077 2.7344132349772337 1.7447588325708829 25.295507566058355 -7.9976192935989516 -7.8775033451647021 -8.8941487805494059 -13.79290994743881 5.9681146023333458 0.37431657142764979 0.56861486903079805 -16.677743841288031 -1.4069846353939173 15.845247186828551 -3.5081938911740091 2.822500796348435 9.7230713993205882 -19.690096831390122 -5.349296863257357 17.483733312865628 -2.8003730799952056 -8.2892124917591286 0.84869542852981539 12.282711032367388 12.109752482399992 -13.263749502163931 6.8083000001796341 2.6737906571495973 19.778332667944433 0.6877873292719604 5.5083137113244298 -0.20427523253099236 -3.0826384344206454 -12.7825185089672 0.52177732136932198 -8.778585559374255 -2.335712994568071 -4.2567224347367363 5.8220464959665357 1.7612539543853183 5.0738307889575154 1.8286677163411511 -8.5429053957783392 -1.7021315702891595 3.2241183157708457 -1.6520529812993379 -0.79209099591103582 0.033979220732283912
leaf_weight=0.58842700487002753 0.54386035888455708 0.33464243565686047 0.78632568707689676 0.87933601858094268 0.37650504894554604 234.06233921763487 0.22467949241399754 0.38614456099458039 0.50932280137203534 0.39805685146711767 0.31717973318882287 0.35904155997559428 0.20447040931321681 0.27957876119762637 1.0410885135643186 0.33351570926606555 4.1219067296479039 0.29622457642108202 0.17654608213342715 0.94492012448609131 0.67785206949338217 0.57441815990023348 0.44806833891198072 0.39687058003619258 0.50240219058468927 0.27379808318801224 0.35287906345911324 0.32769744051620364 1.7468854167964312 0.71929195080884412 1.0057747019454835 0.38577875168994058 0.64851891412399609 0.26633950183168054 0.94264908484183241 1.0786641947925089 0.50723426486365497 0.31879556505009532 0.21845803759060689 0.45782599714584649 2.9321309688966748 0.64405894838273603 0.20356344687752426 1.4250336671248089 0.19658282282762141 0.21429304266348481 6.4120976915583077 0.63592902035452425 1.2920711799524704 2.8782316043507308 1.4536704020574678 0.38573266332969147 1.2520728351082655 1.1376790942158548 0.49088550521992036 2.0661620413884521 0.40348999970592547 1.3101690621115256 0.58332408615387965 8.1497587868943722 2.1499955754261455 5.9553158995695412
leaf_count=77 63 75 101 80 66 14848 56 47 82 58 77 62 61 74 90 26 826 75 53 104 98 105 50 64 113 67 44 55 215 29 77 65 61 51 106 94 35 51 50 83 107 100 47 64 61 51 754 95 33 337 156 48 77 66 84 159 51 137 89 898 164 583
internal_value=0 51.3292 -0.162406 -0.0179826 14.2869 -0.134865 -3.01101 27.8978 0.0492334 11.9698 -14.1843 7.98214 0.0371941 -22.8267 0.0131186 1.35182 1.11338 13.347 -0.157468 -0.195802 0.487432 -5.55801 -7.1457 -9.64319 -2.9478 -24.786 0.722703 6.13475 0.47752 -2.15197 6.85335 -12.1123 1.21233 1.45005 -1.38727 -5.47454 6.37373 1.09427 10.3825 -17.5011 5.4785 5.85525 12.8213 0.802869 -0.882024 6.012 -1.83696 -9.72467 -1.37047 -9.61282 0.197772 0.549762 2.69307 3.88884 2.36343 -0.109412 -4.45289 -2.04064 -0.184513 -2.28199 0.492233 0.733743
internal_weight=0 0.878503 300.308 297.246 2.40906 294.837 8.05866 0.76265 286.779 0.90738 3.06159 1.64641 0.767075 1.05458 285.871 32.3106 31.6808 0.62974 253.561 252.182 27.7076 7.56018 5.48178 2.00701 2.02913 0.498478 27.0298 1.17146 25.8583 18.1196 1.3789 1.61013 18.5491 17.9006 7.30918 1.58107 1.20632 16.6943 0.699091 0.737405 3.97322 0.962855 0.408034 15.7314 0.373129 0.432751 17.1746 1.22436 2.0784 3.45265 11.9166 10.463 3.81479 2.38975 0.843765 5.15881 2.15038 16.4553 1.89349 14.5619 4.21616 10.0772
internal_count=22675 138 22537 22002 363 21639 956 113 20683 140 535 250 170 234 20543 3493 3392 101 17050 16859 3195 833 699 301 257 123 3097 183 2914 2011 191 237 2219 2158 695 207 187 1971 152 157 197 151 108 1820 114 101 1907 172 134 442 1613 1457 207 143 128 429 266 1878 226 1652 323 1409
cat_boundaries=0 22
cat_threshold=524290 524288 4118806528 34 24608 0 4 0 1048576 0 0 0 0 0 2147483649 0 8388608 131204 268435456 65541 16 2097152
is_linear=0
shrinkage=0.05


Tree=8
num_leaves=63
num_cat=1
split_feature=66 55 55 67 56 20 6 54 55 87 53 64 19 66 0 66 55 64 63 65 1 54 67 66 55 63 3 3 63 56 56 7 3 63 64 10 66 49 51 53 55 64 3 64 18 52 49 67 63 10 19 67 67 56 66 65 59 49 66 66 64 14
split_gain=848151 596948 224489 132672 83917.5 82799.4 73033.9 59644.8 53797.1 52648.1 48818.7 39791.7 29857 20597.5 23964.5 23735.6 28081.7 22488.5 20568.4 19982.4 19859.9 18927.9 17933.7 16467.8 15624.7 26256.8 21019.7 11875.4 11762 11449.5 11360.3 10151.3 10128.3 18315.5 14563.7 11991.9 9396.57 8135.55 7877.45 7584.57 7010.4 6981.68 14830.8 7666.17 6800.25 6745.16 6545.49 6402.58 5822.65 5603.87 5476.64 4580.05 4574.86 4057.01 3829.19 3634.43 3405.4 3079.41 3073.54 3924.84 2994.61 3075.49
threshold=1910.4633333333334 229.52837937857518 -341.55212953000381 1177.3350000000003 726.29099492668126 0.25000000000000017 -1.0000000180025095e-35 475.4840069238964 -768.08630945624748 1.0000000180025095e-35 -238.60014550689155 1386.5025000000003 1.0000000180025095e-35 648.34333333333359 0 116.47333333333334 -21.698385613208064 910.04000000000008 1422.7566666666669 524.25000000000011 4.5000000000000009 2.9896182122855071 683.42000000000019 329.25333333333339 252.30077310856646 1056.4887500000002 2015.5000000000002 2018.5000000000002 332.99722222222226 93.418766774517749 127.59592908374931 1.0000000180025095e-35 2018.5000000000002 928.43708333333336 295.00500000000005 -4.0000000000000009 298.90333333333336 -491.06187245561205 556.11620451193812 -38.545190550182973 -62.066738773622262 483.12000000000006 2016.5000000000002 709.68500000000006 1.0000000180025095e-35 11.610192426844343 299.55771533088 539.61000000000013 700.04166666666686 1.6160254037844388 1.8369701987210299e-16 272.71000000000009 641.2700000000001 64.32349720547019 472.44166666666678 28.030000000000005 -21.134707176667728 -116.69107165170652 236.31500000000003 58.346666666666671 332.63500000000005 -0.68301270189221908
decision_type=2 2 2 2 2 2 2 2 2 2 2 2 2 2 9 2 2 2 2 2 2 2 2 2 2 2 2 2 2 2 2 2 2 2 2 2 2 2 2 2 2 2 2 2 2 2 2 2 2 2 2 2 2 2 2 2 2 2 2 2 2 2
left_child=2 -2 8 4 10 7 -6 24 -1 18 23 -9 20 14 28 17 41 30 37 -15 -10 -18 -22 -4 25 26 -5 -11 57 -14 38 -28 33 46 36 -35 55 -8 39 -16 -32 49 44 47 -43 -37 53 -44 54 52 58 -52 -17 -23 -36 -34 -21 -12 59 -30 -55 -62
right_child=1 -3 3 5 6 -7 9 11 12 27 13 -13 29 19 15 16 21 -19 -20 56 22 32 -24 -25 -26 -27 31 -29 50 -31 40 -33 34 35 48 45 -38 -39 -40 -41 -42 42 43 -45 -46 -47 -48 -49 -50 -51 51 -53 -54 60 -56 -57 -58 -59 -60 -61 61 -63
leaf_value=-30.930501279711184 7.7988217385510943 95.369215612273962 -9.2127154494362422 -6.7946927931001859 5.6346787267468628 31.147806926474814 -24.397788549629681 25.765791213453419 -13.290061980729973 2.4042460229403955 -4.0185101191144446 3.9201065575808158 -15.205981934275693 13.749908993366269 -1.262974919605284 0.59935427690987653 6.8420546014757377 6.9785405179834559 -34.494487296557303 -2.0412326789719475 -8.7008589096926414 -0.40405695918211237 8.467084029900958 0.78766812897612493 12.240457460410179 -10.644068913530221 12.505097953639622 -12.21053049117617 -6.1199744345476255 -28.109904036998099 -8.4226671552063106 3.0569336555390931 5.0693810642373727 16.909064195354492 -1.2685416488427081 -0.46758235982528418 6.6838852441701313 -12.969825007219359 2.6427746257721028 -0.015567266883106209 -1.7077997260014037 8.1148430511507108 -7.0567548603554346 -11.099902715469987 -3.044351921759354 10.867419358399211 8.6627269573025814 0.35633384038907573 -6.7948299512333321 -1.2677742768177265 -4.9805935634258454 2.0400367220562656 5.0414568269936275 5.6210626094435492 3.1881504624844044 1.227766432341663 4.364738937210519 -1.3077796833867961 -4.53752029702044 -11.029808019408534 -1.958462157578132 2.8975025848693643
leaf_weight=0.44549550628289614 0.38464959850534697 0.39389483747072518 1.9364385239314281 0.35960351349785957 0.52742614038288627 0.3948215628042816 0.29459499614313256 0.56997471721842874 0.57832215609960191 0.31582548352889717 1.3556365920230744 0.32863830053247511 0.57655482343398023 0.5268157657701511 12.918497490929438 4.1712186513468641 2.3055250365287092 1.1227010388392944 0.28862014808692038 0.39730979152955115 0.31280464306473732 1.3201010874472583 0.29611395974643528 0.52280573011375953 0.35255652084015299 0.39814793923869718 0.49078408931381978 0.24825298483483493 1.3378473436459901 0.24492903496138752 0.41330271889455605 0.67570820590481162 0.70392933604307284 0.38654718059115112 3.1458412487991159 0.25769567117094982 1.1425221543759105 0.33040095213800547 2.6752283482346675 214.85324454237707 6.5281003040727219 0.35301028541289214 0.59208004456013419 0.44894158025272179 0.22261257912032306 0.26747419498860836 0.39002021239139129 0.57330546504817903 0.42029220843687642 4.2709497406613082 0.54981025401502837 0.40227154223248363 0.67315561557188619 0.7662795495707545 0.5691753567662089 4.910412859171629 0.43417144962586462 4.6122058723121864 1.4054398643784223 0.58502152492292214 0.4027555615175572 1.7123863699380253
leaf_count=90 39 89 296 113 97 78 65 92 77 88 168 51 117 62 1565 446 66 102 61 53 63 264 40 73 57 43 53 55 204 58 70 65 30 72 355 58 86 48 36 13544 729 85 78 60 46 65 87 57 71 440 85 31 47 165 67 404 64 274 119 40 90 366
internal_value=0 52.104 -0.153188 -0.0249399 -0.145107 9.55372 -10.3378 6.86877 -15.2113 -16.0388 -0.0727823 17.7764 -11.7251 -0.0112057 -0.0411338 0.0823931 1.41082 -0.0812766 -23.4546 6.13099 -6.65441 2.6001 -0.352177 -7.08675 2.5637 0.790746 3.77401 -4.02777 -1.69963 -19.0533 -0.114665 7.03211 2.00359 3.75193 1.12025 10.2251 2.55056 -18.3565 -0.0546347 -0.0863163 -2.10761 -0.55647 -3.09147 -5.54849 3.79921 5.30545 2.46658 -3.40992 -1.2168 0.0525623 -5.35821 -2.01425 1.21661 1.8914 -0.585735 1.70943 1.30375 -1.92354 -6.31476 -7.61376 2.94305 1.97285
internal_weight=0 0.778544 290.613 288.158 284.588 3.57023 2.00512 3.17541 2.45422 1.47769 282.583 0.898613 2.00872 280.124 278.766 268.517 30.0062 238.511 0.913616 1.3583 1.18724 18.701 0.608919 2.45924 2.2768 1.92424 1.5261 0.564078 10.2482 0.821484 237.388 1.16649 16.3954 5.50326 10.8922 0.911717 6.75686 0.624996 230.447 227.772 6.9414 11.3053 2.18995 1.61433 0.575623 0.52517 4.59154 1.16539 4.13531 9.11532 4.28039 0.952082 4.84437 4.20152 3.71502 5.61434 0.831481 5.96784 3.32831 1.92287 2.88142 2.11514
internal_count=22559 128 22431 21986 21434 552 414 474 445 317 21020 143 355 20651 20472 19551 3505 16046 174 179 180 2246 103 369 331 274 231 143 921 175 15944 118 2180 1167 1013 195 520 113 15145 15109 799 1259 326 195 131 123 972 135 493 933 479 116 493 885 422 434 117 442 363 244 621 456
cat_boundaries=0 22
cat_threshold=524294 0 536875012 2 66608 0 133 0 2148532224 32 0 0 0 0 64 67109248 8388736 134217860 2 65541 0 2097152
is_linear=0
shrinkage=0.05


Tree=9
num_leaves=63
num_cat=1
split_feature=66 91 55 66 60 0 70 55 58 19 66 70 63 71 54 70 64 70 53 66 66 38 71 65 63 1 70 66 54 26 3 51 70 71 53 58 3 63 66 55 41 65 55 49 65 86 66 57 21 33 58 71 10 70 55 57 10 63 60 70 64 9
split_gain=841707 805355 190658 129790 81523.2 59750.9 72959.6 49021.9 47242.9 45396.2 39844.1 43921.8 32848.3 29226.2 34168 32456.4 25774 25387.3 21457.9 23043.3 23022.4 19980.8 19001 15001.7 14520.6 13559.9 13362.7 29708.3 13004.6 12806 12255.6 9658.63 8647.87 14920 12209.5 8575.56 10634.3 10387.1 7805.72 7667.15 7380.48 7269.58 6483.81 6425.18 5717.78 5673.93 5310.57 5315.1 5193.62 5130.41 5392.64 5029.25 4957.59 4616.08 4198.62 4093.11 3998.88 3823.57 3313.56 3213.19 3214.82 3166.62
threshold=1910.4633333333334 1.0000000180025095e-35 -341.55212953000381 1083.0100000000002 -119.00509915955779 0 0.47373581580441032 252.30077310856646 1322.3008048206154 1.0000000180025095e-35 396.47000000000003 2.4955102593438538 990.47920454545454 27.430529989108994 247.34083689649825 0.25056144461491786 277.07750000000004 0.72505317742073694 118.43039028392829 775.01333333333343 589.25166666666678 0.25000000000000022 -18.125208136437717 1137.1700000000003 262.13416666666677 5.5000000000000009 2.109742106865824 116.47333333333334 1.3021106701454268 9.1848509936051497e-17 2018.5000000000002 556.11620451193812 0.80122708430336864 3.8315364103495146 -106.45726927209799 109.25692957364934 2019.5000000000002 467.11666666666667 81.02833333333335 -6.2822943033375926 0.25000000000000022 756.10000000000014 173.00521034326675 -450.95694492971307 346.26000000000005 1.0000000180025095e-35 197.77833333333336 -45.707609292658596 0.25000000000000017 -0.6830127018922193 256.58157096643055 79.250154368656766 -11.750000000000002 0.9826073805202663 76.346810692884318 5.3192700563460482 4.7500000000000018 382.92916666666673 8.6601573636379445 1.4965499039827612 83.700000000000017 -13.928203230275507
decision_type=2 2 2 2 2 9 2 2 2 2 2 2 2 2 2 2 2 2 2 2 2 2 2 2 2 2 2 2 2 2 2 2 2 2 2 2 2 2 2 2 2 2 2 2 2 2 2 2 2 2 2 2 2 2 2 2 2 2 2 2 2 2
left_child=2 -2 9 5 -5 6 8 -6 24 17 12 18 22 14 45 -15 -11 43 23 20 42 25 57 39 -4 -13 31 -28 -29 46 -27 35 -8 56 -35 -24 38 53 -37 49 -18 -41 -20 -1 -36 58 48 -48 -30 -12 -51 -10 -40 -38 -46 -49 59 -7 -14 -34 -61 -26
right_child=1 -3 3 4 7 10 32 -9 51 16 11 21 13 15 -16 -17 40 -19 19 -21 -22 -23 26 -25 61 30 27 28 29 -31 -32 -33 33 34 44 36 37 -39 52 41 -42 -43 -44 -45 54 -47 47 55 -50 50 -52 -53 -54 -55 -56 -57 -58 -59 -60 60 -62 -63
leaf_value=-21.069113023816502 99.763699111600516 -0.87401171758171259 -3.7968278760201595 -1.7219516885584771 13.907764523333737 -1.6197345274460428 -5.5302641447063463 37.34730113364067 -32.983237525921155 -15.179545195900529 3.3072865934144495 0.064210527104059945 6.654668923457904 5.3624742366688274 -8.4746945245923584 30.633722143225846 -25.207676058803422 -1.988965231970832 -0.15506373685248906 -4.443477057459206 20.354047111375451 16.430132702665865 -0.15305688781968835 -9.007522129984352 -6.8510092893878287 2.0345796856255336 0.19425155711789036 9.9968541122135495 -0.006127544888850354 6.3723225682151572 12.77128175809848 3.0628637465843154 -5.3423199924891236 10.895227435659896 5.6063343469489855 -1.5115254583218782 -2.5077604462420613 -6.6874674710739148 5.7937958142279768 1.5556652959602697 -38.205917976715092 9.407745162511155 9.9377029440318196 -11.021255025998435 2.0000697622080787 10.528206399838844 0.52369443117785985 8.3824923853270388 4.8911796145494639 -0.8344479771281762 -7.0050171208994572 -21.687260325312845 0.96853445275945915 -0.022091137649336869 -5.4316930800130701 2.970069222888188 -5.4362991702187706 -3.9079953987913734 0.0040441609514623089 -1.6075973385372262 5.5675808002656639 -11.639461030148231
leaf_weight=0.28282281896099448 0.41312178689986367 0.38318452681414783 0.95588404964655493 0.46505235508084297 0.51736352453008183 4.5922251860611132 1.1538716801442204 0.39213939406909049 0.19631410716101516 0.61627089628018417 0.58760712761431921 0.58762870030477676 0.48809393681585722 0.29270815639756609 0.48808297584764648 0.22450117603875697 0.24502061144448817 0.7727241616230458 0.32436908502131678 0.33925372851081181 0.37952134222723544 0.66684346459805954 169.16476259473711 0.44403783627785731 0.40409809420816634 0.39207537239417412 64.362391243455932 0.65921034547500212 3.8200008510611934 1.8649543311912564 0.82515631127171218 2.2135355379432431 0.30267427931539792 0.38492694962769736 0.38028072915039934 3.2263300120830563 6.2438619118183833 1.217784103238954 0.6686781723983598 1.3703786272089913 0.19702381268143654 0.37554790009744454 0.31237352127209306 0.3637089908588671 0.36213497607968748 0.60680443723686039 0.83766904659569297 0.66961529245600082 0.63076436542905856 2.0842686309479181 0.42652978957630683 0.19783654366619885 2.6102917948737732 2.6649819172453135 0.39993087411858141 0.73024893249385059 1.0742804859764872 3.0301652322523296 0.30389674659818411 0.45980012440122664 0.23635773337446153 2.371215317863971
leaf_count=43 89 37 44 66 94 379 131 59 48 124 78 55 56 78 99 42 59 95 51 48 48 79 12091 53 76 100 3299 47 392 34 68 24 25 66 59 658 444 102 127 220 54 66 60 67 42 20 50 64 29 259 43 52 556 221 65 45 141 374 85 62 56 367
internal_value=0 51.3366 -0.138713 -0.021114 15.3067 -0.0938642 -2.81504 24.0139 -10.8507 -13.9503 0.0893039 3.34404 -0.0166409 5.80199 2.91568 16.3318 -21.788 -8.10585 1.22712 6.83968 10.6063 9.03428 -0.0686026 -0.211492 -9.11168 6.30173 0.00310309 0.574368 3.23003 2.7085 9.31295 -0.220452 -1.76341 -0.556186 3.19382 -0.259569 -1.34291 -2.35625 0.234526 0.594764 -31.0011 3.24464 4.79625 -15.4167 0.598745 6.89014 1.68689 3.67396 0.687921 -0.898422 -1.88269 -27.3134 1.95255 -1.7642 -1.90011 5.55906 -3.31884 -2.5294 4.10274 -1.04143 0.828501 -10.9422
internal_weight=0 0.796306 293.459 290.981 1.37456 289.607 8.87961 0.909503 4.12535 2.47757 280.727 9.11559 271.612 2.40409 1.88688 0.517209 1.05832 1.41926 6.64389 1.35552 1.01626 2.4717 269.207 5.28837 3.7312 1.80486 261.585 73.5749 9.21246 8.55325 1.21723 188.01 4.75426 3.60039 1.52727 185.797 16.6319 10.1266 6.5053 4.84433 0.442044 1.74593 0.636743 0.646532 1.14235 1.3988 6.6883 2.23753 4.45077 3.09841 2.5108 0.394151 3.27897 8.90884 0.762066 1.39986 2.07311 7.62239 0.791991 0.998832 0.696158 2.77531
internal_count=22565 126 22439 21997 219 21778 1234 153 587 442 20544 1228 19316 380 260 120 237 205 926 207 159 302 18936 719 487 223 18183 3960 661 614 168 14223 647 516 232 14199 2108 767 1341 666 113 286 111 110 166 161 580 159 421 380 302 100 683 665 107 109 284 753 141 143 118 443
cat_boundaries=0 22
cat_threshold=526338 524288 4118806532 50 24608 0 4 0 0 0 0 0 0 0 2147483648 0 58720784 131076 268435458 65540 0 2097152
is_linear=0
shrinkage=0.05


Tree=10
num_leaves=63
num_cat=1
split_feature=66 70 55 66 60 55 53 50 70 1 70 49 66 49 60 71 0 60 65 87 54 70 71 63 66 70 66 54 53 70 50 70 60 63 18 63 54 66 71 19 87 10 10 89 49 58 3 52 10 51 52 54 51 16 58 3 85 71 53 57 45 71
split_gain=708251 606755 173154 114667 81387.7 65168.8 49417.5 49950.2 48010.1 47901.3 43929.5 34732.5 34215.4 32484.9 29923.5 27323 23264.2 22631.4 21457.4 18982.2 18820 18699 15903 11816.3 11888.8 10383.5 21789.6 17392.2 12438 9756.55 8901.7 8481.93 8072.97 8030.38 7927.28 9565.12 7305.42 7175.47 5819.32 6383.1 5816.6 5594.91 7662.14 4894.83 4795.95 4713.79 4625.92 4567.12 4423.84 4809.35 4252.15 4956.96 3824.69 3747.11 3506.16 4720.04 3438.81 3336.31 3252.14 5964.66 2994.19 3376.39
threshold=1910.4633333333334 4.0003472825143263 -341.55212953000381 857.41166666666675 -214.46258510533954 7.8848630444698093 -256.0863790760763 -459.53527056047687 1.7026086927820485 10.500000000000002 0.77588325291279292 -450.95694492971307 383.47000000000008 -672.10767924935931 5.4517793759066659 9.7221617380989631 0 -162.19766088871475 22.970000000000002 1.0000000180025095e-35 475.4840069238964 5.9297625284557549 -69.202731668663347 280.34000000000003 236.31500000000003 1.3212002782101815 116.47333333333334 2.2515179121745246 -63.771882736794119 0.9826073805202663 -697.29198158029146 1.216467746663608 -838.52592254831188 886.21416666666676 -1.0000000180025095e-35 860.93458333333353 175.56054497522001 716.67166666666674 3.7051054898789029 0.25000000000000017 1.5000000000000002 1.5001923289555077e-15 15.294228634059946 1.0000000180025095e-35 -450.95694492971307 415.12811240760158 2018.5000000000002 -225.45049319343104 11.750000000000002 -150.33863590486612 43.240701364239591 144.11288470332133 151.43095763293493 -0.5 109.25692957364934 2018.5000000000002 1.0000000180025095e-35 -6.7666762175959949 0.93643258818124953 -24.045131367612584 -0.6830127018922193 6.6022275189727795
decision_type=2 2 2 2 2 2 2 2 2 2 2 2 2 2 2 2 9 2 2 2 2 2 2 2 2 2 2 2 2 2 2 2 2 2 2 2 2 2 2 2 2 2 2 2 2 2 2 2 2 2 2 2 2 2 2 2 2 2 2 2 2 2
left_child=2 -2 10 6 -5 -6 9 19 -7 11 13 -4 16 43 -10 18 23 -17 -14 30 21 47 -18 56 40 28 -27 -28 32 -13 -8 34 -24 45 46 -36 60 52 -29 48 -25 -35 -43 -1 -15 53 -20 -19 49 -40 51 -49 -33 57 -55 -56 -9 -30 59 -51 -34 -62
right_child=1 -3 3 4 5 8 7 12 14 -11 -12 29 15 44 -16 17 22 20 31 -21 -22 -23 25 24 -26 26 27 38 33 -31 -32 37 36 41 35 -37 -38 -39 39 -41 -42 42 -44 -45 -46 -47 -48 50 -50 58 -52 -53 -54 54 55 -57 -58 -59 -60 -61 61 -63
leaf_value=-24.58478418107044 11.915933121668186 100.7554823193789 -24.86385674716805 -5.1314045136890938 1.2671567152102898 10.102284851532417 -22.169198946462849 -1.442891557681671 19.649145222673045 6.3191259546604508 -3.9157805464473934 -9.361373381049038 12.830949320155813 -17.752210013308684 39.093294466215958 -2.1864640224189351 6.0404252965097012 -1.3536330114702988 5.7456747624663906 -1.8343381967065622 16.677748138613481 15.353886350392139 3.7720305689900364 -8.8024723439911536 -0.15258171029372219 0.13501635671092158 5.9730270501446894 0.38477026890685367 1.6022141626335555 -1.1107282372825555 -10.885608010018707 0.12669031707662556 0.87177920156851474 3.7139828846930669 -1.959697502018138 -11.1786560809609 -8.137726346616315 7.9850216858673697 -0.95040813402700342 7.1013465451055708 -3.8499677472445351 3.1304434232270388 -7.7627367686373425 -34.851341372141 -11.057056254533139 -4.211918300806607 -2.6901893205427996 4.1942636071858557 -0.88410738225856156 1.9243331161901869 0.41295806068755675 11.118707413114844 4.7991941779682028 -0.15525453773733847 0.46188234065821654 -1.7948527114967114 -3.9993584161339544 -1.6622318251062081e-05 2.6942766696300033 10.825138468798315 -2.7167717928717381 1.0151998131404747
leaf_weight=0.24334033741615724 0.48880559392273326 0.31673035630956292 0.33115888829343076 0.60240664356388185 0.5298204175196578 0.51029559387825407 0.28221475495956838 4.5793972015380842 0.38034371146932244 0.56952808564528812 0.78491603839211155 1.4645506714005012 0.35862779058515837 0.44750020955689251 0.41242351313121617 0.60594462859444354 1.102801403030752 0.3178616694640376 0.40109164919704232 0.41584831546060741 0.5590526470914482 0.46383493067696679 0.56146765849552949 1.926794107072056 0.74117882642894972 91.650139948353171 2.58684557233937 6.0847802073694748 5.4275595017243168 0.4743681368418039 0.45919413887895533 2.5367779084481308 0.79369906685314973 2.2013437715359028 1.1729945365805177 0.37014954304322589 0.5239099534228443 0.40885744802653778 0.64152894914150227 0.70639287028461684 0.85637395828962315 0.37675656797364343 0.28244983195327222 0.22203047410584986 0.6649193922057739 0.71798694436438282 0.27320278249680996 0.69327375059947349 1.0281059055123476 0.35523261828348041 0.34438543417491008 0.41208096011541784 0.52935260673984874 126.03651981055737 3.3621430362109077 7.4535322280135006 1.8455684180371461 8.0946941941510868 1.6897000924218444 0.4003429196309306 6.4474183639977118 0.66894211131148029
leaf_count=50 56 74 85 92 91 69 48 153 48 78 99 211 43 104 72 69 44 55 80 86 60 60 20 144 42 4962 77 731 81 79 84 286 87 121 165 56 67 68 65 53 225 93 71 55 119 80 47 90 68 50 61 69 69 9293 723 572 137 660 143 53 808 84
internal_value=0 46.8469 -0.100132 0.00783816 10.8126 16.0528 -0.0820926 -0.0177645 22.0646 -6.64602 -13.582 -9.89877 0.0238076 -18.3907 29.7646 2.98315 -0.07635 6.57221 0.968626 -10.3848 8.47412 6.41882 0.0467298 -1.72233 -5.77998 0.0238176 0.411195 2.28713 -0.226139 -7.3428 -15.1807 0.221289 -2.03333 -0.120546 -2.19484 -4.17102 -2.4198 1.76305 1.41286 2.71038 -7.2786 2.50392 -1.53695 -29.483 -13.7504 -0.170233 2.32773 4.07418 1.95659 2.90273 5.26425 6.77573 0.933376 -0.150935 -0.229392 -1.09333 -2.17724 0.643086 3.91362 6.64044 -2.04109 -2.36596
internal_weight=0 0.805536 297.386 295.023 2.43529 1.83288 292.588 289.748 1.30306 2.83961 2.36271 2.27008 288.591 1.57779 0.792767 9.44749 279.144 3.39643 6.05105 1.15726 2.79049 2.23144 269.194 9.94931 3.52435 268.091 105.143 13.4929 162.948 1.93892 0.741409 5.69243 8.99544 153.953 2.21744 1.54314 8.43397 3.47499 10.9061 4.8213 2.78317 2.86055 0.659206 0.465371 1.11242 151.092 0.674294 1.7676 4.11491 3.0868 1.44974 1.10535 3.06613 150.374 136.852 10.8157 6.42497 13.5223 2.44528 0.755576 7.91006 7.11636
internal_count=22585 130 22455 22028 372 280 21656 21203 189 453 427 375 20985 328 120 1278 19707 464 814 218 395 335 19006 701 411 18962 6202 1240 12760 290 132 771 1066 11694 348 221 1046 423 1163 432 369 285 164 105 223 11409 127 275 379 311 220 159 355 11329 10588 1295 290 741 246 103 979 892
cat_boundaries=0 22
cat_threshold=524290 0 536872964 50 66592 0 134 0 0 32 0 0 1 0 1 320 268435664 4224 0 131077 0 2097152
is_linear=0
shrinkage=0.05


Tree=11
num_leaves=63
num_cat=1
split_feature=66 71 55 66 71 65 53 50 63 58 50 50 55 86 70 66 37 70 47 49 12 42 3 65 87 66 63 9 63 3 55 70 63 60 59 43 58 52 66 50 33 9 47 63 70 53 54 66 3 67 71 66 56 3 54 63 67 71 91 58 65 74
split_gain=615975 663355 162287 82168.8 77019.1 68346.7 61435.1 53020.6 40031 32662.7 27510.4 26631.7 23295.2 22256.1 21140.5 28900 21096.9 21080.9 20223.8 18106.8 17970.7 17633.1 15480.5 14462.5 14429.9 13986.6 13567.5 12547.7 12484 13371.6 11120.5 10223.7 9437.55 7323.85 7225.12 7123.15 9661.53 8169.46 8074.45 6978.41 6617.63 6877.94 6378.61 6344.1 6272.7 6177.04 7073.48 5729.71 5237.19 5002.22 4797.76 5953.1 7141.11 3597.13 9244.11 6678.22 5226 4873.34 3566.44 3434.04 3188.44 2786.73
threshold=1910.4633333333334 46.043872757781799 -341.55212953000381 634.05666666666673 9.3174074835182683 260.04500000000002 -238.60014550689155 -459.53527056047687 1422.7566666666669 662.37141394063531 778.17201799358338 -315.31334411350468 -96.633610881482952 1.0000000180025095e-35 1.3465768360445762 116.47333333333334 0.93301270189221952 0.77588325291279292 -549.91644664245894 -64.065579837385911 0.6830127018922193 1.0000000180025095e-35 2019.5000000000002 24.060000000000006 1.0000000180025095e-35 287.11666666666673 1666.1362500000002 -0.93301270189221919 886.21416666666676 2016.5000000000002 279.83373407705403 2.1866438971360727 1021.5045833333335 -423.38310865989104 2.5686461516302015 -0.93301270189221919 350.47552485888599 269.36143503748298 193.81333333333336 -637.6531648149022 -0.6830127018922193 3.0003846579110155e-15 377.97693023540558 630.16166666666675 0.91433493293958412 -106.45726927209799 1.7735613441331426 173.99000000000004 2016.5000000000002 154.50000000000003 11.874156162982668 373.72500000000008 201.75640841585374 2019.5000000000002 25.599115638397731 555.71666666666681 112.07500000000002 27.430529989108994 1.0000000180025095e-35 531.35399256939138 485.62000000000006 0
decision_type=2 2 2 2 2 2 2 2 2 2 2 2 2 2 2 2 2 2 2 2 2 2 2 2 2 2 2 2 2 2 2 2 2 2 2 2 2 2 2 2 2 2 2 2 2 2 2 2 2 2 2 2 2 2 2 2 2 2 2 2 2 1
left_child=2 -2 9 6 8 -6 10 24 22 17 12 -7 44 27 19 -16 23 -1 -12 20 35 26 31 25 39 34 32 -13 33 30 47 -5 -11 -21 -17 -9 48 38 59 -8 -31 -42 45 -24 -4 -25 -47 -30 49 -37 -48 52 -52 56 61 -56 -35 -58 -51 -38 -33 -55
right_child=1 -3 3 4 5 11 7 14 -10 21 18 13 -14 -15 15 16 -18 -19 -20 28 -22 -23 43 42 -26 -27 -28 -29 29 40 -32 60 -34 53 -36 36 37 -39 -40 -41 41 -43 -44 -45 -46 46 50 -49 -50 58 51 -53 -54 54 55 -57 57 -59 -60 -61 -62 -63
leaf_value=-13.057914805651837 -9.807113907670697 79.579445667744594 -8.6861310376376828 2.6740475501923675 28.040348436462651 -3.1907937414072478 -21.964313507565198 4.3353399206696164 -14.078420242799888 -13.203207313471996 -27.867318005585851 -2.3564732757627467 6.5836935738641102 17.21060619248771 0.16372892634023545 0.22924369585989887 10.648693193161646 2.6344330887467562 -8.3483087370611653 -4.4378586152794748 5.9849827925368837 -27.681938383460363 10.753782119313108 -1.0507044507894112 -3.5067353401284684 10.434720258839413 -5.4580667065352273 11.077940130484826 9.1637650486064928 3.0148132995395449 -0.51167863155795223 -4.237987860997114 -23.709803289773976 -0.045162768074244505 5.1638960812874766 -1.2847932102159203 -4.0142097915783506 -11.277695554915589 1.9148173645643625 -11.423587904295145 -7.4967088011254761 1.4777865566449089 -4.3541887429673158 3.1302091491319763 -2.5173951109032595 7.5046601908628183 1.0549393732950385 21.116695037602547 -2.2967895566816181 1.213540307293006 4.6577871175787111 7.6866700391885843 -1.6856808534360024 -0.36402998148811677 -1.2231782711503989 -5.6556367861844921 1.1644507245290572 6.5941023099717144 8.6813291590246688 -9.2069783662245879 -14.007998217101974 0.24119254536340984
leaf_weight=0.43891896773129646 0.35542754200287063 0.49890324636362493 1.5471432723570626 0.43911038339137975 0.56082292157225344 0.40613992442376923 0.28270628815516829 0.4041526722721781 0.41640391829423595 0.48097000340931095 0.25086860125884414 0.32415126892738044 0.36842779628932376 0.75960941752418876 93.596264992607757 1.2684778736438671 0.72954631899483402 0.41768614086322486 0.2817409096751361 1.0385014710482199 0.69507703790441056 0.33872521808370937 0.54014107724651672 2.1112726940773454 0.35330430138856173 0.82989647518843401 0.29513294738717377 0.37473419052548662 0.23827319242991452 1.9084501459728931 0.18702357052825391 0.1739690825343132 0.38467988325282931 41.188145330175757 1.7864386006258426 1.4488014606759017 0.97241822979412906 0.4649711011443286 0.45625963388010848 0.35318660316988726 0.36340090818703141 0.5175256619695574 0.4927316680550583 0.5515511438716203 0.56172029674053181 0.53506250539793931 8.5397156791295838 0.17309160344302654 11.678046541521324 0.44976608874276269 1.1021861736662679 0.64442500611767162 0.74256661674007762 63.992961667012423 15.936921315034851 0.89765360695310015 4.7450485301669678 0.45268541085533787 0.24805491860024631 0.47336710174567997 0.16059782868251204 27.063442560378462
leaf_count=63 38 98 223 97 81 58 56 32 68 102 57 46 53 73 4918 125 95 66 61 88 50 55 39 225 71 73 56 63 72 30 57 55 90 6933 34 397 142 95 46 71 69 90 39 64 89 29 916 35 1159 118 82 94 54 2120 948 82 970 92 54 73 47 152
internal_value=0 42.3919 -0.124539 -0.0208759 6.53261 12.736 -0.126388 -0.0524674 -0.0613603 -13.1952 -7.23288 8.13288 -5.01642 11.2861 -0.0128272 0.522917 2.31283 -5.40623 -17.5421 -0.35492 -1.89139 -17.6448 3.06765 1.97596 -11.6085 4.67861 -14.7158 4.8469 -0.187519 2.81513 9.59729 -2.34301 -17.8722 -0.253013 3.1149 -2.22128 -2.38493 -5.33664 -3.8843 -16.1098 1.3602 -2.22438 1.2349 6.90216 -7.04302 1.43628 1.89034 14.1932 -1.87955 0.390309 1.61797 3.54957 2.10436 -0.224843 -0.383149 -1.45953 0.143368 1.63733 3.86812 -5.71438 -8.92776 -0.184148
internal_weight=0 0.854331 299.435 297.079 4.70723 2.42546 292.372 289.362 2.28177 2.35611 3.0099 1.86463 2.47729 1.45849 288.373 112.379 18.7823 0.856605 0.53261 175.994 17.2909 1.49951 1.86537 18.0528 0.989197 3.88481 1.16078 0.698885 158.703 3.38777 0.598388 0.773677 0.86565 155.315 3.05492 16.5958 16.1917 2.36702 1.90204 0.635893 2.78938 0.880927 14.168 1.09169 2.10886 13.6752 11.564 0.411365 13.8247 2.14662 11.0289 2.48918 1.84475 154.277 107.891 16.8346 46.3859 5.19773 0.697821 1.44579 0.334567 91.0564
internal_count=22528 136 22392 21960 691 321 21269 20786 370 432 483 240 365 182 20588 6684 1766 129 118 13904 2166 303 302 1671 198 232 248 109 11738 353 164 199 192 11385 159 2116 2084 356 261 127 189 159 1439 103 312 1400 1175 107 1728 569 1146 230 136 11297 3302 1030 7995 1062 172 215 102 2272
cat_boundaries=0 1
cat_threshold=1
is_linear=0
shrinkage=0.05


Tree=12
num_leaves=63
num_cat=1
split_feature=66 67 55 67 20 58 27 46 58 47 67 55 47 49 67 60 47 37 53 71 58 66 71 36 66 54 49 71 38 8 56 65 65 67 67 49 13 60 63 54 49 71 43 9 58 64 58 55 27 55 56 8 67 46 63 45 5 66 66 72 58 60
split_gain=680333 714359 156664 116851 66890.4 59697.6 52333.2 48133.1 42609.2 31790.3 29783.5 28874.6 28837.7 39741.7 24686.5 23327.9 21223.6 20857.7 18864.2 16746.7 14259.2 13626.1 11610.5 11590.9 10933.6 15020.2 13309.6 12716 10538.3 10348.7 9601.59 9460.52 9068.59 8200.81 9500.28 7688.38 7082.08 6942.38 6363.58 5906.06 5798.56 5499.15 5144.47 5069.43 5007.1 4733.2 4399.71 4316.55 4026.21 3858.57 3804.96 3765.34 3245.82 3205.77 3055.51 3015.37 3554.18 2970.7 2832.43 2761.63 2735.72 2720.03
threshold=1910.4633333333334 4214.1650000000009 -341.55212953000381 1177.3350000000003 0.25000000000000017 531.35399256939138 -1.0000000180025095e-35 0.25000000000000022 1613.888945611425 752.86082666397317 1839.6750000000002 -768.08630945624748 85.490069946296032 135.54731951228482 845.37000000000012 -377.33980541445123 -186.20884057579764 0.25000000000000022 -23.25125985402045 -69.202731668663347 415.12811240760158 364.59166666666675 15.530309367336516 -1.0000000180025095e-35 116.47333333333334 2.9896182122855071 -57.423783621290319 5.4590008887556198 -1.0000000180025095e-35 2.5000000000000004 410.20030296193778 23.050000000000004 67.080000000000013 797.31000000000006 344.37500000000006 -450.95694492971307 -1.0000000180025095e-35 -1072.7487425166644 1218.6062500000003 247.34083689649825 -54.236488681270878 -3.1937278382311112 1.0000000180025095e-35 22.500000000000004 105.35491072537472 307.64500000000004 107.2747461472561 -62.066738773622262 -0.6830127018922193 105.94024179615741 121.49551639698937 2.5000000000000004 575.81500000000017 0.93301270189221952 569.06708333333347 0.68301270189221941 -0.5 17.35166666666667 676.91500000000008 0 248.58419963132943 -3.3654113243532682
decision_type=2 2 2 2 2 2 2 2 2 2 2 2 2 2 2 2 2 2 2 2 2 2 2 2 2 2 2 2 2 2 2 2 2 2 2 2 2 2 2 2 2 2 2 2 2 2 2 2 2 2 2 2 2 2 2 2 2 2 2 9 2 2
left_child=2 -2 10 5 7 14 -7 9 17 12 11 -1 13 15 16 -5 21 23 -19 -18 -13 42 31 -8 26 -26 37 45 29 -29 -17 -16 -30 34 -25 38 43 -21 -22 48 -28 -23 47 50 -39 53 57 51 -38 52 -34 -4 60 -27 -51 56 -52 -42 -33 -59 -47 -37
right_child=1 -3 3 4 -6 6 8 -9 -10 -11 -12 20 -14 -15 22 30 19 18 -20 24 35 41 -24 33 25 27 40 28 32 -31 -32 58 36 -35 -36 61 39 44 -40 -41 46 -43 -44 -45 -46 49 -48 -49 -50 54 55 -53 -54 -55 -56 -57 -58 59 -60 -61 -62 -63
leaf_value=-27.108240884881656 10.518227002459334 104.69571754970596 -1.8556290174544963 -10.578115877010134 27.24927991018636 15.055482879883797 0.55243721158337189 22.122400488010037 -24.147687173704028 18.086882012231793 2.1311204254746583 -4.0982776821732143 -7.281535745964991 18.590949005993568 10.211574743453543 1.0171891011988217 6.8284185061411495 -5.4856918261221033 9.6683986603572123 4.7223789414754034 -14.847307730459114 -1.0017847582416084 10.265257812819714 -9.8187435137401664 4.2914008191445943 0.11370674514278822 1.7217998039201774 -7.2046835637479383 7.1846228306294764 2.099147555885593 11.315359605604728 -1.3738848096584393 2.1786578945991031 -16.566195519955045 -0.38759285633042789 -13.82319852635365 4.3274228297038579 -0.56412516844510441 -25.246308179310557 -5.2456118179188964 -0.14278016747211594 6.353507224764229 -8.9180569507946981 -1.5234052283655295 -2.4756197543438745 -1.9383978053358284 -1.3362663580883476 -1.0328473606829212 -0.041022999263422198 -2.017981420677319 6.6029647341459565 -6.2477430658961257 0.08949309545750915 3.5578791781323185 4.779848082933535 8.979055826540991 2.3238711310309301 -0.32536174712810395 3.6434905812450773 0.38313383832483244 -5.5068374520796128 -7.3429365526900616
leaf_weight=0.39279714250005837 0.5668698800727715 0.3122774267103523 0.681661228649319 0.32941023726016383 0.4411354032345115 0.27160027786158014 0.32914181752130511 0.42339187115430821 0.35529991681687523 0.34826769866049279 0.29307286161929358 0.42195672332309109 0.62703395378775884 0.42120253038592625 0.32573817111551706 0.61324980342760649 0.89937839610502024 0.48988385871052742 0.35358671308495093 0.42674500728025933 0.40950231393799219 0.69902636273764074 0.75452109077014018 1.5505810850299888 2.9306710141245302 8.5797006846405601 4.6637175497598937 0.60176948504522332 0.89565303758717973 0.59382045920938253 0.35874966694973409 0.71964171016588785 2.4388720148708645 0.34668114501982916 0.32257110183127213 0.35512268985621631 0.67928017769008953 5.5318695884197941 0.22960065281949937 0.44278135639615346 148.76885135401972 0.39926278241910018 0.59278199728578318 0.54504343052394677 8.9992845992092025 3.9691577514167866 6.5499739269725969 0.96023459662683253 2.3598034463357189 0.26698953937739123 0.86193035636096982 1.7173769338987765 1.7888447158038614 0.73337141284719187 0.4340294674038887 0.39517800859175611 1.1104221113491826 11.349378234706817 0.46177908126264811 52.181035628076643 0.62115378724411119 0.29765801946632509
leaf_count=81 77 66 54 62 83 36 41 30 95 52 28 73 99 86 15 78 19 97 67 17 97 89 92 298 103 1000 132 33 97 82 67 109 273 51 54 74 99 799 42 44 7664 68 25 59 999 565 810 132 289 41 127 266 209 60 91 50 142 1040 66 4776 65 43
internal_value=0 43.9705 -0.0813243 0.0259779 9.02459 -0.0881243 -6.13793 6.44888 -7.67383 3.98919 -12.8032 -14.8808 1.89961 5.24157 -0.000317983 0.921027 -0.0431556 -5.94847 0.866972 0.0169979 -12.0784 -3.25452 5.20208 -8.20374 -0.00579933 0.889705 -0.119388 0.524768 1.84623 -2.5837 4.81808 2.66732 2.39062 -9.50205 -8.19463 -14.6849 1.90453 -1.56334 -18.5832 0.149365 -0.0227565 1.6721 -4.62364 3.04651 -1.74793 -0.355859 -0.0599333 -3.86584 0.935389 -1.33026 3.56474 -4.99977 -1.7172 0.384923 2.19083 4.99259 4.19386 -0.0205552 0.587245 0.265658 -2.42127 -10.8683
internal_weight=0 0.879147 286.912 284.513 3.56244 280.95 4.01935 3.12131 3.74775 2.69791 2.39971 2.10664 2.34965 1.72261 276.931 1.30141 274.669 3.39245 0.843471 269.619 1.71384 5.05034 2.26168 2.54898 268.719 30.2485 238.471 27.3178 10.9246 1.19559 0.971999 1.50716 9.72896 2.21983 1.87315 1.29188 8.83331 14.9579 0.639103 3.48186 223.513 1.09829 3.95205 5.35145 14.5312 16.3932 218.849 3.35927 3.03908 7.08018 4.8064 2.39904 6.37916 9.31307 0.701019 2.36753 1.97235 212.299 1.18142 63.5304 4.59031 0.652781
internal_count=22478 143 22335 21897 557 21340 739 474 703 444 438 410 392 293 20601 207 20319 608 164 19685 329 634 282 444 19666 3429 16237 3326 1295 115 145 190 1180 403 352 256 1083 1815 139 432 14422 157 477 651 1798 2031 14290 452 388 971 592 320 839 1060 132 319 269 13480 175 5816 630 117
cat_boundaries=0 22
cat_threshold=6 524288 33701888 2048 262144 0 0 0 2097152 2147492352 265 33554432 537001984 268570624 0 0 0 296 0 2147484288 134217760 8398848
is_linear=0
shrinkage=0.05


Tree=13
num_leaves=63
num_cat=0
split_feature=66 71 55 67 20 71 47 49 70 67 49 52 66 58 58 64 70 49 67 5 54 3 70 66 56 3 63 3 34 69 8 57 58 49 47 66 52 55 51 71 65 52 9 65 8 51 16 58 3 63 70 9 58 3 65 39 67 53 47 57 8 63
split_gain=375518 517519 129487 87973.7 66984.4 73323.5 50264.1 45644.5 43368.7 42058 31371.8 30433.5 35189.1 28974.5 24480.2 15587.6 15139.2 18057.1 15640.1 14578.7 12454.6 11395 11392.6 11193.8 10602.3 13824.2 11387.9 10545.1 15034 9852.33 7539.79 11455.6 7623.53 7368.51 7095.45 7031.24 5792.94 5738.96 5573.89 5383.35 5278.76 4853.92 5898.86 5091.98 4790.24 4655.65 4605.65 4189.53 4567.25 4911.27 3683.11 3468.11 5559.07 3254.41 4053.99 3189.51 3181.23 3016.34 2891.67 2876.9 3235.55 2834.67
threshold=1910.4633333333334 46.043872757781799 -302.20879694143451 898.23500000000013 0.25000000000000017 11.275300308820759 752.86082666397317 -273.94085965648839 0.77588325291279292 641.2700000000001 -672.10767924935931 225.25531404575935 1250.1550000000002 1208.0099917980103 485.31592581951446 972.10750000000019 1.1575299247525501 -64.065579837385911 223.02500000000003 -1.0000000180025095e-35 532.95592117933927 2017.5000000000002 9.0031982942430719 716.67166666666674 675.21769833461087 2019.5000000000002 886.21416666666676 2018.5000000000002 1.0000000180025095e-35 0.58333333333333337 2.5000000000000004 -47.376444856006437 190.39888670911679 -406.01989081307948 377.97693023540558 70.126666666666679 -80.386677629612095 -118.93728249242945 -10.340812302162963 2.440549891524503 58.035000000000004 -13.003689155774955 4.2862637970157366e-16 75.055000000000021 5.5000000000000009 -115.31196462301959 -0.5 101.53971780583083 2018.5000000000002 511.88791666666674 2.8502873563218398 -18.093266739736599 435.26885805649141 2019.5000000000002 719.90500000000009 0.25000000000000017 272.71000000000009 25.340243531853783 -109.76126496158676 -1.5636807252911045 5.5000000000000009 267.79000000000008
decision_type=2 2 2 2 2 2 2 2 2 2 2 2 2 2 2 2 2 2 2 2 2 2 2 2 2 2 2 2 2 2 2 2 2 2 2 2 2 2 2 2 2 2 2 2 2 2 2 2 2 2 2 2 2 2 2 2 2 2 2 2 2 2
left_child=2 -2 8 7 6 -6 11 9 10 13 44 12 14 35 21 -13 17 30 58 -10 45 50 34 -23 26 -26 46 28 36 -24 31 32 -9 -12 39 -4 -28 -32 40 57 -31 43 -43 -41 -1 -16 55 -48 -49 56 -5 -39 -53 54 -37 -19 -50 -20 -18 -45 -61 -33
right_child=1 -3 3 4 5 -7 -8 16 19 -11 33 15 -14 -15 20 -17 18 24 22 -21 -22 23 29 -25 25 -27 27 -29 -30 38 37 61 -34 -35 -36 53 -38 51 -40 41 -42 42 -44 59 -46 -47 47 48 49 -51 -52 52 -54 -55 -56 -57 -58 -59 -60 60 -62 -63
leaf_value=-21.046295625072432 -14.828456116682041 64.354128798286567 -9.3595201071467997 2.7062225134819693 2.8059959390466598 36.270406173021698 18.969263903994005 -0.54264165692493138 5.0330156082946047 6.2585608196430975 -15.763710731307553 -1.2102490169192495 15.838336966971788 -21.577650964722508 -2.881969174811907 -18.538883130074606 -2.4781805615543711 0.3818539798967735 -0.048653408985047768 -6.8585824456728162 3.8299012188580961 3.6488669053516065 -0.083724123093862096 11.45066464121963 0.1837698090476714 -13.436773870125471 5.5583336091243796 0.75616567262628798 -1.2583099900979839 11.222676200236259 -5.4058095644455637 -0.10492041770410672 5.0865032280548981 -8.3631991230259768 -4.717422855109489 -4.7716144980290727 14.956638692693566 2.377868209102767 3.6124992910634433 8.5144237185125728 4.8799999379957404 -0.59821041713725387 2.8093013291469333 1.3956230834660601 -30.816363096886889 -10.553950594232074 -0.19787943034295002 0.25723609522119906 -1.7018788095467241 -4.4701601629679617 -5.7105749484215673 -2.1637055700910879 -8.293191417292908 -6.3755404001479912 3.4449283700387689 2.6312323555953263 1.5313882504428697 3.5086281068871488 0.17773984173401441 2.6561994936024034 9.1590053420663047 -2.939739738610788
leaf_weight=0.27861243672668923 0.34181477571837504 0.52068437007255852 1.1203169710934164 0.26236996217630792 0.29928180435672391 0.36129111261107028 0.51863203849643458 1.312587426742539 0.41826713504269719 0.58764609182253469 0.52386910119093943 0.29858669498935331 0.5453417187090962 0.36588828777894367 0.35075371596030891 0.22953881765715778 1.0348405970726151 11.059966568835076 6.7640455837827176 0.67154609248973407 0.37471528141759336 1.1054046812932936 1.168141250964253 0.78714119899086643 0.40415795147418876 0.34558276948519051 0.26914703589864097 2.0054769585840404 0.36587612424045801 0.60362775763496779 1.8706697614397843 1.1878019049763668 1.1101852471474556 0.9396859086118633 0.5193009970244028 0.35715168179012813 0.41953646484762341 0.37848201859742303 2.0512524046935141 0.48816881910897914 0.71851488994434476 2.3306531843263647 2.79108737106435 1.3026256593875589 0.2282321797683835 0.45330634247511603 116.83591468073428 3.7502659908495835 5.7425274460110796 1.4680582324508575 0.25757581973448396 5.8503028077539057 0.3948762142099439 0.65749622671864927 0.25897875730879605 1.8378061852417893 0.87694517895579327 0.65348684112541366 106.1024147735443 0.48891485994681705 0.31422938196919858 3.423520915908739
leaf_count=58 38 91 198 58 46 84 80 90 59 81 119 75 78 91 59 40 136 658 643 88 52 63 38 75 90 39 60 46 85 50 309 130 49 152 33 63 94 63 56 74 56 126 217 207 56 45 8325 822 419 171 80 1047 76 79 56 15 87 64 5899 61 70 193
internal_value=0 32.9735 -0.0656397 0.0396406 6.11378 21.1089 4.20279 -0.0820957 -10.2982 -5.88704 -14.7249 2.56103 4.00407 -8.47318 2.20701 -8.74178 -0.0146801 -0.337024 0.392669 -2.29462 -3.69868 5.09261 1.66905 6.89376 -0.163918 -6.09443 -0.133176 2.88459 6.93226 3.8738 -1.95769 -0.74696 2.0368 -11.0122 1.02935 -6.47031 11.2837 -2.96028 5.24422 1.22655 7.77577 2.15119 1.25871 3.91341 -25.4458 -7.20722 -0.198404 -0.288694 -1.18501 -1.85379 -1.46337 -2.26961 -2.55127 -3.92888 -1.31795 0.702368 -1.27354 0.264744 0.152086 2.84678 5.20042 -2.20954
internal_weight=0 0.862499 300.493 297.432 5.84394 0.660573 5.18337 291.588 3.06021 3.34748 1.9704 4.66473 4.13661 2.75983 3.59127 0.528126 288.241 160.91 127.331 1.08981 1.17878 2.41249 20.194 1.89255 145.381 0.749741 144.632 3.06004 1.05456 4.54154 15.5284 7.0341 2.42277 1.46356 15.6525 2.39394 0.688684 8.49433 3.3734 15.1332 1.32214 7.71568 5.12174 2.59394 0.506845 0.80406 141.571 128.674 11.8378 8.08753 0.519946 6.62366 6.24518 1.27363 0.61613 12.8978 6.61947 7.41753 107.137 2.10577 0.803144 4.61132
internal_count=22662 129 22533 22001 835 130 705 21166 532 568 385 625 510 487 432 115 20598 12868 7730 147 156 276 1695 138 10911 129 10782 285 239 200 1957 462 139 271 1495 396 154 1495 162 1462 106 755 343 412 114 104 10497 9824 1499 677 138 1186 1123 198 119 673 506 707 6035 338 131 323
is_linear=0
shrinkage=0.05


Tree=14
num_leaves=63
num_cat=2
split_feature=66 71 55 66 70 55 72 67 48 70 60 49 67 46 20 68 51 64 49 57 4 63 51 53 58 70 66 71 51 54 63 49 55 68 34 67 47 58 70 60 47 66 55 66 1 46 66 58 50 76 23 51 51 47 9 37 18 66 71 72 3 67
split_gain=419106 478663 109907 86073.1 50089.4 40809.5 40694.7 35935.2 38836 32759 30846.3 29584.8 28605.1 40999.1 21825.8 40034.4 20795.3 15873.5 16275.3 12825.3 12728.8 13885.4 10400.9 10428.5 9793.42 9781.03 14340.5 8972.64 9152.14 8850.24 8245.71 8038.1 8961.62 7887.37 6303.75 6136.8 5746.66 5633.38 5468.75 5240.71 5132.58 5030.38 7040.75 4642.95 4542.74 4515.89 5879.08 4335.52 4005 3790.79 3280.12 3213.24 3102.39 2858.08 2812.97 2703.25 2702.73 4001.11 2501.75 2476.52 4796.81 5368.15
threshold=1910.4633333333334 50.045783210381337 -302.20879694143451 857.41166666666675 2.3920485557714564 65.975789129944332 0 1839.6750000000002 -661.26509314169778 0.50606421245470246 -2.1540731504058495 -491.06187245561205 641.2700000000001 0.6830127018922193 0.25000000000000017 0.83333333333333337 29.547231446977541 825.00000000000011 -245.31838886801839 -32.066021078179887 -0.93301270189221919 1091.9000000000003 -103.01619987342271 68.8554811047605 587.44113398227216 1.3806308226524615 116.47333333333334 -23.752550844839373 556.11620451193812 2.2515179121745246 1184.6023295454547 337.75075177045943 23.175840297958583 0.41666666666666669 1.0000000180025095e-35 304.21000000000009 -34.98636470250603 235.5377830671608 0.81828995746521538 -162.19766088871475 -448.1195663857938 221.51666666666668 -20.008468093131757 94.168333333333337 10.500000000000002 -0.5 247.05000000000004 225.90631729567937 -19.025145120677212 1.0000000180025095e-35 0.25000000000000017 6.3861734777218722 57.518904394392479 -211.29164755644246 8.5801270189221945 -1.0000000180025095e-35 -1.0000000180025095e-35 61.228333333333346 1.2852062588904707 1 2019.5000000000002 96.825000000000017
decision_type=2 2 2 2 2 2 9 2 2 2 2 2 2 2 2 2 2 2 2 2 2 2 2 2 2 2 2 2 2 2 2 2 2 2 2 2 2 2 2 2 2 2 2 2 2 2 2 2 2 2 2 2 2 2 2 2 2 2 2 9 2 2
left_child=2 -2 7 6 10 -6 9 8 30 11 -5 -4 17 14 20 -16 -12 18 33 49 -14 22 39 51 38 27 -27 -20 36 -28 -1 32 37 -8 43 -36 52 58 -10 -22 -26 50 -43 -21 54 -45 -47 -13 -34 -19 55 -24 53 -29 -44 -31 -49 -58 -11 60 61 -38
right_child=1 -3 3 4 5 -7 12 -9 24 31 16 47 13 -15 15 -17 -18 19 25 34 21 -23 23 -25 40 26 29 28 -30 41 -32 -33 48 -35 35 -37 59 -39 -40 -41 -42 42 44 45 -46 46 -48 56 -50 -51 -52 -53 -54 -55 -56 -57 57 -59 -60 -61 -62 -63
leaf_value=-15.5635364746032 -9.1100686002460929 69.003043344284265 -23.727597234872455 -4.0296920639829485 4.9512487230129931 26.685481776991828 -11.142620493756201 6.7786162627158042 -7.9776158427408461 -3.5548505369426993 18.701469148282467 -2.5098037901169583 7.7437018981284016 17.691768606047066 23.915926330899509 -0.5883505958398495 2.8382574167169672 9.8043867027157816 -2.6930414873209365 1.0751379920064543 -6.0237981706495392 -7.4009620557798916 4.1934507258189759 10.015992198248924 -15.753502879447405 0.12961198002466717 4.4592465697430184 -4.4157535362888263 2.9122579852527846 -3.4464299402282466 -27.473403853214496 -7.7405773215886189 3.6511528328440437 -3.0468128077754533 2.1005960359857836 -7.913510210808572 0.59033980733059699 -7.4692116816380114 -0.82124037215912749 0.0098830142131189798 -8.8289150464890476 0.35545116513689701 1.4572134297850585 0.78358998072063668 7.9405029763760142 14.022884770426685 3.1818459859207753 -5.4718128385122036 -1.1752132137242093 4.2417678346281757 4.1438445069160279 0.12435823795391346 0.25615644442465813 -1.1919087016295584 5.9865166388388218 0.42221020779823121 -8.300137274804694 -14.541469916250845 0.3765149790644855 -0.21188271835761352 -0.11451339142899844 3.6736636604969863
leaf_weight=0.25001638871617693 0.33920730417594214 0.46492785285227001 0.32076827809214625 0.69050769554451119 0.34523442923091341 0.57687080535106361 0.40106212138198216 0.3097877341788261 0.58189299679361217 1.4508034994360066 0.38894335157237869 0.35505097103305017 0.6570338257588445 0.46182712214067567 0.31063055340200652 0.35968932090327144 0.4406687815207988 0.66544426977634408 3.7072000356856725 2.1613853476010263 0.48868550662882615 0.51894283154979337 0.82122145988978479 0.47676546941511322 0.41744611482136018 90.044883213238791 2.6483541966881594 0.71881303610280589 2.3206807863898566 0.4877419958356749 0.34708110173232853 0.72334340587258328 0.69093971583060909 1.2040615323930977 0.28506592335179437 0.33019707258790731 4.3408346245996787 0.77767679677344848 0.49324631644412875 1.3654707218520337 0.74549644277430982 1.8149793201591817 0.98551614140160404 0.31159778102301139 0.68533134157769371 0.24330206168815405 0.25731754838488996 0.57375196786597493 1.1374415298923848 0.56744508864358068 0.55325261550024141 1.1855922169052062 3.7773179886862627 15.777086179004982 0.52564012561924756 6.0861335671506822 1.4159559556283046 0.31366586126387108 0.56120055052451778 118.90888493601231 11.404183217091484 2.0919564652722329
leaf_count=47 40 87 78 89 73 83 39 33 76 172 50 23 90 39 63 68 64 37 393 113 53 71 85 84 95 4840 66 92 26 41 77 70 57 191 83 62 557 75 68 139 132 173 96 65 84 64 54 84 79 72 27 132 322 2112 47 640 234 52 91 8904 252 429
internal_value=0 36.0527 -0.0933682 0.00720617 9.35435 18.5482 -0.0719823 -9.39026 -11.157 -2.35381 3.77734 -9.38356 0.0771603 3.32107 2.24786 10.7671 10.2753 0.00110283 -0.0499625 2.84451 1.21215 0.328526 1.25324 3.36871 -8.13436 -0.0197718 0.35954 -0.261326 -0.204749 1.86124 -22.4865 -2.83967 -2.07202 -5.06966 1.33309 -3.27374 -0.250818 -3.85518 -4.69445 -1.58037 -11.3145 1.24353 2.65984 2.28628 4.56398 5.50925 8.45061 -7.65279 0.648656 7.24416 0.446358 1.7895 -1.03641 -1.33239 3.03268 0.13518 -8.44555 -9.432 -2.45829 -0.13435 0.32122 1.59304
internal_weight=0 0.804135 293.859 290.714 2.44223 0.922105 288.272 3.14497 2.83518 8.3206 1.52012 2.97919 279.952 6.64586 6.18403 0.67032 0.829612 273.306 268.484 4.82176 5.51371 4.85668 4.33774 2.48358 2.23808 266.879 103.832 163.047 159.34 13.7869 0.597097 5.34141 4.61806 1.60512 3.58887 0.615263 157.019 2.78968 1.07514 1.85416 1.16294 11.1386 4.01147 2.9736 2.19649 0.812217 0.50062 2.65842 1.82838 1.23289 7.12713 2.00681 20.2732 16.4959 1.51116 6.57388 2.30337 1.72962 2.012 136.746 17.837 6.43279
internal_count=22734 127 22607 22079 359 156 21720 528 495 1015 203 471 20705 824 785 131 114 19881 19331 550 654 564 493 301 371 19101 6014 13087 12694 1174 124 544 474 230 441 145 12668 338 144 192 227 1108 400 296 227 183 118 393 136 109 708 217 2526 2204 143 681 370 286 263 10142 1238 986
cat_boundaries=0 23 45
cat_threshold=0 0 536870912 0 0 0 0 0 0 268959744 1392508930 5456 67141632 4 33554432 33604612 2304 0 0 32768 2162688 8192 65 71303809 1073741824 0 8388608 4 34 0 256 131072 0 4096 131072 16777216 1072 0 536870912 2418016257 0 0 135402496 268443648 16
is_linear=0
shrinkage=0.05


Tree=15
num_leaves=63
num_cat=0
split_feature=66 52 53 70 53 66 70 20 50 47 20 54 60 91 50 53 70 51 49 2 53 50 58 19 14 54 50 63 70 63 70 66 58 66 56 51 52 24 18 51 78 60 14 90 50 58 18 37 52 70 57 91 49 58 58 66 70 56 8 10 87 37
split_gain=437462 578591 95843.3 86832.5 46194.8 38597.6 38674.6 38540.8 35188.8 56013.3 34556.2 30680.6 21818.7 16235.3 15472.8 13361.2 13206.2 16202.6 12895.4 12646.2 11210.8 10813.2 11854.9 8941.46 8511 8341.45 7374.76 7146.86 6435.88 6037.89 5727.95 11503.4 7715.22 6165.85 6914.52 5355.59 4967.23 4874.58 4571.73 4469.2 4458.98 4455.26 3951.71 3928.94 6092.94 3819.05 3379.62 3341.02 3297.96 3303.81 3246.82 3240.98 5925 3054.59 2928.61 2906.43 2710.74 2476.56 2462.73 2650.92 2415.35 2326.13
threshold=1910.4633333333334 -339.47536153036287 -218.64899540550616 1.7537402154081574 -902.59017886178879 373.72500000000008 3.0954043150717134 1.0000000180025095e-35 -502.36987928811237 752.86082666397317 0.25000000000000017 677.19666997444517 -671.22416794884396 1.0000000180025095e-35 -834.29941148701812 53.516171754165846 0.35052931802726273 -464.42409055470665 -74.276475559230263 2.5000000000000004 -395.97073696890192 -158.13824024737201 306.32283145104844 -1.0000000180025095e-35 -0.86602540378443849 475.4840069238964 -79.642544296711762 730.52477272727276 1.0708815727882668 948.63333333333344 1.5194922717240729 116.47333333333334 109.25692957364934 287.11666666666673 4.3816096896353143 -72.257611439729843 370.71794862904102 1.0000000180025095e-35 1.0000000180025095e-35 1071.3544155899992 1.0000000180025095e-35 114.57331986595214 0.93301270189221952 1.0000000180025095e-35 37.451560879793966 201.96278687549665 -1.0000000180025095e-35 -1.0000000180025095e-35 75.520218317423698 1.2656749276070982 -6.5542636540911801 1.0000000180025095e-35 146.87172292524173 179.94486398454086 1208.0099917980103 38.361666666666672 1.2290853241897004 134.81291481346258 3.5000000000000004 -4.5 1.0000000180025095e-35 -2.2990381056766571
decision_type=2 2 2 2 2 2 2 2 2 2 2 2 2 2 2 2 2 2 2 2 2 2 2 2 2 2 2 2 2 2 2 2 2 2 2 2 2 2 2 2 2 2 2 2 2 2 2 2 2 2 2 2 2 2 2 2 2 2 2 2 2 2
left_child=2 -2 3 4 -1 11 8 19 -7 12 21 18 -10 24 -6 45 20 -18 28 -5 -16 22 -8 54 53 37 -23 30 36 -19 32 55 61 34 -33 -28 39 42 51 -4 -25 -36 48 46 -45 -15 -34 -30 49 58 -49 -29 -53 -14 -13 -32 -48 -52 -26 -60 -50 -20
right_child=1 -3 5 7 14 6 10 -9 9 -11 -12 23 13 15 16 -17 17 29 27 -21 -22 26 -24 40 25 -27 35 38 47 -31 31 33 43 -35 41 -37 -38 -39 -40 -41 -42 -43 -44 44 -46 -47 56 50 60 -51 57 52 -54 -55 -56 -57 -58 -59 59 -61 -62 -63
leaf_value=-27.510077544132116 86.148007626768361 3.5750943234120207 -2.0503214247004138 -4.9430166099126254 -16.329696303318318 -10.703281884379916 4.0737470620924787 22.021012070760886 -9.2123365248221116 17.524150370932485 20.462736151890194 -9.1694768731741032 -1.9762758085976462 -0.13160073188593135 -15.428637356105336 10.968795855718703 6.1148584310735368 -4.158866386645883 1.2388589626684929 6.4756839717351076 -7.4436048154296053 -0.96304402825890545 16.524455030359736 -7.0632235118888076 -3.3330245325923387 8.4756085667053611 9.3922224223374435 2.1411401038146773 -2.5957883454821911 -11.263338832431451 -0.084601621487288892 4.5108782234902769 1.1003674482001917 6.1523619733180182 0.47794339166918259 2.5285655247453063 -6.1858964259928646 -4.8172560432253606 -1.9604527237777358 2.926667919822286 1.0917550496715325 5.0277095920804475 5.2125265752953069 -1.3821367929420803 -5.7741617196072195 5.4317197219231481 -1.5251043082063782 -0.45071049685371173 -0.53246087447258272 2.3666066684022553 0.31956008410236447 12.023415953385999 2.4159392287285169 -8.3201040016995247 -16.251004837465185 0.63187532363047172 2.7001733454701764 4.1001926512719091 -2.0009625221704588 4.50231996997144 -6.7260518854529288 -0.13235741942318405
leaf_weight=0.31220517167821515 0.34051759168505669 0.5627417010255148 10.287649673409758 0.46282765944488324 0.47062114533036936 0.5878264126367857 0.37688636058010216 0.28245753748342395 0.49990762420929691 0.54063723655417639 0.44821094232611347 0.32746381568722427 0.45573989162221185 0.68306806148029842 0.5616946299560367 0.71167352912016202 0.34320556279271874 1.2876915524248032 3.1616476625204077 0.5092907038051635 2.0215988692361857 0.6500535120721912 0.38800666853785515 0.44893522188067325 0.57600199524313545 0.34675165731459845 0.52935493900440667 2.1485741231590509 1.2279788868036119 0.38952872133813787 55.449401862220839 1.6157902805134616 1.8250581908505399 0.80454991664737541 6.2106105333659798 0.61370016937143912 0.69759230618365187 0.40315633523277927 0.53187299543060351 0.47174585494212884 0.26749965082854033 0.58910272130742658 0.4792311054188757 2.5146885821595784 1.151129634818062 0.56251926068216562 7.0930446840357027 4.5106768142431974 0.44046038133092213 1.9273757245391605 0.92389441258273908 0.2605152865871786 0.41790000163018703 0.32512297970242798 0.26346154604107141 19.006274061976001 0.40105458162724961 0.81554062687791884 0.31879922677762473 0.30818364676088428 0.24495161115191877 142.17809946462512
leaf_count=63 78 62 1286 64 86 84 48 65 58 75 58 62 67 64 138 87 50 187 2 94 326 51 54 77 75 49 67 97 98 50 3094 9 246 103 609 112 131 48 92 15 74 51 75 242 62 67 897 506 89 205 67 50 99 48 66 1136 58 74 65 72 50 10448
internal_value=0 34.7041 -0.147454 -6.08359 -8.8428 -0.00565616 2.71898 5.7631 1.14193 1.93105 7.65619 -0.133041 0.913275 1.56365 -7.69427 5.50349 -6.8115 -3.7834 -0.095245 1.03922 -9.17982 5.41224 10.3896 -7.77374 0.239997 0.991869 3.28902 0.00177831 -1.35247 -5.80886 -0.0300134 0.304594 -0.206856 1.97056 1.57077 5.70716 -2.0972 0.439525 2.29232 -1.83211 -4.01835 0.872119 0.93296 -1.37458 -2.76131 2.38085 -0.829097 -0.21148 0.39548 1.08331 0.256972 3.09244 6.10526 -4.61762 -12.3267 0.0982932 -1.29898 2.09212 -0.972741 1.19562 -2.74592 -0.102529
internal_weight=0 0.903259 284.66 6.64112 5.38655 278.019 12.4176 1.25458 9.41141 8.82358 3.00621 265.602 8.28294 7.78304 5.07434 1.95726 4.60372 2.02043 264.294 0.972118 2.58329 2.558 0.764893 1.30736 5.82577 5.04491 1.79311 245.359 18.9351 1.67722 242 83.6757 158.325 9.22005 8.4155 1.14306 11.457 4.69816 3.35886 10.7594 0.716435 6.79971 4.295 12.985 3.66582 1.24559 9.31916 7.47809 3.81577 3.13036 6.25011 2.82699 0.678415 0.780863 0.590925 74.4557 7.4941 1.73944 1.20298 0.626983 0.685412 145.34
internal_count=22682 140 22542 1123 900 21419 1668 223 1278 1194 390 19751 1119 1061 837 218 751 287 19472 158 464 332 102 279 843 728 230 17295 2177 237 16957 5002 11955 772 669 179 1432 679 338 1301 151 660 631 1505 304 131 1201 745 556 417 647 246 149 115 128 4230 955 141 212 137 139 10450
is_linear=0
shrinkage=0.05


Tree=16
num_leaves=63
num_cat=1
split_feature=66 52 50 67 71 48 52 1 58 37 53 50 66 0 71 33 53 66 3 64 80 57 63 63 58 50 60 54 46 77 67 24 51 58 71 65 8 64 67 3 34 63 63 65 1 65 87 51 64 4 63 53 49 50 67 49 57 8 54 54 8 46
split_gain=327346 453155 70382.8 69215.6 81650 71883.7 30212.2 28339.2 29659.9 27171.7 24660.2 20352.7 19112.5 14489 14377.9 13523.5 12682 11741.4 11158.3 39668.4 10942.9 10307.6 9515.76 8488.21 8410.16 14394.4 8045.45 10865.9 7947.27 7159.67 6635.65 11037.5 6741.63 9070.09 6530.03 5946.34 5821.15 5519.05 4654.37 4590.52 4399.52 4153.62 3877.61 3834.25 3883.44 3827.21 3621.53 3510.67 3496.2 4244.54 3101.99 3097.16 3456.03 3054.01 4165.14 2964.45 2888.34 2863.43 2666.32 2612.1 2564.9 2480.52
threshold=1910.4633333333334 -352.39171687080085 -502.36987928811237 1048.0850000000003 38.04316215213786 -259.86403657735667 107.92351980621901 10.500000000000002 1872.9378668342881 0.25000000000000022 -485.79698822547965 -174.75934820106201 373.72500000000008 0 8.8706185977065903 -1.0000000180025095e-35 -31.119965393384124 80.046666666666681 2018.5000000000002 803.24750000000006 1.0000000180025095e-35 -276.95906407474314 1091.9000000000003 332.99722222222226 560.1500936226746 -350.38339775414482 242.8977185687713 377.2271995426018 -0.5 1.0000000180025095e-35 223.02500000000003 0.25000000000000017 556.11620451193812 107.2747461472561 2.3698710748026062 1173.3700000000001 4.5000000000000009 386.50250000000005 292.53500000000003 2018.5000000000002 0.6830127018922193 598.93625000000009 399.51708333333335 880.25000000000011 5.5000000000000009 756.10000000000014 1.0000000180025095e-35 -29.253390368783311 307.64500000000004 -0.6830127018922193 835.38666666666688 3.7577238665867423 -24.381318519336137 -82.468590793857345 727.35500000000013 -119.78166976192635 -44.318839640991733 2.5000000000000004 104.31289705334818 11.613564478661489 6.5000000000000009 -1.0000000000000002
decision_type=2 2 2 2 2 2 2 2 2 2 2 2 2 9 2 2 2 2 2 2 2 2 2 2 2 2 2 2 2 2 2 2 2 2 2 2 2 2 2 2 2 2 2 2 2 2 2 2 2 2 2 2 2 2 2 2 2 2 2 2 2 2
left_child=2 -2 7 5 6 10 9 8 18 15 38 -6 13 37 28 -5 -8 -12 19 50 22 -20 23 -16 25 -15 27 39 -14 -17 32 34 33 61 48 -23 -26 55 -4 -19 53 -42 -41 -39 -45 56 -47 57 58 -50 -1 52 59 -30 -55 -7 -35 -25 -32 -36 -10 -27
right_child=1 -3 3 4 11 12 16 -9 60 -11 17 -13 14 24 20 29 -18 26 21 -21 -22 35 -24 47 36 30 -28 -29 40 -31 31 -33 -34 45 51 -37 -38 43 -40 42 41 -43 -44 44 -46 46 -48 -49 49 -51 -52 -53 -54 54 -56 -57 -58 -59 -60 -61 -62 -63
leaf_value=-7.8568929991004284 76.267871472134459 2.5367860161820062 -21.810665594808512 9.0960412909140071 27.055681836481099 -4.2371371139797143 -15.155282581236106 7.4368015125628695 -18.880975439339718 16.776404113339751 -7.6318960179195088 12.63442290273149 7.6459769755925668 5.9801418986020494 9.9875963484878767 -2.7896543400957001 -0.47353361979231967 2.1774289153879831 -4.083831430219063 10.920753248128943 -1.6803538840893468 -9.8439711769550815 14.20701488734716 4.6835786403024375 -1.7027875354706916 0.59080320430200639 1.9752183430333681 -11.469121050806256 -0.89227170393842126 4.6397195528020321 -0.070807576719488827 3.899956196732532 1.8190727456758968 -3.7215950553377617 -1.4884964313823179 -18.700634192258914 -10.67911498349654 -6.7610672030636225 -11.888463188215468 -0.70252760625237809 0.027205352247927146 -6.9123326097646602 -5.8850236640527323 2.3664382344757948 -4.7462555981006478 2.8631847820479592 -2.9815836281027837 7.528948911714803 1.2415478796712818 -2.6976357580640995 -16.162981187429292 0.67119390394169909 4.8643678398245136 0.89311199898794758 5.8411639175072487 -1.6706122306661766 -1.2903811070196924 -0.79938901273691787 3.587477312700933 2.5781444962120279 -27.16365231482725 -0.045796813865690969
leaf_weight=0.20790365082211781 0.33445779490284622 0.55288757500238617 0.22723456704989065 0.55567970708944026 0.43585029221139848 1.3666180400177834 0.29154373123310506 0.25454164179973293 0.18661859421990801 0.40084600332193066 2.0594486151821902 0.55772044323384751 0.39364610565826286 1.0195608297362913 0.65890704654157239 0.9010635414160777 0.29684784659184504 0.40421731350943524 0.38511089887470007 0.30768548464402556 0.46304287505336095 0.39187497133389093 0.36024834029376496 0.41303639230318401 0.46024525677785177 16.486442566849291 0.69702247041277576 0.41622148919850577 1.3313163153361531 0.50661292811855674 4.2457622841466272 2.6863016318529835 4.7793976904358706 1.3605632700491685 0.55288293864578042 0.36701044510118663 0.29727247497066855 1.2605566401034596 0.24629719112999737 0.59938414487987735 0.50612935237586487 0.37568167457357049 0.90726030385121703 0.28280880069360126 0.59703911375254393 0.97142168600112089 0.36446925066411495 0.32413175236433689 0.91590922046453149 2.6990049113519454 0.24471154436469078 4.6592677657026798 1.1635597159620363 1.7123671947047108 0.56584629928693164 6.3665446583181602 11.964014695025979 0.56227745302021503 0.56427461653947819 1.3816838383208958 0.18725961935706437 213.00334082823247
leaf_count=50 72 61 58 70 65 154 61 38 48 95 336 64 33 72 88 92 68 91 52 70 54 66 61 27 65 473 92 49 153 68 409 86 66 111 33 48 77 151 45 74 75 46 95 58 99 128 83 60 136 369 67 529 96 266 80 542 1264 101 37 157 54 14377
internal_value=0 30.3275 -0.0863188 -0.0154506 6.56228 -0.104139 2.39015 -8.38604 -10.1539 4.91334 -5.73661 18.9606 0.00487626 -0.0626933 2.46779 2.49133 -7.74823 -4.72004 -7.62604 -2.93119 5.33722 -10.7462 6.73869 5.36486 0.0343168 0.050415 -2.73704 -4.14849 0.833857 -0.115875 0.0278394 0.931854 -0.0406842 -0.0770901 0.439144 -14.1272 -5.22537 -1.36431 -16.6498 -2.55391 0.236805 -2.92928 -3.82329 -4.99306 -2.46003 -1.28283 1.26856 3.02081 -0.524644 -1.69957 -12.3477 1.48587 2.71106 1.01028 2.12207 -2.12417 -1.53863 1.5226 0.358353 1.41593 -23.0294 -6.37556e-05
internal_weight=0 0.887345 299.152 296.619 3.94616 292.673 2.95259 2.53272 2.27818 2.3642 5.55709 0.993571 287.116 279.449 7.66663 1.96336 0.588392 5.08355 1.9043 0.760301 2.78164 1.144 2.3186 1.95835 269.575 268.818 3.02411 2.32708 4.88499 1.40768 267.798 18.8686 248.93 244.15 16.1823 0.758885 0.757518 9.87357 0.473532 1.91086 4.49134 0.881811 1.50664 2.1404 0.879848 14.6605 1.33589 1.29945 8.42495 3.61491 0.452615 7.75739 3.09813 3.60953 2.27821 7.73316 13.3246 0.975314 4.81004 1.93457 0.373878 229.49
internal_count=22665 133 22532 22039 583 21456 454 493 455 325 840 129 20616 19572 1044 230 129 737 353 187 391 166 337 276 18568 18426 401 309 653 160 18354 1852 16502 16436 1766 114 142 1004 103 260 620 121 169 308 157 1586 211 188 951 505 117 815 286 499 346 696 1375 128 446 190 102 14850
cat_boundaries=0 22
cat_threshold=524294 0 536877060 35 70656 0 130 0 0 65 0 0 1 0 0 128 912 128 2 65557 0 2097152
is_linear=0
shrinkage=0.05


Tree=17
num_leaves=63
num_cat=1
split_feature=66 70 55 66 71 48 70 58 70 66 70 49 78 53 47 9 66 14 47 50 91 70 66 72 13 55 64 66 48 82 56 66 51 66 55 66 48 24 70 49 70 14 56 58 48 91 49 1 71 51 50 55 9 57 55 34 6 51 50 9 9 51
split_gain=386811 431152 100333 69939.5 60185.5 32860.5 31637.5 27664.1 32781.6 28060.1 26759.1 24803.3 23298.3 22088.6 18808.1 17831.7 16900.7 13559 12668.6 12336 11440.8 8709.98 9951.59 9027.31 8375.16 7454.78 6867.75 6682.28 6544.58 6755.25 7591.06 6797.62 6484.73 6125.32 6114.63 5427.18 5712.36 6080.52 5275.13 4964.37 4494.55 6604.12 4462.04 4435.51 3962.34 3669.7 3642.69 3331.2 3238.32 4562.86 2845.31 3257.5 2798.64 2470.84 3445.97 2449.59 3377.58 2388.14 5688.38 3876.97 2894.81 2324.24
threshold=1910.4633333333334 3.9004070094205843 -302.20879694143451 1083.0100000000002 17.326969362035396 85.936917615697965 0.64986139139299914 531.35399256939138 0.76760016718768942 404.90500000000003 2.443254882139589 -672.10767924935931 1.0000000180025095e-35 -370.06111309797978 -197.54997914642945 -12.000000000000005 1391.45 -0.68301270189221908 -549.91644664245894 -12.325256997805143 1.0000000180025095e-35 1.5858994373929922 283.37166666666673 0 0.68301270189221952 -9.017386986022256 910.04000000000008 132.04500000000004 -327.89000449385895 1.0000000180025095e-35 800.42172453114847 173.99000000000004 -137.67779183856842 283.37166666666673 159.79243279680171 30.833333333333339 -115.28698136202 0.6830127018922193 1.1683643342682102 -214.84740653437191 1.7795951826963867 0.93301270189221952 195.19013550281457 80.714712824297735 -798.63620893215023 1.0000000180025095e-35 -406.01989081307948 2.5000000000000004 -23.752550844839373 556.11620451193812 67.647672253258818 -209.83317384658889 -8.8301270189221892 2.3483998134373292 -0.39700659146612954 0.6830127018922193 0.50000000000000022 113.44600828931929 7.5292963290851711 -13.928203230275507 -4.7500000000000009 -137.67779183856842
decision_type=2 2 2 2 2 2 2 2 2 2 2 2 2 2 2 2 2 2 2 2 2 2 2 9 2 2 2 2 2 2 2 2 2 2 2 2 2 2 2 2 2 2 2 2 2 2 2 2 2 2 2 2 2 2 2 2 2 2 2 2 2 2
left_child=2 -2 6 7 16 -6 11 9 13 14 25 44 20 -9 47 -15 -5 -10 -8 34 24 23 35 43 42 55 39 -28 -17 30 -30 -32 -24 -29 -19 -23 52 53 -20 -25 41 57 -12 -16 -1 -34 -13 -4 -41 -50 51 -49 -37 54 -38 56 -11 59 -59 -27 -61 -45
right_child=1 -3 3 4 5 -7 18 8 17 10 12 46 -14 15 21 28 -18 19 38 -21 -22 22 32 26 -26 40 27 33 29 -31 31 -33 45 -35 -36 36 37 -39 -40 48 -42 -43 -44 61 -46 -47 -48 50 49 -51 -52 -53 -54 -55 -56 -57 -58 58 -60 60 -62 -63
leaf_value=-27.624834182461367 2.8873212928671226 76.582758260531406 -6.4463355732188621 -8.4985688174591427 29.179123879342406 9.3630050662613566 -9.923840762130812 -18.6850004009329 7.6666461764828071 1.1200957341218201 1.2874688415821822 -12.89732975767679 14.897125081441784 4.5120093815402189 -1.2990158257625688 -12.082654857040879 8.0173738126179899 -1.4636495477518909 -3.2288314950756125 4.7297534780083401 8.7710728495455559 -0.0042411750930727923 -1.0026056951671445 -3.5594732154071096 6.1279920633393399 4.7126966156535266 3.432155479752327 2.3277607396119957 -3.7729400644275035 0.21177426755028597 -7.5968117944910354 -18.399768420498116 3.5335382657788501 -6.6740641302209838 -11.051243120232032 -4.5018617946736361 0.63365925153425162 3.1514415719041771 4.9603749693042953 -1.9266866654498962 8.1474350904303918 8.3257904301061085 -6.4691230330951202 -6.1473276777646042 -18.542981436517319 8.4270803751800241 -7.6727780513923536 -4.6910725379809808 -0.10754009050004987 2.0708279152894997 -5.7423897851844359 -0.063767983897275629 -0.30267033494225598 -0.053448629471701238 2.0426686392846429 -3.576463320627044 -2.7147297298116371 8.2933993129044516 -1.1705844504248821 -5.2136476617925034 0.21535037282169101 -3.0040015000254909
leaf_weight=0.23018754622898996 0.46214337786659498 0.34785328712314367 0.9056644220836455 0.33366124983876833 0.43684160057455301 0.40147992060519755 0.39935334073379636 0.35377301112748716 0.61124105076305557 1.9211517339572317 0.42454977310262687 0.54976855963468541 0.67970805801451195 0.38855784572660956 4.7427400038577598 0.50739746354520399 0.28910670103505254 0.35825573396868993 0.38002481614239492 0.45914430776610959 0.84632477373816062 56.02602998400107 0.56644577649422023 1.0446024192497123 0.52449842868372798 0.33159877778962332 2.5117845549248154 0.4001464636530726 0.73484780220314705 0.38561255740933109 0.44073850731365383 0.2174659026786685 1.1502310812938947 0.35809175856411457 0.31037172884680331 0.69948902912437916 17.823689328040931 2.8069882350973776 0.40752786351367831 2.3960209402721366 0.34858741238713253 0.36261828057467926 0.32915961742401123 0.67276857094839204 0.25112262414768327 0.57444193027913559 0.8486151010729367 0.60124049917794797 161.67245552595705 2.440174037590622 0.61953914375044394 1.0351777321193365 0.91689535113982745 7.7310038213618091 5.735772141255441 0.59051820123568166 0.81895460304804135 0.32002632948569942 0.31510968459770083 0.35067628719843991 0.81897342251613514 4.672272474039346
leaf_count=53 60 79 98 67 66 47 63 76 76 233 63 120 67 79 111 90 47 71 48 75 54 2728 39 151 81 55 76 94 121 62 100 55 135 60 42 44 1270 55 55 184 37 57 79 117 58 53 138 99 12421 21 85 144 98 534 358 81 88 43 57 57 119 700
internal_value=0 34.5358 -0.0636813 0.0303836 10.9425 19.689 -9.06082 -0.024245 -3.8018 0.0384858 2.789 -13.0964 6.83972 -6.94368 -0.050353 -5.39065 -0.831396 1.6696 -2.66968 -1.58074 4.26189 -0.00625957 0.384091 -0.20915 1.27627 0.950416 -0.0746881 2.19031 -7.07378 -5.64491 -7.26611 -11.166 3.63898 -1.92351 -5.91414 0.302803 0.784479 0.922159 1.00876 -0.12335 2.82878 2.08688 -2.09999 -1.21129 -22.8864 5.16344 -9.72679 -3.88482 -0.101793 -0.0751502 -2.85649 -1.7639 -2.11987 0.722176 0.976696 -0.655533 -0.0260452 1.02792 3.59804 -0.0594252 -1.41233 -3.39965
internal_weight=0 0.809997 296.381 293.315 1.46109 0.838322 3.0666 291.854 4.76741 287.086 8.98246 1.87969 2.80424 3.02839 278.104 2.67462 0.622768 1.73901 1.18691 1.12777 2.12453 274.942 94.031 180.911 1.27821 6.17821 170.823 3.27002 2.28606 1.77866 1.39305 0.658204 2.29112 0.758238 0.668627 91.7399 35.7138 34.0975 0.787553 167.553 2.84759 2.499 0.753709 10.0878 0.48131 1.72467 1.39838 3.16162 166.509 164.113 2.25596 1.63642 1.61638 31.2905 23.5595 3.33062 2.74011 2.13638 0.635136 1.50125 1.16965 5.34504
internal_count=22594 139 22455 21920 227 113 535 21693 847 20846 1171 369 344 583 19675 507 114 264 166 188 277 19249 5314 13935 223 827 13007 230 428 338 276 155 227 154 113 5087 2359 2217 103 12777 425 388 142 928 111 188 258 426 12626 12442 328 243 142 2162 1628 402 321 331 100 231 176 817
cat_boundaries=0 23
cat_threshold=4128 2148007936 0 262400 0 0 30720 0 0 33554432 1075838976 8 268435456 256 0 50331648 16785408 32 65536 2312 0 8192 833
is_linear=0
shrinkage=0.05


Tree=18
num_leaves=63
num_cat=1
split_feature=67 91 53 1 10 56 67 53 47 60 47 47 38 67 67 58 58 51 50 72 67 63 63 65 3 58 53 58 50 51 67 50 77 67 51 58 57 60 60 67 16 65 10 54 3 14 91 9 53 58 57 63 76 16 67 54 47 67 65 51 60 53
split_gain=333123 474495 51980.3 59418.9 58584.9 68321.3 39549.1 35937.7 27829.3 26897 29250.8 32047.5 20601.4 18537.2 17716.3 14637.7 13970.6 13526 13358.7 11022.3 12125.1 10871.8 10828.3 10707 12409.7 19043.6 10629.2 10229.2 8835.29 8799.06 7446.44 7255.65 7085.98 6370.19 5687.57 5826.38 5355.1 5334.82 4220.77 3972.12 4718.04 4160.01 3916.03 3824.62 3773.38 3671.43 4232.69 3595.19 3239.46 3201.57 2998.18 4351.69 3726.73 2763 2601.87 2462.6 2212.59 2632.87 2412.93 2194.51 2115.07 2087.18
threshold=2625.9500000000003 1.0000000180025095e-35 -218.64899540550616 10.500000000000002 10.196152422706634 467.46399496960311 898.23500000000013 -681.86854738314946 752.86082666397317 -671.22416794884396 -69.060137380723432 752.86082666397317 0.25000000000000022 683.42000000000019 1467.5500000000002 776.48043954340244 278.43286220121882 -35.865434594674298 -267.71434599209084 0 281.83500000000004 715.21590909090912 990.47920454545454 38.025000000000006 2016.5000000000002 395.22567156213722 32.666907501060038 560.1500936226746 -112.01095356149291 -10.689049124264995 369.80500000000006 -267.71434599209084 1.0000000180025095e-35 206.50000000000003 556.11620451193812 107.2747461472561 80.55863993370555 -113.11857215182719 242.8977185687713 555.96000000000015 9.1848509936051497e-17 328.97000000000008 11.129165124598851 1083.5856629998536 2018.5000000000002 -0.68301270189221908 1.0000000180025095e-35 7.8971143170299749 -25.247204576319607 464.63228223962886 -18.979012976084672 479.80458333333343 1.0000000180025095e-35 0.6830127018922193 154.50000000000003 125.62085434697566 -30.25252497819147 34.080000000000005 155.05000000000004 -103.01619987342271 126.5326811226543 51.056683196722595
decision_type=2 2 2 2 2 2 2 2 2 2 2 2 2 2 2 2 2 2 2 9 2 2 2 2 2 2 2 2 2 2 2 2 2 2 2 2 2 2 2 2 2 2 2 2 2 2 2 2 2 2 2 2 2 2 2 2 2 2 2 2 2 2
left_child=2 -2 3 7 -5 -6 8 13 19 -8 12 17 16 -1 15 33 32 26 43 38 22 -18 31 29 25 45 -12 37 -19 -22 -17 49 -11 -9 35 56 -24 50 48 41 59 47 -35 -10 -20 -25 60 -39 55 -21 51 -26 -52 54 -37 -4 58 -58 -33 -41 -47 -61
right_child=1 -3 6 4 5 -7 9 14 18 10 11 -13 -14 -15 -16 30 21 28 44 20 23 -23 36 24 27 -27 -28 -29 -30 -31 -32 34 -34 42 -36 53 -38 39 -40 40 -42 -43 -44 -45 -46 46 -48 -49 -50 -51 52 -53 -54 -55 -56 -57 57 -59 -60 61 -62 -63
leaf_value=-24.400040287826627 65.97172426973647 -8.5933225037998202 -2.6179282807698621 -10.206260139905332 0.19202791558367444 30.252679540050977 -6.3745983276146667 -6.3792654319290456 -8.0844263889008605 -1.7421231882117354 -1.8096203174294017 14.514978865573156 18.521877179141761 -6.8498189704294461 5.5686963423057811 -8.7389967749183324 17.638495040501464 -12.657946595718784 2.2389968265254088 -1.6570674158323706 7.5734596417104632 6.1614576293315659 2.6842797891078893 -1.6321678136297226 -0.94285590369416339 15.450538584416552 8.6144543158477163 -6.3142803310120179 -1.7974550790605974 0.26445060128571291 -18.500889643212659 -0.29109335314942747 7.2853608590259329 -0.53602163006725267 1.7061359355709698 -1.104938082239751 10.215333416572214 0.58960965162606926 -6.0374532520080706 -0.094486752320338915 7.0886261494582659 -0.61321255722225243 -6.1362184010833936 -15.250304685502201 -5.2041997898037824 0.78360087857913818 8.0703458262020131 3.5035035123975917 -1.2288066063215444 -7.700066492060671 -1.7462033960311154 -6.8291982205217074 2.5287818293860114 -2.758889199209507 0.56016826270761566 -6.0722996160445719 -0.057188747463722003 0.33669982679057103 -1.953843075229668 1.8007015123382282 5.6100282589618153 5.7150875821426306
leaf_weight=0.39667836250737298 0.45684994733892281 0.40029762173071504 3.2025899330619718 0.3754267005715517 0.41369514679536223 0.34803105634637177 0.51048118341714133 1.8715870499145233 0.37641372601501644 0.44093735795468114 0.57575210230424978 0.39509033178910602 0.51826823130249966 0.24240096588619053 0.35837391205131996 0.79081716039217986 0.4048567689023912 0.31343191559426475 0.29987506382167228 0.45320274215191503 1.1482391366735099 0.42080733715556562 0.86379496217705198 0.42778953979723189 0.98739097150973998 0.32952703651972104 0.4251154416706413 0.5480377140920617 0.465229189721867 0.64200668293051677 0.25944265443831682 16.959343337453905 0.42872823681682348 1.144647902343422 4.6542216739617279 10.751163087552412 0.32480355352163315 3.0531837432645172 0.7320554081816234 0.95227191387675758 0.50737623777240504 3.8915669124107808 0.42921430966816831 0.36848765285685658 0.39399333717301488 0.8482580014970178 0.39475293410941947 1.620341077679768 4.8668400526512388 0.42445262125693262 1.1475112447515159 0.46038236445747316 0.91734284511767317 1.9363758324179787 3.0009257255587718 0.6150156317744403 152.9556460599415 58.709060521330684 2.504032115917652 1.2001421318855143 0.30993039347231388 0.47545419679954659
leaf_count=96 96 38 364 48 53 57 68 262 50 54 66 74 84 38 76 197 41 45 73 70 112 66 91 99 106 78 56 77 79 46 40 2072 52 167 74 1275 95 294 53 95 35 488 67 89 49 211 87 127 213 69 156 47 84 181 358 41 7698 5154 248 124 80 72
internal_value=0 31.149 -0.0666934 -4.44392 5.95928 13.9267 0.0336772 -6.59752 -0.0430876 4.48806 5.75171 1.63309 9.79782 -17.7433 -5.13008 -5.98293 7.13084 -1.22695 -6.97932 -0.00780077 0.0716754 11.7891 -0.0188997 1.26398 0.898583 4.32088 2.61797 0.396941 -6.16909 4.95235 -11.1504 -0.0413254 2.70825 -4.40774 -0.0254865 -0.0581397 4.74226 0.638708 -1.15978 1.15173 2.67443 0.594354 -2.06327 -11.6292 -1.98741 2.46928 3.59911 1.59988 -2.08408 -4.57959 -1.07015 -2.81467 0.153024 -0.990574 -0.741585 -3.17443 0.00515191 0.0520634 -0.505012 1.82215 2.07515 2.91142
internal_weight=0 0.857148 295.783 6.63032 1.13715 0.761726 289.152 5.49316 284.254 4.8987 4.38822 2.17462 2.2136 0.639079 4.85408 4.49571 1.69533 1.77953 1.43877 282.815 273.399 0.825664 253.537 19.8615 18.0713 2.31026 1.00087 15.761 0.778661 1.79025 1.05026 252.348 0.869666 3.44545 251.471 246.817 1.1886 15.213 9.4165 11.7003 3.13524 8.56509 1.57386 0.744901 0.693868 1.98073 1.55294 4.67352 8.68445 0.877655 3.51263 1.44777 2.06485 15.6885 13.7521 3.81761 231.128 211.665 19.4634 2.62787 1.15819 1.6756
internal_count=22655 134 22521 1101 158 110 21420 943 20735 685 617 320 297 134 809 733 213 246 261 20474 19803 107 17385 2418 2260 555 122 1705 124 158 237 17199 106 496 17060 16986 186 1628 671 1235 326 909 234 139 122 477 378 421 618 139 393 153 240 1814 1633 405 15172 12852 2320 291 291 196
cat_boundaries=0 23
cat_threshold=4128 4096 0 0 0 0 4096 0 128 301989888 268435456 0 67108864 1048576 16 167772160 10240 138 0 8388616 2162816 8224 65
is_linear=0
shrinkage=0.05


Tree=19
num_leaves=63
num_cat=1
split_feature=66 56 55 66 60 65 47 72 58 66 71 70 44 70 58 46 65 7 19 49 63 54 63 56 4 63 71 47 70 70 66 24 65 52 70 51 64 10 66 64 15 59 56 51 49 65 50 63 47 48 64 66 4 50 53 10 18 57 51 48 17 56
split_gain=309393 395575 73752.3 71970.5 49700.7 58213.8 33395.3 23296.1 26809.6 24465.5 50676 31010.8 21211.1 26268.2 21189.9 20458.6 19318.9 14348.9 13732.4 11774.6 12410.5 11149.4 10455.3 9466.22 9398.68 9108.03 8268.65 8084.54 7087.75 6919.64 8798.6 6827.68 6387.47 5846.76 5583.95 5488.17 5334.46 5115.41 4963.55 4771.36 4283.68 4823.49 3755.36 4099.36 3658.06 3401.26 3285.58 3241.2 3101.25 2922.36 2809.19 2760.72 2687.5 2682.8 3684.11 2678.75 2583.3 2571.73 2508.16 2449.22 2414.34 2453.96
threshold=1910.4633333333334 993.77272835142014 -253.6660470022023 923.94166666666672 -214.46258510533954 451.40500000000003 -549.91644664245894 0 1035.4862847200718 221.51666666666668 65.040742383988189 1.7795951826963867 0.6830127018922193 1.5652837177122072 736.91335734434756 1.0000000180025095e-35 1451.2950000000003 -1.0000000180025095e-35 0.25000000000000017 -273.94085965648839 948.63333333333344 1414.4541988587207 294.06910714285715 327.89492477728487 -0.6830127018922193 1091.9000000000003 29.603379003052677 -109.76126496158676 0.92355627329044532 2.0340010857858686 116.47333333333334 0.6830127018922193 14.020000000000001 -110.75427174761218 0.62719376946706773 -84.752282687202154 92.632500000000007 15.79422863405995 30.111666666666668 768.65750000000014 0.68301270189221941 -80.31912893916477 84.647697081328388 477.07429489474953 35.484293582449403 719.90500000000009 39.267563015779182 13.04166666666667 -260.09947459138152 -26.505657013240377 53.107500000000009 149.6166666666667 0.68301270189221941 -350.38339775414482 -32.065095212660445 1.866025403784439 -0.93301270189221908 -49.063973388151005 -316.79008257570439 28.364252581130533 0.68301270189221941 124.42494573886405
decision_type=2 2 2 2 2 2 2 9 2 2 2 2 2 2 2 2 2 2 2 2 2 2 2 2 2 2 2 2 2 2 2 2 2 2 2 2 2 2 2 2 2 2 2 2 2 2 2 2 2 2 2 2 2 2 2 2 2 2 2 2 2 2
left_child=2 -2 6 7 -5 -6 17 8 22 19 11 14 13 23 26 18 -7 -1 24 58 27 -10 57 34 32 -19 37 50 60 42 47 36 -13 38 -8 59 -32 39 -22 48 41 -26 43 49 -34 -39 -28 -31 -11 -29 -21 -44 -41 -35 -55 -56 -50 -4 -9 -30 61 -24
right_child=1 -3 3 4 5 16 12 9 21 10 -12 15 -14 -15 -16 -17 -18 25 -20 20 33 -23 28 -25 40 -27 46 29 35 30 31 -33 44 53 -36 -37 -38 45 -40 52 -42 -43 51 -45 -46 -47 -48 -49 56 -51 -52 -53 -54 54 55 -57 -58 -59 -60 -61 -62 -63
leaf_value=-4.2371155895853425 2.8218961486733294 70.402905798794066 -3.1146725328624245 -3.6241144341950378 30.946150701537107 2.468758608058149 -7.0894318621231767 -9.3857376582721486 -22.038984830434057 -3.6840896042847384 18.268650088816255 10.925358101339723 6.9084020209253403 7.6079304188201666 -9.9912856668403833 10.354752503690349 15.934040558571219 -10.809132101050526 9.7140958748660697 -4.1756740592534696 -5.8182326047258721 -8.0393881107150289 -3.8521756231166147 -13.880152334373387 -5.3299556571341711 -22.272805443414736 2.2467183549003034 -0.69080848795228844 2.200595212663965 -0.094919620861941709 -0.036989306310160612 4.8431378907315272 -0.24511939365723859 10.637218291413593 -1.0630784487206746 -4.8345903336333347 3.681009757067947 -1.2512014662585553 5.6685469474611017 6.2922976069735617 3.981961778460255 0.39442737466121619 -1.2732264943923424 1.8776730867729161 5.980233066561758 -6.9859834109100847 9.3388239056965698 0.58906388848230284 2.8139605307011832 -0.053576148933096417 -1.3543461283299953 0.95519698262786745 0.33110130882962552 1.7270885526592146 12.969436077143527 4.1428235041934807 0.065675843920555033 -0.46070899058038423 -3.7815970917259678 -2.4959022338872967 -2.9091009409138238 -7.5924528238255196
leaf_weight=0.25390362204052508 0.55640684254467387 0.35447989031672478 1.1620603208430109 0.53097879001870785 0.38433385663665731 0.61501492722891249 1.8577805745881057 0.32313609891571105 0.23045762511901635 0.49557265569455822 0.4587869280949225 0.36470348946750142 0.38778409385122348 0.34086692915298034 0.50916482019238252 1.1695582922548053 0.46989284339360893 0.27589943422935892 0.64508442324586202 1.082477418007328 0.20921700121834863 0.37144765700213611 0.5978311877697714 0.4342262060381471 0.47806498385034557 0.46578385890461504 0.31761440332047719 20.61147151933983 0.68495737621560715 35.025583317968994 2.9909969742875537 1.7628300990909336 0.43362909066490829 0.29402090026997019 0.48467317549511779 0.95132969901897002 1.4240784428548066 0.91523820837028214 0.1708386386744678 0.52496744925156313 0.56643321714363981 1.5983343913685526 11.128745394060386 2.5711628335993728 0.51769410097040236 0.36034788284450769 0.33613319625146687 34.263854912482202 0.96876809815875997 141.56862612185068 4.7709963915403932 1.588191270129754 0.29549334314651787 0.39935789280571032 0.18121183430775911 0.16352602397091687 7.2842590713407862 4.2554936569649691 0.52246654219925304 0.46677473001182079 0.55367090366780747 1.6457411744631825
leaf_count=46 64 79 163 73 58 93 309 61 50 51 78 39 9 70 75 99 76 59 73 102 65 96 56 61 63 97 46 2286 71 1980 365 9 63 11 78 102 96 114 48 97 93 159 1294 58 71 59 54 1350 127 9400 610 222 50 27 54 48 911 159 98 48 70 168
internal_value=0 29.1217 -0.0632601 0.034574 9.48642 14.2245 -6.41493 -0.0305707 -1.64013 0.0879355 1.86148 1.43814 -4.11965 -5.4914 -0.0097633 4.44945 8.30081 -14.4963 2.94931 -0.0326141 -0.0134715 -13.3996 -2.54373 -7.09948 1.84701 -18.0084 0.432232 -0.0390337 -4.21726 0.00347982 0.40452 2.21257 5.2994 4.65113 -5.84253 -2.02419 1.16225 0.103028 -0.654816 0.499509 0.127847 -0.92354 -0.16706 -0.103158 3.14261 -2.87125 5.89322 0.243312 0.157596 -0.134562 -1.87609 -0.994923 4.14534 6.59364 4.99586 8.78254 0.388279 -1.02998 -5.92315 0.297196 -5.86608 -6.5958
internal_weight=0 0.910887 296.714 292.213 2.00022 1.46924 4.50092 290.212 10.9198 279.293 18.2398 17.7811 3.50533 3.11755 12.0076 5.7735 1.08491 0.995587 4.60394 261.053 260.207 0.601905 10.3179 2.77668 3.95886 0.741683 11.4984 258.789 4.90031 252.936 75.4673 6.17791 1.31603 1.41817 2.34245 2.10306 4.41508 10.8446 0.380056 9.56906 2.64283 2.0764 177.468 164.751 0.951323 1.27559 0.653748 69.2894 8.7486 162.18 5.85347 12.7169 0.820461 1.03812 0.744096 0.344738 8.25303 5.41755 0.845603 1.15173 2.79724 2.24357
internal_count=22661 143 22518 21789 300 227 729 21489 983 20506 2322 2244 527 518 1584 660 169 202 561 18184 18025 146 837 448 488 156 1509 17772 515 17060 3800 470 173 253 387 221 461 1409 113 1236 315 222 13260 11744 134 173 100 3330 1089 11686 712 1516 147 140 129 102 1038 322 159 119 294 224
cat_boundaries=0 23
cat_threshold=4128 0 536870912 0 0 0 0 0 128 302514176 285212674 5456 67141632 4 33554448 33571844 0 128 0 2155905024 2097152 0 96
is_linear=0
shrinkage=0.05


Tree=20
num_leaves=63
num_cat=2
split_feature=66 70 55 67 58 60 20 54 9 49 70 55 0 57 48 7 66 70 63 13 47 47 55 60 3 56 58 70 55 70 46 49 65 70 49 37 60 9 64 3 63 46 63 66 66 9 3 55 46 49 70 64 3 0 70 63 89 9 66 11 18 85
split_gain=378951 459733 82776.3 40307.2 37626.2 33972.9 41580.5 32876.7 30142.9 29323.2 19629.2 17837 15601.6 14083.6 13786.2 13425.6 13207.5 21859.4 13011.5 11740.8 11322 11054.3 11029 9163.29 7520.5 12332 7409.54 7398.4 7745.48 7494.05 7411.46 7235.76 8056.81 6782.06 6058.41 5264.68 9435.17 6388.73 5182.14 4725.6 8124.45 6735.61 4636.92 7175.72 4630.58 4820.11 4453.74 4338.26 3909.16 3760.31 3690.83 7060.76 3841.15 3766.68 3612.87 3790.79 3058.52 2910.09 2496.07 2351.01 2340.82 2141.56
threshold=1910.4633333333334 3.3902073236402805 -341.55212953000381 1177.3350000000003 662.37141394063531 -77.907145405722375 1.0000000180025095e-35 532.95592117933927 -14.861215932167726 135.54731951228482 0.79294282399948635 -768.08630945624748 0 26.121777722757042 -628.46130491548979 1.0000000180025095e-35 214.03666666666672 4.6457848705134035 948.63333333333344 0.50000000000000033 -549.91644664245894 -346.44177014236396 -69.034091296229221 781.22520262971113 2016.5000000000002 254.66699183108221 160.53596920517677 1.3465768360445762 -41.651317592391408 0.81828995746521538 1.0000000180025095e-35 11.605031707514884 45.030000000000008 0.92355627329044532 -491.06187245561205 1.8369701987210299e-16 84.4353529410497 -8.8301270189221892 1212.8175000000003 2018.5000000000002 583.61904761904771 -1.0000000180025095e-35 382.92916666666673 578.23333333333346 308.48333333333341 -8.2500000000000018 2020.5000000000002 56.790001839905926 -1.0000000180025095e-35 -214.84740653437191 3.0954043150717134 86.075000000000017 2018.5000000000002 1 1.657789678053214 583.61904761904771 1.5000000000000002 7.6471143170299749 116.47333333333334 -0.6830127018922193 0.6830127018922193 1.0000000180025095e-35
decision_type=2 2 2 2 2 2 2 2 2 2 2 2 9 2 2 2 2 2 2 2 2 2 2 2 2 2 2 2 2 2 2 2 2 2 2 2 2 2 2 2 2 2 2 2 2 2 2 2 2 2 2 2 2 9 2 2 2 2 2 2 2 2
left_child=2 -2 11 4 12 9 7 13 -6 21 14 -1 26 15 -10 -7 18 24 22 20 -13 -5 49 -9 25 48 46 28 29 -26 42 32 -19 34 -22 36 37 -16 -20 41 -41 -30 -29 -44 54 -46 -4 -47 -18 61 53 52 -52 -24 55 -28 -40 -43 -54 -55 -50 -14
right_child=1 -3 3 5 8 6 -8 23 10 -11 -12 19 16 -15 35 -17 17 31 38 -21 33 -23 50 -25 27 -27 44 30 39 -31 -32 -33 -34 -35 -36 -37 -38 -39 56 40 -42 57 43 -45 45 47 -48 -49 60 -51 51 -53 58 59 -56 -57 -58 -59 -60 -61 -62 -63
leaf_value=-17.973194833509275 3.1947100568306563 77.445508739788607 -3.8727054232014142 -15.161128225674227 9.910807724014262 11.152366403012287 23.375229421649895 20.483920146708087 -21.0142507929407 9.4239719799974537 3.5075017060990392 -15.828146077484149 -6.6683478180403828 -5.9574778573422007 -1.8808501868821406 -0.29510889999351686 7.7538108618987032 7.8317574410847817 6.6159377280379292 1.9082136049825522 -13.668176034530214 -2.804817861112729 -0.69220284659944142 8.9867002268601279 -8.2032926299010196 12.26318636233424 -8.0666510091078276 2.0167632171110452 7.5676546453176901 -1.5574430939759645 6.2219379194772078 10.253665838925883 0.71289407419163919 0.47882379939825886 -5.4327170765668216 -2.0880837077738139 -16.558029083696816 -10.500380895979637 -4.8166067538237556 0.75808280034838094 -5.086740127061752 -1.2203973803766006 -3.773936320102655 3.1798993433216576 -5.5264621948575421 -2.8662761978026001 -0.60324979956763047 3.8896386095468616 1.7169597830860193 -1.3730767901692185 -0.5170773293321681 2.623204350337375 0.36174969527337003 0.66747987056477287 -1.3074966545390065 -4.3054245485876317 3.5626350678340373 4.2771099398324726 1.8193926976622774 -0.046353848651145502 -3.7434486227940837 -2.5332067691230247
leaf_weight=0.47058357205241952 0.51900006248615582 0.34842354618012905 1.3934168482664953 0.29989566979929805 0.25342823448590968 0.45149584976024904 0.39083638740703452 0.34215159248560656 0.25827852310612831 0.37319026188924909 0.29919252498075355 0.4254769526887684 0.55259081302210666 0.44595446460880328 0.35577385663054906 0.59190523508004844 0.22557886107824732 0.76426337100565367 1.032959253527223 0.3033325655851512 0.34629295137710858 0.45658860309049509 12.051233800360931 0.35117725841701031 0.54773354879580471 0.34534032107330848 1.1634078139904893 3.2887492151930928 0.48200180288404215 1.8805678568314759 0.76872338168323029 0.69192788074724365 0.82809258229099214 0.2793754911981523 0.62885355716571112 0.26297234743833531 0.37192724575288594 0.54320116853341327 0.18175466614775349 2.3716343359556054 0.79347293078899372 0.76979686040431061 1.0262005371041594 0.58103784429840732 0.55759536987170577 0.50289402808994033 4.1258765214588493 0.45047684526070952 0.93633282440714782 7.000257201259954 12.810517815174533 3.2979745583143076 39.153263216139749 12.34697144012898 0.50725049036554981 1.5792430068831889 0.27170017431490123 0.35024700593203306 3.1751087924931189 175.29604375665076 0.24832482077181339 0.72245690994895995
leaf_count=87 60 80 227 54 62 68 84 53 63 61 52 83 80 69 75 59 45 47 78 50 75 62 721 49 63 86 101 281 79 209 74 91 80 41 101 66 79 102 48 269 121 146 89 66 72 62 149 49 228 859 1587 93 879 104 36 179 81 67 88 13357 60 74
internal_value=0 33.0195 -0.0757565 -0.00122336 -0.0657733 5.18303 8.35596 5.66657 -6.37456 -2.04525 -8.34801 -9.22175 -0.015641 1.4797 -10.3272 4.65839 0.0776413 1.43603 -0.00515469 -7.1453 -8.77996 -7.70327 -0.0311833 14.6605 0.725132 3.79483 -1.35617 0.306079 -0.758004 -3.0565 1.6577 5.98466 4.12965 -6.38953 -8.35728 -8.52773 -9.86021 -7.08916 4.65989 0.412807 -0.707178 2.62552 0.941068 -1.26003 -4.1207 -1.83377 -1.42867 0.325958 1.72109 -1.82796 0.0264186 0.375922 0.241507 -0.0758571 -5.18396 -5.9009 0.204051 0.498719 0.471089 0.000585442 0.572363 -4.32533
internal_weight=0 0.867424 303.575 301.121 297.418 3.7032 2.57352 2.18268 2.34477 1.12967 2.09135 2.45392 295.073 1.48936 1.79215 1.0434 284.793 16.9 267.893 1.98333 1.68 0.756484 266.406 0.693329 14.6157 1.75558 10.2802 12.8602 7.19545 2.4283 5.66471 2.28428 1.59236 1.25452 0.975147 1.53387 1.2709 0.898975 1.48641 4.76715 3.16511 1.60205 4.89599 1.60724 4.76087 1.51097 5.51929 0.953371 1.41024 8.2753 258.131 58.4369 55.1389 199.694 3.2499 2.74265 0.453455 1.12004 42.3284 187.643 1.18466 1.27505
internal_count=22660 140 22520 22083 21524 559 382 298 499 177 437 437 21025 196 385 127 20150 2101 18049 350 300 116 17842 102 1883 419 875 1464 954 272 510 218 127 217 176 322 256 177 207 682 390 292 436 155 499 183 376 111 333 1013 16829 2647 2554 14182 316 280 129 213 967 13461 288 154
cat_boundaries=0 22 41
cat_threshold=524294 524544 536875012 32 65568 0 5 0 1048576 104 0 0 1 0 0 128 8389312 131076 2 65541 0 2097152 134250496 83886208 3072 525248 134217728 8192 270506 0 262145 16384 786432 0 0 0 1 16785408 264192 0 536936448
is_linear=0
shrinkage=0.05


Tree=21
num_leaves=63
num_cat=1
split_feature=66 55 55 66 60 58 55 70 60 58 66 10 55 58 70 20 3 72 54 48 57 71 70 63 63 58 53 71 60 70 66 70 10 80 65 54 63 66 50 89 58 3 5 57 66 91 54 54 57 71 63 3 85 54 14 87 71 57 42 71 91 53
split_gain=267472 474267 68029.6 65841.8 62902.3 31957.8 26759.5 26426.4 20314 19045 19015.5 18177.6 21333.1 20698.6 17908.8 21022.3 15394.1 14372.6 12905 11038.7 9104 8552.62 8522.24 8386.54 7726.39 6931.21 6511.15 5755.6 5304.22 5278.86 9185.82 5769.89 5110.45 4943.8 5096.98 4516.85 4336.93 4366.5 4285.64 4275.77 4203.97 5041.19 3936.47 3797.37 3518.79 3235.68 3178.69 6829.1 3102.81 2778.35 2671.27 3589.72 2606.1 2535.8 2506.26 2487.83 2656.69 2374.86 2299.84 2299.31 2214.53 2047.41
threshold=1910.4633333333334 279.83373407705403 -341.55212953000381 1083.0100000000002 -37.798929613422814 531.35399256939138 252.30077310856646 0.25056144461491786 1012.3032294823915 1872.9378668342881 404.90500000000003 -3.9494859272502133e-15 252.30077310856646 776.48043954340244 2.0340010857858686 0.25000000000000017 2017.5000000000002 0 867.26448498954824 -403.78679803578353 57.634970727021617 18.473197194210652 0.64986139139299914 886.21416666666676 305.87625000000003 662.37141394063531 -218.64899540550616 -69.202731668663347 27.240347744567039 1.1815914105015446 116.47333333333334 9.9189329325568298 -8.0000000000000018 1.0000000180025095e-35 111.07500000000002 139.24865849789308 332.99722222222226 233.18833333333336 -385.1878035892824 1.0000000180025095e-35 68.024784886855286 2017.5000000000002 -0.93301270189221919 -157.24282587610017 94.168333333333337 1.0000000180025095e-35 291.03733070188275 149.37383645171829 -1.0000000180025095e-35 15.530309367336516 1218.6062500000003 2014.5000000000002 1.0000000180025095e-35 18.026147633877958 -0.68301270189221908 1.0000000180025095e-35 -1.4664796079506712 -60.843679190449699 1.6160254037844388 11.874156162982668 2.5000000000000004 -9.3450640363732855
decision_type=2 2 2 2 2 2 2 2 2 2 2 2 2 2 2 2 2 9 2 2 2 2 2 2 2 2 2 2 2 2 2 2 2 2 2 2 2 2 2 2 2 2 2 2 2 2 2 2 2 2 2 2 2 2 2 2 2 2 2 2 2 2
left_child=2 -2 9 5 -5 10 -6 19 11 22 17 13 20 -9 21 16 32 36 -14 28 -13 42 35 26 -18 -24 52 -25 -7 40 60 46 -16 34 -33 -1 37 -4 -21 -38 -28 44 -12 -43 -42 -23 47 59 -34 54 -29 -52 -19 -45 -46 -44 -57 -39 61 -32 -31 -55
right_child=1 -3 3 4 6 7 -8 8 -10 -11 14 12 18 -15 15 -17 24 23 -20 38 -22 45 25 27 -26 -27 29 50 -30 30 31 33 48 -35 -36 -37 39 57 -40 -41 41 43 55 53 49 -47 -48 -49 -50 -51 51 -53 -54 58 -56 56 -58 -59 -60 -61 -62 -63
leaf_value=-7.7931191296630633 -3.5084867670705409 71.112177744764423 -2.7935116757288787 -1.3489338146284511 11.550181572420762 -10.439247291888499 29.821965032449004 -1.6115372638795198 9.6766379225614472 -20.351730782191559 4.3816226971694237 -0.10013657826234597 14.309904888962448 -16.851619310116014 -10.073357228242322 15.363034018245841 2.9705253655268109 -6.5284312593732752 -0.11999175785841505 -11.982737580934169 -8.4925247188879371 2.808068584434638 0.36132253838074418 6.1365271954881493 9.5302675368299834 -8.1116177010213306 -0.045443174541547331 2.1397066139349037 -21.988965208225579 0.051611662035507579 0.42836687236868126 -1.6496075560100707 -3.5041791535210502 4.8806871874416728 4.2863593099951389 -14.864116359383534 -3.5728784378918741 -1.8474331723731325 -5.3577821454701526 -8.2989133904623742 -0.26436591491087935 2.4812120563310174 0.20521141346564795 -0.47675671450711415 -2.2928684919616362 8.7261972291098946 -2.9788692745737886 5.4370074078865001 5.2085195713813031 5.5842237963092307 2.1806709268224345 -5.7438866382639411 -1.6323535904321347 -2.1717270522270709 2.4186667287952641 -0.70062031630342414 -5.0687911614230483 2.8943573527359985 -4.5699610305485585 2.5471846347756615 1.5734204396222902 -0.93992698629189764
leaf_weight=0.883964675478637 0.51104805804788966 0.36502558249048889 4.229992517968638 0.61353326891548932 0.43911765073425957 0.21018428541719902 0.36856842460110784 0.49407605524174902 0.38210851303301741 0.29190705786459137 0.41885396745055903 0.80999125842936359 0.33980797859840084 0.40577000332996249 0.18559607467614159 0.45791881927289058 0.96816641883924581 0.49653308256529161 0.28480783361010253 0.30063652317039657 0.53764031454920769 0.68969867518171646 0.55768490629270662 0.81106297019869122 0.83694522501900792 0.42554729385301471 115.50198045116849 2.1958133250009264 0.1886120866984129 96.448479667771608 9.2678289979230559 0.8022890181746325 0.26558570773340806 1.9320999304763973 0.65842000604607165 0.30335158621892333 3.0022781603038315 0.4759877915494144 1.298360131215303 0.56934525072574604 3.7306703620124599 0.76633250131272035 2.6807682723738235 10.128083361545579 0.37295261165127169 0.34724134765565395 0.50914073269814331 0.82668037922121662 0.16608923557214428 0.49406616785563517 0.29206322925165284 0.27982265688478947 0.60047700768336654 5.2096682966221133 1.1606470772530884 0.92318114289082587 0.55876195826567687 0.5930473539046941 0.58523436426185149 1.4856686491984863 2.4513234943151465 9.5704397773370093
leaf_count=183 51 86 337 92 76 53 56 82 61 79 59 84 52 65 57 58 85 85 64 64 77 97 80 13 56 47 8247 122 48 5519 949 94 80 22 30 49 444 53 261 34 935 42 396 628 85 54 37 82 46 107 87 51 66 500 279 99 71 57 20 120 7 812
internal_value=0 27.583 -0.0855411 -0.0154206 10.7202 -0.0681788 19.8881 -3.93289 -1.15394 -8.3612 0.00330429 -2.59486 0.0919823 -8.48379 2.33272 5.53836 3.68114 -0.0685684 7.73026 -8.4595 -3.4483 0.689357 -6.74865 0.0272765 6.01197 -3.3058 -0.00441471 2.43244 -15.9017 0.0116865 0.266614 1.3991 -3.13502 3.22115 1.02605 -9.59971 -1.40065 -2.07196 -6.60338 -4.32625 -0.185976 -0.692933 -0.238709 -0.986726 0.646854 4.78988 0.887751 1.05775 -0.151922 2.32339 1.34697 -1.6968 -3.84844 -1.09097 1.27288 -0.703609 -2.34763 0.783076 -1.49583 0.721096 0.0893311 -1.37411
internal_weight=0 0.876074 293.083 290.62 1.42122 289.199 0.807686 5.25199 3.2542 2.46246 283.947 2.87209 1.97225 0.899846 8.49881 2.8803 2.42238 275.448 0.624616 1.99779 1.34763 5.61851 2.17055 266.578 1.80511 0.983232 262.999 3.57876 0.398796 261.902 114.382 15.4821 0.617271 3.39281 1.46071 1.18732 8.87065 5.29903 1.599 3.57162 147.52 32.0181 4.58157 26.2598 5.75834 1.03694 12.0893 11.5802 0.431675 2.02767 2.7677 0.571886 1.09701 25.4934 1.5336 4.16271 1.48194 1.06904 15.3653 10.7535 98.8998 14.7801
internal_count=22732 137 22595 22157 224 21933 132 911 485 438 21022 424 277 147 1158 382 324 19864 116 426 161 776 359 18939 141 127 18666 273 101 18515 6860 1334 183 146 124 232 925 447 325 478 11655 3408 625 2002 1406 151 1188 1151 126 471 260 138 151 1960 364 566 170 110 1332 1069 5526 1312
cat_boundaries=0 23
cat_threshold=4128 4096 0 4096 0 0 18432 0 0 34078720 301989888 0 268468224 0 0 16778240 8208 136 8388608 10518536 458752 64 1121
is_linear=0
shrinkage=0.05


Tree=22
num_leaves=63
num_cat=2
split_feature=66 71 53 71 47 66 52 50 70 0 66 70 71 59 34 10 70 64 10 65 8 66 49 71 64 89 51 66 54 71 3 64 71 0 53 46 4 13 70 70 64 66 47 50 47 47 59 50 50 9 66 46 51 13 14 54 8 47 8 53 49 6
split_gain=179580 345555 49126.8 65831.7 22907.3 22707.3 30096.4 23519.8 17782.9 12905.2 16835.4 17884.2 14438.7 12127.2 10749.3 10547.3 10131.5 9660.51 9416.01 8354.38 15819.3 8109.89 7562.41 7486.5 7432.62 6894.07 6790.79 6498.37 11176.6 7246.03 5917.95 9965.43 5898.83 5163.82 4866.61 4221.38 3837 4328.75 3815.67 3737.58 4641.46 3427.79 3359.96 3189.12 2980.92 2700.75 2583.75 2571.55 4105.71 2529.89 2537.79 2521.51 2329.94 2288.83 2462.6 2985.56 2234.89 2168.93 2495.36 2221.09 2154.58 2599.17
threshold=1910.4633333333334 79.250154368656766 -272.25896599248313 31.8988581773155 -659.99885316094174 857.41166666666675 152.9700392604683 -459.53527056047687 2.7589914055693892 0 404.90500000000003 4.8304719420510605 9.7221617380989631 226.97775096368397 -1.0000000180025095e-35 -8.5 0.62719376946706773 455.75000000000006 19.485571585149874 946.94500000000005 2.5000000000000004 541.33333333333337 -307.17108752829046 22.20730566247742 1212.8175000000003 1.0000000180025095e-35 556.11620451193812 116.47333333333334 2.9896182122855071 0.81505769650129334 2018.5000000000002 455.75000000000006 27.430529989108994 1 279.79736726874717 -1.0000000180025095e-35 -0.6830127018922193 -1.0000000180025095e-35 1.1020266894092596 0.88734130200822292 345.19000000000005 316.26500000000004 38.831921352924695 -572.48230864936056 -260.09947459138152 -80.130196135607733 96.172406063269776 29.778569144768152 -267.71434599209084 1.866025403784439 242.44333333333336 -1.0000000000000002 113.44600828931929 -0.93301270189221919 -0.68301270189221908 114.49357552105816 2.5000000000000004 -186.20884057579764 2.5000000000000004 -143.23067395590655 -34.738194528367863 1.0000000180025095e-35
decision_type=2 2 2 2 2 2 2 2 2 9 2 2 2 2 2 2 2 2 2 2 2 2 2 2 2 2 2 2 2 2 2 2 2 9 2 2 2 2 2 2 2 2 2 2 2 2 2 2 2 2 2 2 2 2 2 2 2 2 2 2 2 2
left_child=2 -2 3 4 21 7 8 14 15 35 22 18 -13 16 -4 -7 43 -10 19 36 -21 25 46 -16 -22 -1 27 33 -29 44 32 38 52 -24 -34 -9 -12 -38 -32 40 -37 -25 60 -6 -30 -28 -11 48 -18 50 -40 -35 -31 -46 -55 -56 -42 58 -53 -59 -41 -62
right_child=1 -3 5 -5 13 6 -8 9 17 10 11 12 -14 -15 23 -17 47 -19 -20 20 24 -23 26 41 -26 -27 45 28 29 30 31 -33 34 51 -36 39 37 -39 49 42 56 -43 -44 -45 53 -47 -48 -49 -50 -51 -52 57 -54 54 55 -57 -58 59 -60 -61 61 -63
leaf_value=-13.125890160063216 -4.5646270827020654 60.046574071666683 1.6930529481140113 14.169158864336167 -11.178154493551707 9.3420637080249911 -8.5756177396203501 -5.4606313829483044 7.8538290554370214 -1.7704065042500046 3.4038292446360972 2.8091870658031448 13.70085991550277 -13.447229201930597 -4.6489367525189671 -0.43953905127098641 -1.6377339684785488 19.212889249641066 -6.0021306055741039 15.167184391483639 7.2872356549906829 -7.8988917567400536 -0.88476263751519779 -10.022917789653286 -4.4730490982056281 -25.363281184985993 3.5269693913965479 3.7612126249730418 -4.2204360861544314 1.5722038806630332 -0.81370997976342885 -5.1509437830582758 13.052275597739545 0.60934671701653909 3.4004181650486971 -1.6663071033876951 1.0092241721432675 -3.7993666332164189 -0.36211194607962388 -2.9816079954558212 -7.4515812647306667 -18.375909633423735 1.2225457705393308 -5.6268814567618222 -2.6678256100100657 1.0891148138488276 -7.369531801561954 -4.2070890464818751 5.59686605609099 2.6949521329281989 2.5609618153768663 0.68520097844785477 6.6455356673406021 -1.3253951519940301 0.07392573894764376 3.6726625659026491 -3.7593158984233632 2.2199960844671085 -5.0244057091691507 -0.051939136585926721 -2.4717825166869805 2.4618296408749183
leaf_weight=0.24094551964662958 0.48504142533056338 0.36092390003614128 0.26472460455261171 0.40740028559230257 0.30462386645376738 0.46792615531012416 0.34338313085027028 1.1996302572079001 0.37641376722604025 0.3880759917665263 1.1518228244967756 0.62931135343387701 0.58915022341534495 0.40242132637649763 0.39443420921452232 0.67045611096545987 0.61474092095158994 0.37232105922885239 0.40245358832180489 0.32301161601208139 0.25831124209798872 0.25780638377182186 8.0953540089540166 0.26552960649132729 0.27997073857113719 0.22033605724573135 1.5253543662838636 2.7827777217607972 0.52728720521554251 1.9549125295598058 1.9709264298435263 0.68771390267647881 0.25272100185975421 15.526475008344276 0.27026926074177027 1.676732381805776 2.1613163619767874 0.59738249448128034 2.0290415603667502 2.1673473040573299 0.73598559899255611 0.22852287860587239 1.0154229812324045 1.7167881256900723 0.97162978467531402 4.4516934966668478 0.43924763379618526 0.38574384525418282 0.28797872690483906 3.205306479241699 1.1710997577756641 0.32600416406057675 0.25593502353876818 2.8558911834843439 5.4744629231281614 0.64413443696685124 0.92483169375918806 1.0811385698616494 0.46334946365095675 216.11816651280969 0.59184936643578134 0.48631689348258078
leaf_count=48 62 68 53 83 74 68 72 71 54 63 155 63 81 70 74 78 102 48 59 30 59 36 909 66 55 58 58 94 58 427 185 92 55 464 60 139 258 82 156 304 51 39 132 287 100 124 87 47 44 213 91 24 59 349 654 98 124 60 103 14715 57 77
internal_value=0 23.0012 -0.0684193 -5.06523 -6.83354 0.0143713 5.03996 -0.0243073 7.51748 0.00416278 0.0862266 2.62573 8.07553 -5.25136 -7.15064 3.58114 -4.25489 13.5023 1.34238 1.96181 6.41968 -15.0016 0.0300152 -9.78562 1.17049 -18.9712 0.0444992 0.00714022 0.773633 0.400338 1.25008 0.635079 3.28913 -0.0723422 8.06442 -1.26567 0.979968 -0.0320522 1.11012 -2.26906 -3.52203 -13.8866 -1.28762 -6.46345 -0.556869 1.71126 -4.74313 -0.789982 0.670193 1.70207 0.707594 -0.00603058 2.15951 -0.362647 -0.113075 0.452782 -5.39553 -0.0501381 -2.66633 -0.0406303 -2.07298 -0.246431
internal_weight=0 0.845965 296.882 4.83879 4.43138 292.044 2.2305 289.813 1.88712 288.66 279.862 6.39273 1.21846 3.7123 1.15321 1.13838 3.30988 0.748735 5.17427 4.77182 0.861294 0.719088 273.469 0.888487 0.538282 0.461282 272.642 266.665 25.0541 22.2713 11.7979 9.06409 2.73384 241.61 0.52299 8.79812 3.91052 2.7587 8.37637 7.59849 3.33755 0.494052 4.26094 2.02141 10.4734 5.97705 0.827324 1.28846 0.90272 6.40545 3.20014 233.515 2.21085 9.94612 8.97449 6.1186 1.66082 217.989 0.789354 217.199 3.24551 1.07817
internal_count=22626 130 22496 849 766 21647 320 21327 248 21095 20140 842 144 624 232 146 554 102 698 639 144 142 19298 179 114 106 19148 18966 2691 2597 1338 737 601 16275 115 955 495 340 645 884 314 105 570 361 1259 182 150 193 146 460 247 15366 486 1201 1101 752 175 14902 127 14775 438 134
cat_boundaries=0 22 42
cat_threshold=557078 256 4 34 32 0 5 0 0 17441 0 0 0 0 0 320 8388864 135300 2 5 0 2097152 134217728 128 536877056 541569 69648 0 262298 0 1048576 0 0 0 1 0 0 50331648 268697604 0 0 16
is_linear=0
shrinkage=0.05


Tree=23
num_leaves=63
num_cat=2
split_feature=66 70 55 66 6 55 70 48 0 52 82 66 71 70 60 63 65 3 63 70 41 72 63 70 9 65 66 63 63 48 64 9 64 48 57 13 53 71 70 66 88 55 70 70 3 56 10 34 53 70 48 56 3 55 51 64 63 56 65 57 3 3
split_gain=254456 316031 54409 25943 31414.1 31229.3 23955.3 22325.2 22177.4 23768.3 17961.6 16151.1 37034.8 18509.8 13387.8 22245.4 11053.5 23874.5 10409.5 9337.37 8621.63 7882.36 10217 7213.97 6925.17 6890.42 6664.03 6445.11 6143.19 4946.66 5016.06 4926.05 4115.07 3980.03 4660.36 3978.31 6632.86 3877.49 3626.88 7947.14 6455.26 5430.7 3330.33 3631.83 3313.82 5567.68 3248.2 3184.65 3104.03 3315.56 3093.07 3037.85 2994.72 2657.12 3313.55 3016.71 2645.56 2565.28 2471.82 2206.78 2143.61 2103.9
threshold=1910.4633333333334 3.9004070094205843 -253.6660470022023 857.41166666666675 0.50000000000000022 7.8848630444698093 1.4452221212687395 -549.41968958891482 0 -424.72545716431574 1.0000000180025095e-35 214.03666666666672 65.040742383988189 3.0000374632462852 39.497084951506693 241.8329166666667 1212.3200000000004 2018.5000000000002 1218.6062500000003 0.44612231662210117 1.0000000180025095e-35 1 990.47920454545454 0.46695851799374294 -5.0980762113533169 563.0200000000001 383.47000000000008 1091.9000000000003 332.99722222222226 301.10971673957118 535.88000000000011 -10.500000000000004 300.75000000000006 -212.01440073802385 -157.24282587610017 -0.25 136.08869650480773 5.4590008887556198 3.3902073236402805 73.643333333333359 1.0000000180025095e-35 -21.698385613208064 0.62002711876229022 0.39207263495470573 2016.5000000000002 327.89492477728487 12.312177826491075 0.6830127018922193 136.08869650480773 1.7537402154081574 -121.86052384993383 217.20694500277531 2019.5000000000002 -62.066738773622262 477.07429489474953 193.36000000000004 1137.0097222222225 166.94946347372567 685.35000000000014 -40.821889780652761 2019.5000000000002 2019.5000000000002
decision_type=2 2 2 2 2 2 2 2 9 2 2 2 2 2 2 2 2 2 2 2 2 9 2 2 2 2 2 2 2 2 2 2 2 2 2 2 2 2 2 2 2 2 2 2 2 2 2 2 2 2 2 2 2 2 2 2 2 2 2 2 2 2
left_child=2 -2 6 8 5 -5 7 20 9 27 -7 21 13 16 15 24 23 -18 -6 37 56 50 33 -13 31 -8 28 -4 46 30 -28 -15 57 60 -35 36 -24 -11 53 -40 41 -41 43 -9 47 48 61 51 49 -46 -10 -34 -32 55 -55 -36 -1 -25 -37 -17 -23 -21
right_child=1 -3 3 4 18 10 25 42 11 19 -12 12 -14 14 -16 59 17 -19 -20 26 -22 22 35 32 -26 -27 29 -29 -30 -31 52 -33 44 34 38 58 -38 -39 39 40 -42 -43 -44 -45 45 -47 -48 -49 -50 -51 -52 -53 -54 54 -56 -57 -58 -59 -60 -61 -62 -63
leaf_value=-7.8087454633537563 1.1675550143255138 67.019501459307477 -7.8658049245853237 -1.5595433719783485 2.5036941498353102 18.573543265223474 -1.6258053901039657 -5.2795872718546297 -3.7802234280145259 -3.9780024953348958 5.5062438592814953 6.8092806189259596 16.802561312349209 2.7667390242587508 -0.26148947119947591 18.238721995695855 2.2686813901920067 -14.860450562309579 -8.9051211558865226 -3.3415457326981741 -21.798489125510983 -0.094918932162328426 1.7679179287041462 1.4764463195762507 -0.19952062385328748 8.6247001156313541 2.3634041076358483 -19.254255395649032 -5.4548151779784089 5.2347461463204352 -0.42948052108412038 9.8233141695201738 1.9808707441265381 4.0768603888955068 -0.095388573277115016 4.8110910038681727 14.891872105167208 -8.3615763362515541 0.14552172217647463 0.35643718948639425 -0.28321622965819504 3.8205704338928124 -2.1835625394065152 -11.355512379287401 -0.64894161256809191 -5.0282567842421741 -5.2338902424449998 -3.3743252322275326 3.4863433179551144 3.204880950901658 -1.4911907750935125 8.3004005992901675 -6.1740392989607722 -0.059260551550271413 1.3680132453942007 -2.351751684542696 -14.453808525408148 5.3775148670824375 -0.12888640447117625 12.189390445740996 -4.6781462479145626 0.16808660753831109
leaf_weight=0.30656787427142296 0.4282949345652004 0.31707400362938643 0.22524822992272575 0.47287271870300118 0.42254095780663181 0.71184488921426214 0.37314499751664687 1.559295563027262 1.7770622130483378 1.1603319051209822 0.41704132128506899 0.47203467506915764 0.38894058321602543 0.50380755611695383 1.03566881082952 0.22587793157435954 0.46522668935358602 0.36148906336165965 0.37950972118414938 0.58340441156178791 0.27126490091904998 0.4058804886881251 0.18430341035127629 2.3713475456461306 0.72580555803142432 0.29242075653746724 0.67796931788325332 0.27702610497362912 1.695958041353151 0.41613519052043546 0.45069954684004188 0.48578166496008635 1.0609884066507209 0.71588768879882891 3.3381469226442269 0.58485018624924012 0.20156683190725744 0.89248989732004691 43.413588815834373 1.5935045068617908 2.4203369324095547 3.9011736901011309 0.69726413954049338 0.29200428212061513 6.3291339308489096 0.59771068696863938 0.50217393785715092 0.22156443982385088 0.58401290071196843 0.61207352811470617 8.7051234378013742 0.23169642616994668 0.45683444081805646 186.7135685198009 4.157014350173994 2.6631486762780696 0.2928731176070869 0.51248642429709423 0.44658543379046023 0.45332834403961886 0.68683213507756591 1.5929357712157068
leaf_count=63 60 72 50 80 58 98 72 272 274 106 61 88 73 50 73 32 88 48 54 148 65 97 52 219 66 39 91 62 147 44 84 61 259 54 312 15 58 139 2025 91 229 125 92 43 768 62 25 53 93 62 896 62 36 13451 43 241 54 58 107 68 56 108
internal_value=0 29.1804 -0.0704151 0.0100573 5.18289 9.22757 -5.80088 -7.4902 -0.0330464 -1.68921 13.7461 0.0775193 1.54476 1.20074 4.48821 6.54247 0.384745 -5.22119 -2.89466 -2.95091 -14.4023 -0.0183367 0.0569803 0.741437 3.51002 2.87782 -2.00664 -14.147 -3.10007 0.382985 -0.890421 6.23076 0.512683 0.0352483 0.0484662 4.29247 8.62347 -5.88382 0.036847 0.411171 1.86825 2.81594 -5.1287 -6.23794 0.0168342 -0.383481 -1.60912 2.16426 -0.0145572 -0.309113 -0.961748 3.11356 -3.32118 -0.060747 -0.0281756 -1.09668 -11.0554 2.16971 2.67221 14.2012 -2.97574 -0.772729
internal_weight=0 0.745369 294.967 290.883 2.40381 1.60176 4.08484 3.41927 288.479 8.93121 1.12889 279.548 17.639 17.25 3.43027 2.3946 13.8198 0.826716 0.802051 8.42893 0.870706 261.909 251.426 12.993 1.71539 0.665566 6.37611 0.502274 4.37447 2.00164 1.5855 0.989589 12.521 250.009 248.916 1.41731 0.38587 2.05282 248.2 51.3286 7.91502 5.49468 2.54856 1.8513 9.63718 8.12293 2.67851 1.51425 7.52522 6.94121 10.4822 1.29268 0.907534 196.872 190.871 6.0013 0.599441 2.88383 1.03144 0.679206 1.09271 2.17634
internal_count=22632 132 22500 21800 351 239 700 589 21449 1040 159 20409 2283 2210 350 277 1860 136 112 928 182 18126 16956 1724 177 111 683 112 428 255 211 111 1636 16724 16571 232 110 245 16517 2470 445 216 407 315 1359 985 281 374 923 830 1170 321 120 14047 13494 553 117 277 122 100 153 256
cat_boundaries=0 21 44
cat_threshold=557062 0 2499805188 34 8192 0 133 0 0 32 0 0 0 0 2147483648 8192 8389248 131205 268435458 65541 24 0 0 268435456 0 0 0 14336 0 128 0 35651585 40 0 0 0 1090554880 16777216 41 65536 2440 17171712 0 1280
is_linear=0
shrinkage=0.05


Tree=24
num_leaves=63
num_cat=2
split_feature=56 1 55 60 52 55 59 56 49 70 9 71 42 70 55 20 91 53 53 58 8 63 58 3 55 63 78 70 3 72 18 69 70 58 10 51 1 49 58 55 18 5 50 73 52 15 49 55 55 51 53 10 56 71 10 56 71 9 53 54 3 53
split_gain=147999 598028 62658.2 36009.4 35902 26060.6 22466.4 26352.6 22105.2 40443.8 21584.7 13131.6 12793.6 12063.1 48495 40487.2 17122.2 14582.1 10833.4 9344.83 11263.6 8596.85 8485.7 8450.02 14224.9 13899 8415.83 7644.3 7429.35 7201.97 7160.71 6226.77 6449.77 5623.16 5130.97 4857.76 4811.89 4729.9 4568.7 4306.83 3382 4890.65 4399.73 3350.79 3677.63 3839.92 2918.46 2853.28 2765.3 2733.21 2646.02 2626.26 3938.91 3474.99 3905.26 2458.2 2409.54 2308.01 2277.98 2206.48 2171.35 2031.51
threshold=1658.2166168011756 10.500000000000002 -341.55212953000381 1012.3032294823915 -1.0000000180025095e-35 -768.08630945624748 416.61223652675932 630.53026699585814 973.41627133553527 1.7026086927820485 -6.0000000000000027 -28.988275566762685 1.0000000180025095e-35 2.0340010857858686 94.555772555761266 0.25000000000000017 1.0000000180025095e-35 -272.25896599248313 365.27087310716854 736.91335734434756 3.5000000000000004 990.47920454545454 464.63228223962886 2018.5000000000002 -118.93728249242945 170.73300000000003 1.0000000180025095e-35 0.34439555226279311 2018.5000000000002 0 -2.7554552980815443e-16 0.58333333333333337 4.4419841803327476 207.52941256382002 -10.000000000000002 -167.52947684718774 5.5000000000000009 68.160346680687908 190.39888670911679 38.059262983375028 -1.0000000180025095e-35 0.6830127018922193 31.033305621653138 1 -145.18202793812182 0.25000000000000017 -261.88770471303496 -62.066738773622262 18.452291915832777 426.08187799677484 -5.7843793190665123 6.2810889132455374 70.460478966793218 3.5834279441868664 6.0621778264910704 298.30975120452763 -52.431840009331701 -7.0000000000000027 -485.79698822547965 86.811838224455144 2019.5000000000002 -72.450181439965093
decision_type=2 2 2 2 2 2 2 2 2 2 2 2 2 2 2 2 2 2 2 2 2 2 2 2 2 2 2 2 2 9 2 2 2 2 2 2 2 2 2 2 2 2 2 9 2 2 2 2 2 2 2 2 2 2 2 2 2 2 2 2 2 2
left_child=2 10 5 6 -5 -1 8 30 13 -10 -2 12 26 17 23 16 -16 39 -9 21 -21 29 28 24 38 51 -7 -24 40 33 -8 -27 36 -19 -32 58 -33 55 -15 56 -23 42 -42 47 45 -45 -46 -31 -26 61 -50 53 -53 54 -25 -36 -4 -55 -28 -38 -35 -48
right_child=1 -3 3 4 -6 11 7 18 9 -11 -12 -13 -14 14 15 -17 -18 19 -20 20 -22 22 27 25 48 31 35 -29 -30 43 34 32 -34 60 37 -37 59 -39 -40 -41 41 -43 -44 44 46 -47 49 -49 50 -51 -52 52 -54 57 -56 -57 -58 -59 -60 -61 -62 -63
leaf_value=-17.800056000660529 2.4766379888715568 88.826055453491833 -8.4405556286722625 23.690880329235117 2.8212177874771891 -0.0096783806605809288 3.347767925012191 -19.945046393566972 -0.36162908564955848 22.035785678715786 -19.170436782598589 1.4939303266770301 -16.438478461990552 -5.6431290102814318 -0.99630415318280097 23.587882565928314 10.649800494591291 -1.5417735431134392 -6.7903755616298715 -0.078050241230266756 -11.698606435743388 7.7145239937599221 2.8286003212838384 0.36037453732171132 -0.55632449750089841 0.067230199401993374 -9.2106852307229783 10.956708569811159 -6.2733953715607349 -1.8567243947308736 -7.5220844557863007 0.17209487396338841 7.4750746330481581 -2.1583464614892418 -1.6899491436417993 -14.861264533307207 2.6107840767777684 2.7744743034671711 -16.574439805858017 0.57711065801125871 8.1559784314773314 -6.0699265286605684 -1.464909914367696 1.0853631994648898 -3.2259025522882592 6.3583242908980644 -1.0927980709135836 -0.40571121190387149 6.7186358445244885 1.3977290124669439 0.24816364186516476 0.1876764540644659 -2.0166520519205737 4.4370225616603562 2.4163052100554605 -5.9815128358873348 -4.2702206386176522 1.3932160828709996 -2.6231135150370162 6.8189732342692455 -5.388068589351855 0.033035274827333608
leaf_weight=0.52021485450677607 0.20706273359246552 0.23088370496407151 0.54065638128668059 0.3118132958188653 0.6077057730872174 0.46799536910839401 0.5194681668654092 0.3090232831891625 0.53717734385281701 0.3226001460570842 0.25944368750788172 0.53152311802841601 0.32465259800665092 0.24153384077362972 0.63555916515178867 0.37034888705238689 0.62690437049604952 6.8939844910055381 0.31712407805025578 0.45355495321564276 0.3859893602784723 0.21578164515085518 0.84437304898165144 37.98328693350777 15.761249774135649 1.1145730975549657 0.26676969532854888 0.44000461441464722 0.35679946234449744 3.7825105031952253 0.52004876034334402 0.96691214013844806 1.1207351314369587 0.76507581397891078 0.90887152054346898 0.21715784631669488 0.58089102199301101 0.41860830853693198 0.15818452625535429 0.32514174329116929 0.23420031857676737 0.19848724640905857 0.2412345411721617 2.1942215096205469 0.68950745509937306 0.40973916300572444 4.1269642356782859 32.481952283997089 0.25610969658009708 3.5874837886076412 0.41246197209693569 13.988300901371987 2.3699286824557921 0.84509191359393332 2.4593473654240361 0.52724659978412092 0.96382770407944818 2.3676198101602486 0.25829552882350981 0.67166367289610207 1.6272679646499453 137.74802863667722
leaf_count=91 52 54 74 69 75 54 66 48 87 74 69 92 44 70 85 84 58 489 62 43 87 40 72 1057 2177 40 71 60 33 447 65 74 65 166 91 44 57 73 47 57 62 44 65 329 82 68 479 2114 55 83 99 451 59 59 69 90 156 152 52 62 118 11212
internal_value=0 23.011 -0.0501798 0.0194644 9.89822 -7.79748 -0.0122062 -3.98192 0.0371234 8.04218 -9.5622 -5.27933 -7.6249 0.012755 0.519583 9.05122 4.78683 -0.197922 -13.2826 -0.156798 -5.42072 -0.134346 2.76095 0.348231 -0.649461 0.608679 -5.26057 5.61314 -0.177896 -0.172058 -1.96979 3.30332 4.38315 -1.09135 -3.13298 -8.57143 2.82187 -1.90231 -9.96909 -4.64114 2.26659 0.522231 3.27436 -0.0635007 0.0492418 1.91508 0.0193679 -0.43665 -0.422725 0.0347508 2.72681 0.408657 -0.13168 0.611129 0.485397 -3.26552 -5.76889 2.19388 -5.97006 4.86736 -4.3552 0.000286206
internal_weight=0 0.69739 290.324 287.737 0.919519 2.58661 286.818 3.52039 283.297 0.859777 0.466506 2.06639 1.53487 282.437 82.9307 1.63281 1.26246 199.507 0.626147 197.677 0.839544 196.838 2.53088 81.2979 16.8295 64.4684 1.21022 1.28438 1.2465 194.307 2.89424 4.45478 3.3402 9.28633 2.37478 0.742223 2.21947 1.85473 0.399718 1.82963 0.889704 0.673922 0.475435 185.02 148.756 2.60396 146.152 36.2645 16.4298 145.462 0.668572 60.0136 16.3582 43.6553 40.4426 1.43612 1.50448 3.21271 0.525065 1.25255 2.39234 141.875
internal_count=22623 175 22448 22000 144 448 21856 495 21361 161 121 357 265 21200 4820 227 143 16380 110 16093 130 15963 376 4593 2448 2145 221 132 244 15587 385 298 258 773 319 167 193 254 117 287 211 171 127 14814 12253 397 11856 2561 2331 11774 154 1847 510 1337 1126 181 230 211 123 119 284 11691
cat_boundaries=0 23 24
cat_threshold=32 0 536870912 65536 0 0 2048 0 128 33554432 1075838976 8 335544320 0 16 100663300 16818176 136 65536 34824 0 8224 833 8672354
is_linear=0
shrinkage=0.05


Tree=25
num_leaves=63
num_cat=3
split_feature=56 70 9 55 66 70 60 0 78 70 58 66 66 57 56 70 10 67 0 52 3 48 70 58 51 85 51 50 3 70 67 89 10 67 48 70 60 3 10 14 67 56 57 35 8 49 83 66 51 66 42 72 66 60 18 66 12 48 51 50 8 57
split_gain=227771 613973 55815.1 39976.3 39068.8 78886.6 22333.1 18220.2 17007.6 16696.8 13849.3 13468.4 12799.1 16697.7 12610 8981.3 7011.4 6849.49 12213.8 8273.88 9941.13 7669.58 7338.97 10058.3 6404.09 5827.54 5635.91 10229.6 5581.87 15394 5571.09 5064.91 4832.24 4733.69 5454.83 4326.65 4444.96 4137.18 3596.87 3487.71 3646.52 4880.38 3274.31 3146.92 2884.41 3010.17 2752.11 2744.63 2621.33 2556.43 2533.18 2439.35 2390.05 2268.11 2207.69 2176.46 2136.08 2193.13 2099.94 2073 2029.72 2107.06
threshold=1658.2166168011756 1.7795951826963867 -6.0000000000000027 -341.55212953000381 1083.0100000000002 5.280036286664652 -26.936700431885914 0 1.0000000180025095e-35 0.72505317742073694 842.53745057222659 648.34333333333359 752.93666666666672 60.638959189056003 88.820711463843296 0.67063420859870948 -10.750000000000002 220.13000000000002 1 -352.39171687080085 2019.5000000000002 -226.30761615834311 4.8304719420510605 101.53971780583083 -158.99063680372839 1.0000000180025095e-35 -56.455804325421731 -238.54751717699864 2018.5000000000002 0.62719376946706773 828.54500000000019 1.0000000180025095e-35 -21.325317547305477 960.48000000000013 -157.78009328435311 1.0791346423461576 126.5326811226543 2020.5000000000002 -1.8660254037844382 -0.9330127018922193 661.43500000000006 233.5455536556581 -50.585445177979814 0.25000000000000017 2.5000000000000004 47.830836444545206 1.0000000180025095e-35 177.39166666666671 -198.68846690969841 472.44166666666678 1.0000000180025095e-35 2 146.17833333333337 260.08687261952542 -1.0000000180025095e-35 17.35166666666667 -0.5 -56.863199837141714 -167.52947684718774 -96.508673606200503 2.5000000000000004 2.5301673405557552
decision_type=2 2 2 2 2 2 2 9 2 2 2 2 2 2 2 2 2 2 9 2 2 2 2 2 2 2 2 2 2 2 2 2 2 2 2 2 2 2 2 2 2 2 2 2 2 2 2 2 2 2 2 9 2 2 2 2 2 2 2 2 2 2
left_child=3 2 -2 8 7 6 -6 15 9 -1 -8 17 -13 -14 -10 46 -17 21 30 20 -20 25 28 43 42 -9 47 -28 32 -30 38 -16 -21 34 -26 54 52 -25 49 -34 41 53 -18 -24 -36 -46 50 -23 -40 -19 -5 -29 -37 -41 -31 56 -53 -58 -54 -43 61 -57
right_child=1 -3 -4 4 5 -7 10 11 14 -11 -12 12 13 -15 31 16 24 18 19 22 -22 26 23 37 33 -27 27 51 29 35 -32 -33 39 -35 44 36 -38 -39 48 40 -42 59 -44 -45 45 -47 -48 -49 -50 -51 -52 55 58 -55 -56 60 57 -59 -60 -61 -62 -63
leaf_value=-8.6571161237412699 15.825321568087842 103.60913333471558 -16.634741442521541 -5.521602688594113 -6.2997021685449992 24.511998898465166 1.1301456215903276 -6.8962173006404264 -5.5696701258089059 2.8574230726875682 14.028289431178184 11.348874595602291 6.0595432374611056 -6.8665893010039145 -10.940565863432711 0.90716660337419064 -3.1235639290668424 -0.75220942927763201 14.097436084834735 7.8215618035906536 1.4814662893258108 -0.86614347171674 0.56447282377548735 10.12131080685027 -7.2120347615867963 0.48997743641581137 5.0747721871822655 -0.47585248246629103 -7.1773361985946655 0.78050810808825055 -6.5058535269722855 -19.893027254894587 -3.5594486128461966 -8.7736859503769828 -4.9662534616228946 -1.2818129791271877 4.0110234992365061 4.384601140944099 -5.3671534730769697 1.2755057960477509 -3.7252420717699906 10.323579578904962 1.2549299969393657 3.2481173292768384 -2.0648674582758519 3.8279300470353399 -2.7567285270770125 -5.0144488331617518 -1.6902137672333735 2.8426220432731624 -9.8423356419088552 0.61952762861605626 -1.4123381201684124 5.9043323631131335 -2.1473589279178906 0.78638241609257076 -1.5955668822288893 -0.080132925827078094 1.5810695215715846 4.4903340017751487 -0.014994478186091682 -0.088699492678321487
leaf_weight=0.55191770102828652 0.27201236854307353 0.19591346639208496 0.25808150786906381 1.9075597126502533 0.58662044117227186 0.4856015343684702 0.51521668978966673 0.71836028597317525 0.71214712737128139 0.73291362496092916 0.34916434087790549 0.49011401692405243 0.73233836516737916 0.37920588767156005 0.32668270007707179 1.4519378605764357 0.75755742215551436 1.8185865755658599 0.2863963800482513 0.36992733972147096 0.34334266791120172 14.846395588945594 2.3571917871013275 0.54930200474336721 0.71777383307926368 0.42505490803159773 0.99434433574788172 15.006122649181632 0.65553668607026239 1.0534031852148475 0.55411692871712137 0.30595238599926233 0.27735449327155937 0.52756373235024501 0.56120626605115886 1.1535213531460611 1.2740062300581483 0.73455279460176826 0.55163305182941247 2.5867210631258826 0.23939886619336892 0.22943816846236587 0.97848738566972293 2.0358515644911677 0.87175520579330601 0.2884125062264502 0.72284040832892049 0.40973700070753771 3.9958416312001646 0.67928599845617998 0.41260274173691858 10.92399949301034 0.66616682265885607 0.29480597050860513 1.6559406116139124 25.396098540863022 2.4280947046354404 142.56058980920352 4.8618519366718784 0.45305680925957847 29.364681939827278 9.4343254405539465
leaf_count=80 61 53 66 281 83 83 79 141 151 89 43 52 89 60 56 171 105 175 61 66 49 1929 166 85 69 72 38 964 90 127 58 78 57 77 36 71 115 32 52 561 54 54 114 27 142 45 83 20 324 93 44 108 63 63 182 447 237 7417 436 104 5476 331
internal_value=0 27.9749 0.0218151 -0.0650718 -0.010347 7.06804 1.23013 -0.0571346 -6.20266 -2.08881 6.34032 0.0441018 4.61773 1.64976 -10.1331 -1.54685 -2.13002 0.0197051 0.738256 1.08068 7.21903 -0.0647462 1.40432 2.94591 -3.06772 -4.15046 -0.0461609 0.0140211 0.849413 0.259604 -0.724825 -15.2701 2.3496 -4.47917 -3.55031 0.716729 1.30444 6.83907 -1.29895 1.85356 2.24829 2.64954 -0.655712 1.80814 -2.02346 -0.599944 -5.45068 -0.977555 -2.13625 0.22539 -6.28997 -0.00738184 0.788362 1.74908 -1.00899 0.0441691 -0.0547118 -0.105512 1.22034 6.45133 0.291205 0.549354
internal_weight=0 0.726007 0.530094 297.551 294.921 1.9366 1.451 292.984 2.62961 1.28483 0.864381 283.787 1.60166 1.11154 1.34478 9.1977 6.15469 282.185 29.6772 22.0778 0.629739 252.508 21.448 5.6769 4.70276 1.14342 251.364 236.108 15.7711 11.3204 7.59946 0.632635 4.4507 2.96671 2.43915 10.6649 7.95555 1.28385 7.04535 4.08078 3.80342 3.56402 1.73604 4.39304 1.72137 1.16017 3.043 15.2561 4.54747 2.49787 2.32016 235.114 6.68154 2.88153 2.70934 220.108 155.913 144.989 5.52802 0.682495 64.1951 34.8304
internal_count=22635 180 127 22455 22001 288 205 21713 454 169 122 20546 201 149 285 1167 759 20345 3165 2463 110 17180 2353 310 588 213 16967 15018 2043 1084 702 134 959 369 292 994 685 117 644 893 836 782 219 193 223 187 408 1949 376 268 325 14980 570 624 309 14016 7762 7654 499 158 6254 778
cat_boundaries=0 21 42 65
cat_threshold=524290 524544 1342177280 32 16432 0 4 0 2147483648 1056 0 0 0 0 2147483648 256 33555344 134348800 335544450 65541 16 32828 0 0 0 0 0 1 0 1 268959837 0 0 0 524288 0 67108944 12584000 21004297 0 67108864 524 4 2148007936 58736640 256 0 8388608 0 0 128 33554432 1074790401 8 16384 0 0 0 16777216 288 136314880 2944 1088 2147483652 512
is_linear=0
shrinkage=0.05


Tree=26
num_leaves=63
num_cat=2
split_feature=67 1 55 50 67 50 33 58 58 54 59 70 0 64 10 3 67 55 52 58 52 70 3 64 56 67 51 0 49 70 55 55 55 70 33 63 48 67 57 67 10 10 19 47 3 53 58 40 54 36 10 5 10 1 47 8 8 58 41 47 3 27
split_gain=98963.6 275420 49313 18162.3 25354.9 24323.1 22632.8 18851.9 14068.4 13513.6 13078.8 12766 11240.3 12621.4 28473.1 25841.5 30825.2 11189.8 8952.82 8008.53 7904.82 7948.73 6976.31 9579.63 6721.29 6413.67 11200 7116.71 6122.25 5798.72 5626.43 6125.08 5443.7 4787.6 4725.71 4463.66 4379.27 4268.36 3877.43 3744.47 3674.7 4032.08 3586.85 3554.05 3156.86 2770.8 3886.96 3686.84 2997.81 2557.19 2506.66 2365.34 2089.29 2085.3 1837.76 2511.51 1819.9 1868.54 1727.58 1893.06 1610.04 3156.62
threshold=2348.7500000000005 10.500000000000002 -253.6660470022023 -459.53527056047687 898.23500000000013 -209.3652151315994 -0.93301270189221919 736.91335734434756 1613.888945611425 291.03733070188275 3.1405257572834135 1.0414408925613543 0 1003.6600000000002 15.294228634059946 2018.5000000000002 477.84000000000009 94.555772555761266 -36.610165265731773 201.96278687549665 654.06731541712247 1.4452221212687395 2018.5000000000002 709.68500000000006 363.49777632944546 223.02500000000003 -284.86894262758136 1 -328.80412030206696 3.3902073236402805 279.83373407705403 -1.3928301525770082 10.545538442544506 1.5858994373929922 1.0000000180025095e-35 1305.9658333333334 -60.286568879933164 641.2700000000001 5.5631165455963485 483.7050000000001 -5.0000000000000009 8.8301270189221963 0.68301270189221941 -186.20884057579764 2020.5000000000002 156.92788803547137 271.88077645319635 -1.0000000180025095e-35 199.38066526519796 0.25000000000000022 -11.500000000000002 -0.5 -1.1940306291686691e-15 6.5000000000000009 -15.598528622619368 2.5000000000000004 5.5000000000000009 136.7113944352275 -0.6830127018922193 -186.20884057579764 2019.5000000000002 -0.6830127018922193
decision_type=2 2 2 2 2 2 2 2 2 2 2 2 9 2 2 2 2 2 2 2 2 2 2 2 2 2 2 9 2 2 2 2 2 2 2 2 2 2 2 2 2 2 2 2 2 2 2 2 2 2 2 2 2 2 2 2 2 2 2 2 2 2
left_child=2 -2 8 9 12 10 -7 17 20 -4 -6 -9 19 25 15 16 30 34 -19 44 21 24 23 -11 39 26 28 43 -14 37 31 -15 49 42 40 -10 58 45 -34 -1 -8 -42 -21 -27 -5 46 47 56 -47 50 -31 54 -45 -39 55 -38 57 -29 -28 -60 61 -49
right_child=1 -3 3 4 5 6 7 11 35 22 -12 -13 13 14 -16 -17 -18 18 -20 33 -22 -23 -24 -25 -26 27 36 29 -30 32 -32 -33 38 -35 -36 -37 51 53 -40 -41 41 -43 -44 52 -46 48 -48 60 -50 -51 -52 -53 -54 -55 -56 -57 -58 -59 59 -61 -62 -63
leaf_value=-4.600866508238191 -1.8394883322778999 52.157120283945567 3.6307256558379133 -3.1118598583881374 4.1906867041758327 11.740960515971281 1.9935477918683209 -13.253144857292851 -8.9073507906257952 -10.337175653900511 15.428985415814331 1.1941754643075437 -12.02870667176647 0.61705399726493271 -9.8048296151669536 -0.30129038073815118 21.655173500519904 13.588244744770632 2.3275899411421594 -5.2857656303123957 -10.8336372848224 1.8893448381196774 -11.588702180020253 4.4047441887310645 -10.871646948353154 -4.9171815945736723 1.1081821630396644 2.386651784314993 -2.9678203761287265 2.7418466783864268 -1.169794144634873 11.961217505123273 6.4545099684535048 -0.065355924832664461 3.56574064926212 -18.845771883028345 0.91511213313126349 1.7901423085484347 1.9126678880464902 1.3605691967035893 -7.0149308857657875 -0.10950627996014382 -0.13653573893896229 0.21938256792888972 -0.63525937989788928 0.20590039301354301 -2.2930745894265772 5.7045511872421226 5.706736703853819 2.7484845566890552 -1.6751468620244994 -0.084295219389367418 -1.5765989247813135 6.538418223403264 0.085219624681363723 -0.30633398159685354 0.57787874581358634 6.6659582237121926 -3.8469874720322603 -0.961842654434097 -0.058877099442133797 0.7270575726073325
leaf_weight=1.7734681912697863 0.75977450772188493 0.34266891190782189 0.30451184790581365 1.612522424897177 0.47094006137922384 0.4954196072649214 0.46778663690201983 0.38093324867077161 0.22283654543571163 0.23570076399482764 0.5749455732293427 0.25543576059862971 0.26287150965072215 0.18738513835705861 0.34280850715003897 0.98304575169458974 0.41479878057725728 0.32632035878486931 0.38448477955535043 2.8855322231538603 0.43871129862964142 0.53298936109058548 0.64775789948180318 0.20696386275812984 0.38946997164748598 0.58683378621935833 0.94778662128373881 0.58498091320507295 0.64107460947707195 0.51627938612364255 0.26327295158989727 0.32599511812440984 1.3781303295399996 0.67797843576408912 0.68282081722281862 0.22916667070239782 17.758998071774844 0.44831492984667498 0.71305368584580708 0.30935504869557906 0.41879625828005307 0.42684719804674387 0.38309659529477347 2.6930041974410415 6.36846590670757 0.44931051158346302 1.1262118204031129 0.37059167376719537 0.55191338714212179 2.1973016737028956 0.85009127226658077 162.19356313510798 4.0616081058979034 0.47750993212684989 48.529618293046951 5.5155584788881233 0.49896212085150171 0.45234388764947653 0.60002358350902696 10.839318372542037 5.9190530143678188 2.2670520413666955
leaf_count=316 93 69 46 290 96 66 54 60 53 60 79 43 59 49 65 64 77 77 52 387 78 96 94 56 58 75 146 78 82 38 71 93 110 75 62 67 236 49 46 32 56 54 75 317 142 80 102 64 64 25 94 10193 371 60 3520 1093 103 52 64 1301 491 463
internal_value=0 14.9441 -0.0641922 0.00982371 0.0369436 3.60907 1.76745 0.289602 -5.65255 -5.68194 10.3686 -7.45405 -0.0236689 0.061545 3.58801 5.69939 10.6504 2.10996 7.49719 -1.11332 -4.56406 -3.64883 -8.2826 -3.44472 -4.84278 0.0313299 -0.0474056 0.776109 -5.60277 1.00648 4.77298 7.82057 2.88067 -3.88913 0.191733 -13.9462 -0.0270239 0.965902 4.90583 -3.71543 -1.56233 -3.52935 -4.68225 -0.50159 -1.13565 0.71792 0.493007 0.803888 3.23817 1.69229 -0.00619803 0.0214763 -0.860557 4.23915 0.260396 0.625656 3.05919 4.25272 -0.943211 -1.11318 0.398967 1.4264
internal_weight=0 1.10244 298.052 294.156 292.761 4.88473 3.83884 3.34343 3.896 1.39493 1.04589 0.636369 287.876 275.949 2.51731 2.1745 1.19145 2.70706 0.710805 11.9276 3.44399 3.00528 1.09042 0.442665 2.47229 273.431 247.289 26.1425 0.903946 18.8011 0.776653 0.51338 5.65486 3.94661 1.99625 0.452003 246.385 13.1462 2.09118 2.08282 1.31343 0.845643 3.26863 7.34145 7.98099 12.2204 11.2192 10.093 1.00122 3.56367 1.36637 233.998 6.75461 0.925825 71.8042 23.2746 1.53629 1.03732 12.3871 11.4393 8.5567 2.63764
internal_count=22581 162 22419 21719 21463 699 524 458 700 256 175 103 20764 19795 419 354 290 355 129 969 580 502 210 116 406 19376 16694 2682 141 1919 213 142 313 537 226 120 16553 1606 156 348 164 110 462 763 432 1497 1353 1251 144 157 132 15042 688 109 4849 1329 233 130 1511 1365 1018 527
cat_boundaries=0 20 41
cat_threshold=2 0 1879055360 34 25616 0 133 0 0 268436513 0 0 1 0 0 192 640 16777356 2 1 33852 256 0 0 0 0 0 0 2147483649 1056860 1024 0 0 537395200 0 67108864 8388880 138444801 138412032 65536 576
is_linear=0
shrinkage=0.05


Tree=27
num_leaves=63
num_cat=4
split_feature=67 56 66 53 50 10 6 60 52 63 0 67 87 60 47 47 5 64 45 67 67 38 8 50 64 13 66 70 53 8 50 72 67 65 70 50 66 54 53 66 0 50 70 71 55 10 72 5 66 63 59 58 8 71 70 53 64 10 66 50 54 64
split_gain=154575 381728 31371.1 62104.8 20751.5 19918.8 19617.6 22998.1 20139.3 16223.9 13954.6 13933 13316.7 15157.9 12868.1 11500.8 9158.5 8154.9 16607.4 17148.8 8116.01 7759.98 6104.23 5869.06 6029.32 6819.52 5249.94 10999.7 5123.86 4751.25 4287 3986.41 6535.6 4137.05 3764.27 3359.18 2960.22 3202.77 2889.93 2794.27 2717.2 2685.24 2672.34 3687.94 2559.93 2460.02 2450.11 2378.27 2351.91 4456.51 2280.76 2135.39 2078.64 2011.46 1762.54 2271.14 1946.83 1756.57 1960.69 1723.32 1795.57 1688.68
threshold=2625.9500000000003 993.77272835142014 857.41166666666675 -485.79698822547965 -459.53527056047687 16.727241335952172 1.0000000180025095e-35 -377.33980541445123 -259.61027193878323 1218.6062500000003 0 898.23500000000013 1.0000000180025095e-35 -13.027549541969394 -136.74975743078497 498.60993117261683 1.0000000180025095e-35 946.69500000000005 -0.6830127018922193 588.75000000000011 1735.2800000000002 -1.0000000180025095e-35 6.5000000000000009 -350.38339775414482 1119.2500000000002 -1.0000000180025095e-35 506.84166666666675 1.9710988359952473 -199.88477764231405 4.5000000000000009 -253.48217402233112 1 220.13000000000002 16.030000000000005 0.33787621988499611 -253.48217402233112 589.25166666666678 95.152905113367794 -135.88806974172775 221.51666666666668 2 -238.54751717699864 1.216467746663608 22.20730566247742 -34.231927892659179 1.5001923289555077e-15 3 -0.5 214.03666666666672 154.58571428571432 2.8273863402545207 201.96278687549665 8.5000000000000018 -31.087387862920426 1.2401395304310368 44.675638558862744 242.51250000000002 4.7500000000000018 39.510000000000005 -46.956149693069015 22.08233400519234 180.97000000000003
decision_type=2 2 2 2 2 2 2 2 2 2 9 2 2 2 2 2 2 2 2 2 2 2 2 2 2 2 2 2 2 2 2 9 2 2 2 2 2 2 2 2 9 2 2 2 2 2 9 2 2 2 2 2 2 2 2 2 2 2 2 2 2 2
left_child=2 -2 3 9 15 6 8 -8 -4 39 30 17 16 -14 -10 21 -13 26 -19 23 -9 -5 45 -20 44 29 28 -28 50 -26 -6 35 41 -34 -11 -30 37 38 -32 -1 47 -33 43 52 -25 -23 -43 -35 -40 -50 -12 -44 -42 -52 56 -56 -37 58 59 60 -48 -59
right_child=1 -3 5 4 10 -7 7 20 14 34 11 12 13 -15 -16 -17 -18 18 19 -21 -22 22 -24 24 25 -27 27 -29 31 -31 36 32 33 40 -36 54 -38 -39 48 -41 42 46 51 -45 -46 -47 57 -49 49 -51 53 -53 -54 -55 55 -57 -58 61 -60 -61 -62 -63
leaf_value=-8.4174325007293991 -6.4825640425819788 64.193310433992636 20.49412915685205 3.6175107085697138 -4.8825729063827339 -6.130173197527137 -10.311881304428049 2.1638291614665293 0.91846175390447271 -21.286660399369183 -4.2130618021185091 5.6805031180574268 1.8039923593635157 15.717707450968101 12.713894309894323 -13.350621916849594 -2.2629380964419243 12.994225913671201 7.1410498225286236 -8.0830061246477474 11.724160044005142 -5.7514025398121049 -10.929823628087489 2.3903076943121735 6.6914278979608994 -7.179962889996375 0.75497736610637367 9.8711896657942422 -4.8278410090389974 -2.9404104317023876 -3.7249279374838795 2.9174905383280052 2.7365377828176887 1.0916229923688916 -12.890063288364704 -0.83587769361977038 1.2934753267819725 -4.4563215001350249 -1.8197339883041914 -1.5403741270211522 0.3238897912145583 -0.4586217430108156 1.6428437854468365 3.9202873536350809 8.8090604832557613 0.074413178949285841 0.93038012919071722 -1.5005402959612741 -1.9062117620474581 5.4192822821572335 1.6481336023780147 4.2873547135382335 -3.3182161314696041 -2.7524500885136973 -0.67680806263302828 2.0113914894762424 -2.5288499344158364 -0.10858287434096013 0.5884437768577383 0.0065923435276757508 -0.82655864100934595 -1.1898718772669425
leaf_weight=0.44774739304557332 0.4733464193996032 0.320353350834921 0.38744942960329354 0.30643349536694575 1.8275884049944577 0.3445474503096192 0.28523604874499175 0.56573011446744148 0.45475642872042954 0.31750024552457035 0.99707968113943879 0.63994351099245184 0.36679058708250534 0.4197597636375574 0.47038934333249904 0.3678248815704136 0.8380846013315022 0.34413283690810237 0.63044092291966158 0.4092104835435747 0.36535721621476114 0.35964924586005398 0.34080518549308181 0.37987953191623092 0.2704906486906119 0.31853374675847512 1.7820889682043337 0.40634790249168862 0.56667058821767469 0.24310969561338425 1.5540851934347291 0.78102587349712749 2.7131252053659436 1.1150433919392524 0.2302982285618782 5.3071618818212283 0.56568425591103721 1.5715562726836649 3.1064613834023471 0.2204233524389565 4.2667020426597464 18.10003180266358 6.338825742714107 0.68352320021949697 0.26278983149677404 0.36520446906797588 9.3857947427313757 4.2864929721690714 0.49889250914566208 0.35560084995813668 0.4513046545907855 0.86786873429082323 0.43136001774109889 0.6115601062774656 4.465167282614857 0.9534864299930631 2.4971233839169145 67.393007501494139 20.579686208860949 117.58124486845918 1.7208396019414056 3.8152063202578566
leaf_count=116 61 76 61 37 338 56 50 88 52 78 126 71 76 98 53 88 75 71 23 61 56 48 86 28 59 76 219 41 34 62 180 76 89 102 48 341 93 198 162 38 571 1330 577 92 76 56 348 280 101 59 41 65 124 84 335 68 362 4388 2136 7161 207 387
internal_value=0 22.0437 -0.051076 -0.101606 -0.0550366 5.14806 6.68465 2.10991 10.9239 -11.3782 -0.0226737 0.0648797 3.97337 9.22935 6.91584 -5.49935 1.17634 0.0356855 2.69263 1.28274 5.91529 -3.39462 -5.41097 3.10322 1.37715 -1.43238 0.00837452 2.44767 -0.0109733 2.13225 -1.31729 0.00771445 0.0618515 0.916512 -17.7567 -0.613335 -2.18724 -2.46508 -1.89766 -6.14875 0.642025 -0.00948741 0.742189 0.488741 5.01496 -2.81617 -0.0190695 -0.338593 -1.18073 1.14232 -2.49533 1.96131 -0.0105159 -0.883911 -0.896564 -0.203782 -1.37758 0.0361764 0.135295 0.0628273 0.658164 -0.166516
internal_weight=0 0.7937 298.53 295.657 294.441 2.87347 2.52892 1.21632 1.3126 1.21597 292.701 283.221 2.26458 0.78655 0.925146 1.73992 1.47803 280.956 2.85859 2.51445 0.931087 1.37209 1.06566 2.10524 1.4748 0.832134 278.098 2.18844 275.909 0.5136 9.47987 273.849 260.06 20.7029 0.547798 13.7896 7.65228 7.0866 5.51504 0.668171 17.9898 239.357 12.5883 5.38159 0.642669 0.724854 238.576 5.40154 3.96095 0.854493 2.05994 7.20669 4.69806 1.06286 13.2229 5.41865 7.80429 220.476 149.268 128.688 11.1066 71.2082
internal_count=22639 137 22502 22086 21806 416 360 194 166 280 21491 20360 320 174 105 315 146 20040 456 385 144 227 190 324 301 197 19584 260 19324 121 1131 19073 17933 1900 126 1140 793 700 502 154 1811 16033 1429 787 104 104 15957 382 322 160 251 642 695 125 1106 403 703 14627 9852 7716 555 4775
cat_boundaries=0 22 45 66 89
cat_threshold=2 256 1879049220 32 24624 0 132 0 0 16384 0 0 0 0 0 8192 8389504 131205 2 65537 0 270532608 32 2148012032 2147483648 262144 0 0 6144 0 128 0 268435456 8 67207168 256 0 58720258 8388608 2 1075838976 67125632 131136 8192 32 2147517472 0 0 0 0 8192 0 0 131073 3222544453 0 0 0 524288 0 67108864 1088 16809992 536870912 67108864 576 0 0 302535680 0 262144 0 0 0 64 0 1076887552 0 540672 0 131072 32 0 288 402722816 33556992 1280 2147485700 1792
is_linear=0
shrinkage=0.05


Tree=28
num_leaves=63
num_cat=2
split_feature=67 71 58 33 70 67 42 55 48 51 49 3 51 15 66 3 50 70 0 66 66 3 59 51 49 67 63 70 3 15 47 46 49 13 0 70 23 23 56 45 9 51 70 8 58 48 3 50 50 48 63 70 54 67 64 63 5 82 56 63 58 60
split_gain=135561 433257 33184.7 48990 34312.4 26579.7 22036.9 19549 18040.7 12375.4 11902.2 11842.7 14763.7 10793.7 11705.6 8306.6 7586.88 6930.9 6372.52 8460.48 6171.36 5991.69 5703.26 5338.49 5158.74 4455.48 7637.85 5549.58 9536.12 11424.6 5066.86 4407.1 4131.68 3900.11 3657.91 3611.8 3469.02 3149.27 3218.33 3863.99 3599.87 3144.98 2991.43 2823.69 4283.93 3850.95 2797.37 3309.42 2789.75 2662.07 3081.14 2623.92 2804.75 2479.78 5068.16 2389.27 2288.92 2645.17 2043.97 2033.57 1986.13 1972.93
threshold=2625.9500000000003 46.043872757781799 736.91335734434756 -0.6830127018922193 1.7284075562909287 898.23500000000013 1.0000000180025095e-35 20.657929685758393 -259.86403657735667 -464.42409055470665 435.07429480954949 2019.5000000000002 -44.709491071793941 0.68301270189221941 857.41166666666675 2019.5000000000002 89.838286174336673 0.64986139139299914 0 506.84166666666675 272.36500000000007 2016.5000000000002 550.09948181447805 -72.257611439729843 41.229456465325363 220.13000000000002 1056.4887500000002 1.3212002782101815 2016.5000000000002 1.0000000180025095e-35 -211.29164755644246 -1.0000000180025095e-35 -200.23832564135103 -0.93301270189221919 1 1.5652837177122072 -1.0000000180025095e-35 0.25000000000000017 111.83568422098999 -1.0000000180025095e-35 8.8301270189221963 556.11620451193812 2.4955102593438538 4.5000000000000009 213.00416521615441 223.27855804191492 2018.5000000000002 -45.610436829061662 -350.38339775414482 -447.55719140851403 1576.4354166666672 1.0314697004644442 183.67041133267449 1048.0850000000003 722.69500000000005 431.79583333333341 0.6830127018922193 1.0000000180025095e-35 217.20694500277531 126.70833333333336 235.5377830671608 16.785635173926991
decision_type=2 2 2 2 2 2 2 2 2 2 2 2 2 2 2 2 2 2 9 2 2 2 2 2 2 2 2 2 2 2 2 2 2 2 9 2 2 2 2 2 2 2 2 2 2 2 2 2 2 2 2 2 2 2 2 2 2 2 2 2 2 2
left_child=2 -2 5 -4 6 8 10 11 21 -8 16 24 -13 14 23 -16 17 20 51 25 49 32 35 -9 53 26 30 28 29 31 -20 -27 -1 -30 59 58 -35 38 46 -40 60 -36 -21 45 -45 56 -29 -48 -28 -5 -51 55 61 -7 -55 -10 57 -38 -23 -32 -41 -53
right_child=1 -3 3 4 -6 7 9 13 18 -11 -12 12 -14 -15 15 -17 -18 -19 19 42 -22 22 -24 -25 -26 27 48 37 33 -31 34 -33 -34 36 41 -37 43 -39 39 40 -42 -43 -44 44 -46 -47 47 -49 -50 50 -52 52 -54 54 -56 -57 -58 -59 -60 -61 -62 -63
leaf_value=-2.8964894919522695 -19.53216061159694 51.120840110295632 12.388549315438967 -8.1813993530901463 10.632523185272053 -1.1973319892555414 -22.293441280885482 5.6094782027095613 -1.8278633061640612 -9.2609094243563721 1.570071672840734 -0.23145732330995439 9.4184907622131764 15.671519537241657 4.4517164694635154 14.430518024768242 -12.280483674983572 0.41452799724663464 -3.9375498217683096 2.400643748655952 -13.907713852530627 -3.0106601658175216 -9.2783117114870635 -2.7306308967362103 3.2885386311216034 7.3825053849176516 6.870055791945493 -1.7389053707596493 -4.0022981333517667 12.723326823077267 -0.70375934771475424 0.26421186642724587 5.8345298476651237 -4.4336480220927212 0.0095623645638325469 0.7915453200048197 -0.35150633441563528 2.8260009264188577 5.889387856203073 1.0959822198519524 3.6807094958258868 1.3651989896229519 7.3106611101359578 -0.55409547924551017 -5.6718423309909927 4.4049271207890843 2.0990456296096784 -0.267883645551525 1.4870001529650512 -5.6918061354623068 1.4774349849470036 -1.3451457088811749 -3.6901349450703251 -3.4438481568240826 -13.891118944954322 -4.2936477468849787 -1.9707283201945385 2.8724147541750646 -5.9596046853271867 -2.0723150497967744 -2.5817313155701491 0.91854932853957605
leaf_weight=0.26800033659674227 0.39152753283269603 0.48671906534582376 0.3951781301293521 0.52957876911386925 0.28493752935901273 0.20413908222690169 0.33053961396217346 0.38131577079184353 2.6003390545956773 0.4057657227385788 0.50249800295568992 1.0500819501467047 0.63666925695724774 0.34106865990906943 0.3786412391345948 0.46424534171819687 0.51353387488052238 0.40027566556818772 0.83036923105828364 1.2176920883357514 0.2654206953011452 1.646192706655712 0.46646753721870471 0.38621010258793809 0.20185331371612847 0.26217455556616176 0.52616375708021224 1.3067973873112331 0.88984039635397394 0.26482075103558589 8.6255172651726735 1.2743750626686985 0.27406418137252231 0.52457327907904883 227.3931330058258 0.45052833668887604 1.8856418202631182 2.8650800806935868 0.58857195870950851 1.3782726540230217 1.137227293802425 4.3603363016154608 0.41624651360325504 2.2469811132177715 0.49987485422752787 0.56612144410610188 2.7241570849437258 3.225239123450593 0.44360109581611951 0.48774090851657081 0.21634085429832339 2.6847117659635842 0.84596903715282668 0.2796791885048151 0.19846447044983506 1.5789450812153516 1.0761752673424778 0.96025020210072387 0.91375949629582454 3.9608690671157083 0.50038433098234225 1.500492062885314
leaf_count=82 39 96 56 133 77 50 61 48 242 65 90 86 50 80 74 43 94 50 106 187 62 199 47 64 52 55 9 291 104 73 518 312 75 38 15248 55 143 71 66 154 97 44 47 440 98 66 202 196 108 112 60 231 47 84 42 236 93 100 97 624 31 107
internal_value=0 19.6233 -0.049969 -4.39389 -6.07859 0.014984 -7.38254 3.81815 -0.0453264 -15.1114 -5.43054 0.95404 3.41094 7.59134 5.88004 9.94784 -6.88846 -5.43061 0.00222022 0.0621085 -6.99134 -3.37158 -4.13385 1.41283 -3.73323 0.0427101 -0.0209089 0.690411 -0.17774 3.13184 -0.0384261 1.47877 1.51786 -0.867007 -0.0251752 -3.33673 -0.507464 1.35143 0.962427 2.18364 1.46044 0.0336175 3.65147 -0.222798 -1.48543 0.549954 0.355799 0.815905 4.40768 -5.50329 -3.48894 -0.879068 -1.06432 -5.81062 -7.78023 -2.75944 -0.00648313 0.736297 -4.06327 -0.632171 0.116415 -0.533559
internal_weight=0 0.878247 294.034 4.33181 3.93663 289.702 3.65169 4.52237 285.18 0.736305 2.91539 2.57089 1.68675 1.95148 1.61041 0.842887 2.41289 1.89936 281.161 271.95 1.49908 4.01901 3.47695 0.767526 0.884136 270.317 246.14 24.1766 10.4508 1.80137 245.17 1.53655 0.542065 8.64946 244.34 3.01048 7.75962 13.7257 10.8606 3.60446 3.01588 231.753 1.63394 7.23504 2.74686 4.48819 7.25619 5.9494 0.969765 1.23366 0.704082 9.21046 5.03117 0.682283 0.478144 4.17928 3.92207 2.84589 2.55995 12.5864 1.87866 4.1852
internal_count=22607 135 22472 860 804 21612 727 673 20939 126 601 364 136 309 229 117 511 417 20384 19521 367 555 398 112 228 19287 16657 2630 1522 440 16540 367 157 1082 16434 351 978 1108 1037 348 282 15292 234 940 538 402 689 398 117 305 172 863 385 176 126 478 336 243 296 1142 185 338
cat_boundaries=0 22 44
cat_threshold=2148040722 0 536872960 1186 98304 8192 1 0 2147483648 268436484 0 0 0 0 0 83886080 1936 134217856 0 131073 0 2097152 0 0 4 525121 5136 8 262330 0 262144 16384 264192 2097152 1 0 3 301989888 262148 2 0 16 128 134217728
is_linear=0
shrinkage=0.05


Tree=29
num_leaves=63
num_cat=2
split_feature=56 1 50 60 64 67 0 67 52 67 91 67 1 48 34 64 8 59 33 50 67 58 47 64 48 56 71 38 58 54 56 70 50 0 67 64 4 66 15 71 56 70 60 66 48 48 51 53 60 51 18 9 60 51 70 47 34 66 66 63 70 70
split_gain=152592 505009 40301 41878 21866.5 23593.4 20117.3 84000.2 42269.5 35363 28908.9 18875.1 15815.3 11531.4 11278.7 8182.71 29593.4 7917.35 7229.32 6858.7 6567.28 4761.78 4604.92 5685.97 5306.27 4671.62 4401.38 4367.26 6040.55 3450.16 6007.77 3263.77 3218.71 3121.51 6761.18 4295.97 3233.9 3227.63 3094.09 5875.59 3627.28 3758.45 4357.06 3141.24 3514.63 3020.72 2684.3 2701.55 2424.39 2377.6 2249.67 2746.83 2131.69 2130.73 2090.5 2152.94 2071.89 2002.86 1940.21 2557.6 1804.38 1770.04
threshold=1658.2166168011756 10.500000000000002 -572.48230864936056 1012.3032294823915 1536.7300000000002 1735.2800000000002 0 845.37000000000012 -126.46332508523678 1222.4000000000003 1.5000000000000002 649.85500000000013 8.5000000000000018 -259.86403657735667 -1.0000000180025095e-35 1075.6125000000002 3.5000000000000004 12.248710478274633 0.25000000000000033 -1081.898704910968 588.75000000000011 587.44113398227216 498.60993117261683 946.69500000000005 381.49349924592366 75.26692371701543 -23.752550844839373 1.0000000180025095e-35 240.39109968439871 247.34083689649825 552.00154758109454 2.3920485557714564 -127.41810932999066 1 223.02500000000003 313.23250000000007 0.93301270189221952 251.8933333333334 1.0000000180025095e-35 14.669872733697996 124.42494573886405 2.6156554300014716 -15.052369509766176 506.84166666666675 -110.70891520646225 -73.69285738566596 -76.753813451826844 -119.43815208702129 24.536866132098904 -6.1819893469877085 9.1848509936051497e-17 3.4820508075688776 -3.8590639948727943 -284.86894262758136 0.33787621988499611 26.9688190405192 1.0000000180025095e-35 207.98666666666671 177.39166666666671 630.16166666666675 1.3083301481574541 0.28826141863385596
decision_type=2 2 2 2 2 2 9 2 2 2 2 2 2 2 2 2 2 2 2 2 2 2 2 2 2 2 2 2 2 2 2 2 2 9 2 2 2 2 2 2 2 2 2 2 2 2 2 2 2 2 2 2 2 2 2 2 2 2 2 2 2 2
left_child=2 12 4 6 5 18 10 13 9 -9 15 -5 -2 29 -10 21 -17 -16 19 -1 22 38 23 26 25 -25 -15 28 31 30 57 60 -27 -28 46 37 48 45 40 56 -4 43 -43 -42 -45 -36 53 -48 58 -46 51 -47 -53 -35 55 -34 -40 -8 -37 -60 -22 -21
right_child=1 -3 3 11 -6 -7 7 8 14 -11 -12 -13 -14 20 17 16 -18 -19 -20 61 27 -23 -24 24 -26 32 33 -29 -30 -31 -32 -33 54 34 35 36 -38 -39 39 -41 41 42 -44 44 49 50 47 -49 -50 -51 -52 52 -54 -55 -56 -57 -58 -59 59 -61 -62 -63
leaf_value=-16.941577290715969 -15.193639868468754 86.661313643060794 -1.4927009572646905 3.5944172437488335 -18.544486522326114 8.0774838676627141 -3.6907631856323015 5.5346896545546178 9.7273464785944483 27.550194065130132 -13.183466821975816 20.334969643128002 3.6816928728682741 -1.6766890512408867 5.7987803533373139 2.2547523279915871 -15.992126771094252 -1.0067969452287524 -1.0037978165878569 -9.371795500315562 3.122735506517258 3.4977062311948099 -2.9417095151933079 0.26037969124532717 -2.8608909180550519 9.3441886999473027 -0.52326101507188139 5.9856613619931149 -2.6716071027570627 -5.9278100245271306 4.034392592327622 5.2930728425351461 -2.0085922467662183 -3.9251374533006391 -0.69847724817620005 -4.1309096181246074 -3.4954268300517293 3.5161155757697706 -3.9409957065848462 4.6816165287784299 -4.4975412348207975 -3.7877049551116779 -12.095349694262385 3.5795124135230725 -5.6644660711932646 0.71391211953144984 2.8783921099118075 0.025428756411119614 1.6114173957155726 0.58631962279210004 -0.046927169033087295 1.9995635336382838 4.5474329117085786 -0.66942240906417871 7.5438902724603487 5.1528720855169539 0.10256060613767543 -0.99195356405055346 -0.93876077264233582 3.4033165152129401 -0.033106241552130149 -4.6192364180565084
leaf_weight=0.24048937531188119 0.2388278441503634 0.21638049953617156 2.8482681366149301 0.31874166009947558 0.34585938346572209 0.29576771776191879 1.9550210463348774 0.31133467005565796 0.82966244220733698 0.44045231910422444 0.67731830570846874 0.3569347863085568 0.20730311842635274 3.8834402598440638 0.917184199672191 0.4373121354728936 0.45175153762102127 0.80020843679085374 0.32588827749714244 0.45121579966507797 0.81036714091897044 0.38060236931778479 1.3241550757084031 0.57418036344461043 0.35457321745343495 0.40777066629379966 14.441868796013294 0.60090285190381099 0.72752593178302039 0.6725433722604065 0.3669072352349757 0.73927670111879695 0.20929052750580013 0.53745664632879186 1.6165170108433802 0.34967570123262648 0.61367855570279051 1.9204469379037608 0.68337749084457733 0.43194160424172867 1.4780166759155697 0.36620844760909677 0.27736076922155906 0.30802421225234866 0.35104813612997532 2.0257347181905052 0.83280479814857145 228.19782242272049 2.1304826003033668 0.26847178884781886 1.4483248388860372 2.0102434714790438 1.3875962393358348 7.7368043223395926 0.22635142900981009 0.21049980027601123 0.59056888381019235 1.0602961815893648 1.8087142566218974 0.4174039247445761 1.0268945973366497 0.34625863889232278
leaf_count=48 66 53 340 56 50 47 310 49 57 90 83 55 51 434 94 51 83 56 54 118 119 94 180 54 84 36 1064 37 65 94 75 57 47 74 137 34 77 183 91 61 161 71 63 51 56 183 55 14571 345 54 94 54 87 980 37 54 51 120 280 68 92 66
internal_value=0 23.979 -0.043625 0.00421146 -7.10766 -4.72427 -0.0242211 0.079952 8.01524 18.433 -1.57627 12.4378 -6.42286 -0.00984078 4.94034 -2.46672 -7.01686 2.62776 -7.50048 -9.54024 0.0286911 -1.96003 -0.000255793 0.0139936 2.68188 3.889 -0.00549915 2.06474 1.35165 -2.65706 -2.00668 2.48768 5.86591 0.0187646 0.0677045 1.0743 -0.0815501 1.66505 -2.23323 -0.357839 -2.7757 -3.97419 -7.36807 -3.06621 -0.785422 1.24626 0.00383955 0.0358027 0.363605 -2.95566 1.70373 2.17123 3.04005 -0.880898 3.67082 1.58245 -2.06651 -2.74176 -0.668482 -0.124608 1.35885 -7.30826
internal_weight=0 0.662511 298.156 296.15 2.00548 1.65962 295.475 285.924 3.29884 0.751787 9.55027 0.675676 0.446131 282.626 2.54706 8.87295 0.889064 1.71739 1.36385 1.03796 278.571 7.98389 274.666 273.342 1.98267 1.62809 271.359 3.90497 3.30406 4.05477 3.38222 2.57654 1.05391 267.476 253.034 15.7288 5.31996 10.4089 7.60329 1.70589 5.8974 3.04913 0.643569 2.40556 0.927544 8.48842 237.305 229.031 4.70628 0.61952 6.8719 5.42357 3.39784 8.27426 0.646142 0.41979 1.27395 3.01532 2.57579 2.22612 1.83726 0.797474
internal_count=22501 170 22331 21948 383 333 21837 20527 346 139 1310 111 117 20181 207 1227 134 150 286 232 19582 1093 19212 19032 312 228 18720 370 333 599 505 268 174 18286 17222 1542 804 738 999 203 796 456 134 322 161 555 15680 14626 727 110 418 324 141 1054 138 101 142 430 382 348 211 184
cat_boundaries=0 22 42
cat_threshold=557072 256 2048 0 0 0 5 0 0 17408 0 0 0 0 2147483648 75497476 526482 135173 268435586 32772 80 2097152 2281702412 128 4096 524291 0 0 4256 0 0 536879129 2048 8388608 0 524288 65 268435584 262657 16777344 65536 1
is_linear=0
shrinkage=0.05


Tree=30
num_leaves=63
num_cat=3
split_feature=71 1 58 65 19 6 65 3 67 55 57 3 54 52 87 58 57 59 8 72 58 55 67 46 71 53 63 77 53 54 8 55 0 67 49 67 6 67 47 55 49 52 0 54 54 54 60 60 71 78 68 65 43 83 60 34 45 49 57 46 4 1
split_gain=93504.2 306674 44380.9 32189.3 28802 23841.7 19087.5 16705.4 15579.9 30036.1 28634.1 20558.3 14906.2 13999.5 12139.9 11488.6 9009.77 6703.6 7210.8 6254.83 8259.27 6246.25 5685.8 6496.39 6752.5 7358.1 6170.9 5501.45 5136.18 5391.89 4052.64 4022.67 3888.87 3234.05 3169.2 3375.03 4036.6 3015.71 3635.62 2931.93 2841.3 2666.41 2383.71 2360.8 2339.66 3178.53 2292.22 2273.15 2212.07 2084.77 1944.11 2515.53 3677.95 1822.63 1759.74 2020.34 1746.26 1620.55 1602.02 1503.82 1443.6 1389.85
threshold=79.250154368656766 10.500000000000002 736.91335734434756 2002.4600000000003 -1.0000000180025095e-35 -1.0000000180025095e-35 2913.1800000000007 2018.5000000000002 1177.3350000000003 -9.2829267756765237 -27.113778898431196 2019.5000000000002 55.115295510776058 -110.75427174761218 1.0000000180025095e-35 587.44113398227216 -111.15922081043955 371.28596434996604 3.5000000000000004 0 164.15143770790644 -43.242625123659231 588.75000000000011 0.6830127018922193 34.866241621918654 26.36565889307187 948.63333333333344 1.0000000180025095e-35 -23.25125985402045 77.859250434775674 2.5000000000000004 48.612738733873492 1 206.50000000000003 -229.9387713502953 446.88000000000005 1.0000000180025095e-35 220.13000000000002 -211.29164755644246 279.83373407705403 -103.69395167995661 -48.843478795254519 2 21.273601581917749 45.35279223997361 162.64869908780886 -33.082709866477622 -671.22416794884396 10.697336304522343 1.0000000180025095e-35 0.58333333333333337 340.00500000000005 0.25000000000000017 1.0000000180025095e-35 134.54421349437516 0.25000000000000028 1.0000000180025095e-35 -51.030140967639703 -49.063973388151005 -1.0000000000000002 1.0000000180025095e-35 5.5000000000000009
decision_type=2 2 2 2 2 2 2 2 2 2 2 2 2 2 2 2 2 2 2 9 2 2 2 2 2 2 2 2 2 2 2 2 9 2 2 2 2 2 2 2 2 2 9 2 2 2 2 2 2 2 2 2 2 2 2 2 2 2 2 2 2 2
left_child=2 4 8 5 33 -4 -5 -6 15 11 -11 14 61 -12 -10 19 -14 18 -18 20 -1 -20 26 24 25 41 32 -27 29 -17 -28 -32 40 -2 -22 43 -37 38 -34 60 -21 48 -40 -36 -43 -46 -39 -44 -24 -29 -48 52 53 -52 55 57 -56 -53 -42 -49 -33 -7
right_child=1 -3 3 6 7 12 -8 -9 9 10 13 -13 16 -15 -16 28 17 -19 21 22 34 -23 23 -25 -26 27 30 49 -30 -31 31 39 37 -35 35 36 -38 46 42 -41 58 44 47 -45 45 -47 50 59 -50 -51 51 54 -54 -55 56 -57 -58 -59 -60 -61 -62 -63
leaf_value=-0.60777456633118321 -5.5364975872852789 49.305468199463661 1.2606171040901264 9.571899395926426 12.686700497168923 -5.9569441317741756 -5.2967788523557324 -0.95415288691523359 -17.310006941292038 20.937814898214214 11.473173459185553 3.184660790508091 -19.291273380917783 -0.77136382647174528 -1.4586355285844135 -4.1077443556508042 -2.5127185269583867 -17.117020029969648 -7.1417771877276977 -2.8041444522076691 -5.9742613952885453 -17.506937970642717 1.0107614557714901 6.5841548339069291 -4.3549182924346752 9.5969528720952706 4.7391713665112558 5.153929620015071 0.16380031599346453 -12.671589047460914 -4.4395512619668116 2.0956201819008378 -2.9620185643758568 -13.849355437750731 -1.6554599817345577 1.9506142860085494 -3.2931306043380477 -0.19252850471582328 -0.48001622575333952 -1.4596635838914453 -3.2185861720381577 -1.7515033826069228 2.9503854665860594 -5.6524125316368767 2.3863895960868353 -2.1969454244964264 -0.41454584936255473 0.51873033676687474 6.1738861943310255 -0.37053592211809994 1.1549074953431073 -4.5653828739738049 5.3332707800829198 3.7446104056503673 0.40222627954771017 1.47360862907376 3.7872800634751749 -0.77911254546410269 -0.65700442083956256 0.010297888735403354 7.7762292541420779 -1.4926791307712994
leaf_weight=12.308123964117842 0.21921377698890854 0.41069118864834298 0.56797737325541753 0.48700890503823746 0.41356664919294317 0.48556296899914686 0.38766085845418274 0.49082158110104501 0.25216097524389647 0.37038554297760129 0.41275381180457771 0.85283064027316868 0.4067183290608235 0.53731860709376522 0.231842438923195 0.49033507006242871 0.32094720052555092 0.30397946364246309 0.32103035552427239 2.2906047978904089 0.83938807086087885 0.26559709641151064 0.53503900859504971 0.57866712799295772 0.52923881099559356 0.43065781868062891 1.1280793119221919 0.34022253099828959 0.32422028225846478 0.29400555440224707 0.30275947181507923 0.22240568115375936 1.0371776106767345 0.25092466012574732 0.59900100855156624 0.70384604646824278 0.76687945332378149 5.7616113820113268 13.041732017882167 0.2964181681163609 0.65678936359472473 1.2809319316875183 0.67635318823158641 0.96397569379769266 1.2852076287381349 0.53604221157729615 2.0626739298459116 15.681554940063505 0.33882057527080178 0.34287595888599753 6.0717595892492682 0.40628428943455208 0.66744839912280429 0.76502337446436275 1.4521158409770576 0.64656638889573503 0.51651332690380503 0.92833984852768514 8.6353165493346733 200.40937885059975 0.22496966132894158 0.2720119790174067
leaf_count=450 44 94 91 88 86 112 82 58 68 49 87 78 60 93 63 86 35 50 80 386 102 60 94 55 40 46 62 54 64 48 64 50 104 60 102 80 83 647 1121 78 101 63 28 118 127 62 65 341 56 59 477 56 28 86 191 91 65 125 792 14365 55 60
internal_value=0 11.393 -0.0847123 -5.43999 0.0652268 -7.94232 2.98198 5.28366 -0.0142047 3.79675 9.14546 -1.48643 -10.1424 4.54821 -9.71704 -0.0494445 -12.8522 -10.6906 -8.53811 -0.0297709 -0.767275 -11.8346 0.0412953 1.53978 1.0203 1.57921 0.00766573 5.17118 -5.1297 -7.31785 2.66016 0.419192 -0.0143749 -9.97328 -3.25519 -2.50285 -0.783628 0.0401675 -0.00839845 2.39693 -0.658423 0.57304 0.00493187 -4.12061 -0.11418 1.03739 0.64255 0.0537723 3.01265 2.38097 0.998509 1.25297 1.79055 1.44469 0.231636 -0.820385 1.29037 -1.93172 -0.838063 0.0471944 4.9522 -4.35402
internal_weight=0 1.78522 293.845 3.81849 1.37453 2.94382 0.87467 0.904388 290.027 2.65729 1.32046 1.33683 2.37585 0.950072 0.484003 287.369 1.61827 1.21155 0.907575 286.261 16.1812 0.586627 270.08 6.1977 5.61904 5.0898 263.882 1.11376 1.10856 0.784341 2.17463 1.04655 261.707 0.470138 3.87309 3.0337 1.47073 250.125 230.846 0.743794 11.5827 3.97604 229.809 1.56298 3.10218 1.82125 19.2783 216.767 0.87386 0.683098 13.5167 11.4541 7.50423 6.83678 3.94982 1.98119 1.96863 1.33462 9.29211 216.091 0.447375 0.757575
internal_count=22665 342 22323 718 248 548 170 144 21605 438 229 209 457 180 131 21167 285 225 175 20969 935 140 20034 656 601 561 19378 159 198 134 309 247 19069 104 485 383 163 17790 15959 183 1279 402 15855 220 252 189 1831 14734 150 113 1184 1119 591 563 528 272 256 181 893 14706 105 172
cat_boundaries=0 23 44 66
cat_threshold=38 0 536887296 0 0 8388608 16384 0 128 302514176 285212672 0 100663296 4 1048576 0 2088 128 2097152 2147516416 589824 40 65 2147484672 160 536875008 524305 5120 0 146 0 1048577 536870913 3072 0 0 134742016 0 256 1057 4120 0 131072 512 0 16777216 1050624 1984 2281701392 0 270376 0 262144 0 0 813694976 0 0 10 50331776 262148 2 536936448 16 0 136314880
is_linear=0
shrinkage=0.05


Tree=31
num_leaves=63
num_cat=2
split_feature=56 66 53 66 60 52 9 54 20 71 56 47 66 67 3 66 0 57 56 59 71 48 3 49 66 68 9 67 64 64 64 47 13 65 91 52 3 0 49 77 67 51 42 58 9 64 53 49 9 52 37 71 57 55 68 3 10 87 71 51 59 66
split_gain=145991 396213 34913.1 35018.6 39284.6 42038.2 32792.1 20400.2 27787.4 25107.5 19806.7 13584.1 10794.3 11249.3 13405.6 8769.88 8627.85 8106.91 8020.59 7435.87 5019.66 4379.71 9109.48 9242.31 6441.72 9128.5 5394.53 4530.44 4228.4 4266.64 3937.75 3764.7 4957.23 4277.14 4551.45 3976.75 3723.45 3356 3320.98 3064.18 2878.56 2976.91 2760.77 2748.96 2495.8 2258.09 2246.63 2155.54 2060.93 2051.6 2009.87 1910.46 1827.39 1791.32 1788.19 2409.88 1757.44 2096.81 2719.59 2210.24 2729.4 1756.6
threshold=1658.2166168011756 1083.0100000000002 -272.25896599248313 1183.7366666666667 -39.330489023487559 -225.45049319343104 -6.0000000000000027 104.31289705334818 1.0000000180025095e-35 18.473197194210652 883.87941291491859 -29.321161287477235 648.34333333333359 1636.1500000000003 2020.5000000000002 298.90333333333336 0 -437.41257691879963 327.89492477728487 -15.576574400832408 9.7221617380989631 -243.48004461006445 2016.5000000000002 41.229456465325363 272.36500000000007 0.41666666666666669 -12.745190528383292 628.54500000000019 946.69500000000005 1212.8175000000003 32.025000000000006 42.777743140220359 -0.93301270189221919 563.0200000000001 1.0000000180025095e-35 -60.702782716201753 2014.5000000000002 1 -81.851133295128591 1.0000000180025095e-35 220.13000000000002 556.11620451193812 -0.5 195.85372457683448 -2.0000000000000004 234.05000000000004 199.77085348353322 -450.95694492971307 -7.0000000000000027 -6.7326263871996614 0.25000000000000022 19.479495187666512 -45.707609292658596 54.661403271719685 0.58333333333333337 2018.5000000000002 11.750000000000002 1.0000000180025095e-35 3.3473238813842268 -82.143964809378744 44.264958569251419 210.0566666666667
decision_type=2 2 2 2 2 2 2 2 2 2 2 2 2 2 2 2 9 2 2 2 2 2 2 2 2 2 2 2 2 2 2 2 2 2 2 2 2 9 2 2 2 2 2 2 2 2 2 2 2 2 2 2 2 2 2 2 2 2 2 2 2 2
left_child=2 6 7 10 -5 -6 -2 9 17 42 12 -12 16 14 19 -13 38 -9 -19 -14 -21 22 23 -18 28 -26 43 -24 37 39 -28 33 -33 49 -35 -34 46 -23 52 -30 41 45 -1 -27 -37 -39 -31 -44 51 -32 56 -40 -4 -47 -55 -56 57 58 -42 -60 -61 -54
right_child=1 -3 3 4 5 -7 -8 8 -10 -11 11 15 13 -15 -16 -17 21 18 -20 20 -22 24 27 -25 25 26 30 -29 29 36 31 32 35 34 -36 44 -38 40 48 -41 50 -43 47 -45 -46 53 -48 -49 -50 -51 -52 -53 61 54 55 -57 -58 -59 59 60 -62 -63
leaf_value=0.68146713031194395 11.21174861314787 79.311239116403215 -5.353074252535353 -2.9936315598386756 27.354346801222217 5.2898439985158383 -13.964912801486893 1.0683958392696915 -21.876832030347572 9.8212362573023508 -0.51715200804867467 -5.8357443724959186 -4.2913646098188831 -4.2753398800519404 8.3251254532746124 -18.037736883919372 -2.0658248790076099 -2.62183939461638 -11.4196748885293 -0.10676437479728368 7.843560609660682 -0.58950710427110142 -2.3650414120948855 11.290250344068451 8.8680958848017806 2.3235287359414758 5.0626253942647779 -8.1700980648260035 1.4954946192883003 5.8196159967432486 1.5814131850769608 -2.7735168483134647 6.7590625430922486 -6.5206062162210108 0.37271562282839316 -2.3813189714675866 -6.390572859367305 0.015407632537326238 -1.7809232041195384 6.611208165824948 0.17589877672418996 1.3028675835427881 -6.6071789520128767 6.7961403900091675 2.7403913932730206 -1.3462352212024218 -2.1529283943369424 -3.2385121987315695 -0.93666917451292753 -0.64627646708764375 1.9356682084120469 -5.7163316091185994 -3.6906498741872085 -1.3665191844449933 3.5762242014682317 -1.3929692027963201 -0.66463779276563839 -2.3471293392967589 0.79285247447312124 4.9605378182194357 0.87931145966739332 -0.76151934657051423
leaf_weight=0.33812726824544448 0.25781822926364839 0.21521291718818247 0.97428428661078248 0.52656468469649553 0.36247603851370513 0.53373799403197952 0.25952381547540326 0.34613444702699769 0.32104883738793422 0.40225210110656906 0.4720631456002593 0.29624437307938822 0.45109110302291844 0.4394532328005879 1.1482052030041812 0.29279888095334172 0.31137982499785666 0.44529854203574337 0.61939627793617547 0.40971097769215647 0.38519900944083929 12.222277596592901 1.1702233788091687 0.22178658470511436 0.38191114249638936 1.3186581819318224 0.43981181038543571 0.47152537712827314 0.55545833730138727 0.18550934642553318 1.587663033278657 0.46140697039663825 0.51422058837488305 0.55001473147422064 0.42410011100582778 0.3053560017142446 0.20920696132816374 229.06949666445144 0.84682321990840115 0.61880980362184346 4.3167563059832883 4.3847221629694095 0.64888313598930913 0.46458336664363731 1.0760660688392811 5.3562684918288133 0.16874221642501652 1.7708337958902105 3.9090132468845677 2.961183890700342 2.8576619678642592 0.48501999862492085 1.6552268890663984 0.7719181787688284 0.68116583814844467 0.38015017891302705 2.6849582949653259 0.49477259628474701 1.7105969649273904 1.0285619650967417 0.68082520249299694 0.74096834566444147
leaf_count=35 59 57 118 74 71 65 67 51 56 79 98 69 92 59 96 35 89 84 88 86 62 914 165 64 63 171 48 57 72 55 248 62 91 88 51 53 34 14799 120 35 442 69 154 64 168 652 51 276 347 300 96 42 152 127 162 65 199 54 160 102 72 79
internal_value=0 22.2989 -0.0493188 0.0201616 7.84545 14.2139 -1.41808 -4.23871 -8.60022 -1.8484 -0.0177669 -6.8366 0.00697139 3.07798 4.42767 -11.9011 -0.0230725 -5.57899 -7.74006 0.836109 3.74582 0.0451754 -2.18825 3.49004 0.0642144 1.28002 0.993182 -4.03231 0.0167152 2.47514 0.458287 0.201303 1.87422 -0.512651 -3.51946 3.00549 -1.1015 0.000693343 -1.06551 4.19135 0.0502427 0.0119802 -3.5505 3.48877 1.60826 -0.0119773 2.02202 -4.14187 -1.51542 0.131244 0.755191 -3.21409 -3.52726 -0.884508 0.464547 1.79632 0.446172 0.808496 1.0103 2.0635 3.33504 -2.78488
internal_weight=0 0.732555 299.859 294.967 1.42278 0.896214 0.517342 4.89197 1.73188 3.1601 293.544 1.06111 292.483 2.83366 2.39421 0.589043 289.649 1.41083 1.06469 1.246 0.79491 281.038 2.17492 0.533166 278.863 10.485 10.1031 1.64175 268.378 1.73773 8.31982 7.88001 2.35705 5.52296 0.974115 1.89564 0.563459 266.64 8.61134 1.17427 254.418 240.644 2.75784 1.78324 1.38142 236.259 0.354252 2.41972 5.24086 4.54885 13.7741 1.33184 3.37048 7.1895 1.83323 1.06132 10.9165 8.23151 7.73674 3.41998 1.70939 2.3962
internal_count=22613 183 22430 21607 210 136 126 823 279 544 21397 202 21195 395 336 104 20800 223 172 240 148 19942 375 153 19567 1407 1344 222 18160 247 1109 1061 374 687 139 312 140 17913 858 107 16999 15874 465 235 221 15805 106 430 509 548 1125 162 349 1006 354 227 1029 830 776 334 174 231
cat_boundaries=0 21 39
cat_threshold=524290 384 536872960 49 32 0 5 0 0 805306372 0 0 1 0 0 256 8388800 138416256 2 196612 16 0 0 4 17346 0 0 186 0 1064960 16457 0 0 0 0 67 50340992 263185 16384
is_linear=0
shrinkage=0.05


Tree=32
num_leaves=63
num_cat=2
split_feature=56 70 55 56 56 67 55 91 67 60 66 70 67 63 91 8 71 1 52 70 67 66 10 67 56 55 56 50 54 56 86 0 65 56 54 56 82 37 71 64 8 49 0 66 16 65 56 67 9 70 56 59 56 63 38 64 82 70 8 56 64 50
split_gain=131235 435023 36836.2 28026.3 23385.2 45755.2 20783.6 12115.9 13823.9 12013.7 16328.3 29627.3 23327.1 18530.2 15952.3 11469.6 15600.6 8551.44 7059.56 6652.97 9785.05 8842.48 21155.4 9924.72 7947.5 5405.19 5799.57 5014.92 5302.75 4874.06 4563.21 3979.15 7235.36 4487.74 3965.19 6305.17 4493.45 3627.29 4908.94 3558.86 3001.03 3130.33 2868.39 3939.54 3285.47 2722.83 2703.73 2659.16 2647.9 2563.47 2786.61 2520.21 2212.4 2837.96 2199.77 2189.14 1994.73 1897.72 1951.2 2014.8 2912.99 1793.64
threshold=1658.2166168011756 0.78389864541610077 -172.69293545893308 2350.3778936886188 1150.7708084351104 641.2700000000001 -768.08630945624748 1.5000000000000002 2068.4500000000003 -1072.7487425166644 716.67166666666674 5.280036286664652 2348.7500000000005 360.72925000000004 1.0000000180025095e-35 6.5000000000000009 3.4522183119479819 4.5000000000000009 654.06731541712247 1.216467746663608 692.42000000000019 287.11666666666673 8.8301270189221963 845.37000000000012 285.99454873792934 -59.669980825915225 141.86597080487741 67.647672253258818 291.03733070188275 145.58509762241829 1.0000000180025095e-35 0 451.40500000000003 298.30975120452763 259.85162592912383 285.99454873792934 1.0000000180025095e-35 0.25000000000000022 15.530309367336516 946.69500000000005 7.5000000000000009 222.45993350960754 1 42.136666666666677 0.6830127018922193 1212.3200000000004 153.57939137537679 477.84000000000009 -19.959292143521036 10.439578601095535 265.65815506144287 1.963319707745302 44.678867632386194 886.21416666666676 0.6830127018922193 621.59250000000009 1.0000000180025095e-35 0.83454349142930184 3.5000000000000004 162.79966901093488 277.07750000000004 -70.817358990846699
decision_type=2 2 2 2 2 2 2 2 2 2 2 2 2 2 2 2 2 2 2 2 2 2 2 2 2 2 2 2 2 2 2 9 2 2 2 2 2 2 2 2 2 2 9 2 2 2 2 2 2 2 2 2 2 2 2 2 2 2 2 2 2 2
left_child=2 3 6 -2 9 -6 -1 8 18 -4 19 12 14 -13 15 17 -17 -12 27 20 25 42 34 46 -22 26 48 28 57 -20 -19 32 -27 52 35 36 -23 -35 -39 40 41 -34 44 -44 -21 -41 -24 49 -11 50 -45 -38 61 55 -46 -54 -28 -8 -59 60 -60 -33
right_child=1 -3 4 -5 5 -7 7 -9 -10 10 11 13 -14 -15 -16 16 -18 30 29 21 24 22 23 -25 -26 31 56 -29 -30 -31 -32 33 39 37 -36 -37 51 38 -40 45 -42 -43 43 47 54 -47 -48 -49 -50 -51 -52 -53 53 -55 -56 -57 -58 58 59 -61 -62 -63
leaf_value=-13.104572316894938 6.8379059750011795 84.328217454483152 -6.4613705435289139 -16.613569594904448 -3.9374694286596448 20.753067704669363 -3.2183812998064045 -12.302904608876503 6.8129169725594139 1.8887815020914058 -7.1257503090723979 3.132618964142706 -10.204580650309204 18.166100241185799 11.775777265039858 17.574443733416125 -1.3702308438760749 -2.5837896882418416 -3.8300891857893671 -0.32408952051230716 0.15714001738299058 -0.24934141756699116 2.3722870381963754 12.85780002210327 -8.5434670920310509 0.43853015804282597 -5.6723996750174566 -7.6708818835449621 3.5986517402352614 -13.294779113206463 5.1527295313547592 1.1256467816610667 2.4392107540658516 -3.0055204784478708 4.1007776951396364 -5.7599996648413523 1.2712012417958143 -2.1759526108848006 5.7849616946410798 12.04701474355546 -2.3284973079700788 8.5099975339856382 0.051119136526047104 0.54523851173999105 -1.1551976717784389 3.8013414598311281 6.7584547365135386 -1.5869700896936552 -1.1322699662271749 1.9336348325831811 3.7112929559004173 6.2153783651444057 -0.59677432237461081 3.1177074964327955 -5.2981950457127756 -3.0514802066382134 -1.677842238426386 1.6517147816266105 -3.8698053959078358 -6.4507553210817932 2.5633671390335047 -0.1144778651627282
leaf_weight=0.54066141182556737 0.32519460492767294 0.1985004625748843 0.7170947571285059 0.20945513248443604 0.36274101678281923 0.38870633509941399 2.7884064216632387 0.32393484329804767 0.38315082900226105 0.80196708044968446 0.46033656643703602 0.36158218071795989 0.40546145639382292 0.47325597866438329 0.40752507839351881 0.20861801085993636 0.22682145051658154 0.36111741350032389 0.280938823474571 17.342511447146538 0.44550546584650763 4.0448622691910696 0.74979023565538205 0.46391914272680868 0.63881873269565403 8.8433670019730908 0.92508942540734895 0.41664178669452656 0.39473229972645629 0.26370574487373233 0.40364079899154603 2.9980659368447951 1.0502676207106549 2.4635451277717944 0.66451613255776454 0.43570824083872128 0.59202272980473913 0.51351424609310914 0.31086976057849824 0.20386905083432783 0.24808439170010377 0.2661552249919622 60.657846875954419 22.357954202685516 0.75181912654079386 0.19672619365155697 0.66115303221158683 1.1576613364741195 7.5882045910693696 4.6228037965483955 0.71728816675022145 0.45647609140723944 21.837599384831272 0.49771725945174594 0.55834021791815758 0.94768750481307407 0.47197628440335393 0.4727187664248047 0.39364147069863975 0.22189558995887637 0.31821530824527144 106.15263354638591
leaf_count=97 73 54 99 58 89 85 430 49 34 27 53 50 43 66 39 57 60 69 54 1075 69 491 75 80 60 798 115 66 71 48 44 110 198 343 96 43 57 82 66 58 72 44 3150 1849 104 53 72 72 884 152 72 47 2400 102 15 113 72 29 92 47 54 7442
internal_value=0 21.1185 -0.0629746 -2.34948 0.0258206 8.83437 -3.69925 -2.88668 -2.37265 0.00198166 0.0187173 3.51031 0.761451 11.6549 2.91144 0.735971 7.70612 -1.74145 -3.00669 -0.0234974 -0.23536 0.263401 1.86016 6.51358 -4.96874 -0.202526 -1.34017 -2.41855 -1.94175 -8.4127 1.49956 -0.126539 0.544541 -0.204999 0.451524 0.0129354 0.506777 -2.04483 0.826056 3.79267 2.71596 3.66661 0.144293 0.251774 -0.329715 7.99769 4.4276 0.760824 -0.843505 0.858952 0.643655 3.42371 -0.174801 -0.617284 -2.92079 -0.698871 -4.3229 -2.46309 -0.965687 -2.29077 -0.994039 -0.0804151
internal_weight=0 0.73315 285.212 0.53465 278.413 0.751447 6.79864 6.25798 5.93405 277.662 276.945 3.30836 2.47352 0.834838 2.06806 1.66053 0.435439 1.22509 5.5509 273.636 157.402 116.235 8.06845 1.87486 1.08432 156.317 9.78724 5.00625 4.58961 0.544645 0.764758 146.53 10.8085 135.722 6.19359 5.52907 5.09336 3.28793 0.824384 1.9651 1.56451 1.31642 108.166 89.5136 18.6527 0.400595 1.41094 28.8557 8.39017 27.698 23.0752 1.0485 132.434 23.283 1.31016 22.7853 1.39707 4.19488 1.40647 0.933752 0.711857 109.151
internal_count=22568 185 22383 131 21312 174 1071 974 925 21138 21039 481 365 116 322 283 117 166 891 20558 13108 7450 961 227 129 12979 1098 789 723 102 113 11881 1223 10658 734 638 595 491 148 425 314 242 6489 5295 1194 111 147 2145 911 2073 1921 104 10167 2615 119 2513 187 652 222 193 146 7552
cat_boundaries=0 21 44
cat_threshold=8388608 1073742176 0 0 512 2113536 0 3221225472 0 1049088 16845312 0 2048 0 0 34 4194308 16842816 64 131076 32 4227072 50331776 0 0 0 0 4096 0 0 1048592 0 1864368128 0 35127296 16777216 4096 1712 2164277248 134217728 16 512 0 128
is_linear=0
shrinkage=0.05


Tree=33
num_leaves=63
num_cat=3
split_feature=56 1 50 1 1 20 67 82 58 54 48 56 33 66 67 0 54 67 65 15 53 66 64 52 36 70 67 53 0 15 51 66 0 57 66 51 70 56 9 60 56 67 9 66 63 6 67 1 48 50 53 54 53 48 64 57 64 57 28 81 63 54
split_gain=107123 395787 40904.2 16508.4 16431.1 16387.5 15743.8 33666.4 30028.5 23739.4 23503.6 16440.8 15731 13363.1 9124.28 8815.03 7942.41 7499.98 13655.4 12629.1 7465.9 9940.7 6713.55 6366.41 5069.47 4793.95 4211.86 4580.44 4191.48 4132.87 5029.34 4867.41 4082.61 3953.21 3826.71 3510.15 3209.1 2815.76 2653.7 2461.81 3957.11 2352.51 2251.23 2250.03 2569.88 2107.71 2147.18 2068.12 1973.92 1962.76 2355.59 1652.05 1716.42 1642.44 2545.44 2121.9 1582.59 2726.75 1834.04 1522.56 1466.06 1461.04
threshold=1410.9952615166201 10.500000000000002 -834.29941148701812 5.5000000000000009 2.5000000000000004 -2.7554552980815443e-16 1412.3400000000004 1.0000000180025095e-35 587.44113398227216 532.95592117933927 47.891232665549602 346.37055702308044 -1.0000000180025095e-35 775.01333333333343 2068.4500000000003 0 104.31289705334818 773.0350000000002 160.56500000000003 0.68301270189221941 -395.97073696890192 242.44333333333336 1026.8875000000003 -424.72545716431574 -1.0000000180025095e-35 2.443254882139589 223.02500000000003 -199.88477764231405 1 1.0000000180025095e-35 29.547231446977541 57.400000000000013 2 36.198279816995857 210.0566666666667 426.08187799677484 3.2882413735410654 67.310411945840016 -8.2500000000000018 7.068765478011735 410.20030296193778 960.48000000000013 -12.745190528383292 482.5483333333334 431.79583333333341 1.0000000180025095e-35 464.40000000000003 2.5000000000000004 -29.657609770285752 147.220200263067 37.458766534193636 82.23355500633923 -151.47177459690525 204.47298012962523 513.52500000000009 3.6567565528428214 234.05000000000004 -45.707609292658596 -1.0000000180025095e-35 1.0000000180025095e-35 338.89675000000005 92.391249526582456
decision_type=2 2 2 2 2 2 2 2 2 2 2 2 2 2 2 9 2 2 2 2 2 2 2 2 2 2 2 2 9 2 2 2 9 2 2 2 2 2 2 2 2 2 2 2 2 2 2 2 2 2 2 2 2 2 2 2 2 2 2 2 2 2
left_child=2 4 3 -1 -2 -6 8 10 13 14 11 -8 -13 15 -9 16 49 26 -19 41 21 -10 34 -22 -25 -15 27 -17 43 30 33 -32 -29 -26 -18 56 39 47 42 61 53 -20 -36 44 -28 46 -39 -38 -40 50 51 52 -4 54 -41 -56 -34 -58 60 -60 -59 -30
right_child=1 -3 6 -5 5 -7 7 9 20 -11 -12 12 -14 25 -16 17 22 18 19 -21 23 -23 -24 24 29 -27 28 32 36 -31 31 -33 35 -35 38 -37 37 45 48 40 -42 -43 -44 -45 -46 -47 -48 -49 -50 -51 -52 -53 -54 -55 55 -57 57 58 59 -61 -62 -63
leaf_value=-15.253234679972421 -14.666703515324409 59.258549140014026 -3.4233106004959613 -2.3113280340148763 -8.3296402086114174 9.388918851243842 4.2993130414566201 -3.7184156043954988 -4.8446795823242415 7.4882288155400181 0.45768964005056967 7.8560010381087526 23.084045308654364 2.126494914274327 -15.898854090514313 -2.9944407942101403 -5.6717502574536223 10.0029930887865 -0.5330975883743333 6.9045992515958803 -10.528739310993474 -17.838205759256034 -9.6151286338977897 2.0487037188578792 -4.7978201371933089 8.7098428645223045 -0.74954909668071279 -0.67951029645189864 -0.46696672150635243 1.044043952815042 -3.2794821581893623 -11.616408923271804 0.046503893085611953 1.8476093971221059 -1.4960373013134256 1.2964713056573558 2.3289015231481591 3.0042441826475144 -2.4169444110465719 0.94480721047885829 6.4050062680605384 -5.2620700543821499 -6.8849583484305574 0.98770272129055847 -3.210751968912402 1.3510235007356826 6.7825192670505139 -0.094762032771769936 1.6302547162795145 -3.3002327588552713 2.255196026063524 1.452341841779861 -0.92529067037056889 -1.3036857812490479 7.1206693911068433 2.1335649977894442 -3.21855031757871 -0.068880704522064976 -0.39754834552311191 -3.0607115922335444 3.7345468613217521 1.0294581822165425
leaf_weight=0.60975071601569542 0.26255596848204621 0.35344297694973648 0.8171270361635824 0.41350592393428087 0.25699971686117351 0.26510862377472222 0.41152595099992983 0.31595113710500289 0.40464536519721184 0.30104956915602088 0.68339472752995778 0.28606011415831745 0.41654617595486343 0.54046752955764421 0.29948618193157017 1.2889956317376334 0.96019558329135257 0.5252385889179999 0.72053310042247154 0.5623066232074051 0.29466680646874044 0.23136069788597524 0.45377681218087662 0.44996939366683486 0.65842668712138974 0.56624613795429468 4.3594700838439167 10.733078799676148 3.9819644144736284 0.36251192470081139 0.30693255388177931 0.40753616997972131 223.70902995415963 0.33902118424884975 0.40008263941854239 5.5443788147531441 2.1988579614553596 0.86119483085349224 0.5921119598206136 4.0392645469401032 0.39063630788587023 0.41415092977695167 0.37587796943262253 1.2554053170606492 1.4016166264191268 0.7060993097256868 0.66746939765289426 1.4676727424375711 0.61335270688868959 0.83451320440508414 0.60184761090204109 0.59934467822313298 4.3399891445878884 0.5864505546633153 0.32191013684496272 0.63209988898597658 0.94292731210589398 0.5793340317904947 4.398363188840448 0.61127017228864122 0.45028759445995092 2.7629365467000753
leaf_count=96 62 81 88 53 67 57 51 62 102 49 96 42 88 69 50 185 68 41 94 70 69 38 66 87 101 74 309 1079 460 87 65 63 14785 60 58 114 21 55 74 472 46 44 51 169 207 41 63 128 91 74 61 79 373 91 55 101 130 78 562 66 111 346
internal_value=0 15.3255 -0.04385 -10.0233 -4.46364 0.667234 -0.00911416 3.78146 -0.044435 -4.01751 7.75784 12.2357 16.8841 0.0111902 -9.6457 -0.00997763 -1.00864 0.062582 2.95787 0.777315 -4.67802 -9.57135 -3.95439 -3.57404 -2.76224 5.49484 0.0413759 -0.021628 0.651572 -3.80579 -4.83278 -8.0349 -0.00611211 -2.53911 -3.08116 0.0510846 0.811757 2.21141 -1.82577 0.800576 1.54005 -2.25914 -4.10645 -0.383623 -1.34834 3.61037 4.65397 1.35874 -0.357688 -1.02038 -0.72115 -1.03233 -1.32109 1.19945 1.49344 3.81636 0.0233677 -0.717917 -0.327486 -0.722505 1.59448 0.146019
internal_weight=0 1.13811 295 1.02326 0.784664 0.522108 293.977 2.71401 291.263 0.916487 1.79753 1.11413 0.702606 287.808 0.615437 286.701 10.5882 276.113 2.22223 1.69699 3.45507 0.636006 3.3954 2.81906 2.5244 1.10671 273.891 248.258 25.633 2.07443 1.71192 0.714469 246.969 0.997448 2.94162 236.236 18.6166 5.90129 1.98143 12.7153 5.97036 1.13468 0.775961 7.01649 5.76109 2.23476 1.52866 3.66653 1.20546 7.19282 6.35831 5.75646 5.15712 5.57973 4.99327 0.95401 230.691 6.98218 6.03925 5.00963 1.02962 6.7449
internal_count=22675 267 22408 149 186 124 22259 438 21821 161 277 181 130 21149 112 21006 1083 19923 249 208 672 140 408 532 463 143 19674 17110 2564 376 289 128 16925 161 342 15846 1879 308 274 1571 765 138 109 685 516 159 118 149 165 675 601 540 461 719 628 156 15732 947 817 628 189 806
cat_boundaries=0 20 41 63
cat_threshold=2148007942 256 4 34 0 0 5 0 0 1024 0 2097152 0 0 1 384 29360784 131213 67108866 65537 1080 0 0 0 0 0 0 0 2147614721 4027850868 4096 0 0 524288 0 64 65 71303168 0 0 576 134217728 128 536872960 525249 134320176 0 262330 0 266240 0 0 0 1 0 0 16777216 262144 0 65536 0 0 402653184
is_linear=0
shrinkage=0.05


Tree=34
num_leaves=63
num_cat=2
split_feature=56 70 9 55 55 66 70 0 66 64 57 3 66 52 56 67 70 64 38 3 36 48 66 65 17 56 65 55 57 58 22 16 9 54 64 0 55 48 66 66 8 58 56 52 48 55 5 70 70 89 70 66 54 63 54 9 65 57 47 54 54 51
split_gain=104677 356697 30986.1 23876.6 14900.4 12599.9 39940.4 10084.7 10933.4 9829.61 11156 9644.57 9555.95 7126.83 7341.23 6203.91 7793.58 6144.54 9094.99 7665.38 10956 5002.61 5034.56 4898.83 4463.97 4332.14 4314.76 3876.94 4310.79 3834.47 3333.16 2993.08 4185.24 2953.82 3484.67 2792.49 2745.67 3388.93 2722.56 2457.83 3090.79 3623.15 2335.42 2306.07 2215.14 2178.51 2174.77 2713.98 2108.8 2096.08 2080.17 2058.16 1783.31 1765.02 2591.48 1708.88 1677.8 1671.28 1692.14 1546.37 1506.27 1556.07
threshold=1658.2166168011756 0.78389864541610077 -8.8301270189221892 -341.55212953000381 -768.08630945624748 1391.45 4.8304719420510605 0 648.34333333333359 1276.0125000000003 63.956676213831422 2020.5000000000002 1083.0100000000002 75.520218317423698 386.29728588462456 1222.4000000000003 1.8694559755298232 910.04000000000008 1.0000000180025095e-35 2018.5000000000002 -1.0000000180025095e-35 -243.48004461006445 272.36500000000007 5.0300000000000002 1.8369701987210299e-16 327.89492477728487 756.10000000000014 -1.5575064825100584 250.53247624100291 213.00416521615441 0.6830127018922193 -1.0000000180025095e-35 -10.750000000000002 233.74269476055787 380.03750000000008 1 -19.022763342045582 -56.863199837141714 455.52000000000015 17.35166666666667 3.5000000000000004 415.12811240760158 201.75640841585374 -7.4148841935063379 33.709252619202893 -16.706341074786874 0.6830127018922193 8.052087542080665 0.62719376946706773 1.0000000180025095e-35 0.86937058799234623 207.98666666666671 167.88192050067218 338.89675000000005 144.11288470332133 8.8301270189221963 251.11000000000004 -84.431746328848575 -12.466129766753641 233.74269476055787 68.005172558547983 -68.083245271165325
decision_type=2 2 2 2 2 2 2 9 2 2 2 2 2 2 2 2 2 2 2 2 2 2 2 2 2 2 2 2 2 2 2 2 2 2 2 9 2 2 2 2 2 2 2 2 2 2 2 2 2 2 2 2 2 2 2 2 2 2 2 2 2 2
left_child=3 2 -2 4 -1 7 -7 9 17 15 -11 13 25 14 -10 29 -17 21 19 20 -19 26 35 -24 27 48 50 -22 52 44 -20 -31 -33 34 43 -23 -36 -38 -35 57 46 45 -39 49 -5 56 53 -48 -6 55 -9 -34 -29 -41 -55 -25 -42 -37 -59 -53 61 -45
right_child=1 -3 -4 5 12 6 -8 8 11 10 -12 -13 -14 -15 -16 16 -18 18 30 -21 24 22 23 33 -26 -27 -28 28 -30 31 -32 32 51 38 36 39 37 42 -40 40 41 -43 -44 60 -46 -47 47 -49 -50 -51 -52 59 -54 54 -56 -57 -58 58 -60 -61 -62 -63
leaf_value=-12.064002962432706 11.112050053188366 76.291616350518311 -13.54441481027858 -2.0110194580773713 -4.2205676577427065 -1.5807088955872093 17.490715563405914 -3.0282553358012922 -0.21228230253343769 -0.2485556188439616 -12.70674463899533 7.5843764709351875 5.2733140137038959 -5.8609482426326664 8.723384339154201 6.7874777253089498 -2.1517987569977008 12.989265316259996 8.0776463658908941 -1.2271269429319522 -4.2331089450167978 -0.56562275850583899 6.3644652005768796 0.82139068881669164 6.4095697404543515 -9.0532885074587508 -6.4353498371835336 1.8844971756040874 -3.1477997576717263 -0.16720948886682685 2.8664440056906066 -7.5192727506386596 -4.1963003398943171 6.3489275756989922 -1.8357365999476738 1.9852882977121771 4.0457063365301122 0.41411640556674334 0.52296032678516635 0.54035670904670019 -0.58590067333468121 -6.2083237337905608 -4.2955562886337466 -1.9133390186870121 1.0711883053954996 0.12634845553530696 -0.64130594764077331 0.97339196747715517 -0.070231222605647153 5.7052462509803963 0.0081199288107465899 -3.552685341611165 8.2505697443616626 1.0074893004646619 5.28449844059742 4.8688944002387817 -2.9098487534412811 -0.43270234785025541 -0.034071861273883987 0.37340894754189424 2.0065173200488049 0.93709978094496504
leaf_weight=0.55147871910594437 0.22720925393514335 0.19735577399842441 0.2901327908039083 1.9285189893562331 1.0451671546325081 0.78569446294568368 0.42196563258767128 0.9519040174782275 0.67087686085142129 0.2911844067275523 0.46932573756203055 0.88542165094986547 0.30970934103243042 0.30504030664451409 0.34965388383716345 0.4291624785400926 0.56457666726782918 0.24320858228020314 0.61377998371608533 2.4240878575947136 0.37139313644729488 13.181595685891805 0.41742392792366345 0.98972763237543382 0.34823650214821089 0.37024992611259211 0.47965301014482964 0.21914082625880837 0.24941142019815743 0.58162542153149832 0.6136043150909245 0.69353860826231528 1.8055462529882795 0.44794985256157893 1.9402184502687285 0.94763179309666057 0.57284944714046826 1.7087476653978271 0.36306072259321809 42.169676884775981 7.2271926284302079 0.24774057255126436 0.31115447031334031 0.77571286517195437 0.83546473877504457 21.542153451824561 8.4980650448705983 3.7510065396782002 0.4328018205706029 0.49098259373567987 1.3844215360004453 0.45359000167809405 0.22089772042818367 1.3566524260677386 0.4792902125045656 0.3540765754878521 0.87016343884170044 34.030144843971343 122.28546691802332 0.56099128536880016 1.3403133139945564 1.2508560768328574
leaf_count=92 55 54 71 172 211 99 75 136 126 78 72 78 33 70 69 54 92 48 82 87 90 882 26 165 63 65 53 57 66 105 33 58 160 62 252 56 102 284 54 1594 1561 62 43 50 62 4360 515 57 68 63 161 52 59 142 64 54 189 2730 5955 60 107 105
internal_value=0 19.1013 -2.71565 -0.0574446 -4.72923 -0.0134484 5.08299 -0.0349314 0.0403096 -1.16109 -7.93675 3.54379 -2.85477 0.844862 2.84925 -1.98345 1.70877 0.0136724 1.69908 0.562937 3.18916 -0.0193902 0.00267488 1.05197 1.49765 -4.2168 -2.11582 -0.11476 2.10371 -2.51836 5.47242 -3.48956 -4.03951 0.841692 0.600158 -0.0421581 -0.413219 0.651285 3.74085 0.009056 0.224106 -0.186792 -0.311382 1.48326 -1.07937 -0.136461 0.44241 -0.146841 -3.0052 2.90938 -1.22901 -3.18376 5.08024 0.606429 2.12404 1.88786 -0.835638 -0.108163 -0.120854 -1.38183 0.706095 -0.153967
internal_weight=0 0.714698 0.517342 290.411 2.70941 287.702 1.20766 286.494 277.881 8.61352 0.76051 2.21099 2.15793 1.32557 1.02053 7.85301 0.993739 275.67 5.30376 4.07638 1.65229 270.366 267.55 10.9631 1.40908 1.84822 2.81598 1.06084 0.68945 6.85928 1.22738 4.09529 3.51367 10.5456 9.73464 256.587 4.53297 2.59275 0.811011 243.405 86.1419 29.8873 2.0199 5.20167 2.76398 29.6395 56.2547 12.2491 1.47797 1.83479 2.33633 2.82013 0.440039 44.0056 1.83594 1.3438 8.09736 157.263 156.316 1.01458 3.36688 2.02657
internal_count=22600 180 126 22420 469 21951 174 21777 20812 965 150 343 377 265 195 815 146 20469 585 470 383 19884 19534 1367 335 344 350 272 182 669 115 435 330 1341 1225 18167 681 429 116 17285 8544 6172 327 544 234 6110 2372 572 279 282 297 272 116 1800 206 219 1750 8741 8685 112 262 155
cat_boundaries=0 21 43
cat_threshold=524288 0 1879048192 32 24576 0 132 0 2147483648 0 0 0 0 0 2147483649 1280 8913408 135172 268435586 65541 24 134217728 0 4 707 0 16384 262170 33554432 0 105 0 0 0 134742016 0 33562752 265249 128 134217728 0 0 2097152
is_linear=0
shrinkage=0.05


Tree=35
num_leaves=63
num_cat=2
split_feature=56 1 55 20 58 67 56 76 66 42 54 52 60 60 56 8 72 52 66 58 66 70 47 50 50 67 18 59 49 51 3 91 58 56 58 57 54 47 54 0 67 54 10 51 70 3 64 57 50 89 46 70 3 47 55 10 65 65 47 70 70 65
split_gain=66444.9 298158 28109.5 15248.5 14990.2 32718.4 21106.3 24319 13392.2 17370.6 12850.6 12508 11066.9 14292.2 14391.2 9875.96 9029.71 7648.45 19535.2 12250.8 7624.99 9924.49 11972.6 5627.73 7475.67 5410.76 6333.79 4486.47 3416.61 4307.05 3354.47 8608.2 3234.92 3035.06 3013.91 2897.28 2880.94 2769.56 2744.24 2645.01 3795.86 6440.39 3447.75 2960.66 2501.34 4033 3294.52 2407.16 2381.02 2473.82 2147.27 2016.52 1979.91 3045.72 1922.3 2116.59 1900.28 2132.9 1696.63 1677.51 1735.06 1676.25
threshold=1658.2166168011756 10.500000000000002 -253.6660470022023 1.0000000180025095e-35 1035.4862847200718 641.2700000000001 883.87941291491859 1.0000000180025095e-35 634.05666666666673 0.25000000000000022 110.63011471217949 -610.17757978266116 -423.38310865989104 -24.333583351337996 298.30975120452763 6.5000000000000009 0 247.46890564837364 967.9000000000002 587.44113398227216 404.90500000000003 1.7537402154081574 -136.74975743078497 -107.66075893080743 54.648792573240975 670.38000000000011 -2.7554552980815443e-16 54.774415487611911 -273.94085965648839 1071.3544155899992 2018.5000000000002 1.0000000180025095e-35 152.94857918477223 363.49777632944546 1208.0099917980103 -15.604008663143004 220.50418108104381 607.38605948220868 167.88192050067218 1 220.13000000000002 0.5336464514125131 12.995190528383292 556.11620451193812 1.0414408925613543 2017.5000000000002 556.68500000000006 -54.792609160998296 -158.13824024737201 1.0000000180025095e-35 -2.7554552980815443e-16 1.0708815727882668 2015.5000000000002 134.55262618754455 -20.008468093131757 8.8301270189221963 380.57000000000011 624.7650000000001 -125.65762552124974 1.657789678053214 1.1937805661323513 756.10000000000014
decision_type=2 2 2 2 2 2 2 2 2 2 2 2 2 2 2 2 9 2 2 2 2 2 2 2 2 2 2 2 2 2 2 2 2 2 2 2 2 2 2 9 2 2 2 2 2 2 2 2 2 2 2 2 2 2 2 2 2 2 2 2 2 2
left_child=2 11 3 17 6 34 8 -8 16 12 -5 -2 -10 14 -14 23 32 18 33 -19 28 25 -23 -15 -25 30 -27 -17 36 37 31 -22 -4 38 -6 -24 -18 39 -1 -30 43 -42 44 61 45 50 58 -34 49 -46 -43 -32 53 -49 -50 -56 -44 -58 -47 60 -54 -41
right_child=1 -3 4 10 5 -7 7 -9 9 -11 -12 -13 13 15 -16 27 20 19 -20 -21 21 22 35 24 -26 26 -28 -29 29 -31 51 -33 47 -35 -36 -37 -38 -39 -40 40 41 42 56 -45 48 46 -48 52 54 -51 -52 -53 59 -55 55 -57 57 -59 -60 -61 -62 -63
leaf_value=-3.0307811832904674 -13.52881038808966 62.844385895830897 -1.2413681105138199 -5.0149403385150189 0.6013668359976152 14.860061919008453 -14.790852237622765 1.0935970521926712 -5.4802897472125593 10.376034821005774 -18.468447854984063 2.6065249205016516 1.9180929196176812 -4.5149690298038321 13.579438146585085 12.032771248472724 -0.90064817655576135 -1.0268859812777416 9.7916780583519891 -14.09056566731995 1.0372890895827223 10.670735654209139 -1.1681999282249069 6.4085623166577896 -2.9247556227291565 2.5201224034721608 -5.812573463581856 1.7015913509313123 -0.4677486155761057 3.3802005948238434 -2.5717207132972035 11.390247055578378 -5.7068335159484462 -7.3786855216688991 -7.4356752392750352 4.2381741228931515 -5.9174345265211077 -2.9392064685449473 2.0842206489042168 -0.0077714070620050844 6.0538007179868183 5.7839491458399355 -0.20109242777891076 1.3282366959266574 5.6469057884236236 2.3773029640320913 -4.3389834942529033 4.5149650296047543 -0.11628230955992146 1.3672969482638024 1.043575456922696 1.4317694329891024 -2.7893129853202239 -4.0415857738373644 1.1132194681693433 3.6447593933587066 -0.74104550843769423 -6.039384127849619 -0.97034037915961469 -0.53842547632292859 -5.8407593158109492 1.6585726473716651
leaf_weight=1.980884890304879 0.28131868783384562 0.22521749581210315 6.0264907279051823 0.42833022703416634 0.23383144196122785 0.51633571437560022 0.51561391144059499 0.45235101436264813 0.4959972181823108 0.64272346557117987 0.303102110279724 0.20959249557927151 0.57640872267074905 0.819614607840777 0.48903305293060839 0.2165227006189524 0.88479254208505043 0.37293643574230362 0.33580340514890838 0.34592926455661654 0.71119900792837132 0.61985028628259886 0.44652173528447736 0.38917180104181048 0.47813258902169764 0.36458159750327468 0.60897239646874357 0.20418315939605236 14.217591531341894 0.96087484387680788 0.45444154925644387 0.27976190997287631 0.70007712300866831 0.34603629005141545 0.23276341217570007 0.55684812064282585 0.42297082720324397 0.78483877563848992 0.30223103170283128 225.83161338977516 0.56025824649259703 0.31470073480159044 1.9531027905177318 4.2964613032527259 0.60476869367994612 0.47828052472323213 0.63608230091631401 0.23422897513955865 2.6482014127541351 0.76458587544038892 0.99170471751131362 1.0216386849060652 2.1881267451681206 0.18705357541330159 5.8251745896413851 0.96203415468335141 0.41976858535781492 0.34693439002148807 1.8139235600829127 0.60739264404401172 0.59185226075351227 1.5193640212528396
leaf_count=338 76 56 384 84 53 96 71 97 72 71 55 51 94 79 46 56 106 60 34 65 144 52 44 51 70 56 81 51 1241 53 66 47 98 48 51 62 67 119 41 15571 40 59 133 56 67 43 87 64 247 52 236 107 216 56 375 75 54 55 209 68 40 302
internal_value=0 15.2124 -0.0363339 -3.99572 0.0241355 6.18828 0.00310611 -7.3677 0.0279528 2.7935 -10.59 -6.6399 1.46524 2.55093 7.2706 0.165058 -0.0142074 -2.6864 -1.56459 -7.31333 0.0603739 1.98468 5.20734 -1.54419 1.26324 0.464287 -2.6921 7.01869 0.0261699 0.038707 1.70987 3.96007 -1.02565 -3.01504 -3.40796 1.83222 -2.52323 0.0265896 -2.35367 0.0354003 0.0795485 0.775583 0.609069 0.0279376 0.905332 -0.124667 -1.1553 -3.01215 1.30902 3.25737 2.18549 0.199213 -2.51683 0.715773 1.02626 1.47205 -1.02915 -3.13855 -0.271837 -2.91886 -3.43896 0.0033646
internal_weight=0 0.716129 293.515 4.41525 289.1 0.982931 288.117 0.967965 287.149 4.31179 0.731432 0.490911 3.66906 3.17307 1.06544 2.10762 282.837 3.68382 2.96496 0.718866 272.302 5.06382 1.62322 1.68692 0.867304 3.4406 0.973554 0.420706 267.238 265.93 2.46704 0.990961 10.5352 2.62915 0.466595 1.00337 1.30776 264.969 2.28312 264.185 249.967 18.3195 17.7593 231.647 15.0395 4.23469 2.92829 4.50873 10.8048 1.36935 1.30641 1.47608 3.80865 0.421283 9.43541 6.78721 2.71981 0.766703 2.2922 3.38737 2.77998 227.351
internal_count=22698 183 22515 725 21790 200 21590 168 21422 590 139 127 519 447 140 307 20832 586 461 125 19906 659 158 200 121 501 137 107 19247 19074 364 191 926 427 104 106 173 19021 379 18902 17661 1732 1692 15929 1450 634 339 542 816 119 295 173 444 120 697 450 242 109 252 324 256 15873
cat_boundaries=0 23 46
cat_threshold=4096 0 16384 65536 0 8388608 0 0 128 302514176 1090519040 4096 100728832 67108864 0 67110916 67635200 40 0 32776 21037120 32 65 2147483648 128 0 18242 0 0 138 4194304 1048576 786521 786432 0 0 524288 268435457 268435456 16 134217736 134283328 0 0 0 128
is_linear=0
shrinkage=0.05


Tree=36
num_leaves=63
num_cat=3
split_feature=67 70 0 67 63 67 58 3 54 55 70 60 10 67 70 50 0 58 3 70 90 53 56 49 60 60 54 63 55 70 3 50 71 67 14 70 3 58 4 63 72 51 63 67 70 51 71 55 54 56 60 9 67 10 9 67 37 56 49 57 45 64
split_gain=58427.3 184887 23113.3 26165.4 23996.2 17404.7 16567.4 13507.4 10841.9 12166.9 10568.6 9906.32 7278.24 6783.33 12122.9 6629.7 6537 9678.53 11632.5 22844.1 8281.5 7689.64 7240.17 5285.08 4085.71 3506.91 5634.34 3087.15 3068.29 3036.44 2786.74 2666.35 2500.72 3619.84 3514.24 3204.3 2905.33 4467.55 4025.73 4171.1 2581.86 2882.82 2555.87 2453.6 2386.55 2168.05 2103.19 2061.39 2611.57 3432.44 2112.68 2057.46 1902.86 1641.32 2457.43 2119.67 1561.53 1529.05 1450.81 1327.7 1317.1 1251.42
threshold=2348.7500000000005 3.2882413735410654 0 773.0350000000002 1091.9000000000003 1467.5500000000002 919.91328193287779 2018.5000000000002 12.897747250436501 50.674091111859902 6.2524706285910305 18.881487166913907 -6.0310889132455374 1177.3350000000003 3.9004070094205843 -21.225698430413349 1 435.26885805649141 2018.5000000000002 0.3630645816159554 1.0000000180025095e-35 -16.325593311533517 124.42494573886405 299.55771533088 -214.46258510533954 11.239245300762795 167.88192050067218 835.38666666666688 -227.01704146601077 0.65676057581912939 2015.5000000000002 205.08510223371715 3.1026709110924684 95.020000000000024 -0.68301270189221908 5.280036286664652 2018.5000000000002 278.43286220121882 0.93301270189221952 1056.4887500000002 2 330.37089295787285 183.07833333333338 56.105000000000011 0.35718730579677005 -103.01619987342271 -17.198544637114797 -132.11189607181191 104.31289705334818 138.42779463184331 74.660359195968837 9.7631397208144151 477.84000000000009 7.8971143170299758 6.1232339957367663e-16 354.59000000000009 -2.2990381056766571 410.20030296193778 -153.07617418547798 -40.821889780652761 -0.93301270189221919 295.00500000000005
decision_type=2 2 9 2 2 2 2 2 2 2 2 2 2 2 2 2 9 2 2 2 2 2 2 2 2 2 2 2 2 2 2 2 2 2 2 2 2 2 2 2 9 2 2 2 2 2 2 2 2 2 2 2 2 2 2 2 2 2 2 2 2 2
left_child=2 -2 4 16 13 7 8 12 -5 25 23 24 57 31 27 30 29 28 19 21 22 -19 -20 -11 -9 26 -10 -15 -18 43 -14 47 40 -34 42 36 38 52 39 44 -30 46 -35 -4 -36 -44 61 -1 49 -49 -50 -27 -38 54 55 -46 -48 -6 -31 -54 -58 -42
right_child=1 -3 3 6 5 -7 -8 11 9 10 -12 -13 15 14 -16 -17 17 18 20 -21 -22 -23 -24 -25 -26 51 -28 -29 32 58 -32 -33 33 34 35 -37 37 -39 -40 -41 41 -43 45 -45 53 -47 56 48 50 -51 -52 -53 59 -55 -56 -57 60 -59 -60 -61 -62 -63
leaf_value=-3.8596242676191093 -2.4878215375373909 40.352201733835848 -2.0036947550833752 10.075092162289002 1.8331804582372375 0.30344301021331743 13.456857012433668 -13.488416313236238 -0.61893219922422305 6.0778256305320779 13.398288591314785 -20.478025510840776 -9.8822883291245311 10.230178674724243 -5.2594395008282682 -16.450069590924304 -2.6565669959945191 -5.5287055984853497 1.8827696994073257 18.349292603367793 4.0066512890106276 6.5734713656877846 -6.7584223266650687 -1.9973617459012176 -5.4694603343696171 -4.338393293930948 6.2780356158477604 2.9362303849462599 -0.57255760490619378 1.0667562627848566 -2.5723385223268167 -4.5420605810471129 -0.11491236759688471 -1.1379852406161897 6.6309877047887174 3.4247540141626605 0.59878264122696601 -3.6616531790439582 -3.1799679622028458 9.1339668819600544 -0.42322588075818057 1.1233038533245816 -0.71566501861537635 -4.5543889180735837 1.2062860892217031 3.3956388623573193 1.16272798251952 -1.2977694366142596 -4.4265064396336546 3.465751695646587 -0.93632302911880427 -0.013948816120731495 1.1813905282307824 5.4484856781089412 3.1167697557718044 -3.5508916139243447 0.43192410064213427 -3.9406547258345719 -1.320403956564957 4.963118223283816 -0.032773066092879048 -2.3888008122099937
leaf_weight=1.1199597569648165 0.78909128159284481 0.36992055270820856 3.238567535299806 0.46412187186069687 0.2461749783251439 0.59122808184474696 0.40635822899639595 0.36633147648535669 0.90324873966164954 0.54878238006494917 0.34874558378942311 0.34753773990087211 0.23877600580453917 0.28790243179537345 0.34695362183265388 0.20721401111222781 1.0599916358478356 0.22529762517660867 0.48320457991212573 0.32201543031260371 1.0166666880249977 0.3144531429279589 0.4864264614880085 0.32122465036809444 0.2804492984432726 0.54721803986467399 0.44054781971499324 0.29240553942508996 9.3607278333511186 0.74782379297539581 0.28719877637922764 1.2212356426753102 15.33557843393646 2.9313878396060327 0.28757076757028732 1.6106224660761661 7.0938171024899894 0.58134824363514859 0.29856100701726962 0.246866677654907 1.9314734791405492 5.8704141802154473 0.58703495305962838 1.3300115989986805 0.71666417643427915 0.70668834517709911 2.9473619461059561 1.991188898449763 1.0003754983190445 0.46683118422515679 0.76528078271076072 0.55300885485485196 0.48139267368242145 0.27243407606147219 0.98559801536612202 0.34779318957589567 16.551244191126898 0.21464544418267906 4.2750050588510931 0.44816504349000741 193.67445504409261 1.3943548253737388
leaf_count=176 84 89 590 58 67 88 60 57 81 90 46 61 72 60 63 44 156 49 12 73 16 77 92 55 52 64 76 42 876 66 67 116 1735 144 69 88 611 35 73 59 149 181 97 194 151 95 1 206 135 52 93 47 48 55 214 70 669 48 464 62 12884 171
internal_value=0 11.1854 -0.0630331 0.054149 -1.69279 -7.30847 3.82412 -9.365 2.87563 1.96336 6.04421 -13.6697 -5.78025 -1.86881 2.13433 -8.87508 -0.00534453 0.0571018 2.95847 7.80977 0.853707 1.5219 -2.45218 3.0963 -10.0113 -0.0716179 1.64216 6.5549 0.0281532 -0.887812 -5.89083 -2.43424 0.0389058 0.446607 0.935995 1.3332 1.04676 0.570846 2.34452 2.92185 -0.0190334 0.0287238 -0.321018 -2.74626 2.33429 1.53011 0.000370765 -1.95251 -1.44682 -0.393074 -2.91377 -2.16479 0.877519 1.80227 1.31772 -0.34804 0.0198363 -0.856213 -0.964992 3.00466 0.00381293 -1.24729
internal_weight=0 1.15901 292.966 282.694 10.2717 2.77956 4.53326 2.18833 4.1269 3.66278 1.21875 0.994319 1.19401 7.49213 0.927262 0.733189 278.161 268.57 2.84806 0.861766 1.9863 0.539751 0.969631 0.870007 0.646781 2.44402 1.3438 0.580308 265.722 9.59141 0.525975 6.56487 264.662 32.9315 17.5959 13.3708 11.7602 8.60472 3.15549 2.85693 231.73 222.369 4.22511 4.56858 2.61006 1.29372 216.499 5.34364 4.22368 2.45802 1.76566 1.10023 8.02337 2.32249 2.05006 1.06446 213.173 0.46082 5.02283 0.929558 210.226 3.32583
internal_count=22575 173 22402 20903 1499 556 577 468 517 459 191 170 298 943 165 183 20326 19012 319 199 120 126 104 145 109 268 157 102 18693 1314 139 778 18537 3606 1871 1535 1447 756 691 618 14931 14055 336 784 559 192 13874 662 486 258 228 111 721 490 435 221 13554 115 530 110 13553 320
cat_boundaries=0 22 44 67
cat_threshold=524296 256 897581056 0 24576 0 4 0 0 1024 0 0 0 0 0 0 34344098 131073 268435586 32773 24 2097152 2066 0 3221225472 17459 98336 0 129 0 2148532224 536887332 0 0 0 0 0 8384 8388689 4 0 65536 0 268435456 0 524288 8388608 0 0 0 6144 0 128 0 1024 0 268730368 384 4194304 25167872 49152 0 2818637824 2816 384 2147491840 1280
is_linear=0
shrinkage=0.05


Tree=37
num_leaves=63
num_cat=1
split_feature=56 1 55 71 56 66 82 48 80 56 1 72 66 47 69 64 55 54 55 66 66 48 70 64 65 70 64 59 55 91 49 38 53 56 56 70 66 9 49 66 10 24 3 66 3 49 3 54 49 64 10 64 59 55 8 59 48 48 51 66 59 48
split_gain=106481 301476 29838.1 17309.4 29878.7 14887.1 38525.4 26229.8 24549.9 15124.7 12204.5 10942.4 7870.7 9750.04 21203.9 7647.26 7570.19 6986 5411.46 13434.9 4788.52 14762.1 5419.97 4503.7 4471.05 4313.15 3940.96 6053.23 7564.91 10504 4878.45 4838.85 3813.44 3442.28 2906.49 2804.71 5283.36 3085.29 2952.13 2540.26 2303.54 2309.81 2292.51 3377 2103.84 3775 2085.42 4845.59 2796.49 2572.18 2519.29 2345.73 2073.41 2981.59 2023.02 2301.7 1968.39 1873.37 1724.86 1536.88 1483.54 2090.06
threshold=1658.2166168011756 10.500000000000002 -374.04012454139837 -23.752550844839373 467.46399496960311 1083.0100000000002 1.0000000180025095e-35 116.29666555956861 1.0000000180025095e-35 675.21769833461087 8.5000000000000018 0 383.47000000000008 -118.26119514799076 0.83333333333333337 1212.8175000000003 16.367441119475185 233.74269476055787 206.40023111125794 716.67166666666674 634.05666666666673 186.50450427518311 2.5540763637640946 393.67000000000007 1102.4900000000002 0.47373581580441032 825.00000000000011 251.26927714426913 159.79243279680171 1.0000000180025095e-35 -96.269681131395473 1.0000000180025095e-35 -111.28976782675737 109.30515010930688 102.72921762287562 1.2656749276070982 298.90333333333336 6.2810889132455356 -200.23832564135103 30.833333333333339 11.750000000000002 1.0000000180025095e-35 2017.5000000000002 102.43333333333335 2016.5000000000002 68.160346680687908 2019.5000000000002 10.178691857817975 27.184843633719833 410.25000000000006 -10.750000000000002 587.5150000000001 -101.23495364568863 41.365420943204704 2.5000000000000004 4.2423600921703741 -37.363397361372613 -58.560013512076857 130.99398828732475 45.833333333333336 -0.2043490326363113 -6.9118164211502426
decision_type=2 2 2 2 2 2 2 2 2 2 2 9 2 2 2 2 2 2 2 2 2 2 2 2 2 2 2 2 2 2 2 2 2 2 2 2 2 2 2 2 2 2 2 2 2 2 2 2 2 2 2 2 2 2 2 2 2 2 2 2 2 2
left_child=2 10 3 4 25 11 7 8 -7 -8 -2 15 26 14 -14 20 23 -17 19 24 33 22 -22 -16 52 34 32 28 31 -30 -29 42 54 -4 -1 38 39 -38 -34 -37 41 -41 43 -28 45 -35 48 60 -40 -49 59 -52 -15 -54 55 -13 -25 -55 -46 -50 61 -48
right_child=1 -3 5 -5 -6 6 9 -9 -10 -11 -12 12 13 18 16 17 -18 -19 -20 -21 21 -23 -24 56 -26 -27 27 30 29 -31 -32 -33 35 44 -36 36 37 -39 46 40 -42 -43 -44 -45 58 -47 47 49 50 -51 51 -53 53 57 -56 -57 -58 -59 -60 -61 -62 -63
leaf_value=-3.6262865483236819 -11.31466976627191 64.947541573083626 -1.2587329410694452 2.4936187627863875 -20.110088138271188 23.521090807719734 1.5941297517383097 0.68159757446176694 4.8308445403523281 -13.64666883624681 4.7142461435299126 -1.7682354132618412 14.546150829881341 -1.8838794075220067 3.2720253958348273 -1.6268279075041616 6.2287966409049869 -9.647191667003689 -4.4571498943577819 8.5928837957002084 0.33480005204527491 9.5473211107171831 -8.236265535908073 -0.080403261135688478 -4.769752153305574 0.66360871209514605 -3.2039285491461502 -7.8323511961494532 16.673600174297402 1.1635603448446923 1.4641088619773523 4.0554336707613414 -3.4804877373065999 -3.4953321889381188 -9.7229340895108507 -0.027779469525041095 1.5023931075258266 6.0988613483562526 -0.016095840881837103 0.51287224282261479 -0.31024196685323491 1.8388848613873829 -4.4828598579990091 5.5498094423685806 -3.1076465691510791 5.6445226956422916 -1.1468914516807251 -0.73671828037016862 0.85587042505164668 -3.3576865257202635 0.79598880752438406 -3.3182142123051208 0.25831432461756548 6.3124052121443128 -1.8741592139611365 0.96813086611945798 -5.1034720429948024 1.5229572703587315 -5.7379038764796224 3.989074659863574 0.07155655006124774 -0.050726899328172093
leaf_weight=0.43711081705987431 0.2523580645211031 0.23993819230236113 4.3918820999097061 0.44143603253178199 0.41914923791773606 0.42346966802142449 0.36016449169255782 0.47880813875235617 0.30027958797290921 0.29703348688781261 0.22431319206953049 1.3372375604230904 0.41115942248143289 0.72062837425619308 0.5738597216550263 0.4777380796149362 0.72917434223927546 0.6289491590578109 0.51668400247581292 0.51266777724958945 0.55433845007792004 0.36494642426259816 0.27641790616326034 0.3945746468380098 0.43348708376288403 0.3029255224391818 0.2275585285387931 0.2544489954598248 0.22026339173316944 0.2164176048245281 0.31684335973113764 0.91764721134677529 0.6561192695517083 0.31773812067694995 0.3536602770909667 67.889500026823953 1.126246198080479 0.5401835306547581 40.413258248241618 26.549068391555924 7.3420208201277992 3.747725684195756 0.32849223189987242 0.21358469454571605 2.5943874479271476 0.17530482285656035 6.6825449308380511 25.196544294711206 0.64541292702779152 0.97220970457419653 5.9395204440224907 0.36791533697396506 2.7112532951869062 0.37329164403490722 4.1841854439117014 1.8068973398767409 0.38566781207919076 0.4506526815239339 0.82040410907939065 0.99438621592707932 60.486695795785636 12.450734958518295
leaf_count=107 66 60 352 68 46 82 63 47 45 51 55 78 87 101 58 109 93 99 69 68 89 52 62 60 48 42 67 55 56 56 78 50 90 96 79 3316 116 48 6699 2163 481 90 35 55 257 54 198 1675 140 74 1354 85 298 56 705 82 50 71 82 187 1057 417
internal_value=0 19.2371 -0.0599744 -6.21765 -8.75952 -0.0188611 4.4404 9.76039 15.7666 -5.29425 -3.77174 -0.0473756 0.0347718 1.56099 4.16943 -1.15865 2.12146 -6.18494 0.423211 0.90795 -1.79307 1.16517 -2.51705 -0.0903081 0.0677808 -4.40952 -0.0100305 1.8924 3.12131 8.98688 -2.67646 1.60326 -0.0290687 -2.21925 -6.35292 0.00239708 0.198991 2.99237 -0.133734 0.15488 0.484343 0.676901 -1.32051 1.0343 -3.29874 -0.245594 -0.119489 -0.243832 0.152512 -0.834091 1.00992 0.556006 0.560519 1.05879 -1.15403 -0.195678 -2.56327 3.69284 -3.73957 2.75587 -0.0498307 -0.433577
internal_weight=0 0.716609 294.653 1.95428 1.51285 292.699 1.85976 1.20256 0.723749 0.657198 0.476671 290.839 280.237 8.2131 2.49444 10.6021 2.08328 1.10669 5.71866 5.20198 9.49542 1.1957 0.830756 1.3541 4.68931 1.0937 272.024 2.69526 2.12396 0.436681 0.571292 1.68728 269.328 8.29972 0.790771 262 107.195 1.66643 154.805 105.528 37.6388 30.2968 0.769635 0.441143 3.90783 0.493043 154.149 105.789 48.3605 26.1688 7.94723 6.30744 4.25583 3.5352 7.32832 3.14413 0.780242 0.823944 3.41479 1.6398 79.62 19.1333
internal_count=22629 181 22448 342 274 22106 288 174 127 114 121 21818 20566 1059 348 1252 261 208 711 642 1044 203 151 168 574 228 19507 452 319 112 133 207 19055 841 186 18190 6214 164 11976 6050 2734 2253 157 122 489 150 11886 3421 8465 1749 1766 1439 526 425 865 160 110 127 339 327 1672 615
cat_boundaries=0 23
cat_threshold=0 0 0 65536 0 0 0 0 0 805306368 16779267 4352 33554432 67108868 33554448 16827412 526592 168 0 2129920 6291456 8192 1
is_linear=0
shrinkage=0.05


Tree=38
num_leaves=63
num_cat=2
split_feature=49 66 50 60 53 72 66 56 52 49 87 89 48 49 53 50 67 38 55 50 49 68 49 47 65 58 64 10 10 72 49 67 48 49 54 70 3 9 56 55 3 70 66 58 3 65 65 50 47 70 67 9 66 60 4 66 55 68 51 64 3 55
split_gain=57567.8 170991 27909.9 17939.1 23502.5 18150.6 59976.8 40191.7 36907.7 14144.5 10337.6 9204.33 8050.54 10677 7333.05 10122.5 7841.04 13338.5 15004.2 8425.43 7663.84 6692.12 8148.04 5926.71 12105.6 5402.88 4485.82 4647.69 4967.84 3387.51 5129.94 3688.82 3239.18 3161.55 2900.52 2829.81 3162.79 2815.11 2741.22 2620.21 3025.48 2534.2 4586.19 2474.15 2848.46 2344.19 2178.3 2102.39 2238.87 1849.95 3280.37 1825.43 2399.15 1789.64 1891.86 1782.54 1762.88 2078.65 1760.89 2629.1 2932.49 2531.05
threshold=1341.4297942371395 1391.45 -834.29941148701812 1012.3032294823915 412.60195473186457 0 923.94166666666672 883.87941291491859 -173.02491973635111 -491.06187245561205 1.0000000180025095e-35 1.0000000180025095e-35 -403.78679803578353 -491.06187245561205 -485.79698822547965 627.16948707755262 641.2700000000001 1.0000000180025095e-35 16.367441119475185 -295.96559663383857 -214.84740653437191 0.83333333333333337 244.29419626330449 377.97693023540558 1054.4550000000002 632.50406663374542 743.05500000000018 15.294228634059946 9.4910126933919898e-16 1 -116.69107165170652 220.13000000000002 -55.437190550337178 -188.98672684444293 259.85162592912383 1.0414408925613543 2019.5000000000002 2.7554552980815452e-15 162.79966901093488 -96.633610881482952 2018.5000000000002 0.14985170965175407 272.36500000000007 230.44129400695621 2015.5000000000002 485.62000000000006 322.80000000000007 115.67518004649627 85.490069946296032 0.25056144461491786 80.030000000000015 3.2320508075688781 221.51666666666668 109.40941355250784 1.0000000180025095e-35 76.858333333333348 -44.714870682285529 0.58333333333333337 556.11620451193812 234.05000000000004 2019.5000000000002 48.612738733873492
decision_type=2 2 2 2 2 9 2 2 2 2 2 2 2 2 2 2 2 2 2 2 2 2 2 2 2 2 2 2 2 9 2 2 2 2 2 2 2 2 2 2 2 2 2 2 2 2 2 2 2 2 2 2 2 2 2 2 2 2 2 2 2 2
left_child=2 10 9 5 -5 7 14 12 -8 11 -2 -1 13 -4 15 55 25 19 -19 -18 -21 -22 32 24 33 26 29 28 39 30 -16 58 45 38 47 36 46 -34 -14 -28 43 -30 -43 -41 -45 -23 -33 48 -35 50 -27 52 -37 -48 -55 -7 -53 -58 59 -31 61 -61
right_child=1 -3 3 4 -6 6 8 -9 -10 -11 -12 -13 23 -15 16 -17 17 18 -20 20 21 22 -24 -25 -26 49 27 -29 41 31 -32 35 37 34 -36 51 -38 -39 -40 40 -42 42 -44 44 -46 -47 53 -49 -50 -51 -52 56 -54 54 -56 -57 57 -59 -60 60 -62 -63
leaf_value=3.0358543193075791 -5.9992690438254179 45.400765873064231 -16.893640379467406 18.428852129727023 1.0751431957808502 -3.846353147921751 23.005427324982577 -16.920293703235643 4.7868281977767149 -14.22684716349929 6.3012926963821556 -9.4917536331469083 -1.8412105257866345 -2.8104295020351664 -3.2990293548246492 -13.34081528831436 -4.8474043956809254 2.3719728589331086 14.651973084872717 7.320436904478469 -3.1780241163412861 4.8802710296067904 8.1229053835821627 -6.4384548528302448 6.2422831356020687 -2.7074763956047363 -2.2805343319551326 -3.285091192032207 2.7741261610484602 -0.0013729039873982525 -0.59320940714685511 4.1285460642210721 -4.3343897942306322 -1.9287875954322382 1.6695380219566116 -0.35247336436755794 -1.3418969585248128 0.70124813262938135 -5.9126128371433664 -0.16702769531751355 0.44238245656518721 11.648715329690946 2.406618440617093 2.2170091710214743 9.7290171957566329 -0.07502953127618063 -0.9584777281757989 -4.0730427256076789 1.4917725298786735 0.52166989217437199 -9.5909711085214937 0.23750096025649381 1.4835837457638317 -0.20095366936054646 5.009863611919986 2.5042278429918463 -0.11740561710674098 2.4331112631377518 1.2360832063427416 -0.78919600749517871 -1.757437068424518 2.1371681372152618
leaf_weight=0.31540574156679213 0.41764982929453154 0.27665089839138091 0.21613833983428776 0.302390435943379 0.54991763271391392 0.21875000465661187 0.42519673355855048 0.50449559069238681 0.80294487066566833 0.4990596359129984 0.28900294844061136 0.27398857614025474 0.7793111363425822 0.35666455281898279 2.031838020309805 0.2430972158908844 0.59473812696523953 0.67332716472446896 0.394477000227198 0.50013413163833265 0.84319781744852651 0.57940426561981473 0.44319052342325438 0.6842152855824678 0.46415200573392201 0.8544886780437071 0.56825863057747472 0.47243095887824882 1.0242676108609883 225.030566819245 12.703989050816743 0.47565061505884232 0.41931352973915659 3.0715003286022688 0.63571827975101758 3.9682961993385089 3.0808800179511309 0.82086546043865383 0.88056211289949715 0.22414473933167745 1.9894957619253544 0.26772683928720642 0.2691993445623666 0.24142287694849074 0.26439506886526942 0.40584025532007217 1.0780675637070087 0.91861390392296005 0.56663297489285458 0.27109781093895424 0.21704165381379426 1.8501242792699484 3.2252599208150059 0.36423216620460142 0.33384241140447557 0.2232858082279563 0.95739247230812896 4.824030740885064 2.7669824685435733 2.182968706823885 4.5390532831661403 1.1169764120131729
leaf_count=45 64 51 45 56 94 63 93 93 69 57 68 65 97 85 322 60 64 66 73 68 40 61 57 97 83 207 85 88 70 15156 837 99 62 262 93 329 280 85 142 56 35 57 52 73 53 54 206 74 55 40 48 143 355 69 66 37 47 275 58 456 283 265
internal_value=0 12.0773 -0.0408537 -0.0113379 7.23207 -0.0323466 0.0664661 -1.52523 11.0943 -8.03263 -0.968653 -2.78779 -2.39833 -8.12451 0.0210458 -5.14549 0.0335596 1.87345 6.90855 0.706347 1.52965 0.704951 1.93185 -1.98837 -1.57222 -0.00410522 0.0112951 1.44894 1.91018 -0.0169833 -0.575652 0.0362864 0.698906 -2.10154 -1.49432 0.686889 -0.300876 -1.00134 -4.00109 0.807334 1.45258 4.23265 7.01499 4.20583 6.1436 2.83909 1.12344 -1.93571 -1.39604 -3.16821 -4.10175 1.04219 0.47073 0.318672 2.29103 -0.63848 1.58086 2.01075 -0.0178302 -0.0327294 -0.932865 0.201329
internal_weight=0 0.983304 295.801 294.712 0.852308 293.86 284.782 9.078 1.22814 1.08845 0.706653 0.589394 8.57351 0.572803 283.554 0.685133 282.869 5.67449 1.0678 4.60668 4.01195 3.51181 2.66861 8.00071 7.31649 277.194 275.851 5.32134 4.84891 270.53 14.7358 255.794 2.22542 6.85234 5.19247 20.1578 5.33267 1.24018 1.65987 3.28772 2.71946 1.56119 0.536926 0.729963 0.505818 0.985245 2.25179 4.55675 3.63813 1.34263 1.07153 14.8251 7.19356 1.77614 0.698075 0.442036 7.63155 5.78142 235.637 232.87 7.839 3.29995
internal_count=22688 183 22505 22338 150 22188 21062 1126 162 167 132 110 1033 130 20900 160 20740 630 139 491 427 359 319 903 806 20110 19815 569 481 19246 1159 18087 262 723 484 1869 720 147 239 302 217 179 109 182 126 115 440 391 317 295 255 1149 684 341 135 100 465 322 16218 16160 1004 721
cat_boundaries=0 23 46
cat_threshold=262176 0 536870912 327680 0 0 0 0 0 268435456 16779266 4160 33554432 67108868 2147483648 0 603979872 384 1073741824 8388616 2424848 0 1 0 0 0 256 0 0 0 0 64 33554432 1375731712 8 469860352 0 4 8390656 8208 2 545259520 3288369408 320 12 576
is_linear=0
shrinkage=0.05


Tree=39
num_leaves=63
num_cat=3
split_feature=67 52 0 67 63 3 13 9 52 65 82 5 47 65 71 51 33 1 0 48 67 63 54 3 58 63 3 63 70 67 3 51 0 42 51 70 38 47 65 65 49 57 70 67 59 49 49 51 91 63 58 18 47 58 55 60 57 70 3 65 5 67
split_gain=74539.2 244209 17278.4 27185.3 19510.5 18545.8 17294 18812.6 17232.3 18517.9 10255.2 9650.02 9716.58 8191.78 9525.89 6312.24 17146.4 5150.16 4615.86 5722.26 4469.22 5619.48 5273.53 5328.48 12132.1 10725.2 8171.47 4431.73 4406.57 3262.8 10722.6 3911.04 2725.73 2557.5 2462.92 2444.46 2773.16 2234.38 2078.62 2075.25 2719.02 2627.94 2808.82 3185.54 2073.01 3130.24 2018.46 2082.53 1939.07 1877.43 1815.41 1725.46 1653.2 1589.71 1562.1 1629.56 1670.36 1330.99 1295.86 1282.9 1247.98 1316.93
threshold=2625.9500000000003 -339.47536153036287 0 898.23500000000013 1091.9000000000003 2019.5000000000002 0.93301270189221941 -8.5801270189221928 -106.02421351189197 700.50000000000011 1.0000000180025095e-35 -0.68301270189221941 -130.27087450668731 2114.7500000000005 65.040742383988189 -591.36959244272725 -1.0000000180025095e-35 4.5000000000000009 1 -327.89000449385895 223.02500000000003 1021.5045833333335 0.5336464514125131 2016.5000000000002 278.43286220121882 990.47920454545454 2018.5000000000002 860.93458333333353 1.0791346423461576 1222.4000000000003 2017.5000000000002 -388.34600685720744 2 0.6830127018922193 556.11620451193812 0.63395267272478251 1.0000000180025095e-35 -164.83437851235553 1137.1700000000003 633.00500000000011 222.45993350960754 4.6721618939278926 1.5652837177122072 555.96000000000015 277.40138970245835 -116.69107165170652 -9.1214671519005801 -198.68846690969841 1.0000000180025095e-35 1184.6023295454547 179.94486398454086 -4.592425496802573e-16 102.41157574617819 172.28722421945125 173.00521034326675 -30.575194007692822 33.717798392161505 0.63395267272478251 2014.5000000000002 61.050000000000004 -0.5 98.035000000000011
decision_type=2 2 9 2 2 2 2 2 2 2 2 2 2 2 2 2 2 2 9 2 2 2 2 2 2 2 2 2 2 2 2 2 9 2 2 2 2 2 2 2 2 2 2 2 2 2 2 2 2 2 2 2 2 2 2 2 2 2 2 2 2 2
left_child=2 -2 4 15 29 13 7 27 9 -9 -7 -10 -13 17 -15 16 -4 -6 19 48 21 32 -22 24 53 28 -27 -5 46 31 -31 -1 59 39 37 54 50 -34 -19 40 41 42 -30 -44 52 -46 51 -48 -17 -23 -37 -25 -33 58 55 -21 -57 -55 -24 -20 61 -39
right_child=1 -3 3 6 5 10 -8 8 11 -11 -12 12 -14 14 -16 18 -18 38 20 35 22 49 23 25 -26 26 -28 -29 33 30 -32 44 34 -35 -36 36 -38 60 -40 -41 -42 -43 43 -45 45 -47 47 -49 -50 -51 -52 -53 -54 57 -56 56 -58 -59 -60 -61 -62 -63
leaf_value=-6.1671796586113405 48.527429371362118 -7.2524142979349593 14.123329868117279 -0.086103131697346125 -13.170785084179812 -9.9521271696242231 13.030672326936568 21.123499853254149 8.4163835630268373 3.5407091006971516 -24.982383396910862 -3.5458935087971861 4.2323038128098904 7.7143015823857342 -6.6492685040493029 -3.2806442056877332 -1.750851360577909 -1.3388568331722075 -0.52209567646259503 -2.9998252883595957 5.7677710410109562 6.1942147310769409 -1.239558312961605 -4.0681000992195502 11.080218965726592 0.10522183298436139 -9.0263344631318301 -7.3601387772752647 0.18733744310658662 -6.1933597970713166 4.9861005287554176 -1.8551921759119214 -1.8964130518755529 -0.48965963799333712 1.185383070488794 -0.38799092248840261 2.5075904669878466 0.14864882562239368 -7.9318691296062047 -1.3128227344654475 4.3548549010072941 0.099252340137901407 1.8126989160630949 5.0037998108881432 -6.9431312514719217 -0.8039504208015027 3.4493744509189725 -0.26559221330952776 -8.7567400524897518 1.8127411492737828 -2.8418716887785975 -0.94037147332546778 0.73785845433243136 0.53528088024811538 -4.9816858729811626 -1.3792339471145529 2.3268485559490624 5.416103852369738 1.8320688789196724 -1.5872404884348397 -0.040953973814650685 0.94911447914774572
leaf_weight=0.57717391569167276 0.3276158794760704 0.48925735033117135 0.28860622108913958 0.42946103983558748 0.27587440889328607 0.27096789167262603 0.48085719719529141 0.30269499728456217 0.57939617196098048 0.29635843145661056 0.19527372648008168 0.70081580244004793 0.94011899642646046 0.23719058278948069 0.22486072522588074 0.34974174667149682 0.41431504767388005 0.24226778303273022 6.0362672125920636 1.3930335443001229 0.50624382938258605 0.44300595694221456 0.65431503392756274 0.55233131838031146 0.37821495020762075 0.46244003926403721 0.52101375907659531 0.40862979530356824 2.1529133561998552 0.33659493830054987 0.59122445248067379 5.2652747801039359 1.5029773069545616 2.3326252179685971 4.6666151960380367 5.1845411669928581 0.73482472309842695 65.787852571345866 0.23601055634208024 0.71597124147228974 0.75933832069858986 3.4166005987208328 5.3161286590620875 0.91695888340473164 0.46555804670788348 0.37478088517673303 0.45226960233412716 2.2740966894198271 0.30059524020180106 0.54560829838737845 0.88192619266919781 2.1866037708241493 0.69591120234690595 0.23110643750987936 0.37737266020849336 2.2779785296879704 0.35086005483753968 0.35306708398275077 0.72253975528292358 5.3170580875594169 157.21242548315786 5.573594892397522
leaf_count=98 76 58 52 61 71 78 58 59 52 61 40 57 81 65 62 85 93 64 551 124 32 47 190 75 93 80 55 56 258 95 83 714 167 84 50 317 81 4013 59 58 74 257 282 87 62 61 37 329 25 70 70 248 84 55 67 307 81 73 158 798 10055 663
internal_value=0 15.1187 -0.00570606 0.0898974 -1.42854 -7.76867 4.11637 2.94439 4.8995 12.4251 -16.2472 2.86906 0.910366 -4.51836 0.724163 0.0344968 4.76679 -7.73033 0.0227774 -0.679109 0.0755498 0.0139807 0.716725 0.611921 2.88099 0.371301 -4.73249 -3.63272 0.609457 -1.86415 0.930408 -2.21555 -0.0011325 1.03724 0.0462209 -0.987409 -0.393342 0.0251243 -4.59224 1.30548 1.45472 1.26813 1.74435 2.28215 -1.88022 -4.20513 -0.612426 0.350674 -5.81178 3.77611 -0.744729 -1.57111 -1.55248 1.29964 -1.90584 -1.61724 -0.884599 3.48519 0.372357 -0.542818 0.0377593 0.211168
internal_weight=0 0.816873 298.671 288.682 9.98896 1.68245 4.13833 3.65748 2.81938 0.599053 0.466242 2.22033 1.64093 1.2162 0.462051 284.544 0.702921 0.754153 283.841 11.8509 271.99 247.085 24.9048 24.3985 2.33924 22.0593 0.983454 0.838091 21.0758 8.30652 0.927819 7.3787 246.097 15.6105 234.743 11.2005 6.80129 230.077 0.478278 13.2779 12.5619 11.8026 8.386 6.23309 6.80152 0.840339 5.4653 2.72637 0.650337 0.988614 6.06647 2.73894 5.96119 1.96103 4.39924 4.02187 2.62884 0.584174 1.37685 11.3533 228.574 71.3614
internal_count=22496 134 22362 20726 1636 439 485 427 310 120 118 190 138 321 127 20241 145 194 20096 1157 18939 16414 2525 2493 569 1924 135 117 1789 1197 178 1019 16297 1100 14948 1047 468 14898 123 1016 958 884 627 369 921 123 689 366 110 117 387 323 798 476 579 512 388 128 348 1349 14731 4676
cat_boundaries=0 21 42 64
cat_threshold=1049608 0 1434451968 524290 24576 8192 4 0 2147483648 1036 0 0 0 0 2147483648 256 8389266 4325376 130 32768 16 134217762 67109120 2684357632 1057 98336 0 1 0 1179648 268451856 0 0 0 536870912 0 75497536 3072 140 0 1 128 131072 160 0 536871808 5264 0 262330 0 262144 0 2048 1476395008 1 0 0 318767104 262144 0 536936448 16 0 134217728
is_linear=0
shrinkage=0.05


Tree=40
num_leaves=63
num_cat=2
split_feature=56 70 58 85 67 49 63 8 50 37 0 67 64 49 37 47 49 67 8 67 49 67 67 51 50 65 0 64 3 77 56 3 16 52 67 70 3 65 52 50 50 70 59 68 9 52 53 51 13 64 67 47 50 51 53 4 64 3 54 5 71 38
split_gain=63079.2 242892 29815.9 29699.1 25102.2 13812.2 13711.1 13575.1 11624.8 7843 7224.05 19238 21443.3 24769.8 12825.7 10252.4 7351.78 6118.54 5450.02 9365.04 4976.02 4608.01 7100.49 4445.21 4273.98 2916.23 2893.56 4834.32 6264.8 9745.09 3744.29 4935.07 2920.5 2870.44 2522.25 4149.46 2177.64 2677.11 2042.59 1978.14 1932.33 1941.33 1896.42 1856.63 2026.56 2620.9 1746.19 2410.93 1894.67 1712.5 1609.77 1603.46 2121.38 1564.42 1888.61 1532.39 1487.84 3346.72 2380.87 2218.54 2157.37 1637.81
threshold=1150.7708084351104 1.7026086927820485 736.91335734434756 1.0000000180025095e-35 2625.9500000000003 504.42771164042068 1021.5045833333335 2.5000000000000004 45.451181316382552 1.8369701987210299e-16 0 845.37000000000012 63.062500000000007 381.09660011558333 1.0000000180025095e-35 -175.25997650086535 -229.9387713502953 344.37500000000006 6.5000000000000009 1177.3350000000003 -406.01989081307948 1101.6700000000003 1735.2800000000002 -726.66706778206787 -70.817358990846699 665.48000000000013 1 768.65750000000014 2016.5000000000002 1.0000000180025095e-35 242.31883618601373 2018.5000000000002 0.93301270189221952 -208.33881659316202 220.13000000000002 1.0791346423461576 2017.5000000000002 533.11500000000012 -72.315325617397306 147.220200263067 -165.83265083035405 1.6786558946000469 10.253595412677237 0.58333333333333337 3.4820508075688776 -13.969487749746746 -68.278362083458504 17.132821136943885 -0.68301270189221919 121.10000000000001 412.19500000000005 -226.30761615834311 -238.54751717699864 -284.86894262758136 -160.62500711262871 1.0000000180025095e-35 234.05000000000004 2018.5000000000002 8.7385803412850169 0.6830127018922193 14.669872733697996 0.25000000000000022
decision_type=2 2 2 2 2 2 2 2 2 2 9 2 2 2 2 2 2 2 2 2 2 2 2 2 2 2 9 2 2 2 2 2 2 2 2 2 2 2 2 2 2 2 2 2 2 2 2 2 2 2 2 2 2 2 2 2 2 2 2 2 2 2
left_child=2 3 10 6 5 7 -2 -4 9 17 18 20 -13 14 16 -16 -14 -9 21 40 25 39 -23 -8 -18 -12 32 34 29 42 -30 -32 53 -19 51 36 55 38 -38 -1 -20 -42 -29 -37 45 49 -46 48 -48 -45 -41 -28 -53 54 -22 -36 -54 59 -59 60 -58 -60
right_child=1 -3 4 -5 -6 -7 23 8 -10 -11 11 12 13 -15 15 -17 24 33 19 -21 26 22 -24 -25 -26 -27 27 28 30 -31 31 -33 -34 -35 35 43 37 -39 -40 50 41 -43 -44 44 46 -47 47 -49 -50 -51 -52 52 56 -55 -56 -57 57 58 61 -61 -62 -63
leaf_value=-1.4753796307970077 1.8391956675007468 45.737591200686921 0.91315701896035206 13.982416578056206 -16.189069240599625 5.7804657817281839 -16.251576913644865 -2.971883410175773 -13.683136515415379 4.1495768205033023 -1.3405221917190506 15.940768041855302 3.2768556644670457 14.236628763288866 0.32842634073451626 13.775309426627382 -5.1867982365530629 -6.0179408232507798 -5.1899010393106835 9.9341342087547329 -0.71484247983710558 -2.5588755306393365 -11.386659275532544 -6.7814070091523053 0.3372268625134005 -7.6396032301215548 -2.3093082326909973 -1.0968240314887658 1.7487399106582964 13.428042951563667 1.7634873746097708 -5.9017295005739712 -4.6475352038546598 -13.223822832616367 -0.33871211408024204 -0.37043672397081795 1.6547677744745994 -3.5365597864192595 -1.1303447041675989 -1.9854722411773835 -1.0663249688188499 4.4005887398463983 5.3079338174924402 4.8155181389525126 -0.11582989012674721 -0.0092264394387863886 2.1185925398521563 1.1147895548741757 4.7700258033600704 1.3442057309707818 -5.2426874559700485 2.7653556935944743 0.0033228860290732188 -0.67417127752587236 -4.8221847072183843 2.9367124549675281 1.1025182074885103 -0.14845075528400853 -3.0252976830722194 -1.7084640637834552 6.0739997351599264 -0.25994559899802222
leaf_weight=6.4273302345536631 0.32731158565729745 0.36363162379711855 0.86242154869250987 0.23694918630644679 0.41312730964273203 0.38572685373947013 0.23910256987437595 0.71924227359704651 0.44860365474596609 0.22269299859181035 0.42404559720307489 0.32718094601295833 0.69039293425157788 0.39189077983610321 0.26706169033423066 0.30209418665617693 0.8783125774934899 0.25321589666418731 0.20648292172700156 0.24647386395372439 0.59261289844289422 0.71007708739489295 0.33536706841550767 0.25721032498404395 0.5823001342359917 0.32423426653258502 0.7608968960121264 0.27818154613487323 2.7060161419212823 0.27202879125252366 0.41956811002455641 0.42036524182185531 0.54707571608014482 0.30426697921939194 0.79576516128145403 2.2501520875375727 0.84830822679214168 0.90274929162114848 2.9394284794107084 0.82850118726491906 0.72774327779188652 0.20903209550306201 0.19772516726516187 0.44969789776951552 0.99208281212486316 5.1323573528788939 1.6551051894202828 2.7643268723040819 1.1363770682364702 1.6923548872582612 0.69965948117896914 0.68636644748039444 232.47686446690932 8.9032929886598104 0.53033110196702071 0.64775592088699341 1.1837177814450108 2.1176591143012047 2.200486429035664 0.550651050871238 0.26754067582078267 0.70760988211259235
leaf_count=620 77 94 72 45 32 66 59 184 91 56 58 38 88 64 54 65 62 57 46 68 77 88 68 70 72 61 83 84 72 57 78 56 87 54 178 72 117 142 311 72 162 54 58 79 92 423 128 129 77 238 63 53 15006 1135 55 149 309 91 201 141 54 44
internal_value=0 10.4737 -0.0742542 -1.61698 -4.59094 -3.0918 -6.10479 -4.3095 -6.62166 -4.50897 -0.0185404 0.0461506 3.76448 2.48434 0.791205 7.46571 -0.974867 -6.01924 -0.927424 1.09426 0.00193308 -2.26993 -5.39073 -11.3437 -2.98454 -4.06995 0.0128922 0.0544607 1.72067 5.87913 0.843537 -2.07276 -0.560234 -9.95082 0.0293431 0.539238 -0.567118 -1.08975 -0.506586 -1.85982 -0.811516 0.153562 1.56416 0.961476 1.1783 0.603904 1.81643 2.16146 3.19796 2.07297 -3.47677 -0.0176496 -0.0103899 -0.895982 -2.65461 1.13108 -0.0183445 -0.735108 -1.42375 0.993724 2.01901 -2.35242
internal_weight=0 1.42421 296.213 1.06057 3.6093 3.19617 0.823624 2.81044 1.94802 1.49942 292.604 282.213 3.43923 3.11205 2.72016 0.569156 2.15101 1.27673 10.3907 1.38973 278.774 9.00094 1.04544 0.496313 1.46061 0.74828 278.025 267.452 4.29388 0.747936 3.54595 0.839933 10.5733 0.557483 263.158 22.2065 6.13401 4.69049 3.78774 7.95549 1.14326 0.936775 0.475907 16.0725 13.8223 7.27441 6.54789 5.55581 2.79148 2.14205 1.52816 240.952 240.191 10.0262 1.12294 1.44352 239.505 7.02766 5.02576 2.00191 1.45126 2.9081
internal_count=22636 345 22291 251 612 580 206 514 442 351 21679 20438 443 405 341 119 222 295 1241 330 19995 911 156 129 134 119 19876 18522 405 199 206 134 1354 111 18117 2135 897 570 428 755 262 216 142 1238 1166 740 426 334 205 317 135 15982 15899 1267 132 327 15846 840 336 504 363 245
cat_boundaries=0 21 43
cat_threshold=524308 128 536870912 524448 33554448 0 6 0 2147483648 536871945 0 0 0 0 2147483648 0 1923 131208 128 5 16 10 256 1342177284 1554 82976 0 161 0 1179648 4 1024 2097152 0 524288 0 8256 276824080 134217728 0 0 0 2097152
is_linear=0
shrinkage=0.05


Tree=41
num_leaves=63
num_cat=4
split_feature=56 67 0 66 67 70 58 58 67 53 59 68 10 51 58 60 51 20 77 34 58 50 66 50 1 0 66 60 54 70 66 71 73 55 66 60 55 52 8 59 55 52 71 70 56 48 67 70 50 59 70 0 50 8 9 56 8 70 55 66 70 53
split_gain=65590.9 208663 16066.3 52306.9 13527.8 15297.6 13479.6 10124.9 10100.4 12793.6 10376.2 8079.9 7303.03 14425.8 7259.09 7131.97 11173.9 7009.41 6669.92 5797.21 4863.05 3364.85 3302.9 5709.63 3006.5 2664.02 4139.2 2478.58 5079.52 4718.96 3857.4 2379.77 2223.47 4282.66 3094.33 3072.9 3072.32 2567.17 2419.3 2012.91 3345.94 1991.11 2662.62 1978.49 2113.47 2303.09 2723.12 1942.18 2692.44 1895.16 1785.08 1768.65 1759.03 3171.8 1738.02 1931.09 1599.74 1460.74 1420.54 1378.09 1344.71 1347.66
threshold=1658.2166168011756 1101.6700000000003 0 1250.1550000000002 845.37000000000012 4.4419841803327476 736.91335734434756 271.88077645319635 2155.0000000000005 -33.197857443507722 226.97775096368397 0.83333333333333337 10.196152422706634 1.3705942397109772 632.50406663374542 576.73432207869882 -370.09164678961218 -2.7554552980815443e-16 1.0000000180025095e-35 -0.5 485.31592581951446 -103.69395167995661 634.05666666666673 171.80949811996442 2.5000000000000004 1 439.71166666666676 493.44775276268541 139.24865849789308 0.23381860075408464 181.65500000000003 -69.202731668663347 2 -47.527734899207211 108.60833333333335 -25.393374132472427 105.94024179615741 190.63233933755814 5.5000000000000009 251.26927714426913 -69.034091296229221 41.525933276445784 15.530309367336516 1.2779397363465161 93.418766774517749 -28.151990659862602 354.59000000000009 0.35718730579677005 41.29681986069523 102.39463482876342 0.60563789440536098 3 -46.956149693069015 2.5000000000000004 12.312177826491071 195.19013550281457 3.5000000000000004 0.89574304034166541 38.059262983375028 404.90500000000003 0.88734130200822292 -63.771882736794119
decision_type=2 2 9 2 2 2 2 2 2 2 2 2 2 2 2 2 2 2 2 2 2 2 2 2 2 9 2 2 2 2 2 2 9 2 2 2 2 2 2 2 2 2 2 2 2 2 2 2 2 2 2 9 2 2 2 2 2 2 2 2 2 2
left_child=2 11 6 4 14 12 15 -7 9 17 -11 -2 19 -14 25 16 18 -8 -1 -6 -21 24 54 -24 -18 49 31 28 29 -16 -30 -27 34 -34 51 36 38 47 -36 40 56 42 -28 -35 -45 46 -46 48 -37 -4 -49 -33 53 -53 55 -23 -26 -39 -47 -51 -40 -62
right_child=1 -3 3 -5 5 7 8 -9 -10 10 -12 -13 13 -15 27 -17 21 -19 -20 20 -22 22 23 -25 39 26 41 -29 30 -31 -32 32 33 43 35 37 -38 57 60 -41 -42 -43 -44 44 45 58 -48 50 -50 59 -52 52 -54 -55 -56 -57 -58 -59 -60 -61 61 -63
leaf_value=-13.048738956445385 2.9515699526044124 54.862155048699996 -0.70201339348338887 13.423416783908259 3.6638794481662176 4.4022186060220356 -2.5588282192709912 14.454684020464072 -13.827479822905474 7.7940717789496139 -5.9770483087275501 -10.432339015029804 11.580300496491567 -2.3216706830049687 -2.8464768660446294 3.1937426406477747 -7.0308847912598287 -12.943834205075149 -3.3854583395586779 0.2135120884883549 -6.2237051090263584 -1.3128168250481451 -1.4512317451610826 7.7511926422697117 -1.3812520093663538 2.1066489040984782 1.6759608094809839 2.0285476297703946 -2.3743888845403016 4.8616853685190842 -9.3101608544538639 -0.30219162008738576 -1.4687632367742562 -0.33186071973394132 0.085384767439070058 7.7630292523589652 4.0670884014179611 -3.4734229413733297 -4.8828083982696135 -5.4099737946007149 1.8262080729066152 -0.75015589695266827 5.6942156826829278 0.066847909968562519 0.99807353997293036 1.7031584180293717 4.9920936587060822 -1.0249705763062325 0.79226698037495402 -4.2080581785628679 1.595655272765061 1.1672206743191411 0.088422199554267653 -0.57684085200695223 0.25314000611827486 -3.8951027258686284 -5.6858939640088266 1.1943938634573585 -1.2124647407204521 -0.36872573978963807 -3.1355667989975959 1.4868195607205743
leaf_weight=0.36130953067913374 0.21600275253876944 0.22536630509421229 11.441185023402793 0.73284026002511282 0.48886712198145721 0.68235289817675926 0.25717096053995181 0.39577539078891277 0.39303739136084903 0.28089579311199386 0.26661770069040358 0.23594322893768549 0.39609758765436698 0.35282803629525006 1.0120312680955974 0.63711638422682959 0.44515542848966871 0.44130101660266519 0.35307055409066379 0.62400734447874062 0.5537609385792166 2.4792347536422326 0.4321702190209179 0.27633090526796877 0.47184220049530268 1.4066949766129244 1.7449733510147778 0.24073860910721112 0.34650436369702209 0.24702170863747586 0.4756571997422725 18.287564049009234 6.2201766911894074 34.786243024282157 3.7489235012326381 0.28979978803544959 0.39695185422897328 0.41441307030618268 0.40581137081608154 0.43232033564709116 0.48697101348079719 0.54017907078377891 0.53979221079498518 21.000698170624677 1.0173936120700093 0.75360580929554888 0.73512260313145805 0.70820222282782008 0.26537152868695557 0.69788241386413463 7.8816292975097895 9.5638661254197341 148.44510365603492 3.5837205620482555 1.0490699051879344 1.0226185692008583 0.39778901403769851 0.28142334427684546 0.93742662481963634 0.35141760786063969 0.37924259249120951 0.26990978862158954
leaf_count=88 54 54 951 87 69 78 63 69 41 53 50 64 50 52 244 88 41 84 40 62 55 175 62 61 37 57 200 51 75 40 75 1553 778 2015 336 63 85 89 94 39 64 98 77 1373 85 62 76 124 59 109 648 254 9955 718 80 94 83 31 72 42 76 56
internal_value=0 15.5618 -0.0156735 0.0797734 0.0480282 3.14006 -1.36862 8.09243 -6.83893 -4.63444 1.08807 -4.03564 0.929688 5.03091 0.00936698 -1.90229 -2.29786 -9.12017 -8.27282 -0.913254 -2.81313 -1.72824 -1.0377 2.13791 -3.35391 0.0326961 0.0734077 -2.77465 -3.33025 -1.33416 -6.38704 0.0556388 0.044558 -0.191438 0.127101 0.822538 -0.160511 1.34208 -0.509844 -2.43893 -1.49212 1.97986 2.6253 -0.0896192 0.255111 1.40325 2.67343 1.56484 4.43101 -0.493461 1.37959 0.0760144 0.129503 0.691831 -1.53209 -2.0669 -3.35029 -1.58558 0.0868779 -2.92224 -2.62505 -1.21363
internal_weight=0 0.677312 294.127 283.643 282.91 3.49369 10.484 1.07813 1.63902 1.24599 0.547513 0.451946 2.41556 0.748926 279.417 8.845 8.20788 0.698472 0.71438 1.66664 1.17777 7.4935 5.25942 0.708501 2.23408 277.095 264.604 2.32195 2.08121 1.25905 0.822162 261.779 260.373 65.4507 194.922 15.0417 5.20084 9.84084 4.80389 1.78892 1.3566 2.82494 2.28477 59.2305 24.4442 3.44355 1.75252 9.145 0.555171 12.4905 8.58983 179.88 161.593 13.1476 4.55092 3.50185 0.869631 0.695836 1.69103 1.0493 1.05496 0.649152
internal_count=22558 172 22386 21143 21056 435 1243 147 291 250 103 118 288 102 20621 952 864 147 128 186 117 736 472 123 264 20136 19034 485 434 284 150 18659 18602 4461 14141 1661 647 1014 562 223 184 375 277 3683 1668 295 161 894 122 1102 772 12480 10927 972 349 269 120 120 134 151 226 132
cat_boundaries=0 21 41 42 60
cat_threshold=524288 256 1694502912 0 0 0 5 0 0 16384 0 0 0 0 2147500032 80 2707 135169 67108992 32789 8 18 128 1024 1058 65568 0 128 0 2147483649 269485088 524288 0 0 168296448 0 8324 4456480 128 134217728 65536 37299120 402718720 1048576 1048576 0 0 0 274490 0 0 0 262144 2139095040 1 0 268435552 318769664 268435456 16384
is_linear=0
shrinkage=0.05


Tree=42
num_leaves=63
num_cat=2
split_feature=56 1 53 66 1 54 65 51 1 71 50 3 70 3 0 66 49 8 27 54 64 57 55 57 8 54 50 56 63 0 66 70 47 50 70 70 15 58 64 49 57 70 9 3 14 64 55 56 3 50 66 70 8 63 54 32 51 66 8 64 70 71
split_gain=46920.3 219976 15425.8 19615.2 17779.2 13818.4 37111.5 14858.4 7766.91 9614.46 7666.39 7753.89 6014.29 9894.65 4883.31 9764.49 10871.4 8061.21 7260.2 6891.3 6402.87 6026.45 6576.75 4502.67 4379.35 4743.94 4137.6 3812.26 3693.97 2946.24 3203.09 4741.7 2862.65 2705.57 3255.94 3435.7 2589.2 3852.92 2469.07 2567.96 2697.62 2421.24 2366.88 2346.33 2330.48 2325.25 2309.6 2272.36 1992.8 2520.04 1959.42 1955.57 1913.17 1905.8 1667.64 1570.77 1542.05 1735.8 1432.16 1408.75 1388.79 1343.62
threshold=1410.9952615166201 10.500000000000002 -292.87477104726889 1183.7366666666667 1.5000000000000002 404.46079708923304 1374.4650000000004 -150.33863590486612 2.5000000000000004 199.76607218587864 -459.53527056047687 2018.5000000000002 1.4624014935286411 2019.5000000000002 0 404.90500000000003 186.45279177548318 4.5000000000000009 1.0000000180025095e-35 247.34083689649825 634.10250000000008 63.956676213831422 69.500797485532374 165.35857169982685 4.5000000000000009 60.994064215562389 -385.1878035892824 386.29728588462456 1218.6062500000003 1 202.28833333333338 4.6457848705134035 -404.39147722180758 -107.66075893080743 1.7795951826963867 3.1795852534562212 1.0000000180025095e-35 263.63355489127201 1003.6600000000002 -200.23832564135103 -157.24282587610017 1.0414408925613543 4.2862637970157366e-16 2014.5000000000002 0.25000000000000006 238.75000000000003 48.612738733873492 170.69488147984734 2019.5000000000002 -82.468590793857345 676.91500000000008 2.0709647495361785 2.5000000000000004 532.08916666666676 100.79764479707269 0.25000000000000017 -30.110376124612969 233.18833333333336 8.5000000000000018 571.40000000000009 0.17026767330130407 1.2852062588904707
decision_type=2 2 2 2 2 2 2 2 2 2 2 2 2 2 9 2 2 2 2 2 2 2 2 2 2 2 2 2 2 9 2 2 2 2 2 2 2 2 2 2 2 2 2 2 2 2 2 2 2 2 2 2 2 2 2 2 2 2 2 2 2 2
left_child=2 8 4 10 -1 7 -7 -5 -2 -10 11 -4 24 -14 23 26 18 19 21 -18 -19 22 33 43 32 -26 -16 -23 -27 41 38 36 -6 51 -35 -36 37 58 39 -31 -41 -28 -40 54 56 -42 -47 -34 49 -48 55 -17 -46 -38 -12 59 57 -43 -32 -45 -51 -61
right_child=1 -3 3 5 12 6 -8 -9 9 -11 14 -13 13 -15 15 16 17 20 -20 -21 -22 27 -24 -25 25 28 29 -29 -30 30 31 -33 47 34 35 -37 53 -39 42 40 45 44 -44 50 52 46 48 -49 -50 60 -52 -53 -54 -55 -56 -57 -58 -59 -60 61 -62 -63
leaf_value=-13.332199167884454 -11.697989480574343 42.943320913859957 1.6890124798376658 8.5933843270968691 1.4083829540715618 -0.29674722262999981 24.203038212208977 -5.2135339562365814 5.577299470791317 -8.2218382491225288 -2.4456559480613844 -7.1469324477192346 -4.810141351670044 6.6089593805706661 3.8470314143257731 -0.092502604551162826 3.2430989281701574 5.7938135859419084 6.2622154893060049 11.38728965746234 -4.8123670194377866 -0.83344308148357082 5.9533674317933976 -5.9336331303263528 -2.5348747666539082 -4.9238956807469725 -1.9212999194820153 -8.2781070766973919 -12.737496448333177 -2.1136505056839647 0.76591902713531712 4.0421599782942312 -0.91836223060240485 -0.08276542266021783 6.8234433549821567 0.6039857273674637 1.2875302554373698 -3.1219437878512313 0.94684427283549266 3.1336490668027128 0.021625662780525561 0.10207230682749541 6.0779233161834441 -0.65592096249749277 -4.2481857149324904 -1.2743288830797113 -2.7559508280355107 -5.72482361538981 -1.020138415533355 -0.29794785719419337 1.6044305474444664 -3.7701916293874085 -0.34282775722940473 5.10443690616985 -8.3803645478555371 -2.8038232705478072 -0.6847267130701733 3.7848446698584968 -2.3952898349177727 -1.1287649429246114 3.7383548587768169 -4.4182628413758396
leaf_weight=0.3817176588345309 0.26496108644641825 0.35205917595885694 0.3743686161469657 0.37826566630974412 0.62431773031130422 0.32143257185816765 0.2977514925878495 0.40188358142040559 0.25974569749087095 0.24557006056420505 0.36352843744680008 0.73722733021713793 0.32314264774322499 0.45939808571711183 0.69577619712799688 0.9975982517935329 0.44608698901720323 0.29166359431110311 0.55619447864592064 0.62180135678499937 0.27786004124209285 0.39609173173084844 0.56772068724967528 0.51751274173148054 0.81071347324177601 0.3438342222943902 5.5827338029630464 0.30389874614775181 0.27007643645629287 1.4463487528264511 4.9759615699294937 1.093572271754965 0.59832744626328416 1.6783598845358936 0.43662036187015463 0.45183847658336163 1.3563273039180783 0.83029682934284199 0.84991969587281235 0.6846014887560149 232.29817819385789 0.68638681294396542 0.30554775125347078 7.1958947980310715 0.546454540453851 6.7115817489102465 0.25357055780477811 0.41748490533791482 1.1954462800640611 0.2822410606313499 0.67776460084132928 0.56684944056905806 0.73592572752386332 0.43094400130212296 0.17552378703840077 1.2863280987367041 1.1792532000690701 0.5993318222463131 0.38608153606764961 0.77341633383184649 0.87010332359932363 0.51856162818148732
leaf_count=54 64 80 92 51 87 50 54 53 59 64 110 92 81 56 73 114 57 70 51 63 66 65 71 70 174 67 704 51 61 180 615 91 74 201 47 65 143 91 100 57 15373 64 87 498 29 697 75 49 107 80 101 57 94 59 52 103 104 57 109 100 192 74
internal_value=0 10.2008 -0.0422282 0.00215825 -3.03989 5.90742 11.4846 1.48093 -4.76435 -1.12872 -0.0269169 -4.17112 -2.01872 1.89355 -0.0106445 0.0455295 1.81505 5.4232 0.82296 7.98523 0.619254 0.262616 0.907363 -0.736175 -3.01766 -5.04565 -0.00363748 -4.06552 -8.36132 -0.0138129 0.0308061 0.954538 -1.25614 0.213938 1.21288 3.66045 0.531392 0.047521 -0.00215921 -0.0130902 -0.000551171 -0.608837 2.30369 -1.16125 -0.278267 -0.00943188 -0.784118 -2.89375 0.480638 1.75674 -0.995343 -1.42505 -2.007 2.20786 -4.37809 -1.17562 0.621091 1.81878 0.538303 -0.928865 2.74975 -2.44907
internal_weight=0 1.12234 289.838 285.609 4.22901 1.39933 0.619184 0.780149 0.770277 0.505316 284.209 1.1116 3.84729 0.782541 283.098 271.589 7.59258 1.63741 5.95517 1.06789 0.569524 5.39898 4.69899 11.5085 3.06475 1.42462 263.997 0.69999 0.613911 263.301 253.971 9.07318 1.64013 4.13127 2.56682 0.888459 7.97961 6.19234 244.898 243.742 242.296 9.33009 1.15547 10.991 3.74735 241.611 9.31294 1.01581 2.60136 1.40591 10.452 1.56445 1.28238 1.78727 0.539052 9.7742 2.46497 1.28572 5.36204 8.48787 1.15234 1.29198
internal_count=22629 267 22362 21659 703 208 104 104 187 123 21451 184 649 137 21267 20159 978 256 722 120 136 671 555 1108 512 302 19181 116 128 19108 18056 1108 210 484 313 112 1017 815 16948 16761 16581 1052 187 1038 348 16524 1151 123 454 347 876 171 123 202 162 775 225 121 724 672 272 174
cat_boundaries=0 22 42
cat_threshold=2148532230 0 4 34 16384 0 4 0 4096 1044 0 0 0 34078720 0 8192 8389568 135173 268435586 4 512 136314880 557056 0 536875008 785 33620000 0 136 0 1179648 537133121 4096 16777216 0 0 0 301990144 268435456 33587352 0 131073
is_linear=0
shrinkage=0.05


Tree=43
num_leaves=63
num_cat=3
split_feature=49 66 0 66 63 3 76 66 56 55 50 66 49 70 56 52 1 51 70 52 56 14 56 48 60 52 56 10 48 9 58 4 50 15 57 0 63 56 9 3 66 52 3 49 49 56 53 63 33 9 3 63 55 63 38 37 47 58 48 66 0 70
split_gain=34348.1 64872.1 20187.5 26563.7 13647.1 15343.2 20603.1 17828.4 17324.8 12873.5 7696.03 6143.83 10406.7 26486.9 14467.5 6095 6033.55 4883.6 4039.72 6410.97 7417.91 5964 4050.76 3864.05 3694.86 6801.06 4588.95 3693.49 4428.61 3641.93 3553.26 3517.53 3427.62 3990.96 2742.74 2730.1 3475.05 2723.04 2558.91 2298.74 4140.48 2710.03 2289.34 2261.12 2760.99 2246.57 2098.29 2020.76 1961.02 1961.74 4492.31 2451.25 1919.17 1842.99 1824.21 1790.1 1694.26 1601.04 1359.22 1521.55 1952.03 1777.67
threshold=973.41627133553527 1391.45 0 1083.0100000000002 835.38666666666688 2018.5000000000002 1.0000000180025095e-35 1083.0100000000002 883.87941291491859 188.28080804191487 -281.47138233672314 221.51666666666668 -491.06187245561205 1.1214764737540082 630.53026699585814 -424.72545716431574 8.5000000000000018 -298.70273335167104 1.5858994373929922 -110.75427174761218 217.20694500277531 0.93301270189221952 114.58017289601717 -361.4585219451219 -52.299423152911039 -352.39171687080085 346.37055702308044 -6.0310889132455374 -259.86403657735667 -5.3480762113533151 531.35399256939138 -0.6830127018922193 -122.62513722275712 0.25000000000000017 -11.305205135371374 1 1056.4887500000002 175.80579466328138 -8.2500000000000018 2019.5000000000002 396.47000000000003 -195.64650084879162 2018.5000000000002 -200.23832564135103 -145.22786192453088 153.57939137537679 -185.38731289098277 195.08250000000001 0.93301270189221952 12.312177826491071 2018.5000000000002 467.11666666666667 -141.02187395710936 1360.811666666667 1.0000000180025095e-35 1.0000000180025095e-35 -142.14000022002747 179.94486398454086 -69.481449811109073 58.346666666666671 2 9.9189329325568298
decision_type=2 2 9 2 2 2 2 2 2 2 2 2 2 2 2 2 2 2 2 2 2 2 2 2 2 2 2 2 2 2 2 2 2 2 2 9 2 2 2 2 2 2 2 2 2 2 2 2 2 2 2 2 2 2 2 2 2 2 2 2 9 2
left_child=2 9 4 11 24 7 8 15 16 -2 -11 17 13 -13 18 -6 23 -4 21 20 -20 30 -23 -7 26 -26 52 34 -29 37 31 42 -31 -34 -17 47 43 -21 45 41 -41 -27 56 -37 54 -33 -38 -19 49 -40 -51 -52 -1 -48 -45 -43 -14 -44 -46 -60 -61 -62
right_child=1 -3 3 -5 5 6 -8 -9 -10 10 -12 12 14 -15 -16 27 -18 35 19 29 -22 22 -24 -25 25 39 -28 28 -30 32 -32 38 33 -35 -36 36 46 -39 48 40 -42 55 57 44 58 -47 53 -49 -50 50 51 -53 -54 -55 -56 -57 -58 -59 59 60 61 -63
leaf_value=-5.2134958292792826 10.605126560851794 25.894093916300704 -2.4966918614726188 9.2619708449481379 -11.165187525348012 -14.806477618377768 0.078071913128713699 8.1112257822410516 -21.653039065680254 -7.0393184873205072 3.0094696409515613 17.449501682496983 6.3969609815912341 -4.8988242884717135 -7.8971549876997447 4.0570794236025502 -3.1402183739462619 -0.55156669480914655 1.8173527467092763 1.3993953485139663 11.981163734411059 1.307774339738031 8.5989900002883513 -7.6477364315318006 7.0918430025541728 -8.3133938226018582 -8.3570027008626386 -9.8846320055277648 -2.1249407886723883 -1.5492044366632081 3.860213288946293 -1.0569149765474231 0.42727094908777685 5.0186610349380949 -2.7645628531947315 -1.8081936541425343 6.046639376560405 5.2293623828153475 -0.80046650346804959 -1.6875008343763629 2.8086012860428573 -2.9465151236036213 1.3004526199163378 0.73212614704988754 -0.58018061421980316 -6.3833947098339472 3.2133503221940289 -1.9248085511292665 -2.9163685943958431 5.1768890710862712 1.5298246740445993 -2.8581741660178568 -1.4446724806899189 -1.4553648505701693 3.6501975065531433 1.7115784878452656 1.8889661019905291 -2.222744120877612 -0.0043951526256990128 -0.29804493279642402 0.59414955384838375 1.9517299147750298
leaf_weight=0.43749599740840506 0.27872821269556769 0.36553757009096433 1.9984408973250527 0.78048455901443858 0.28176439250819418 0.36638055113144197 0.50808063801378001 0.33930948004126538 0.33194790966808785 0.37637801701202978 0.38588826404884469 0.30562847573310392 0.30366380792111169 0.23415827658027411 0.4753919702488919 0.23022042750380933 0.34483396005816758 8.5347646633163077 0.40172403934411693 0.99491645372472681 0.32454904937185347 0.42336973734200078 0.34631313593126833 0.38824989972636104 0.25652795401401807 0.19737441278994117 0.37409545783884812 0.32411153684370242 0.42495918716303982 1.3390321373008189 0.56760529195889908 0.44017782481387691 1.8806580153759567 0.63245859136804927 0.40934108942747138 1.6836964888498176 0.3366644058842212 0.86983888479880989 3.5577802201732922 1.7506010418292137 0.72376035037450481 1.0432636516634355 1.0121391515713183 1.5793058827985071 9.2667710646055621 0.35975194675847888 0.54852931899949797 3.9044670537114134 0.70868443651124824 0.51403858419507731 0.74522722233086802 0.55551606020890176 1.4821035780478269 0.34391326806508005 0.81040353095158923 0.2570781623944639 0.66456628497690429 0.47321544215083111 219.25860727205873 5.7531157503835857 15.160921954084193 2.8674133608583352
leaf_count=71 57 65 332 78 66 63 90 68 64 74 69 49 57 52 42 60 43 655 62 101 52 54 65 55 56 53 48 83 91 91 36 68 140 59 100 220 25 75 459 141 85 240 122 151 1015 56 79 501 98 101 68 69 205 83 28 66 133 44 12900 684 1571 64
internal_value=0 7.77308 -0.058649 0.0484114 -1.57528 -5.39932 -8.57178 -2.3377 -11.642 1.41002 -1.95224 0.0252982 0.9165 7.75485 0.706658 -4.46021 -8.61955 -0.0340954 0.945637 1.93425 6.35925 0.348766 4.5884 -11.1234 -1.67507 -0.7986 -3.29091 -3.09971 -5.48244 1.37211 0.0192314 -0.214322 0.494065 1.58275 -0.309003 -0.0158715 0.0296581 3.18593 -0.793892 -1.30819 -0.372373 -2.85423 1.41111 0.0180942 0.0301671 -3.45239 2.68307 -0.544709 -0.444192 -0.118092 1.21967 -0.344184 -2.30363 1.41421 1.72171 -2.02561 3.3028 0.178006 0.0141457 0.0368065 0.416675 0.521054
internal_weight=0 1.40653 301.429 290.958 10.4715 3.9492 1.93949 2.00971 1.43141 1.04099 0.762266 290.177 18.1304 0.539787 17.5906 1.6704 1.09946 272.047 17.1152 6.44318 0.726273 10.672 0.769683 0.75463 6.5223 4.22861 2.2937 1.38863 0.749071 5.7169 9.90237 9.33476 3.85215 2.51312 0.639562 270.049 257.609 1.86476 6.88118 3.97208 2.47436 1.49772 2.45358 256.38 254.697 0.79993 1.22911 12.4392 6.08125 5.37256 1.81478 1.30074 1.9196 0.892443 2.38971 1.30034 0.96823 1.48535 252.307 243.04 23.7815 18.0283
internal_count=22552 265 22287 20539 1748 783 315 468 225 200 143 20461 2153 101 2052 400 161 18308 2010 580 114 1430 119 118 965 641 324 334 174 466 1311 1275 290 199 160 17976 16820 176 919 585 226 359 356 16633 16413 124 187 1156 795 697 238 137 276 162 179 306 190 166 16234 15219 2319 1635
cat_boundaries=0 21 39 60
cat_threshold=134217744 256 83888640 0 24592 0 32 0 2147483648 268435457 0 0 0 0 2147483648 388 34078866 4325381 130 32772 8 2 16777216 536870916 945 5152 8192 134 0 1310720 8388648 524288 67108864 0 1048576 1 37749760 5 128 0 0 128 0 0 1107296256 16400 0 0 1048592 4096 2097152 0 839385088 32 16777216 0 16781378 671154180 67109120 512
is_linear=0
shrinkage=0.05


Tree=44
num_leaves=63
num_cat=4
split_feature=56 67 0 66 51 49 66 1 66 37 64 3 71 0 67 46 3 56 64 36 15 56 49 18 66 66 70 53 51 56 67 65 67 1 72 64 66 65 66 0 67 70 49 9 66 56 52 53 70 3 64 70 70 65 66 46 52 51 3 56 71 60
split_gain=46969.2 155357 11126.7 30802.1 30518.6 22623 15319.1 9347.14 8026.14 9617.71 7792.19 23279.4 7637.59 4146.51 6784.26 7698.31 4298.75 10954 4198 4998.5 4375.47 4035.49 3933.47 3768.85 3467.1 2825.55 2774.58 2570.47 2469.99 4121.01 4766.06 3318.3 2429.55 2264.56 2209.5 2813.38 2184.5 2053.77 2004.52 2364.61 1981.24 1887.59 1837.58 1745.54 1534 1642.95 2515.31 1533.09 1892.67 2089.47 1754.83 1718.98 1614.6 1448.33 1630.29 1381.2 1374.11 1359.46 2453.39 4013.18 1330.38 1187.61
threshold=1658.2166168011756 1101.6700000000003 0 1183.7366666666667 -258.46456985056312 758.81417068428061 1910.4633333333334 8.5000000000000018 716.67166666666674 0.25000000000000022 1157.2650000000001 2018.5000000000002 -15.389895436090081 1 483.7050000000001 1.0000000180025095e-35 2016.5000000000002 162.79966901093488 87.52500000000002 -1.0000000180025095e-35 0.68301270189221941 201.75640841585374 -72.271068583695566 -0.93301270189221908 857.41166666666675 472.44166666666678 1.0589890546395899 183.93017970456404 -316.79008257570439 510.20278769736791 1177.3350000000003 1020.4600000000002 773.0350000000002 5.5000000000000009 2 910.04000000000008 634.05666666666673 563.0200000000001 17.35166666666667 3 223.02500000000003 0.66432553527898275 27.184843633719833 4.7500000000000009 589.25166666666678 61.925795111713093 -153.78547350588966 96.822737122032933 3.3902073236402805 2017.5000000000002 513.52500000000009 1.0791346423461576 0.86937058799234623 241.12000000000003 149.6166666666667 0.6830127018922193 20.695016392626496 371.39740933721708 2016.5000000000002 254.66699183108221 9.7221617380989631 -305.4060525827266
decision_type=2 2 9 2 2 2 2 2 2 2 2 2 2 9 2 2 2 2 2 2 2 2 2 2 2 2 2 2 2 2 2 2 2 2 9 2 2 2 2 9 2 2 2 2 2 2 2 2 2 2 2 2 2 2 2 2 2 2 2 2 2 2
left_child=2 7 5 8 -5 6 10 -2 13 24 23 12 -12 22 34 16 17 -16 -18 25 21 42 32 -1 -10 -20 -19 60 31 30 44 36 56 -29 53 38 -25 -32 61 41 -41 -40 -21 -23 45 -30 -47 48 49 52 -51 -49 -42 54 -15 -55 -4 58 59 -37 -24 -36
right_child=1 -3 3 4 -6 -7 -8 -9 9 -11 11 -13 -14 14 15 -17 18 26 19 20 -22 43 27 28 -26 -27 -28 33 29 -31 37 -33 -34 -35 35 57 -38 -39 39 40 47 -43 -44 -45 -46 46 -48 51 -50 50 -52 -53 -54 55 -56 -57 -58 -59 -60 -61 -62 -63
leaf_value=2.492074210840026 -9.2922662886999507 46.33926603983867 -1.5511686318076059 20.089049892038787 -0.1898709641030969 8.060361402800881 -12.200255544806884 4.9209298591815864 4.2423777472926805 10.108269460340175 -5.0404538563360308 -13.755850719905325 6.8398149941009025 -0.6977022936675914 -0.79393533075014922 4.8960299086234036 4.823144649590942 13.792789611420941 0.42664922282886214 -1.6943784872835685 2.1367462472889573 -5.9907903898170503 -0.46940960409820526 -3.7954581987076481 -1.564771433592373 5.3005778954597078 5.5675868055066342 -0.14688219205962511 -0.91298831553372806 2.685323461893224 -9.5852117150473433 -8.0563425229265686 -6.1969803492794888 -5.3384553384699283 1.4812388829354437 0.91677740517289896 0.99204323119570459 -3.2607181193136534 -2.4845928750190636 0.24168763939211735 5.0505676116568514 -0.36919307913089833 1.8095234314188433 -2.1073785787963861 0.36564978592963515 1.3759304866738993 -3.4525789586486697 1.1015752993939005 1.6479522232632977 0.2847900032823793 -2.4082216444626452 5.2778069234658247 -0.13379572845389254 -1.3081395336119588 1.5319343443320359 -4.3581627198844366 -3.9213616969878689 0.90401947684800066 0.77516968021841026 10.978929002411654 1.5835683836323386 -0.083590131321854375
leaf_weight=0.46663992409594079 0.28240614221431215 0.23270375956781209 3.2360705304890867 0.38110230676829815 0.36153519991785188 0.50422905478626567 0.414936783025042 0.19592491304501891 0.48016869649290927 0.41984620853327204 0.26903517451137304 0.53772714012302458 0.27211496955715009 8.7307434391695971 0.54502352932467957 1.3871654109098015 0.45237679290585209 0.22260610666126013 0.67559430119581498 1.0679199446458376 0.7929904730990528 0.66520297643728532 6.8952810452319664 1.0102662600111179 0.55309038958512247 0.53114320663735271 0.19007175765000284 0.36705333762802173 2.0106235400307932 0.49876756430603553 0.27548968628980208 0.36420734645798791 0.37725129257887591 0.49107804615050554 1.2221684306859959 0.19136770418845062 0.31181420176289965 0.24035651795566082 1.1710531481076021 65.891358505003154 0.38215996394865026 10.598959675757213 0.57600350445136417 0.51214725221507251 0.83333041984587897 0.30871197558007901 2.1351388501934734 0.60702596232294925 3.9070896538905799 5.5306018150877208 0.67921086400747288 0.41475566942244768 0.24740584776736796 3.0467854195740069 0.90481793344952244 0.42267842357978214 0.75397158926352847 2.248319657985121 0.46502890507690609 0.20551156741566956 0.89111378625966597 153.18735282146372
leaf_count=76 74 54 457 66 43 84 43 51 52 70 53 71 56 785 144 99 49 47 75 138 48 81 394 159 62 67 53 68 76 49 55 49 64 54 48 58 59 50 205 6391 77 1172 76 35 116 67 259 98 129 408 80 43 57 523 120 53 143 66 42 62 77 8124
internal_value=0 12.831 -0.0354317 0.0456016 10.2167 -1.16113 -2.79555 -3.47053 0.0204456 3.72686 -2.38625 -6.38788 0.933487 0.0012575 0.054626 1.52737 0.777433 3.85912 0.217765 -0.214379 -1.14467 -2.06699 -0.643808 -1.87566 1.13388 2.5719 10.0044 -0.520686 -2.13079 -1.67601 -2.05083 -3.83047 -2.36167 -3.11783 0.0135829 0.0547398 -2.66632 -6.63834 0.0378964 0.22627 0.30867 -0.313397 -0.466669 -4.30151 -1.6033 -1.97165 -2.84263 0.946001 0.770029 0.268503 -0.00976361 2.79677 3.01322 -0.455877 -0.48833 -1.67972 -1.99905 1.55125 3.23957 6.12715 -0.234457 -0.0712043
internal_weight=0 0.711035 293.334 282.88 0.742638 10.4534 9.94916 0.478331 282.138 1.45311 9.53422 1.07888 0.54115 280.684 267.673 7.61825 6.23108 0.957701 5.27338 4.821 3.61426 2.82127 13.0118 8.45535 1.03326 1.20674 0.412678 8.64453 7.98871 6.30242 5.80365 1.68629 4.36729 0.858131 260.054 246.949 1.32208 0.515846 243.839 89.4296 77.6596 11.77 1.64392 1.17735 5.2878 4.45447 2.44385 11.7682 10.7465 6.83938 6.20981 1.02178 0.629566 13.105 9.63556 3.46946 3.99004 3.11023 0.861908 0.396879 7.78639 154.41
internal_count=22504 179 22325 21003 109 1322 1238 125 20894 184 1195 180 109 20710 19453 912 813 244 569 520 378 330 1257 1015 114 142 100 593 939 672 623 267 664 122 18541 17060 218 105 16832 8660 7283 1377 214 116 518 402 326 892 751 622 488 141 134 1481 905 576 600 228 162 120 471 8172
cat_boundaries=0 21 43 66 87
cat_threshold=524308 256 1166018052 0 0 0 0 0 2147483648 1092 1024 0 0 0 2147500032 67108864 42467986 1 128 32772 16 2147516426 0 2415919104 1056 24592 0 13 33554432 0 0 4096 0 0 536870912 1 2052 1280 4325540 0 65553 0 2097152 0 0 33554432 4352 0 0 12288 32 128 16384 1378877440 8 0 0 0 1073742848 16785408 32 65536 6294144 262408 2164260928 1024 134219840 1048608 1 0 0 1107296256 134217728 0 262144 545261616 2048 0 0 34603008 34 285213248 0 2164260864 134283268 67108864 512
is_linear=0
shrinkage=0.05


Tree=45
num_leaves=63
num_cat=2
split_feature=49 66 50 71 48 86 9 58 51 82 82 9 65 51 0 67 20 64 49 67 8 82 60 67 57 64 49 48 66 8 57 49 64 50 28 10 66 70 70 64 0 70 65 63 66 57 50 67 9 51 50 54 18 50 70 49 65 64 58 60 47 10
split_gain=26974.6 91076.7 22589.1 14417.5 60581.4 11369.3 15044.9 10143.8 14009.5 17656.6 16174.3 9446.38 9368.72 5741.56 4858.94 14657.4 15022.9 12112.3 7765.34 5355.55 6825.68 5282.82 4995.99 6780.7 4613.23 4360.76 3496.49 3386.86 3871.49 3137.58 2725.93 2474.97 2328.57 2784.16 2221.17 2182.74 2082.99 2324.77 1721.15 2307.16 2252.5 2113.52 1772.99 2679.05 1962.36 1770.76 1641.47 1605.36 1514.39 2342.29 1491.27 1566.84 1565.67 1441.83 1420.37 1392.12 1346.34 1324.99 1394.53 2215.84 1309.93 1251.88
threshold=1341.4297942371395 1183.7366666666667 -834.29941148701812 79.250154368656766 -83.766817383611155 1.0000000180025095e-35 4.7500000000000009 736.91335734434756 -60.090403181377432 1.0000000180025095e-35 1.0000000180025095e-35 3.0003846579110155e-15 2002.4600000000003 -591.36959244272725 0 773.0350000000002 0.25000000000000017 77.71250000000002 171.01819772932262 1222.4000000000003 6.5000000000000009 1.0000000180025095e-35 -0.35518648635206279 1009.9950000000001 -16.439760239119703 1386.5025000000003 -307.17108752829046 -259.86403657735667 472.44166666666678 3.5000000000000004 -45.707609292658596 -70.14040899527744 946.69500000000005 -385.1878035892824 1.0000000180025095e-35 12.995190528383292 73.643333333333359 0.31949709064773707 1.1815914105015446 64.677500000000023 1 4.6457848705134035 588.71500000000003 374.3366666666667 283.37166666666673 -157.24282587610017 -150.65464467242089 505.10000000000008 -21.325317547305477 -131.57582486110451 -281.47138233672314 139.24865849789308 1.0000000180025095e-35 1.0000000180025095e-35 1.1346025702046647 157.92666568581544 84.015000000000015 587.5150000000001 139.20090262934511 109.40941355250784 -34.011643774160653 14.361215932167728
decision_type=2 2 2 2 2 2 2 2 2 2 2 2 2 2 9 2 2 2 2 2 2 2 2 2 2 2 2 2 2 2 2 2 2 2 2 2 2 2 2 2 9 2 2 2 2 2 2 2 2 2 2 2 2 2 2 2 2 2 2 2 2 2
left_child=2 29 5 7 -5 6 -1 14 10 25 13 12 -6 24 19 27 17 -17 21 31 -21 22 23 -19 -9 -10 53 50 32 -2 -24 35 38 -34 36 -4 -35 -38 40 56 55 42 43 44 -41 -42 54 -46 -48 -50 51 -16 -52 -15 -33 -29 -40 -47 -59 -60 -51 -58
right_child=1 -3 3 4 11 -7 -8 8 9 -11 -12 -13 -14 26 15 16 -18 18 -20 20 -22 -23 30 -25 -26 -27 -28 28 -30 -31 -32 46 33 34 -36 -37 37 -39 39 41 45 -43 -44 -45 47 57 48 -49 49 60 52 -53 -54 -55 -56 -57 61 58 59 -61 -62 -63
leaf_value=-17.88877705865292 -5.1060513859363539 32.846942933725785 -1.5213961875926447 24.026926618955859 0.90276970240319798 0.47826658539546857 -3.9259005829540641 -2.3626482101006236 1.0035012739970839 -14.59055397183405 8.4605004362321665 6.2554248928824423 -10.542642564564844 -3.7845810602507934 -1.5093803174761522 9.5342766719686143 11.234948130288787 7.8346244317782707 5.5938082413361663 -8.5442168287060287 1.684135175544341 -4.7932806796344476 1.0791509091288638 -0.064690665810325759 -12.266064702378838 -7.1403699089393049 5.0071676411781985 -1.7991218170708654 2.3566783043951749 1.7079265589653023 -4.1429255255518873 -0.54586221935766921 5.7434821768770767 0.20372884688430828 -2.8870076186997058 -4.6287595750558301 7.2901618325086979 1.2215497943614917 0.093260428238027979 0.26819864272957833 2.2928387342884298 1.7760771886223914 2.7532984815344825 -2.0416615378374039 0.99556674727912997 -0.044468135584043444 1.1920182674850468 4.5126408826005786 -4.3285861665058647 -1.7289146907297674 -1.6830363869806366 -4.9935228207768416 1.3723311446180289 1.1441543605393969 3.7337940518156629 0.67985042507901883 -0.35985226390343578 -4.3665378053897781 -1.6050854944934105 3.3053742863153399 -0.20939544630953943 -2.3336282123204328
leaf_weight=0.36454275273717829 0.30916693597100575 0.27182849124073982 2.7839728165417905 0.32317175995558511 0.43179887859150634 0.33917122008278966 0.40978709724731743 0.23746429686434567 0.42946194834075757 0.47859171195887029 0.41648658434860397 0.3383351827505976 0.30514995451085269 0.46827190904878069 0.82672558282502018 0.45606713811866884 0.48390406533144403 0.44518499565310887 0.68800353980623175 0.52483331435360092 0.23665557825006545 0.53743413183838118 0.45146454125642776 0.69699514214880764 0.23294414393603791 0.26630551880225539 0.22118218615651175 6.5694207921624184 1.7563810679130245 0.3724743879865855 0.55973051581531741 0.38205735944211294 0.34141621412709389 1.0299178794957691 0.33049138658680011 0.7090861799661069 0.27669726288877416 0.36729867151007056 83.196229516062886 12.646416482282801 0.80265611759386857 3.3473624861799172 0.75875837495550591 1.1517181636299945 0.92909229220822342 142.26461120485328 0.85173430806025674 0.49855240690521896 0.50271052308380326 2.2638243546243735 1.3096581520512689 0.52925578015856445 0.61673623090609897 0.21721022459678352 0.3936196961440146 0.61976102180778969 7.4544045105576497 0.32181214913725753 1.3384282982442526 0.27734357118606556 3.7975287651643206 0.90038659540005017
leaf_count=45 40 50 337 67 66 39 91 43 83 68 56 29 68 105 120 47 91 56 98 95 72 50 45 82 65 52 54 781 202 88 78 55 21 91 78 95 79 61 4695 1157 60 113 64 100 100 10544 40 54 71 211 176 48 73 55 50 88 602 59 210 66 265 40
internal_value=0 8.37601 -0.0476403 -0.0204972 5.04412 -7.15562 -10.4994 -0.0449038 -2.95302 -7.19837 -0.173321 -0.661073 -3.83646 -2.78456 -0.0148541 0.0419471 2.93333 1.8858 0.853416 -0.722274 -5.36545 -0.358639 0.748149 3.01421 -7.26678 -2.11357 -0.459039 -0.00267221 0.0169392 -1.38264 -1.81144 -1.03782 0.00145645 1.56979 0.858875 -2.15219 1.59845 3.82897 -0.0125282 0.137304 -0.12169 0.633634 0.394393 0.276839 0.466568 -0.0459512 -0.562627 2.22378 -0.791538 -1.04892 -1.599 -2.86928 -0.704859 -2.2228 1.62586 -0.663082 0.0324984 -0.0621559 -1.36086 -0.762216 -0.776913 -0.572564
internal_weight=0 0.95347 292.706 291.593 1.39846 1.1135 0.77433 290.194 2.96792 1.17436 1.79356 1.07528 0.736949 1.37707 287.226 274.78 4.31878 3.83488 3.37881 12.446 0.761489 2.69081 2.15338 1.14218 0.470408 0.695767 0.906664 270.462 267.179 0.681641 1.0112 11.6845 265.423 2.34582 2.00441 3.49306 1.67391 0.643996 263.077 110.883 152.194 19.3319 15.9845 15.2258 14.0741 145.005 8.19148 1.42764 7.4158 6.56406 3.28238 1.35598 1.92639 0.685482 0.775677 7.18918 91.551 144.202 1.93758 1.61577 6.06135 8.35479
internal_count=22684 178 22506 22331 230 175 136 22101 581 203 378 163 134 322 21520 20229 547 456 409 1291 167 311 261 138 108 135 214 19682 19265 128 123 1124 19063 330 309 432 231 140 18733 6925 11808 1588 1475 1411 1311 10939 692 154 587 547 417 168 249 160 105 869 5337 10879 335 276 476 642
cat_boundaries=0 22 44
cat_threshold=524300 384 1073748996 0 0 0 0 33554432 2147483648 268461056 0 0 0 0 0 4 4194976 4198452 128 4 16 2097152 2147483648 0 536870912 537412417 134221824 1073741824 147 0 0 262176 524288 0 0 0 1 16777344 262148 65664 0 196608 0 134217728
is_linear=0
shrinkage=0.05


Tree=46
num_leaves=63
num_cat=3
split_feature=56 1 55 52 60 78 51 67 0 66 67 56 60 48 67 89 60 59 66 70 52 5 56 85 53 55 33 57 49 1 72 67 63 51 3 70 63 67 49 64 5 64 51 25 0 53 67 53 68 66 65 16 65 70 57 22 55 3 37 71 67 3
split_gain=56704.5 150354 15903.3 13071.6 16590.9 15610.1 12913.1 11213.1 8542.21 25943.3 18917 14041.2 8717.31 5995.74 8228.96 11130.4 4415.26 4220.51 5286.14 9041.26 5849.16 5796.71 4204.33 3991.3 5685.62 3723.46 3766.5 3345.51 3586.03 4086.15 3251.03 3431.71 2997.8 2964.89 2947.53 4796.14 3733.52 2941.54 2794.6 2399.96 2362.81 2463.09 4903.53 2286.01 1829.75 1799.16 1668.95 1658.26 1608.81 1558.53 1552.28 2305.61 1533.3 1420.58 1378.49 1804.48 1363.12 2945.43 1265.67 1237.82 1235.19 1225.12
threshold=1410.9952615166201 10.500000000000002 -768.08630945624748 -610.17757978266116 -278.5840673399635 1.0000000180025095e-35 -726.66706778206787 519.50000000000011 0 1083.0100000000002 2068.4500000000003 552.00154758109454 -52.299423152911039 -378.44455400814888 1369.8900000000001 1.0000000180025095e-35 9.8320675706357665 416.61223652675932 404.90500000000003 1.7537402154081574 -132.28516149075941 -0.93301270189221919 201.75640841585374 1.0000000180025095e-35 -68.278362083458504 188.28080804191487 1.8369701987210299e-16 -74.370226447495966 -47.011330833189277 4.5000000000000009 1 223.02500000000003 338.89675000000005 556.11620451193812 2018.5000000000002 0.83454349142930184 835.38666666666688 1101.6700000000003 -123.22967655260591 307.64500000000004 0.93301270189221952 722.69500000000005 -1.0000000180025095e-35 -1.0000000180025095e-35 2 -19.58431263161825 555.96000000000015 -55.176236967886545 0.83333333333333337 472.44166666666678 340.00500000000005 1.0000000180025095e-35 575.99000000000012 1.3212002782101815 6.5183548132262912 1.0000000180025095e-35 127.72427487403978 2018.5000000000002 -2.2990381056766571 6.1169739652119333 349.29500000000002 2018.5000000000002
decision_type=2 2 2 2 2 2 2 2 9 2 2 2 2 2 2 2 2 2 2 2 2 2 2 2 2 2 2 2 2 2 9 2 2 2 2 2 2 2 2 2 2 2 2 2 9 2 2 2 2 2 2 2 2 2 2 2 2 2 2 2 2 2
left_child=2 7 -1 4 -4 -6 -5 39 10 17 13 -11 -12 16 22 -16 52 18 30 21 -21 -20 -15 37 -25 26 38 -24 48 -30 32 33 -10 44 35 -23 49 -22 -19 -2 41 43 -43 -33 -32 50 61 -42 -29 -36 59 -52 -8 -37 55 60 58 -58 -46 -45 -47 -34
right_child=1 -3 3 6 5 -7 8 -9 9 11 12 -13 -14 14 15 -17 -18 25 19 20 23 34 27 24 -26 -27 -28 28 29 -31 31 40 46 -35 36 53 -38 -39 -40 -41 47 42 -44 45 56 54 -48 -49 -50 -51 51 -53 -54 -55 -56 -57 57 -59 -60 -61 -62 -63
leaf_value=-8.1356727745664976 -2.7992026126136427 38.59017193187205 -16.471152319523945 6.6049751689048568 5.0085091903515515 -10.205203817830249 -4.7021616433658897 7.2394270612807139 -0.59709551053675125 3.0193885198648824 -16.546126494853816 15.727859401209347 -4.8897964888263417 -0.76574460138513889 -1.2559683371899741 12.256860290123807 -9.1787213000020635 -4.896977035852462 4.820669147908081 8.7068381659209386 2.4552416682870182 5.6227067236580126 -7.354297236442922 7.5843656031384841 1.1766000493378888 -6.4194626035215823 2.7952548674396702 -1.8569195141815376 4.4302124982209987 -2.8787115902463629 -0.47774200018511159 3.534502936851454 -0.62442005443568094 1.4365779381090416 -2.6099176958471326 0.42112417510206512 -5.7913384932153411 -3.0168749270168798 -0.68749447668002273 -9.9392922744191434 -3.2752432614724416 8.0128176988140609 -0.68587991555276939 0.013024510533311518 1.0406641831684051 0.76408510255388851 -5.3367801163287156 0.06533447645566369 -5.6897361128147343 0.26229093910847773 -3.0747258196966056 0.85349115310152424 0.9432134042601048 -3.8080583069330873 0.38160101087720494 3.9773381367603644 5.2262024496103328 -0.56352505556991106 -0.0022400543267847069 1.9200893617931738 2.7223710961732697 -2.7468661025719134
leaf_weight=0.60696109430864353 0.2634793510660518 0.34596816031262279 0.26653934805653989 0.73478466644883056 0.37889001658186217 0.30379639007151127 0.25664681848138471 0.24143773270770907 7.716058621183036 0.49456734536215563 0.28801512904465199 0.38775793928653002 0.36199730192311186 7.9734386603813565 0.35036793141625899 0.26969344983808696 0.39601047523319721 0.63598610949702594 0.53437068755738426 0.46221184637397561 0.58894631545990728 0.4134575575590127 0.39876075601205263 0.67666868842206895 0.70880567375570513 0.40299378242343653 0.46602111612446595 0.46445349068380892 0.33780873380601373 0.44069223944097757 10.222329082898794 0.71290632849559266 1.0755573406349874 3.5338805199135086 0.76206130976788777 0.67563213896937668 0.46762856910936523 0.42123983637429774 1.0374274267815047 0.2126946032512933 0.57104358333162952 0.34328556037507951 0.30680052400566715 3.8359619658440378 2.9473619461059561 3.1688414551317674 0.41999064758419979 1.0630690881516773 0.6669173133559525 1.2421761453151701 0.87065036804415263 0.65422050841152668 0.22635947982780635 0.28120284527540207 3.7403712468221784 0.71460852655582119 0.39046150166541238 0.50221202964894474 224.62099136668257 1.0934097506105898 1.0795602083671836 1.8482542233541606
leaf_count=99 63 81 50 74 61 82 64 58 571 63 47 52 54 748 56 65 89 97 79 86 94 80 52 51 55 68 60 69 49 66 1161 88 238 103 88 145 51 29 124 49 57 61 62 359 1 208 45 92 73 131 103 58 39 56 395 37 95 50 15074 92 108 212
internal_value=0 11.5151 -0.0505185 -0.0339511 -5.892 -1.76161 -0.0151179 -1.53801 -0.031634 0.0426191 -0.970327 8.60442 -10.0546 -1.29274 -0.97245 4.62139 -5.26515 0.017271 0.0357731 1.36968 3.55707 -0.0586853 -1.30979 2.56349 4.30617 -2.01067 -1.18021 -3.18877 -2.31905 0.292792 0.000220759 0.0468135 -0.598158 -0.00108452 -0.73731 1.12271 -1.76842 0.173411 -2.28732 -5.9885 0.711646 0.891044 3.90757 0.767481 -0.0223702 0.63734 -2.38947 -1.10204 -4.11628 -0.829795 0.00476682 -1.38939 -2.05647 -0.821784 1.10644 1.65272 0.0181232 1.96894 0.0112672 0.436041 1.2617 -1.9661
internal_weight=0 1.06358 296.813 296.206 0.949226 0.682686 295.257 0.717612 294.522 282.091 12.4312 0.882325 0.650012 11.7811 10.9021 0.620061 0.879017 281.209 278.666 7.2344 2.85787 4.37653 10.2821 2.39566 1.38547 2.54243 2.13943 2.30863 1.90987 0.778501 271.432 260.372 11.0599 242.217 3.84216 1.37029 2.47187 1.01019 1.67341 0.476174 18.1547 16.5206 0.650086 15.8705 238.683 15.1576 3.3438 1.63411 1.13137 2.00424 6.45424 1.52487 0.483006 0.956835 8.70338 4.96301 228.461 0.892674 227.568 4.92937 4.2484 2.92381
internal_count=22767 251 22516 22417 193 143 22224 170 22150 20679 1471 115 101 1370 1178 121 192 20564 20215 945 315 630 1057 229 106 349 281 309 257 115 19270 18204 1066 16484 551 281 270 123 221 112 1720 1571 123 1448 16381 1360 495 149 142 219 612 161 103 201 748 353 15220 145 15075 451 316 450
cat_boundaries=0 21 44 66
cat_threshold=134742024 0 3221227524 32 0 0 4 0 2147483648 16384 1024 2097152 0 0 2147483648 8196 50594242 2168455168 130 32768 28 0 4096 0 266240 0 0 0 0 192 0 268435457 32 268484608 335544320 0 167821314 0 8 0 1080037384 131144 2112 97 2 0 268435456 525249 589840 0 262330 0 262144 0 2048 1073741824 1 0 131072 50333696 4 64 0 16 128 134217728
is_linear=0
shrinkage=0.05


Tree=47
num_leaves=63
num_cat=3
split_feature=56 1 0 58 58 50 60 57 54 54 60 35 48 55 70 71 49 57 53 65 65 49 52 70 57 10 3 63 10 0 58 70 58 70 27 65 65 51 70 50 56 54 51 54 54 10 70 70 54 71 60 50 52 34 71 35 65 73 50 4 53 70
split_gain=41398.2 226960 13693.8 15426.2 12862.6 14273.3 12263.7 11065.9 8948.7 7737.13 13882.5 19921.2 7162.54 7184.11 14128.5 6735.33 10929.7 8095.72 6184.39 6895.61 5564.31 5878.15 4813.17 5262.9 4786.7 4486.99 3927.32 4388 3884.73 3441.34 3227.72 6791.48 2896.91 2630.34 2436.24 4219.3 2315.85 2147.12 2092.97 2075.28 2229.34 2297.45 2489 3740.21 1956.47 1880.02 2195.19 1878.55 1627.42 1950.78 1561.24 1563.89 1534.13 1491.97 1402.63 2023.59 1890.64 1337.14 1760.16 1778.06 1877.94 2120.58
threshold=1410.9952615166201 10.500000000000002 0 736.91335734434756 842.53745057222659 -834.29941148701812 576.73432207869882 -177.79419806172791 134.81911180499426 404.46079708923304 1012.3032294823915 1.0000000180025095e-35 436.65944426268311 100.17371294560375 6.2524706285910305 5.6800651959418342 80.980068657811756 71.627975846645867 -570.87780538534821 2417.2400000000002 1505.5000000000002 -345.97447039581465 -56.714547991449955 0.86937058799234623 67.614157936463286 -3.5000000000000004 2018.5000000000002 1137.0097222222225 5.0980762113533169 1 184.06832172699583 4.4419841803327476 213.00416521615441 2.8502873563218398 0.25000000000000022 946.94500000000005 633.00500000000011 -93.035616193630204 1.1346025702046647 -385.1878035892824 346.37055702308044 6.3903847999608017 -211.75269446937435 144.11288470332133 21.273601581917749 1.6160254037844388 0.9826073805202663 0.92355627329044532 44.28495386679095 -13.00593512122752 42.288961227260167 35.700875925853751 51.227207931068953 0.25000000000000028 9.7221617380989631 1.8369701987210299e-16 85.075000000000017 2 -46.956149693069015 -0.6830127018922193 -101.28633936685802 4.4419841803327476
decision_type=2 2 9 2 2 2 2 2 2 2 2 2 2 2 2 2 2 2 2 2 2 2 2 2 2 2 2 2 2 9 2 2 2 2 2 2 2 2 2 2 2 2 2 2 2 2 2 2 2 2 2 2 2 2 2 2 2 9 2 2 2 2
left_child=2 18 3 6 -5 -6 7 8 -1 12 11 15 13 20 22 16 -11 33 -2 -20 29 -22 23 37 -14 -7 27 -24 -25 38 52 39 -28 36 35 45 -17 -15 44 -32 41 -41 43 -43 -4 50 -47 -38 -44 -50 51 -9 54 -48 57 56 -56 58 59 -31 -61 -62
right_child=1 -3 9 4 5 25 -8 34 -10 10 -12 -13 24 14 -16 17 -18 -19 19 -21 21 -23 26 28 -26 -27 32 -29 -30 30 31 -33 -34 -35 -36 -37 47 -39 -40 40 -42 42 48 -45 -46 46 53 -49 49 -51 -52 -53 -54 -55 55 -57 -58 -59 -60 60 61 -63
leaf_value=-2.2857942333431089 -12.868054127886374 44.09763593789333 -0.78176823162908027 -12.948026373827203 -12.786953371808401 -4.9507201990060379 5.474710101990496 -0.47607201022444046 -15.278214523056025 -2.3939088793491359 12.010374359071607 11.367731114302213 -1.4980539089297293 -1.3704855637557527 11.001810222372203 1.7279986164090362 10.088150711440351 -9.4381724000449356 4.5457455314838926 -7.0039968874733294 -10.684222222922896 -1.3164714159090463 0.86292468372539943 3.4620174176799967 -7.624546547042498 2.3754624109671059 0.46194697917814259 8.9165862365471291 11.418550959369938 1.4183857375959597 2.7836021111363887 5.7285284847118625 -3.293745277274986 4.0552268794423423 1.4077555803194604 -5.4355924544825918 -1.4851197774802585 3.1147572642638783 -0.38870887454769598 -0.93377230505511055 -2.522348908277019 0.86939791837591973 1.1101853458136259 6.6508627452601692 -2.5986041754879734 -0.41223099111158618 -5.7234277629799202 -6.8411175542525289 -1.5156237285437235 0.89036180050950464 1.0099116489513176 -3.5734064534425865 -0.60748919779490151 -2.3312715945427014 2.4389424736219087 2.8112533667285522 -0.0011811669446231791 -0.15177325461480407 0.075377908349450795 -1.5532762624019665 0.15314564123918262 2.6646585273403751
leaf_weight=0.24735705996863444 0.20370879583060741 0.33358390093781054 2.9114904536399973 0.59367245226167131 0.33079454558901478 0.35045127174817015 0.54359001875855018 1.2383533350657665 0.28550050454214215 0.35143433231860433 0.34254323784261931 0.42623774707317341 1.0098311067558814 0.46756633440963913 0.39380343281663943 0.39836311200633623 0.35008379467763007 0.30000236816704262 0.20676257065497228 0.34463835367932916 0.24041923135519028 0.55182011821307142 0.8600178551860147 0.34985814290121187 0.46592816407792259 0.51778669352643192 1.1035944442264738 0.21053261612541974 0.27320970594882965 5.0275293365120888 0.98669365141540666 0.67000457341782826 0.96015787147916842 0.2672084760852157 0.56014619208872307 0.79055864177644242 0.62048690090887249 0.62148414528928686 6.1278165183030069 2.1438193372450725 0.6194081208668657 0.75726485345512162 5.4951310553587991 0.44362370995804667 3.0175126686226577 0.70714140939526293 0.5933035777416078 0.22238931758329272 1.647387238685037 1.7242995146662043 0.93779681110754598 0.60744795808568586 8.7091256934218091 0.71454489673487842 0.9544554443564256 1.0374179719947276 4.7169077813159674 55.382243145722896 161.06837519165128 1.2656746832653878 5.1800920669920725 1.0032501188106833
leaf_count=54 50 79 167 73 54 76 68 108 55 62 72 70 98 94 58 52 54 57 48 86 46 129 197 72 89 84 93 50 42 205 98 48 64 41 85 74 123 131 625 326 86 79 120 59 480 58 44 45 201 197 89 57 1516 74 74 90 535 3986 9944 105 571 40
internal_value=0 9.75019 -0.0181267 -1.31703 -6.92905 -3.9489 -1.74738 -2.33489 -9.24702 0.0678097 2.48492 1.37366 0.0417786 0.0602926 1.89401 -0.323512 3.83511 -1.93669 -5.42344 -2.67311 0.0249236 -4.15928 1.15394 3.2859 -3.43232 -0.581642 -0.0106405 2.44674 6.95089 0.0371607 0.08394 0.812306 -1.28538 -0.44478 -1.73593 -2.05099 -1.41352 1.18909 -0.56669 0.573923 0.403999 0.552433 0.868906 3.00515 -1.70643 -1.49339 -2.65661 -2.89828 0.579582 -0.285189 -0.651355 -1.4954 0.0441892 -3.87012 0.0682753 0.780877 0.409477 0.0473923 0.113175 0.691831 0.201461 0.56064
internal_weight=0 1.08869 290.695 9.01845 1.7927 1.19903 7.22574 6.68215 0.532858 281.676 3.27875 2.93621 278.398 276.922 5.24022 2.50997 0.701518 1.80845 0.75511 0.551401 271.682 0.792239 4.84642 1.71212 1.47576 0.868238 3.1343 1.07055 0.623068 270.89 258.833 14.4876 2.06375 1.50845 6.14929 5.58915 1.24124 1.08905 12.0568 13.8176 12.8309 12.2115 10.0677 1.20089 5.929 4.79859 2.01499 0.842876 8.86682 3.37169 2.7836 1.8458 244.345 1.30785 235.636 6.70878 5.67136 228.927 173.545 12.4765 7.44902 6.18334
internal_count=22607 263 22344 1053 287 214 766 698 109 21291 576 504 20715 20528 801 434 116 318 184 134 19727 175 743 339 187 160 404 247 114 19552 18280 1214 157 261 589 504 220 225 1272 1166 1068 982 656 138 647 430 176 168 518 398 254 165 17066 118 15550 699 609 14851 10865 921 716 611
cat_boundaries=0 21 43 44
cat_threshold=134742026 256 2172652032 0 0 0 2 0 0 268435456 0 0 0 0 2147500032 67108928 8389522 1 67108992 98308 24 16 224 603984896 19 0 0 133 33554432 2147483648 36 525312 0 0 536870912 0 2560 4194336 4194464 134217730 256 0 2097152 35201974
is_linear=0
shrinkage=0.05


Tree=48
num_leaves=63
num_cat=0
split_feature=49 67 50 60 64 49 52 66 51 14 65 70 53 89 87 67 50 48 58 67 55 47 67 54 57 58 49 54 50 49 70 3 63 55 66 8 56 66 3 63 50 48 48 9 67 3 56 65 48 9 67 49 55 58 66 57 3 3 64 55 70 68
split_gain=32802.1 70041.7 16945.3 23845.9 14946.9 9981.11 9141.69 18179.5 29389.1 17542.5 15881.5 7955.22 7858.47 11975.4 6872.37 4793.84 8368.02 4630.62 4148.87 3846.26 20309.1 9008.55 5633.16 3717.32 7654.05 3220.91 2958.35 2453.7 2444.33 3058.16 2473.44 2286.58 2280.64 4926.41 6783.35 5076.07 3377.98 2004.41 3717.03 4122.05 2676.42 2535.32 2523.15 1793.91 2233.47 1543.43 3270.25 2294.33 1556.74 1525.63 1172.87 1673.92 1725.03 1215.65 1065.15 2136.49 3933.78 2455.42 2200.75 2034.47 1817.28 3049.93
threshold=1341.4297942371395 1735.2800000000002 -834.29941148701812 1012.3032294823915 1276.0125000000003 -556.06587730063654 269.36143503748298 1083.0100000000002 -464.42409055470665 -0.68301270189221908 1596.6000000000001 0.45263791685482335 -485.79698822547965 1.0000000180025095e-35 1.0000000180025095e-35 1369.8900000000001 -174.75934820106201 -38.324208729480432 736.91335734434756 1048.0850000000003 85.081421071809316 752.86082666397317 288.03000000000003 532.95592117933927 36.198279816995857 531.35399256939138 -139.36630763921872 329.78993388226439 205.08510223371715 337.75075177045943 1.6786558946000469 2017.5000000000002 730.52477272727276 69.500797485532374 373.72500000000008 2.5000000000000004 233.5455536556581 439.71166666666676 2020.5000000000002 382.92916666666673 -99.71167982670346 -61.919191381930325 -69.481449811109073 -14.722431864335453 412.19500000000005 2019.5000000000002 93.418766774517749 272.06500000000005 -327.89000449385895 -8.2500000000000018 588.75000000000011 -87.479514359245286 -40.371426601917292 89.872499274657301 17.35166666666667 2.7105161049740061 2019.5000000000002 2018.5000000000002 122.52250000000002 69.500797485532374 4.2374480305142361 0.41666666666666669
decision_type=2 2 2 2 2 2 2 2 2 2 2 2 2 2 2 2 2 2 2 2 2 2 2 2 2 2 2 2 2 2 2 2 2 2 2 2 2 2 2 2 2 2 2 2 2 2 2 2 2 2 2 2 2 2 2 2 2 2 2 2 2 2
left_child=2 14 5 6 -5 11 7 12 -9 -10 18 -1 13 31 -2 19 -17 -11 25 21 26 23 -23 28 -25 27 -21 -8 32 30 43 -4 37 35 -35 49 -37 42 40 -40 -39 -42 45 -30 -45 46 -14 -48 -47 -34 51 52 53 -50 -44 57 59 -56 -58 -57 -59 -62
right_child=1 -3 3 4 -6 -7 10 8 9 17 -12 -13 15 -15 -16 16 -18 -19 -20 20 -22 22 -24 24 -26 -27 -28 -29 29 -31 -32 -33 33 34 -36 36 -38 38 39 -41 41 -43 54 44 -46 48 47 -49 50 -51 -52 -53 -54 -55 55 56 58 60 -60 -61 61 -63
leaf_value=-6.8654822914156561 -3.2093028471900427 30.358293175109793 2.8984722182998759 3.0160857467576054 16.382942067532365 -11.331950555366756 -0.91222705700652174 18.897691965513957 -7.7466210806090068 9.4030549751040535 -11.97321623065025 4.4985566894537454 -0.82228632675909419 -13.894854875867928 6.845439934016742 2.6768210393894463 -7.7577990331446474 1.7350700964986061 -6.8976164329198966 1.4110182433195835 10.804937200555328 -1.6250017305574245 -10.603044034620138 -1.7712678633443533 8.752100963205919 3.9751348427663276 -3.7683670802699396 -5.6900450529907998 1.6604323611111445 -5.0767659094848065 1.8008807808567651 -3.5292120610251936 0.56027538667899368 8.8410915548350584 -1.361701118228634 -0.96683184946441991 -7.3478254846698237 -3.5167766701574013 5.4707550724041125 0.86540275832266611 3.1342082879558304 -1.2559133773009166 -0.071983947486143673 -0.8670823640505182 -3.5967744725451953 -3.1659301024053312 4.1284911293176725 0.41683157706728236 0.62834216032128598 2.58153091750791 -2.7194376268449219 -1.2711580067479558 2.1295231268894583 -0.9367648903971344 -0.27118926825317069 0.30283665429827777 -0.26055598687576248 0.27596167156241042 -1.407163610838976 2.2651022741151992 -0.13450772928852747 1.4303604588003997
leaf_weight=0.35304524772800505 0.43044636468402941 0.27801132365129888 0.23557692905887861 0.53985251253470679 0.34139285213313997 0.50969689548946806 2.8900664886459713 0.32196899922564615 0.33878210163675238 0.42479935102164734 0.38967966008931387 0.27315564756281674 3.0710277312900898 0.25582483550533652 0.28080920781940222 0.3075536647811532 0.51198800606652994 0.36697114864364178 0.31226456607691933 0.51796652656048525 0.49878698796965171 0.38799222814850409 0.31783784134313464 0.33549694390967388 0.35629288852214813 0.31091162934899319 0.58943864749744435 0.29626897955313314 0.52853978727944184 0.42563296249136318 0.85462019708938886 0.33528898563235998 2.2408367705065761 0.42616944480687369 0.26372052822262049 1.2069589965976772 0.25044189253821958 0.53434909018687937 0.76317225024104152 1.3372438570950178 0.58597703790292155 0.74951762729324278 160.30639022751711 3.7515710757579646 0.93640836002305139 0.70939415297470887 0.6907860271167009 1.0480003575794397 1.9067115585785339 1.6002671739552159 0.71836127154529172 5.5356489086989296 0.7758850841782986 3.5518562674988061 13.543879696633665 8.2863119821995515 13.892349041998388 30.424558470258489 5.9889462222345164 1.5714203841052938 4.4797935604583463 10.210516512161119
leaf_count=80 62 60 63 82 63 60 486 66 60 60 79 35 699 53 65 63 68 44 70 44 74 84 41 57 54 68 66 57 73 64 70 73 60 91 44 262 51 97 58 107 92 135 8251 478 106 80 132 213 149 78 38 413 39 268 2738 1862 749 1668 507 351 63 318
internal_value=0 9.07822 -0.0416812 -0.0181598 8.19438 -6.13689 -0.0428209 -0.00919814 5.57044 1.77499 -2.35899 -1.90836 -0.0373568 -4.90527 0.760387 -0.0233345 -3.84194 5.84908 -1.37554 -0.0123987 2.42748 -0.0261703 -5.66785 -0.012142 3.64859 -0.882484 -1.34581 -1.35647 -0.0210853 -0.979738 -0.692505 -0.876726 0.00142574 0.966568 4.94092 0.449088 -2.06335 -0.0199264 1.09525 2.53873 -0.526216 0.670347 -0.036527 -1.101 -1.41233 -0.60805 0.158734 1.8914 -0.887495 1.40236 -0.758071 -0.638364 -0.0764978 -0.390063 0.00485471 0.144199 -0.201027 0.319223 -0.605955 0.615641 0.49647 0.953156
internal_weight=0 0.989267 295.486 294.35 0.881245 1.1359 293.469 289.27 1.45252 1.13055 4.19919 0.626201 287.817 0.826691 0.711256 286.991 0.819542 0.79177 3.80951 286.171 1.60619 284.565 0.70583 283.859 0.69179 3.49725 1.10741 3.18634 283.167 6.49677 6.07114 0.570866 276.67 5.98839 0.68989 5.2985 1.4574 270.682 3.97026 2.10042 1.86984 1.33549 266.712 5.21652 4.68798 18.0077 4.80981 1.73879 13.1979 3.8411 12.4885 11.7701 6.23445 5.45857 248.704 88.3978 29.739 58.6587 19.8813 9.85773 45.1149 14.6903
internal_count=22641 187 22454 22279 145 175 22134 21374 230 164 760 115 21144 189 127 20955 131 104 681 20824 184 20640 125 20515 111 611 110 543 20404 791 727 136 19613 586 135 451 313 19027 489 165 324 227 18538 657 584 2031 1044 345 987 138 907 869 456 417 16507 8256 3469 4787 1256 2213 2049 381
is_linear=0
shrinkage=0.05


Tree=49
num_leaves=63
num_cat=4
split_feature=49 47 0 66 49 71 47 66 60 71 65 58 66 10 63 8 50 10 60 0 66 3 58 18 63 3 0 58 34 63 14 90 49 53 8 66 0 50 71 48 59 59 51 63 60 65 71 9 50 10 3 87 76 77 63 47 66 65 8 71 58 3
split_gain=19152.8 52824.5 16650.3 35142.8 33504 30594.2 11903.4 11777.6 21189.5 13942.7 10514.7 5333.15 6741.78 5101.15 4769.8 13015.5 10582.6 3662.51 2443.82 2319.98 3794.6 5061.57 12396.8 4607.21 4092.47 3984.52 3508.22 2956.28 2578.07 2305.59 2255.32 2236.35 2088.64 1963.63 1944.67 2467.99 1836.73 2460.02 1770.3 1623.77 1618.91 1656.78 1560.84 1550.92 1541.45 3536.14 1654.98 3954.73 2608.11 1563.03 2782.02 1391.06 1312.78 1294.75 1277.85 1233.67 1764.14 1169.29 1250.12 2099.73 1173.64 1122.39
threshold=1341.4297942371395 -627.60472615491415 0 1910.4633333333334 -632.33951068105637 16.364370021058814 -659.99885316094174 716.67166666666674 -253.24782583389864 31.8988581773155 1102.4900000000002 919.91328193287779 221.51666666666668 8.8301270189221963 1091.9000000000003 2.5000000000000004 -267.71434599209084 1.2552629691260372e-15 -44.151427826082248 1 81.02833333333335 2016.5000000000002 395.22567156213722 -0.93301270189221908 1091.9000000000003 2018.5000000000002 2 168.6070923671565 0.6830127018922193 479.80458333333343 -0.25000000000000006 1.0000000180025095e-35 16.023182814284397 412.60195473186457 2.5000000000000004 857.41166666666675 3 -253.48217402233112 2.1340140198980415 -102.1293282239359 145.70747103823877 16.221058539473621 67.244712416485058 630.16166666666675 -29.562536547061807 700.50000000000011 8.8706185977065903 7.8971143170299749 -85.165142817500325 5.8170722959499284e-16 2020.5000000000002 1.0000000180025095e-35 1.0000000180025095e-35 1.0000000180025095e-35 630.16166666666675 -186.20884057579764 527.68333333333351 451.40500000000003 3.5000000000000004 -6.7666762175959949 172.28722421945125 2015.5000000000002
decision_type=2 2 9 2 2 2 2 2 2 2 2 2 2 2 2 2 2 2 2 9 2 2 2 2 2 2 9 2 2 2 2 2 2 2 2 2 9 2 2 2 2 2 2 2 2 2 2 2 2 2 2 2 2 2 2 2 2 2 2 2 2 2
left_child=2 -2 3 6 5 10 18 11 -9 13 -4 19 -13 -10 33 -16 -17 -3 -1 29 36 22 23 -22 26 -26 55 -25 30 -6 -29 44 51 34 38 40 -21 -38 -8 -31 41 54 61 -39 45 57 -46 48 -48 -49 -51 -33 -43 -42 -36 -23 -57 58 59 -28 -60 -32
right_child=1 17 4 -5 7 -7 14 8 9 -11 -12 12 -14 -15 15 16 -18 -19 -20 20 21 24 -24 27 25 -27 31 28 -30 39 42 32 -34 -35 35 -37 37 43 -40 -41 53 52 -44 -45 46 -47 47 49 -50 50 -52 -53 -54 -55 -56 56 -58 -59 60 -61 -62 -63
leaf_value=-13.109251027790485 25.098198571452333 3.3948476415156463 -1.2895215167439613 -17.994969698796972 -0.53545083218209466 24.641615325423402 -1.5471010217030505 -6.1697244432571638 0.63616190931330674 13.071800377048872 11.366563083538514 -1.3306878256228014 -11.000967393993101 7.3504189992733391 1.2755303771203994 -4.0049263453979744 -16.477130533561091 -3.7597837379355532 -6.1839176372165952 -0.44914296172989276 7.7702037787654792 -2.8215891705306486 10.788240276940714 -0.026381900027320812 -0.36887387996615645 -7.1226901749667064 2.6312354016087447 7.3409755936677703 -1.5962400385382667 -1.2951929053831519 6.5099474084747762 3.607848086395228 0.35603331048134784 1.9389859587237368 -2.0652894440240486 3.0933710910383025 2.2765902672884741 0.029930995190610071 -4.3075654786649755 -4.2619532693451907 -5.4924716656951063 -1.456906799454039 -1.6395938064873867 -2.145576430315232 0.54667100634151622 -4.2879817628413406 -1.7764794262335042 5.2797535546840102 1.7376222604366078 5.0449000815126137 -1.0742110651866397 1.3259074929505168 1.778138535046631 -1.1031893838567481 1.230484709949855 -0.95222214150610351 2.3149573114656241 2.3242342493124233 -0.30009361057043971 -0.27871882102616657 -3.2328196174102546 1.684901911981471
leaf_weight=0.25964973145164549 0.28519257158041 0.34236774803139158 0.38758754916489024 0.3694222494959839 10.851060671266167 0.24717472516931593 1.2980562495067682 0.43113606795668635 0.72631115652620681 0.51913562091067422 0.28462825226597488 0.74886933877132733 0.23736040154471993 0.46335662296041846 0.51255084690637864 0.40728022810071707 0.29202409251593053 0.37456931662745774 0.25008013308979471 11.612401141785083 0.2595163236837833 0.78764819679781783 0.37566689471714187 2.7426093053072682 0.56752703385427494 0.3549761651083827 0.96700437366962466 0.34077286114916194 0.25502176396548737 1.2490248424001036 0.21522955060936499 1.6283997555728995 1.503889061277732 0.41546727274544526 2.3857070473022763 0.33688127086497832 1.2163833167869587 221.92796384287067 1.0510886746924368 0.7312213103286912 0.38680912298150349 0.51752696116454877 0.17983121890574694 0.82226811978034575 9.8242584122344869 0.458375829970464 0.83312308811582658 0.79225241858512141 1.4417020359542214 0.38442753907293081 0.35940420534461737 1.1321836542338131 0.79583343840204179 0.29702392197214067 0.3354628977831452 5.9056045764591545 0.44424766628071655 0.62126082531176496 1.9870720156468453 1.7271014940925002 0.41184601443819691 0.27391464472748339
leaf_count=62 74 51 74 55 877 56 103 51 95 84 43 192 32 56 30 100 64 59 46 1326 56 125 96 716 96 41 61 84 65 163 64 84 94 38 396 75 75 13532 67 72 63 79 52 103 836 43 76 63 168 64 40 44 76 56 62 661 47 92 342 94 68 56
internal_value=0 6.89712 -0.0267793 -1.42539 0.0680745 9.60008 -2.27775 0.0400392 3.7356 6.23475 4.06929 0.0124044 -3.65808 3.25126 -1.8582 -4.77703 -9.21322 -0.343145 -9.71159 0.0250977 0.0626939 0.537362 2.08059 1.31395 0.314393 -2.96772 0.411406 0.895841 2.89565 -0.461838 4.03012 0.57693 1.85524 -1.40587 -1.59355 -1.04117 -0.00874257 0.0326863 -2.78223 -2.39069 -1.33637 -0.955075 2.34359 0.0219002 0.592984 -0.0625731 0.889755 1.7742 0.450631 3.73431 2.08827 2.67197 0.503376 -3.58598 -1.65899 -0.397809 -0.723644 0.276371 0.0265675 0.765761 -0.803584 3.80798
internal_weight=0 1.00213 299.142 9.91086 289.231 0.919391 9.54144 288.311 2.13994 1.7088 0.672216 286.171 0.98623 1.18967 9.03171 1.21186 0.699304 0.716937 0.50973 285.185 272.354 36.7749 4.64256 4.2669 32.1323 0.922503 31.2098 4.00738 1.26477 12.8313 1.00975 24.0723 4.26447 7.81986 7.40439 5.05524 235.579 223.967 2.34914 1.98025 4.71836 4.03453 0.668975 222.75 19.8078 6.17266 13.6352 3.81091 2.27483 1.53608 0.743832 2.76058 1.31336 0.683833 2.72117 7.1375 6.34985 5.71428 5.09302 2.69411 2.39892 0.489144
internal_count=22715 184 22531 1372 21159 173 1317 20986 286 235 117 20700 224 151 1209 194 164 110 108 20476 19364 4328 1189 1093 3139 137 3002 1037 321 1112 256 2169 222 1015 977 807 15036 13710 170 235 732 613 172 13635 1947 700 1247 411 244 167 104 128 155 119 458 833 708 657 565 155 410 120
cat_boundaries=0 21 41 62 82
cat_threshold=524304 256 1157627904 16 0 0 132 0 2147483648 268451904 0 0 0 33554432 2147500032 0 268960226 4194304 130 5 28 10 0 537919488 1057 16416 0 1 0 262144 40 0 35651584 1 268435456 2 369099904 8389136 134221952 134217728 65536 2147483684 96 0 0 0 24576 0 0 131072 3759415316 7168 0 0 1572864 0 0 4194304 50364433 0 67108864 512 0 0 268441600 537412546 595088 0 8234 67108864 0 0 0 1073741824 0 0 65 2164269056 262144 0 256 16
is_linear=0
shrinkage=0.05


Tree=50
num_leaves=63
num_cat=3
split_feature=56 70 50 9 67 48 46 35 66 54 76 47 9 17 67 46 35 47 47 10 63 57 0 66 53 63 10 13 28 67 49 56 69 70 85 60 59 49 56 58 73 55 63 49 70 67 72 50 51 54 66 56 51 70 47 63 63 70 76 63 50 60
split_gain=43478.6 107933 12224.1 11209.1 9765.76 15882.2 8145.56 8719.56 8944.36 6300.56 7981.86 4660.34 6554.97 5049.12 4458.33 17459.3 7639.29 7726.86 4975.4 4709.24 3887.93 3582.01 3352.75 4057 4345.71 4630.5 3215.26 3071.04 3045.17 3773.68 2773.73 3432.41 2537.9 2767.65 6313.15 3015.47 2297.45 3550.79 2272.12 2254.44 1854.55 3135.42 1952.77 1825 1822.43 1615.42 1514.3 1626.58 1437.2 1374.32 1758.1 2455.38 2749.61 1708.31 1339.95 1372.6 1331.72 5545.56 2600.11 1532 1366.36 1322.65
threshold=1658.2166168011756 0.78389864541610077 -459.53527056047687 -8.8301270189221892 2155.0000000000005 -287.64812683137944 0.6830127018922193 0.93301270189221952 923.94166666666672 867.26448498954824 1.0000000180025095e-35 -362.52737595296168 -15.794228634059946 1.0000000180025095e-35 1177.3350000000003 0.25000000000000022 1.0000000180025095e-35 -71.16793736495346 220.55557836185412 -3.9494859272502133e-15 788.45666666666682 21.722062006311621 0 214.03666666666672 -199.88477764231405 1305.9658333333334 8.5801270189221945 -0.93301270189221919 -1.0000000180025095e-35 898.23500000000013 14.758350943616195 327.89492477728487 0.83333333333333337 2.3920485557714564 1.0000000180025095e-35 -119.00509915955779 -75.859246170149262 43.087952488741244 327.89492477728487 1872.9378668342881 1 -44.714870682285529 860.93458333333353 244.29419626330449 1.1346025702046647 546.1600000000002 2 -238.54751717699864 -352.81226576307625 134.81911180499426 58.346666666666671 70.460478966793218 -15.023501619622229 6.6712624886466854 -59.750142155142122 250.29166666666669 532.08916666666676 0.81828995746521538 1.0000000180025095e-35 788.45666666666682 75.520218317423698 -2.1540731504058495
decision_type=2 2 2 2 2 2 2 2 2 2 2 2 2 2 2 2 2 2 2 2 2 2 9 2 2 2 2 2 2 2 2 2 2 2 2 2 2 2 2 2 9 2 2 2 2 2 9 2 2 2 2 2 2 2 2 2 2 2 2 2 2 2
left_child=2 3 6 -2 9 -6 7 8 26 11 -11 12 -4 20 22 16 17 19 -19 -16 48 -22 38 40 -25 27 28 -26 -1 39 32 36 -29 -34 35 -35 43 -38 -13 61 42 -42 46 45 -39 -32 -24 -48 -14 50 -49 52 53 -52 -53 -56 60 58 -58 -60 -43 -30
right_child=1 -3 4 -5 5 -7 -8 -9 -10 10 -12 14 13 -15 15 -17 -18 18 -20 -21 21 -23 23 24 25 -27 -28 30 29 -31 31 -33 33 34 -36 -37 37 44 -40 -41 41 56 -44 -45 -46 -47 47 49 -50 -51 51 54 -54 -55 55 -57 57 -59 59 -61 -62 -63
leaf_value=0.3937677514512703 7.7058025415192972 43.842959673897667 3.8433118759137095 -7.5146195663487196 11.594728903437415 -2.306913366408252 -10.558271861287501 -10.389281123614875 4.5219825584975784 -8.5145009901661393 2.1695487016686275 -1.0053483259862541 -4.2307079794930829 1.5750257374304779 -2.3379017144129408 11.757610201689607 4.6883678513579117 -10.450313049733689 -1.3925665348625789 5.6628976813558101 -10.562100267406684 -3.8585313593060935 -0.27499509973848413 4.3988584683919489 -2.0242819867458008 -4.4247181641657241 2.4442322845842299 -1.9324545875647918 -0.21151873779708263 -10.132371367786224 0.28995568640585462 6.186752018495806 0.22246067989777646 4.6191168896194474 6.5950486426560646 -1.3301964049118318 6.1635169975437281 0.0417570119724755 -3.3093688282121807 -7.7090359045950692 -1.1784230421254578 -0.083850247549155932 1.5301068080111473 2.9322043123840484 2.6726382250136709 -3.6458170521890576 2.3078090079686597 0.086370832722369381 0.15267136049495944 -1.2243020138394494 1.4324357886331573 -2.0114324094874112 0.36168713742973746 3.6852514843766082 -0.51828591395408818 1.846319515349806 3.4842224544960532 7.7821976093264444 -0.22977396965825864 -5.5113362786205897 -1.0394639216029624 -4.3558825756943582
leaf_weight=0.35724285524338606 0.23676740471273661 0.19681777013465762 0.37336586648598347 0.24732143431901832 0.46221427642740309 0.36985766282305022 0.3334769126959144 0.29482300975359965 0.52059597801417101 0.47485919366590579 0.27666133618913591 8.1830396167933923 0.38513672747649252 0.40597507799975563 0.37832359340973198 0.39618908101692785 0.65669840318150807 0.31335788546129995 0.29371694475412369 0.35791368060745343 0.38800714677199721 0.40968623152002692 18.777999781537801 0.80616541742347081 0.91372482920996567 0.43969160551205355 0.24606331810355175 1.0107191891875098 0.41581866052001759 0.26560309017077077 0.7437865992542354 0.42616320401430119 5.9122726821806282 0.28949390607886005 0.60811002296395589 0.80597971286624659 0.4933259214740241 1.1489746186416598 1.2310056155547489 0.23637821013107896 7.6165048496332011 65.51830099360086 2.3262952805962405 0.37424752069637168 1.5411881834734229 0.40142194228246808 0.85196927702054281 149.38565382594243 0.36348719499073812 1.8865574107039709 2.4518207414075728 0.90364567353390191 4.409920460311695 1.2812465254683045 2.0439115106128152 0.87707115407101799 0.28898622095584758 0.27410468528978527 0.34480906138196588 0.22814950882457197 3.9670730601064852 0.35849290434270942
leaf_count=43 55 54 62 64 60 57 36 35 79 67 83 1066 61 52 40 32 65 52 67 76 64 70 1339 98 111 74 55 83 80 40 105 59 695 24 39 117 71 180 129 65 987 3805 87 54 191 53 62 9609 72 157 278 93 419 23 79 144 41 49 64 63 385 88
internal_value=0 12.6229 -0.0261729 -0.0703252 0.00626496 5.41542 -3.18662 -2.27446 -1.27769 -0.00903159 -4.58132 0.00267657 -2.22667 -3.38753 0.0204837 2.16832 0.268739 -1.89186 -6.06796 1.5516 -4.69041 -7.11922 0.00266065 0.0451667 0.822008 0.631161 -2.88404 0.782702 -3.68665 -4.82878 0.969157 1.88994 0.421684 0.734108 2.50977 0.241991 1.50058 2.26407 -0.633596 -3.43503 -5.13329e-05 -0.190274 0.0859439 -0.0990326 1.54898 -1.08962 0.0722723 0.121374 -2.1024 0.117398 0.133085 0.7162 1.20703 2.20564 -0.328816 0.191724 -0.110646 1.58742 -0.382559 -2.33287 -0.138408 -2.13029
internal_weight=0 0.680907 298.097 0.484089 295.069 0.832072 3.02849 2.69502 2.4002 294.237 0.751521 293.485 2.32566 1.95229 291.16 2.3962 2.00001 1.34331 0.607075 0.736237 1.54632 0.797693 288.763 279.349 15.9153 15.1091 1.8796 14.6694 1.63354 1.27629 13.7557 5.12911 8.62658 7.61586 1.70358 1.09547 4.70294 3.18349 9.41405 1.01069 263.434 78.2379 185.196 1.51946 2.69016 1.14521 182.87 164.092 0.748624 163.24 161.353 11.9676 8.14299 3.73307 3.82463 2.92098 70.6214 1.13605 0.861945 0.572959 69.4854 0.774312
internal_count=22507 173 22334 119 21813 117 521 485 450 21696 150 21546 381 319 21165 332 300 235 119 116 267 134 20833 19638 1954 1856 371 1782 316 273 1671 713 958 875 180 141 654 442 1195 233 17684 5394 12290 212 371 158 12203 10864 133 10802 10645 1036 720 301 316 223 4407 217 168 127 4190 168
cat_boundaries=0 20 21 44
cat_threshold=34844 256 0 33 16416 0 132 0 2147745792 4 1024 0 0 0 0 16778304 8388816 135340 0 1 35332752 0 2148012032 58855425 0 0 0 524288 0 192 0 0 0 2097152 402817024 5242880 0 24 0 8388608 1068160 33554432 0 1312
is_linear=0
shrinkage=0.05


Tree=51
num_leaves=63
num_cat=1
split_feature=66 54 91 0 58 66 52 66 63 63 55 49 71 55 86 66 66 50 58 47 60 50 54 50 52 66 71 51 71 51 48 71 58 71 54 58 9 32 38 58 10 5 54 60 50 47 66 50 54 34 55 55 23 66 5 47 60 6 47 8 50 53
split_gain=23865.1 97895.6 15739.9 9234.12 28590.7 62669.5 8969.2 8082.72 9364.96 4441.18 4106.21 3983.71 8420.01 4677.28 12896.8 5101.44 5150.08 4218.37 6680.39 3828.11 5728.68 3898.03 3250.68 5357.93 2708.36 3192.84 3750.43 2695.55 2659.96 2526.98 2425.12 2378.09 2547.53 4441.22 3407.26 2007.74 8314.46 1769.56 1760.8 2383.84 1746.75 1619.44 2046.55 1696.92 1606.13 1666.47 1553.83 1547.34 1487.04 1466.08 1438.45 1429.42 1308.99 1626.56 1280.19 1218.88 1765.04 1202.68 1073.88 1940.3 1259.81 962.042
threshold=1554.8500000000004 677.19666997444517 1.0000000180025095e-35 0 1208.0099917980103 247.05000000000004 -854.49183630579807 1083.0100000000002 948.63333333333344 1305.9658333333334 365.43277714900188 244.29419626330449 -18.125208136437717 279.83373407705403 1.0000000180025095e-35 404.90500000000003 527.68333333333351 -459.53527056047687 485.31592581951446 -549.91644664245894 170.45972127036381 -68.574458490341968 475.4840069238964 -334.2742363931348 163.42161226394941 676.91500000000008 8.8706185977065903 556.11620451193812 -14.501398887400137 -115.31196462301959 -327.89000449385895 -17.198544637114797 235.5377830671608 22.20730566247742 139.24865849789308 395.22567156213722 3.0003846579110155e-15 0.25000000000000017 1.0000000180025095e-35 415.12811240760158 -11.379165124598847 0.6830127018922193 66.196672180732662 150.84387602169878 -103.69395167995661 -175.25997650086535 20.345000000000002 -8.4870774504450246 144.11288470332133 9.1848509936051497e-17 135.26549774941597 -51.864109575641017 -1.0000000180025095e-35 207.98666666666671 -0.5 -10.057659182752413 -173.11540576833582 1.0000000180025095e-35 -125.65762552124974 2.5000000000000004 -82.468590793857345 -25.247204576319607
decision_type=2 2 2 9 2 2 2 2 2 2 2 2 2 2 2 2 2 2 2 2 2 2 2 2 2 2 2 2 2 2 2 2 2 2 2 2 2 2 2 2 2 2 2 2 2 2 2 2 2 2 2 2 2 2 2 2 2 2 2 2 2 2
left_child=3 2 -2 6 7 51 -1 11 -9 10 22 17 -13 15 -15 52 -17 18 -5 -11 21 57 31 -24 25 27 -27 28 40 -26 -30 44 37 34 -34 41 -37 -33 39 -31 -19 43 55 50 45 54 -40 -44 -42 -45 58 -6 -14 -54 -8 56 -43 -21 59 60 -32 -49
right_child=1 -3 -4 4 5 -7 9 8 -10 19 -12 12 13 14 -16 16 -18 24 -20 20 -22 -23 23 -25 29 26 -28 -29 30 38 35 32 33 -35 -36 36 -38 -39 46 -41 48 42 47 49 -46 -47 -48 61 -50 -51 -52 -53 53 -55 -56 -57 -58 -59 -60 -61 -62 -63
leaf_value=-10.552629929760764 5.0021646948256793 28.748730860234698 -9.1341245675469889 1.343839452336979 -5.7583406221094569 27.146423030687188 -2.4356844198314564 11.038210457452111 -0.35763604857122039 -10.714381648820989 -6.4064827036521779 8.7478995834120994 -1.9467407079980035 -8.8986456268277436 4.9819567851958171 9.7947542620941128 1.7406781036782293 0.54288066585548411 -7.4002462635724475 -0.48486569927785772 -9.046776541943478 5.5769146253324928 -2.4627791801727525 5.4850098265429716 -4.0447087025428763 0.12305467572941729 6.0450563323307591 1.3113715457126776 -2.8478177134089981 -0.71651950225002725 4.6512702012487983 -1.0134772402373018 -2.7112912839602892 -0.58799808335222004 -8.8735163084929258 -2.6433017379907335 6.3600691194447494 -3.9155713153116696 -0.8217478747284388 3.7077719482953477 -0.98219987668643383 1.8536277263328242 -0.44855134181664147 0.67497730707993853 1.6382770319795661 -5.0843864571545225 -5.8006240965721689 -3.6312947669833733 -3.5130253611815427 3.2536295047304651 -2.1187586403712131 0.17417445228576264 0.27835895544723538 3.058930622583643 1.6362964804703672 0.033331238905123121 -0.51890908672507907 -5.9959354782441379 0.054020763377766283 -0.018178972044823598 1.0813194272394353 -1.3975668376632775
leaf_weight=0.30526557518169184 0.36343301483429857 0.36109261261299253 0.4297619080170989 0.39628718420863052 0.20524986437521875 0.30571441957727075 0.35715728648938228 0.35805532848462363 0.36310886242426932 0.22220696369186044 0.40345941274426955 0.36066510411910702 0.44438663031905923 0.39374917233362783 0.29102907422930002 0.33170783519744862 0.49418688775040209 1.7852878042031077 0.4866897277534008 0.19665688392706215 0.29393081273883581 0.1822647729422886 0.40591932041570544 0.44399838289245952 0.66607496328651894 0.61164516326971241 0.47495831199921668 3.8380851524416348 0.74191193096339603 3.2341558556072409 0.48164546140469611 3.6002835442777714 0.4126502596773205 0.6281654501799494 0.49151211162097752 0.47514302888885029 0.55706775654107332 0.6149946954101323 0.33234752435237158 0.33609968400560308 6.7397469310089928 0.81472270935774105 3.0969933348242193 3.6759364847093812 0.82208193838596066 0.22947484138421703 0.296512964181602 0.75831424631178412 0.63511035265400995 0.64843524945899833 0.75479259295388956 0.20094106602482398 2.1019710672553624 0.70146421622484911 0.4200044353492558 42.032179005909711 20.730549386702478 0.19934472069144249 178.16713403817266 1.5403977520763872 0.50753732770681326 1.3230180831160385
leaf_count=73 69 60 42 69 53 49 80 60 42 59 52 64 41 80 54 60 70 165 93 48 71 42 62 62 127 76 41 97 73 532 46 485 71 73 81 63 80 32 62 56 674 31 303 418 88 40 57 53 94 89 100 54 248 93 78 2304 1705 59 12163 266 55 148
internal_value=0 7.16754 -2.65704 -0.0360464 0.0377016 10.0465 -1.06744 0.0137697 5.30036 -1.85128 -1.47889 0.000214482 1.38227 0.824001 -2.99942 1.46671 4.97547 -0.0254066 -3.47583 -4.85568 -3.36307 -0.474064 -1.24296 1.68916 -0.0143382 0.00670007 2.71158 -0.00421375 -0.0232344 -1.18357 0.00668656 -1.57188 -2.07155 -3.81747 -6.06114 0.0149733 2.21567 -1.43688 -0.72973 -0.300022 -0.860438 0.00604872 -0.201262 0.0827745 -0.00142804 -1.34051 -3.16933 -1.1571 -1.20015 1.06164 0.059446 -2.82355 0.574455 0.974102 -0.235048 -0.12341 -0.429193 -3.2591 0.0685447 1.09151 2.81957 -2.21141
internal_weight=0 1.15429 0.793195 292.92 282.691 0.711905 10.2294 281.979 0.721164 9.92411 8.8297 281.258 5.11916 4.75849 0.684778 4.07372 0.825895 276.139 0.882977 1.0944 0.872197 0.578266 8.42624 0.849918 275.256 270.391 1.0866 269.304 265.466 4.86519 256.306 7.57632 5.74761 1.53233 0.904162 255.564 1.03221 4.21528 4.19912 3.57026 9.16015 254.532 68.7558 185.776 1.82872 1.00664 0.62886 5.17833 7.37486 4.32437 181.452 0.406191 3.24782 2.80344 0.777162 63.5775 21.5453 0.396002 180.697 2.52958 0.989183 2.08133
internal_count=22735 171 111 22564 21008 156 1556 20852 102 1483 1204 20750 710 646 134 512 130 20040 162 279 220 149 1152 124 19878 19044 117 18927 18830 834 17897 1028 742 225 152 17824 143 517 707 588 933 17681 4544 13137 286 198 119 504 768 507 12630 107 382 341 158 4040 1736 107 12530 367 101 201
cat_boundaries=0 21
cat_threshold=134217744 0 360710656 0 24592 0 1 0 0 17408 0 0 0 0 0 8196 8915251 131076 65666 4 20
is_linear=0
shrinkage=0.05


Tree=52
num_leaves=63
num_cat=4
split_feature=56 2 59 47 70 56 64 67 3 65 64 59 67 50 0 67 67 36 6 3 18 3 56 67 59 34 0 66 55 46 5 52 70 50 67 50 16 49 72 64 10 54 67 77 67 55 48 49 9 33 50 10 55 50 57 14 67 66 0 84 68 70
split_gain=34269.2 97482.1 172817 8796.25 17626.5 7151.36 18643.8 10864.6 6883.33 9180.91 6023.14 4778.54 5391.17 4483.93 4172.02 25448.3 6551.6 7671 6657.9 5731.6 7410.06 4663.74 3067.56 3914.7 4737.83 3066 2298.33 4916 4237.39 3460.71 3094.89 2175.78 2063.62 2045.87 2044.92 1924.49 1834.82 1829.93 1725.59 2193.56 2051.77 1835.91 1607.5 1550.86 1528.35 1866.1 1403.78 1356.48 1338.57 1248.34 1194.69 1194.28 1137.33 2022.11 1047.71 1046.56 1332.72 1223.45 1463.71 2003.57 2396.47 1751.59
threshold=1410.9952615166201 3.5000000000000004 24.321441872864508 -488.75312200965749 2.2374930555398582 883.87941291491859 1420.0350000000003 2155.0000000000005 2017.5000000000002 665.48000000000013 803.24750000000006 -349.21337007158655 845.37000000000012 511.75340030586699 0 812.46000000000015 1369.8900000000001 1.0000000180025095e-35 0.50000000000000022 2018.5000000000002 -4.592425496802573e-16 2016.5000000000002 188.19385507417675 292.53500000000003 30.989326744534619 -1.0000000180025095e-35 1 404.90500000000003 94.555772555761266 -0.5 -0.24999999999999997 -106.02421351189197 1.0222728974368691 205.08510223371715 397.49500000000006 -82.468590793857345 0.93301270189221952 -188.98672684444293 2 722.69500000000005 1.0103336092965665e-15 56.619654870383791 123.03000000000002 1.0000000180025095e-35 869.22500000000002 -5.4783767733970512 -157.78009328435311 -34.738194528367863 -8.2500000000000018 -1.2500000000000004 -57.476391771425526 -18.093266739736602 -209.83317384658889 -238.54751717699864 34.793296615415763 -0.86602540378443849 612.35000000000014 38.361666666666672 3 1.5000000000000002 0.58333333333333337 3.3902073236402805
decision_type=2 2 2 2 2 2 2 2 2 2 2 2 2 2 9 2 2 2 2 2 2 2 2 2 2 2 9 2 2 2 2 2 2 2 2 2 2 2 9 2 2 2 2 2 2 2 2 2 2 2 2 2 2 2 2 2 2 2 9 2 2 2
left_child=3 13 -3 4 8 7 10 14 9 -1 -7 -10 -13 -2 15 19 26 18 21 20 -5 -18 23 -21 -25 -22 33 38 29 -29 -30 -31 43 35 42 36 51 -33 41 52 49 -28 -27 -24 45 -39 -42 -48 -35 -41 -37 -16 -40 -54 -53 -55 57 -57 -59 60 -60 -62
right_child=1 2 -4 5 -6 6 -8 -9 11 -11 -12 12 -14 -15 16 -17 17 -19 -20 22 25 -23 32 24 -26 34 27 28 30 31 -32 37 -34 48 -36 50 -38 44 39 40 46 -43 -44 -45 -46 -47 47 -49 -50 -51 -52 54 53 55 -56 56 -58 58 59 -61 61 -63
leaf_value=-2.1445358471209279 -0.18856218948824047 -3.3978764889826261 57.416044423696611 8.2768293810429139 -15.362195629980064 -3.2210105449359312 -11.584191472860605 6.2395045531034725 -6.9923092675208514 12.305781582861609 7.091189588787242 -4.2161083814661025 4.5523334502948929 -8.7019016803590929 0.8485293853248429 8.9046106717048605 -4.283571119258097 -9.754349591160512 -6.9996675297286748 0.01132149359927684 5.2860016652864763 4.0214779551236477 -1.3599850039212205 5.0110484269111524 -0.73294275976834844 -0.067021798912025685 -0.40155630193898584 5.1508411493967712 0.98448452283412391 -2.8311868326883065 6.4766479519354592 3.4442518257385717 0.080835861685834731 -5.9506497567748173 -3.6721565680734169 1.8219865841755145 -4.4988528760630588 -0.45247565909959575 -1.6293393138026451 1.0830636069177044 4.4064052964673479 -1.7054054315517384 3.4814050933712717 -5.0584452662067161 -2.3484922478557873 2.6611757678823875 2.9017144543657682 -1.2041194164338851 -2.0376316351918842 -1.2042275263671645 -0.51329838522658511 -2.1564681307906812 1.9489348739097876 -0.23876272887330396 0.57723358760642618 -0.015274008865851561 -1.9687572982055048 -0.24587115159028247 -0.46986874053729705 3.3130470055802124 0.42847766209671323 1.4152433494585024
leaf_weight=0.26774059981107612 0.33694801339879521 0.24077127128839493 0.22692308202385902 0.47551437257789109 0.26426138635724772 0.2833954975940276 0.46431665448471904 0.69938163692131539 0.53256710618734338 0.18647361896000803 0.28300120425410569 0.44637946458533406 0.28865820099599659 0.28590437700040638 0.54605259513482529 0.94945966033265072 0.25218038610182592 0.35765442601405073 0.35528203076682985 9.6827300842851383 0.40006173960864599 0.51273269718512893 0.58625065488740735 0.91307800938375183 0.5915978099219501 0.92117786570452176 10.672070356551556 0.40732038998976383 0.42071461211889982 0.48387550539337132 0.65719262324273564 0.53114670491777438 0.87723505962640036 0.30303080542944372 0.25889838789589714 0.61365495226345856 0.51417982368729997 1.1824691139627255 1.0761042775120575 1.7999668603297321 0.64001817256212234 3.614129912108182 0.48838017345406115 0.54877196555025876 0.47234998550266016 0.81141970213502457 0.51661815191619098 0.32944431365467586 0.78397446568123885 0.89221868920139913 5.0928122757468373 2.2045333557762201 1.3232276726048429 41.486630882369354 0.41675241058692325 152.56630603177473 0.82343216938897867 7.2162376455962658 5.5613916437141659 0.63008420169353385 17.305654526455331 6.0762496991083017
leaf_count=67 81 58 52 94 52 60 91 75 81 49 48 86 40 68 52 71 75 35 62 291 86 81 47 76 71 179 755 39 66 92 90 63 57 55 50 53 56 113 139 13 33 456 118 62 59 126 47 81 117 158 560 339 101 2838 74 10036 70 864 59 7 2234 427
internal_value=0 8.85745 26.1087 -0.0225887 -3.33869 0.000289658 -4.15706 0.0152283 -1.49334 3.78791 1.9315 -3.38575 -0.772635 -4.09639 1.51234e-05 0.597233 -0.0570325 -3.37912 -1.34365 0.475584 2.64866 1.28343 0.0567576 0.380025 2.75267 1.35485 -0.0408397 0.00118207 1.55906 0.79013 4.33302 0.279911 -1.74049 -0.549942 0.412234 -0.837174 -1.72845 0.782143 -0.0294099 0.012174 1.14823 -0.430244 1.16243 -3.14815 0.208813 0.814635 2.63954 1.30296 -3.12849 0.325031 -0.262169 -1.27871 -0.00758547 -9.50995e-05 -1.72184 -0.0112276 0.0384081 0.0471364 0.305952 0.391395 0.46302 0.684908
internal_weight=0 1.09055 0.467694 289.858 1.98608 287.872 1.03071 286.842 1.72182 0.454214 0.566397 1.2676 0.735038 0.622852 286.142 16.6932 269.449 1.47785 1.1202 15.7437 2.54403 0.764913 13.1997 11.1874 1.50468 2.06852 267.971 257.496 4.96649 3.88858 1.07791 3.48126 2.01226 10.475 1.66846 9.38799 3.68152 2.99739 252.53 238.244 4.17827 14.2862 1.40956 1.13502 2.46624 1.99389 1.48608 0.846062 1.08701 2.69219 5.70647 3.16734 234.065 232.989 2.62129 231.666 190.179 189.356 36.7896 29.5734 28.9433 23.3819
internal_count=22635 259 110 22376 375 22001 199 21802 323 116 108 207 126 149 21727 1202 20525 253 218 1131 527 156 604 438 147 433 20272 18966 648 492 156 453 166 1306 347 1134 521 361 18318 17107 332 1211 297 109 298 239 161 128 172 171 613 465 16775 16636 413 16535 13697 13627 3591 2727 2720 2661
cat_boundaries=0 22 43 66 87
cat_threshold=4096 1073741856 0 134217728 37632 4104 1 0 0 0 512 2147483648 1 0 4 8396865 54525952 67174402 541065216 131073 16 268435456 1040 67109120 1073741824 32 24576 8192 4 0 2147483648 1028 0 0 0 570425344 0 16777220 8389472 2281832460 0 65536 64 0 536870912 0 4353 0 0 16384 0 0 2148007936 36700160 0 573472 67239936 0 0 139264 0 2097152 10489868 2097282 2116 1088 2048 0 2048 0 0 16384 65570 0 0 537395208 2048 2097152 0 270008320 131104 268436608 131089 285245440 65548 20 512
is_linear=0
shrinkage=0.05


Tree=53
num_leaves=63
num_cat=2
split_feature=49 67 72 67 67 20 70 54 67 52 47 52 54 10 51 55 56 50 51 67 45 55 9 48 48 64 64 46 35 20 51 71 15 64 67 64 52 70 70 54 65 56 70 68 65 72 60 71 52 67 1 70 10 68 52 58 49 64 10 51 67 50
split_gain=20373.9 69308.3 11452.3 25470 16552.8 47734.4 15703.7 9576.87 7708.29 7033.13 7960.21 7356.44 8981.88 5778.11 5583.96 15515.5 4233.77 3880.26 2672.33 2575.18 9708.28 4734.07 2855.8 2636.37 2553.04 5003.67 3155.59 4247.54 2408.6 2638.37 2130.65 1979.58 2604.68 1916.12 1878.21 1859.99 1708.6 1694.48 2456.11 3417.41 3408.74 1975.33 1696.28 1613.2 2367.02 1605.36 1554.41 1512.42 1435.96 1298.23 1713.19 1978.3 1309.19 1292.73 1279.53 1262.83 1186.1 2378.07 1112.72 1087 2381.49 1702.95
threshold=1341.4297942371395 1735.2800000000002 0 2625.9500000000003 1177.3350000000003 0.25000000000000017 2.1866438971360727 291.03733070188275 1839.6750000000002 654.06731541712247 80.679096702158503 -647.37878962313619 532.95592117933927 1.2552629691260372e-15 -591.36959244272725 44.838225770283124 800.42172453114847 -281.47138233672314 -20.664937405061234 773.0350000000002 0.25000000000000022 94.555772555761266 -14.861215932167726 -243.48004461006445 436.65944426268311 1075.6125000000002 1026.8875000000003 -1.0000000180025095e-35 -1.0000000180025095e-35 0.6830127018922193 -198.68846690969841 9.7221617380989631 1.0000000180025095e-35 709.68500000000006 588.75000000000011 1212.8175000000003 -339.47536153036287 1.2290853241897004 2.8502873563218398 117.6209983373837 346.26000000000005 242.31883618601373 6.2524706285910305 0.58333333333333337 485.62000000000006 1 -26.936700431885914 -18.125208136437717 -153.78547350588966 452.40000000000003 8.5000000000000018 2.4955102593438538 7.8971143170299758 0.58333333333333337 71.470945201844174 136.7113944352275 -62.410630325052843 513.52500000000009 15.294228634059946 -115.31196462301959 419.51500000000004 -21.225698430413349
decision_type=2 2 9 2 2 2 2 2 2 2 2 2 2 2 2 2 2 2 2 2 2 2 2 2 2 2 2 2 2 2 2 2 2 2 2 2 2 2 2 2 2 2 2 2 2 9 2 2 2 2 2 2 2 2 2 2 2 2 2 2 2 2
left_child=2 17 3 9 14 6 7 -6 30 11 -11 13 28 -1 15 -4 19 -2 36 23 21 22 -21 34 26 43 31 -28 -13 37 -8 45 46 55 56 -29 -18 41 40 42 -39 -30 -40 -26 -45 -25 -33 -37 -34 54 -51 52 -52 -48 -47 -24 58 -58 -16 -55 -61 -62
right_child=1 -3 4 -5 5 -7 8 -9 -10 10 -12 12 -14 -15 16 -17 18 -19 -20 20 -22 -23 33 24 25 -27 27 35 29 -31 -32 32 48 -35 -36 47 -38 38 39 -41 -42 -43 -44 44 -46 49 53 -49 -50 50 51 -53 -54 59 -56 -57 57 -59 -60 60 61 -63
leaf_value=-2.0762431917066113 -5.2774031472883998 28.011915718976002 -1.7770867775698027 -13.143642958867511 1.0200289067066488 19.530308686998243 2.2172271006472353 10.867339379283539 -8.9926821774653938 -14.524070885626404 -1.5878230360124554 0.46279631969555679 4.390400127691227 -12.492443336843198 -0.96607546295668145 13.301415916191878 -4.6679297453504631 2.5183861473557569 -7.8946664802243767 2.5719987332422942 8.6307654419768873 4.3759913659411209 -2.5031289206086642 -0.45150234083611285 -2.1616610367774896 -6.919098823528981 6.7507024762006616 2.3904929148502441 -1.8999331336805305 -5.0967957438705884 -3.0943337112823857 -1.1730388126984708 5.2008062604500953 -4.6687461082648749 -4.5011753910664334 1.1318977897384004 1.1906368572960908 -1.7025488478902924 0.88539925454230473 -5.7720970054183178 2.6012552452983839 -5.3274680143053823 -2.528540610980675 -1.5746538076893182 3.8607886112103174 0.018109270336945274 -0.97718860479251068 -3.9607410471861764 1.6031684676494178 0.23335708516696099 2.5599054090589113 5.634240193968818 -1.5699582171413689 -0.11803034802631618 -0.73123784293449612 0.99566839991592104 -1.8535389556239601 3.9982617309171675 -3.954214124732601 0.74344368281724771 1.6181553871916461 6.4296069109020282
leaf_weight=0.27176779136061568 0.34688598616048694 0.28286492149345577 0.41285619139671226 0.52025325316935855 0.52968973340466607 0.41681114467792202 0.42233597859740302 0.46247978950850666 0.36474346998147666 0.22557299211621362 0.25150921964086592 1.2039350266568334 0.67994571151211847 0.26100771781057119 3.2185665823053573 0.29074998036958277 0.23864470282569528 0.29566672444343467 0.25629746704362233 0.46370943728834424 0.40846794471144665 0.55769980116747309 0.51268552592955463 9.9718051298987103 0.78339734906330594 0.38243687478825439 0.38756452547386278 0.80392447905614861 1.7439253455959236 0.6115370881743728 0.34144329116679661 1.5936748210806388 0.31527756992727551 0.44490423821844149 0.39257715921849001 0.30316856782883395 0.26007962715812027 0.98780030896887205 0.65405636443756499 0.50715939770452667 0.86117396899498999 0.55385747808031727 0.82004703069105744 0.41833182820118964 0.3842967136297375 236.20420121843927 1.1563594234175969 0.28084506164304923 2.306323400931432 2.8802552530542007 0.57653557625599183 0.35150918923318386 0.28763750684447587 1.9591596543323238 5.8375164123717687 0.51893970766104758 0.35567176155745883 0.33917776984162629 0.34493602439761151 3.304390797857196 0.39037060062400997 0.34770867973566044
leaf_count=63 69 60 74 68 63 82 74 42 50 52 53 65 100 61 476 48 51 43 46 71 27 85 50 1074 93 79 78 53 144 59 60 207 63 67 42 56 51 72 67 71 60 74 84 51 58 15086 121 52 259 312 106 20 53 239 1055 71 39 73 54 364 51 50
internal_value=0 7.38859 -0.0420008 -1.19286 0.040088 4.06168 1.0214 5.61015 -3.01292 -1.78572 -7.70431 -1.47733 -1.12506 -7.17916 0.00510428 4.45378 -0.00609313 -1.69022 -3.74519 0.00403334 1.48457 0.316012 -0.850983 -0.0115643 0.00867606 -1.78545 0.0217924 2.12273 -1.59717 -1.96516 -0.157277 0.00784674 0.653321 -1.92598 -1.19192 0.830424 -1.61275 -1.65264 -1.00867 -2.23181 0.301981 -2.72611 -1.01378 -0.547582 1.02782 -0.0208174 0.239186 -1.31709 2.03583 0.0143899 0.897697 2.47169 1.18529 0.553608 3.66582e-05 -0.743125 -0.886836 1.00291 -1.25532 0.848553 1.317 3.88483
internal_weight=0 0.925418 292.934 10.1535 282.78 2.5375 2.12069 0.99217 1.12852 9.6333 0.477082 9.15621 8.62344 0.532776 280.243 0.703606 279.539 0.642553 0.755022 278.784 2.90641 2.49794 1.94024 275.878 271.227 1.96846 269.258 1.7755 7.94349 6.73956 0.763779 267.483 11.3733 1.47653 4.65093 1.38794 0.498724 6.12802 3.83024 1.98126 1.84897 2.29778 1.4741 1.58603 0.802629 256.109 8.75166 0.584014 2.6216 246.138 4.09594 1.21568 0.864173 7.15799 242.042 1.03163 4.25835 0.69485 3.5635 6.00163 4.04247 0.738079
internal_count=22541 172 22369 1093 21276 371 289 105 184 1025 105 920 796 124 20905 122 20783 112 148 20635 371 344 259 20264 19580 281 19299 239 696 631 134 19060 1354 188 684 161 102 572 354 222 132 218 151 202 109 17706 1032 108 322 16632 491 179 159 825 16141 121 642 112 530 704 465 101
cat_boundaries=0 23 46
cat_threshold=1310752 0 0 65536 0 0 0 0 0 2415919104 2560 80 67108864 0 2147483648 67108880 536881216 136 0 32772 23134292 0 1 0 4096 2147614720 262144 0 0 2048 0 0 0 268435457 8 49152 16 0 176160768 147456 32 142606336 1140852744 134348800 1073750056 1024
is_linear=0
shrinkage=0.05


Tree=54
num_leaves=63
num_cat=4
split_feature=56 70 79 58 67 3 70 65 65 53 90 14 0 67 57 48 8 67 58 58 65 65 48 51 56 57 63 0 66 56 8 48 55 55 67 49 63 55 55 58 38 13 3 47 48 33 66 0 57 3 8 55 16 55 63 87 54 70 16 70 73 55
split_gain=19457.9 75368.9 30218.2 16134 14667 14531 16688.6 10211.6 18432.1 11181.5 8810.71 6300.93 4846.94 14031.9 8165.86 8109.48 5991.17 4803.02 7467.91 9456.24 8216.43 4073 3647.96 3291.34 3282.85 3175.38 2530.49 2312.87 3163.56 2355.11 2115.25 2034.52 1914.38 3985.36 1938.78 1781.53 1682.18 4045.74 4393.55 2314.27 2247.32 2658.38 2357.29 2081.26 2018.36 1837.42 1631.63 2436.25 2106.78 4592.61 3160.46 1981.59 1692.2 1506.33 1491.99 1384.09 1379.11 1303.11 1302.86 1280.4 1274.58 1880.66
threshold=1150.7708084351104 3.3902073236402805 1.0000000180025095e-35 736.91335734434756 2625.9500000000003 2018.5000000000002 0.57567094472766633 1835.2950000000003 2671.0000000000005 -238.60014550689155 1.0000000180025095e-35 1.0000000180025095e-35 0 1636.1500000000003 -141.99728041095733 -58.560013512076857 5.5000000000000009 845.37000000000012 509.88493693662349 278.43286220121882 451.40500000000003 30.040000000000003 -361.4585219451219 426.08187799677484 145.58509762241829 -276.95906407474314 1490.4659090909092 1 472.44166666666678 175.80579466328138 5.5000000000000009 -661.26509314169778 173.00521034326675 105.94024179615741 954.56500000000017 -145.22786192453088 730.52477272727276 279.83373407705403 69.500797485532374 218.73430497225726 1.0000000180025095e-35 0.68301270189221952 2016.5000000000002 -226.30761615834311 158.13844368329748 0.25000000000000033 42.136666666666677 2 1.8348651541062446 2019.5000000000002 3.5000000000000004 -25.367720394874368 0.6830127018922193 -7.8727368968689477 1218.6062500000003 1.5000000000000002 233.74269476055787 0.89574304034166541 0.93301270189221952 0.64086045573846351 3 -33.137661467603643
decision_type=2 2 2 2 2 2 2 2 2 2 2 2 9 2 2 2 2 2 2 2 2 2 2 2 2 2 2 9 2 2 2 2 2 2 2 2 2 2 2 2 2 2 2 2 2 2 2 9 2 2 2 2 2 2 2 2 2 2 2 2 9 2
left_child=3 2 5 12 7 6 11 9 -9 22 -11 -2 14 17 16 -15 -1 25 19 21 -21 -19 26 32 -23 30 31 58 36 -30 -14 -5 33 34 -16 -36 43 38 40 -40 41 42 -38 45 -41 -29 60 -48 50 51 52 -50 53 -49 -39 -53 -31 -52 -27 -51 61 -45
right_child=1 -3 -4 4 -6 -7 -8 8 -10 10 -12 -13 13 15 23 -17 -18 18 -20 20 -22 24 -24 -25 -26 27 -28 28 29 56 -32 -33 -34 -35 35 -37 37 54 39 44 -42 -43 -44 46 -46 -47 47 48 49 59 57 55 -54 -55 -56 -57 -58 -59 -60 -61 -62 -63
leaf_value=-13.284822926034161 -10.411376917007857 34.13457478533158 16.100895623049638 2.4006389497827891 -12.778640629182895 -11.144029441738923 14.372415788608102 11.756488955827658 -3.7217656936363861 -13.843633352690924 -3.8759008050900188 1.3207302991357204 -0.72997974574468816 2.6093957532030654 -1.1683593271105033 13.630567530009513 -2.8396238469815227 5.0632381846261314 -4.1445479586999019 13.10437526530866 2.9633922590687054 -3.0959761121107414 3.9921716861886689 2.6894163495138512 1.9831492176912815 -0.69244352337018789 -6.2072634609810491 -2.4577550799997825 0.76357716612785043 6.3381490019052027 -5.8644016553419291 -2.8238504403117082 -3.5388470576588062 3.1227688150983788 -6.5242207236946035 -1.7645796239384901 1.1060760916153338 -0.48249959209053944 8.5699732229126315 0.3838057892191945 3.0830154995843286 1.0376437141701143 -3.9752986851918282 0.70829456357558751 5.8862720527258592 1.1822120329514079 -0.31217932719312891 1.0357122600326993 -2.7110851011201156 -2.1509623038970749 -1.3388518458014014 1.3487507299135215 -0.41634456035439743 2.1156836931887235 -6.0945417133844693 5.1068071682441261 2.0265060244670345 0.32761028303269113 -2.7874269635510918 -0.30617327768674552 -0.21276317516040769 0.020611309315932795
leaf_weight=0.24521305807866056 0.19065610482357331 0.20162591780535866 0.2692307736724614 0.28974359575659103 0.37329132296144951 0.34131981222890317 0.18356600520201027 0.32488043187186111 0.4714653748087585 0.40143033512867932 0.4951511959079653 0.28629776928573847 0.43355372524820168 0.40032436838373542 5.9577769937459344 0.28625869727693398 0.31190476845949888 0.45243205851875234 0.41713621700182546 0.36438601277768601 0.44205017434433103 0.6127879873383788 0.27328174584545184 0.51362861553207118 0.66163036762736738 11.554667892865833 0.32034419570118189 1.466736651258542 1.3366627544164651 0.38750041392631818 0.37331906845793128 0.52216731221415102 0.95659340149722982 0.50554856262169767 0.34131944901309907 0.46368004102259863 0.36113575194030989 0.22354990709573019 0.25178034300915886 0.35776281263679266 0.75890087569132436 2.1394158240873367 0.62022602837532759 10.640898989513515 0.31199247995391488 0.45401705685071636 8.8838376265484822 9.1290477544534934 0.28966851462610144 1.0391505532897998 1.4588343952782441 4.7662016355898249 1.3806577080395062 4.9956114101223674 0.2518570264801383 0.25828309869393695 0.35570554644800723 5.9889112848322839 0.79305984126404006 9.9151499446015787 45.971758343279362 151.3717107551638
leaf_count=49 52 55 36 47 31 86 47 58 96 80 46 77 63 69 523 43 82 29 61 34 72 86 52 86 90 1227 77 172 196 57 73 115 98 66 58 66 89 49 47 79 34 71 75 540 68 49 1113 418 55 117 303 1018 84 220 59 51 48 1100 81 582 2641 9335
internal_value=0 5.73439 1.22935 -0.0272187 -3.41563 -2.76717 1.56152 -2.28761 2.59281 -3.97583 -8.3388 -3.36903 0.0131434 0.0629968 -0.755317 7.20448 -7.43703 0.047815 2.05458 3.07534 7.54557 0.987756 -1.19273 -1.19368 -0.459084 0.026557 -2.44416 0.035657 0.0730444 2.01817 -3.10554 -0.959407 -1.43617 -1.15944 -1.47955 -3.78267 0.060453 0.944209 1.37987 4.48332 0.642712 0.0492862 -2.10538 0.0423792 2.94702 -1.59736 0.0546777 0.317101 0.429678 0.103954 0.84774 1.31011 1.25437 1.41768 -3.4556 1.54193 4.27456 0.0011904 -0.456939 -0.481174 -0.00601905 0.0619539
internal_weight=0 1.4727 1.27107 294.926 3.47176 1.00184 0.66052 3.09846 0.796346 2.30212 0.896582 0.476954 291.454 282.159 9.29566 0.686583 0.557118 281.472 2.95042 2.53329 0.806436 1.72685 1.40554 8.73855 1.27442 278.522 1.13226 277.715 265.367 2.07987 0.806873 0.811911 8.22492 7.26833 6.76278 0.804999 263.287 5.27662 4.80121 0.921536 3.87968 3.12078 0.981362 258.01 0.669755 1.92075 256.09 48.1054 39.2215 16.2685 22.9531 5.31415 15.5053 14.1247 0.475407 5.02448 0.743206 7.44775 12.3477 10.9543 207.984 162.013
internal_count=22581 353 298 22228 602 262 176 571 154 417 126 129 21626 20598 1028 112 131 20486 372 311 106 205 291 897 176 20114 239 19978 18670 301 136 162 811 713 647 124 18369 571 463 194 269 235 164 17798 147 221 17577 5061 3948 1823 2125 1124 722 638 108 1069 105 1403 1308 699 12516 9875
cat_boundaries=0 21 41 62 63
cat_threshold=2148663300 384 1073741824 0 16 0 65536 0 2147483648 268435456 0 0 0 0 2 4 8654018 131073 196736 5 16 2 0 537919488 1058 81920 0 32805 4194304 262144 536872048 0 805306368 0 536870912 0 285221120 16 134221832 0 16 1088 0 128 0 0 0 16512 0 0 3230935049 2048 0 0 303562752 0 67108864 1048577 289407056 4 67108864 512 35333780
is_linear=0
shrinkage=0.05


Tree=55
num_leaves=63
num_cat=3
split_feature=56 70 9 66 72 66 60 63 58 70 41 64 47 57 51 53 44 64 66 50 55 49 55 6 49 47 53 53 45 49 53 3 70 0 87 64 58 5 60 56 50 60 64 64 47 66 63 70 66 56 3 52 47 70 53 38 3 56 56 0 3 66
split_gain=20886.4 67156.7 24858.3 10871 7523.87 8401.83 9227.76 7277.92 4688.42 16117.3 4801.37 3973.85 2735.04 4597.7 3507.98 2509.45 5211.73 3300.71 3256.03 8416.39 8438.43 6175.31 5040.66 5345.8 2348.95 2265.51 2248.89 2174.57 3015.93 3421.39 2161.66 2005.05 2645.16 1685.67 1626.41 1595.31 1529.2 2583.24 1835.99 1759.58 1415.31 1529.77 2192.51 1793.94 2568.64 1838.46 3082.58 1529.33 1488.56 2327.62 1855.35 1371.51 1342.51 1329.6 1306.33 1282.69 1464.68 4327.88 1214.43 1229.97 1157.19 1131.06
threshold=1410.9952615166201 1.8384701309000844 -10.500000000000004 1910.4633333333334 0 1183.7366666666667 -13.027549541969394 1422.7566666666669 464.63228223962886 2.109742106865824 1.0000000180025095e-35 846.24000000000012 970.3100961628935 111.24449593854226 -211.75269446937435 -218.64899540550616 0.6830127018922193 1075.6125000000002 404.90500000000003 441.10941028529669 229.52837937857518 -289.41725971156069 94.555772555761266 1.0000000180025095e-35 -229.9387713502953 752.86082666397317 -135.88806974172775 6.4848502017868261 1.0000000180025095e-35 27.184843633719833 -33.197857443507722 2019.5000000000002 1.4624014935286411 1 1.0000000180025095e-35 345.19000000000005 248.58419963132943 -0.5 95.699310748218863 55.541550112131191 -238.54751717699864 -305.4060525827266 556.68500000000006 972.10750000000019 295.32396827208845 236.31500000000003 113.63068181818183 0.20262634316330227 334.78500000000003 181.70928264594269 2020.5000000000002 -9.7381074224879516 -85.812889335258248 0.9826073805202663 0.50026152342047248 0.93301270189221952 2018.5000000000002 242.31883618601373 265.65815506144287 2 2018.5000000000002 30.111666666666668
decision_type=2 2 2 2 9 2 2 2 2 2 2 2 2 2 2 2 2 2 2 2 2 2 2 2 2 2 2 2 2 2 2 2 2 9 2 2 2 2 2 2 2 2 2 2 2 2 2 2 2 2 2 2 2 2 2 2 2 2 2 9 2 2
left_child=3 2 -2 4 8 15 -7 -4 24 10 12 -11 13 14 26 16 17 34 25 20 21 -20 27 -24 53 33 -10 28 29 31 -31 32 -23 35 -6 -17 38 -38 39 -26 55 42 -42 45 54 52 -47 -44 49 -48 -50 -29 -43 -1 -45 56 57 -35 59 -54 -53 -61
right_child=1 -3 7 -5 5 6 -8 -9 9 11 -12 -13 -14 -15 -16 18 -18 -19 19 -21 -22 22 23 -25 36 -27 -28 51 -30 30 -32 -33 -34 40 -36 -37 37 -39 -40 -41 41 43 47 44 -46 46 48 -49 50 -51 -52 60 58 -55 -56 -57 -58 -59 -60 61 -62 -63
leaf_value=-1.1250954123406174 14.813280378003041 30.13328947238162 0.061185405622212544 -6.4731991541152016 -0.67190012257752829 0.4994876248684208 10.408609108691465 -10.662453604934814 -1.7280855991183293 -7.1874885740028418 -8.2096082664809078 -16.39269286334488 -5.784320994938108 4.2159114490565459 -4.8043516291331638 -0.55664137755010368 3.4088511758281386 -5.7229626570464562 6.9692405988024877 8.5422972994898121 -6.025701350477501 -0.03759598767288945 7.5824966178651509 0.045087202189744158 -0.30576786123810568 -2.8358530620157527 3.3635081514049752 0.46634337616879951 4.7230796879757477 5.4897041706566192 0.42593653510154006 0.40640823610109306 -5.7001550368969962 -1.7864931180555557 -3.3361543085822998 -2.5796940116365987 -5.9646196366123831 -1.4452590796538449 0.66851792995830517 -2.453115689551463 -0.37520353624179192 -0.65751240566701963 -1.2971553464443271 2.9652352095998178 6.8485777620897172 4.4321099843088669 0.59002239683009516 -6.1358544897200611 1.1494284252266511 4.1475606755989807 -2.0830572161483927 -0.48497724890190919 -0.33108085255576786 2.9173334777969977 -1.8978957499688016 3.2800992009972507 -0.14760821313193825 7.326160447948542 1.5565534281383442 0.0085070575773454615 -3.9849633751319824 0.29351175987468453
leaf_weight=0.34532023617066432 0.21988197462633252 0.24158654431812465 0.35890314448624738 0.6586529822088768 2.486588527681306 0.55562149779871106 0.40707787266001005 0.28296379768289626 0.60075619048439033 0.22095126239582885 0.27559524262323964 0.24978445516899228 0.28508907253853966 0.4026545553933828 0.59167928225360855 11.595283586764706 0.53697876911610354 0.48155371425673354 0.42580128205008794 0.3593178552109747 0.43756435438990582 0.42822481109760735 0.50585001497529436 0.43972771684639156 1.5313280490227024 0.70187174412421782 0.33938744501210749 0.58884877734817564 0.42956930818036188 0.41592335794121027 0.42725081020034839 1.2568899199832229 0.39784140628762543 0.25277967681176949 0.74427362042479206 1.0638824733905483 0.48574169236235321 0.90585463959723689 1.0888413025531916 2.5303511929232627 2.3386632469482715 7.1443329467438152 0.33572557172738005 0.28151591517962415 0.23202478489838541 0.56208707112818856 3.0211113239638512 0.31795290252193809 0.80447573447599985 0.54231787403114129 0.9904151342343539 0.39369101473130264 11.971437011146916 0.4949822137132287 0.27103990479372442 0.57603111630305637 1.5692255245521662 0.26889579719863832 1.3096702627371986 178.20886058057658 0.590215157950297 43.262343924259767
leaf_count=50 48 66 84 78 400 65 65 64 149 48 71 64 53 49 96 1138 27 73 67 68 65 85 69 76 23 112 52 108 23 58 63 100 94 61 88 116 61 109 62 148 159 915 48 51 57 82 417 57 149 77 65 87 1379 73 63 12 101 61 137 10041 59 4006
internal_value=0 6.83549 0.304085 -0.0569066 -0.0423478 0.0256676 4.68956 -4.66628 -0.969835 -3.5861 -1.98515 -12.072 -1.21229 -0.538494 -1.78824 0.0104929 -1.19527 -1.86123 0.0291439 1.08621 0.688563 1.15491 0.733439 4.07733 -1.23246 0.00111295 0.109956 0.0918767 0.810895 0.236569 2.92381 -0.851217 -2.76474 0.00857281 -1.28565 -0.405968 -1.5521 -3.02276 -1.15475 -1.64353 0.043469 0.0330333 -1.09074 0.0465598 2.43365 0.0390024 0.909506 -3.65073 0.539986 1.13144 -0.634247 -1.44225 0.0176968 1.25611 0.57977 1.19095 0.615406 2.91059 0.0382458 0.0297277 -2.58451 0.0614074
internal_weight=0 1.10334 0.861749 290.938 290.279 279.931 0.962699 0.641867 10.3483 2.9659 2.49516 0.470736 2.21957 1.93448 1.53182 278.968 4.24939 3.71242 274.719 7.09672 6.7374 6.29983 5.87403 0.945578 7.38242 267.622 0.940144 4.92845 3.3557 2.92613 0.843174 2.08296 0.826066 266.92 3.23086 12.6592 6.54212 1.3916 5.15052 4.06168 254.261 251.594 2.99234 248.602 0.784581 247.817 5.92041 0.653678 5.35832 3.56343 1.79489 1.57275 241.897 0.840302 0.552556 2.66693 2.0909 0.521675 234.752 233.443 0.983906 221.471
internal_count=22492 262 196 22230 22152 21044 130 148 1108 582 470 112 399 346 297 20914 588 561 20326 1022 954 889 822 145 526 19304 201 677 423 400 121 279 179 19192 488 1254 403 170 233 171 17938 17703 264 17439 171 17268 790 105 708 494 214 254 16478 123 114 235 223 122 15563 15426 146 14047
cat_boundaries=0 22 42 61
cat_threshold=8 0 805306368 65536 0 0 0 0 128 0 1024 48 67108864 0 537395200 67159062 537396224 136 2097152 10485760 851984 32 2147581956 0 536871040 194 524288 1073741824 262272 67108864 131072 1310784 0 805306368 0 34078720 33 33555456 268435472 134217888 0 1 0 128 4 524800 128 24576 16410 0 0 8388616 266240 1224736768 4096 806354944 268435456 2164271104 0 2147487744 536870912
is_linear=0
shrinkage=0.05


Tree=56
num_leaves=63
num_cat=3
split_feature=56 59 66 67 0 53 66 57 66 44 56 48 57 51 13 54 50 55 54 66 77 50 57 55 0 59 48 67 50 56 67 38 18 67 76 54 53 3 3 58 58 48 78 67 0 77 10 17 59 50 68 57 66 67 63 36 56 9 48 63 67 54
split_gain=22973.5 86227.9 12045.1 6001.94 5754.62 5914.85 8326.88 4952.83 7588.51 7151.86 6474.98 4808.38 5782.83 4451.51 10668.8 3174.89 3076.78 3059.69 3415.97 3642.13 4121.27 2874.97 2258.76 2252.49 2160.96 2233.25 1755.93 1813.75 3208.1 4044.08 3322.09 2884.07 3026.79 2088.87 1616.88 1609.49 1485.2 1462.57 1461.34 3509.52 2688.43 2587.52 1397.42 1714.74 1371.63 1323.34 1319.31 1279 1193.86 1155.98 1120.23 1114.78 1861.6 1309.33 995.116 951.495 1177 1909.35 3129.11 1100.16 944.678 902.599
threshold=1658.2166168011756 24.321441872864508 1910.4633333333334 2155.0000000000005 0 582.16031988811278 578.23333333333346 -236.10886701266543 648.34333333333359 0.25000000000000017 327.89492477728487 64.583534787712381 -25.536225305270971 -521.04360849028342 0.50000000000000033 532.95592117933927 -459.53527056047687 252.30077310856646 259.85162592912383 334.78500000000003 1.0000000180025095e-35 -385.1878035892824 -157.24282587610017 135.26549774941597 1 -792.15853510910836 436.65944426268311 239.43500000000003 -43.157067955210074 13.413116023699287 797.31000000000006 0.93301270189221952 -0.5 683.42000000000019 1.0000000180025095e-35 139.24865849789308 -72.450181439965093 2021.5000000000002 2016.5000000000002 136.7113944352275 248.58419963132943 -40.625109674243589 1.0000000180025095e-35 505.10000000000008 2 1.0000000180025095e-35 -2.4799097682733895e-15 -0.6830127018922193 331.82993710839696 -223.38667982700397 0.83333333333333337 -27.113778898431196 527.68333333333351 1101.6700000000003 886.21416666666676 0.6830127018922193 153.57939137537679 -6.0310889132455356 -61.919191381930325 431.79583333333341 330.46500000000009 97.556467660205882
decision_type=2 2 2 2 9 2 2 2 2 2 2 2 2 2 2 2 2 2 2 2 2 2 2 2 9 2 2 2 2 2 2 2 2 2 2 2 2 2 2 2 2 2 2 2 9 2 2 2 2 2 2 2 2 2 2 2 2 2 2 2 2 2
left_child=2 -2 3 4 5 15 -7 10 13 11 35 12 -10 14 -9 17 -15 18 22 -20 -21 -18 61 -17 49 -26 27 44 29 -29 37 32 36 50 -28 -6 -31 38 39 -30 42 -41 43 47 -27 -44 -42 -40 51 -23 -34 52 -24 -53 -46 56 59 -58 -59 -51 -52 -1
right_child=1 -3 -4 -5 7 6 -8 8 9 -11 -12 -13 -14 16 -16 23 21 -19 19 20 -22 24 48 -25 25 26 34 28 30 31 -32 -33 33 -35 -36 -37 -38 -39 40 41 46 -43 45 -45 54 -47 -48 -49 -50 55 60 53 -54 -55 -56 -57 57 58 -60 -61 -62 -63
leaf_value=-2.7426674216222349 -7.0118504602160234 28.230157032477646 -6.7345158776100504 4.6843417978502311 -2.2706041347292998 -1.5555389148166621 -13.968318351976036 -2.0884941581725389 -0.6916584006020563 8.6112783825176447 -8.9875935960607354 -2.9812219782105425 7.4802958756211488 -3.2921446917860653 10.955279030579833 4.4962932132777267 3.0146786558501368 2.2345381782825902 -0.94219178412206139 -9.1391816470975886 -2.2797248774140284 -2.6201632895922256 -1.4446885434384886 -0.96967902417159724 2.9813424733520275 -0.34757016173937216 -0.52669672223922614 5.6108623934687802 -0.9650911847913749 0.79285737664021871 -4.1775850171963418 4.4433470423806165 1.8823251043772371 -1.7730111424626724 -4.6619630946737693 2.064406424485977 4.2777212066775006 1.3761390078822193 2.2564569756747921 8.6931927845852766 -4.9558306402419312 1.1819411470386665 -0.2679623986770916 2.750377500157394 0.032976455534061776 -3.0445921435460042 -1.3081354864358747 -0.44463414890211994 1.6073696298654974 -0.65132839615465066 -0.69711809769527422 -1.6099703620333639 2.0689478274424302 -4.7442990841107422 1.0134255025032688 -1.8155288168391905 -1.7983306474374652 -0.87035035379608405 3.5984421567558371 -2.6941864303307601 0.7871302045854417 -6.9993318283451673
leaf_weight=0.26553877699188788 0.3814102653414001 0.31850962270982563 0.67113493196666141 0.6740247595589598 0.74240554473362752 0.31762559921480793 0.23512425436638296 0.32418009405955572 0.4198033355642109 0.46706251287832845 0.33751043118536461 0.422829165821895 0.44699105736799438 0.70623417408205469 0.30355870211496949 0.35481139132753003 0.79504266637377341 0.44442173349671055 0.52567737549543359 0.50889615714550018 0.38435993669554591 0.91469244658946891 1.2980556194670478 0.40206241514533758 0.64486219151876767 14.917973788920788 0.64805724495090433 0.48495700908825057 0.61163907730951528 0.49841116345487535 0.47890506172552783 0.54718165798112828 1.4193566723261009 1.0396062752697615 0.37210612185299397 0.30089627369306982 0.79090939415618577 1.7969809265341607 0.52558098942972709 0.22229822026565671 0.42818145547062159 0.23678578296676278 1.3823272089939567 0.69290164043195535 225.13088419521227 0.62229737360030402 0.5886932020075617 2.6379212483298042 0.34734330559149373 5.4736408321186882 1.6242163276765493 3.0288534606806929 0.53126002149656404 0.37438239390030492 2.6180923522915682 1.7804678552784015 0.66783260460943017 0.77295443229377281 0.7942301467992362 0.74926327308639873 3.1533776810392737 0.2345292940735817
leaf_count=61 97 77 94 78 116 80 44 62 42 34 51 55 63 99 43 58 74 75 80 97 60 80 210 51 78 1493 74 50 142 60 74 49 80 93 63 52 97 79 77 52 66 49 148 93 15156 52 67 290 63 374 175 567 83 65 90 76 40 61 77 91 371 56
internal_value=0 9.02558 -0.0438578 -0.0283984 -0.0393599 -0.874799 -6.83559 0.0187119 0.0341547 3.31005 -2.96778 1.39011 3.52248 0.0134092 4.21915 -1.50159 0.0038702 -1.79642 -2.03532 -4.24433 -6.18762 0.0123022 -1.51978 1.59269 0.00363057 0.0409611 0.035319 0.0433667 0.503729 1.16228 -0.111895 0.924504 0.698669 0.301014 -2.03504 -1.02035 2.93058 0.087896 -0.203343 1.51492 -0.470835 4.81905 -0.0590803 0.497557 0.00583728 -1.12991 -2.84409 0.00412234 -1.23127 -0.483554 0.648954 -1.41971 -0.424277 -1.95477 0.0423861 -0.764966 -0.543813 0.440384 1.39438 -0.897297 0.282537 -4.73902
internal_weight=0 0.69992 291.132 290.461 289.787 9.25294 0.55275 280.534 279.153 1.75669 1.38081 1.28962 0.866794 277.397 0.627739 8.70019 276.769 7.94332 7.4989 1.41893 0.893256 276.063 6.07996 0.756874 275.268 264.115 263.47 262.449 19.7825 9.55802 10.2245 9.07306 8.52588 7.23656 1.02016 1.0433 1.28932 9.74561 7.94863 1.07072 6.8779 0.459084 5.86103 3.8564 242.667 2.00462 1.01687 3.1635 5.57989 11.1531 6.19695 5.23255 1.82932 3.40324 227.749 10.2384 8.45792 2.23502 1.56718 6.2229 4.77759 0.500068
internal_count=22604 174 22430 22336 22258 1650 124 20608 20389 194 219 160 105 20195 105 1526 20090 1417 1342 237 157 19991 1105 109 19917 19118 19040 18903 2164 975 1189 925 876 719 137 168 157 1115 1036 243 793 101 660 460 16739 200 133 367 988 799 626 925 293 632 15246 719 643 178 138 465 546 117
cat_boundaries=0 21 42 65
cat_threshold=2148009026 256 2231369728 16 24624 0 4 0 2147745792 1024 0 0 0 0 2147483648 0 268960002 131072 268435584 65540 16 134250552 0 805306368 524320 0 8192 4097 0 16384 268435456 1024 0 0 537395200 268435456 83886336 4194832 134217864 65536 67108865 512 268500992 0 2053 707 33619968 0 186 0 0 0 0 1325400064 1 33554432 8 33554432 262148 2 0 256 0 134217728 128
is_linear=0
shrinkage=0.05


Tree=57
num_leaves=63
num_cat=3
split_feature=56 70 9 72 67 52 4 79 50 1 56 54 56 60 67 60 3 53 53 55 54 63 50 70 55 3 67 50 66 63 49 10 50 72 66 4 67 60 57 10 57 58 88 49 72 53 57 10 10 66 65 65 48 56 48 52 60 24 55 10 16 70
split_gain=23413 107298 11984.1 8794.86 18271.7 18142.7 15246 14608.5 10811.7 7936.37 6549.25 4382.67 7513.39 3472.67 3220.6 9411.32 13923.1 6455.82 6680.65 3775.39 3002.41 2764.24 3395.48 2380.81 2152.57 10029.7 11334.2 3734.23 3475.37 2549.36 2283.02 3211.93 2018.09 1818.7 2704 2272.79 1813.58 2195.01 1769.71 1653.41 1628.23 3915.93 1436.36 1340.46 1265.01 1261.81 1588.08 2217.56 2016.82 1577.07 1788.74 1020.72 972.201 1353.91 1124.93 1170.01 1323.84 1049.21 1008.26 997.504 954.188 941.889
threshold=1658.2166168011756 0.78389864541610077 -8.8301270189221892 0 1412.3400000000004 -153.78547350588966 0.25000000000000011 1.0000000180025095e-35 -637.6531648149022 4.5000000000000009 800.42172453114847 532.95592117933927 363.49777632944546 -2.4478625355861992 845.37000000000012 77.931126465450319 2021.5000000000002 -171.5995757036396 -96.86292830461241 94.555772555761266 749.50484846949632 928.43708333333336 80.181426898083359 3.5127113175893667 147.48519713215944 2018.5000000000002 464.40000000000003 -44.353915753529478 114.16333333333334 1184.6023295454547 -345.97447039581465 13.428203230275509 -99.71167982670346 1 233.18833333333336 -0.6830127018922193 600.81000000000006 -68.708566435905112 -3.2305328336939998 -3.2146978477618016e-15 -157.24282587610017 149.98153088553747 1.0000000180025095e-35 -116.69107165170652 2 -68.278362083458504 -26.323889680271435 -12.500000000000002 1.5001923289555077e-15 404.90500000000003 328.97000000000008 685.35000000000014 436.65944426268311 265.65815506144287 -226.30761615834311 -145.18202793812182 91.382800895018534 0.6830127018922193 -8.5394839023889073 1.0715659492539343e-15 0.6830127018922193 0.76760016718768942
decision_type=2 2 2 9 2 2 2 2 2 2 2 2 2 2 2 2 2 2 2 2 2 2 2 2 2 2 2 2 2 2 2 2 2 9 2 2 2 2 2 2 2 2 2 2 9 2 2 2 2 2 2 2 2 2 2 2 2 2 2 2 2 2
left_child=3 2 -2 7 14 10 -7 8 9 -1 -6 12 23 -13 20 16 17 -16 -19 -20 24 22 -14 36 30 26 27 -26 -27 51 31 -5 -25 43 40 -36 37 -10 -22 -17 41 -35 -38 -32 -42 49 47 -47 -49 50 -37 -29 53 54 -46 56 -56 -57 -59 -55 -45 -48
right_child=1 -3 -4 4 5 6 -8 -9 11 -11 -12 13 21 -15 15 39 -18 18 19 -21 38 -23 -24 32 25 28 -28 29 -30 -31 33 -33 -34 34 35 45 42 -39 -40 -41 44 -43 -44 60 52 46 61 48 -50 -51 -52 -53 -54 59 55 57 -58 58 -60 -61 -62 -63
leaf_value=-14.297399438393024 5.3486258271283429 40.985019816334727 -9.7585555837069222 -0.89251877676998803 7.8147575692881519 7.9011709048494509 -4.6450286721052247 -9.341868844438034 -3.4117613371952729 -2.894689594387911 19.044179822993868 -2.443435831822395 -6.7961868290057827 3.8830610887990837 -4.9321916154596579 -0.39327199600171353 10.928142425914807 8.1604800848602093 -2.3122499765881162 4.2276427412716799 -6.3235592144508539 -8.8016137154023237 -0.53414658625138578 -5.839399118224712 6.9045935491252211 1.2451599952831218 10.821480170336468 0.15561848678015572 -3.3790392607521991 -4.289701841156786 -2.0187451020811915 -6.7408836034174655 -1.0148077247266305 -1.3413937762012373 2.0247912034952509 0.044094148002956912 3.4105701361483236 -0.29930170860681804 -1.1978488619391956 -4.3723815266742942 -0.36191503508372724 4.3626233995030255 -0.30663654997409551 -0.40321396128498749 -1.5757281396568621 4.8598702405176759 -1.5322035221557542 -0.93228075308786851 3.0195172628721254 1.7570295195608852 -3.058950414581735 4.4260949820699018 -1.7663660259864411 0.18546158048273373 0.59340835975810013 0.056941147343721216 3.9910704177121179 -1.0943097344019157 -0.11776425901888721 2.5841292081380498 -2.1020469919005178 0.58091738620451172
leaf_weight=0.27815387491136689 0.24782509729266167 0.19225046248175204 0.27913233241997559 1.7151619575452048 0.2761510843411088 0.47652404778636881 0.4923016254324466 0.66987180570140559 0.70545602752826964 0.3380574828479439 0.24507178226485848 0.31522683170624077 0.42598271719180025 0.69544870615936794 0.33096091053448651 0.55084235547110438 0.4877408540342002 0.41155691072344802 0.51804629270918578 0.38444628822617233 0.28263873746618629 0.36499866819940507 0.44015152798965573 0.40000000409781933 0.244663796853274 0.70719377533532657 0.45403906586579967 0.3977773524820799 0.95504290843382478 0.25507082906551659 1.7692353159654874 0.27199714723974455 0.47312500583939243 0.54040395934134611 2.8742183279246092 1.1251092734746637 0.49458955833688356 2.8749940430279812 0.41662182356230815 0.49626554874703266 11.81525794835761 0.67890182021073997 0.54761905828490853 10.381818887311962 1.0820386339910033 0.4990609106607734 0.63870863942429279 0.68255663244053699 0.61266384273767471 0.57098083966411639 0.79087489144876588 0.21585631649941206 0.74463295727036793 0.83268365077674278 1.227589810034259 211.86849888949658 0.37404635199345637 3.7973470189608625 8.6963557545095664 0.90394325111992657 0.89805614179931659 3.0243523225653917
leaf_count=52 58 52 70 327 50 59 43 86 72 71 57 63 56 90 46 65 29 52 87 67 64 69 51 57 59 88 92 91 90 70 365 50 51 86 398 116 39 187 91 48 1153 47 89 953 143 55 97 75 73 54 82 56 51 63 159 14465 64 219 338 75 160 336
internal_value=0 9.01128 -2.65373 -0.0213896 0.0490282 5.5727 1.52591 -1.06132 -1.66778 -8.0418 13.0947 -1.16016 -1.62141 1.90984 0.0209355 1.60296 3.50894 1.30916 2.88113 0.473632 0.00246405 -5.15195 -3.61395 -0.830512 0.010887 1.29403 4.16344 1.44824 -1.41169 -0.0884947 -0.00455203 -1.69303 -3.22507 0.00804144 0.0447564 0.81994 -0.378229 -0.91255 -3.26964 -2.27913 0.0120275 1.83457 1.4574 -0.418475 0.00281974 0.384029 0.809415 2.0281 0.936995 -0.549427 -1.23677 1.65783 0.035803 0.0432336 0.0325958 0.0402974 1.3869 0.0306845 -0.414576 1.43401 -0.538468 0.212464
internal_weight=0 0.719208 0.526957 286.039 277.015 1.49005 0.968826 9.02368 8.3538 0.616211 0.521223 7.73759 6.72692 1.01068 275.525 3.17986 2.13275 1.64501 1.31405 0.902493 272.345 1.23113 0.866134 5.49578 271.646 3.22964 1.56741 1.11337 1.66224 0.868704 268.416 1.98716 0.873125 266.429 253.38 10.8185 4.62266 3.58045 0.699261 1.04711 242.562 1.21931 1.04221 13.0491 241.342 7.94431 5.45734 1.79428 1.29522 2.48697 1.91598 0.613634 229.527 228.783 227.046 225.964 1.60164 224.362 12.4937 1.73663 11.2799 3.66306
internal_count=22521 180 128 22341 21308 209 102 1033 947 123 107 824 671 153 21099 394 281 252 206 154 20705 176 107 495 20550 546 368 276 178 217 20004 377 108 19627 18149 1286 387 259 155 113 16863 133 128 1478 16730 888 636 203 148 252 198 147 15577 15526 15388 15245 223 15022 557 138 1113 433
cat_boundaries=0 21 44 67
cat_threshold=1048580 0 536870912 1 0 0 0 0 128 0 2050 4112 32768 16777216 16777216 33554448 612371712 128 0 32768 4390928 262144 0 16384 65536 0 0 26624 0 64 0 268436224 0 234897408 256 16 0 0 0 8392704 8392840 2147483906 4136 1536 0 524288 84410368 0 0 0 0 0 0 33587200 35651584 8 1073741824 2688 0 0 139264 33 65536 264960 151258112 2155872256 320
is_linear=0
shrinkage=0.05


Tree=58
num_leaves=63
num_cat=2
split_feature=56 1 20 0 67 67 53 56 60 60 48 60 57 67 60 71 57 58 57 67 67 59 0 48 66 3 58 65 59 3 65 47 10 59 3 67 66 68 59 51 68 65 60 17 35 9 9 47 67 48 65 3 55 67 71 71 65 16 49 65 8 55
split_gain=29063.5 74604.9 9291.63 8289.29 26379 23185.5 3746.94 9629.1 4094.03 4031.03 4375.56 3076.58 2863.34 3565.43 10057.2 6149.02 5642.58 5563.56 2582.22 3593.39 2495.41 2377.1 2226.32 2765.69 2565.77 3536.62 5763.67 3394.94 2175.76 1911.84 4096.14 3247.7 2644.77 2175.31 1730.98 1502.06 1985.62 1865.48 1585.03 1824.77 1559.42 1469.12 1470.03 1452.97 1769.92 1757.69 1627.44 1366.61 1262.92 1209.15 1694.39 1203.51 1611.68 1217.31 1183.33 1139.02 1107.84 1082.39 1068.97 1060.75 1049.7 1761.34
threshold=1658.2166168011756 10.500000000000002 -1.0000000180025095e-35 0 2155.0000000000005 2348.7500000000005 -199.88477764231405 630.53026699585814 1012.3032294823915 576.73432207869882 -378.44455400814888 84.4353529410497 -276.95906407474314 845.37000000000012 77.931126465450319 38.04316215213786 18.773423382927508 235.5377830671608 -276.95906407474314 954.56500000000017 960.48000000000013 33.743024990483249 1 381.49349924592366 482.5483333333334 2018.5000000000002 190.39888670911679 485.62000000000006 -792.15853510910836 2016.5000000000002 790.45000000000016 -197.54997914642945 -11.379165124598847 135.64307078744861 2020.5000000000002 641.2700000000001 184.98666666666671 0.83333333333333337 48.099888434313414 426.08187799677484 0.58333333333333337 380.57000000000011 5.7536370362931857 0.93301270189221952 1.0000000180025095e-35 -19.959292143521036 8.2500000000000018 -83.147391178292878 460.18500000000006 -327.89000449385895 358.91000000000003 2019.5000000000002 50.674091111859902 169.25500000000002 22.20730566247742 -1.1362866677949557 346.26000000000005 9.1848509936051497e-17 -43.264361617813982 440.67000000000002 2.5000000000000004 -21.698385613208064
decision_type=2 2 2 9 2 2 2 2 2 2 2 2 2 2 2 2 2 2 2 2 2 2 9 2 2 2 2 2 2 2 2 2 2 2 2 2 2 2 2 2 2 2 2 2 2 2 2 2 2 2 2 2 2 2 2 2 2 2 2 2 2 2
left_child=3 2 -2 5 12 6 7 18 9 10 -8 29 21 22 15 16 17 -15 -1 -20 -13 -5 23 49 28 26 -26 -27 -24 30 58 55 -33 34 59 36 38 -38 39 60 -40 42 -39 44 45 -43 -46 -47 -44 50 -14 52 -42 -54 57 -31 -53 -51 -12 -34 -30 -62
right_child=1 -3 -4 4 -6 -7 8 -9 -10 -11 11 20 13 14 -16 -17 -18 -19 19 -21 -22 -23 24 -25 25 27 -28 -29 35 31 -32 32 33 -35 -36 -37 37 41 40 -41 51 43 48 -45 46 47 -48 -49 -50 54 -52 56 53 -55 -56 -57 -58 -59 -60 -61 61 -63
leaf_value=1.8990548615919267 -7.9040681255682745 32.77964363793884 6.1761666479226003 -0.37576175745994794 9.386275219635662 -15.132122794648232 4.7584479811847364 -11.443492468898924 3.9102108397906257 -5.8250158979270035 -3.8288837212989453 -0.40562468644491256 -0.42269399305929883 3.9915824945002756 -2.4677653610683272 -1.5515563746167473 1.1747436757672165 11.077115256351751 -1.5815840078195906 -8.0872257576904136 4.3462406803045104 -5.4846764196353703 2.9944348197785242 -3.9455909831108951 0.29542402025505571 3.3799176187442868 10.689336365731364 -1.456582212834288 0.11377545965635501 -2.9802927794123746 6.7454736805732853 0.88772634438020326 -1.8810597345034001 -5.3477699058742001 0.012552012259646916 -2.028353179104986 2.3351859810686042 0.34935639290395565 -1.1741096627479306 0.94559296764116541 0.057726717885377248 2.8752250852458983 1.2440923227877279 -2.2978392588446459 -0.16789139227227989 -3.7659614516590012 3.9708577791373374 -0.49069201725560979 3.9263052109672723 -0.39264209933659355 -4.3901899235400412 -0.28607098540109172 1.303742107273629 5.599716182282739 1.8298095965172647 -6.5192364601322907 -2.285934564693326 -1.8396105240847314 0.1558629267175014 -5.1198642136557453 -0.64944986549682204 -0.017766523663084993
leaf_weight=0.34519483451731492 0.25552885211072862 0.2402587051037699 0.21639194618910451 0.48747313441708584 0.75548974913544853 0.32332875952124673 0.31354599818587026 0.31905392883345474 0.39504560525529075 0.46426735748536874 0.29670678428374231 1.4051283295266328 0.58711278322152682 0.64992866292595841 1.0082827855367211 0.46959180710837234 0.65247335052117694 0.48287944518961012 0.98464796738698968 0.27058819704689085 0.34390306542627502 0.42722682957537472 0.62458904087543388 0.67272323719225902 0.27563577285036389 0.62715909280814208 0.25842641317285597 0.86089481017552316 138.30344486841932 0.40580056235194206 0.18898162594996393 0.80335803050547605 0.76630291901529435 0.50323002669028927 0.86725523741915811 0.8749555042013516 1.4557194402441354 4.7542556466069072 5.2994233572389922 5.5163133230525991 3.2102102381177229 0.32770961336791593 1.9803698423784228 0.74887801753357042 0.45952973747625936 0.38282702839933413 0.4916520391125232 1.8950257094111287 0.56380495009943832 8.6912811531219578 0.49682690599001944 4.5652199196629226 0.55574239930137981 0.23447092482820153 0.52339027705602426 0.51707469113170823 0.81632040790282179 1.5181783779989917 0.38892986834980448 0.37726291036233306 12.717871256172655 83.411015159916133
leaf_count=66 71 57 51 75 93 50 63 51 68 69 78 194 137 61 90 50 87 59 180 53 70 68 72 122 56 59 49 72 2261 55 47 75 109 49 78 63 94 559 327 86 727 59 236 106 73 64 70 291 65 854 93 298 137 56 95 56 69 102 108 57 2184 10799
internal_value=0 10.0991 -1.4478 -0.0135982 0.0536882 -0.991037 -1.5272 -3.51196 -1.05316 -1.30975 -1.01768 -1.28154 0.0310614 0.0399642 1.68329 3.53947 4.87858 7.01192 -1.93077 -2.98399 0.52871 -2.76197 0.0210625 -0.459385 0.0579876 1.83452 5.32492 0.581822 0.0467967 -1.90055 0.22791 -2.33957 -1.60972 -2.40777 -1.67201 0.0399415 0.0467018 0.647999 0.0158617 0.0467191 -0.488462 0.436343 0.868456 -0.296129 0.125334 -0.548575 1.97137 -1.04115 1.83849 -0.649673 -2.24121 -0.101173 0.555649 2.57844 -0.48894 -4.96312 -0.589428 -0.607811 -1.56852 -2.94954 0.0255681 -0.101338
internal_weight=0 0.71218 0.471921 298.914 288.634 10.2796 9.95628 1.91948 8.03679 7.64175 7.17748 6.86393 287.879 286.964 3.26316 2.25487 1.78528 1.13281 1.60043 1.25524 1.74903 0.9147 283.701 12.4895 271.211 2.02212 0.534062 1.48805 269.189 5.1149 0.874618 4.24028 3.31741 2.51405 2.01082 268.565 267.69 13.0598 254.63 239.949 14.6814 11.6041 7.29843 4.30562 3.55674 2.60556 0.951182 2.27785 2.54417 11.8168 1.08394 9.38196 4.00042 0.790213 10.7328 0.922875 5.38154 10.2095 0.685637 1.14357 234.432 96.1289
internal_count=22673 179 122 22494 20918 1576 1526 350 1176 1108 1039 976 20825 20682 347 257 207 120 299 233 264 143 20335 1403 18932 236 105 131 18696 712 233 479 368 293 244 18624 18561 1617 16944 15330 1614 1523 860 663 557 414 143 355 301 1281 230 1287 920 193 1051 111 367 956 186 166 15244 12983
cat_boundaries=0 21 43
cat_threshold=16 524544 1157627904 0 0 0 4 0 0 1105 0 0 0 0 0 20 33555079 4358145 268435586 65540 24 36 0 2692743168 32 90112 0 65537 67108864 1048576 268451848 263168 8388608 0 0 0 8397056 2128 33554440 65544 1 0 1024
is_linear=0
shrinkage=0.05


Tree=59
num_leaves=63
num_cat=3
split_feature=66 54 3 54 50 0 56 50 63 66 71 35 85 70 47 49 58 1 50 49 3 59 66 9 70 60 54 66 3 63 52 0 66 80 27 47 59 59 71 55 63 0 60 66 66 66 59 56 47 63 50 47 53 54 59 47 71 1 3 15 53 13
split_gain=18574.7 71748.4 17599.4 7615.05 13472.3 5507.04 13600.8 31303.3 7530.19 5350.62 4303.66 5415.04 3884.71 3755.8 3715.16 3032.61 2924.64 2520.94 4040.88 2421 3223.26 3648.97 3158.1 2383.09 2512.75 2348.55 2675.24 7241.21 2344.29 2167.6 2046.73 2064.32 8433.17 2984.6 3244.17 1834.07 1790.55 1502.98 1388.86 1348.92 1302.35 1265.96 2090.5 1747 1574.57 1350.59 1593.63 2593.77 3558.77 1752.57 1599.04 1820.56 1357.19 1247.45 1243.08 1224.12 1458.96 1180.89 1156.06 1112.14 1118.2 1082.53
threshold=1554.8500000000004 677.19666997444517 2019.5000000000002 867.26448498954824 -697.29198158029146 0 800.42172453114847 223.96093719051674 1091.9000000000003 967.9000000000002 -7.6521618829570599 1.0000000180025095e-35 1.0000000180025095e-35 3.6351976005645739 1329.2636024686715 -491.06187245561205 776.48043954340244 6.5000000000000009 -415.20908865577314 244.29419626330449 2018.5000000000002 -0.55376349518083845 247.05000000000004 9.7631397208144151 1.0791346423461576 -423.38310865989104 247.34083689649825 506.84166666666675 2017.5000000000002 1360.811666666667 80.184552580174653 1 111.70666666666669 1.0000000180025095e-35 1.8369701987210299e-16 -186.20884057579764 48.099888434313414 44.264958569251419 31.8988581773155 -107.10034884817128 615.45833333333337 2 170.45972127036381 88.291666666666671 236.31500000000003 58.346666666666671 -125.29641382710055 149.84280812918561 -97.557327054310178 367.08916666666676 -2.2458884190527253 -125.65762552124974 -11.461292797645337 0.5336464514125131 107.80752182713887 71.693077804184568 -22.148518563559225 8.5000000000000018 2021.5000000000002 1.0000000180025095e-35 -27.694133881066449 -0.93301270189221919
decision_type=2 2 2 2 2 9 2 2 2 2 2 2 2 2 2 2 2 2 2 2 2 2 2 2 2 2 2 2 2 2 2 9 2 2 2 2 2 2 2 2 2 9 2 2 2 2 2 2 2 2 2 2 2 2 2 2 2 2 2 2 2 2
left_child=3 2 -2 5 -5 8 9 -8 25 15 17 -12 14 -11 -6 16 -7 18 -10 30 21 28 -23 24 -22 -1 35 -28 -21 -19 31 32 -17 34 40 -27 37 41 -38 -32 -34 43 45 -33 -44 -43 50 52 49 -49 57 -52 53 -48 55 56 -37 -47 -54 60 -55 -41
right_child=1 -3 -4 4 12 6 7 -9 10 13 11 -13 -14 -15 -16 19 -18 29 -20 20 23 22 -24 -25 -26 26 27 -29 -30 -31 39 36 33 -35 -36 54 38 -39 -40 61 -42 42 44 -45 -46 46 47 48 -50 -51 51 -53 58 59 -56 -57 -58 -59 -60 -61 -62 -63
leaf_value=-3.9822761842384304 -10.407746076576439 24.749019970973947 4.6204445728802197 -14.16370628302395 -6.2634746925584999 -6.2374420750289055 18.968748786177539 -2.091927982431705 -0.95109148826954493 6.1744834219517486 -10.744877395886473 -2.7087780780204631 3.0426057079875664 0.0012309374537703408 0.60824489951157779 0.17474210496832718 -0.19949959919592214 -3.1324387114879988 -9.3883539383714769 -0.69093166172081444 -0.46391529325073205 2.4310716406008748 9.1129628375467533 -2.3445069951271171 2.5991711638597916 -2.9831600319181772 -2.1116218292931035 7.4641228136444244 5.248710733689645 4.0815386711901871 -2.2368985319350134 -0.30199052305081281 2.2707436053413983 6.1918158177278473 5.5955929938054716 1.5065839453106946 -0.41994849606379137 1.3895184044738194 -2.9791611692918707 -2.6291996428789717 -0.29192577844987316 -0.0066905135642868737 0.68097185064609256 -1.71939679067896 4.5441293447533919 -0.58458219542676004 2.0295889105624854 2.2942983728993691 0.081529396074404653 6.6865006327789178 -4.2262476354998002 -0.43570658379956972 0.3508715161148323 0.57968184842670423 -2.0202145778387632 2.0731412478514009 -1.213194294764359 1.6575600300117317 1.5291768463934263 -1.2476805757309675 -0.63562449118352049 -0.31505439884080683
leaf_weight=0.60951567301526655 0.35360650834627338 0.36266649910248816 0.43382898741401732 0.25215617287904013 0.45696179615333565 0.37893110699951549 0.30820884858257969 0.4126706556417048 0.33735119854100049 0.60285785445012041 0.47704500961117424 0.37395833595655859 0.34444527258165181 0.41668112180195749 0.34533697040751576 15.234966146061199 0.42604902153834701 0.20165526540949941 0.24495041556656361 0.65035998215898849 1.4709650755394257 0.36640908545814366 0.34178535849787295 0.6994589224923401 1.2288694209419189 1.0709289403166611 0.46484557702206064 0.34318064525723457 0.22311357758007944 0.21530664782039821 1.2827379691880194 8.1745427374262345 1.4254817934706809 0.58470830833539356 0.5766403879970311 0.64073796453885723 16.833581576822329 2.0026079826056948 0.54737235698848863 0.54482162231579412 0.76014600973576296 191.90310243004933 0.66046606958843657 2.961493073962628 0.43914290773682296 1.7257893739733852 0.7147491027135463 0.4381621612701565 0.85755589231848606 0.47152957855723798 0.52916236827149987 0.78921043337323016 4.8030681679956597 4.9964083563536432 1.2581731562968341 0.51239209435880173 2.1396365154068917 0.89014835888519872 3.6738614053465426 1.8255966892465938 3.0469665341079191 6.9771423363126797
leaf_count=92 72 62 42 52 95 65 49 74 84 65 86 44 77 66 76 582 95 52 55 159 112 94 70 59 92 150 71 81 40 65 215 656 156 21 82 49 1722 134 68 91 76 11916 93 300 54 166 50 38 99 73 74 90 731 553 151 52 284 80 91 161 198 1214
internal_value=0 6.34716 -2.12813 -0.0195091 -3.69974 -0.00188329 0.0515493 6.91247 -0.829248 0.0358652 -4.60052 -7.21356 -1.39884 3.6515 -3.30565 0.022768 -3.04176 -2.37517 -4.5003 0.0315579 1.12406 2.98871 5.65585 0.256451 0.930294 -1.016 -0.734814 1.95534 0.826246 0.592643 0.011818 0.0365646 0.438187 2.94655 2.25961 -1.12147 -0.0107106 0.0256972 -0.500545 -0.73824 1.37947 0.0137654 0.0470289 -0.357712 2.22377 0.0381521 0.385675 0.560009 2.39246 4.57095 -0.537229 -1.95714 0.390109 0.0125179 -0.683373 -0.172563 -0.586421 0.178371 0.861544 -0.133566 0.119303 -0.48267
internal_weight=0 1.1501 0.787435 293.486 1.3989 292.087 283.198 0.72088 8.88968 282.477 1.85027 0.851003 1.14674 1.01954 0.802299 281.457 0.80498 0.999264 0.582302 280.652 4.98096 1.58167 0.708194 3.39929 2.69983 7.03941 6.42989 0.808026 0.873474 0.416962 275.671 266.866 18.5819 3.34698 2.76227 5.62187 248.285 230.904 17.381 8.8047 2.18563 228.901 217.765 11.136 1.09961 216.665 24.7622 20.8279 1.76725 0.909692 3.93431 1.31837 19.0607 10.5837 4.55094 3.29277 2.78037 2.61594 8.47693 9.86897 8.04337 7.52196
internal_count=22616 176 114 22440 300 22140 20824 123 1316 20701 386 130 248 131 171 20570 160 256 139 20410 626 363 164 263 204 930 838 152 199 117 19784 18264 917 335 314 686 17347 15557 1790 1520 232 15423 14467 956 147 14320 2404 1994 210 111 410 164 1784 962 536 385 333 246 822 912 751 1305
cat_boundaries=0 21 42 64
cat_threshold=2 524544 83886080 2 24576 0 0 0 0 813696016 0 0 0 536870912 0 67108884 525618 4105 0 1 12 4096 1075838976 1024 134742016 268698240 4096 0 33554432 0 0 1024 2147483648 2049 0 4 12387 536870916 67174470 4194304 0 32 2148040704 0 1 161 0 0 12 67108864 2147827712 3221227556 0 1075838976 0 134217728 32 50331648 1 0 131072 0 0 2098176
is_linear=0
shrinkage=0.05


Tree=60
num_leaves=63
num_cat=4
split_feature=56 41 66 89 50 46 55 56 65 67 64 48 59 54 66 3 7 3 63 72 66 55 54 82 47 71 3 47 59 50 51 63 51 66 67 72 66 59 46 47 3 67 55 3 63 66 67 47 67 1 59 51 71 66 72 63 91 52 67 73 50 47
split_gain=14620.8 71389.8 25793.5 11182.1 7306.79 13659.5 11753.8 12090.8 5813.82 17048.6 8623.57 14746 7182.14 5552.92 4706.52 24304.7 3655.77 3645.61 3247.44 3056.1 6797.63 11445.3 8739.6 5820.78 4026.69 2503.26 2203.04 2300.6 2194.17 2722.34 2021.29 1944.23 3517.37 2988.14 1553.81 1336.98 1925.16 1889.34 1995.14 1905.26 2756.84 2598.43 1262.95 1884.83 1235.96 1643.57 1202.03 1187 1281.21 1513.16 1726.69 1935.02 1101.02 1084.59 2061.6 1691.54 1431.82 1158.28 1108.11 1101.49 1976.95 1615.24
threshold=1150.7708084351104 -0.6830127018922193 1083.0100000000002 1.0000000180025095e-35 -637.6531648149022 1.0000000180025095e-35 -159.72716471430573 438.11677101282214 2114.7500000000005 1467.5500000000002 1420.0350000000003 381.49349924592366 251.26927714426913 75.841820952041147 1250.1550000000002 2019.5000000000002 -0.5 2017.5000000000002 1360.811666666667 0 506.84166666666675 20.657929685758393 404.46079708923304 1.0000000180025095e-35 -69.060137380723432 -41.744785870335498 2018.5000000000002 -101.42010174899019 641.88710949082576 -165.83265083035405 -284.86894262758136 1056.4887500000002 -226.85057945526469 127.10000000000001 1101.6700000000003 1 236.31500000000003 -80.31912893916477 0.6830127018922193 -125.65762552124974 2020.5000000000002 869.22500000000002 72.97372283537014 2021.5000000000002 280.34000000000003 298.90333333333336 314.26000000000005 -91.550877769273697 446.88000000000005 4.5000000000000009 193.61959385829752 -99.255307657680476 -14.501398887400137 17.35166666666667 2 664.4887500000001 2.5000000000000004 5.7451640186717823 231.74000000000004 3 -70.817358990846699 -12.466129766753641
decision_type=2 2 2 2 2 2 2 2 2 2 2 2 2 2 2 2 2 2 2 9 2 2 2 2 2 2 2 2 2 2 2 2 2 2 2 9 2 2 2 2 2 2 2 2 2 2 2 2 2 2 2 2 2 2 9 2 2 2 2 9 2 2
left_child=4 -2 3 13 5 6 7 18 10 17 14 12 25 -3 19 -16 -15 -10 -1 30 28 23 24 26 -23 -12 -22 -28 31 -30 -6 35 -33 -34 -32 44 53 42 39 40 -39 47 43 52 -21 46 -46 -41 -49 -50 51 -51 -38 59 -55 56 57 -56 -57 60 -37 -61
right_child=1 2 -4 -5 8 -7 -8 -9 9 -11 11 -13 -14 16 15 -17 -18 -19 -20 20 21 22 -24 -25 -26 -27 27 -29 29 -31 34 32 33 -35 -36 36 37 38 -40 41 -42 -43 -44 -45 45 -47 -48 48 49 50 -52 -53 -54 54 55 58 -58 -59 -60 61 -62 -63
leaf_value=0.098881077471086321 31.422706254915113 6.6305969093938089 12.961890369833402 -12.416160848590138 -3.4193018890360438 -12.551431079878869 -10.1903592611328 9.1320937428125646 2.5591996059942193 11.936619484023561 -1.4406752751858045 -13.770851426607218 -7.7422063512295356 1.6180590219633644 -5.2358776360648749 12.288159831748358 -6.8319626897304717 -5.57318229830934 -7.3999822346470285 -0.33631208907335525 -2.215115729646683 5.7245699537948305 11.539430058977864 -5.1462511379959484 0.33790408486044765 4.6548975044110836 4.4365030968674937 0.0990092084174964 -5.8536437467055151 -0.44168612693199133 -0.74603191815795011 5.9965266454002926 2.3436833883011237 -2.9324990604022521 -3.3354189874476137 1.087987097463041 -3.0468979922965267 5.3887866902046397 3.9850153618157109 -1.5563690848208724 0.24305347377788317 -2.8596456084091528 -2.4201202705655431 2.8620710433899488 -1.5362962502193085 -0.22796497340652311 -4.3693087359880982 0.26220515777562087 -0.02784481022683475 -1.2451294831548567 5.6897754416951649 2.970065342173525 0.040831177626027775 -0.34149091256048159 0.3520907513316377 -0.30705541092014166 1.8965972795389601 -0.19245615310783448 -4.8234691181753062 -0.51481520213261989 0.035611997760242958 -0.04459573289289806
leaf_weight=0.4086882083211093 0.21757792145945121 0.20584785193204769 0.31351277511566877 0.2593603297136724 0.86808065883815189 0.3241286315023898 0.27334279334172507 0.34099997719749808 0.26213887543417413 0.39002359844744205 0.3250789896119386 0.30153683386743069 0.28559111664071679 0.23041198821738351 0.380989232333376 0.41164494631811976 0.28797154664061975 0.2905545299872756 0.22323513263836503 10.892382583580909 0.38772860448807467 0.73416314530186344 0.40312583371996868 0.49066163506358851 0.65776861156336952 0.3495242535136629 0.56931757112033687 0.66022740118205503 0.35128251207061112 0.68641978711821028 9.4521545704919809 0.37722588609904062 0.74403995787724719 0.41973300743848085 0.61718421871773976 4.7962861878331742 0.36637774691917036 0.53295147116295971 0.57030263217166055 0.45627814205363293 0.508767478633672 0.50878762966021884 0.59600035846233357 0.50370726361870755 1.0314868318382644 1.405916196061298 0.58777974802069355 2.3146052779629818 0.72951600095257196 0.36790304910391558 0.37511615105904628 1.0473481626249848 1.3618652778677645 10.009357702685518 63.365057492395863 0.27953342976979811 1.3746401667594899 11.544403099454938 0.26414593099616468 25.105660438071922 64.155791073804721 67.00907466327773
leaf_count=88 48 54 72 57 152 29 51 54 69 45 48 54 46 55 79 38 75 51 55 763 102 75 73 86 94 77 56 59 46 98 1042 56 63 79 91 90 50 86 52 58 42 41 83 23 141 122 53 306 58 38 51 150 215 886 4954 62 4 2334 43 2167 2534 3943
internal_value=0 4.91895 0.473179 -3.50751 -0.00609764 -3.40756 -1.02943 1.54433 0.0121658 3.93237 -0.000510715 -4.12517 -1.09607 -0.317159 0.017418 3.86502 -3.07608 -1.71605 -2.55019 0.00688275 0.0487651 2.1225 5.05659 -0.376095 3.17906 1.71755 1.07111 2.1074 0.0210703 -2.27374 -0.576881 0.0297739 1.80076 0.440745 -0.904744 0.0197427 0.0503754 0.72418 1.14371 0.906856 2.87565 0.55322 -0.375344 0.170674 -0.340193 -1.47871 -2.56466 0.881419 1.1115 1.8916 2.67372 1.8743 -0.61375 0.0245763 0.16701 0.245724 0.297514 0.26817 -2.50135 -0.0522149 0.0950325 -0.155835
internal_weight=0 1.51468 1.2971 0.983592 294.048 1.57039 1.24627 0.972923 292.477 0.942717 291.535 1.26173 0.960194 0.724231 290.273 0.792634 0.518384 0.552693 0.631923 289.48 278.543 3.90299 1.79506 2.10794 1.39193 0.674603 1.61727 1.22954 274.64 1.0377 10.9374 273.602 1.541 1.16377 10.0693 272.061 258.143 10.2395 7.41158 6.84127 1.04172 5.79955 2.82795 2.23195 13.9176 3.02518 1.61927 5.29077 4.83449 2.51988 1.79037 1.41525 1.72824 247.904 86.8371 76.8278 76.2841 74.9095 0.543679 161.067 68.9521 92.1147
internal_count=22666 361 313 241 22305 277 248 197 22028 165 21863 225 171 184 21638 117 130 120 143 21521 20236 545 242 303 169 125 217 115 19691 144 1285 19547 198 142 1133 19349 18270 1253 882 830 128 702 371 288 1079 316 194 661 603 297 239 188 265 17017 8283 7397 7292 7288 105 8734 2624 6110
cat_boundaries=0 22 45 68 69
cat_threshold=8 0 805306368 65536 262144 0 0 0 0 0 1090519041 8 301989888 0 16 16828420 2048 424 1073741824 8683520 327680 8392736 4096 2415919104 0 262144 0 0 0 0 0 268435456 0 262144 738263040 67108864 524288 100663296 0 0 67108864 1140869512 167903424 1073758208 65 2 536870912 1 8390656 0 0 524288 0 0 0 8 4096 1075052544 134256768 1077936128 0 8192 0 65536 2281705984 2098436 3136 1024 52104212
is_linear=0
shrinkage=0.05


Tree=61
num_leaves=63
num_cat=3
split_feature=49 70 0 64 66 59 48 70 48 60 3 59 51 71 64 71 65 56 57 56 64 67 4 66 34 48 70 67 48 56 0 48 55 49 77 4 51 48 47 49 63 67 63 64 49 57 47 51 24 66 36 59 73 66 3 60 56 63 70 47 71 65
split_gain=14631.4 44302.9 11483.8 20981.3 18501.7 16335.6 16260.8 10649.4 8531.7 9616.5 6766.28 7556.95 6754.07 13400.3 6670.38 6490.79 6163.34 4161.63 8037.88 4007.31 4149.31 3357.53 5437.05 3089.05 3906.08 2454.31 2387.89 2303.79 2281.33 2071.58 2003.57 1874.17 1867.54 3427.53 2208.32 1562.96 1461.02 1958.72 1368.46 2332.48 1421.92 1732.19 1441.64 1338.47 1235.35 1202.15 1671.45 1060.5 1051.7 1851.52 1002.67 1181.6 1030.07 1450.17 2343.87 5079.57 3082.75 2164.78 1959.55 1769.35 3014.85 2546.67
threshold=973.41627133553527 3.9004070094205843 0 1157.2650000000001 716.67166666666674 -80.31912893916477 -403.78679803578353 6.6712624886466854 -287.64812683137944 -278.5840673399635 2021.5000000000002 -39.568599072258458 -591.36959244272725 50.045783210381337 2050.3075000000003 50.045783210381337 1505.5000000000002 386.29728588462456 24.264050572545788 410.20030296193778 546.07000000000005 1048.0850000000003 0.25000000000000011 428.11500000000007 -0.93301270189221908 146.87172292524173 1.1020266894092596 869.22500000000002 64.583534787712381 201.75640841585374 1 -272.07211163768744 206.40023111125794 -54.236488681270878 1.0000000180025095e-35 1.0000000180025095e-35 -103.01619987342271 -42.955773154864168 295.32396827208845 -1.0000000180025095e-35 1259.4166666666667 281.83500000000004 399.51708333333335 502.05000000000007 24.631145611490044 -236.10886701266543 -272.23484311931816 40.39200703404962 1.0000000180025095e-35 116.47333333333334 0.93301270189221952 -4.8759671037500096 2 80.046666666666681 2019.5000000000002 342.07502442350756 70.460478966793218 479.80458333333343 1.3465768360445762 -118.26119514799076 3.1026709110924684 322.80000000000007
decision_type=2 2 9 2 2 2 2 2 2 2 2 2 2 2 2 2 2 2 2 2 2 2 2 2 2 2 2 2 2 2 9 2 2 2 2 2 2 2 2 2 2 2 2 2 2 2 2 2 2 2 2 2 9 2 2 2 2 2 2 2 2 2
left_child=2 15 3 8 12 -5 -6 10 9 -1 11 -8 13 -4 -7 -2 -17 26 -19 27 -21 23 -23 30 43 28 -11 -10 31 -29 38 -26 45 -34 -35 -27 -33 44 40 47 42 -42 -14 -25 -38 46 -32 -40 49 -44 52 -52 -47 -54 55 59 58 -58 -56 60 61 -55
right_child=1 -3 4 5 6 14 7 -9 19 17 -12 -13 21 -15 -16 16 -18 18 -20 20 -22 22 -24 24 25 35 -28 29 -30 -31 32 36 33 34 -36 -37 37 -39 39 -41 41 -43 48 -45 -46 50 -48 -49 -50 -51 51 -53 53 54 56 -57 57 -59 -60 -61 -62 -63
leaf_value=-13.273816296812214 5.056425293646015 24.085576197197152 -1.1786761123174474 -17.485488064558879 13.106118907569016 -9.3645496191046309 7.1457020043635424 9.7844330102875663 -0.94580290792547705 -2.4773291674149611 -4.5092161665789945 -1.239993750162818 -0.54653208953421561 12.378320752290552 0.096804742585329381 2.2359872346773675 -7.6656512908263226 -10.515457661005977 0.92287425585006633 -1.052404042726296 5.5590825105788744 -7.5114911266068169 0.84461720401371587 2.7323141551713781 -2.3169531811900828 5.4556742156703919 3.9521315026280472 -0.91755067583880057 -3.3310844627807548 -5.9561526535343283 0.3225658154353348 -1.197649330964351 6.2282686351839702 -3.8042736959552759 2.3068703644694044 0.87207910243197861 1.6326524442479498 -0.63183619629004495 -3.2846495041818189 -6.0140056646528866 -0.73817845020718498 4.6959728859839478 -1.1384417999487071 7.1931822372613343 4.7367456716587109 -0.14387286755906895 -4.53198342195265 0.67427310110103633 0.20304095451423848 -4.1902517335312544 -1.1063572863686264 -0.088518196863395057 0.050540979503885169 3.8607286675015065 -0.28588932909824688 7.5909232563331059 -0.25050514476597924 -3.0160662824487501 1.4955497096436747 0.55723967614529968 7.596430403199034 -1.9864153678884997
leaf_weight=0.28308425238355983 0.52110403752885648 0.25169517472386349 0.41462828801013429 0.36741903540678322 0.44111709506250951 0.37016933923587092 0.51205029012635339 0.39529311633668829 5.5647067013196638 0.40912323887459823 0.45799540472216893 0.56522806221619148 5.3691427423618716 0.32526536448858678 0.37501251231878996 0.32950870133936405 0.30046992027200758 0.3829913018271327 0.25641546701081097 0.48719303193502117 0.46268243109807372 0.38448482216335733 0.39431184646673501 0.36499322438612569 0.4622268395032737 0.39180902671068896 0.2231973132584244 0.36046437709592272 0.42145848996005941 0.46995750931091607 0.36406384781002998 0.52083634235896248 0.34315787930972874 0.23623933526687224 0.39500239072367549 0.35403889161534607 0.8302578770089899 0.58502510096877647 0.29833429912105203 0.35820951522327849 0.3542096079327165 0.2502536796964705 1.1191437202505774 0.31180707598105073 0.52207478578202426 51.027288608718663 0.34565799869596858 0.39067912101745605 0.44067306118085969 0.8940174882300197 4.1300596180371931 9.2095255064778012 180.85069735720754 0.42548802588135071 2.2893755566328746 0.30982769653201092 6.6908278928603977 0.79128352017141868 4.7391617451794446 4.2610604502260703 0.25409438298083842 0.3311506153549999
leaf_count=62 93 54 86 61 61 58 82 52 351 81 23 97 408 63 42 49 67 66 51 37 70 50 62 46 54 51 47 45 55 86 57 83 50 54 80 53 87 89 56 44 109 50 291 54 82 3440 56 62 34 147 269 429 12406 85 220 59 419 78 201 833 54 57
internal_value=0 5.08322 -0.0353426 -1.19266 0.0455306 -8.85732 4.44491 2.46591 -1.57457 -4.93933 0.581577 2.74588 0.0102394 4.78113 -4.60313 0.928172 -2.48662 -3.08409 -5.92845 -0.862305 2.16804 -0.0022776 -3.28072 0.00680112 1.2691 0.686567 -0.20785 -1.31241 0.107774 -3.76903 -0.0149527 0.60405 0.0205357 2.20626 0.0198026 3.27993 1.1533 1.78533 -0.504359 -2.74132 -0.82486 1.51161 -1.00539 4.78747 2.831 0.0133016 -2.04176 -1.03989 -2.00941 -2.49371 0.0187991 -0.403651 0.041164 0.0907936 0.498296 1.36903 0.163362 -0.542982 0.915289 1.00337 2.88415 1.30167
internal_weight=0 1.40278 295.136 10.0124 285.124 1.1126 2.37168 1.93057 8.89982 1.55481 1.53527 1.07728 282.752 0.739894 0.745182 1.15108 0.629979 1.27173 0.639407 7.345 0.949875 282.012 0.778797 281.233 4.76453 4.08773 0.632321 6.39513 3.34188 0.830422 276.469 2.92042 266.994 0.9744 0.631242 0.745848 2.45819 1.93736 9.47466 1.04722 8.42744 0.604463 7.82298 0.6768 1.35233 266.02 0.709722 0.689013 2.45383 2.01316 265.31 13.3396 251.97 200.943 20.0923 5.58162 14.5106 7.48211 7.02854 5.27179 1.01073 0.756639
internal_count=22598 263 22335 1057 21278 161 315 254 896 307 202 179 20963 149 100 209 116 245 117 589 107 20814 112 20702 654 554 128 482 450 131 20048 395 18847 184 134 104 341 258 1201 162 1039 159 880 100 169 18663 113 118 472 438 18550 698 17852 14412 2006 1088 918 497 421 1029 196 142
cat_boundaries=0 22 42 43
cat_threshold=1179656 0 83889152 16 0 0 2 0 2147483648 268435476 0 0 0 0 2147500032 256 34079014 131072 67305600 32772 16 136314880 2 0 545263616 546 94208 33554432 32900 0 1 537149440 1024 0 0 0 0 8256 4194368 100663440 0 1 29384034
is_linear=0
shrinkage=0.05


Tree=62
num_leaves=63
num_cat=3
split_feature=56 41 59 0 67 66 51 51 48 64 8 9 54 71 3 50 49 50 58 55 56 56 55 50 66 48 64 10 71 53 85 67 56 53 0 65 58 54 65 55 64 10 37 50 58 66 42 0 48 64 57 3 8 66 28 55 53 87 68 51 70 49
split_gain=9457.16 48360 13521.3 7958.53 20176.6 18976.5 11901 4285.91 7206.78 6491.86 22697.4 3578.21 5461.92 4771.74 6801.75 10795.3 5475.28 4040.07 3256.27 2382.65 5887.56 4271.08 2173.18 4361.66 2149.78 2672.97 2213.2 5094.81 5840.25 4190.92 2395.55 2477.2 3862.76 2084.69 1958 1941.91 1773.21 1577.89 1516.19 1376.21 2191.06 1342.8 1287.11 1280.02 1213.07 1185.65 1807.95 1696.04 1484.26 2269.47 1480.43 3465.25 2168.51 1663.73 1497.81 2328.9 1455.77 1448.69 1353.03 1763.11 1204.49 1185.12
threshold=1658.2166168011756 -1.0000000180025095e-35 14.315846892589885 0 2625.9500000000003 1083.0100000000002 -211.75269446937435 1071.3544155899992 -131.0877894309144 1386.5025000000003 3.5000000000000004 -6.7141016151377553 532.95592117933927 -20.721816918089676 2018.5000000000002 71.470945201844174 -26.642582364177823 -350.38339775414482 919.91328193287779 -55.378009169911152 346.37055702308044 552.00154758109454 365.43277714900188 158.3861580099763 716.67166666666674 -110.70891520646225 743.05500000000018 15.294228634059946 27.430529989108994 220.74849367472231 1.0000000180025095e-35 297.50500000000005 285.99454873792934 103.38248295110618 1 163.05000000000004 321.9879715959915 86.811838224455144 719.90500000000009 -101.24175322581262 393.67000000000007 11.379165124598854 -1.0000000180025095e-35 -238.54751717699864 195.85372457683448 30.833333333333339 1.6160254037844388 2 301.10971673957118 277.07750000000004 3.4372377170830526 2019.5000000000002 3.5000000000000004 308.48333333333341 -1.0000000180025095e-35 -82.323250622138076 -7.0818673099542666 1.5000000000000002 0.41666666666666669 -137.67779183856842 0.67063420859870948 -29.921440562257807
decision_type=2 2 2 9 2 2 2 2 2 2 2 2 2 2 2 2 2 2 2 2 2 2 2 2 2 2 2 2 2 2 2 2 2 2 9 2 2 2 2 2 2 2 2 2 2 2 2 9 2 2 2 2 2 2 2 2 2 2 2 2 2 2
left_child=3 -2 -3 4 7 22 -7 9 -9 11 -11 13 19 -1 15 38 -16 -14 -12 20 39 33 24 -24 26 -26 34 28 30 -30 41 -32 -33 37 35 -5 -29 -21 -15 40 44 -28 -37 -38 -13 -36 47 -47 50 -50 52 57 54 -54 55 -49 -55 -52 -56 -60 -53 -61
right_child=1 2 -4 5 -6 6 -8 8 -10 10 18 12 17 14 16 -17 -18 -19 -20 21 -22 -23 23 -25 25 -27 27 36 29 -31 31 32 -34 -35 45 42 43 -39 -40 -41 -42 -43 -44 -45 -46 46 -48 48 49 -51 51 60 53 56 58 -57 -58 -59 59 61 -62 -63
leaf_value=2.3746967633339264 24.139990508591616 -12.285801988956727 5.3486050759203856 -0.39603330011771876 -12.022819004630076 13.202505023755961 1.4453657886515903 -2.270895431753162 8.5706826503996965 3.1995003759692566 -16.141292922300732 0.69578937171708288 -0.73628111540270202 -0.83716485634215942 0.70186953087225101 -17.746326590915647 -5.11916502683827 7.052498424431775 -8.3828047872906613 -1.5527034001352771 -7.2874396791559581 4.1618894252049783 -7.0821198344577132 0.82341196082506696 -0.38230750915077061 4.94473434802212 -1.5937364424487201 0.49364989749272259 9.8004664635964893 1.9181180650253311 0.82286124011381612 6.538764317765545 -0.40985550815550353 -3.4231664153256092 -0.028405311644648681 -4.4013135145364712 -2.2369978400838342 1.6167714765579906 -6.6501682140618659 -3.0515110253811568 2.7259423099823819 1.8630529734469261 -1.4687352757934362 -7.3972760982664427 -2.6977656288127063 -0.24397907963573029 -1.2304501805699339 5.1752316675557166 -0.039534273716880577 4.9457063994670136 0.76476090652720496 -1.8271844174685528 -0.2220790545882991 0.71713684163026037 -0.38686500225553777 1.20569325512189 4.7566746943087743 3.8678579225489083 -0.68877202308457752 1.6218018422107319 -0.29142317465402773 0.72153166030817728
leaf_weight=0.38548763981089029 0.23605769593268633 0.23011676431633432 0.20602106768637896 7.0941337265539897 0.46866938984021622 0.44009701209142804 0.4212674901355048 0.33989228843711317 0.2791940856259324 0.41605375404469747 0.27548621408641338 0.41658392618410001 0.29488389170728624 0.2275671262759692 0.89626973238773644 0.19686433812603354 0.73544840980321147 0.38238320895470668 0.26565387565642595 0.81263562338426643 0.4632983689662068 0.49089589715003956 0.31869476917199691 0.38554566376842558 0.44943969394080341 0.49466239521279831 1.1973288808949281 0.23757306579500426 0.33198221260681737 0.34271432040259242 2.6908636272419248 0.53016119450330723 0.32116589648649096 0.63100246037356544 198.8679154436104 0.41859001549892161 0.24323101481422782 0.75986424926668406 0.22121986164711416 0.63415178214199852 0.43484886619262408 0.36705820378847409 3.5249727321788669 0.23753177560865879 0.71587474225088954 10.687510786578057 2.1142122980672857 0.46608489193022284 0.46906819241121311 0.44474969338625669 6.0027992825489518 1.4312475300393988 10.545026791980488 0.84684477793052793 2.648640769999477 1.7830041225533957 0.30277521791867801 0.4012615846004336 1.7884921128861666 4.9191192230209806 11.824925327906383 14.231717134360212
leaf_count=57 63 58 51 439 56 65 44 65 42 53 54 40 51 52 72 53 71 57 54 93 98 65 60 81 43 58 266 43 63 51 97 89 48 92 11845 49 57 107 54 82 90 22 422 51 122 1166 93 32 55 65 1334 171 2082 155 52 145 62 75 120 329 639 364
internal_value=0 5.91076 -3.95573 -0.0265196 -0.972311 0.0406873 7.45244 -1.41453 2.61841 -1.67309 -5.58138 -1.24305 -0.569543 -2.76984 -3.64065 -7.98462 -1.92179 3.66124 -12.3325 -1.10421 -2.16433 -0.0557554 0.0200016 -2.75413 0.0267791 2.4088 0.0189518 0.931106 1.42456 5.7966 0.846907 1.56659 3.91738 -0.995362 -0.00216059 -0.467214 -3.04025 -0.021148 -3.70256 -1.08617 -0.290967 -0.782657 -1.78001 -4.78655 -1.44942 0.0329635 0.209728 0.253989 0.330663 2.38675 0.355627 0.00414637 0.539743 -0.0251673 0.795439 2.02831 1.78103 0.959193 0.677885 0.812567 -0.457237 0.952777
internal_weight=0 0.672196 0.436138 300.567 10.7442 289.822 0.861365 10.2756 0.619086 9.65647 0.957194 8.69928 6.03642 2.66286 2.27737 0.645651 1.63172 0.677267 0.54114 5.35916 2.66476 2.6944 288.961 0.70424 288.257 0.944102 287.313 6.49961 5.78127 0.674697 5.10658 3.54219 0.851327 2.2035 280.813 11.0377 0.718336 1.5725 0.448787 2.20146 1.56731 1.56439 3.94356 0.480763 1.13246 269.775 70.9075 68.7933 58.1058 0.913818 57.1919 19.6602 37.5317 11.6946 25.8371 2.24909 1.14962 6.40406 23.588 20.9393 13.2562 19.1508
internal_count=22584 172 109 22412 1580 20832 109 1524 107 1417 161 1256 897 359 302 159 143 108 108 789 432 357 20723 141 20582 101 20481 787 636 114 522 234 137 292 19694 910 151 200 106 334 252 288 471 108 162 18784 6939 6846 5680 120 5560 2219 3341 2299 1042 177 217 1409 865 813 810 693
cat_boundaries=0 21 43 64
cat_threshold=32784 0 25165824 16 32 0 132 0 2147483648 263169 0 0 0 0 2147500032 8388692 310903554 4194304 128 163844 24 132128 1048864 3758100480 524288 0 0 65553 33554432 0 0 32768 0 0 536870912 268435456 0 4194468 4240 2 65793 0 2097152 12 0 129 0 0 33554432 0 0 16384 545267736 4096 0 0 303562752 32 20971648 80 184549384 134348804 67108864 512
is_linear=0
shrinkage=0.05


Tree=63
num_leaves=63
num_cat=2
split_feature=49 66 50 60 50 0 67 60 66 56 66 50 3 60 3 66 10 47 48 3 47 56 71 14 48 65 54 67 55 49 58 56 72 67 67 65 47 3 3 70 59 56 5 47 67 47 3 66 56 71 60 66 56 43 59 65 56 50 47 47 59 50
split_gain=17880.5 54693.3 11496.4 15116 19375.9 8129.75 16607.5 16275.8 15800.5 6574.84 10164.3 6262.77 4745.06 3426.9 5320.91 4593.82 5091.89 2483.64 2281.35 2526.93 2184.14 2188.92 3895.65 2536.87 2136.93 2040.82 2669.44 1852.24 1790.37 6228.09 1905.85 1768 1647.51 6117.33 4100.93 2356.42 1719.39 1598.18 1585.72 1856.47 1278.8 1562.66 1200.92 1164.41 1736.4 1071.29 1027.99 2918.41 1168.04 1005.86 1458.37 1179.87 947.452 935.975 923.275 986.022 1131.78 943.629 905.97 902.158 1205.49 1135.55
threshold=973.41627133553527 1554.8500000000004 -1081.898704910968 1012.3032294823915 -267.71434599209084 0 1412.3400000000004 -13.027549541969394 1554.8500000000004 800.42172453114847 557.1016666666668 -334.2742363931348 2019.5000000000002 -838.52592254831188 2020.5000000000002 634.05666666666673 8.8301270189221963 607.38605948220868 -165.88125854687414 2019.5000000000002 -488.75312200965749 410.20030296193778 -3.9896323695939171 -0.68301270189221908 -142.98904552030311 772.80000000000007 210.97544813475227 304.21000000000009 229.52837937857518 -54.236488681270878 776.48043954340244 149.84280812918561 1 173.57000000000002 600.81000000000006 18.040000000000003 -197.54997914642945 2018.5000000000002 2017.5000000000002 0.59049602688282343 2.8273863402545207 363.49777632944546 -0.5 -105.61395136999279 349.29500000000002 -346.44177014236396 2018.5000000000002 26.683333333333337 70.460478966793218 -11.38444229669337 2.6682181548813273 242.44333333333336 149.84280812918561 1.0000000180025095e-35 48.099888434313414 735.15000000000009 162.79966901093488 -93.328897858055413 -40.279647902658681 -10.057659182752413 -3.3549634598955573 -59.160363961286663
decision_type=2 2 2 2 2 9 2 2 2 2 2 2 2 2 2 2 2 2 2 2 2 2 2 2 2 2 2 2 2 2 2 2 9 2 2 2 2 2 2 2 2 2 2 2 2 2 2 2 2 2 2 2 2 2 2 2 2 2 2 2 2 2
left_child=2 11 -1 5 -5 8 13 -8 9 20 -11 -2 -13 14 -7 17 18 28 -17 -20 -4 23 -23 27 -19 53 -27 -22 30 -30 32 -32 33 46 35 -35 40 -31 -37 -40 41 45 43 44 -38 -34 47 -15 -49 -41 -51 -52 -29 -25 55 59 -57 -56 -45 60 -44 -62
right_child=1 -3 3 4 -6 6 7 -9 -10 10 -12 12 -14 15 -16 16 -18 24 19 -21 21 22 -24 25 -26 26 -28 52 29 37 31 -33 36 34 -36 38 42 -39 39 49 -42 -43 54 58 -46 -47 -48 48 -50 50 51 -53 -54 -55 57 56 -58 -59 -60 -61 61 -63
leaf_value=-6.7557135906409771 -4.5845424342085304 26.117242752926924 2.3198195731709892 -2.0227775507701997 12.884625539282403 -6.3474239407674453 1.0430201171189013 12.440486106898435 -12.187566438149286 -1.4419041186094554 -13.807658725713502 7.3024096049374281 -1.0604684030900242 0.17822740288141242 0.48340667186810421 -2.3977450554149047 5.2100771202934375 -5.8276154007121592 -1.0971222392822539 4.1554392087321439 -1.4752182245800682 -8.5026850175202533 -1.3557380593955199 -0.79820415943176015 -0.94296340619163477 -0.29457067177131652 6.0486672234488452 -2.8188907782164918 7.3222736195129121 1.7679053250472636 -0.92798873994651565 -6.226243120736572 1.0698960663676804 4.6070703469775269 6.514008251644765 3.7260381475338016 0.22173648248490224 -3.0356220828297951 -2.1481558792008761 2.8979325096078177 0.42437940121993523 -4.4223510937488575 -0.50502708390603868 -0.47055918262814755 3.4609579787984384 -1.6524387167561319 -0.089652914953178869 2.1879598848093669 6.6483957253457397 -0.87980893722014586 0.60806826480727039 3.815200016727363 -6.4999023285007711 -3.2476223035655405 -1.3331634368322423 -0.78850572390274853 2.3415273656273601 -0.26708956869291245 0.18030337535183688 0.036682412174560426 0.64740326745495114 -0.14952394214710382
leaf_weight=0.63020488177426059 0.36480429000221182 0.26529152551665891 0.40296475286595335 0.38084660167805851 0.50967111275531252 0.53428206173702963 0.76680441410280764 0.52954624174162634 0.37114782468415874 0.4201395569834866 0.27491708728484809 0.37560739135369559 0.30928401299752295 2.643568855244673 0.61124032433144748 0.4829969748388977 0.89509000210091461 0.31640901579521596 0.40964635205455047 0.51917374692857265 1.0192665292415739 0.29442225256934762 0.54105914849787939 4.1827058321796349 0.76585750398225971 0.50717675872147072 0.24645599164068699 0.32316468167118717 0.36929294303990901 0.33485174668021389 0.53812822024337847 0.22258234489709139 0.44778291438706297 0.57368040247820218 0.47520522773265828 0.52172787208110127 1.1097162647638459 0.35859788279049098 0.47045998647809062 0.69340897491201836 1.0348225007764993 0.42579397000372399 21.620107403025031 5.7723566163331261 0.6596539441961794 1.8728322768583887 14.29526926553808 0.35625000530853856 0.24960768898017704 0.85916377138346423 0.76702342135831691 0.45801770687103271 0.38078632461838424 0.4301185724325477 2.5717663075774899 0.42805713694542535 0.88777056173421443 10.761383318807928 72.483132329536602 103.79842108837329 5.2521227237302801 30.017689320724458
leaf_count=87 88 55 95 70 69 96 85 80 70 92 55 90 28 162 30 44 90 41 84 51 88 40 86 512 117 115 54 63 71 76 134 38 74 18 60 90 193 28 67 58 118 57 2193 748 58 202 328 53 50 89 71 64 65 51 282 67 108 1152 4844 5858 402 2142
internal_value=0 5.83357 -0.0096031 0.00459455 6.5092 -0.0148071 0.0504423 5.69877 -1.00602 -1.66103 -6.33295 0.707245 3.52589 0.0267583 -2.70255 0.0376627 2.25989 0.0196379 0.389469 1.83885 -1.27111 -1.4537 -3.87431 -1.16844 -2.37103 -0.632482 1.77982 -2.83753 0.0287698 2.07716 0.0210576 -2.47825 0.0278114 0.363612 2.10415 1.62168 -0.0146339 -0.716103 1.16737 0.756375 -1.0736 -1.63802 0.000473475 0.160973 1.42938 -1.12714 0.0928198 0.895576 4.02562 1.24833 0.699515 1.80715 -4.81005 -1.0266 -0.0727792 -0.0398636 1.32328 -0.472719 0.132294 -0.051026 -0.211054 -0.0308514
internal_weight=0 1.31499 300.076 299.446 0.890518 298.556 289.161 1.29635 9.39433 9.02318 0.695057 1.0497 0.684891 287.865 1.14552 286.719 2.30691 284.413 1.41182 0.92882 8.32812 7.92516 0.835481 7.08967 1.08227 5.36646 0.753633 1.72322 283.33 1.06274 282.268 0.760711 281.507 22.3634 4.81869 4.34348 259.143 0.69345 3.7698 3.24807 3.78123 2.74641 255.362 80.0249 1.76937 2.32062 17.5447 3.24943 0.605858 2.77761 2.0842 1.22504 0.703951 4.61282 175.337 162.004 1.31583 13.3331 78.2555 160.688 56.8899 35.2698
internal_count=22546 261 22285 22198 139 22059 20673 165 1386 1316 147 206 118 20508 126 20382 269 20113 179 135 1169 1074 126 948 158 732 169 216 19955 175 19780 172 19608 1110 517 457 18498 104 439 349 451 333 18047 5843 251 276 593 265 103 282 224 135 128 563 12204 10770 175 1434 5592 10595 4737 2544
cat_boundaries=0 20 43
cat_threshold=2080 256 1157632000 0 16384 0 65558 0 0 268443648 1024 0 0 0 0 268435472 4719890 4194449 268435584 4 262146 0 2113536 0 4 32 16384 32 0 603979776 512 0 8388864 1172 196608 0 2655232 2 134217728 7341056 268435456 4194304 16
is_linear=0
shrinkage=0.05


Tree=64
num_leaves=63
num_cat=2
split_feature=56 70 91 54 65 49 8 0 67 54 9 20 8 58 64 20 49 49 71 66 49 58 57 70 49 49 67 3 66 57 47 9 55 63 55 64 51 67 56 66 73 42 3 71 66 15 48 48 65 66 50 67 8 70 70 56 54 3 36 65 58 70
split_gain=11440.9 39699.6 22947.1 11110.4 7272.61 6901.93 10379.3 4684.28 12188.7 19056.3 15038.2 11403.9 6656.87 6895.76 6164.11 5691.41 5114.87 3227.45 2265.64 3571.12 2383.82 10527.2 2076.87 1865.11 3518.34 2101.7 2470.27 1838.04 5612.29 4251.47 4622.72 2430.29 2665.28 2341.82 1960.43 1796.02 1823.86 2324.42 2261.05 3007.79 1682.27 1642.02 1640.3 1534.59 1530.8 1876.88 1561.35 1512.94 1932.41 1412.81 2774.42 1404.18 2813.5 2062.33 1401.64 2050.02 1221.77 1456.11 1218.15 1183.75 1147.3 1121.9
threshold=1150.7708084351104 1.7026086927820485 1.0000000180025095e-35 867.26448498954824 1680.6450000000002 504.42771164042068 7.5000000000000009 0 1177.3350000000003 377.2271995426018 3.0003846579110155e-15 1.0000000180025095e-35 2.5000000000000004 587.44113398227216 393.67000000000007 0.6830127018922193 381.09660011558333 135.54731951228482 14.669872733697996 455.52000000000015 -491.06187245561205 1322.3008048206154 -89.894631049267744 1.0314697004644442 -328.80412030206696 -261.88770471303496 641.2700000000001 2019.5000000000002 22.166666666666668 288.99862661251706 -287.81979178041428 -20.89230484541326 318.59909473957345 489.30696969696976 -41.651317592391408 71.215000000000018 -284.86894262758136 600.81000000000006 309.40999481370505 323.21000000000004 1 -1.0000000180025095e-35 2021.5000000000002 -5.5679014139334289 28.02833333333334 1.0000000180025095e-35 76.007995980409021 -118.68418625426031 41.115000000000002 262.51666666666671 -48.220329417737332 711.49500000000012 5.5000000000000009 9.9189329325568298 0.2089289388365152 145.58509762241829 2.1458875737044862 2021.5000000000002 -0.68301270189221941 266.93500000000006 156.56007691761843 0.50606421245470246
decision_type=2 2 2 2 2 2 2 9 2 2 2 2 2 2 2 2 2 2 2 2 2 2 2 2 2 2 2 2 2 2 2 2 2 2 2 2 2 2 2 2 9 2 2 2 2 2 2 2 2 2 2 2 2 2 2 2 2 2 2 2 2 2
left_child=3 2 5 7 -5 6 -2 15 23 11 -11 12 -10 14 -14 16 17 18 20 -20 21 -1 -22 25 -25 26 41 29 40 30 -27 59 34 60 58 47 37 -37 51 -40 43 -9 -35 -29 -36 54 -47 48 -26 -49 -51 53 -53 -38 55 -46 -42 -58 -33 -32 61 -30
right_child=1 -3 -4 4 -6 -7 -8 8 9 10 -12 -13 13 -15 -16 -17 -18 -19 19 -21 22 -23 -24 24 35 27 -28 28 33 -31 31 32 -34 42 44 36 38 -39 39 -41 56 -43 -44 -45 45 46 -48 49 -50 50 -52 52 -54 -55 -56 -57 57 -59 -60 -61 -62 -63
leaf_value=7.6585394163211991 3.339949784938216 19.118183029275297 13.257336937822409 -11.600358874327384 -1.8222340873585883 -12.204413281374938 -10.172627392835526 2.1681435383906797 4.0167641009488468 3.8750574875262291 20.513312157190981 9.8723290582626575 -6.2600740413415226 -9.8957249822155902 3.8115373698326813 -6.5210515719666207 -5.4046584872368824 2.3565520518577894 -0.50587938606628347 -6.0203033112875737 -4.9183088101152137 -5.1882971397367683 -0.9413978007910464 3.5057027678354382 0.087021504984131443 5.4365082757079364 -5.4556641474070151 0.73553240346379301 -3.2551329586410596 5.5083346828642554 1.0678620675706236 -4.2011554745405517 -4.5158567863781647 -4.3824395840706272 -0.002080792800267673 1.0966440571358882 0.5002844581993523 -3.5582888060825377 0.52754669034274637 6.140156728918523 -0.029941684760413634 -1.2973239221411739 -0.82845056544130835 0.026636434380424064 -0.21807986268523188 1.0013143655036174 4.3468386947921216 0.04445764243290605 -3.8785929969583877 5.4493685018864007 -0.25798362971451971 -1.7923755276706279 2.7681014341158985 2.9374989999635539 0.26409448594390933 7.0850086190181036 -0.2554558942012683 -1.0913680754378625 -0.77335264658924596 3.9386253279193326 -0.15357812193155951 -1.0996510977078235
leaf_weight=0.35881410818546911 0.38558923476375528 0.34930463321506966 0.24040855444036424 0.33106798678636451 0.44678724370896816 0.2070271207485348 0.22505896654911339 0.38822125620208758 0.46363816317170792 0.28257962409406889 0.26146660163067281 0.30287605524063099 0.26253921515308321 0.27853697235696018 0.36055575660429895 0.60831045918166626 0.73573082615621377 0.64411880052648474 0.57345440331846453 0.60158730670809746 0.36645172606222276 0.2870192346163094 3.1524929602164793 0.77978212921880086 0.68398726521991082 0.40878613688982923 0.32491819863207627 10.539806149667127 0.66299673588946273 0.37209205189719696 1.1390491239726532 0.2796986531466249 0.32060724799521167 0.91237152507528552 31.809760214062415 0.47854570974596089 22.811489362735312 0.61006876546889544 0.55519530503079195 0.41873497888445854 25.640523938462138 2.8597356826066962 0.50401055160909891 27.692897993838415 0.19597368640824964 0.83742512878961839 0.59763449756428599 100.61150959343649 0.55765868071466684 0.35775079089216888 0.52601962396874924 1.5444996214937408 0.43300894019193936 0.90231682523153622 7.1642856611870229 0.18853691150434315 15.986726713366808 7.7281010150909415 3.5339723224751571 0.52442000643350173 3.1516557692084461 6.7475620461627841
leaf_count=57 87 93 49 53 81 48 65 56 43 55 53 47 63 46 72 73 81 71 53 60 43 60 452 97 61 80 47 85 107 95 162 49 65 121 5080 69 2097 59 67 44 480 459 25 298 52 167 117 5691 61 52 60 140 94 30 1669 52 937 119 786 95 192 703
internal_value=0 4.50267 -0.322337 -0.0162655 -5.98396 -4.31496 -1.64021 -0.000331251 0.0467759 3.74534 11.8713 1.09514 -0.852024 -3.35566 -0.432106 -0.79919 -1.47054 -0.986835 -1.39013 -3.3291 -0.843075 1.94919 -1.35554 0.0193995 0.157142 -0.100734 -1.29893 -0.0715993 -0.193578 0.184775 0.142629 0.0961812 0.0266955 -1.20866 0.0593443 0.137132 0.494024 -1.51202 0.575921 2.94065 -0.0547542 -0.883104 -3.11778 0.176022 0.160693 0.737038 2.39457 0.0407191 -1.69405 0.0619414 2.05236 0.486276 -0.793782 0.593021 0.421934 3.36284 -0.223835 -0.52786 -1.02475 1.97289 -0.952654 -1.29249
internal_weight=0 1.40739 1.05808 292.1 0.777855 0.817675 0.610648 291.323 283.995 2.21219 0.544046 1.66815 1.36527 0.901632 0.623095 7.32798 6.71967 5.98394 5.33982 1.17504 4.16478 0.645833 3.51894 281.782 131.271 150.512 3.57288 146.939 99.5667 47.3722 47.0001 46.5914 44.9279 11.9786 44.6073 130.491 27.7539 1.08861 26.6652 0.97393 87.5881 3.24796 1.41638 38.2327 40.7936 8.98386 1.43506 102.737 1.24165 101.495 0.88377 25.6913 1.97751 23.7138 7.5488 0.384511 49.3554 23.7148 3.81367 1.66347 10.5622 7.41056
internal_count=22525 342 249 22183 134 200 152 22049 21099 379 108 271 224 181 135 950 877 796 725 113 612 117 495 20720 8622 12098 562 11536 3067 8469 8374 8294 8037 1148 7972 8525 2600 128 2472 111 1919 515 146 383 7137 2057 284 5925 122 5803 112 2361 234 2127 1773 104 1536 1056 835 257 1002 810
cat_boundaries=0 22 23
cat_threshold=8 0 25166336 32 8208 0 16 0 0 536870912 0 0 0 0 2147500032 16 514 2147614720 67174400 5 156 134217728 34276372
is_linear=0
shrinkage=0.05


Tree=65
num_leaves=63
num_cat=3
split_feature=64 63 70 10 58 38 72 66 60 66 82 64 55 63 53 64 67 78 66 65 67 64 3 58 18 63 10 46 53 47 66 71 58 64 71 63 55 66 55 64 54 65 50 10 68 73 66 3 71 9 3 63 66 70 54 51 46 3 64 67 74 65
split_gain=10372.2 31921.2 70448.6 18419.3 17530.3 14543.1 5295.89 15115 25258.2 12321.2 5883.62 6482.57 5264.61 6478.57 4627.91 3312.7 3032 2583.93 2336.69 5709.14 3384.08 2455.2 3249.38 8516.99 3562.64 2091.28 1746.76 2056.85 1704.67 1643 1502.03 1667.18 3516.67 1468.53 1275.03 1640.86 2142.65 1262.59 1426.63 1377.11 2570.78 1226.14 1192.24 1312.11 1271.31 1169.01 2088.36 1784.1 1877.23 1596.16 1307.31 3050.47 2848.43 2342.9 1212.76 1169.76 1125.06 1111.5 2356.58 2800.75 1106.99 1434.12
threshold=1536.7300000000002 1666.1362500000002 0.3630645816159554 1.2552629691260372e-15 919.91328193287779 -1.0000000180025095e-35 0 1083.0100000000002 -13.027549541969394 923.94166666666672 1.0000000180025095e-35 846.24000000000012 365.43277714900188 1259.4166666666667 412.60195473186457 1075.6125000000002 1177.3350000000003 1.0000000180025095e-35 634.05666666666673 665.48000000000013 938.55500000000018 768.65750000000014 2018.5000000000002 435.26885805649141 -4.592425496802573e-16 769.96083333333343 15.294228634059946 0.25000000000000022 -238.60014550689155 332.57543590867448 775.01333333333343 -22.148518563559225 531.35399256939138 621.59250000000009 -37.718684471535042 686.21590909090912 69.500797485532374 472.44166666666678 24.14795966500721 587.5150000000001 130.27531441811459 340.00500000000005 171.80949811996442 15.294228634059946 0.83333333333333337 1 108.60833333333335 2021.5000000000002 -0.52484828673490513 13.428203230275512 2019.5000000000002 210.57000000000002 272.36500000000007 2.443254882139589 144.11288470332133 -82.143964809378744 -1.0000000180025095e-35 2021.5000000000002 325.25000000000006 334.52500000000003 2 880.25000000000011
decision_type=2 2 2 2 2 2 9 2 2 2 2 2 2 2 2 2 2 2 2 2 2 2 2 2 2 2 2 2 2 2 2 2 2 2 2 2 2 2 2 2 2 2 2 2 2 9 2 2 2 2 2 2 2 2 2 2 2 2 2 2 1 2
left_child=1 6 -3 5 -5 -2 9 12 -9 14 -11 -12 16 17 15 30 18 -14 20 -20 21 25 23 24 -23 29 27 -26 -27 34 31 33 42 -1 41 37 -37 39 -39 45 -41 -8 43 44 -33 55 -47 50 -49 -50 53 -52 -53 54 -48 57 -31 58 59 -36 -24 -62
right_child=3 2 -4 4 -6 -7 7 8 -10 10 11 -13 13 -15 -16 -17 -18 -19 19 -21 -22 22 60 -25 26 28 -28 -29 -30 56 -32 32 -34 -35 35 36 -38 38 -40 40 -42 -43 -44 -45 -46 46 47 48 49 -51 51 52 -54 -55 -56 -57 -58 -59 -60 -61 61 -63
leaf_value=-1.0438734350540597 -6.4135222331698065 -4.5692827473896331 27.722801626145628 -2.1774300393946269 -15.340499400707419 6.1958797849240312 -0.42422697114780406 -2.4712305927045293 14.780448440945248 -3.2263828470123301 -5.6582484349534319 -16.997957142014101 1.9243827811507863 -10.597121835214201 4.1945369442898759 -5.4014821108866862 2.786780124888887 -4.4515668957121006 5.3079027921476625 -2.1451392710149149 -3.3391561773754086 7.0997947293799868 0.95733932017533219 10.273813016328006 -0.47343446770982772 -0.65577901469393485 -4.1386769884591175 5.0898676457332401 -5.1922193825545495 -3.2853362757772659 1.8560546182893836 1.2213207581932848 -6.180742657686201 2.1384674301201261 -0.70812103091344047 0.0011196634734375935 5.5571472956783676 0.56436019309556573 3.964973671089616 -3.6353076846587182 1.5589657721104346 -2.900762432179659 -3.19591409659329 -2.7549110219636574 -1.0949068554163695 0.038217527328276636 1.1601568763034835 0.52625496421695506 3.5773399803462684 0.98639118379677115 1.3597252190875264 -1.6790295342837418 0.82846306697050565 -1.8052096705479592 4.0617741639367031 -0.12762344047826621 -0.67594954326740619 -2.2375809683298429 -3.5009899639476623 3.4152688782281246 0.70571990780674332 -2.4715357553537829
leaf_weight=0.93317501666024216 0.37218349147588004 0.3534455185290416 0.32346785650588572 0.54287380329333224 0.47360140481032431 0.59302682615816504 1.8684949611779296 0.39930573292076588 0.45271312375552852 0.55468303919769801 0.28560429788194597 0.22557583102025092 0.33177574165165324 0.2522718005347997 0.39766891533508886 0.47067891131155182 0.99947600881568988 0.30496286926791072 0.64864374324679264 0.4255001749843359 0.74819476320408185 0.21045583044178751 2.3146530566737056 0.31981873745098699 0.63899721787311048 0.52523912582546473 0.20723225153051317 0.22451540664769709 0.34187656361609597 0.56507136486470733 0.41343205189332355 0.80591652588918794 0.40196617948822666 0.59281412907876074 1.8678482361137865 0.39418153930455346 0.3099849980790168 1.2445758203975845 0.41002386156469572 0.67180586210451909 0.36907133739441633 0.68229711498133827 0.7023439947515725 0.80182178714312602 2.2362638027407229 194.86616937164217 3.0017622124869399 2.9347059866413474 1.3207814882043742 1.0808952548541126 2.348378311144188 3.3153939736075699 1.7202127261552957 0.63240485847927619 0.4092003353871404 47.690558807458729 1.535804406274109 1.2648408920504151 0.52387419715523709 0.52829497354105104 0.74218262382783018 0.681070915190503
leaf_count=108 94 91 67 97 64 76 202 57 84 62 65 48 46 57 81 91 98 71 72 49 72 39 28 72 174 110 46 57 68 57 86 74 75 87 249 79 50 148 58 99 63 62 98 102 302 13272 594 87 73 69 212 309 180 117 69 3045 188 52 64 85 48 59
internal_value=0 0.0164882 10.8617 -3.6131 -8.31044 1.33372 -0.00872676 0.0441796 6.69531 -0.821147 -6.79259 -10.6623 0.0256162 -3.81599 -1.05925 -1.34318 0.0377881 -1.12935 0.0279608 2.35553 0.018984 0.0280296 1.0899 2.97468 1.15263 0.00721919 -0.0162849 0.973038 -2.44436 0.0150474 -1.06585 -1.25244 -1.698 0.192398 0.025907 0.0365398 2.44697 0.0301636 1.40706 0.0215518 -1.79354 -1.08666 -1.30166 -0.955558 -0.481305 0.0287216 0.0804828 0.619795 1.37462 2.41126 0.267307 -0.128435 -0.822445 0.990009 1.50825 -0.165964 -1.37779 -0.999474 -0.463172 0.200992 0.282615 -0.814695
internal_weight=0 291.824 0.676913 1.98169 1.01648 0.96521 291.147 282.326 0.852019 8.82194 1.06586 0.51118 281.473 0.88901 7.75608 7.35841 280.584 0.636739 279.585 1.07414 278.511 277.763 5.33893 1.60102 1.2812 272.424 1.07074 0.863513 0.867116 271.557 6.88773 6.4743 4.94831 1.52599 269.456 266.905 0.704167 266.201 1.6546 264.546 1.04088 2.55079 4.54635 3.844 3.04218 263.505 211.63 16.7637 5.33638 2.40168 11.4274 7.38399 5.03561 4.04337 3.41096 51.8754 2.10088 4.18486 2.92002 2.39614 3.73791 1.42325
internal_count=22558 22227 158 331 161 170 22069 20790 141 1279 175 113 20649 174 1104 1023 20475 117 20377 121 20256 20184 523 388 316 19661 277 231 178 19483 932 846 651 195 19238 18974 129 18845 206 18639 162 264 576 478 376 18477 14982 1710 229 142 1481 701 489 780 663 3495 245 450 398 334 135 107
cat_boundaries=0 23 24 25
cat_threshold=2097184 0 0 0 0 0 0 0 0 67633152 2048 4096 301989888 0 16777236 67158032 67641392 0 0 2048 458896 32 512 16931910 2
is_linear=0
shrinkage=0.05


Tree=66
num_leaves=63
num_cat=0
split_feature=58 1 56 57 60 65 47 70 66 66 3 55 77 58 35 55 66 47 63 76 54 57 51 47 67 1 66 10 3 59 67 66 67 47 68 67 60 59 56 46 51 67 59 63 48 65 55 3 64 3 3 3 3 63 70 64 55 66 54 70 58 65
split_gain=13858.3 65347.1 9692.12 5871.15 11568.5 10596.2 8347.13 16055.2 8296.42 5915.04 16962.7 5946.85 7009.95 5062.11 5192.36 4789.84 4423.65 4851.71 3475.29 9537.11 2437.07 6658.14 2591.96 2071.12 1927.19 7136.14 1862.01 5197.3 1718.63 1483.72 3736.47 2020.66 1769.97 4663.89 4596.88 3848.91 2289.47 1781.11 1483.74 1470.85 1314.53 1314.34 1290.13 1735.69 2281.72 1323.99 2227.18 1238.59 1315.85 1217.03 1191.34 1184.8 1176.57 1985.58 1831.7 1300.13 1363.91 1103.14 1097.99 1501.66 1053.68 1039.67
threshold=1613.888945611425 9.5000000000000018 993.77272835142014 -236.10886701266543 1012.3032294823915 1762.2800000000004 377.97693023540558 1.5858994373929922 1554.8500000000004 1391.45 2019.5000000000002 365.43277714900188 1.0000000180025095e-35 736.91335734434756 1.0000000180025095e-35 -768.08630945624748 857.41166666666675 -130.27087450668731 1576.4354166666672 1.0000000180025095e-35 532.95592117933927 63.956676213831422 -258.46456985056312 -404.39147722180758 1467.5500000000002 5.5000000000000009 716.67166666666674 8.5801270189221945 2019.5000000000002 -95.689098149491585 869.22500000000002 472.44166666666678 374.25000000000006 -125.65762552124974 0.83333333333333337 869.22500000000002 -102.27479093258175 48.099888434313414 162.79966901093488 0.25000000000000022 246.28402512803714 505.10000000000008 331.82993710839696 583.61904761904771 72.222699528098616 299.97500000000008 18.452291915832777 2019.5000000000002 242.51250000000002 2019.5000000000002 2021.5000000000002 2019.5000000000002 2016.5000000000002 583.61904761904771 0.96066967366552036 227.86000000000004 48.612738733873492 146.17833333333337 28.894753737722866 1.657789678053214 130.69139610289128 346.26000000000005
decision_type=2 2 2 2 2 2 2 2 2 2 2 2 2 2 2 2 2 2 2 2 2 2 2 2 2 2 2 2 2 2 2 2 2 2 2 2 2 2 2 2 2 2 2 2 2 2 2 2 2 2 2 2 2 2 2 2 2 2 2 2 2 2
left_child=3 2 15 8 6 -6 9 13 16 11 -11 18 -13 14 57 -2 17 23 20 -20 24 22 -22 -1 26 -26 29 28 -28 30 31 41 37 34 -34 36 -35 40 -33 42 -31 52 43 44 45 46 49 -39 -49 -38 60 -45 53 -5 55 -54 61 -8 -36 -60 -47 -57
right_child=1 -3 -4 4 5 -7 7 -9 -10 10 -12 12 -14 -15 -16 -17 -18 -19 19 -21 21 -23 -24 -25 25 -27 27 -29 -30 32 -32 38 33 35 58 -37 39 47 -40 -41 -42 -43 -44 51 -46 50 -48 48 -50 -51 -52 -53 54 -55 -56 56 -58 -59 59 -61 -62 -63
leaf_value=1.5732918155278526 -1.4053099353805101 24.586375554095312 -7.2629041619766355 0.032123726103024296 -1.8314144577889768 9.9829450318939283 -0.37347396774902392 -10.582890391511285 -9.6600254525220777 -2.7510896471296622 12.203625388243928 -7.6516507105012055 1.5126572260220521 -5.5482884870441698 5.0809993597427692 9.2867194550429897 4.364719634612797 -8.2247208889540122 -9.0864781640749523 2.4757246346686612 -3.9160569775911931 9.499217146947128 2.8810448462407354 -2.6280719179763352 -7.7470668311498763 2.3537717789917325 -3.405651557230347 5.8827569015416534 1.3420499227215155 0.036142654576068259 -4.7631958417874944 0.012069766336721013 6.4906358586690178 -1.1252190481703708 -0.36274292213773751 -3.0979468901344211 -2.4189204655116199 0.14406525638163425 3.7957910553788055 2.5876045288767067 0.73513040084083336 -2.0270099028111717 3.0141525504623514 -0.2035572479307135 3.6675191514805654 -0.21229089546437074 3.3015112992753233 -0.49206100281266019 -1.8095110461066906 1.0212499628684959 1.1317413531352305 -4.2088366804654394 -0.38934034414005048 4.4456119357157489 0.25176080286649277 -1.8509830051126479 -0.40047376245266203 -2.7890846039778925 0.83527028831058725 4.8429752462216094 -2.9091695537115285 -4.4128898105674166
leaf_weight=0.48361645312979806 0.2298076986335218 0.32266484154388309 0.41937958751805127 1.2057454292662395 0.29083405830897291 0.54626319650560617 1.5846266867592937 0.51249200431630004 0.3496017800644039 0.39497790159657498 0.36469882074743509 0.53787462622858484 0.34093203954398632 0.52204061904922117 0.4008754810784011 0.19247939926572033 0.29417209117673326 0.28412358113564495 0.36658748751506109 0.34733576257713139 0.26101985760033131 0.2529274164699018 0.30314924940466781 0.74553512898273755 0.34295590524561603 0.35675313579849899 0.32455654977820703 0.50500439922325313 0.46187767363153398 235.30154847889207 0.49043431179598052 0.54905137466266818 0.59277376439422291 1.7777684095781277 0.59700718428939581 0.82240459602326232 0.38977616280317107 5.7459322407376048 0.49061491806060076 1.0724908793345092 6.9241378246806553 1.2611780907027412 0.49771990976296354 0.44646431109867979 0.57393389358185221 0.86539754574187122 0.78988687996752549 9.7992892558686417 2.3497863123193374 0.75520325056277215 0.72412264370359469 0.31484251981601119 2.9637116678059083 0.32313174754381169 4.3203268018551171 1.1457801454234871 0.97161617665551592 0.67349881445989002 0.61841278802603483 0.37574953702278435 0.6228518767748028 0.60517594637349237
leaf_count=86 59 72 95 324 54 88 212 69 34 78 43 90 61 87 61 48 49 52 56 95 57 52 52 120 47 77 82 59 43 15410 61 73 57 189 49 94 91 1267 70 84 203 152 61 92 64 140 91 473 196 60 43 29 204 86 334 104 132 95 88 47 89 62
internal_value=0 5.45532 -1.87885 -0.010228 0.00871411 5.87826 -0.00793361 -2.36995 -2.60934 0.0220007 4.42824 0.0104854 -4.09637 -1.04678 -0.162999 3.46814 -1.24557 -2.33618 0.022939 -3.46127 0.0315434 2.75834 -0.263719 -0.975022 0.0238144 -2.59706 0.0301914 1.92449 -0.617297 0.0216461 -0.474288 -0.322266 0.047772 0.645733 2.73231 0.173649 0.478342 0.0205618 1.79759 0.88255 0.0561236 -0.494494 0.576765 0.35549 0.71274 0.30383 1.25912 -0.4608 -0.746873 -0.14986 -0.531637 -1.85996 -0.326944 0.964925 -0.524324 -1.11398 -1.9028 -1.09394 1.33218 2.35001 -1.34097 -2.73644
internal_weight=0 1.16433 0.841667 298.133 295.976 0.837097 295.138 3.69353 2.15705 291.445 0.759677 290.685 0.878807 3.18104 2.659 0.422287 1.80745 1.51328 289.806 0.713923 289.093 0.817097 0.564169 1.22915 288.275 0.699709 287.576 1.29144 0.786434 286.284 14.3268 13.8363 271.958 11.8368 2.18394 9.65286 8.83046 260.121 1.03967 7.05269 242.226 12.7967 5.9802 5.48248 4.72117 4.14724 1.93487 17.895 12.1491 1.14498 2.21237 0.761307 11.5355 1.52888 10.0066 5.68628 2.72257 2.25813 1.59117 0.994162 1.48825 1.75096
internal_count=22692 274 202 22418 22077 142 21935 524 341 21411 121 21290 151 455 368 107 307 258 21139 151 20988 161 109 206 20827 124 20703 184 125 20519 1602 1541 18917 1368 241 1127 1033 17549 143 844 15613 1398 760 699 578 514 242 1936 669 151 272 121 1246 410 836 502 298 307 184 135 229 166
is_linear=0
shrinkage=0.05


Tree=67
num_leaves=63
num_cat=3
split_feature=71 48 19 0 66 71 66 54 67 8 8 47 58 63 54 60 59 6 49 67 3 37 53 67 54 0 67 59 60 65 47 56 70 14 56 3 66 67 9 67 67 66 3 67 60 47 70 66 69 3 70 74 3 67 70 67 55 59 56 56 66 49
split_gain=8625.27 47467.1 8293.19 6841.13 14938.6 12073.8 11236.7 17574.8 16803.1 6291.91 5089.62 4960.03 4205.97 3779.89 3400.76 3312.81 2694.48 3636.82 2016.16 4371.21 2503.09 4223.45 2747.64 2183.63 5241.2 1587.16 3629.94 4030.09 2602.72 4906.86 1798 1728.38 2275.51 3487.54 1650.6 2242.77 8743.77 1518.03 1427.58 2229.42 1636.37 1412.56 1337.34 1318.41 1203.72 1245.65 1016.76 1819.78 1898.66 2355.67 1444.07 1348.05 1823.32 2056.4 1418.68 1357.42 1273.1 1238.5 1208.99 1111.36 1100.53 1139.08
threshold=79.250154368656766 -628.46130491548979 -1.0000000180025095e-35 0 1183.7366666666667 5.0134449519992197 527.68333333333351 603.44691085938246 2155.0000000000005 8.5000000000000018 2.5000000000000004 -226.30761615834311 374.83742632529606 948.63333333333344 475.4840069238964 58.933859170464011 641.88710949082576 1.0000000180025095e-35 244.29419626330449 1009.9950000000001 2019.5000000000002 1.0000000180025095e-35 68.8554811047605 1323.4600000000003 162.64869908780886 1 898.23500000000013 -14.883597483288472 -162.19766088871475 524.25000000000011 -83.147391178292878 166.94946347372567 0.45263791685482335 -0.25000000000000006 363.49777632944546 2018.5000000000002 42.136666666666677 539.61000000000013 -15.794228634059946 452.40000000000003 281.83500000000004 348.16500000000002 2018.5000000000002 334.52500000000003 -1072.7487425166644 -186.20884057579764 1.1683643342682102 38.361666666666672 0.58333333333333337 2018.5000000000002 22.037808219178086 2 2019.5000000000002 50.025000000000006 0.67063420859870948 100.80000000000001 29.417823796009518 5.3724207755391324 162.79966901093488 55.541550112131191 287.11666666666673 -40.950850849306065
decision_type=2 2 2 9 2 2 2 2 2 2 2 2 2 2 2 2 2 2 2 2 2 2 2 2 2 9 2 2 2 2 2 2 2 2 2 2 2 2 2 2 2 2 2 2 2 2 2 2 2 2 2 1 2 2 2 2 2 2 2 2 2 2
left_child=3 -2 13 6 16 -6 9 8 11 14 -4 -8 -11 -3 38 -12 18 42 23 20 21 22 -20 25 -25 28 34 -28 29 -5 -29 37 -33 -34 44 36 -36 -30 -1 40 -40 -41 -18 -24 -27 -46 51 -48 59 58 60 52 56 -54 55 -55 -47 -53 -50 -49 61 -51
right_child=1 2 10 4 5 -7 7 -9 -10 12 15 -13 -14 -15 -16 -17 17 -19 19 -21 -22 -23 43 24 -26 26 27 30 31 -31 -32 32 33 -35 35 -37 -38 -39 39 41 -42 -43 -44 -45 45 46 47 48 49 50 -52 57 53 54 -56 -57 -58 -59 -60 -61 -62 -63
leaf_value=1.3149052993229395 21.418678703972731 -1.0569815311865027 6.2219210554731195 -0.67353408247960522 1.2085353146602966 13.310487844924962 -1.9497130638325126 1.7528484728988383 -17.846485339410343 -2.0004732291096645 3.1343093814880651 -8.7119017344660943 -10.240544287365992 -9.2757442133565231 3.2636674740891034 -4.7150684283897517 -2.3300685031439827 -5.0803138295022832 4.9200824262647664 5.9915259200073381 -0.45140278223276797 6.8756190286174146 1.0858715028203754 -5.7723069356748375 2.6921055840445027 2.1181202919471231 -0.14779031417259425 7.3024123023190883 -0.55610141909870026 -7.6770531574931411 2.6017974095381864 -2.4040251067871306 5.4088491490272377 -0.93679677686506402 -1.2318082158004877 0.43908310083959218 12.759676722359114 -3.2293885559124171 -1.0522216015207853 -4.6707193254148178 1.8809971040238986 -1.3076405455304703 2.0145658204976247 -2.4056251744388528 -0.81649334205343149 0.024773070800305122 0.0055450073386619841 0.44427777734176432 -0.47948791290012843 -0.046190216892462561 2.932113636395655 0.078850228317859428 -0.16986742437510341 -0.86250831705847431 -0.58901177605523103 -3.1361047160371576 0.82399549265252847 0.86006796290171994 2.781268236850702 -0.886598642684441 1.5007444867074722 0.82385454355260457
leaf_weight=0.62621808820404101 0.30516186938621115 0.29127632058225561 0.49301849957555399 0.74614212079904862 0.45185760641470452 0.37893148814328015 0.55475567001849413 0.61839203303679813 0.35055465740151692 0.33245142432861019 0.26738559734076262 0.53048778232187055 0.28990385122597218 0.26918023545295 0.53103356529027212 0.27031234349124134 0.30853837821632513 0.60807976266369224 0.31406088103540142 0.40925581892952312 2.4643205867614597 0.35654250811785448 0.64542971015907802 0.49244958534836669 0.29092919360846281 0.68436978315003116 0.77674046880565584 0.39579858724027872 9.0233933876734191 0.37619436671957374 0.41856761113740393 0.30563228391110786 0.49007504503242671 0.38791238027624786 0.26857956568710406 1.1227994256187228 0.1911244704388082 0.56424990715459067 2.9574236914049821 0.64327844441868343 0.5665717574302106 0.60671025142073631 0.41585002117790282 0.46528560435399413 4.3926876082550725 37.29129683226347 74.243993205949664 2.6661373465321949 5.4070647400803891 5.1148261351045319 0.78403025679290195 23.768496596254412 65.09087424329482 1.4073648429475718 8.1508924672380072 1.2304507181979714 5.7511805316898963 6.4500842434354118 0.30004009534604836 3.8105974975042045 4.0436470354907206 14.222796933492644
leaf_count=69 73 56 44 95 62 65 90 96 42 88 58 74 89 71 62 49 79 89 59 67 154 84 145 73 54 31 97 40 845 48 62 56 70 58 78 96 49 88 307 52 95 81 45 95 647 6363 3812 57 1149 455 43 420 1861 144 745 127 1256 78 56 62 342 789
internal_value=0 3.35515 -0.109146 -0.0277162 0.0322387 6.72836 -0.956415 -5.29425 -8.3294 -1.05612 2.55264 -5.2552 -5.83884 -5.00435 -0.554276 -0.811742 0.0139561 -2.22924 0.0244321 1.05649 0.580785 2.00874 0.79083 0.00731491 -2.62882 0.0146934 0.0460115 2.42882 -0.396377 -3.02103 4.88639 -0.49089 1.31174 2.60522 0.0335068 1.6435 4.58523 -0.713429 -0.929717 -1.22415 -0.580632 -3.03837 0.164058 -0.376738 0.0238854 0.0184591 0.0325801 0.147461 0.437328 0.605592 0.821368 -0.0526084 -0.128384 -0.275838 -0.915184 -1.92306 0.131562 0.245599 -0.30806 -0.338746 0.75059 0.593727
internal_weight=0 1.89633 1.59117 296.087 287.48 0.830789 8.60778 2.05419 1.4358 6.55359 1.03072 1.08524 0.622355 0.560457 5.93124 0.537698 286.649 1.33247 285.316 4.6549 4.24564 1.78132 1.42478 280.661 0.783379 279.878 267.984 1.59111 11.8936 1.12234 0.814366 10.7713 1.18362 0.877987 266.393 1.5825 0.459704 9.58764 5.4002 4.77398 3.524 1.24999 0.724388 1.11072 264.811 264.126 259.734 110.593 36.3491 29.8724 24.1653 149.141 118.922 75.8796 10.7887 2.63782 43.0425 30.2186 5.7071 6.47673 23.3813 19.3376
internal_count=22686 351 278 22335 21190 127 1145 302 206 843 151 164 177 127 666 107 21063 213 20850 604 537 383 299 20246 127 20119 18859 199 1260 143 102 1117 184 128 18660 223 127 933 604 535 402 133 124 240 18437 18406 17759 6765 2953 2834 1629 10994 10496 2877 1016 271 7619 498 1205 119 1586 1244
cat_boundaries=0 21 41 42
cat_threshold=524288 0 1694498816 0 48 0 12 1073741824 0 0 1024 0 0 0 2147500032 8208 4718658 32769 131072 4 188 4228128 128 4097 524291 33555456 0 16 4194304 1048576 788496 0 67108864 0 0 2 41943040 33554432 16384 0 196881 1
is_linear=0
shrinkage=0.05


end of trees

feature_importances:
same_month_mean_3y=313
seasonal_amplitude_ratio=262
same_month_max_3y=232
year=188
roll_std_12=184
roll_mean_6=178
roll_std_6=168
lag_3=151
mean_nonzero_12=151
lag_6=142
rolling_12_slope=130
roll_std_3=129
last_nonzero_value=126
median_nonzero_12=125
lag_1=124
lag_12=114
diff12=113
roll_mean_3=105
lag_2=98
unique_id=87
item_type_month_cos=87
roll_mean_12=84
item_type_month_sin=81
lag_24=73
year_idx=65
diff1=64
month=52
name=34
name_tok_15_month_cos=29
name_cluster_id_month_cos=23
name_tok_2_month_cos=23
month_cos=22
name_tok_15=22
name_tok_1_month_cos=21
same_month_nonzero_rate_3y=21
name_tok_11=21
name_tok_11_month_sin=20
name_tok_9_month_cos=19
name_tok_11_month_cos=19
month_sin=17
name_cluster_id_month_sin=17
name_tok_0_month_sin=15
name_tok_9_month_sin=15
quarter_sin=14
name_tok_0_month_cos=14
name_tok_1=13
name_tok_6=13
name_tok_9=12
name_tok_2_month_sin=11
name_tok_10_month_sin=11
name_tok_13=11
name_tok_13_month_cos=10
name_tok_6_month_sin=9
name_tok_10_month_cos=9
name_tok_15_month_sin=9
item_type=9
name_tok_0=9
name_tok_2=8
name_tok_4_month_cos=7
name_tok_1_month_sin=6
name_tok_13_month_sin=6
name_tok_4_month_sin=5
name_tok_14_month_cos=5
item_month_nonzero_rate=5
name_tok_10=5
name_tok_14=5
quarter_cos=4
name_tok_6_month_cos=4
name_tok_14_month_sin=4
name_tok_4=4
Status=3
name_tok_3=3
name_tok_7=3
name_tok_12=3
quarter=2
Status_month_cos=2
name_tok_3_month_cos=2
name_tok_5_month_cos=2
name_tok_8_month_cos=2
name_tok_5=2
Status_month_sin=1
name_tok_3_month_sin=1
name_tok_5_month_sin=1
name_tok_12_month_sin=1
name_tok_12_month_cos=1
name_tok_8=1

parameters:
[boosting: gbdt]
[objective: regression]
[metric: l2]
[tree_learner: serial]
[device_type: cpu]
[data_sample_strategy: bagging]
[data: ]
[valid: ]
[num_iterations: 2000]
[learning_rate: 0.05]
[num_leaves: 63]
[num_threads: 0]
[seed: 42]
[deterministic: 0]
[force_col_wise: 0]
[force_row_wise: 0]
[histogram_pool_size: -1]
[max_depth: -1]
[min_data_in_leaf: 50]
[min_sum_hessian_in_leaf: 0.001]
[bagging_fraction: 0.8]
[pos_bagging_fraction: 1]
[neg_bagging_fraction: 1]
[bagging_freq: 1]
[bagging_seed: 400]
[feature_fraction: 0.8]
[feature_fraction_bynode: 1]
[feature_fraction_seed: 30056]
[extra_trees: 0]
[extra_seed: 12879]
[early_stopping_round: 0]
[early_stopping_min_delta: 0]
[first_metric_only: 0]
[max_delta_step: 0]
[lambda_l1: 0]
[lambda_l2: 0]
[linear_lambda: 0]
[min_gain_to_split: 0]
[drop_rate: 0.1]
[max_drop: 50]
[skip_drop: 0.5]
[xgboost_dart_mode: 0]
[uniform_drop: 0]
[drop_seed: 17869]
[top_rate: 0.2]
[other_rate: 0.1]
[min_data_per_group: 100]
[max_cat_threshold: 32]
[cat_l2: 10]
[cat_smooth: 10]
[max_cat_to_onehot: 4]
[top_k: 20]
[monotone_constraints: ]
[monotone_constraints_method: basic]
[monotone_penalty: 0]
[feature_contri: ]
[forcedsplits_filename: ]
[refit_decay_rate: 0.9]
[cegb_tradeoff: 1]
[cegb_penalty_split: 0]
[cegb_penalty_feature_lazy: ]
[cegb_penalty_feature_coupled: ]
[path_smooth: 0]
[interaction_constraints: ]
[verbosity: -1]
[saved_feature_importance_type: 0]
[use_quantized_grad: 0]
[num_grad_quant_bins: 4]
[quant_train_renew_leaf: 0]
[stochastic_rounding: 1]
[linear_tree: 0]
[max_bin: 255]
[max_bin_by_feature: ]
[min_data_in_bin: 1]
[bin_construct_sample_cnt: 200000]
[data_random_seed: 175]
[is_enable_sparse: 1]
[enable_bundle: 1]
[use_missing: 1]
[zero_as_missing: 0]
[feature_pre_filter: 1]
[pre_partition: 0]
[two_round: 0]
[header: 0]
[label_column: ]
[weight_column: ]
[group_column: ]
[ignore_column: ]
[categorical_feature: 0,72,73,74]
[forcedbins_filename: ]
[precise_float_parser: 0]
[parser_config_file: ]
[objective_seed: 16083]
[num_class: 1]
[is_unbalance: 0]
[scale_pos_weight: 1]
[sigmoid: 1]
[boost_from_average: 1]
[reg_sqrt: 0]
[alpha: 0.9]
[fair_c: 1]
[poisson_max_delta_step: 0.7]
[tweedie_variance_power: 1.5]
[lambdarank_truncation_level: 30]
[lambdarank_norm: 1]
[label_gain: ]
[lambdarank_position_bias_regularization: 0]
[eval_at: ]
[multi_error_top_k: 1]
[auc_mu_weights: ]
[num_machines: 1]
[local_listen_port: 12400]
[time_out: 120]
[machine_list_filename: ]
[machines: ]
[gpu_platform_id: -1]
[gpu_device_id: -1]
[gpu_use_dp: 0]
[num_gpu: 1]

end of parameters

pandas_categorical:[]
