tree
version=v4
num_class=1
num_tree_per_iteration=1
label_index=0
max_feature_idx=91
objective=regression
feature_names=unique_id month quarter year month_sin month_cos quarter_sin quarter_cos year_idx item_type_month_sin item_type_month_cos Status_month_sin Status_month_cos name_cluster_id_month_sin name_cluster_id_month_cos name_tok_0_month_sin name_tok_0_month_cos name_tok_1_month_sin name_tok_1_month_cos name_tok_2_month_sin name_tok_2_month_cos name_tok_3_month_sin name_tok_3_month_cos name_tok_4_month_sin name_tok_4_month_cos name_tok_5_month_sin name_tok_5_month_cos name_tok_6_month_sin name_tok_6_month_cos name_tok_7_month_sin name_tok_7_month_cos name_tok_8_month_sin name_tok_8_month_cos name_tok_9_month_sin name_tok_9_month_cos name_tok_10_month_sin name_tok_10_month_cos name_tok_11_month_sin name_tok_11_month_cos name_tok_12_month_sin name_tok_12_month_cos name_tok_13_month_sin name_tok_13_month_cos name_tok_14_month_sin name_tok_14_month_cos name_tok_15_month_sin name_tok_15_month_cos lag_1 lag_2 lag_3 lag_6 lag_12 lag_24 roll_mean_3 roll_std_3 roll_mean_6 roll_std_6 roll_mean_12 roll_std_12 diff1 diff12 zero_ratio_12 nonzero_run_length mean_nonzero_12 median_nonzero_12 last_nonzero_value same_month_mean_3y same_month_max_3y same_month_nonzero_rate_3y item_month_nonzero_rate seasonal_amplitude_ratio rolling_12_slope name item_type Status name_cluster_id name_tok_0 name_tok_1 name_tok_2 name_tok_3 name_tok_4 name_tok_5 name_tok_6 name_tok_7 name_tok_8 name_tok_9 name_tok_10 name_tok_11 name_tok_12 name_tok_13 name_tok_14 name_tok_15
feature_infos=-1:6:21:30:37:38:39:40:53:88:95:109:141:227:251:329:331:333:348:361:362:364:365:366:369:370:371:396:398:399:400:404:417:418:419:420:421:422:423:424:425:426:453:479:482:484:575:577:578:579:582:583:584:36:86:138:140:142:144:349:360:367:96:143:165:431:416:395:397:376:265:375:97:363:379:382:380:381:330:372:377:347:250:351:373:378:220:254:350:352:368:122:354:355:427:428:429:356:216:217:255:106:405:406:297:298:299:301:306:340:341:342:343:344:345:346:581:302:132:357:358:219:580:87:90:247:248:435:436:437:438:439:407:408:463:246:359:104:105:440:441:464:465:466:47:221:244:245:110:467:2:10:193:194:196:197:202:311:503:504:510:511:512:513:531:534:544:545:547:548:549:550:560:561:566:569:570:171:442:444:445:243:274:64:174:273:483:485:62:480:481:586:179:546:181:409:410:411:412:443:623:624:625:16:3:4:537:100:126:469:413:414:470:153:468:28:307:84:415:51:332:446:23:514:172:92:101:52:335:336:447:133:135:147:155:334:184:190:472:473:489:491:536:338:593:125:474:475:11:94:199:540:146:530:604:287:288:487:603:605:123:270:339:476:102:103:173:290:291:293:294:31:205:430:615:1:12:56:58:156:203:195:505:403:449:492:502:551:136:192:210:206:207:401:572:450:451:616:272:292:535:15:57:249:402:556:558:559:592:608:59:60:61:204:316:318:319:529:610:612:317:506:508:571:516:517:518:519:520:521:522:93:185:383:598:9:17:19:20:22:27:29:33:35:66:71:73:74:208:211:268:276:308:320:328:384:448:454:462:486:488:490:493:523:532:533:602:634:642:643:644:649:669:682:684:693:711:5:75:76:115:159:256:260:310:323:541:568:594:645:646:647:699:700:137:163:164:175:186:269:455:557:563:591:601:573:574:701:7:82:83:266:459:461:553:564:704:77:177:191:385:539:691:169 [1:12] [1:4] [2009:2022] [-1:1] [-1:1] [-1:1] [-1:1] [1:14] [-25:25] [-25:25] [-1:1] [-1:1] [-1:1] [-1:1] [-3:3] [-3:3] [-2:2] [-2.598076211353316:2] [-2:3] [-2.598076211353316:3] [-4:4] [-4:4] [-2:2] [-2:2] [-2:2] [-2:2] [-3:3] [-3:3] [-2:2] [-2.598076211353316:2] [-3:3] [-3:3] [-3:3] [-3:3] [-3:3] [-3:3] [-4:4] [-4:4] [-3:3] [-3:3] [-3:3] [-3:3] [-2:2] [-2:2] [-2:2] [-2:2] [-2078.099154440155:8282.9432640239247] [-2078.099154440155:8282.9432640239247] [-2078.099154440155:8282.9432640239247] [-2078.099154440155:8282.9432640239247] [-2523.4232419562427:8282.9432640239247] [-2266.4736758241761:8282.9432640239247] [-1986.8896653796662:4198.9412639621942] [0:4197.1470017007423] [-1638.4728609593574:2094.4812447633271] [0:3634.7992111561171] [-883.79501685864216:1072.3486682314444] [0:2902.9487079622404] [-7761.8332499974285:8969.1667500025724] [-5001.9840731504064:4997.8459268495944] [0:1] [0:24] [0:4499.0683333333336] [0:4429.6750000000002] [0:9991] [0:8165] [0:8440] [0:1] [0:1] [0:1624.9400000000001] [-482.66541782959581:564.68423252005425] -1:27:30:34:36:64:97:103:105:106:259:265:266:268:274:275:278:282:287:288:289:299:305:316:323:325:328:331:332:334:356:362:369:377:384:408:409:411:426:445:494:513:514:531:538:541:550:591:622:625:640:672:714:203:204:206:366:379:495:267:270:301:205:355:378:508:28:26:41:90:393:76:348:88:89:294:81:83:273:626:74:276:281:526:146:87:261:512:269:292:297:23:284:304:373:466:374:286:7:9:509:38:398:25:50:52:54:55:56:57:62:108:449:450:451:452:154:183:291:306:491:150:370:357:358:595:14:684:687:689:690:691:66:49:272:262:271:341:340:682:688:277:293:295:392:8:511:594:104:280:93:399:412:424:427:440:517:518:592:615:618:619:623:628:629:630:631:634:635:636:641:643:644:645:646:649:650:666:692:695:696:95:663:96:413:423:540:543:0:533:668:324:457:418:421:31:32:33:40:479:481:482:686:665:400:675:520:285:345:463:29:43:283:300:403:111:667:42:528:432:620:693:653:603:420:344:360:107:433:676:697:490:337:401:485:487:290:303:414:422:522:607:610:60:330:279:298:465:364:436:516:525:486:713:321:536:677:678:319:329:464:51:405:302:425:504:505:506:507:616:703:527:638:148:654:229:307:515:530:674:708:648:712:35:604:605:683:710:410:489:617:39:431:443:627:318:694:702:404:503:523:1:37:442:673:320:600:602:606:704:110:112:115:312:458:524:529:551:552:671:114:642:647:709:656:657:658:659:661:662:664:85:314:389:611:2:3:4:5:12:18:20:21:22:44:63:78:102:119:130:134:159:161:166:170:211:235:313:317:368:381:428:444:470:473:477:478:484:535:544:545:567:579:588:597:599:685:17:92:113:165:232:252:350:402:407:467:468:472:510:547:549:633:639:61:263:322:419:459:488:498:499:554:652:681:383:447:448:10:59:65:126:141:264:382:429:707:79:212:385:416:546:613:84 -1:7:25:20:21:12:18:4:10:16:24:23:13:6:9:17:11:2:22:3:1:19:5:14:8 -1:0:1 none [0:3] [0:3] [0:3] [0:4] [0:2] [0:2] [0:3] [0:3] [0:3] [0:3] [0:3] [0:4] [0:3] [0:3] [0:2] [0:2]
tree_sizes=6604 6637 6630 6624 6623 6608 6634 6767 6648 6607 6779 6621 6643 6636 6613 6846 6819 6816 6981 6863 6642 6918 6797 6852 6635 6889 6809 6844 6878 7065 6710 6798 6856 7078 7039 6854 6951 6999 6792 6819 6887 6961 6920 7005 7047 6892 6978 6857 6689 7086

Tree=0
num_leaves=63
num_cat=0
split_feature=66 87 52 71 67 56 54 18 18 71 47 64 71 56 66 57 66 66 70 56 49 57 56 71 57 71 67 54 3 56 57 64 3 60 34 63 63 66 10 56 3 66 70 15 56 64 54 67 59 47 60 70 66 54 66 49 8 9 71 42 8 47
split_gain=1.65624e+06 1.17971e+06 382623 326990 217620 242702 162075 79040.3 77171.9 72306.2 69146.9 61673.6 39328.1 38214.8 37694.9 36368.1 38718.4 35978.4 70937.9 33476.7 32595.5 30200.7 24624.3 24604.9 23989.4 21702.6 22485.8 21609.4 21464 20717.2 19886.6 18913.5 17592.1 17520.8 15206 15164 14376.8 14052.6 15449.9 13596.1 11990.9 19153.7 11660.9 11024.2 11761 10547.3 10481.8 9416.55 8923.88 8510.06 8336.99 7353.14 7231.08 6968.83 6664.26 6621.64 6518.22 6395.45 6313.39 6130.09 6117.96 6053.28
threshold=1880.1466666666668 1.0000000180025095e-35 -295.97609520670113 -82.707288908205896 916.84000000000003 718.96555993692698 4.9600557603016799 -1.0000000180025095e-35 0.25000000000000017 -194.04191616223167 -183.01098663227398 118.65500000000002 15.189987053598108 436.00105148197423 80.110000000000014 -117.3154656812825 1250.1550000000002 405.185 2.247933105347705 153.64826352339421 -486.26970334303871 -205.29706799711474 1652.2532222535244 -14.82180430590879 160.62956478505774 -10.48147118007371 219.10000000000002 4.8268940786078893 2018.5000000000002 12.146690850375581 210.81593865271228 29.987500000000004 2018.5000000000002 -1.0000000180025095e-35 -1.0000000180025095e-35 8.6118750000000013 465.60416666666669 776.4383333333335 -11.750000000000002 545.84459312072988 2019.5000000000002 29.716666666666672 1.1296549348226714 1.0000000180025095e-35 345.32963975902857 900.0150000000001 249.29019409021876 222.18000000000004 57.454921727333435 -321.69577624677328 65.778083882864607 1.1081416940892035 96.466666666666683 377.53363292797593 320.27333333333337 -226.29953598123896 4.5000000000000009 10.446152422706634 -24.768787725765844 0.25000000000000022 3.5000000000000004 -21.198819431403031
decision_type=2 2 2 2 2 2 2 2 2 2 2 2 2 2 2 2 2 2 2 2 2 2 2 2 2 2 2 2 2 2 2 2 2 2 2 2 2 2 2 2 2 2 2 2 2 2 2 2 2 2 2 2 2 2 2 2 2 2 2 2 2 2
left_child=3 2 -2 9 5 10 29 22 11 -1 14 -8 -9 20 49 23 24 19 34 25 -11 57 -7 -13 37 45 61 -20 30 -6 43 35 33 54 -19 -28 47 39 -39 48 41 -14 -34 44 52 58 -36 -30 -17 -5 -38 -33 -21 -24 -23 -25 -32 -16 -12 -49 -22 -27
right_child=1 -3 -4 4 6 7 8 12 -10 13 17 15 40 -15 21 16 -18 18 27 28 60 32 53 55 -26 26 31 -29 36 -31 56 51 42 -35 46 -37 50 38 -40 -41 -42 -43 -44 -45 -46 -47 -48 59 -50 -51 -52 -53 -54 -55 -56 -57 -58 -59 -60 -61 -62 -63
leaf_value=-43.54396679692416 164.19170972499464 10.776050600318511 74.123255661760766 -18.144543505039074 25.261802307154962 -19.402974236080336 18.754011669410996 8.7922187104414 25.23329346388989 -34.882824493477635 -4.8851739904461668 -19.221742242620692 -16.026534961092228 -0.80972429967602988 -8.6629308160648613 -5.4923640366865021 17.828663740140662 8.7463993137320291 23.261909958115659 -2.8516222001448623 -11.610856602167681 -3.6168799191502456 -26.43571432621491 -7.0184167876843784 -6.2714657627252057 -1.2084000359377476 0.36575444289177195 9.212154971353895 -4.6562028398128801 43.600660699183116 4.0213518391480116 -1.3815339805817359 -7.9828720426037387 15.954364211618818 0.20750680182951597 7.9755207000533765 -5.651575960260609 16.408515252567536 3.4275537137747776 9.3124787823680375 -19.435308302243484 4.1444824685260393 -1.2901581806571856 9.3195818764887868 -7.5842618087319362 2.3094013824766364 -8.534601550179163 0.8393157384896327 3.8846371654512977 -10.068927273605183 -11.981074335547707 1.344456920662549 2.4969401657567798 -38.254566881911451 6.0274789105110695 3.0786297129395335 16.938368630822353 -17.463209104656034 -2.2609064213768342 -4.2943425952601606 -20.23801916386482 -0.47239239679167777
leaf_weight=0.3252504845149814 0.24746269127354026 0.49395039491355419 0.22523857560008664 0.43791445903480042 0.4035719248931845 0.6823103283531966 0.62777563510462631 0.28379553649574407 0.47218999965116371 0.3241777131333945 2.9923438783735028 0.27800838416442275 0.27799923392012715 0.278644474223256 0.6092951726168393 0.59527211403474367 0.46245513530448068 0.48011163435876358 0.42852293606847502 1.3370058413129307 0.38889709440991194 0.42955900589004159 0.20096324197947979 0.29560562176629901 0.64337983448058356 31.247290299739689 1.0440269000828259 0.75741041172295809 4.5084215430542809 0.24903110857121646 0.18825932964682568 3.4314506023656568 0.97598523460328612 0.24021806474775109 3.200278564356267 1.7553218505345283 1.5271571101620796 0.42697553057223558 0.49490921990945924 0.40439982619136561 0.37205092003569007 0.2040884755551815 1.9535290664061902 0.23382059554569412 0.71505654207430769 1.0624823558609922 0.38402691716328252 1.734258412383497 0.44221426639705896 1.2791160708293308 0.78905025357380498 8.8640828039497119 1.1983041078783569 0.32876554364338517 0.30723244044929743 0.36026553390547578 0.20295822760090232 0.31225480604916811 9.7902604343835247 0.87484291754662979 0.4357645851559937 263.63328175968491
leaf_count=84 60 43 43 69 65 114 64 65 48 70 332 36 89 42 111 85 75 71 35 282 50 99 54 50 98 3269 61 112 350 45 42 504 103 54 457 86 119 69 72 50 51 40 137 69 190 42 49 122 56 174 69 858 259 92 66 50 65 50 923 39 94 12538
internal_value=-0.5718 64.8109 121.275 -0.725083 -0.61944 -0.782764 8.70013 -16.7974 5.9064 -22.2686 -0.674907 4.09255 -7.33369 -17.4211 -5.76571 2.00236 4.35979 -0.577589 3.52957 -0.641553 -21.4501 -3.50286 -25.6825 -6.75608 2.28847 -0.540542 -0.454034 14.2889 -3.0992 32.2598 0.0336044 1.42818 -1.58218 4.2279 0.390169 5.13743 -4.38617 4.61835 9.43975 1.53574 -12.6917 -7.48728 -3.51988 -1.16659 -1.92093 -2.47736 -0.729133 -3.27268 -1.49555 -12.1285 -7.80781 0.583684 -0.323646 -33.7708 0.404692 -1.47218 10.7225 -11.6448 -2.87523 -0.882022 -16.1696 -0.550384
internal_weight=0 0.966652 0.472701 359.184 357.431 351.275 6.15605 2.34997 5.50345 1.75273 348.925 5.03126 1.13793 1.42748 6.5451 4.40349 3.46961 342.38 5.25035 337.13 1.14884 4.82807 1.21204 0.93388 3.00715 323.821 309.975 1.18593 13.3091 0.652603 3.8754 15.0949 3.90652 0.97701 4.06442 2.79935 9.43373 2.36377 0.921885 1.44189 0.854139 0.482088 2.92951 3.48419 3.25037 13.8451 3.58431 7.11752 1.03749 1.71703 2.31621 12.2955 2.53531 0.529729 0.736791 0.655871 0.391218 0.92155 12.7826 2.6091 0.824662 294.881
internal_count=23660 146 103 23514 23174 22311 863 505 753 340 21806 705 245 256 863 641 505 20943 724 20219 214 620 260 136 430 18613 17316 147 1606 110 907 1509 459 219 577 147 699 332 141 191 180 129 240 800 731 1297 506 511 141 243 188 1362 541 146 165 100 107 161 1255 161 144 15807
is_linear=0
shrinkage=1


Tree=1
num_leaves=63
num_cat=0
split_feature=66 87 52 58 66 58 54 33 55 50 66 52 50 66 54 47 65 85 10 66 87 1 10 66 58 54 8 50 80 63 50 51 42 66 68 4 57 47 51 89 86 58 51 65 66 51 50 4 65 51 58 50 63 5 54 66 51 55 66 27 10 54
split_gain=1.79541e+06 1.21931e+06 434787 311601 226489 202732 144547 92627.8 71620.3 71322.8 53506.3 39842 38461.3 35302.8 42714 40613.4 33640.1 30618.3 30116.8 27000.4 45588 23585.7 23885.4 20888.8 41660.6 28751.3 18182.1 18166.3 17548.8 16501.2 15895.8 15488.5 15196.5 13018.6 12784.4 12296 11544.6 10862.4 10363.6 10361.5 10327.5 9824.76 9663.97 9454.83 8961.83 8452.97 8358.26 6271.08 7887.22 6226.86 6162.58 6022.73 5514.63 5100.37 4784.7 4794.66 5296.99 4387.46 5249.93 4434.33 4976.03 4259.1
threshold=1880.1466666666668 1.0000000180025095e-35 -295.97609520670113 1592.0160164240208 651.89166666666677 526.92356030001145 31.773391214371696 -0.93301270189221919 -204.79214231035976 -830.57410843034938 272.36500000000007 166.23745719518683 -251.85848374526458 399.25000000000006 5.0778650440383943 -87.781481192368858 294.02500000000003 1.0000000180025095e-35 6.2810889132455374 1079.0400000000002 1.0000000180025095e-35 10.500000000000002 -12.000000000000004 94.168333333333337 9.0931546553557343 144.82247394716785 1.5000000000000002 -497.5658239891182 1.0000000180025095e-35 1170.6428571428573 183.20372566899462 -176.56133121221177 0.6830127018922193 22.166666666666668 0.83333333333333337 0.25000000000000011 -89.097247332612724 -35.677091725230163 -282.97680970777554 1.0000000180025095e-35 1.0000000180025095e-35 694.31641913482292 -104.61355300878883 89.030000000000015 156.9916666666667 89.693446873159743 -164.68402237888355 0.93301270189221952 965.12000000000012 -57.200677378321288 240.42869848734151 -194.67105393419689 1170.6428571428573 1.0000000180025095e-35 58.181267362575873 42.136666666666677 -104.61355300878883 -158.17112644733842 162.92333333333337 0.68301270189221941 -14.861215932167726 261.23999257518796
decision_type=2 2 2 2 2 2 2 2 2 2 2 2 2 2 2 2 2 2 2 2 2 2 2 2 2 2 2 2 2 2 2 2 2 2 2 2 2 2 2 2 2 2 2 2 2 2 2 2 2 2 2 2 2 2 2 2 2 2 2 2 2 2
left_child=3 2 -2 4 5 8 18 -7 26 -5 -11 16 21 15 -15 33 -8 -13 -6 29 -21 22 -9 25 -25 36 -1 53 39 31 38 -18 34 -10 40 49 -17 -38 -16 41 42 -14 -26 -34 -44 51 -27 48 -36 -32 -28 -35 -50 -24 55 56 -39 -53 -59 60 -60 -40
right_child=1 -3 -4 9 6 7 11 12 13 10 -12 17 28 14 30 23 19 -19 -20 20 -22 -23 27 24 32 46 50 -29 -30 -31 35 -33 43 45 47 -37 37 54 61 -41 -42 -43 44 -45 -46 -47 -48 -49 52 -51 -52 57 -54 -55 -56 -57 -58 58 59 -61 -62 -63
leaf_value=0.18786723623454291 162.7536199104716 10.944463946160624 69.425188769544377 -48.079557090758271 18.088521519804548 9.8710004998411218 18.496963961826363 -7.1457551363023377 -5.2390707892077106 -32.056674553025928 1.4205073971011712 4.9397588699668606 -7.7099104971981562 16.640938302423606 7.5608605456811198 5.646663634685722 11.209605242045349 -15.968408988448397 35.21133006337385 23.593408870228444 2.168280392935042 -4.2692308870117035 -21.826864870487555 9.726797841399911 1.1594017955413156 -8.6515635427678728 -7.7276520753611395 -17.233361389566564 3.0091810697260608 -6.4508051860346418 16.511011495087043 1.4652548283872084 2.9772636119560256 -5.438302223877276 0.97645107380998886 1.3725622715739614 -1.3395421789254123 2.6304661127246742 0.89590340498040766 -3.4610583474784118 1.2533530961476425 -18.036031148303987 5.0709481867280335 -2.9766938319678045 12.96750778552563 -4.338063207198668 -3.0521768141608052 -2.1813098543802392 12.767428767902622 6.7982096405714536 -13.193989689783118 -5.900546029522185 2.2342972833129249 -31.506387854533642 -1.1675866412488936 0.83195409510328189 -0.019842847914563411 -1.6055207470674657 4.43296998059611 5.6728890146658824 -0.69179187620623495 -4.162051740537728
leaf_weight=0.49487172719091121 0.28241902962327003 0.49153055250644684 0.22359048202633758 0.34380263509228826 0.5002114064991463 0.51607103971764434 0.64852198632434044 0.41477364161983166 3.7308383316267273 0.2931851614266624 0.20131133357062936 0.37481130380183447 0.50585210369899758 0.57002277253195544 0.56520664691924949 0.89193126931786437 0.63092241063714061 0.32862491719424725 0.52773436345160007 0.49409667402505864 0.49905321979895234 0.35789399221539486 0.22022503660991799 1.4204423527698988 0.59385554632172022 0.81497352058067907 1.0224814387038352 1.3741607442498207 0.3636845564469694 0.38926997780799855 0.36139486031606793 1.1531087639741602 0.82975761638954182 0.70261674630455484 13.613765338202935 0.44977811863645911 15.477057615993543 1.8996978721115727 4.1210325211286554 0.49594082310795784 1.7024505399167535 0.42294650478288531 0.77410777239129414 3.3947301469743252 0.67053038184531033 2.5095540534239253 3.6572676450014105 1.5164674450643367 0.24328358424827534 0.30367047153413274 1.040054061450064 0.36985075427219083 0.25399896688759327 0.35623462311923504 8.2086647446267289 18.618243966950104 248.42085733450949 3.6987957458477485 0.60142441559583026 0.46342468657530833 2.229867005487904 0.46296300226822484
leaf_count=33 65 39 42 88 71 35 84 98 428 79 50 86 67 65 62 44 81 59 51 81 47 68 52 42 55 75 186 214 85 60 48 140 34 92 1776 79 1814 50 529 68 91 81 80 399 70 241 437 200 51 58 120 50 56 84 622 1566 11280 492 69 49 284 64
internal_value=0 67.032 121.515 -0.1405 -0.0690575 -0.227144 9.95613 -10.1953 -0.0825864 -30.5887 -18.428 6.10612 -12.4906 -0.0206363 3.53715 -0.0927191 8.12223 -4.82793 26.8792 5.99738 12.8274 -16.2317 -18.0417 0.0227466 1.41058 -0.0937494 -8.41902 -20.3586 -6.79394 2.87622 2.34471 4.91134 0.909895 -2.69965 1.50253 7.75782 -0.0331253 -0.0504375 1.17273 -9.29632 4.12806 -12.4121 6.52888 -1.80724 8.73614 -1.80379 -4.07255 0.874029 1.20238 12.0761 -10.4841 -1.0153 7.38738 -27.8085 0.0215514 0.0578468 0.000270507 -0.593257 -0.312582 1.13893 0.396813 0.385073
internal_weight=0 0.99754 0.50601 358.112 357.274 351.728 5.54636 5.02778 346.7 0.838299 0.494496 4.51841 4.51171 344.143 6.83407 337.308 3.81497 0.703436 1.02795 3.16645 0.99315 2.72329 2.36539 323.002 25.0134 297.989 2.55741 1.95062 1.78842 2.1733 6.26405 1.78403 23.5929 14.3064 19.3685 1.11484 293.516 292.625 5.1492 1.42474 3.74094 0.928799 2.03849 4.22449 1.44464 10.5755 4.47224 15.6275 14.111 0.665065 2.06254 8.06598 0.497283 0.57646 277.147 268.939 250.321 7.36336 6.99351 3.29472 2.83129 4.584
internal_count=23666 146 107 23520 23303 22543 760 852 21691 217 129 638 817 21352 905 20447 493 145 122 409 128 516 448 18742 2854 15888 339 350 301 281 840 221 2812 1705 2379 185 15376 15332 655 216 296 148 205 433 150 1277 512 2083 1883 106 306 1036 107 136 13518 12896 11330 944 894 402 353 593
is_linear=0
shrinkage=0.05


Tree=2
num_leaves=63
num_cat=0
split_feature=66 1 71 54 66 53 54 50 58 33 64 70 66 54 54 66 55 70 53 71 3 57 53 64 59 63 66 5 58 41 66 54 64 60 66 66 13 85 22 54 3 64 71 70 71 71 50 22 70 70 59 57 58 70 54 48 58 3 3 34 58 14
split_gain=1.43845e+06 1.02051e+06 270836 175835 168703 148163 133605 93264.2 74519.9 58985.2 51263.6 43063.9 89348.8 58664.6 56589.3 39359.1 38041.7 36714.3 31196.1 30493.9 25577.2 32606.3 23606.3 20595.7 19762.2 22729.1 19182.3 19024.1 18969.9 16696 15370.4 25888 14571.6 13678.6 13491.2 12839.3 12334.9 10572 9488.37 9442.76 11460.2 9467.94 9254.43 8202.49 8130.93 7677.5 7232.49 7110.04 7080.67 6899.57 6844.1 6779.88 6764.85 6724.36 6674.28 6275.75 5362.14 4829.34 4640.99 5156.58 4620.2 4163.76
threshold=1880.1466666666668 10.500000000000002 -134.03426924863845 1077.1785655491024 634.05666666666673 -231.65976978532021 31.773391214371696 -164.68402237888355 1592.0160164240208 -1.2500000000000004 303.33250000000004 1.7416114839369974 288.6466666666667 2.0433873610229392 261.23999257518796 867.34833333333347 -186.51091133970223 0.70257086354647347 -58.003172245862565 50.128396242218052 2018.5000000000002 244.06751144428094 -477.63587199364855 939.02250000000015 567.46003726427455 1117.6604166666668 152.19333333333336 0.6830127018922193 526.92356030001145 -1.0000000000000002 96.466666666666683 1.4748291794289006 32.025000000000006 3.2933532809936588 543.85666666666668 80.110000000000014 0.68301270189221952 1.0000000180025095e-35 -1.0000000180025095e-35 42.412896066053712 2019.5000000000002 405.68000000000006 11.847365134020921 0.82291703515949888 -13.958289725804482 -16.733580186359394 -332.25784633644503 1.0000000180025095e-35 1.1190260516685389 1.0344898053002443 -12.840396022887091 18.343545030873827 240.42869848734151 0.3447197216158468 184.70299360881452 339.16618760849445 1191.4388962622475 2019.5000000000002 2016.5000000000002 -1.0000000180025095e-35 526.92356030001145 -0.68301270189221908
decision_type=2 2 2 2 2 2 2 2 2 2 2 2 2 2 2 2 2 2 2 2 2 2 2 2 2 2 2 2 2 2 2 2 2 2 2 2 2 2 2 2 2 2 2 2 2 2 2 2 2 2 2 2 2 2 2 2 2 2 2 2 2 2
left_child=2 -2 8 4 5 9 15 26 -1 -4 -8 14 30 -14 18 -6 -12 22 29 24 21 35 46 39 25 50 56 47 43 -7 -13 -32 -15 52 37 -16 55 -34 58 42 51 48 -20 -22 -40 -33 -11 -25 -42 -43 54 -41 -19 -30 -18 -37 -5 -52 59 -31 -24 -53
right_child=1 -3 3 7 6 11 10 -9 -10 17 16 12 13 32 20 -17 19 33 23 -21 28 -23 60 27 -26 -27 -28 -29 53 38 31 45 34 -35 -36 36 -38 -39 44 40 41 49 -44 -45 -46 -47 -48 -49 -50 -51 57 61 -54 -55 -56 -57 -58 -59 -60 -61 -62 -63
leaf_value=-16.130717230947642 18.647658273312153 130.27255377580616 7.0730834739393629 -16.744226559266458 14.013778137141031 5.8113978399158137 24.622509545829686 7.7554202303545425 -46.273742359384116 -31.828526316182192 -7.6029999859121196 0.24031250847759075 21.930349268111208 12.595099444777025 -6.8409957240623873 34.186739457373186 3.378934435219703 -3.5404324823811275 -0.10054832102392393 18.385272031691922 -6.6856729877479841 18.429218767565732 -10.500496346880848 18.576289705305491 -5.6362996756938308 15.168192383292919 -36.152114748655976 -3.3089231618931532 -17.018027004116956 9.902885313644985 7.7031076668068499 -4.0651797679299131 0.60263119040014712 2.2703143317809178 11.175169333666819 2.5118502007710806 11.370325077715879 7.5896174260448124 -5.221446138174322 -0.73238229897254725 -1.8764727208276999 -8.1408874331126562 2.8623150019114081 -0.83438944394199455 -2.4312719048735936 1.5468955445849062 -19.670012006458883 7.1211982116482364 0.52519192179706298 -2.061439602180835 1.6143879598512727 -0.96182443793944405 -13.06077082236979 -9.1384311216546052 -5.4035058866363199 -8.3878564078494193 -26.678792275160045 8.3979347472531796 -1.3420453908413907 -0.66393663561149463 -15.604840431693271 2.8715714194958184
leaf_weight=0.50516101717948814 0.4904096513055255 0.35152026871219277 0.45376176573336158 0.30137572763487697 0.42818768764845927 0.57794009568169613 0.30966497375629831 0.24417786067351588 0.34512136690318584 0.23682069126516581 0.64663650514557947 83.595291279722005 0.62553976778872211 0.59487896901555393 0.84139584680087753 0.55545437894761562 0.57494971714913945 0.32770263217389561 183.33802134357393 0.41161613538861264 2.5673691262491052 0.20898617710918177 0.85396530991420039 0.28607772849500079 0.4622240182943641 0.4991592876613139 0.35388396540656686 0.25927030295133591 0.52176845306530573 0.20618949504569173 1.7964565232396115 0.6533568927552541 1.8984958101063973 0.42106657056137919 0.55366713227704156 0.307359020691365 0.2444361625239253 0.75738659594207991 4.5154293267987651 5.4578506925608981 14.087583398213615 0.93122020782902726 2.6739585215691468 0.78118146024644364 6.1910745529457927 9.0610838134307397 0.25295618828386146 0.25729193910956383 3.9237248189747325 0.93557329569011927 0.41669153096154377 0.92235897295177016 0.43332491302862763 0.56282227113842964 0.34682312328368425 0.2315507079474628 0.24726219149306417 0.70843883510679007 3.1996928898151964 0.26236638962291126 0.92192923603579402 3.0532464669086039
leaf_count=95 66 72 20 75 52 34 72 46 90 54 84 4128 100 42 220 77 82 58 10177 55 204 55 127 71 68 83 82 60 68 41 94 43 219 82 75 67 57 88 533 1080 661 77 181 69 726 883 56 57 286 80 92 211 62 52 64 47 67 45 315 74 178 688
internal_value=0 65.253 -0.180979 -0.111974 -0.047219 -0.185652 8.75447 -19.6589 -28.3655 -9.87337 5.01186 -0.0734557 0.799492 7.74059 -0.439546 25.4053 3.51852 -12.1037 -0.312403 5.62138 -5.12769 -0.161087 -15.8306 -0.159595 3.87493 5.60164 -27.0759 7.83488 -7.18208 -2.52109 0.476182 2.18913 5.40745 -4.96053 4.07524 -2.55231 2.05419 2.59513 -2.8561 -0.189395 -1.02351 -1.70458 -0.0579566 -5.32063 -3.60802 1.16945 -25.549 13.1522 -1.35328 -5.09408 3.26873 0.411645 -8.96126 -12.9291 0.0744832 -2.17137 -21.2216 5.88565 -0.661476 3.98603 -13.1503 1.98221
internal_weight=0 0.84193 348.14 347.29 346.143 340.783 5.35985 1.1467 0.850282 3.90153 4.3762 336.882 99.5362 4.42997 237.346 0.983642 4.06654 3.44777 231.079 3.4199 6.26687 1.83373 2.26567 216.126 3.00829 2.54606 0.902522 0.80264 4.43314 14.9527 95.1062 11.5109 3.80443 1.18209 3.20955 1.62474 0.783346 2.65588 14.3748 215.324 29.3116 19.8781 186.012 3.34855 10.7065 9.71444 0.489777 0.54337 18.0113 1.86679 2.0469 9.43346 0.761028 1.08459 0.921773 0.53891 0.548638 1.12513 3.66825 0.468556 1.77589 3.97561
internal_count=23867 138 23729 23544 23274 22500 774 270 185 637 645 21863 5672 524 16191 129 573 617 15352 489 839 446 415 13629 434 366 224 188 393 1723 5148 1020 424 202 382 391 171 307 1689 13441 3083 1104 10358 273 1259 926 110 128 947 157 283 1979 120 120 146 114 142 137 430 115 305 899
is_linear=0
shrinkage=0.05


Tree=3
num_leaves=63
num_cat=0
split_feature=66 87 48 71 67 58 54 50 53 18 65 3 70 66 50 71 59 50 70 66 50 70 66 68 54 63 22 67 58 70 66 58 53 81 53 71 54 3 50 50 10 58 3 54 3 34 65 65 49 66 54 49 41 10 49 65 50 50 66 10 47 58
split_gain=1.41347e+06 946869 367106 225631 168182 202426 129945 82393.2 64088.4 62891.2 56864 46822.7 64274.7 42274.5 38966.2 30887.9 47319.2 29308.2 28931.5 49183.9 32477.8 27004.3 32142.5 20258 20056.3 19320.4 23641 17916.1 16844.9 16479.1 16236.1 15937.4 15793.4 15197.4 14116.8 12837.6 12493.3 11834.7 9259.69 8585.03 8152.9 7857.09 7603.59 7562.84 11464.1 7541.85 7528.68 7456.61 7149.54 10409 16956.9 6744.67 6350.29 6239.03 5878.53 5780.96 5620.09 5442.98 5399.53 5392.44 5246.21 5212.36
threshold=1880.1466666666668 1.0000000180025095e-35 -483.72128982496417 -101.20630813724632 916.84000000000003 557.04426868202984 6.1719338169853843 -634.99286900830236 -179.60915848047031 -1.0000000180025095e-35 111.07500000000002 2019.5000000000002 0.321014434535765 714.5100000000001 28.965729840770106 50.128396242218052 567.46003726427455 -565.09865005264203 1.4845839121050821 228.465 -82.60315686971316 2.3885999864928755 1079.0400000000002 0.83333333333333337 4.3506716218645094 937.31250000000011 -1.0000000180025095e-35 472.40000000000003 1862.7526704809745 1.3389635844797685 476.54166666666674 111.69807796057815 -49.525148053266456 1.0000000180025095e-35 -250.86813321987665 -4.9334428266038808 277.62680109672903 2015.5000000000002 114.19036118762772 -8.1299959213940589 1.2552629691260372e-15 1023.0943537561496 2011.5000000000002 56.821303339892275 2018.5000000000002 0.25000000000000022 0.97000000000000008 446.36500000000007 -118.42748976999182 116.47333333333334 1.1277219093604407 67.797698853126221 -0.6830127018922193 -0.25000000000000216 -91.900579209930626 430.04000000000002 -221.70900247705023 200.4355048440278 291.8033333333334 -11.500000000000002 -13.611190336932346 235.56783018008187
decision_type=2 2 2 2 2 2 2 2 2 2 2 2 2 2 2 2 2 2 2 2 2 2 2 2 2 2 2 2 2 2 2 2 2 2 2 2 2 2 2 2 2 2 2 2 2 2 2 2 2 2 2 2 2 2 2 2 2 2 2 2 2 2
left_child=3 2 -2 7 5 8 39 28 30 17 13 12 14 -8 40 16 21 -7 20 48 36 22 35 -14 31 32 51 -9 -1 -18 34 -21 -22 37 61 -12 46 42 45 -6 -11 -19 -23 60 57 59 -10 -46 -20 -50 -51 -27 55 -40 -54 -48 -38 -45 -28 -26 -34 -5
right_child=1 -3 -4 4 6 9 10 27 18 11 15 -13 23 -15 -16 -17 29 41 19 24 25 33 -24 -25 38 26 58 -29 -30 -31 -32 -33 43 -35 -36 -37 56 -39 53 -41 -42 -43 -44 44 47 -47 52 -49 49 50 -52 -53 54 -55 -56 -57 -58 -59 -60 -61 -62 -63
leaf_value=-28.21526288615653 154.04557668618835 7.1655854075910588 67.243975974931729 -7.2272175404397565 23.969990053452239 -33.478973883395042 5.7649394244552123 -17.093476533972986 4.4578044690858354 -10.161091167824976 0.37939749394047928 -16.092440720023511 24.746584149780062 29.569979686517463 7.7842571880736742 13.23596592562189 -17.726290056608967 -12.737510468957037 -3.2985062614566889 5.3541639569620294 -2.4759661713453172 2.4158094799051697 18.399404589390397 3.8470533871143928 5.3724473010099789 19.311468572968337 4.0430648681027135 -1.7094253869161911 -47.132485179999804 -2.7519154152020211 3.3153472161509074 18.085369590116397 -0.63573143674538901 -9.2242031196288714 -4.5572448829740209 9.9861416197290875 -9.2455955855559626 5.378767764149444 3.9161550988806084 35.717629112506607 -21.58724373861109 -21.498452039550848 -11.988575656411077 0.35723086063095921 -1.364295379291492 8.6613726954688506 -1.5912840257858416 -4.5099405792419089 0.23083524694149973 7.6364479610983622 1.1510479951850989 8.2634202139346566 -4.1324830849567853 12.347566804564449 -1.7028619071178017 4.8268843340767758 -4.1959489724445547 5.5632713862300669 -5.7818510574000879 0.97368738336706562 0.039366717999774405 -12.994513357229232
leaf_weight=0.23361514741554856 0.2384641501121223 0.41833030991256237 0.24899560259655018 0.62284361897036489 0.3263056727591902 0.32962558558210719 0.35073361918330181 0.51867463812231906 0.43148792395368119 0.32442158274352484 0.84194901445880521 0.83832986513152707 0.22578780632466078 0.39828888908959925 0.24735035188496113 0.72436533495783795 0.33026564773172129 0.61321513541042827 1.346590575762092 0.51551652583293517 7.8645868147723368 0.17177913710474946 0.56812542816624034 0.23834523651748896 0.90680461796000589 0.27014475921168923 0.27698174421675392 0.29797732038423419 0.23712120018899441 0.41408749623224139 0.38302469626069058 0.46988240187056363 35.855201959609985 0.37092014076188196 1.8935443381778887 0.59245668863877732 0.84639457846060429 0.89805599604733288 0.41860811552032828 0.29713135166093607 0.30093152169138193 0.43922114325687289 0.19631901383399963 4.0051745411474284 11.554576834430916 0.47547762421891082 0.95841466239653417 2.2509177587926379 103.61263342574239 1.1764502367004732 7.0343712707981467 0.28271422442048788 4.2614628495648477 0.46108247339725483 5.9877381816040733 0.55344711081124842 1.5788826637435693 0.57402302720583964 0.28244018834084272 3.0075062706600879 145.78260976052843 1.0559836309403179
leaf_count=48 55 37 48 110 64 86 36 107 9 87 92 124 59 72 52 92 43 84 146 60 1062 56 84 45 85 55 75 37 65 68 55 41 2627 25 235 85 115 78 47 39 76 114 64 933 685 57 128 222 4852 28 691 69 475 59 782 64 195 132 35 349 7215 134
internal_value=0 62.3493 109.707 -0.189165 -0.113824 -0.261375 7.86739 -21.0837 -0.139723 -12.1282 5.55754 -6.82876 -1.01951 18.4231 -9.01488 3.67109 2.09068 -20.4686 -0.0667573 0.561572 -0.402322 4.43986 8.33393 14.0141 4.87766 -0.242962 6.32925 -11.4802 -37.7443 -9.39597 -6.46785 11.425 -0.278126 -0.323509 -7.51679 4.3473 -2.68078 2.28395 3.6533 29.5689 -15.6596 -16.3938 -5.26653 -0.191711 -1.15809 2.71503 -2.02885 -1.87718 0.323023 0.366634 2.08028 13.6619 -2.26684 8.33541 -2.71306 0.758214 -5.95822 1.00983 -0.917325 1.99272 -0.0938973 -10.8549
internal_weight=0 0.90579 0.48746 358.323 357.036 350.555 6.48078 1.28739 346.998 3.55723 5.85735 2.17517 1.33684 0.749023 0.872703 5.10832 4.38396 1.38206 343.042 119.425 223.617 3.63961 2.00253 0.464133 6.25488 208.999 1.11228 0.816652 0.470736 0.744353 3.9554 0.985399 207.887 1.63707 3.57237 1.43441 14.6178 1.26615 5.26948 0.623437 0.625353 1.05244 0.368098 200.023 18.3847 4.38979 12.1926 13.8055 113.17 111.823 8.21082 0.552859 11.7611 0.879691 10.2492 1.51186 2.42528 4.5792 0.559422 3.91431 181.638 1.67883
internal_count=23849 140 103 23709 23452 22554 898 257 21827 727 795 443 319 108 215 687 595 284 21293 6415 14878 484 261 104 698 13110 234 144 113 111 534 101 12876 223 479 177 1768 198 597 103 163 198 120 11814 1972 491 1458 907 5717 5571 719 124 1449 106 1257 192 310 1065 110 434 9842 244
is_linear=0
shrinkage=0.05


Tree=4
num_leaves=63
num_cat=0
split_feature=66 87 53 58 67 58 18 84 55 70 55 9 66 70 1 55 59 56 56 1 49 71 58 66 10 70 53 66 67 70 66 70 49 52 85 55 54 66 10 51 48 51 65 49 70 53 51 65 70 66 37 1 65 38 10 60 66 54 51 53 49 37
split_gain=1.315e+06 962286 409244 247026 117895 182991 101552 85050.3 59942.3 58585.5 56447.4 51654 43359.8 62504.8 36478.7 27471.2 25918.6 39010 24740 21769.9 19925.8 19749.7 16693.9 16517.3 16081.2 15802.3 15476.8 17854.7 15147.3 21984.7 14586 14490.7 13568.5 13242.2 13238.9 13148.1 11163.5 9926.05 9427.03 8888.83 8720.09 8500.95 8338.94 8124.5 7676.2 6936.06 6560.2 13223.8 6243.34 6041.09 6093.27 5956.09 5541.21 5449.33 4625.37 4479.34 4451.89 4513.13 6147.61 4136.94 4048.34 4015.94
threshold=1880.1466666666668 1.0000000180025095e-35 -364.82265330720094 1592.0160164240208 1177.3350000000003 557.04426868202984 0.25000000000000017 1.0000000180025095e-35 -158.17112644733842 0.65701266404172853 -147.61569848737972 -15.794228634059946 411.4550000000001 2.247933105347705 8.5000000000000018 591.87603692243601 567.46003726427455 407.85177413489868 175.96661239604705 6.5000000000000009 -175.98134705632194 -24.768787725765844 132.42691376921456 76.858333333333348 -3.0310008278896985e-15 4.9717897919148388 359.59066320747718 1079.0400000000002 223.70000000000002 1.4195799490320871 430.8250000000001 0.23779840505411429 -400.95825901262907 35.164548748075134 1.0000000180025095e-35 -56.554737938657844 1.1277219093604407 78.683333333333351 19.485571585149874 -14.613371982025356 -51.811298561120708 -255.90419382124335 664.71000000000015 -327.36532659405265 1.4195799490320871 -231.65976978532021 48.293150233321654 772.80000000000007 0.4844823165637559 196.76000000000002 -1.0000000180025095e-35 4.5000000000000009 402.22000000000008 1.0000000180025095e-35 -1.9288187086570806e-15 -4.8971176099305316 42.136666666666677 36.982713351715681 -112.98556889952967 43.009688178170087 -186.47567784572749 0.25000000000000028
decision_type=2 2 2 2 2 2 2 2 2 2 2 2 2 2 2 2 2 2 2 2 2 2 2 2 2 2 2 2 2 2 2 2 2 2 2 2 2 2 2 2 2 2 2 2 2 2 2 2 2 2 2 2 2 2 2 2 2 2 2 2 2 2
left_child=3 2 -2 4 5 8 10 -5 19 11 14 -7 18 24 39 -9 17 34 21 45 -11 61 -15 41 46 -24 27 -19 40 54 32 53 35 43 52 -13 55 -34 44 -6 -23 -20 56 -21 48 -1 47 -14 -33 -38 -51 -46 -12 -25 -30 -31 57 58 -42 -56 -43 -10
right_child=1 -3 -4 7 6 9 -8 15 12 20 16 30 13 22 -16 -17 -18 26 23 33 -22 28 25 31 -26 -27 -28 -29 29 36 -32 38 37 -35 -36 -37 49 -39 -40 -41 42 60 -44 -45 51 -47 -48 -49 -50 50 -52 -53 -54 -55 59 -57 -58 -59 -60 -61 -62 -63
leaf_value=-12.089360813746662 154.63906696031472 6.6554908753527364 62.124999550555316 1.8993812586149887 -7.4721648081584249 5.5985586023227132 27.57923839769381 -44.873301866962137 -2.4327021059300704 4.6136037625835788 -3.753221187319113 -28.188949666037253 3.0170505014912523 5.0039514721934522 5.4778490872113492 -24.59235964819587 -0.78046217670691176 15.029062027877025 -9.1482353454010852 -6.3304138703863542 -9.1756423589337217 -1.3836688976330087 9.8737118183199328 13.925058119505824 -1.741702344995266 21.612716037524272 9.6017008956977818 31.182423489201433 0.77276141746477633 8.876326995426826 -25.415075010666854 2.8251013492185875 -13.674794549372741 -9.7549478611097378 12.309328455640397 -13.660739008545171 0.91753060034793066 -3.4274307770220633 -7.2164030252407159 -19.7932168471567 3.6053757972765021 -7.5610863044943066 3.2293979560553541 1.0538418199422366 5.5525024231015658 -6.6205720239336046 -0.51865029123350193 12.152040936495851 -2.9651599064351117 6.8592780265871971 2.471552115590729 -0.16561083079742778 5.0341763470500274 2.670151798402427 -2.8063677185536311 3.8941322330064332 0.60853281597774311 -0.96786281380542438 -0.031416372543757724 0.53975894938509117 -2.9419831956056877 -5.9313954361974046
leaf_weight=1.0271761189214887 0.24145417800173163 0.44464609958231449 0.236744599416851 0.19926403695717354 0.33713026531040668 0.32153075281530652 0.57909831637516607 0.3540221219882369 2.2986886317376043 0.7272236798889935 0.32843058556318261 0.30443751905113459 1.8898176606744534 0.53673394466750313 0.50154946558177471 0.31601846357807517 0.54022567160427559 0.3516355976462362 0.70914884842932213 0.48352749226614888 0.40951232519000746 11.437809821916742 0.57880840264260747 0.22286392562091339 2.4522709976881734 0.56801579985767603 0.32240871340036392 0.33313347492367029 3.0873451135121295 0.9072396035771817 0.3288682959973811 0.572656954172999 1.8490393385291093 0.49170448724180449 0.40801752498373389 0.31882588844746429 5.0566106585320068 0.27094308799132694 0.55373268295079459 0.25871810782700799 1.1674724931363005 0.52058360585942853 2.0146341647487125 1.6221967537421733 0.77087662438862015 1.3311661493498821 0.71771199395880092 0.50124859157949675 2.4889346803538501 1.0045934931840736 3.725741029717029 1.1127989036031065 0.39536200324073434 0.2078482317738235 2.9630872607231158 0.89738128217868396 27.346182454144582 13.060830447589977 248.26379384566098 1.3420853933785108 5.3415207599755359 1.275189396459609
leaf_count=130 63 38 44 53 77 64 69 95 292 98 45 72 259 95 68 84 81 59 81 64 55 1491 60 65 336 47 50 47 427 18 46 117 355 95 39 82 325 52 71 29 37 54 51 160 61 148 95 59 259 106 390 81 69 51 351 92 2805 1017 11224 207 617 95
internal_value=0 59.6041 108.838 -0.157825 -0.0934407 -0.193734 8.08257 -26.7792 -0.0646975 -10.1783 5.09299 -13.469 0.0135975 3.84101 -4.45831 -35.308 9.00517 11.4766 -0.0683537 -5.52466 -0.354011 0.0153897 12.2818 -2.2512 1.28564 15.688 18.6346 22.8875 0.0563817 1.42651 -15.4647 -0.337934 -14.2718 -2.36693 5.10693 -20.7571 2.78532 -12.3651 -1.02968 -12.822 -0.0293794 -3.97767 0.0236956 -0.64177 -0.336943 -9.0025 3.67367 4.93205 -1.88212 2.11902 3.40338 2.17447 1.04678 8.49379 -0.704135 6.39884 0.00141316 -0.061836 -0.0143942 -1.76325 -3.35218 -3.68106
internal_weight=0 0.922845 0.478199 360.305 359.436 355.08 4.35571 0.869305 350.55 4.53038 3.77661 3.39364 345.594 7.24461 1.0974 0.670041 2.67921 2.13899 338.35 4.95577 1.13674 325.849 1.68356 12.501 5.56105 1.14682 1.00718 0.684769 322.275 18.9841 3.07211 5.92971 2.74325 2.59743 1.13181 0.623263 11.5916 2.11998 5.499 0.595848 303.291 6.57125 291.853 2.10572 4.94527 2.35834 3.10878 2.39107 3.06159 9.78695 4.73033 1.88368 0.723793 0.430712 7.39252 1.80462 289.838 262.492 249.431 4.30517 5.8621 3.57388
internal_count=23767 145 107 23622 23390 22757 633 232 21933 824 564 671 21336 951 174 179 390 309 20385 597 153 18928 202 1457 749 107 156 106 18541 1916 607 705 561 319 153 154 931 407 589 106 16625 752 15134 224 518 278 413 318 376 821 496 142 114 116 985 110 15083 12278 11261 558 671 387
is_linear=0
shrinkage=0.05


Tree=5
num_leaves=63
num_cat=0
split_feature=66 70 58 55 67 1 58 64 47 10 66 25 51 55 70 70 66 47 57 79 70 66 70 3 1 56 3 57 70 60 65 3 10 5 47 60 49 47 70 85 66 8 3 5 56 58 57 3 68 70 67 10 63 55 25 56 59 4 67 58 48 47
split_gain=1.15988e+06 822023 233614 93120.6 120411 91194.1 83555.4 73921 66945.5 56025.8 55483.4 47313.3 44425.9 41372.9 31922.3 27542.4 48489.6 33045.9 26091.1 25247.8 19100.6 17926.6 15045.1 13866 12797 12683.2 14359.8 16987.5 11618.5 11457.3 11186.9 11097.5 18669.6 11046.9 10724.5 10087.1 9595.25 9502.88 13527.6 8682.45 8623.29 8358.68 8024.97 10294.9 8006.71 7261.84 11512.8 7015.46 6760.25 6538.45 6520.53 6733.51 5987.14 5940.48 5833.75 5176.27 5053.51 4878.01 4649.87 4348.47 4148.95 3858.98
threshold=1880.1466666666668 3.3089268556899638 1592.0160164240208 -225.43518281130716 916.84000000000003 9.5000000000000018 659.40560350143551 1113.1650000000002 -28.411952471279481 8.5801270189221945 1179.2833333333335 0.25000000000000017 -152.35527873392309 -453.70761827739608 1.3389635844797685 1.4845839121050821 277.58666666666676 -72.407678984903185 69.938055838711179 1.0000000180025095e-35 2.2090809420832422 509.56666666666666 1.8206012378426173 2018.5000000000002 5.5000000000000009 298.3621454882163 2017.5000000000002 210.81593865271228 0.3447197216158468 -38.780756587046611 910.07500000000016 2018.5000000000002 -21.325317547305477 0.6830127018922193 439.29629504764534 314.36715283439378 -150.21853663190572 -172.35596269847329 1.0000519480519483 1.0000000180025095e-35 156.9916666666667 3.5000000000000004 2018.5000000000002 0.6830127018922193 383.91228179797895 104.40580147742293 -155.90602995347754 2019.5000000000002 0.83333333333333337 0.071092286478676728 123.03000000000002 -4.75 903.00875000000019 22.987167491766396 1.0000000180025095e-35 181.82184891606749 10.790396642675239 1.0000000180025095e-35 533.65000000000009 372.81357261623413 -359.85117743883586 -93.29154640805578
decision_type=2 2 2 2 2 2 2 2 2 2 2 2 2 2 2 2 2 2 2 2 2 2 2 2 2 2 2 2 2 2 2 2 2 2 2 2 2 2 2 2 2 2 2 2 2 2 2 2 2 2 2 2 2 2 2 2 2 2 2 2 2 2
left_child=2 -2 3 5 6 13 15 23 9 10 19 -11 -7 44 34 17 36 31 28 29 53 39 41 24 -4 30 27 -27 48 -6 45 32 -5 35 -10 -16 -17 38 55 58 61 -15 43 -32 -1 -19 -47 50 -8 -34 -48 57 -51 -18 -42 -33 -39 -52 -22 -28 -43 -38
right_child=1 -3 7 4 8 12 18 -9 14 11 -12 -13 -14 22 33 16 20 25 -20 -21 21 -23 -24 -25 -26 26 59 -29 -30 -31 42 37 49 -35 -36 -37 40 56 -40 -41 54 60 -44 -45 -46 46 47 -49 -50 52 51 -53 -54 -55 -56 -57 -58 -59 -60 -61 -62 -63
leaf_value=-18.474217698784233 20.430718418448919 116.34470068362496 -37.552690273694786 10.34863223813832 -3.8248041320114474 14.135875339205493 -13.924846622019651 -0.050059081794884275 -1.5244797371149821 13.30519020142146 23.139499172289945 36.686678312485142 -5.3889607459575251 -7.7431328756576328 6.6016773631574708 -4.8502384245552372 0.63184672196932257 -0.1495509805274981 -1.1007957511221755 13.959899407272673 8.5810909309688075 16.105688786623986 -0.19506296972230611 -44.353539020006863 -21.099097504994152 -2.1645591736271177 -3.4925610061116852 14.580041459665907 -3.8670068105023461 4.8675688664108128 10.659538600376536 -5.5467783091840666 -4.8135665500928386 12.339897540835118 -12.937840428428373 -3.1427930619710818 -2.3933678737134398 -3.2467256737723873 -1.4156303635230407 10.323926787254894 1.7253657311907444 -18.98838300703153 0.75896052292611138 -1.7390253510020148 -29.926305135622506 6.4396333851410184 -1.8273629632877886 -2.3335420699798468 -22.405545114294881 -0.94904170184009318 1.2220928850392778 -0.013303469310752143 6.8651697098195301 6.9697063269091535 6.8363607268175386 -10.757576781854427 -0.36351874608551299 8.7269587458479698 2.3490368113617017 -7.9846591434668488 -11.963901493570729 0.29067272347695122
leaf_weight=0.34486152883619059 0.63135240599512954 0.34570808848366141 0.22550311870872874 0.36738967034034331 0.69009788148105222 0.58647383004426956 0.78902764292433747 0.21476673893630505 0.40521678514778559 0.57153427833691228 0.47296904074028123 0.3481620738748461 0.57893857592716791 1.0740805389359596 0.61859413771890082 0.89293102989904483 1.8973268228583031 183.89189570141025 0.508803539443761 0.49299615854397405 0.39980834256857711 0.54389096936210979 0.39926142711192358 0.21045237639918923 0.24829424265772104 0.56096544535830561 1.1482291559223088 0.2074927487410605 0.21922386344522227 0.84118385659530792 0.60983764473348756 0.87897205818444435 1.0485345441848042 0.37851299485191692 0.41827575676143169 0.46536999102681875 1.3571190254297096 6.5192597841378284 1.0987435604911295 0.79163307603448618 4.3952504189219317 0.30277565354481395 1.0938758028205482 0.2307838536798954 0.27379957959055901 0.47139280568808573 2.9586784874554715 9.5585867206100357 0.33464819053187966 2.4432985396124427 0.40961008914746377 2.1883765847887844 0.27246077777817834 0.45920571265742172 0.63955119252204884 1.0410908604972062 1.9817804715130476 0.45930988318286836 1.1907002395018933 1.0149370837025342 0.68756504449993305 101.23919121315703
leaf_count=73 65 81 62 70 85 93 160 46 50 87 68 63 60 112 80 96 218 10652 99 54 63 57 93 55 71 136 107 51 44 83 146 80 275 53 59 82 159 545 91 87 478 65 37 54 39 19 553 737 69 580 83 448 63 39 47 105 124 97 132 93 131 5102
internal_value=0 54.3674 -0.186493 -0.120365 -0.0289332 -7.47788 -0.151173 -25.6415 7.17553 11.6065 7.72109 22.1565 4.43658 -11.9827 0.55236 -0.0924974 0.539193 -0.418597 -10.743 4.11861 5.21709 7.91525 -9.07983 -33.6739 -28.9302 -0.249367 -3.51449 2.35668 -14.3963 0.950205 -0.201951 -2.63301 -0.409884 4.98607 -7.32166 2.41816 0.311489 -3.43035 -5.84022 6.04521 0.354312 -10.7981 3.58205 7.25564 -23.5425 -0.238563 -1.25867 -1.49167 -16.4505 -1.4599 -0.154045 1.4653 -0.165075 1.86687 2.3746 -8.37216 -2.57459 5.18915 3.9156 -5.60021 -14.1115 0.255169
internal_weight=0 0.97706 346.963 346.064 341.817 4.24776 336.114 0.899016 5.70291 3.41694 2.49725 0.919696 1.16541 3.08234 2.28597 334.262 113.807 220.456 1.8517 2.02428 5.28257 2.92603 2.46368 0.68425 0.473797 204.804 2.93162 0.768458 1.3429 1.53128 201.872 15.6515 4.13168 1.46248 0.823493 1.08396 108.524 11.5198 3.01881 2.38214 107.631 2.06442 1.9345 0.840621 0.618661 199.938 16.046 15.5746 1.12368 3.76429 6.01598 3.0573 2.71576 2.35653 5.0348 1.92006 8.50104 0.86892 1.59051 2.16317 0.990341 102.596
internal_count=23806 146 23660 23426 22760 666 21996 234 764 440 290 150 153 513 324 21624 6478 15146 372 222 596 339 401 188 133 13213 387 187 273 168 12826 1933 988 215 109 162 5882 945 276 282 5786 308 237 200 112 12589 1937 1918 229 918 1181 628 643 257 525 185 669 180 195 200 196 5261
is_linear=0
shrinkage=0.05


Tree=6
num_leaves=63
num_cat=0
split_feature=67 1 67 58 29 18 58 47 67 50 32 53 64 50 51 70 57 3 54 70 67 54 3 70 53 47 56 57 51 67 68 3 52 53 70 10 63 63 63 50 55 67 64 57 70 59 51 50 91 51 42 70 70 21 58 55 9 42 70 59 67 57
split_gain=1.06559e+06 1.19385e+06 160629 260166 137046 115149 109551 59177.8 61723.5 54018.1 36816.8 36129 28752.6 28549.5 26001.2 23990.3 22915.5 24577.1 20254.8 19685.1 26510.4 21257.7 18316.4 16830.8 15834.2 15438.7 14872.5 14635.4 17231.7 13059.7 11949.5 11644.1 10998.4 10651.1 9913.68 9810.35 8864.93 8683.76 8595.77 8147.22 7650.66 7009.19 6833.37 5753.34 5552.95 5440.03 5434.55 5350.8 5206.95 7713.48 5145.16 4917.16 4856.66 4786.25 4698.11 4644.31 4325.69 4255.02 4211.73 3997.82 4244.97 3968.79
threshold=2625.9500000000003 9.5000000000000018 1177.3350000000003 628.28001626122034 -1.0000000180025095e-35 0.25000000000000017 1191.4388962622475 -183.01098663227398 865.75000000000011 607.38605948220868 1.0000000180025095e-35 -477.63587199364855 27.112500000000001 432.64801629425909 -168.37153019820337 0.95916238621685057 -54.953086101962931 2019.5000000000002 121.94288983505898 1.4845839121050821 223.70000000000002 144.82247394716785 2018.5000000000002 0.67173905658759037 118.28513882674004 -44.69194369925485 585.07962610983486 -24.309676953335359 30.557402251784193 122.50000000000001 0.83333333333333337 2017.5000000000002 -59.033649864992874 -10.890653051303682 4.5972735380303229 1.2552629691260372e-15 999.57916666666677 456.73606060606068 649.18333333333351 -565.09865005264203 -225.43518281130716 115.03000000000002 939.02250000000015 47.477511399909339 0.87383821409193996 -5.3356868193059048 -198.17868204748564 -312.17517544763058 1.0000000180025095e-35 -41.498992662917743 -1.0000000180025095e-35 1.9641638525024609 0.54679901648301621 1.0000000180025095e-35 109.94934239214366 -158.17112644733842 0.93301270189221952 0.6830127018922193 0.2014656931171481 91.533307072585345 372.98500000000007 73.590854753978746
decision_type=2 2 2 2 2 2 2 2 2 2 2 2 2 2 2 2 2 2 2 2 2 2 2 2 2 2 2 2 2 2 2 2 2 2 2 2 2 2 2 2 2 2 2 2 2 2 2 2 2 2 2 2 2 2 2 2 2 2 2 2 2 2
left_child=2 -2 3 7 -5 9 13 15 19 11 39 -4 -10 23 18 31 -16 24 -13 21 -21 25 29 30 -18 42 -20 57 33 -23 43 41 -14 34 -29 36 -31 -24 46 -8 -17 -1 55 -6 58 -42 -27 -33 49 -36 -48 -34 -49 -40 61 -9 -30 -22 -39 -37 -61 -52
right_child=1 -3 5 4 6 -7 10 8 12 -11 -12 14 32 -15 16 40 17 -19 26 20 27 22 37 -25 -26 38 -28 28 56 35 -32 47 51 -35 48 59 -38 44 53 -41 45 -43 -44 -45 -46 -47 50 52 -50 -51 54 -53 -54 -55 -56 -57 -58 -59 -60 60 -62 -63
leaf_value=-8.0034472896388937 12.443129170126788 134.4004412426824 -12.928670208548844 16.155114993957163 -12.545434694409753 29.039748040873175 -27.162892142503992 -5.9580807443505366 21.542562211731259 20.788174444028101 -42.05666708529759 21.39546192566786 12.762799849527633 2.6948762255456504 -9.9071510225084065 -7.009921086740059 4.7831122979864444 11.400591462430462 2.5828590138949465 0.22187596611298166 1.2418003865057354 -3.0269894341933887 -2.7406506396353194 -1.2547331914430835 -12.499392117025378 3.6494184314639426 14.581809235246681 3.6282564296646997 2.7878075271821103 3.3224366183941316 -19.802019106717438 -13.079267076024861 -0.41210570793281165 2.1970428467079763 14.344370896961955 -3.5012640812886673 13.846849642585894 -5.72772011680863 2.0307089551184765 -17.839785201054308 -2.0360377228473925 1.4794294572829183 3.1884296893867425 -3.6966311381451038 -2.9580436099532377 2.5647107446845268 0.26699242655734196 -9.6339679211542748 5.8028076314106487 7.0823300841176833 -0.24634374785918137 6.1201247514622636 -4.9331329912448458 8.3999593977776534 -1.7062324462565428 -1.6186249783479867 -2.3001482576108474 -2.0919104845517995 -10.918412995296407 8.1599960212987703 -1.6890970399374674 3.2929357607366549
leaf_weight=0.31408010097220485 0.57723480183631082 0.30759546114131808 0.29911339981481511 0.376490008085966 1.0398173620924356 0.63820863747969259 0.46825972571969032 0.63988208887167886 0.3619851004332294 0.5343330381438135 0.32366954628378153 0.31262905197218138 0.43659948301501561 0.40421940572559822 0.37922260770574268 0.5503472434356812 0.27782850712537543 0.583965796045959 0.70321148820221402 98.622238716343418 4.1767962742596856 1.386192590463905 4.3976308982819319 0.32166706072166551 0.25342412199825048 0.96578571852296491 0.4081304999999702 1.9851764708291728 0.64050895953550924 0.52639301680028416 0.5518436669372021 0.59361219825223122 0.48186775436624862 2.3988263031933448 0.65080796647816896 0.4503272483125329 0.32277884287759662 0.81535455258563183 1.1933148619718839 0.46906161634251453 2.0505026248283693 0.51336449710652232 0.72143628913909097 0.22310595074668516 0.7393590984866022 0.93572190473787431 61.515687408391386 1.3724367478862407 1.1685063750483093 0.83454431453719757 125.5179716066923 0.71640680846758187 0.91627816460095335 0.39179983921349038 5.582346227252855 16.932702131802216 1.2011175171937791 1.2417152523994444 0.75051197130233049 0.21764950780197978 0.21996740577742457 0.7971098399721076
leaf_count=88 71 72 46 60 206 80 121 75 19 88 83 52 79 88 44 100 67 53 100 5145 422 316 348 53 57 92 67 218 69 121 93 70 61 212 62 99 77 57 130 124 224 128 50 61 68 86 2069 131 19 41 8107 68 103 90 617 2068 62 71 75 55 46 156
internal_value=0 54.8394 -0.0989566 -0.218031 -12.6202 9.40584 -15.47 -0.0683747 0.0271938 6.06602 -27.5178 3.62112 8.79193 -9.49032 5.31734 -4.5393 0.710485 4.32094 10.1522 -0.02474 0.51358 -0.29601 -2.57006 -11.7958 -3.46118 -0.191719 6.98937 2.52565 3.77527 0.592367 -13.6642 -7.34826 5.96875 4.902 6.30073 3.48056 7.32287 -4.04364 -0.0620387 -22.4974 -1.59277 -2.12007 -1.58084 -10.9822 -6.52933 -0.594411 -0.0919428 -8.84915 8.29983 10.2642 -0.110625 3.49329 -7.75201 3.60502 -0.286742 -1.77664 -0.530581 0.477842 -8.21559 -0.193978 3.20937 -0.224009
internal_weight=0 0.88483 354.816 350.426 4.17813 4.39007 3.80164 346.248 339.001 3.75186 1.26099 3.21753 1.99686 2.54065 2.91841 7.24634 1.49444 1.11522 1.42397 337.004 112.92 224.084 9.82617 2.13643 0.531253 214.258 1.11134 14.298 8.87949 3.12331 1.81477 3.70977 1.63487 7.03786 4.63904 1.73712 0.849172 6.70286 195.964 0.937321 3.53657 0.827445 18.294 1.26292 2.30523 2.98622 194.379 2.88233 2.65386 1.48535 193.413 1.19827 2.28871 1.58511 131.897 17.5726 1.84163 5.41851 1.56587 0.887944 0.437617 126.315
internal_count=23880 143 23737 23083 889 654 829 22194 21264 574 328 486 227 501 440 930 221 177 219 21037 6321 14716 1262 413 124 13454 167 1176 683 714 360 520 208 552 340 398 198 548 11261 245 410 216 2193 267 200 310 11041 304 122 103 10949 129 234 220 8880 2143 131 493 132 200 101 8263
is_linear=0
shrinkage=0.05


Tree=7
num_leaves=63
num_cat=1
split_feature=66 1 71 66 53 64 53 50 58 3 55 29 47 59 71 67 50 26 9 66 66 50 56 66 10 3 9 64 65 65 8 84 49 71 82 59 49 58 10 51 51 60 10 60 58 79 28 53 47 66 51 38 0 67 65 52 47 64 4 71 51 55
split_gain=1.04039e+06 801006 188599 119794 128086 108663 81376.6 70178.9 57826.8 35020 33700.4 31484.2 26193.1 24824.1 24536.2 25305.7 29536.8 28653.1 19617.4 22520.6 17696.5 17677 16372.5 17922.3 14840.5 14713.4 13957.2 14338.4 13648.2 13601.8 11096.8 10787.6 10460.3 9643.75 9400.08 8955.87 7995.27 7828.96 7438.82 9352.18 7510.7 7243.09 6417.43 7279.62 6008.2 5957.53 7380.2 8171.3 5895.55 7156.12 7690.27 5782.48 5385.98 5577.62 5991.11 5319.91 5054.21 5588.09 4616.89 4479.87 4186.99 4178.47
threshold=1880.1466666666668 10.500000000000002 -101.20630813724632 676.48500000000001 728.54895991942055 600.9575000000001 -231.65976978532021 -565.09865005264203 391.99937649424294 2019.5000000000002 -158.17112644733842 -1.0000000180025095e-35 -481.78901990205912 431.62257964457359 -24.768787725765844 491.50000000000006 -312.17517544763058 0.25000000000000017 10.446152422706634 1079.0400000000002 366.0916666666667 -565.09865005264203 153.64826352339421 76.858333333333348 -11.500000000000002 2017.5000000000002 -10.000000000000002 795.14750000000015 163.05000000000004 700.50000000000011 3.5000000000000004 1.0000000180025095e-35 -197.06201354955772 41.944470796054759 1.0000000180025095e-35 -13.64990353977945 -58.47748251544953 735.05283137586525 19.485571585149874 -335.67134640315447 -198.17868204748564 -278.19354200896203 15.79422863405995 384.1816660906299 833.69241132802529 1.0000000180025095e-35 -1.0000000180025095e-35 86.248636165767479 -87.781481192368858 42.136666666666677 -116.94849090822642 1.0000000180025095e-35 0 223.70000000000002 37.040000000000006 -145.20572399846321 -17.639313561809193 561.31000000000006 -1.0000000180025095e-35 -33.305639677715781 89.693446873159743 -24.922552397551787
decision_type=2 2 2 2 2 2 2 2 2 2 2 2 2 2 2 2 2 2 2 2 2 2 2 2 2 2 2 2 2 2 2 2 2 2 2 2 2 2 2 2 2 2 2 2 2 2 2 2 2 2 2 2 9 2 2 2 2 2 2 2 2 2
left_child=2 -2 7 4 6 8 11 31 9 34 -7 -4 37 18 26 16 33 24 19 35 59 -6 48 32 29 42 27 -8 36 58 -9 -1 -24 -16 -5 -12 -26 -13 39 -30 -41 -28 43 -25 -23 46 -42 -48 -18 50 -50 -43 -51 -54 -55 -34 57 -52 -17 -14 -27 -47
right_child=1 -3 3 5 21 10 14 30 -10 -11 13 12 20 -15 15 17 22 -19 -20 -21 -22 44 23 25 28 60 41 -29 38 -31 -32 -33 55 -35 -36 -37 -38 -39 -40 40 45 51 -44 -45 -46 61 47 -49 49 52 56 -53 53 54 -56 -57 -58 -59 -60 -61 -62 -63
leaf_value=-25.294572284934539 14.241755565703286 108.23120699967788 7.4106575656206957 6.9262926942676346 -26.847730239717254 -5.5737508905158615 -2.653069876086255 -3.1145468142041652 31.249964054567528 17.278191420092792 2.8422007113731449 -12.391827218689834 -11.820390378240257 -3.9403118515138744 -4.5683529811504622 -1.2398197457240956 -1.4375403661530715 11.227445381244326 2.0154259093522344 21.864535054925025 0.27774973173862144 -8.222257623483344 -9.3214763162318874 4.2361188478466065 8.425964486150697 -0.48413464973571552 -8.9741311256455258 7.5613742810373141 -6.4508843651447156 11.194245505577133 -14.880509708566041 -39.439242260183242 -7.4523741514810169 -14.671521727459606 -9.299291626148964 13.770057923675621 0.82241970331559144 -25.202537928095467 -5.5752033740942011 6.1603890711910978 4.0909771290528401 -2.3991472259155451 -2.7751830551455496 13.9344549469873 -16.89853944781952 -0.078996746110293281 -1.0567113053817161 -8.6250009472259563 2.496469419575718 -0.4566105160869029 -0.72572064792422042 -6.5418166645220168 0.64487146987183608 4.9832810142706307 1.5069051461695453 -2.3928523240832988 0.010637920662214306 3.9632633029780919 4.5650311138114494 -7.1990190985983693 -4.8580998391977843 5.0361343561460989
leaf_weight=0.25555173773318529 0.5560774514451613 0.3826796798966825 0.31323457509279284 0.17145750205963739 0.32421153271570802 0.9606576734222475 0.94025500537827589 0.37050038389861473 0.54385202890261997 0.8060065305326134 0.46740123257040989 0.2052007066085938 1.0183470067568134 0.55304138781502832 0.56593963922932644 0.5104848546907309 6.8048691970761856 0.85200203373096961 0.80272608622908581 0.39605014165863395 0.60295501630753268 0.36038502771407255 0.6871303911320864 0.9308122177608309 0.76197448512539268 3.4035694478079677 0.75352434976957727 0.54138606879860163 0.49149821698665519 0.66676407027989615 0.43646432552486658 0.28527056239545345 0.56931101717054833 0.40538109093904495 0.18620203854516149 0.31307399459183227 0.63290169090032289 0.28476140229031444 0.64995248429477204 0.57318574702366998 0.47274541528895397 2.8279594334308049 0.23649542685598124 0.24426321964710951 0.44705444574356079 0.81899881595745683 1.4886890361085572 0.46900372533127654 2.9398693772964171 7.2287870068103075 33.961417993530631 1.1997029532212762 26.700257891789079 1.4921882781200091 7.3142876324709505 5.9437758331187052 227.14844553521834 0.64751322008669276 1.0411523762159038 1.0811369209550306 0.65192929608747352 0.77899759728461482
leaf_count=60 65 80 55 48 81 92 97 43 81 57 76 42 144 92 96 58 869 95 112 63 106 56 78 227 88 268 91 45 72 87 93 73 113 70 57 46 99 77 93 61 58 369 50 56 95 84 151 58 76 737 2705 83 2894 83 798 672 10050 7 128 196 67 136
internal_value=0 52.5561 -0.150467 -0.0794282 -0.191679 7.45334 -0.137044 -18.8188 17.7906 11.5002 2.40002 -7.71648 -9.20073 5.42498 -0.0598811 -0.00243667 -0.0787656 2.44913 8.04182 12.1535 -7.27229 -16.9859 -0.0528974 -1.8153 1.64976 0.343047 -3.16089 1.07925 0.539633 5.22174 -9.47842 -32.7555 -3.45411 -8.78491 -1.52095 7.22572 4.97598 -19.8373 -0.537868 0.104966 0.805196 -4.47486 4.73968 6.25211 -13.026 0.0432319 -1.51589 -2.86984 0.0181471 0.050368 -0.046561 -3.63311 0.650731 0.783976 2.09595 -2.83511 -0.0751224 -0.637992 2.65525 -9.4406 -1.18726 2.41455
internal_weight=0 0.938757 355.533 354.185 348.985 5.20047 347.853 1.34779 1.70752 1.16367 3.49295 3.50564 3.1924 2.53229 344.347 338.085 327.876 10.2084 1.97925 1.17653 2.70244 1.13165 326.905 12.6673 9.35635 5.46707 6.26283 1.48164 7.13795 2.2184 0.806965 0.540822 7.20022 0.971321 0.35766 0.780475 1.39488 0.489962 5.74307 5.09312 4.60162 4.78119 1.41157 1.17508 0.807439 4.02843 2.43044 1.95769 314.238 307.433 264.697 4.02766 42.7355 35.5067 8.80648 6.51309 261.757 34.6089 1.55164 2.09948 4.0555 1.598
internal_count=23859 145 23714 23445 22721 724 22489 269 243 162 481 620 565 389 21869 21184 19916 1268 297 185 446 232 19750 1531 1173 668 685 142 900 273 136 133 863 166 105 122 187 119 713 620 548 543 333 283 151 487 267 209 18219 17350 12838 452 4512 3775 881 785 12762 2712 186 340 335 220
cat_boundaries=0 21
cat_threshold=2147516524 128 0 0 0 8192 32768 0 16384 2684878889 0 0 0 35127296 0 268435456 1 17842272 33619968 16 512
is_linear=0
shrinkage=0.05


Tree=8
num_leaves=63
num_cat=0
split_feature=66 52 66 50 56 1 50 50 55 67 67 54 49 67 64 67 57 8 56 66 3 64 63 65 54 63 89 64 53 17 67 66 10 63 49 63 66 65 57 38 54 42 66 59 51 54 51 53 66 51 54 55 38 89 65 66 55 53 50 56 49 56
split_gain=834208 842374 122498 178878 99480.6 82413.3 113526 57457.5 43056 35981.7 33648.9 44608.1 40105 29467.9 24091.9 21144.1 20229.5 19499.2 17774.2 18191.4 16879.9 21875.7 14240.3 13628 14148.4 12919.5 11811.5 10924.8 11330.4 8192.34 12563.8 10342.4 14459.3 10185.1 8186.93 8073.7 8040.99 17047.5 10007.7 9882.61 8133.65 7100.55 6285.51 5748.81 5747.02 5696.64 5422.95 5166.78 5576.73 5536.35 5250.45 4651.9 4615.04 4143.56 3814.1 3600.86 3502.74 3404.11 3186.33 3173.71 3138.85 3127.74
threshold=1880.1466666666668 -240.75265523200196 867.34833333333347 -312.17517544763058 138.2144064297996 9.5000000000000018 -690.39038114173616 500.74582338961085 -186.51091133970223 644.2700000000001 916.84000000000003 5.0778650440383943 -197.06201354955772 508.14000000000004 835.79750000000013 209.29500000000004 1.6084397323648505 3.5000000000000004 276.39499108107333 579.37833333333344 2018.5000000000002 1113.1650000000002 419.29500000000002 1088.5700000000004 249.29019409021876 1286.9591666666668 1.0000000180025095e-35 939.02250000000015 -90.209765006186529 0.25000000000000017 629.79500000000019 78.683333333333351 1.2552629691260372e-15 543.73500000000024 -400.95825901262907 633.77708333333351 206.80500000000004 143.02000000000001 -121.58767748232547 0.25000000000000022 58.181267362575873 1.0000000180025095e-35 206.80500000000004 -60.941386419162804 -387.30771111497995 331.36449491471529 -239.82416309950625 -46.657868661401004 37.696666666666673 -116.94849090822642 0.060225354275860093 109.05893297739816 -1.0000000180025095e-35 1.0000000180025095e-35 790.45000000000016 66.166666666666671 -54.580856494587344 -15.566232318789121 36.337421377423119 181.82184891606749 145.22124230518963 276.39499108107333
decision_type=2 2 2 2 2 2 2 2 2 2 2 2 2 2 2 2 2 2 2 2 2 2 2 2 2 2 2 2 2 2 2 2 2 2 2 2 2 2 2 2 2 2 2 2 2 2 2 2 2 2 2 2 2 2 2 2 2 2 2 2 2 2
left_child=2 -2 3 5 -4 6 25 8 -6 59 12 -12 15 26 -10 -5 61 -11 19 27 21 -17 -21 24 53 -1 34 28 42 30 31 46 33 -33 -8 -22 38 39 -30 58 47 43 -14 -39 -36 -16 -20 -40 49 -49 -50 -45 -29 -13 -34 -46 -44 -51 -38 -7 -31 -15
right_child=1 -3 4 10 7 9 13 -9 14 17 11 23 18 16 45 20 -18 -19 29 22 35 -23 -24 -25 -26 -27 -28 52 36 60 -32 32 54 -35 44 -37 37 41 40 -41 -42 -43 56 51 55 -47 -48 48 50 57 -52 -53 -54 -55 -56 -57 -58 -59 -60 -61 -62 -63
leaf_value=-24.000035083062311 100.55177911607552 7.0341410134445557 33.423568185066685 -8.0095581681662544 -9.502605379093179 -2.1479326743063427 -18.636739641107251 21.180319090983481 15.418086470789792 20.918844203369023 21.066208394857057 4.2072619563069926 -2.73892425521711 -3.7796714668853597 6.0509257689189111 -0.49697522813196771 6.9157475702502111 2.2743771903576624 -9.7037186840068923 14.011630609486804 -1.8846457259666995 17.585958406012526 2.1747466136517817 -4.2767607249965884 11.295581095918203 -37.10024776284115 -3.1697210802854805 10.35800800351236 5.4335905191209211 -0.94709645773499107 -11.481814614193819 -0.21373574929100167 -0.77461515981769391 10.584392274589391 -16.717319963540998 -7.6995676448893935 1.7156035888007133 -0.77939472769040641 -1.1535214463565497 11.386485845091757 -1.0582233812199016 -1.4743505176031755 -0.62923020536820795 1.9720134887997862 -11.258982428887506 -1.2912490866831039 -3.6443412645840443 2.2270859948938013 5.6537299727031316 -0.55336275420532899 0.59700995261153078 7.7676998646962794 2.9954350855396501 -1.456169298574965 -7.2938904574886383 -5.2637236732383945 4.2108864982365324 0.021452215108578795 6.4700706972360029 -8.4138170421969676 5.7840522628516915 -10.445146883102575
leaf_weight=0.42718171887099687 0.41113646421581507 0.58121761633083124 0.39007385168224518 2.2578259124420574 0.53736367542296726 0.45666340226307489 0.48862514924258027 0.52667756425216783 0.54279605392366637 0.27806034777313471 0.38927424163557534 0.82373602222651265 5.8882338234689069 0.36581654101610162 0.54005620907992102 0.63532711751759086 0.41612050402909517 0.28292262880131602 0.43478708527982224 0.3955554668791581 1.8501680928748103 0.22700921865180135 0.7104474320076406 0.52694488968700159 0.58416863158345211 0.33642025850713253 0.36089457850903262 0.29691218212246895 0.83539936179295082 0.35750800138339389 0.44735861849039782 0.46461567655205704 0.43159998161718249 0.41204577777534723 0.3796651768498126 0.88125811982899893 0.98136557894758814 1.9574724049307395 9.0885533387772721 0.52251493581570674 18.647606525104493 3.2370748124085367 2.1871048610191797 3.5827966134529556 0.98770406749099471 0.51718140207231045 2.4496398221235718 2.7036880680825552 0.5218645920977022 29.301231188699603 31.396075114607811 0.38326333905570198 0.7516889062244434 0.53125450061634183 0.46722748130559921 0.33553901826962829 0.45085190702229727 212.91163356252946 0.54982810653746128 0.36251277755945921 0.3359387693926692 0.33918190561234951
leaf_count=90 93 53 68 355 78 51 122 85 86 35 70 83 622 47 41 146 59 67 72 39 182 48 108 55 80 87 58 68 39 67 56 37 44 78 78 77 133 263 1104 41 1759 433 254 473 149 71 311 43 48 1991 3038 60 117 63 68 48 59 9444 72 65 35 55
internal_value=0 45.7789 -0.129026 -0.216619 9.84085 -8.91068 -12.2298 6.38786 2.74285 1.76007 -0.0686526 5.33643 -0.114186 -8.58345 6.85542 -4.21765 -1.82647 11.5158 -0.0421001 0.00652316 -1.83534 4.26334 6.40814 2.85348 4.79105 -29.7716 -11.5514 -0.0151823 -0.0316148 -2.78563 -3.47801 -2.70963 0.292719 4.86157 -12.9316 -3.76075 0.0168205 1.33177 -0.0314635 5.44901 -0.0464535 0.408725 -1.83026 1.43778 -11.2946 2.45927 -4.55771 0.0195331 0.0580448 -0.0229688 0.679688 2.53208 5.08015 1.98679 -4.16346 -9.73875 0.197992 -0.0480849 3.42286 -4.9208 2.31379 -6.9865
internal_weight=0 0.992354 350.68 347.626 3.05415 5.81731 4.43715 2.66407 2.1374 1.38016 341.809 2.85538 338.953 3.67355 1.60003 5.85159 1.12112 0.560983 333.102 327.301 3.59376 0.862336 1.106 2.4661 1.93916 0.763602 2.55243 326.195 325.147 5.80072 5.10727 4.65992 1.77549 0.876661 2.19153 2.73143 316.62 11.2143 305.406 2.05371 304.571 9.16061 8.52619 5.92353 1.70291 1.05724 2.88443 285.923 276.834 244.917 31.9179 3.96606 1.0486 1.35499 0.898827 1.32324 2.63796 242.213 1.53119 0.819176 0.693447 0.704998
internal_count=23721 146 23575 23146 429 1011 793 361 276 218 22135 351 21784 616 198 808 161 102 20976 20208 453 194 147 281 226 177 455 20061 19876 768 666 610 227 115 397 259 18941 1475 17466 246 17427 1229 935 796 275 112 383 15668 14564 11478 3086 533 185 146 112 197 313 11435 205 116 102 102
is_linear=0
shrinkage=0.05


Tree=9
num_leaves=63
num_cat=0
split_feature=66 1 71 66 58 29 64 58 54 55 55 57 57 70 70 66 58 26 70 33 88 59 3 66 10 32 8 60 54 10 54 53 70 3 64 65 31 53 9 59 65 54 3 64 22 34 51 59 53 66 70 64 70 22 51 59 8 51 57 10 58 66
split_gain=903623 786672 116564 121389 109478 97569.4 88501 63211.2 58432.3 49683.5 39572 29945 27271.1 25563.1 23137.7 35824.4 27993.2 22512 21767.4 30459.3 29680.7 21163.2 19007.4 24738.6 21785.9 16585.4 13976.5 13908.6 11371.7 10652.3 10319.7 9254.86 8734.04 12977.5 7816.96 7783.85 7591.5 7469.78 7413.51 7127.91 6789.44 8426.86 7971.68 6899.22 6494.34 7202.92 6056.6 6014.02 5819.06 7521.49 5412.84 9509.07 5343 5105.54 4515.41 4462.72 4319.6 4088.16 3833.53 3573.7 3354.62 3287.15
threshold=1880.1466666666668 10.500000000000002 -134.03426924863845 676.48500000000001 694.31641913482292 -1.0000000180025095e-35 485.75000000000006 320.86237051477889 31.773391214371696 -204.79214231035976 -453.70761827739608 -63.827086919066041 -130.22204742255295 1.0344898053002443 1.4195799490320871 228.465 256.53010532844291 0.25000000000000017 2.4400361605357008 0.25000000000000022 1.0000000180025095e-35 2.066339869281046 2018.5000000000002 78.683333333333351 20.892304845413268 1.0000000180025095e-35 1.5000000000000002 1017.1433199216775 95.692117811158226 -6.7141016151377562 331.36449491471529 -52.634393256634048 1.7695020066565357 2018.5000000000002 815.58500000000015 143.02000000000001 1.0000000180025095e-35 -36.782907872070808 2.5105259382520745e-15 490.84518737428215 910.07500000000016 58.181267362575873 2018.5000000000002 405.68000000000006 0.25000000000000022 -1.0000000180025095e-35 -296.25299092963377 146.77052549461408 -117.19541302871664 37.696666666666673 11.339952967720661 9.0900000000000016 0.94845527130643348 -1.0000000180025095e-35 -133.36311199906001 11.744661758140881 2.5000000000000004 -461.82289264873077 35.346758091733115 -12.000000000000004 11.805173908931375 180.16666666666671
decision_type=2 2 2 2 2 2 2 2 2 2 2 2 2 2 2 2 2 2 2 2 2 2 2 2 2 2 2 2 2 2 2 2 2 2 2 2 2 2 2 2 2 2 2 2 2 2 2 2 2 2 2 2 2 2 2 2 2 2 2 2 2 2
left_child=2 -2 10 4 9 -6 7 11 -8 26 25 -5 -7 27 16 48 31 30 19 20 32 -19 23 -18 29 -1 -4 36 55 -25 35 53 33 -10 46 44 39 -37 -35 57 41 54 58 -44 45 -17 -30 -39 -16 -50 -51 -52 -28 -11 -33 -24 -45 -14 -43 -60 -53 -31
right_child=1 -3 3 6 5 12 8 -9 18 14 -12 -13 13 -15 15 17 22 21 -20 -21 -22 -23 28 24 -26 -27 52 -29 34 61 -32 40 -34 38 -36 37 -38 47 -40 -41 -42 42 43 56 -46 -47 -48 -49 49 50 51 60 -54 -55 -56 -57 -58 -59 59 -61 -62 -63
leaf_value=-17.713232629573053 10.066627266623424 103.27586492904364 -0.14850009632273678 -1.4105405219895808 14.170540866985357 -29.542493307678512 21.480126611373656 32.232983503553129 8.450057122727495 0.03693530414932774 -2.7336783927225436 18.02991255662894 -19.245434409779136 4.8058269392456721 -3.511602525338791 8.0721424038850937 -4.5379597459276706 17.515981714160176 -6.4763010983693965 -7.0103942157566541 18.758778925078548 2.4103454013875214 -3.6175980140393342 13.144810883613411 -7.9666524814649566 -34.860682428870803 -9.6535617338284396 -2.1433072009298852 -9.5297182675383407 7.2990494200454954 9.6522602320251387 2.8163296688846127 10.187514510611157 -6.8680524181412608 -10.444941525102056 -0.55794802365524931 -22.127099070134523 1.8270249002129308 2.4803262420070258 -6.8464755536379975 2.8453617580195978 -0.38804750598210141 -1.3754661292406987 -8.0740975067811416 9.901901680623741 1.2221503288040838 -3.9499678092315644 7.8985917797874059 0.079869652932012952 0.6865672641291769 0.4271367490398188 6.6128687128942305 -4.7476285689558013 -2.3487612247502816 -0.080733406811206998 0.46509401284436092 -2.6905808634407973 -12.983824238580395 6.9247625967240509 1.2998836227801247 2.9946047610308604 0.93468700263812399
leaf_weight=0.2810490014962852 0.53798790136352082 0.39080790430307388 0.72617795038968269 0.33824257226660848 0.35950550064444575 0.2458779872395106 0.40910296374931965 0.52353022200986743 0.43842215649783722 3.1914576874114573 0.25980624230578442 0.47803935850970336 0.44335707556456372 0.20551823172718275 0.99801227869465847 0.55194688169285688 1.3641089329030349 0.53037156374193717 0.68663091817870725 0.54112807754427183 0.38896595733240236 0.41198120824992657 1.6048496139701458 0.49389848485589016 0.28222688660025586 0.28302094154059887 1.6738646095618608 0.22795376600697626 0.59584904648363624 0.37378630088642228 0.50342562608420838 1.3547280514612783 0.36938846949487913 0.41971101658418775 0.81810484128072847 2.8133699591271579 0.32819469645619381 1.6339471437968316 0.42868797853589058 0.29983379831537593 1.8946243990212668 3.2910615596920278 12.737027227878569 0.63675315026193746 0.47062159073539067 1.2594882417470197 2.6461927145719528 0.54352215863764275 84.238236254313961 24.898890580749143 2.8304212277289471 1.1631275813560935 0.83026915602385987 7.5429148788098228 187.25782841746695 1.1482409429736433 0.89821214834228158 0.63262906810268604 0.36773695144802321 1.2165290617849676 1.4259205586276946 0.44373811595141888
leaf_count=61 68 83 47 64 58 55 46 72 94 400 44 51 115 48 128 62 377 90 99 69 42 32 148 97 53 70 229 45 54 103 66 106 64 57 78 261 64 169 53 60 144 741 789 21 62 166 195 50 3556 1956 193 36 155 910 9891 55 145 157 79 288 68 85
internal_value=0 49.2861 -0.0941402 -0.0517864 -0.159357 -10.1105 7.66832 18.6719 3.66435 -0.0830436 -18.88 9.97438 -13.773 -11.959 -0.0267843 0.522996 -0.323634 3.61357 1.43746 3.53846 6.32956 10.912 -2.94246 0.404552 4.63517 -26.3169 -6.25587 -13.7424 -4.39547 7.34717 2.72912 -0.207528 3.41052 1.46515 -6.07754 2.24991 -15.2941 1.14382 -2.14441 -13.6641 -0.134212 -0.161384 -1.16082 -1.7571 4.66891 3.30935 -4.97546 3.34256 0.28981 0.322928 0.998254 2.43025 -8.02695 -1.63947 -0.059925 -1.91482 -4.92384 -15.5639 0.58473 2.60552 4.62011 3.84458
internal_weight=0 0.928796 366.252 365.428 360.406 2.74287 5.02185 1.33981 3.68204 357.663 0.823876 0.816282 2.38336 2.13749 354.433 124.273 230.16 8.71867 3.27293 2.5863 2.04518 0.942353 9.771 2.95776 1.59365 0.56407 3.23031 1.93197 6.81324 1.31142 7.77632 220.389 1.65621 1.28682 4.06015 7.2729 1.70401 4.99084 0.848399 1.37582 209.655 207.76 19.1473 14.272 2.28206 1.81144 3.24204 2.17747 115.555 114.557 30.3184 5.41947 2.50413 10.7344 188.613 2.75309 1.53497 1.07599 4.87533 1.58427 2.58905 0.817524
internal_count=23724 151 23573 23398 22687 602 711 187 524 22085 175 115 544 489 21654 6895 14759 958 478 379 310 122 1245 715 338 131 431 441 530 285 836 13514 268 204 327 770 396 480 110 332 12204 12060 2063 955 290 228 249 219 5937 5809 2253 297 384 1310 9997 203 166 272 1108 367 104 188
is_linear=0
shrinkage=0.05


Tree=10
num_leaves=63
num_cat=1
split_feature=66 52 71 66 54 54 53 55 33 50 58 66 70 47 54 57 70 54 71 50 51 70 10 71 66 54 49 1 65 64 8 6 66 3 51 25 47 51 50 50 3 70 58 10 63 51 91 47 70 54 37 50 63 70 53 50 66 72 66 70 55 47
split_gain=796030 561083 112963 90956.2 89306.3 75864.4 67385.3 46884.8 37443.4 35997.8 31717.9 29199.9 28132.4 22760.2 21298.1 21275.2 21808.2 21095.2 26312.1 18088.4 17135.2 17047 19040.4 15625.2 20082.4 48305.3 15541.6 15481.7 13508.4 12285.9 9836.23 9739 9707.12 8809.49 8501.16 7517.43 7236.46 7195.19 7048.7 6907.17 6754.52 7134.77 6097.87 6042.93 6578.63 5996.52 5744.46 5320.79 5214.78 5011.69 4672.44 4575.97 4475.9 4812.45 4832.5 4469.96 3951.36 4904.52 11945.5 7625.71 3971.22 3946.79
threshold=1880.1466666666668 -257.21972887194727 -134.03426924863845 967.9000000000002 1077.1785655491024 64.733186735373991 -231.65976978532021 -158.17112644733842 -1.2500000000000004 -408.8410536728926 1592.0160164240208 589.25166666666678 2.5980582165579604 134.96096973234924 144.82247394716785 244.06751144428094 1.3389635844797685 21.042750208616692 18.924752967895245 -221.70900247705023 177.62061257231144 0.78690758656269255 10.196152422706634 -14.82180430590879 288.6466666666667 1.9738004194473862 115.29721053534148 5.5000000000000009 160.18000000000004 1209.9775000000002 3.5000000000000004 1.0000000180025095e-35 170.03666666666672 2018.5000000000002 -461.82289264873077 -0.6830127018922193 271.26048240775674 -282.97680970777554 27.813355384768212 -221.70900247705023 2016.5000000000002 0.64875533091658222 432.86785813938349 -1.9288187086570806e-15 649.18333333333351 -296.25299092963377 1.0000000180025095e-35 -116.81170287210959 0.29317666319900409 377.53363292797593 0.68301270189221941 -312.17517544763058 431.60416666666669 0.94014206371045284 143.92821779437941 167.86522540220446 17.35166666666667 0 96.466666666666683 10.349284047253438 -17.257141359859997 -15.853521732284205
decision_type=2 2 2 2 2 2 2 2 2 2 2 2 2 2 2 2 2 2 2 2 2 2 2 2 2 2 2 2 2 2 2 2 2 2 2 2 2 2 2 2 2 2 2 2 2 2 2 2 2 2 2 2 2 2 2 2 2 9 2 2 2 2
left_child=2 -2 10 4 6 -5 8 -7 -4 32 -1 14 20 -9 23 16 19 -13 27 40 21 30 -23 35 45 -26 -20 46 31 -11 48 -27 -6 37 -32 -8 -17 -21 -29 -18 49 51 55 44 -30 -25 -19 -47 -10 -16 -37 -42 -35 54 -54 -39 61 58 -58 60 -60 -49
right_child=1 -3 3 5 9 7 11 13 12 29 -12 17 -14 -15 15 36 39 18 26 33 -22 22 -24 24 25 28 -28 38 43 -31 34 -33 -34 52 -36 50 -38 42 -40 -41 41 -43 -44 -45 -46 47 -48 56 -50 -51 -52 -53 53 -55 -56 -57 57 -59 59 -61 -62 -63
leaf_value=-10.918219494510307 90.70822925297918 11.652770559586001 7.0952482713244933 26.124416527786277 -18.203296096670879 -8.2834788187847508 3.3731672541366096 15.969963448611981 -9.9552090681598582 -13.008175984726632 -31.447745212968893 15.748468989016551 4.9790121743951419 1.7065612880036192 3.9297777740602964 2.3085252062026882 7.3111336373865186 -10.473993754219938 16.58685178419109 8.1215838527192474 -16.24613310394993 -7.1317128223964437 6.2937047550355105 4.0512509268920978 16.354699149559288 10.332116068437385 3.6062773872732254 -0.16289987029994438 1.2490268116443197 2.979644219471032 -20.249152722531676 1.3308414020031911 -31.758080515613543 -2.2495923238335669 -10.529767623574003 -1.7010838483408137 15.609129496030206 -0.8260800314597333 7.28277771166045 0.63736838246864735 -13.856397601224959 -4.2846262728550144 -8.0917524985495319 -1.0081263388632844 8.6422752588181542 -2.0626329107461561 -1.5152835431842933 -0.66720042580805539 -2.2939130838104429 -7.3195909204836944 -4.5236650175018056 -7.6559540482859951 -8.7563816645963914 -1.073854505145327 -3.5866007011706169 5.4849753892426589 0.86712462278435865 0.05242685952547195 -0.094281980517652186 8.8501699598031305 4.7192817386211727 -0.034387555414684572
leaf_weight=0.47200552560388942 0.40303198574110866 0.50650662928819556 0.48275863006710995 0.54912797408178393 0.33497986942529678 0.49082294991239916 0.64817792642861505 0.6861166143789883 0.48476313473656762 0.23528337990865 0.3128411085344851 0.37796898931264822 0.40137043921276916 0.4721499471925199 0.2086600493639702 0.19690088834613639 0.48964833887293968 0.35211272258311543 0.46701742708683003 0.25205140700563555 0.66253927443176497 0.79908977821469285 0.39446434564888477 0.90610111830755968 0.58770417072810133 0.66149475355632581 0.45550021063536406 0.69135305145755388 2.303027727175504 0.24558618851006031 0.32842230563983321 0.55064665898680687 0.21806559571996331 3.7725540483370423 0.71427977271378018 8.725389294093473 0.21277036657556891 1.9500410594046096 0.58838607673533261 1.8621352352201945 0.61911132046952844 0.62614971119910467 0.25358565477654327 3.2243000506423418 0.34610646916553367 3.1621191860176614 0.36382343852892518 28.577996817883104 0.40994082391262054 0.18840321898460388 1.7623310254421074 0.57292560162022688 0.94610736472532175 0.58604077715426672 0.86559129087254405 0.32772132614627469 9.2106775555293989 79.745510131120682 0.67936875997111124 0.77662616968154896 1.1602546256035566 178.79050556547008
leaf_count=91 91 53 28 75 89 61 36 96 72 51 80 46 95 75 57 51 62 57 46 53 95 104 76 76 88 92 65 102 333 50 80 69 53 312 145 859 54 433 91 161 89 48 53 377 72 430 64 1883 57 52 133 53 81 59 79 74 236 8092 89 9 191 6816
internal_value=0 46.6836 -0.153649 -0.110787 -0.175432 10.0276 -0.131296 4.6676 -6.09154 -14.8483 -19.1013 -0.0490651 -7.60912 10.1557 -0.0950409 -2.0091 -2.34923 4.63405 3.19449 -3.27068 -8.94101 -7.39517 -2.69467 -0.0121877 0.0537725 2.57991 10.1776 -0.0335017 1.43738 -4.84299 -10.291 6.24305 -23.5479 -2.26982 -13.5911 -1.85242 9.21644 0.0653006 3.2604 2.02687 -7.31602 -8.60625 -0.73688 0.445598 2.21495 -0.0101984 -5.92137 -0.0223799 -6.44491 -1.40795 -2.17538 -10.8763 -3.32319 -5.01236 -6.28637 0.081946 -0.000798652 0.272753 0.928743 4.69557 2.94164 -0.121597
internal_weight=0 0.909539 347.74 346.955 344.756 2.19822 343.723 1.64909 4.67763 1.03392 0.784847 339.045 4.19487 1.15827 335.749 13.9304 13.5207 3.29616 2.91819 11.1689 3.7935 3.13096 1.19355 321.818 310.682 7.67328 0.922518 1.99568 7.08558 0.48087 1.93741 1.21214 0.553045 8.95369 1.0427 11.1359 0.409671 2.7834 1.27974 2.35178 2.21525 1.81819 2.53135 5.87343 2.64913 303.009 0.715936 302.103 0.894704 0.397063 10.4877 1.19204 6.17029 2.39774 1.8117 2.27776 298.941 91.5724 11.8269 2.61625 1.83962 207.369
internal_count=23740 144 23596 23425 23118 307 22875 232 752 243 171 22123 724 171 21652 1771 1666 471 425 1443 629 534 180 19881 18853 1031 111 314 943 101 354 161 142 1144 225 1028 105 613 193 223 299 190 560 782 405 17822 121 17746 129 109 992 142 531 219 160 507 17316 8617 525 289 280 8699
cat_boundaries=0 23
cat_threshold=393216 0 3194880 0 0 0 1048576 32 0 1090519040 512 2147549184 16777216 65592 0 524288 2097153 8 134217728 134234144 2415919104 0 8
is_linear=0
shrinkage=0.05


Tree=11
num_leaves=63
num_cat=0
split_feature=66 87 53 71 67 54 58 50 18 17 53 60 70 55 1 47 66 70 71 66 58 65 70 66 50 64 58 26 68 3 63 58 60 53 47 57 59 83 54 57 38 70 57 70 66 54 54 3 50 67 66 60 65 66 3 50 52 14 3 3 70 47
split_gain=629669 470132 219019 129676 85282.5 111134 84653.5 49198.2 41364.1 35343 34930.3 32816.4 38135.7 26948.5 45386.8 31839.7 26253.5 20579 19853.5 18909.7 14572.1 14246.1 13724.9 33922.4 15299.9 13794.5 13636.8 12634.6 12074.9 10130.7 10101 10016.7 12083.9 9360.03 8233.74 7092.46 6968.81 6827.64 6655.08 8627.52 6566.7 6376.44 5778.25 5548.92 5067.36 11787.8 4495.98 4250.68 4079.58 4005.27 3979.05 4081.92 3832.9 3680.73 3354.68 3351.75 3168.8 3101.28 2934.5 2791.66 3812.16 3481.8
threshold=1880.1466666666668 1.0000000180025095e-35 -364.82265330720094 -101.20630813724632 865.75000000000011 4.9600557603016799 557.04426868202984 -497.5658239891182 -1.0000000180025095e-35 -1.0000000180025095e-35 -147.52173419665812 787.77067755342796 0.70257086354647347 -147.61569848737972 9.5000000000000018 -140.22149165697982 1179.2833333333335 1.3389635844797685 27.682747917131397 776.4383333333335 1191.4388962622475 1368.1950000000004 1.7416114839369974 196.76000000000002 -82.60315686971316 939.02250000000015 526.92356030001145 0.25000000000000017 0.83333333333333337 2016.5000000000002 1117.6604166666668 96.735862711971407 38.283466803015955 -250.86813321987665 -26.008681966502881 -63.827086919066041 -31.403786347880519 1.0000000180025095e-35 101.28427674424698 -176.60825860141884 -1.0000000180025095e-35 2.3885999864928755 44.165813504709185 0.28753173426710321 116.47333333333334 1.1277219093604407 176.66947487774624 2017.5000000000002 4.7511465425939798 443.89500000000004 76.858333333333348 264.74636991107127 718.79500000000007 384.76500000000004 2021.5000000000002 -634.99286900830236 -162.18410715336299 -0.86602540378443849 2018.5000000000002 2019.5000000000002 1.1770948405101491 -76.639359640076108
decision_type=2 2 2 2 2 2 2 2 2 2 2 2 2 2 2 2 2 2 2 2 2 2 2 2 2 2 2 2 2 2 2 2 2 2 2 2 2 2 2 2 2 2 2 2 2 2 2 2 2 2 2 2 2 2 2 2 2 2 2 2 2 2
left_child=3 2 -2 7 6 27 10 30 20 -7 33 12 35 14 26 16 19 21 28 -15 -8 -17 24 44 38 34 -11 -6 -19 37 -1 58 36 53 59 -10 -33 -27 39 -12 -35 -30 -9 -37 -24 -46 52 -48 -49 -38 56 57 -36 -5 -47 -22 -40 -52 -25 -26 61 -61
right_child=1 -3 -4 4 5 9 8 42 11 13 22 -13 -14 15 -16 17 -18 18 -20 -21 55 -23 23 31 25 29 -28 -29 41 -31 -32 32 -34 40 46 43 49 -39 50 -41 -42 -43 -44 -45 45 54 47 48 -50 -51 51 -53 -54 -55 -56 -57 -58 -59 -60 60 -62 -63
leaf_value=-17.716027312114882 110.6740816336993 2.4793556154554284 42.003397772790592 -7.9970815628490346 17.911199762169744 14.936889656990388 -9.9758087668956783 -11.143559039216139 -16.464459334180738 -5.7818876929847356 5.4840137853305979 9.9833736401173123 7.7175093476534533 13.265198537088871 5.8297714023604144 2.3407918808811532 23.846003273287288 -4.3887754145496327 12.270041471485523 -0.64977772642213982 -24.942117785871542 -10.717801021566562 0.15089746526829292 -1.7005749810555555 -0.22194895096814743 16.393939217072198 -19.931126688515633 31.695720277595843 8.2207025970353786 0.48991844758802872 -30.90440973978437 3.9219141264439568 1.6027770985028802 0.20268815220926284 -0.036012572646836126 -10.151725890817197 6.344159925390632 5.093566852141203 -8.03314572895796 -1.2991989623915794 -3.9959720955269584 1.0662797579020404 -1.8266993931344311 -1.3199447094682188 6.2374821677461263 -0.088014889459153228 1.7785923033466737 -1.6668990234583583 -6.8735990875838739 11.607679907348848 -6.9429172817532816 1.7015255199230517 2.2691301960260413 -2.4639976218322848 2.8554062972142447 -17.409749873042198 -3.6080727509832009 -1.8643802921338928 2.6988390624864209 -3.2529494063578746 -0.13403122297668446 -1.3169560295649572
leaf_weight=0.23007485363632441 0.23560588946565986 0.39201452024281025 0.22893883707001705 1.4554178011603651 0.33141859364695747 0.59738521371036757 0.75482769822701834 0.33340277662500628 0.34507359843701157 0.33102522836998083 0.49734540516510506 0.37095000827684987 0.37573802843689907 0.52254865225404434 0.59591903397813439 0.35777735151350576 0.29185024462640285 0.62101847305893909 0.53060579113662232 0.45826962706632912 0.23966515017673373 0.50175541965290904 89.075847811065614 0.54341247514821489 8.8806607008446026 0.25180227146483847 0.35069705359637737 0.3335189432837069 0.54268294665962458 0.49732616357505322 0.39348721783608198 0.72352901916019652 1.0789538144599644 1.4130107495002446 186.46890592668205 0.79505856614559778 0.54621437960304353 0.2849092367105186 0.47209771629422936 8.1571910341735911 2.7313568461686364 0.73086842149496078 0.33226676238700747 0.22909641219303012 1.1310848779976357 4.0448093889281154 0.48408786463551168 1.0354545516893265 0.59090210031718005 1.068331728223711 0.36622192524373587 0.678499225527048 1.8209253163076926 0.37879207171499718 1.2725838278420267 0.3848403082229197 2.8284473977982989 1.6779055369552225 1.25309895677492 2.9325106658507147 5.1842519144993267 11.162500887876377
leaf_count=60 59 36 43 203 45 62 112 58 56 56 17 67 71 94 75 48 47 60 75 74 64 74 4256 140 1930 54 47 61 72 88 93 68 94 132 10010 197 56 87 78 986 351 91 50 34 28 497 114 105 57 103 51 89 103 54 55 104 305 224 109 231 334 603
internal_value=0 42.8034 76.8315 -0.118037 -0.0599947 5.3653 -0.171771 -15.9465 -7.91352 3.35367 -0.0924156 -3.52186 -6.39284 2.16779 -4.24976 3.96692 10.681 1.36553 3.72162 6.76368 -14.6504 -5.28221 -0.0248118 0.463232 -0.234673 -0.130207 -13.0607 24.8252 1.3275 5.63121 -26.0383 4.39066 5.97978 -3.8806 -0.157465 -10.2649 7.99963 10.3952 -1.79759 -0.909392 -2.56445 4.11491 -6.49308 -8.17612 0.248881 1.60237 -0.0394429 -2.3344 -3.55864 9.82699 -3.07381 -1.65885 -0.0137199 -6.85442 0.616419 -20.3004 -4.24102 -2.77424 1.3681 -0.955462 -1.29334 -1.71975
internal_weight=0 0.856559 0.464545 352.87 351.581 7.09734 344.484 1.28923 3.49525 6.4324 340.988 2.11592 1.74497 5.83502 1.27764 4.55738 1.27267 3.28471 2.42518 0.980818 1.37933 0.859533 335.01 100.738 234.272 219.594 0.681722 0.664938 1.89457 1.03404 0.623562 5.21354 3.41703 5.97858 218.56 1.36923 2.33808 0.536712 14.6777 8.65454 4.14437 1.27355 0.66567 1.02415 95.5243 6.44848 190.4 2.11044 1.62636 1.61455 6.02317 2.72263 188.29 1.83421 5.31739 0.624505 3.30055 2.04413 1.79651 28.1599 19.2793 14.095
internal_count=23697 138 102 23559 23298 981 22317 261 705 875 21612 425 358 813 178 635 215 420 298 168 280 122 20872 5406 15466 13716 103 106 223 229 153 570 321 740 13487 287 227 141 1750 1003 483 163 108 231 4836 580 10389 276 162 159 747 364 10113 257 552 168 383 275 249 3098 1168 834
is_linear=0
shrinkage=0.05


Tree=12
num_leaves=63
num_cat=0
split_feature=66 2 47 67 18 58 33 66 49 58 71 67 56 47 85 54 58 10 56 89 15 65 64 56 53 71 41 67 71 55 66 55 79 56 66 9 55 67 65 60 55 47 47 59 32 38 37 65 34 10 65 9 67 66 22 7 47 67 58 53 66 9
split_gain=501183 498653 118630 81373.7 87780.7 76350.9 76026.6 50319.8 30807.8 29334.5 28240.3 29653.2 27121.4 26322.6 28808.4 24348.4 15139.9 13386.5 13347.3 13239 14081.9 12526.7 10945.5 19081.1 10582.2 10216.6 9304.68 8620.13 8615.4 8326.19 7217.76 8472.68 7064.42 11676.4 10186.2 7010.43 6067.59 7162.71 11378.5 5849.52 5513.87 5257.18 5188.56 5044.47 5002.67 4581.05 4526.07 4148.51 4025.64 3890.21 4436.73 5554.04 3718.51 4135.76 3700.19 3686.15 3485.74 3320.77 3296.71 3188.38 5559.45 3045.72
threshold=1880.1466666666668 3.5000000000000004 -657.61063708756421 1177.3350000000003 0.25000000000000017 526.92356030001145 -1.0000000000000002 1079.0400000000002 -400.95825901262907 1191.4388962622475 -24.768787725765844 594.5350000000002 502.3846845763635 -134.01497347695215 1.0000000180025095e-35 5.0778650440383943 1862.7526704809745 1.2552629691260372e-15 153.64826352339421 1.0000000180025095e-35 0.25000000000000022 700.50000000000011 1354.2500000000002 407.85177413489868 198.98479302379249 -26.434981038379107 -0.6830127018922193 841.08500000000015 25.860200215471746 418.15037955169817 92.551666666666691 18.167882806461659 1.0000000180025095e-35 327.20746837755405 579.37833333333344 -12.000000000000005 -158.17112644733842 222.18000000000004 30.025000000000002 -77.655517674330696 -170.53708286171232 1.5925674317794221 -44.69194369925485 -147.90426869964128 1.0000000180025095e-35 -1.0000000180025095e-35 0.25000000000000028 664.71000000000015 -1.0000000180025095e-35 19.485571585149874 829.94000000000017 18.09326673973661 675.59000000000003 676.48500000000001 1.0000000180025095e-35 -1.0000000180025095e-35 -206.62597819697882 295.40000000000003 43.795979489568232 244.54327418884688 96.466666666666683 7.8971143170299749
decision_type=2 2 2 2 2 2 2 2 2 2 2 2 2 2 2 2 2 2 2 2 2 2 2 2 2 2 2 2 2 2 2 2 2 2 2 2 2 2 2 2 2 2 2 2 2 2 2 2 2 2 2 2 2 2 2 2 2 2 2 2 2 2
left_child=2 -2 7 5 8 10 -7 17 12 19 26 18 -5 14 21 -13 29 43 28 20 27 -10 23 61 32 -22 -4 35 36 -11 56 45 33 52 41 -8 54 42 44 -40 -28 -34 -38 -1 58 -32 -42 -44 57 50 -33 -52 55 -54 -12 -17 -20 -41 -39 60 -37 -15
right_child=1 -3 3 4 -6 6 9 -9 13 16 11 15 -14 22 -16 24 -18 -19 30 -21 25 -23 -24 -25 -26 -27 40 -29 -30 -31 31 49 34 -35 -36 59 37 38 39 48 46 -43 47 -45 -46 -47 -48 -49 -50 -51 51 -53 53 -55 -56 -57 -58 -59 -60 -61 -62 -63
leaf_value=-13.337161580905509 6.4576586483006553 82.252310005217808 1.2579747182546566 -16.603160184678178 28.752478628883257 13.313206465317037 -2.7936016456471902 3.5557104058933406 12.494964636626896 -17.158039212989891 -1.6635377714155881 12.689662009349853 3.5293483902652634 -2.1479917697060138 25.292967506901 6.4137206367238182 -27.644354735797862 -30.896103882066122 -7.254253526741957 0.068523264003042247 -7.2833557967121996 -1.6726343333410876 -3.9674893838362446 13.285177285288896 9.3384028903890908 8.0154609508762587 -6.5253198386923517 -16.4214726201993 4.9810709167442004 -5.5464915591848802 1.465423352311402 0.70605524313634482 -0.0073732243003014931 -7.0479722688309003 9.4663592639620173 -9.5293601014288178 -1.0152901553275417 -1.2323170247078292 -1.4098756041270473 0.46633146099989853 -1.9485250665020541 6.2405588158756995 -0.00074104516481166179 -22.538791068498334 6.3594603649651953 -3.4428746663320471 -5.5090569820309199 2.6331132401647479 0.65081570641469666 -3.6513100290108511 7.7038305379356409 -1.0639477430762707 -0.96005446010804329 3.6152335102290167 -7.3199620946619071 0.31529130589649218 -2.3754492393955124 5.5141514800171914 3.754465689387938 -12.165462352468568 -1.5926102090401948 3.891908687698225
leaf_weight=0.31615998223423958 0.53376753907650609 0.365657321177423 0.98000120604410756 0.28855191823095161 0.42021665256470431 0.45977012440562237 0.54612511349842074 0.24900483433157206 0.43155066343024462 0.38034850358963002 1.058091899845748 0.61814528796821733 0.39804829657077789 0.42667715530842343 0.33564195316284895 0.6174572454765439 0.22017836477607489 0.28149043256416917 0.38640022510662664 0.7043631263077258 0.20560918375849724 0.24436898250132799 0.41030317964032303 0.48377604875713587 0.49536030646413554 0.2325539314188062 1.5825889459811149 0.3278567437082528 0.87444453965872426 0.25986650912091136 0.60256206942722235 2.5455273217521617 1.109926891513169 0.45751044107601035 0.61436907062306989 1.0161849074065679 12.814658686053006 0.50632421555929175 3.2350216242484775 0.53447566786781198 2.864605226321145 0.48327872017398465 284.51124502927996 0.28161621093749889 1.2266667960211632 2.2523005343973637 1.2965125923510639 1.5029227887280274 9.9033004832453937 0.37105700094252814 0.56715084239840496 0.26502488274127245 1.6934132440946998 0.69730779016390432 0.39782610442489375 0.41387481940910287 6.9709842076990736 0.83456222666427493 0.95942209404893219 0.61966193094849575 0.28183485381305207 0.40860688267275691
leaf_count=71 60 77 113 49 74 24 92 34 86 88 146 82 74 63 58 87 60 63 60 94 55 43 63 63 51 64 145 40 83 63 85 294 103 51 81 188 1707 67 388 47 371 64 14611 68 26 237 108 31 1109 49 135 39 210 91 61 36 829 102 77 78 46 41
internal_value=0 37.2716 -0.0992101 -0.0478135 7.18396 -0.126977 -6.10898 -16.2864 4.53965 -7.97145 -0.0361989 0.0273466 -4.93158 6.91219 13.3189 3.20178 -16.3345 -21.9057 -0.0414362 -6.14248 -7.49699 7.37287 3.16471 5.38324 2.31079 0.836451 -3.245 -8.80495 0.0249211 -12.4449 -1.55461 -0.354605 1.7389 0.454002 3.99696 -7.79143 0.0112704 0.0261066 1.0183 0.464274 -4.0133 1.88786 -0.0310012 -17.6721 4.00351 -2.4069 -3.05791 0.0130991 1.00213 1.20832 1.74217 4.91154 1.45698 0.374432 -3.20914 3.96641 -2.63168 3.54347 2.03184 -9.21473 -7.80608 0.806626
internal_weight=0 0.899425 356.475 355.346 3.84774 351.499 5.25435 1.12827 3.42753 4.79458 346.244 339.521 0.6866 2.74092 1.01156 7.20064 0.860393 0.879267 332.32 3.93419 3.22983 0.67592 1.72936 1.31906 6.5825 0.438163 6.72371 2.79166 318.359 0.640215 13.961 6.60362 6.08714 3.87956 2.20757 2.46381 317.485 316.029 17.1998 14.5074 5.74371 1.59321 298.829 0.597776 2.69241 2.85486 4.16112 286.014 11.2723 3.74876 3.3777 0.832176 3.42205 2.39072 1.45592 1.03133 7.35738 1.36904 1.46575 1.91768 1.29802 0.835284
internal_count=23655 137 23518 23282 614 22668 892 236 540 868 21776 21039 123 417 187 856 211 202 20183 657 563 129 230 167 774 119 737 444 18455 151 1728 839 723 475 248 404 18372 18165 1816 1646 624 167 16349 139 170 322 479 14642 1258 517 468 174 424 301 207 123 889 149 144 312 234 104
is_linear=0
shrinkage=0.05


Tree=13
num_leaves=63
num_cat=0
split_feature=66 52 71 67 58 54 57 33 64 52 51 71 58 67 64 65 57 70 59 71 1 71 70 66 55 47 65 66 10 9 54 69 47 57 3 3 10 57 47 41 53 91 57 51 70 66 58 66 3 67 42 65 3 10 57 70 53 66 54 3 56 71
split_gain=473184 516900 86260.6 78313.8 87942.4 62377 39187.1 37355.7 36785.1 35915.3 29496.5 27592.3 27166.4 24814.5 36477.5 23669.9 25256.8 25618.5 20845.4 18073.2 22609.2 15812.2 13125.8 29118.6 13610.7 12495.2 12122.5 11087.8 10609.1 10581.1 9649.78 8750.88 8535.06 8414.38 7908.03 7858.78 7854.21 6825.2 7187.65 6371.58 5570.71 5053.62 4813.08 4728.46 4639.59 4466.86 8128.48 4409.28 3975.88 6537.46 3966.67 5120.86 3875.11 3845.94 4819.15 3796.94 3652.65 3548.99 3510.12 3469.34 3944.76 3433.38
threshold=1880.1466666666668 -271.19620979081066 -134.03426924863845 1177.3350000000003 526.92356030001145 37.735828093476705 -34.70680387360111 -1.2500000000000004 485.75000000000006 -122.48365992492931 -856.44155816897216 -24.768787725765844 1862.7526704809745 865.75000000000011 27.112500000000001 3381.1200000000003 160.62956478505774 0.75357121645301695 -184.17519412807664 22.632823791188951 8.5000000000000018 3.5172772861885391 1.7416114839369974 283.48500000000007 -204.79214231035976 -481.78901990205912 946.20500000000015 752.93666666666672 8.8301270189221963 2.5105259382520745e-15 184.70299360881452 0.83333333333333337 -321.69577624677328 89.914294130903087 2018.5000000000002 2017.5000000000002 -3.2146978477618016e-15 -176.60825860141884 -35.677091725230163 -0.6830127018922193 20.378782794533304 1.0000000180025095e-35 -1.3781951957819492 -48.200542764551194 1.1998653245376014 81.183333333333351 8.2254068790601949 366.0916666666667 2018.5000000000002 279.02500000000003 -0.5 95.020000000000024 2016.5000000000002 11.379165124598854 -42.859409533550824 1.1296549348226714 -28.780566568946423 100.08166666666669 30.540091792035483 2016.5000000000002 145.45097176683547 8.5875265178555775
decision_type=2 2 2 2 2 2 2 2 2 2 2 2 2 2 2 2 2 2 2 2 2 2 2 2 2 2 2 2 2 2 2 2 2 2 2 2 2 2 2 2 2 2 2 2 2 2 2 2 2 2 2 2 2 2 2 2 2 2 2 2 2 2
left_child=2 -2 12 4 11 9 19 -6 -8 -5 35 39 25 22 -15 16 17 31 21 20 -7 -10 24 45 -13 -1 -18 43 58 -20 33 32 -12 37 40 -9 -19 -26 52 -4 -32 -34 -41 61 -36 56 -47 59 -44 -50 51 -40 -39 -48 -55 -54 -24 -42 -25 -35 -61 -16
right_child=1 -3 3 5 7 6 8 10 18 -11 15 13 -14 14 27 -17 26 36 29 -21 -22 -23 23 28 30 -27 -28 -29 -30 -31 34 -33 41 47 44 -37 -38 38 50 42 57 -43 48 -45 -46 46 53 -49 49 -51 -52 -53 55 54 -56 -57 -58 -59 -60 60 -62 -63
leaf_value=-18.424722269790092 81.689683632809121 6.2534210146768219 0.66813343981756734 31.415752392094017 7.7294336589931367 -14.079203509768329 22.500535103053579 -13.303846847419585 3.9736000891816268 9.416202035652768 -11.783743943005286 -6.6665906831019557 -30.345701383823968 21.238020946026744 6.0591097898288986 -18.553768344436772 -2.2724858369488707 -4.7844009922934223 5.1639079096715506 5.0300332011465594 2.9791660578859096 19.455736047963452 -1.3790881874652001 5.6744710497565176 4.1605300579211599 -3.7915061069468665 11.847791435345771 9.6106318512461097 9.8175308875778207 -5.1235265093618398 5.6880982366889974 -13.954429267492793 -6.7469102745912224 6.8293729060408044 -3.6296057465489668 -25.849815226278022 5.3882335062418214 0.47059728611860713 0.04587583400012378 -5.351280151898349 -2.7310175404373007 0.65407318649819657 0.68180087871245032 -3.9789839803468059 0.67658958566264538 4.9869945476872592 1.2865115046369029 8.927955234784724 -1.510291391821923 -6.8133835322534697 -0.19121586711126326 1.1890493445477373 -1.7064987477853355 -4.3928118221239805 0.2747465270678332 -0.12903001398402342 0.26890324679764016 1.6965935073028491 1.6953991533847141 2.6311996904155905 -3.9647656834963598 -0.25415066884692616
leaf_weight=0.26597240474075079 0.36717040743678808 0.59519105078652401 0.93941008951514948 0.35638097487390041 0.4310344923287629 0.49684429541230224 0.36965680727735195 0.26991084404289711 0.31895382888615165 0.38695797603577275 0.74642054410651359 0.80708234431221981 0.24033202510327101 0.31328253448009435 0.37894587218761444 0.36459364742040623 0.33691712049767364 0.32634742464870214 0.55813110293820434 0.45468992087990046 0.3189347805455327 0.34149093739688396 3.5139731685630968 0.96758593665435899 0.92192391911521454 0.32309557031839986 0.27694577211514115 0.43459229916334141 0.89797334792092431 0.45268029579892755 0.4252508920617396 0.70129591319710005 1.0445686285383997 0.32084623957052727 4.4215963189490139 0.23220359766855836 0.45332048460841168 3.8012677952647236 44.364707093220204 2.6434428349602968 0.97158110584132351 0.29602081095799793 0.76161638647317831 0.42009664652869083 0.72857510671019543 1.2581231053918589 9.9781146959867311 0.29046056559309352 1.5947839575819673 0.91435018251650024 151.49593412526883 12.572347857989369 13.992454952560367 0.68684776430018279 2.8379440263379356 5.2443482077214858 77.905527067370713 0.84727600077167153 1.2974044643342493 0.90559196635149397 0.30235717119649053 0.49885342502966523
leaf_count=56 82 61 110 73 19 90 36 68 53 41 150 135 65 19 65 89 51 36 87 57 49 52 468 124 60 56 59 64 94 65 105 124 198 96 372 39 76 1022 1030 270 223 29 180 56 51 44 929 58 128 58 9750 430 1225 53 205 524 3441 184 155 150 46 54
internal_value=0 35.0347 -0.0723396 -0.0352522 -0.11392 6.87431 3.93604 -6.39926 8.22752 19.9635 -7.60554 -0.0157011 -16.1786 0.0469211 5.53725 -6.33544 -5.27018 -6.88194 5.07054 -2.95789 -7.41011 11.9788 0.0140558 0.498097 -0.184309 -10.3986 4.09791 2.69811 5.21854 0.556798 -0.162655 -9.12231 -7.49858 -0.106509 -1.94106 -19.1057 1.13025 -0.133026 -0.150126 -3.15707 0.536047 -5.11267 -3.76466 0.383492 -3.02042 0.342863 1.14313 3.28069 -2.48235 -3.44278 -0.0574958 0.298302 -0.988187 0.784978 -0.634783 -1.27645 0.197778 -0.668509 3.39523 2.20775 0.980189 2.47128
internal_weight=0 0.962361 361.02 360.191 356.136 4.05472 3.31138 5.47958 2.04091 0.743339 5.04854 350.656 0.8294 343.803 2.04577 4.54643 4.18184 3.56797 1.67126 1.27047 0.815779 0.660445 341.757 99.3435 242.414 0.589068 0.613863 1.73249 3.16296 1.01081 241.607 2.78831 2.08701 234.212 7.39428 0.502114 0.779668 232.393 231.471 6.8536 2.24411 1.34059 5.91419 1.2979 5.15017 96.1805 14.761 1.81926 3.27075 2.50913 208.433 56.9371 23.0381 13.5029 3.52479 19.2368 81.4195 1.81886 2.26499 1.5288 1.20795 0.877799
internal_count=23839 143 23696 23519 22916 603 489 938 293 114 919 21978 177 21232 258 812 723 613 257 196 139 105 20974 5513 15461 112 110 239 373 152 15326 501 377 14391 935 107 112 14041 13981 746 512 227 636 175 423 5140 1231 350 366 186 11210 1460 2771 1187 258 1749 3909 407 279 292 196 119
is_linear=0
shrinkage=0.05


Tree=14
num_leaves=63
num_cat=0
split_feature=66 70 58 29 67 66 10 55 3 71 52 67 10 48 57 53 34 65 47 54 66 70 54 70 14 47 60 66 63 3 50 54 50 53 36 70 8 67 54 47 57 22 22 65 58 17 66 3 63 57 54 60 9 10 51 32 57 57 57 63 37 63
split_gain=405323 492966 105068 107868 100847 72760.5 71070.1 49926.7 36945.6 30967.2 28944.6 24503.9 44444.5 21904.9 20030.5 18118.9 15093.5 16140.4 15155.3 12787.7 11758.3 17334.8 11200 10372.5 9562.52 9233.18 9097.09 8487.44 8158.57 7615.68 9147.09 7282.37 7274.8 6787.82 6483.86 7149.33 6085.66 5888.33 9542.39 6536.34 6062.97 5879.51 5375 5276.51 5749.32 4962.92 4897.3 4880.38 4558.65 4536.72 4137.39 3588.57 3546.19 3488.65 3609.62 3413.4 4718.59 3313.14 4039.75 4257.7 3210.78 3205.32
threshold=1880.1466666666668 3.6765424909626359 628.28001626122034 -1.0000000180025095e-35 1462.4950000000001 776.4383333333335 8.2500000000000036 -571.07348435238657 2016.5000000000002 -24.768787725765844 -106.14198181759318 884.90000000000009 8.8301270189221963 -658.16047855304294 -234.74618176747185 -213.42784551797754 -1.0000000180025095e-35 3381.1200000000003 -396.55851247732602 24.32605431717209 430.8250000000001 2.247933105347705 93.189450275845701 0.94845527130643348 0.93301270189221952 -194.21486999755547 -21.215571363698448 100.08166666666669 1286.9591666666668 2019.5000000000002 -194.67105393419689 437.51065010490044 -164.68402237888355 15.298288372034223 0.6830127018922193 0.31499018147226593 3.5000000000000004 222.18000000000004 1.1277219093604407 -93.29154640805578 -101.68363707605712 -0.5 -4.592425496802573e-16 135.06000000000003 104.40580147742293 0.25000000000000017 228.465 2017.5000000000002 431.60416666666669 -27.398441995809211 4.9600557603016799 18.292055648350679 12.312177826491071 3.9801020972288982e-16 -104.61355300878883 1.0000000180025095e-35 -6.093960718952248 117.47924095652459 12.827340415113051 509.28291666666678 0.25000000000000028 1037.2954545454547
decision_type=2 2 2 2 2 2 2 2 2 2 2 2 2 2 2 2 2 2 2 2 2 2 2 2 2 2 2 2 2 2 2 2 2 2 2 2 2 2 2 2 2 2 2 2 2 2 2 2 2 2 2 2 2 2 2 2 2 2 2 2 2 2
left_child=2 -2 5 -4 7 9 15 28 36 25 -10 14 26 31 -11 -6 -15 18 61 -14 22 24 37 29 42 -1 -13 32 -5 30 -20 -9 -24 -31 35 -29 -7 39 55 -16 -41 -27 -22 44 51 57 -19 52 -49 -28 -23 -40 -45 54 -42 56 -39 58 -37 -60 -43 -18
right_child=1 -3 3 4 6 8 -8 13 10 11 -12 12 19 16 20 -17 17 46 23 -21 21 50 27 -25 -26 41 49 34 -30 33 -32 -33 -34 -35 -36 45 -38 38 43 40 53 60 -44 47 -46 -47 -48 48 -50 -51 -52 -53 -54 -55 -56 -57 -58 -59 59 -61 -62 -63
leaf_value=-6.0718614613549278 6.5792350091465339 85.426716139501437 15.27815501521412 -21.324695610786392 -10.854566772127979 2.607459354549313 23.759780375258156 -14.069188883633197 22.767554417986929 -7.0475275441525511 8.301052523140946 -4.4030463225581604 22.630975624248862 2.7599575718947014 -2.0892228171434382 3.7242539173030496 -12.032113225064299 -13.536422299618321 -7.1978739798569693 9.1481939530437231 3.6808905095858075 12.946494682407726 -5.2763978583582132 2.7172461450775098 7.3016449591149426 2.0001533102972942 6.7101980696544352 5.7830469265454196 -34.27495364808599 -7.0982881660780208 4.7215093437579441 -26.583358847412796 -1.6037165648248415 -15.915605528524669 -6.0963723042048272 -1.0567470730595339 -9.2272567934087419 -1.2216356161524422 -0.28568685910524921 4.0165705109105554 1.8146119725022789 -1.9024630798616409 -1.0162562785315741 1.3741551536352923 4.3963638639534919 4.2224019696854675 -23.962595899452865 -0.212350028151926 -3.7472329457394795 -0.13561465253546046 5.8939365402965205 2.8564241546939533 8.012335771795156 -0.22601366446093885 0.094389033222831667 6.2458483674671346 5.7934169283177361 -4.1914870320085287 0.387344552628483 5.7723826741421709 -4.7924271676336838 -19.53006434643298
leaf_weight=2.1340096704661846 0.57114508468657632 0.30361597426235676 0.51361693441867817 0.2678855843842024 0.41764259757474065 0.2142967211548229 0.33514764113351703 0.22772552166134108 0.5169677985832094 1.0162073168903578 1.0440755046438424 0.59287116443738352 0.33727597724646319 0.25695817079395133 3.8142670588567844 0.43520362908020593 0.2975711175240584 0.23185991356149305 0.7955467221327136 0.36746952589601278 0.79374497383833009 0.36472301883622993 1.5709572816267598 0.26932409405708302 0.52900572912767518 0.72968323109671462 0.50941969035193335 0.55503420671447923 0.22273990465328097 0.47249729186296463 0.20178532321005938 0.23749673645943403 9.5141264197882283 0.40567374275997281 0.4155413033440708 4.1342585065867752 0.22028822475112975 0.51021043653599918 2.7351589733734718 0.9337655371054997 3.1056086544413111 2.9350853920914224 2.6173882018774739 1.0680322006810445 1.4776699687354264 0.6081298985518514 0.21901852916926146 7.3670585800427926 1.0409362050704656 0.46103052748367102 0.48381884954869747 1.3607890568673608 0.24788348749279965 119.77748105907813 168.87269273283891 0.99983589630573988 0.45214290590957051 0.55588052025996137 1.5409245113842192 0.48183785192668427 1.4290264726150779 0.27358201704919338
leaf_count=249 69 75 78 62 48 57 64 51 77 185 98 75 51 46 499 80 75 66 180 51 120 30 178 55 73 78 57 138 55 60 50 49 940 50 45 469 68 61 254 50 119 367 346 238 153 67 46 659 126 50 73 102 57 8005 7813 14 42 99 163 75 109 69
internal_value=0 33.946 -0.130757 -6.64663 -8.66919 -0.0176844 4.2513 -12.1739 9.50234 -0.0722085 13.0919 -0.00360497 5.17618 -10.2778 -0.0382657 -3.41506 -8.89453 -9.84018 -8.38579 15.6008 -0.0171877 2.44281 -0.0525487 -6.4584 1.04676 -3.31087 0.47677 -1.21916 -27.204 -7.77604 -4.78628 -20.4577 -2.1242 -11.1715 -0.00920776 0.311951 -3.39148 0.0194963 0.917263 -0.0327634 -0.00596402 -2.15417 0.0767344 0.496205 1.72275 -0.102833 -18.601 -0.206836 -0.64998 3.45797 8.92529 0.758211 2.62461 -0.0188382 0.125453 4.19989 2.07425 -0.494661 -0.160897 1.6701 -2.84878 -15.6236
internal_weight=0 0.874761 356.518 6.08128 5.56766 350.437 1.18799 4.37966 1.99563 348.441 1.56104 341.213 2.26807 3.88904 338.945 0.852846 3.42382 3.16686 2.71598 0.704746 337.929 4.78868 333.14 2.14483 3.94014 7.2278 1.56332 19.3767 0.490625 1.8755 0.997332 0.465222 11.0851 0.878171 8.29161 7.87607 0.434585 313.764 17.2597 296.504 292.69 5.0938 3.41113 15.2975 5.57362 7.32103 0.450878 9.72391 8.40799 0.97045 0.848542 4.09595 1.31592 291.756 171.978 1.96219 0.962353 6.7129 6.15702 2.02276 4.36411 0.571153
internal_count=23908 144 23764 1184 1106 22580 192 914 300 22280 175 21477 284 797 21193 128 697 651 539 102 21008 642 20366 395 539 803 182 2174 117 340 230 100 1118 110 1056 1011 125 18192 1706 16486 15987 554 466 1589 509 873 112 1080 785 107 103 356 295 15937 7932 117 103 806 707 238 476 144
is_linear=0
shrinkage=0.05


Tree=15
num_leaves=63
num_cat=2
split_feature=66 87 53 50 70 33 66 54 47 57 66 56 84 24 0 66 70 56 81 66 10 58 66 54 10 51 57 58 0 47 63 58 57 8 53 54 66 10 70 66 51 52 8 63 58 53 14 63 49 58 38 38 8 65 47 60 79 10 50 51 49 60
split_gain=407059 558921 245780 82053.2 90383.9 72909.6 43199.6 46473.1 41371.2 30317.6 37635.8 26690.4 22837 22633.2 19934.7 24074.1 26258.8 23165.8 19004.7 12717.1 11535.2 10811.8 12327.1 32536 10273.1 10015.4 11554.8 9803.51 9438.05 12983.3 9379.19 9338.7 9752.67 8745.42 6864.55 6419.37 6207.63 6142.98 5523.47 5060.19 5383.87 5033.96 5013.1 5846.78 5495.72 4752.99 4744.12 5103.17 4600.65 4395.23 4348.38 3898.49 3853.75 3747.2 3616.15 3501.58 3334.56 3297.6 4983.47 3287.38 3198.8 3168.52
threshold=1880.1466666666668 1.0000000180025095e-35 -364.82265330720094 -408.8410536728926 0.79620098394846384 -0.6830127018922193 714.5100000000001 33.103766664176433 -284.23534880792766 -314.4084160671278 714.5100000000001 718.96555993692698 1.0000000180025095e-35 -1.0000000180025095e-35 0 405.185 2.247933105347705 162.79966901093488 1.0000000180025095e-35 206.80500000000004 -14.861215932167726 526.92356030001145 94.168333333333337 1.9738004194473862 6.9641016151377562 229.34380862056892 117.47924095652459 190.5516581272872 1 382.75296876585816 1483.3636363636367 104.40580147742293 -176.60825860141884 3.5000000000000004 728.54895991942055 5.2186824928013751 220.73333333333335 -5.0980762113533169 1.8206012378426173 266.81333333333339 3.9453155704914686 116.36264821247573 5.5000000000000009 969.40909090909111 235.56783018008187 -132.35657838590552 -0.68301270189221908 456.73606060606068 -48.032261695590918 184.56652789487211 1.0000000180025095e-35 -1.0000000180025095e-35 2.5000000000000004 99.540000000000006 -29.961656158450968 214.85460684658753 1.0000000180025095e-35 -10.000000000000002 -565.09865005264203 -112.98556889952967 -197.06201354955772 -97.530067921359588
decision_type=2 2 2 2 2 2 2 2 2 2 2 2 2 2 9 2 2 2 2 2 2 2 2 2 2 2 2 2 9 2 2 2 2 2 2 2 2 2 2 2 2 2 2 2 2 2 2 2 2 2 2 2 2 2 2 2 2 2 2 2 2 2
left_child=3 2 -2 4 5 -1 8 -8 19 -6 -11 13 57 -9 27 21 20 35 42 -5 49 22 31 24 -24 26 51 48 46 36 -14 54 -33 -21 37 -18 61 -23 55 -29 -41 45 43 44 -15 -35 47 -25 -10 -17 52 -22 -40 -26 -16 56 -38 -7 -59 -56 -53 -30
right_child=1 -3 -4 6 9 12 7 11 14 10 -12 -13 30 18 15 16 17 -19 -20 33 25 34 23 28 53 -27 -28 39 29 -31 -32 32 -34 41 -36 -37 38 -39 50 40 -42 -43 -44 -45 -46 -47 -48 -49 -50 -51 -52 60 -54 -55 59 -57 -58 58 -60 -61 -62 -63
leaf_value=11.530999646954385 103.77896941197415 -9.2171965975679395 32.569572762383956 -7.6087513513690697 -9.0810043650286527 -8.7185855405600137 17.134235662416312 11.052637831707251 -3.3733480836571506 -2.3731585507874176 16.313531710124856 13.411970627846774 -19.689397280059467 -2.2105302047145563 -0.72041477597969017 3.5762125042448121 9.9355612625294363 18.564225762213837 -10.810244650420501 0.91405827084033153 4.1232301088845027 -6.9191481170054789 3.5550311416803249 -2.1153451822840434 12.793460169121758 -6.8166141088436873 9.1150949739720417 -6.1985171978666829 -1.2148098125798652 9.1737021168970987 -31.161060453293288 5.8009300887458046 -1.4421348656775483 -6.3183547873575145 -10.681208501694554 1.9135876820293174 -2.1239057084064736 1.7618349227422883 0.83428568156352334 0.14959413290680565 -5.8341645867568968 -12.064180525527386 5.9090685560635094 -5.3367231506265629 6.6658937674402772 2.7567053003665118 -0.84439754226376906 -7.4411978364965279 -0.89115830443440203 11.484314857323632 8.1917153287249107 -5.3047891188176868 6.168509895162237 7.0968299663082579 1.6928256178267302 4.9674020718570349 1.6441121641651162 -18.586239077562418 -10.557132416744166 0.021265054153847641 -0.15999094588185594 0.84813381624279283
leaf_weight=0.2343965740874413 0.25484052393585443 0.41258318349719048 0.23102495027705927 2.230306821409612 0.48520307289436448 0.27112681744620226 0.68651784723624532 0.41638828348368528 2.8202951750718048 0.60555358603596665 0.48546007601544261 0.47869071131572116 0.38227348122745741 0.36169552849605613 16.614091901574284 0.40949220210313786 0.40174813708290436 0.44374006427824486 0.44933083094656456 1.0864896527491512 0.43240820011124137 0.38287989608943462 1.4968749154359131 1.5742768468335273 0.55472749983891823 0.46637791162356723 0.38726991182193149 2.3907659566029902 2.2729660123586752 0.51055284403264423 0.33372762566432357 0.47869087615981953 15.957212911685927 0.47316941712051641 0.34808817133307457 0.65757068851962686 0.80582986725494254 0.43568348651751765 0.80684283142909385 0.845583082642406 0.67678334284573793 0.23311984492465854 0.37587421434000123 0.43100264994427562 0.33670606231316924 0.20757512748241402 4.90673335082829 0.62968773022294033 5.521382364910095 0.30774936685338616 0.5913312486372887 0.37068027164787132 0.58343786094337702 0.60190062434412539 2.9748711779247961 0.54924650350585569 2.1636883816681802 0.44664607057347916 0.3406550521031011 260.96110748522915 1.6336700986139461 10.277566713746635
leaf_count=40 63 36 42 367 65 68 92 80 225 97 98 74 79 64 2030 71 52 58 28 87 70 57 70 180 34 74 52 242 304 88 92 18 1803 104 49 73 131 71 39 80 44 47 85 34 43 48 593 98 155 45 51 54 81 67 83 81 342 101 76 12673 275 1322
internal_value=0 33.5786 69.9195 -0.119132 -7.64524 -14.6777 -0.0424829 5.45607 -0.0982804 1.31731 5.94172 2.64269 -18.1397 0.46843 -0.0378849 0.0585802 3.33757 8.97344 -1.78631 -5.01259 1.22385 0.00502762 0.0222587 1.01888 6.28976 -0.028553 1.09247 -1.48622 0.474072 0.851828 -25.0363 -0.0727959 -1.23118 -2.11798 -4.79972 4.95593 1.08835 -2.29866 2.48897 -4.76375 -2.51055 -5.72276 0.907362 -0.757243 2.06888 -3.55115 -0.710608 -3.63698 -1.73038 6.96937 4.60034 -0.182552 3.07282 9.82898 -0.00493226 1.29994 0.621596 -13.4744 -15.1121 0.0401055 -1.11146 0.474524
internal_weight=0 0.898449 0.485865 355.596 3.58504 2.00883 352.011 3.53621 348.474 1.57622 1.09101 2.84969 1.77443 2.371 344.244 331.989 5.51071 1.50306 1.95461 4.23066 4.00765 326.478 325.312 28.3257 2.6535 3.29041 2.82403 12.2548 25.6722 18.5615 0.716001 296.986 16.4359 2.00035 1.16665 1.05932 18.0509 0.818563 5.50038 3.91313 1.52237 0.913864 1.50528 1.1294 0.698402 0.680745 7.1107 2.20396 8.34168 0.717242 1.98161 2.43676 1.39028 1.15663 280.55 3.51876 2.96952 1.05843 0.787301 263.936 2.00435 12.5505
internal_count=23845 141 105 23704 716 456 22988 500 22488 260 195 408 416 334 21835 21089 824 183 254 653 641 20265 20088 3481 171 525 451 746 3310 2439 171 16607 1821 286 177 125 2351 128 725 366 124 199 226 141 107 152 871 278 380 116 171 399 120 101 14786 554 473 245 177 12756 329 1626
cat_boundaries=0 22 41
cat_threshold=526338 0 536870916 34 16416 0 129 0 2148532225 1879048224 0 0 1 0 0 67108864 8389264 128 33554434 65537 512 2097152 2147516428 256 524288 0 0 0 32768 0 0 2148270169 0 0 0 270008320 0 0 541065473 104894493 67108864
is_linear=0
shrinkage=0.05


Tree=16
num_leaves=63
num_cat=2
split_feature=66 87 53 48 67 58 54 1 50 56 71 65 64 66 49 58 33 49 63 66 66 82 66 54 65 63 34 0 64 58 67 50 54 58 67 54 56 0 57 67 67 50 38 57 71 1 67 51 58 8 46 65 57 64 58 66 66 65 51 90 53 3
split_gain=340603 515114 175132 89143.8 86649.6 66271.9 50265.7 42014.6 52193.7 38580.8 30553.6 35770.2 29033.4 24524.2 21465.4 20658.4 19264.4 18344.2 18275.8 21906.9 15135.3 14331.7 14035.1 19682.3 13287.9 11643 10374.9 9040.25 8811.98 8383.36 8301.04 8115.81 7720.62 6680.67 6665.61 11580.4 7880.94 6971.85 6766.17 5791.95 5574.62 5488.76 5095.15 5036.93 4892.52 4824.25 6136.76 5269.33 5629.54 3786.85 3774.64 3728.67 3609.02 3455.85 3427.03 3256.69 3188.85 3909.22 2821.23 2765.03 2586.3 2584.12
threshold=1880.1466666666668 1.0000000180025095e-35 -364.82265330720094 -443.0134977639359 884.90000000000009 526.92356030001145 4.9600557603016799 10.500000000000002 32.992832935374544 9.2055555556468462 27.682747917131397 1244.9000000000003 967.59500000000014 1250.1550000000002 134.27934239155078 507.63842160418329 -1.0000000180025095e-35 -226.29953598123896 1483.3636363636367 288.6466666666667 236.31500000000003 1.0000000180025095e-35 405.185 4.8268940786078893 187.03000000000003 1353.0833333333335 -1.0000000180025095e-35 0 1642.0000000000002 98.509909427517826 1177.3350000000003 -408.8410536728926 184.70299360881452 412.5647751510424 222.18000000000004 1.9738004194473862 86.678187986773068 1 -140.06090329348299 102.34500000000001 841.08500000000015 84.038992744217893 1.0000000180025095e-35 -121.58767748232547 -9.6476113499892637 4.5000000000000009 425.34000000000009 -71.266440349823114 175.98077299377613 5.5000000000000009 -1.0000000180025095e-35 414.72000000000008 -10.890587480306115 435.10250000000002 304.71817924632256 56.343333333333341 17.35166666666667 285.48500000000007 46.386706491231664 1.0000000180025095e-35 -25.022846437304292 2019.5000000000002
decision_type=2 2 2 2 2 2 2 2 2 2 2 2 2 2 2 2 2 2 2 2 2 2 2 2 2 2 2 9 2 2 2 2 2 2 2 2 2 9 2 2 2 2 2 2 2 2 2 2 2 2 2 2 2 2 2 2 2 2 2 2 2 2
left_child=3 2 -2 7 5 17 9 8 15 -6 13 14 -10 21 -12 -1 -7 39 20 28 31 24 27 -24 -8 43 41 29 -20 60 -26 -18 -32 51 36 -36 38 53 -29 -5 -27 -25 50 -17 -40 -39 -47 -48 -49 -31 -41 -23 59 -37 -52 -33 57 -46 -28 -38 -19 -54
right_child=1 -3 -4 4 6 16 10 -9 12 -11 11 -13 -14 -15 -16 25 18 22 19 -21 -22 33 23 26 30 40 58 34 -30 49 32 55 -34 -35 35 37 52 45 44 42 -42 -43 -44 -45 56 46 47 48 -50 -51 54 -53 61 -55 -56 -57 -58 -59 -60 -61 -62 -63
leaf_value=-5.3441307021588775 97.406626862666087 -4.6094649782784654 35.565800343467643 -7.0738587542261557 4.7718002107321338 3.4572887209051504 10.184691127162708 6.2601464139778491 -9.3661068615444769 28.6817686280292 25.123548333312829 1.063289466185996 10.05441461415767 12.047838963661675 9.2060349829482089 -20.617482293935229 -15.121462476344576 -2.4535550475688663 -14.465695723507091 -24.833037635210719 2.0682830701446164 -5.6986154733124597 11.888032832802129 3.0737889699411078 -2.1778989133876858 -31.816928628628858 1.5018060160645037 4.0656111148450558 -1.4143846422160673 -4.431802307193907 -0.11182987520610857 -7.3284881677613587 9.5516765308074323 -10.31148348450588 4.3808315658550043 -1.0563910746650578 -1.8397452713193223 0.22116251977039303 -1.1492118751980733 -5.7654033270608531 -20.150121955877911 12.135429561102924 -5.6211006928721536 -13.1000281148662 -0.085916148322096292 1.5040279173784084 1.984585655529691 4.2915378615641888 12.120818494328441 -1.059762116146661 -1.8348030877572274 1.378170343530299 0.47829633230281071 -4.2356506039538315 2.6215908131710854 -2.2384071519422304 0.33648999856049866 1.0649624230789418 -1.3033548865615563 -5.5175000274606143 -0.4331789331088845 -1.1981319390912031
leaf_weight=0.36601481353864063 0.2412096755579114 0.52026618458330631 0.21791828935965796 0.84671043325215523 0.29162071621976693 0.43552824156358827 0.47002069558948401 0.40191726852208365 0.41324044344946731 0.40031242230907083 0.42087680427357532 0.58812330150976777 0.36019533453509212 0.52818077197298396 0.42636398179456592 0.34298750385642085 0.30152052547782737 1.9998342937324194 0.25905149243772019 0.30565862916409969 0.50759947020560492 0.33133023558184482 0.50958852982148428 0.35475712548941363 1.0462024216540156 0.19751198356971145 2.9500716724433005 1.0388575480319548 0.25827652076259255 3.0922415319364509 0.43099509552121151 1.573122204281389 0.39715429721400142 0.32323315134271979 2.1472269766964045 5.1119203204289079 4.0180397368967542 4.578414463670927 8.6334127618465555 0.36919221421703818 0.2125970646739006 0.31592816021293402 0.88682676851749409 0.63602694729343001 197.90478852158412 6.2539123781025392 0.87948662484996021 0.59096175688318886 0.37547779688611627 1.1393723597284404 1.2010879674926394 0.42473890678957105 3.5074363262392545 1.0263756099157033 0.67321904515847553 0.39268696215003718 75.75356049858965 7.66429683798924 1.2875010804273186 0.58553967811167229 7.6176632093265635 6.6702211191877723
leaf_count=58 61 44 41 94 60 38 49 70 69 52 53 80 60 85 50 63 75 178 61 56 60 55 44 54 87 53 410 56 60 295 53 284 77 39 97 434 404 495 741 39 47 53 106 159 8090 794 88 95 50 345 200 79 739 152 76 55 6759 45 188 41 69 430
internal_value=0 29.4546 68.0548 -0.07106 -0.000378305 -0.102016 5.91843 -8.75637 -11.1432 18.6047 4.28901 10.537 -0.321812 2.01967 17.1132 -15.9119 -6.4745 -0.0285749 -7.67674 -14.2203 -5.73606 0.472594 0.0102342 2.53509 2.66757 -18.6964 1.56405 -0.0299295 -7.94982 -0.969352 0.782547 -7.48327 4.52248 -4.29516 0.0383813 0.90205 -0.0195759 0.505073 0.0376338 -3.40501 -25.769 7.3423 -2.41264 -15.7337 0.0232024 0.848887 2.25174 4.78494 7.33334 -3.52387 -1.14437 -1.72307 -1.14585 -0.604002 -0.234143 -6.3117 0.0591822 -0.0430076 0.649514 -2.30753 -0.85329 -0.620399
internal_weight=0 0.979394 0.459128 363.027 360.097 354.017 6.07915 2.93049 2.52857 0.691933 5.38722 1.43536 0.773436 3.95186 0.847241 1.75514 4.03344 349.984 3.59792 0.822987 2.77493 3.42367 346.007 5.41785 2.34437 1.38912 4.90826 340.589 0.517328 13.8491 1.87435 2.26733 0.828149 1.0793 326.74 20.9638 305.776 18.8165 290.995 3.97704 0.410109 0.670685 3.13033 0.979014 289.956 12.6783 8.09984 1.84593 0.96644 4.23161 2.2435 0.756069 14.7812 6.1383 1.87431 1.96581 281.323 205.569 4.23757 4.60358 9.6175 10.1777
internal_count=23894 146 102 23748 23169 22350 819 579 509 112 707 183 129 524 103 380 689 21661 651 177 474 439 21146 749 266 322 705 20397 121 887 217 414 130 173 19510 2205 17305 2108 15691 515 100 107 421 222 15635 1522 1027 233 145 640 315 134 1614 586 276 339 14894 8135 598 445 247 1169
cat_boundaries=0 22 43
cat_threshold=4 0 536870916 2 103440 0 128 0 1048576 537133056 0 0 1 0 64 0 944 17301632 0 1 0 2621440 2147483688 256 524288 0 0 8192 0 0 0 2148008049 0 0 0 524288 0 67108864 675284032 37781533 33587202 0 512
is_linear=0
shrinkage=0.05


Tree=17
num_leaves=63
num_cat=1
split_feature=66 70 71 66 56 55 53 55 53 29 50 52 57 58 48 70 66 54 56 50 54 50 64 79 70 53 9 70 57 54 66 47 58 58 55 51 1 51 4 50 56 48 49 71 9 56 50 54 66 64 72 54 70 57 4 89 64 21 15 58 64 18
split_gain=287652 372704 64689.8 61364 71996.9 49685.3 44019.3 33819.8 28933.6 28827.9 25831.4 18400 17213.1 34424.1 17101 16151.2 38907.4 22107.3 20111.9 15919.7 14925.7 14445.6 13676.6 11159.9 17841.4 9186.94 8288.18 9259.83 7887.09 7532.24 7235.12 8167.74 6191.08 6080.01 5942.92 17358.8 5705.74 5317.5 4919.02 4839.2 4740.65 4309.03 4198.08 6629.75 5526.36 4114.44 4111.77 4036.94 3913.02 3857.83 3746.06 5496.4 4849.5 4081.14 3321.5 3122.61 3053.78 2992.34 2872.38 2868.75 4332.22 2762.01
threshold=1880.1466666666668 3.6765424909626359 -82.707288908205896 867.34833333333347 138.2144064297996 -453.70761827739608 728.54895991942055 -170.53708286171232 -231.65976978532021 -1.0000000180025095e-35 242.69500977074475 -95.106020220988995 210.81593865271228 581.293206663354 -658.16047855304294 2.0001643115346703 196.76000000000002 2.9717217964098581 309.40999481370505 -221.70900247705023 184.70299360881452 -312.17517544763058 18.020000000000003 1.0000000180025095e-35 6.9526834182103094 -58.003172245862565 -15.794228634059946 1.1538939756415154 -3.4222447963477438 747.56968784860817 320.27333333333337 -358.55946546546545 1023.0943537561496 526.92356030001145 21.226624060767353 -168.37153019820337 4.5000000000000009 -335.67134640315447 1.0000000180025095e-35 -382.28765368272678 114.22410695703128 -117.51610282805166 -175.98134705632194 3.4086199441214986 -5.0980762113533169 130.8385698818561 -565.09865005264203 62.839676935236831 37.141666666666673 939.02250000000015 0 21.883746057665679 1.0235160269708443 -45.955598595292727 1.0000000180025095e-35 1.0000000180025095e-35 412.99000000000007 1.0000000180025095e-35 1.0000000180025095e-35 106.07448945216636 866.70500000000015 1.0000000180025095e-35
decision_type=2 2 2 2 2 2 2 2 2 2 2 2 2 2 2 2 2 2 2 2 2 2 2 2 2 2 2 2 2 2 2 2 2 2 2 2 2 2 2 2 2 2 2 2 2 2 2 2 2 2 9 2 2 2 2 2 2 2 2 2 2 2
left_child=2 -2 5 6 -5 40 8 -6 9 -4 21 -12 15 38 -11 18 41 22 25 29 -7 -9 -18 34 45 36 -21 33 -24 39 58 -32 -8 -28 42 -36 47 -27 -14 -20 -1 -17 -19 44 -44 55 -34 61 -43 -38 56 -52 53 -53 -41 -25 -39 -50 -16 -55 -61 -10
right_child=1 -3 3 4 7 20 32 10 12 14 11 -13 13 -15 30 16 17 23 19 26 -22 -23 28 24 -26 37 27 -29 -30 -31 31 -33 46 -35 35 -37 49 50 -40 54 -42 48 43 -45 -46 -47 -48 -49 57 -51 51 52 -54 59 -56 -57 -58 -59 -60 60 -62 -63
leaf_value=-14.725797874958273 3.4312555255967911 73.889392607357294 8.4306870092273023 27.625142783606091 -5.1458530197562409 -6.706307193733025 -5.6416255892774672 8.6657491802708915 -2.7820958954307287 -17.345792290789262 23.162741260700471 7.3425877595188114 -1.3973074160293253 22.599649603933351 -7.78387179635775 -3.097224153700683 1.8656448669442378 -4.3191426075999555 -0.70021693097799698 5.2254533256991316 6.0701089152384924 -3.0171875287867493 18.360852184454263 5.5810731458003007 14.433238354581119 3.835922348831533 -2.2238366929601905 4.5653312765964307 9.0002764101116952 -12.870192774638511 -7.6685036630984831 0.72632871047415404 -17.100786371366187 -8.2595165073819246 15.200719933738235 -0.66779251919471205 -0.97065892574626322 0.62443254506350232 5.8466243707040473 -10.625401133921013 -23.093745097038763 0.069963920897315415 6.9026040886125193 -2.6985296345870289 0.53043021916151989 7.1051030348296109 -9.2213300165341376 -5.7096230262175069 0.54925164090625833 2.9927312732500568 -0.035133816320165885 -4.1372807535760625 0.1894146013133847 -0.60195871467450635 -4.3642273561007441 0.1124403793717077 3.0080179814478081 1.9434238665868873 -2.3990068028590144 -1.9975504076110244 3.3878178569296411 0.65051958565688184
leaf_weight=0.27797921560704697 0.49861196288838883 0.30099037382751703 0.39244632795453105 0.37696013646200244 0.69943835912272412 0.74326458619907387 0.54790181899443158 0.52818371960893307 2.8297184512484814 0.29691493790596757 0.3566782888956368 0.37919461261481036 0.5526606673374761 0.24717456335201859 1.469896099995821 0.94809009623713691 0.35779287805780657 0.46855708095245097 0.3982812464237212 0.4168518146034329 0.33011518511921167 0.53017618507146735 0.42604774236679077 0.37375285825692139 0.45473147719167162 0.86338013736531039 2.7686048254836351 0.44373394176363934 0.47696661809459329 0.43780250707641233 0.42824679659679532 0.89590236032381632 0.30430237483233213 0.49128570640459646 0.26844588946551085 0.48138803336769331 9.2286759777925873 12.389100042637446 0.40689341491088271 0.40879998775199045 0.43273636745288968 57.360183160519227 0.54293825756758507 0.82662086281925429 0.91145787690766167 0.50789705454371858 0.36315898830071092 0.9694783086888491 18.858893274096776 0.65773108834400851 178.29168128687888 1.0036411823239202 11.864698300603775 21.814036726485941 0.4395904834382236 0.86555802961811423 1.5072193951345969 4.8355948901735237 0.29782322607934464 7.3310073262546203 0.39348262595012773 0.73908522049896408
leaf_count=73 62 71 70 65 81 128 93 65 295 64 57 49 90 53 246 122 52 66 79 60 53 85 39 51 31 73 307 43 61 89 74 95 78 70 33 80 1100 1363 93 64 92 2570 70 57 90 51 78 128 1330 59 8300 135 1205 1922 43 113 338 154 62 915 89 100
internal_value=0 29.9535 -0.0695831 -0.021683 7.25894 -9.56658 -0.0812516 4.18025 -0.0482322 -4.39827 7.81581 15.0106 -0.000673834 5.96056 -5.88396 -0.0215458 0.558721 4.14727 -0.223446 -3.13289 -2.77695 2.81328 10.1387 2.82232 5.61104 -0.155857 -1.45873 -2.21105 13.4167 -7.22814 -4.78327 -1.98867 -9.58041 -3.13345 1.06756 5.01325 -1.38073 -0.0808188 1.67444 -5.24679 -19.8208 0.254047 -0.00846426 0.877017 2.90922 3.31496 -12.8137 -2.84846 0.293247 -0.706979 -0.0952336 -0.150028 -0.668457 -1.00171 -7.3812 1.76168 0.513464 0.833776 -6.87664 -0.895175 -1.72322 -2.07121
internal_weight=0 0.799602 355.511 353.727 2.87063 1.7841 350.856 2.49367 349.641 3.78123 1.79423 0.735873 345.86 1.20673 3.38878 344.653 88.9649 6.96215 255.688 5.80495 1.07338 1.05836 1.26081 5.70135 2.20194 249.883 4.12048 3.70362 0.903014 1.68447 3.09187 1.32415 1.21536 3.25989 3.49941 0.749834 14.4247 235.458 0.959554 1.24667 0.710716 82.0028 2.74957 2.28102 1.4544 1.74721 0.667461 4.53828 81.0547 9.88641 234.595 220.699 42.4069 30.5422 0.84839 1.23931 13.8963 23.6945 1.76772 29.5385 7.72449 3.5688
internal_count=23724 133 23591 23245 402 346 22843 337 22594 611 256 106 21983 236 541 21747 4970 794 16777 755 181 150 152 642 246 16022 480 420 100 275 477 169 249 377 396 113 1682 14340 183 186 165 4176 283 217 160 215 156 523 4054 1159 14267 12566 4266 3061 107 164 1701 1484 308 2926 1004 395
cat_boundaries=0 21
cat_threshold=67109505 1073741824 2 4096 0 0 1048576 0 268436480 0 4096 131072 16777216 536871057 8 536871168 2418016257 0 0 201462784 268435456
is_linear=0
shrinkage=0.05


Tree=18
num_leaves=63
num_cat=3
split_feature=67 52 72 67 50 65 10 63 49 54 89 72 67 29 50 67 50 56 57 54 67 63 10 63 47 58 9 91 54 63 53 67 54 52 51 49 51 3 56 49 9 63 65 53 72 3 63 60 60 31 16 28 50 56 89 9 22 58 5 49 69 8
split_gain=234279 440190 50298.9 95965.1 66186.8 57828.1 47784.6 29254.3 22316.5 16854.5 15043.7 14413.6 15549.7 23492.6 13300.1 12981.1 12793.7 13881 12517.5 13928.7 13740.2 13873.9 11248.2 12817.2 10227.4 10076.9 9109.77 8883.39 8838.02 7073.13 5980.1 5881.99 8411 5301.24 5081.64 6107.51 4957.59 4491.68 4319.29 4067.06 5445.37 3994.87 3826.11 3696.29 3255.6 3222.75 3921.01 3376.67 3039.19 2978.27 2888.82 2931.38 2808.01 2768.35 2693.96 2515.7 2445.32 2384.73 2116.27 2105.18 1955.96 2580.87
threshold=2625.9500000000003 -257.21972887194727 0 865.75000000000011 -565.09865005264203 309.33000000000004 8.5801270189221945 1037.2954545454547 -400.95825901262907 10.019440940384525 1.0000000180025095e-35 1 454.89000000000004 -0.6830127018922193 -143.32618584549274 583.97500000000014 -565.09865005264203 620.42010147658175 210.81593865271228 277.62680109672903 916.84000000000003 398.37250000000006 20.892304845413268 1249.4577272727274 -268.51594781121224 581.293206663354 -10.750000000000002 1.0000000180025095e-35 3.6197245019665982 633.77708333333351 -364.82265330720094 203.89500000000001 1.9738004194473862 272.36080251527181 -296.25299092963377 -56.787080019616532 301.85893530998231 2018.5000000000002 22.423116045041066 -42.866175763773796 3.2320508075688781 903.00875000000019 910.07500000000016 579.30471047726178 2 2016.5000000000002 381.92250000000007 106.6302266330908 65.778083882864607 0.68301270189221941 -1.0000000180025095e-35 -1.0000000180025095e-35 -312.17517544763058 117.82608626757759 1.5000000000000002 -3.0000000000000013 0.93301270189221952 73.409675777992561 1.0000000180025095e-35 183.5728768061999 0.41666666666666669 3.5000000000000004
decision_type=2 2 9 2 2 2 2 2 2 2 2 9 2 2 2 2 2 2 2 2 2 2 2 2 2 2 2 2 2 2 2 2 2 2 2 2 2 2 2 2 2 2 2 2 9 2 2 2 2 2 2 2 2 2 2 2 2 2 2 2 2 2
left_child=2 -2 4 11 7 6 10 -1 26 -7 -5 14 24 -14 15 38 -11 25 19 20 29 -22 23 28 27 39 -6 37 -15 48 -9 34 -33 36 -26 54 45 -13 -4 -18 -41 -21 57 -43 58 47 55 -30 -10 56 51 -16 -40 -50 -36 -47 60 -37 -34 -48 -46 -62
right_child=1 -3 3 5 8 9 -8 30 18 16 -12 12 13 22 50 -17 17 -19 -20 41 21 -23 -24 -25 31 -27 -28 -29 33 -31 -32 32 44 -35 35 42 -38 -39 52 40 -42 43 -44 -45 49 46 59 -49 53 -51 -52 -53 -54 -55 -56 -57 -58 -59 -60 -61 61 -63
leaf_value=-4.7291414856519323 65.594717982891822 -3.9795368118012746 -2.657474024949551 14.808174546983071 -6.2720710480400186 12.638504002651461 27.203491344724103 -26.59156447787749 -3.1547805299190554 10.259358616481826 2.5175046751553594 3.9316900588933659 13.205536040354355 7.7888583447788085 -2.2021738229467687 4.0063096521614412 -0.97477804700974691 8.1570081990762873 5.1020291881496052 -5.469109962304981 -4.7078948038873483 7.8464960863981252 -4.6174179380738005 10.586078090929856 3.8941618671209173 -7.6186871516408363 -17.796133607472111 -9.8131264404890786 2.1241112164687999 -7.0498253336303822 -17.571048302952715 3.7934253294890237 -0.023052949483655244 -4.2524988347971311 -1.2344832530828773 0.042114680172598895 6.7554704663822909 -4.5470637073005724 -10.058525378335585 8.5692720993224665 0.1020644971665695 -14.562141986875872 2.2076348841922036 -6.6589733024165882 -0.47656983135469427 5.0508328420169963 -1.347243392184974 9.7832523253581325 1.7457927619571543 -2.832959811290249 -1.0711476540371827 -7.9847446667531869 -6.0784914323641237 -2.9301651690427173 2.8025853651215296 1.1892317373951806 -0.94843531044920715 -0.57896150295753512 -1.9632875937631049 2.7336539282394394 2.7599983457905104 0.95327386639951861
leaf_weight=0.35807957733049878 0.38973787520080805 0.54561429237946768 0.51657113572582591 0.49025054089724907 0.3375438922084868 0.44183958601206574 0.52531073987483978 0.37373816734179854 3.5561133627779746 0.43373550288379226 0.50586889544501901 0.27740860683843382 0.45757580129429598 0.53464057110249807 0.79876312613487244 0.32356827287003387 1.1558009563013918 0.55646710237488139 0.47840842651203352 0.81629720004275419 0.34537298791110504 0.60653103422373533 0.67535218782722939 0.42191261798143376 0.82932155532762308 0.42247718526050437 0.34858969831839104 0.48816615249961615 0.53442290518432845 0.98514136485755432 0.36139808967709541 2.221140785142782 2.5996220866218209 0.43178868386894453 12.268649438396093 271.73448058613576 0.41508803842589248 0.3574998970143497 0.79712753510102674 0.33041866309940804 0.44644318241626024 0.31569413002580404 1.988406482618301 0.2784277074970305 0.86068617925047775 0.55122114624828134 2.1434723045676951 0.19692946504801512 0.71759840194135882 0.40426414366811592 8.7552390347700548 0.30203735083341487 0.99801026005297833 0.56635361025109887 0.42764093307778317 1.7957547260448334 0.89502371149137694 16.387852688785642 3.0593706169165671 0.37067324249073852 4.8847144015599024 3.320118696661666
leaf_count=65 89 55 85 73 52 55 56 90 328 61 41 67 65 44 216 32 117 82 83 86 60 81 97 75 61 37 74 88 130 200 80 100 262 73 1453 13807 48 63 154 71 51 63 74 69 48 72 284 54 84 51 505 14 142 37 39 141 126 1643 332 49 407 684
internal_value=0 25.0103 -0.0457544 0.093933 -2.45605 6.76793 15.0014 -16.4486 -3.4466 3.4603 8.56649 -0.00632246 0.0747645 2.18432 -1.23202 -5.37355 2.24808 1.05466 -2.75933 -3.21868 -2.27787 3.29147 1.55951 2.12355 0.0213769 -0.623469 -12.1269 -4.74174 1.61158 -3.18797 -22.157 0.0379959 0.909943 1.0987 -0.0143977 -0.0251024 1.48332 -0.842468 -6.68644 0.905675 3.70338 -7.73929 0.0218735 -10.8584 0.510248 1.092 0.626441 4.18647 -2.40193 0.699367 -1.37468 -3.78879 -7.84582 -0.316781 -1.09851 2.09618 1.54487 0.00678904 -0.387404 -0.745576 1.79103 2.0289
internal_weight=0 0.935352 359.778 349.333 10.4453 5.30861 1.52143 1.09322 9.35207 3.78718 0.996119 344.025 331.533 8.52883 12.4913 2.63528 3.34534 2.91161 8.66594 8.18753 6.77711 0.951904 8.07126 7.3959 323.004 2.35514 0.686134 1.12307 6.97399 5.82521 0.735136 321.881 18.2449 6.43935 303.636 302.807 6.00756 0.634909 2.31171 1.93266 0.776862 1.41042 290.111 0.594122 16.0238 5.59247 4.86112 0.731352 4.84007 10.3648 9.85604 1.1008 1.79514 1.28395 12.6963 2.34698 9.96054 288.122 5.65899 2.51415 9.06552 8.20483
internal_count=23825 144 23681 22229 1452 644 170 235 1217 474 114 21585 20437 1132 1148 413 419 358 1091 1008 790 141 1067 970 19305 276 126 218 895 649 170 19087 2010 851 17077 17016 778 130 381 239 122 218 15524 132 1910 730 546 184 449 1316 735 230 296 121 1492 213 1265 15450 594 333 1139 1091
cat_boundaries=0 21 44 66
cat_threshold=4128 0 536870912 65536 0 0 0 0 0 838860800 285214720 368 67108864 65540 2181038080 33603584 1296 0 0 0 6488208 0 4096 0 524288 0 0 30720 0 128 524288 33554432 5120 268730370 8192 1073741840 16778244 8192 2 8388608 2147516424 0 32 65 0 0 0 8704000 0 0 1048576 0 0 0 0 0 136380416 537922048 4194313 142606338 0 1024 1140850688 1142947840 17301504 4160
is_linear=0
shrinkage=0.05


Tree=19
num_leaves=63
num_cat=2
split_feature=66 52 71 54 66 65 10 8 47 49 66 8 50 47 50 70 53 82 53 51 59 72 58 66 70 53 64 55 34 8 70 10 54 54 66 82 70 56 70 58 60 52 55 71 51 68 70 52 55 58 50 58 49 5 65 70 66 60 72 66 8 48
split_gain=317344 420592 51059.8 47948.8 40513.8 46116.8 38265.2 25988.4 24188.9 22830.5 19874.8 17505.3 17028.5 14720.6 19189.8 17687.2 15453.3 13414.7 12346.6 11995.3 11266.7 10711.6 15294.4 13534.6 32603.7 10397 9995.47 9473.55 9407.08 8841.7 8779.23 8762.93 8454.12 9186.46 8839.43 8376.63 8328.33 7931.22 7906.58 6494.01 6478.68 5994.51 5938.48 5560.03 4950.5 4778.35 5112.95 4513.62 4350.43 4298.67 3662.87 3625.8 3409.19 3321.08 3036.35 2940.9 2931.82 3002.59 2760.03 3664.28 2964.16 2728.66
threshold=1880.1466666666668 -257.21972887194727 -82.707288908205896 1077.1785655491024 634.05666666666673 315.67000000000002 10.196152422706634 3.5000000000000004 -255.0576305151564 -400.95825901262907 213.94500000000002 4.5000000000000009 -408.8410536728926 -221.13308721275405 -82.60315686971316 1.0344898053002443 -90.209765006186529 1.0000000180025095e-35 -560.62370147017305 -255.90419382124335 490.84518737428215 0 120.27277509764114 220.73333333333335 2.2090809420832422 405.81941377888398 1024.4250000000002 154.39786535368117 -1.0000000180025095e-35 4.5000000000000009 0.86662878787878805 -8.8301270189221892 4.8268940786078893 156.67252337209956 337.41166666666675 1.0000000180025095e-35 0.94845527130643348 149.67741358929274 2.0001643115346703 526.92356030001145 23.47992453492456 -23.522891481561491 183.35742973167501 -10.48147118007371 -387.30771111497995 0.83333333333333337 0.99032172146024289 -31.796558138916925 -24.922552397551787 1592.0160164240208 -50.164841452910586 1023.0943537561496 -377.26930516059537 0.6830127018922193 664.71000000000015 0.94014206371045284 19.916666666666668 -55.917735032758991 1 58.346666666666671 1.5000000000000002 -27.918358325996035
decision_type=2 2 2 2 2 2 2 2 2 2 2 2 2 2 2 2 2 2 2 2 2 9 2 2 2 2 2 2 2 2 2 2 2 2 2 2 2 2 2 2 2 2 2 2 2 2 2 2 2 2 2 2 2 2 2 2 2 2 9 2 2 2
left_child=2 -2 7 4 8 6 17 -1 10 -7 52 19 31 14 -11 -15 -17 -6 -9 -12 -14 22 61 26 25 28 37 38 29 30 -25 49 34 47 -26 40 -13 43 50 -39 -28 -38 44 -23 -30 -46 53 -34 -48 -5 -18 -20 -4 -47 56 -24 -45 -58 -59 -60 -61 -10
right_child=1 -3 3 12 5 9 -8 18 21 13 11 36 20 15 -16 16 27 -19 51 -21 -22 23 55 24 32 -27 35 -29 42 -31 -32 -33 33 -35 -36 -37 41 39 -40 -41 -42 -43 -44 54 45 46 48 -49 -50 -51 -52 -53 -54 -55 -56 -57 57 58 59 60 -62 -63
leaf_value=-1.4488899960733947 66.2923772293138 -0.29974310995641845 -11.216690205306795 -6.0239422171474128 12.091774265240709 -8.3205587801511633 25.165651977341128 -21.644913162214692 -2.3917278275357718 1.8623162061481815 8.5062089531563831 -11.829995097635248 -11.091250820434865 -7.5456018371725326 18.979107793174965 -3.7880675666256227 -2.3174105253172748 -0.90631652726425349 -6.477491595529985 -0.99108994111234616 3.3129108694010925 -1.0555200664144297 -5.744661251705538 11.324631197462235 3.5219665127450015 -7.8094586496364915 3.6906764508319081 12.234327812684032 -6.2105653213187146 -1.6479205585463619 2.7190327573484296 -23.229711906366088 6.1375235245122362 9.4200636389931613 12.44666458963353 -2.2777390155314641 1.8649997079156688 -1.1180208943641154 7.9023288204203723 -6.851488948148412 13.323385380554413 -8.6751786861519289 5.2493831854747581 -0.052697860069084217 5.3596119117779288 -1.1314799563308824 -0.9335521514838796 1.0681293415073541 1.8356821568672945 -16.203115882612249 4.2775749512969492 -13.434658712049369 -6.0434772057696389 -4.9781872271175649 1.9323335021096704 -3.0230544625724951 -0.62332212858986014 -0.31413681263311077 0.35266243879340126 3.1121139160691178 0.99155589217201856 -0.39789639465179522
leaf_weight=0.78495830204337735 0.41922055324539542 0.54584705689921875 0.37950784806162152 0.20631944667547941 0.46190201491117366 0.49240353563800443 0.41577791934832931 0.32030996633693565 2.0653170635923734 0.34766939375549555 0.61004617810249329 0.34048497118055809 0.2582929697819043 0.44422276457771737 0.30952234286814917 0.58875157684087831 0.48977299826219711 0.34808943280950189 0.37890015449374903 0.7306822123937311 0.28616093471646309 11.721839900361372 1.873459360096603 0.48631253791972706 0.45457987906411224 0.3956367722712465 0.40023854048922558 0.40807041525840748 0.3604215146042361 0.52665876550599922 0.7588011622428894 0.234723593108356 0.60120729054324407 0.59669672092422832 0.71200724923983216 0.28332013241015375 0.36935250973328959 9.5362766524776781 0.6270091449841857 0.52085051452741105 0.30956152034923434 0.21250850148499001 0.47804459044709879 214.90336549491622 0.36618456803262134 1.8937337812967601 3.0041923052631256 1.6283479749690739 2.6865406516008141 0.20856028329581022 0.36928427452221413 0.37029746687039733 1.9801615681499232 0.79734964994713653 2.1382202329114071 2.1110657039098442 7.7230138494633129 8.639544509816913 44.14743144554086 1.8963066055439401 12.582205936312674 10.14510590163991
leaf_count=99 96 52 90 49 67 83 45 77 169 66 71 71 60 68 49 56 61 55 72 64 47 1051 170 84 58 57 52 59 36 92 65 54 87 51 85 70 90 1118 71 72 91 46 77 9038 32 359 380 122 345 57 52 99 296 136 98 135 926 963 3890 76 1490 130
internal_value=0 28.6275 -0.0827687 -0.0398862 -0.00639893 4.3315 12.8353 -8.35795 -0.0718622 1.77463 -3.66482 -0.317106 -10.0427 3.16148 9.92394 1.64318 3.28718 6.50592 -13.4288 3.33029 -3.52053 -0.0239614 -0.997163 0.0523043 1.48442 0.158376 -0.0176702 5.48637 0.435916 3.783 6.08018 -15.5091 5.38796 3.90982 8.96901 4.99056 -5.61898 -0.0335199 3.6334 -1.41495 7.89174 -1.98451 -0.182694 0.0122189 -0.46779 -0.231185 -0.475436 2.43511 0.373777 -11.141 0.517586 -9.91613 -6.87549 -2.27123 0.055077 -4.30271 0.0412305 0.310412 0.417618 0.494662 1.26929 -0.735141
internal_weight=0 0.965068 359.718 357.863 356.669 5.30248 1.22577 1.85447 351.367 4.07671 4.62274 2.26307 1.19406 3.5843 0.657192 2.92711 2.48289 0.809991 1.06951 1.34073 0.544454 346.744 16.1949 330.549 15.7467 11.7539 314.802 1.89414 11.3582 1.77177 1.24511 0.649603 3.99284 2.82625 1.16659 0.99312 0.922346 313.809 1.48607 10.0571 0.7098 0.581861 9.58647 303.752 9.10842 8.748 8.38182 2.22956 5.69073 0.41488 0.859057 0.749198 2.35967 2.69108 292.03 3.98453 289.892 74.9885 67.2655 58.6259 14.4785 12.2104
internal_count=23827 148 23679 23332 23065 732 167 347 22333 565 728 342 267 482 115 367 299 122 248 135 107 21605 604 21001 2066 1663 18935 243 1606 241 149 160 403 260 143 213 207 18722 184 1190 143 136 1365 17532 1288 1252 1220 209 725 106 113 171 386 495 16481 305 16383 7345 6419 5456 1566 299
cat_boundaries=0 23 45
cat_threshold=4136 2147483648 16384 65536 0 0 0 0 384 839385088 268435456 0 67108864 1056772 0 525316 2048 1024 0 8 6357120 0 65 4 0 33685505 16384 0 0 0 0 0 3221225472 9 0 34 134386176 0 16777216 0 0 150994944 2147484288 1344 25205760
is_linear=0
shrinkage=0.05


Tree=20
num_leaves=63
num_cat=0
split_feature=66 87 65 63 4 47 66 55 64 53 66 54 56 59 3 3 23 58 59 48 57 17 49 10 48 70 66 54 59 67 53 70 66 10 67 6 48 89 53 70 13 63 66 70 3 57 63 21 67 66 7 68 5 67 47 3 70 65 65 63 3 63
split_gain=254435 290368 42608.2 51931.4 86403.3 54438.8 44308.3 36403.4 36231.3 28544.3 18458.8 23996.9 22671.6 17141.1 13310.9 11882.7 13837.6 13262.2 12105.6 11021.3 10908.7 9452.86 11817.5 9329.39 13732.4 13303.7 8740.09 7235.84 7016.86 13496 6865.46 7076.69 6534.1 9780.46 6209.04 8537.46 6305.96 5354.06 5264.09 4996.73 4654.79 4628.21 4418.24 5849.67 7940.76 4618.78 4373.29 4294.6 4065.69 4019.94 3927.98 3665.13 3519.69 3492.14 3363.82 3299.35 3280.12 3215.05 3293.6 3211.1 3205.51 5639.92
threshold=1880.1466666666668 1.0000000180025095e-35 2671.0000000000005 1774.2777777777781 -0.6830127018922193 -657.61063708756421 967.9000000000002 -225.43518281130716 672.4525000000001 -14.951239770764333 405.185 2.7590651874226206 162.79966901093488 -633.70263624666507 2018.5000000000002 2018.5000000000002 1.0000000180025095e-35 557.04426868202984 -1.0000000180025095e-35 -77.249981042424807 23.735922121056998 -1.0000000180025095e-35 -486.26970334303871 -10.500000000000002 -343.730447920872 2.247933105347705 543.85666666666668 48.856937341513287 63.144689127134008 1045.3550000000002 -147.52173419665812 1.4195799490320871 82.291666666666671 15.79422863405995 594.5350000000002 1.0000000180025095e-35 -73.217347126558778 1.0000000180025095e-35 72.856510642270308 0.56162860162676365 1.0000000180025095e-35 431.60416666666669 37.141666666666673 1.1190260516685389 2019.5000000000002 -71.055203924102912 969.40909090909111 -0.6830127018922193 290.74000000000007 36.046666666666674 -1.0000000180025095e-35 0.41666666666666669 0.6830127018922193 702.98500000000001 -16.151779945805437 2017.5000000000002 1.0646905361139647 89.030000000000015 24.060000000000006 583.49404761904771 2018.5000000000002 820.65000000000009
decision_type=2 2 2 2 2 2 2 2 2 2 2 2 2 2 2 2 2 2 2 2 2 2 2 2 2 2 2 2 2 2 2 2 2 2 2 2 2 2 2 2 2 2 2 2 2 2 2 2 2 2 2 2 2 2 2 2 2 2 2 2 2 2
left_child=2 -2 3 5 -5 20 7 21 -8 -6 12 -12 34 -13 26 16 32 30 -18 -10 40 -7 46 27 -25 53 49 -15 29 -27 -17 41 -14 39 36 -36 47 -33 60 -34 -1 -32 45 44 52 -38 -23 51 -45 -4 56 -9 -44 55 -47 59 -24 58 -50 -26 61 -29
right_child=1 -3 14 4 9 6 8 10 19 -11 11 13 15 23 -16 17 18 -19 -20 -21 -22 22 50 24 25 28 -28 38 -30 -31 31 37 33 -35 35 -37 42 -39 -40 -41 -42 -43 43 48 -46 54 -48 -49 57 -51 -52 -53 -54 -55 -56 -57 -58 -59 -60 -61 -62 -63
leaf_value=-21.511744957194452 52.968816332392969 -4.7489676110969503 -5.432441147965247 33.583784128907112 -9.228845175084345 2.5724967500653095 18.79152199686342 4.7328294802787347 6.8080664726856277 12.110072840550563 12.349127459672239 9.4608676081678453 -2.7073676694555755 -2.5314227762669583 -19.149494117099003 -6.8856376155551562 1.5002815326603269 -7.8286206223826174 17.844243147640409 -3.8425795593611909 -4.520275785045758 -8.6237085751721505 -4.2287941914680642 -8.9109709940761075 0.18721478190494059 6.6976679586504879 0.92389722334327207 1.6615845060119594 9.2195837394929274 -3.8098356985902591 -1.6150393090513973 3.7847266108531592 5.0596663513718845 -5.907994032666025 6.782549061094163 -0.68382013710320644 2.8587584649832101 -1.5638434000819208 9.8227387617544082 -0.56534237215754546 -12.392330291788605 -4.2179038506323989 1.442143331960392 0.58040804203306684 -1.7058824948599662 -0.46859952015940398 -17.503870246987287 -1.4249367193659033 1.5931928326288638 -14.86087472219239 -5.8160030365089428 -0.15007525941625866 -1.1137035289039645 -2.6554569795848084 0.029041524194311816 -0.66145662853610843 2.824504828282937 1.2982610383451347 6.0797499515669848 8.4250575823107212 1.8587611478137185 12.267321004294685
leaf_weight=0.2731060553342094 0.4819116834551086 0.39776164665818214 0.20284323301166185 0.30512970639392734 0.32234956324100494 0.35254957480356131 0.54283512942492862 0.50817286176606935 0.65496447915211309 0.30499573703855176 0.54263853025622566 0.63440308626741071 2.0342855812050393 0.39035619050264214 0.29968452220782638 0.72823984967544575 0.26791050378233194 1.1721611986868072 0.19631187338381995 0.38607116136699904 0.26460943929851055 0.30624216794967685 0.4080548398196705 0.4089747527614217 0.25564037868753287 0.71616424736566819 0.25075926631689072 0.26002678601071216 0.50069107860326756 0.53305813809856772 4.8259920557029528 0.86541516892611947 1.0442658774554732 0.38444301998242725 0.79586554039269575 0.7378064407967031 1.3728705975227047 1.0186194931156933 0.42813165066763748 0.63479881733655918 0.28695030882954597 2.6432658019475639 5.032561995321883 29.276796172372997 6.2386714585591108 40.286339185200632 0.25334130600094795 11.585423549870027 0.79562699631787726 0.25539394188672304 1.8398352870717629 1.5765837396029383 1.8393439294304696 1.7780225723981855 216.1715197917074 1.8803160660900173 0.2765427129343152 4.3211910796817392 0.84191075270064175 0.22018211195245385 0.97720166342332959 0.24202632810920477
leaf_count=56 99 37 63 53 70 60 89 16 73 56 73 96 487 45 52 61 70 152 52 60 63 73 77 72 58 111 47 58 57 47 369 59 245 76 78 61 16 52 60 148 45 207 1140 2261 647 2864 42 1369 50 62 262 205 406 201 9499 197 43 417 74 51 109 45
internal_value=0 26.8706 -0.0531554 -0.0238944 11.7601 -0.0550396 -0.0249766 -0.0626928 8.31901 1.14547 -0.011973 2.13078 -0.0740438 1.52972 -10.3149 -1.92219 0.230357 -2.79478 8.41187 2.85824 -12.8865 -5.1835 -6.07013 0.944033 -0.0516023 0.564171 -6.58062 3.67087 4.21845 2.21399 -2.20951 -1.84543 -0.696494 1.2859 0.0169065 3.19069 0.00168818 0.892976 4.94021 2.93304 -16.8393 -2.53616 0.0485992 0.487226 -0.414417 -0.0336481 -12.644 -1.049 0.822713 -10.6873 -4.61291 1.04016 0.758042 -0.982619 -0.0491317 0.279762 -1.37962 2.01322 3.89988 3.99919 3.52708 6.77433
internal_weight=0 0.879673 354.75 353.742 0.932475 352.809 351.985 350.401 1.58387 0.627345 346.964 9.76783 337.196 9.2252 1.00868 15.8157 4.56202 11.2537 0.464222 1.04104 0.824666 3.43657 3.08402 8.59079 6.29305 5.88407 0.708996 2.29774 1.74991 1.24922 10.0815 9.35329 4.09779 2.06351 321.381 1.53367 319.847 1.88403 1.90739 1.67906 0.560056 7.46926 306.177 48.3461 13.1106 257.831 0.559583 13.6702 35.2355 0.458237 2.52443 2.08476 6.87191 4.13416 256.458 2.35614 0.684598 5.95873 1.63754 0.475822 1.47925 0.502053
internal_count=23843 136 23707 23483 179 23304 23140 22918 222 126 22361 1280 21081 1207 224 1978 1078 900 122 133 164 557 497 1111 794 722 172 317 215 158 748 687 956 469 19103 139 18964 111 272 393 101 576 17374 4995 2193 12379 115 1590 2802 125 382 221 1546 507 12363 306 120 541 124 109 212 103
is_linear=0
shrinkage=0.05


Tree=21
num_leaves=63
num_cat=2
split_feature=66 58 66 71 54 54 55 70 57 66 65 72 50 66 54 29 51 10 89 57 5 58 53 63 50 53 50 17 52 63 14 91 63 53 51 53 50 66 70 60 71 41 66 72 55 60 66 70 54 51 70 70 66 3 70 10 50 87 10 87 63 54
split_gain=244889 321745 50610.3 63548.5 54817.7 38354.8 27180 24701.3 20135 25562.6 24081.9 18898.1 17190.6 14505.1 24230.1 16217.9 14038 15542 12897.3 10160.7 9242.76 12004.9 8831.38 7684.39 7635.03 7381.22 7039.88 6930.08 6904.13 6887.39 6431.11 6404.78 9305.6 6319.09 9758.83 6028.85 4924.26 6575.72 4911.22 4901.77 4610.14 5234.11 4184.52 5839.51 5133.29 4154.8 4012.45 3811.69 3696.83 3995.91 3613.48 3394.87 6139.53 5634.26 5386.43 3922.57 3959.07 3307.78 3072.15 2983.07 2852.66 2798.95
threshold=1880.1466666666668 1023.0943537561496 1079.0400000000002 -82.707288908205896 68.348803327177436 1077.1785655491024 -453.70761827739608 2.1369979435878022 -275.36833938588364 634.05666666666673 266.56000000000006 0 -0.26985240332495047 277.58666666666676 6.1719338169853843 -1.0000000180025095e-35 -211.00776974587447 -3.9494859272502133e-15 1.0000000180025095e-35 -89.097247332612724 -0.93301270189221919 694.31641913482292 86.248636165767479 1206.0714285714287 -137.88581471993305 -250.86813321987665 -279.38051576702804 -1.0000000180025095e-35 -352.3709377579234 498.68231060606064 -0.68301270189221908 1.0000000180025095e-35 733.44852272727292 96.751861583805564 -46.911777457400667 -3.7939715122175692 40.186124503156655 476.54166666666674 1.0871066174796196 37.34709123027676 -10.053027217919764 -1.0000000000000002 40.00833333333334 1 -129.83367009106436 -97.530067921359588 97.693333333333342 0.21995636457592302 55.25938727898312 -116.94849090822642 0.36477651837378405 1.8206012378426173 156.9916666666667 2019.5000000000002 0.63468804495252873 -10.750000000000002 27.813355384768212 1.0000000180025095e-35 9.7631397208144168 1.0000000180025095e-35 366.37916666666678 191.45084248617914
decision_type=2 2 2 2 2 2 2 2 2 2 2 9 2 2 2 2 2 2 2 2 2 2 2 2 2 2 2 2 2 2 2 2 2 2 2 2 2 2 2 2 2 2 2 9 2 2 2 2 2 2 2 2 2 2 2 2 2 2 2 2 2 2
left_child=2 -2 3 6 -4 8 23 12 31 11 -11 24 -6 25 18 -16 17 -12 -15 -7 29 28 35 -1 -10 27 46 -13 -22 -17 38 32 -5 36 -35 39 -32 59 57 -18 41 -27 48 -44 -45 60 -21 -46 49 -42 -8 53 -53 55 -55 56 -49 -30 -40 -38 -26 -47
right_child=1 -3 4 5 7 19 50 -9 9 10 16 13 -14 14 15 20 22 -19 -20 26 21 -23 -24 -25 45 40 -28 -29 30 -31 33 -33 -34 34 -36 -37 37 -39 58 -41 42 -43 43 44 47 61 -48 51 -50 -51 -52 52 -54 54 -56 -57 -58 -59 -60 -61 -62 -63
leaf_value=-11.858014797258869 3.220231221450085 68.130930630729168 22.72898121476122 -5.2092611054438143 2.0902977873354405 -18.897550370058458 -6.5018306228824265 -6.8004371045939482 -5.2678797132334774 11.872692540481466 0.42241182887526069 -11.245019747554235 15.588249540221369 4.1424716949157192 8.6594149814130699 1.8539052526075446 2.9871966065703219 13.953167560624468 16.356293956219034 -7.0329964124033415 6.4707845143702176 -8.5478114905046834 -7.0719327536645471 -22.215802133499711 -2.5479615891725178 3.7997397474588355 -0.41263318187133086 -1.5538637095298875 -1.8983100741096999 10.53866274294278 -0.6585110260685535 -0.75048453200594001 -16.533466213354579 10.376188675517936 0.40568697803052117 6.7646467839023687 -0.2876836192763319 7.7010326820725599 -2.699074212771281 -3.8133453534826858 1.6835833338848905 -1.076030190511214 -0.55375806491405344 -4.1835609468196289 5.2607786105209726 -1.3267635853623589 -15.829812374860493 0.90715733611552773 -0.92946782625855606 -0.054093129393678843 -0.32293475899441021 0.86800111827291249 3.4965478691903655 -4.3512523571256452 -0.2000498624844326 0.68514331357026892 5.9638321361001969 -7.9365158083685898 2.0806865447681537 4.2914810805411889 -7.7102289636580386 -4.5196220240736151
leaf_weight=0.35657053254544724 0.5144827333278944 0.30353775201365352 0.47712608240544696 0.52508823433890828 0.58575031487271179 0.22854293370619416 0.72963902540504821 0.43404204212129116 2.8786505376920104 0.79595641652122084 0.41820364398881793 0.27466512518003583 0.39491647388786066 0.47374690626747806 0.66691399831324538 0.56462120451032838 0.50376673182472609 0.43089616252109486 0.3974866489879787 0.36045353300869465 0.46743604447692355 0.37727115908637721 0.39846660429611791 0.35971125867217779 0.54066816996782996 0.57229821756482024 0.27304302109405287 0.56176051637157698 0.45150368427857257 0.3832342466339469 4.0751228197477829 0.31948299240320921 0.2771744872443378 0.42739868257194757 0.57637847261503317 0.37768906122073431 1.3475744128227236 0.44441154412925232 0.63635221123695351 0.55900664487853646 3.3546579719986758 14.400045657530425 7.4296257020905614 0.52303670556284387 0.47363130748271842 5.4272912484593672 0.20242487732321024 0.76056656800210276 11.989980058744548 239.91181270848028 0.35017500258982182 20.124357747146863 2.4971426704432806 0.85431400965899129 9.1604265649802965 6.6099404685664958 0.78825742844492197 0.4557528686709702 0.71267953747883439 0.48317908728495229 0.52989791007712483 0.78577566472813476
leaf_count=90 72 65 75 103 64 52 135 73 324 97 59 64 62 58 91 76 74 68 73 92 85 59 77 82 53 51 49 97 83 55 474 48 41 61 83 54 160 76 83 47 125 1382 649 94 131 361 50 166 1012 11859 41 1255 188 102 800 1533 150 72 79 65 53 76
internal_value=0 27.3062 -0.0827458 -0.126724 8.07331 -0.0784542 -9.5076 3.13052 -0.0494668 -0.0278386 4.23347 -0.0710732 7.52595 0.0203187 1.66206 1.08079 1.9714 7.28892 9.71484 -9.55503 0.637545 0.208927 -0.483885 -17.0596 -1.55636 -0.045381 -7.00076 -4.73624 0.536743 5.3653 0.248119 -6.73748 -9.12167 0.964554 4.65103 1.33853 0.38184 2.24525 -2.087 -0.589811 -0.0330988 -0.88966 0.00902166 0.431133 0.596094 -2.22628 -10.1965 0.801114 -0.0723744 -0.0301305 -4.49806 0.749337 1.15816 0.240453 -0.554171 1.21584 3.4807 -4.93155 -0.173976 0.920866 -5.10313 -1.73057
internal_weight=0 0.81802 352.748 350.856 1.89183 349.06 1.7961 1.41471 347.996 346.874 3.48399 343.39 0.980667 333.228 12.9411 12.0698 2.68803 0.8491 0.871234 1.06446 11.4029 10.4551 1.83893 0.716282 10.1623 320.287 0.835921 0.836426 10.0778 0.947855 9.61035 1.12175 0.802263 7.35407 1.00378 1.44046 6.35029 2.27517 2.25629 1.06277 319.45 14.9723 304.478 49.2213 41.7917 7.28363 0.562878 41.2686 255.256 243.266 1.07981 40.795 22.6215 18.1735 10.0147 8.15876 1.54882 0.907257 1.34903 1.83075 1.07057 6.21307
internal_count=23928 137 23791 23517 274 23169 348 199 22926 22734 476 22258 126 21391 1733 1602 379 127 131 243 1511 1380 252 172 867 19658 191 161 1321 131 1236 192 144 919 144 175 775 301 317 121 19497 1433 18064 5068 4419 543 142 4325 12996 11984 176 4194 1443 2751 902 1849 316 155 162 225 106 437
cat_boundaries=0 23 46
cat_threshold=4128 4096 0 65536 0 0 0 0 128 302514176 318767104 4352 100663296 0 1107296256 33588228 2048 0 8388608 8421384 2162816 0 65 0 0 0 0 0 0 0 0 256 0 1 0 3407872 135266816 524288 134217728 8192 1280 1073741824 3221227520 21103936 8426560 32
is_linear=0
shrinkage=0.05


Tree=22
num_leaves=63
num_cat=1
split_feature=66 87 49 71 66 54 53 47 29 89 66 26 47 47 54 65 52 7 10 54 49 3 49 65 9 64 25 3 65 54 70 1 22 14 50 47 15 49 3 28 53 59 64 71 47 66 0 70 66 47 22 8 47 50 38 65 52 70 66 70 16 65
split_gain=176675 316052 146469 48017 42371.3 59923.4 39086.4 27103.6 27015.6 19130 18415.5 26697.2 29130.1 26675.3 19203.5 15161.9 14361 14244.4 11526.2 15289.9 10471.4 10379.5 10153.9 7416.33 7039.24 8296.42 7855.34 6275.17 6051.09 5994.42 5303.7 4944.66 4525.78 4189.94 4134.57 4070.67 4008.28 5920.84 4925.2 12259.3 3987.74 5862.7 4082.57 3974.2 3919.87 4827.3 3776.42 3582.21 3355.3 3091.83 3091.81 3074.58 2853.72 2812.56 3143.03 2781.98 4861.13 2676.68 6513.69 3441.06 2583.08 2535.05
threshold=1880.1466666666668 1.0000000180025095e-35 -400.95825901262907 -134.03426924863845 1079.0400000000002 64.733186735373991 728.54895991942055 -542.52291159857157 -1.0000000180025095e-35 1.0000000180025095e-35 277.58666666666676 0.25000000000000017 -66.463433661197158 -255.0576305151564 676.04449922038634 256.10000000000008 301.25552829237876 1.0000000180025095e-35 -13.928203230275507 4.9600557603016799 -627.09499814798244 2017.5000000000002 -89.187768900174973 829.94000000000017 -17.160254037844378 1209.9775000000002 -1.0000000180025095e-35 2020.5000000000002 2114.7500000000005 135.44371334012831 0.27477720024190738 6.5000000000000009 -1.0000000180025095e-35 0.93301270189221952 -251.85848374526458 102.74084459838275 1.0000000180025095e-35 -259.60612847246767 2016.5000000000002 -1.0000000180025095e-35 96.751861583805564 -216.53186573841583 67.542500000000018 -26.434981038379107 -76.639359640076108 42.136666666666677 0 0.41692058931898152 206.80500000000004 -299.22080424964292 1.2500000000000007 5.5000000000000009 -17.639313561809193 -22.275328291867812 -1.0000000180025095e-35 946.20500000000015 13.494590494760887 3.6765424909626359 97.693333333333342 5.3862268822707602 -1.0000000180025095e-35 664.71000000000015
decision_type=2 2 2 2 2 2 2 2 2 2 2 2 2 2 2 2 2 2 2 2 2 2 2 2 2 2 2 2 2 2 2 2 2 2 2 2 2 2 2 2 2 2 2 2 2 2 9 2 2 2 2 2 2 2 2 2 2 2 2 2 2 2
left_child=3 2 -2 20 6 -6 7 8 -5 17 13 14 15 48 16 -13 18 -7 23 -20 -1 34 32 27 35 26 -26 33 -8 -18 -30 -31 60 -12 -10 -21 37 47 39 -38 42 -42 -28 -44 -24 52 -47 -34 49 -9 55 -22 -46 -45 -55 57 -57 -48 -59 -60 -15 -54
right_child=1 -3 -4 4 5 9 28 10 21 -11 11 12 -14 22 -16 -17 29 -19 19 24 51 -23 44 -25 25 -27 40 -29 30 31 -32 -33 36 -35 -36 -37 38 -39 -40 -41 41 -43 43 53 45 46 50 -49 -50 -51 -52 -53 61 54 -56 56 -58 58 59 -61 -62 -63
leaf_value=-18.302040364667587 79.31879576556338 -7.6786847312470048 21.90265793328615 7.6622359589232607 25.651037496043614 15.255132912239242 -5.406307693793118 -6.9209014304512868 -11.095580735913877 -5.0742688645833391 -2.2425801054890613 7.3166365554203896 1.2270414279100885 -2.4735804607980381 10.575563915259645 20.751036029321881 -1.1017001249743783 1.4527512689728592 6.870032669200099 1.3802112506476183 -3.1413657523967142 -17.123711184570919 -1.1411144095353443 9.9111127474818019 -7.1391478067673964 -7.67833900981194 4.4812877927875805 5.6506668811718619 -8.5529590183946667 -13.276097720027247 -17.965916737809202 -3.7366005228998698 -9.6081849923059988 4.09062791086179 -0.47848385144808603 6.5258587263102008 -3.5606619972674154 -1.9273196526921674 -1.2197004613147722 12.64663453890091 -3.4107396879889365 4.0583356047744674 -5.0878680835003873 -1.2868690104665168 -0.43278981998298305 -0.39505128142663443 0.55272518889097078 -3.0661988198178207 -0.27115571794637716 -3.3236394791688468 -2.330197718766176 -11.056241031932396 0.026363041659396614 4.6463708434652764 0.062431417888923757 0.50413467718821481 10.054586271400142 0.78160452201425101 0.8979549404594197 4.7021578871312784 0.89050374798364806 2.3028285052998947
leaf_weight=0.36385959340259433 0.23365531535819173 0.44131881557404995 0.21172601450234552 0.21703234408050776 0.37320167850702901 0.34289078414440133 0.65427132602780946 1.5353354252874856 0.18619717936962843 0.4757393840700388 0.67272256454453561 0.41505918256007135 0.91710316948592552 0.71807773597538505 0.50058738747611542 0.42513757664710283 0.50399240525439271 0.41096973605453968 0.86008305940777319 1.9463601331226557 0.24477044120430846 0.46348306816071272 7.0621363609097889 0.44929106347262848 0.40388573287054441 0.3980757934041329 0.39524368289857736 1.0274778907187281 0.37749039800837636 0.28134468477219343 0.24793395074084401 0.26265421928837895 0.42170759337022712 0.42687028041109443 0.18067702231928595 0.47892274567857374 0.23178811115212739 7.4637911769095808 1.6503996443934736 0.23493953398428802 0.34046717174351204 1.1506204665638504 0.48951816745102483 3.9929164375644182 37.361367386067286 6.7178880665451288 22.225888880668208 0.41535262670367956 0.34623618517070998 0.97770607983693403 0.74531021388247509 0.24602514458820224 226.75413927459158 0.44081631582230363 2.4651827465277152 0.32210492761805554 0.22723313933238387 8.0182503554970008 0.8469654035288835 1.9936900604516266 2.7786697100382289 1.2295715920627106
leaf_count=88 59 41 42 39 63 54 106 258 55 68 128 43 92 88 76 71 84 64 89 226 39 97 879 50 25 55 62 92 95 49 47 51 60 73 53 78 70 846 143 69 57 171 56 534 2847 662 2718 48 43 149 99 61 10198 46 351 64 58 367 82 85 293 39
internal_value=0 22.3095 52.0242 -0.0371041 -0.00848165 8.1026 -0.0454305 -0.0135907 -8.04478 2.77639 0.0104757 1.51401 7.38873 -0.0771307 0.92365 14.1144 0.63921 7.73072 1.012 0.421589 -11.8743 -12.1502 -0.0351393 4.07413 -0.022036 -0.604091 -0.313133 2.84122 -8.76788 -5.03043 -12.2845 -8.67023 -1.3568 0.216019 -5.86691 2.39633 -1.87922 -2.37452 0.0627653 4.5977 -0.0158822 2.35289 -0.469658 -0.734508 0.0235217 0.0503614 0.554612 -6.36203 -4.88562 -5.52138 0.662412 -7.10892 -0.0277382 -0.425612 0.757778 0.925673 4.45467 0.867078 1.51049 3.5679 0.199669 0.0386406
internal_weight=0 0.8867 0.445381 354.307 353.453 1.6028 351.85 350.57 1.04739 1.2296 349.523 19.2443 1.7573 330.279 17.487 0.840197 16.9864 0.753861 15.9385 13.3621 0.854655 0.830357 327.419 2.57636 12.502 10.0767 9.67865 2.12707 1.2797 1.04799 0.625424 0.543999 13.9147 1.09959 0.366874 2.42528 10.418 8.30085 2.11713 0.466728 9.27476 1.49109 7.78368 7.38843 313.505 306.442 41.0973 0.83706 2.85928 2.51304 34.3794 0.490796 265.345 6.89892 2.906 33.6341 0.549338 33.0848 10.8589 2.84066 3.49675 227.984
internal_count=23795 142 101 23653 23465 249 23216 22968 244 186 22724 2559 206 20165 2353 114 2277 118 2093 1750 188 205 19715 343 1661 1357 1302 293 248 184 142 100 1617 201 108 304 1236 954 282 139 1277 228 1049 987 18098 17219 4135 108 450 407 3473 100 13084 931 397 3374 122 3252 534 167 381 10237
cat_boundaries=0 21
cat_threshold=0 128 0 0 0 33562624 262146 0 16384 2148532248 0 2097152 0 303562752 0 50331648 1 285216800 134283264 273 512
is_linear=0
shrinkage=0.05


Tree=23
num_leaves=63
num_cat=2
split_feature=66 52 66 1 0 55 70 57 66 70 63 63 57 57 52 55 71 5 51 71 85 41 22 64 65 48 66 60 64 66 9 59 63 71 66 3 56 71 0 60 70 60 48 57 57 48 70 63 40 59 66 56 51 63 44 71 71 56 64 70 48 3
split_gain=201729 290918 41014.7 56833.6 39192 33292.6 30253.6 22306.4 22214.1 33510.8 48929.5 18259 17951.9 14395 12371 8965.05 8645.79 8380.04 8009.95 7465.59 7017.78 6274.04 5919.37 8709.71 7588.67 6120.27 6132.71 5684.37 5426.81 5246.43 5263.28 4879.4 4538.81 12811.9 7639.4 5169.78 4479.22 7444.93 4747.52 4194.29 4247.3 4086.36 3801.76 3665.6 3630.66 3369.33 3349.02 3083.54 3082.19 4853.09 7823.45 5314.03 3911.91 2712.31 2683.14 2565.7 2517.63 2470.12 2344.63 2129.16 2127.73 2121.44
threshold=1880.1466666666668 -271.19620979081066 1079.0400000000002 10.500000000000002 0 -94.937890364034629 0.56162860162676365 -155.90602995347754 277.58666666666676 4.4178082349051904 1774.2777777777781 351.54147727272732 78.442239120034515 -234.74618176747185 -352.3709377579234 -453.70761827739608 56.648264311609523 -0.93301270189221919 -139.36630763921872 -28.343252776406572 1.0000000180025095e-35 1.0000000180025095e-35 -1.0000000180025095e-35 1156.0650000000003 829.94000000000017 -324.95061510085219 752.93666666666672 -671.96235942503108 516.4575000000001 149.6166666666667 -6.0000000000000027 -3.7548671886178897 937.31250000000011 -9.6476113499892637 25.620833333333337 2015.5000000000002 78.605965546524274 17.965652916499163 1 -40.125884755417168 2.1696063177161329 384.1816660906299 -129.56951314320733 -45.955598595292727 17.696280104433281 -240.83815865460414 1.012579113924051 332.27791666666673 1.0000000180025095e-35 57.454921727333435 405.185 157.85964468905919 -168.37153019820337 793.16875000000016 -1.0000000180025095e-35 5.5361583795177411 -0.8347325629737693 24.441514897300817 233.55000000000004 1.1538939756415154 -51.811298561120708 2016.5000000000002
decision_type=2 2 2 2 9 2 2 2 2 2 2 2 2 2 2 2 2 2 2 2 2 2 2 2 2 2 2 2 2 2 2 2 2 2 2 2 2 2 9 2 2 2 2 2 2 2 2 2 2 2 2 2 2 2 2 2 2 2 2 2 2 2
left_child=2 -2 4 5 6 -4 7 -1 19 10 13 20 -7 -10 -8 58 17 28 -13 31 56 29 24 25 54 53 39 -16 -15 57 -31 -6 36 -34 -35 -36 37 55 42 47 44 48 -38 -40 59 -33 61 -27 49 51 -51 52 -29 -24 -19 60 -11 -17 -9 -41 -21 -45
right_child=1 -3 3 -5 8 12 14 15 9 11 -12 18 -14 16 27 21 -18 22 -20 32 -22 -23 23 -25 -26 26 -28 41 -30 30 -32 45 33 34 35 -37 38 -39 43 40 -42 -43 -44 46 -46 -47 -48 -49 -50 50 -52 -53 -54 -55 -56 -57 -58 -59 -60 -61 -62 -63
leaf_value=-18.383306911857186 54.139313907221435 -2.3751099020125817 -5.3445063423427168 24.79598631533355 -5.1190856276485839 18.321393957045437 4.9768023123621559 -9.6835086410665454 -9.0681183579730948 4.4785478278301332 18.941056325032832 7.6969921911771806 3.1971592515260947 2.0663038054921929 -10.114853342687352 -3.1956226161914718 7.6228959044721725 -2.1009395551223125 17.867989371756959 -0.71607855162611456 8.3744476211458814 -0.9878587699353496 -1.2546436498766715 -7.2646055095905426 8.643061648751436 1.5529128379153521 5.6394710149671186 2.9487596816049071 10.024615122163997 -6.2777522603404945 -16.290325007678039 -5.3070946350057531 12.796725962852751 -5.7732326599319208 8.4037147592759123 -0.93928479933157283 5.0190134431018212 4.3474272186166791 -2.8683433385176618 -2.8741754600977529 5.112655479057036 1.5344985407115146 0.866215682212919 0.29555884021125572 2.2277332338414264 -0.46415315157604731 0.31118893757824445 -2.7407799151536243 -6.8540402883387479 -5.2728587576239896 3.7420817557914234 -6.8499291384028487 -3.1774803665162414 -6.5882384032251098 1.9018264986473161 0.71936551642219049 -0.10853399901563364 -6.5370311727671719 -17.232867671068679 0.25019640312535557 0.0048237569603574561 -1.6041044660644634
leaf_weight=0.4210138008929788 0.41899417899549007 0.49880785075947542 0.66081185219809402 0.37426645960658778 1.0505907561164347 0.34967403160408039 0.58252616692334402 0.21323318034410466 0.39481477998197156 0.5564696048386395 0.36314183007925827 0.34630371141247451 0.44703071564435959 0.59068526886403283 0.24772465974092472 0.78201973997056429 0.42674022726714689 0.54379663849249538 0.43890587217174459 10.632319530239327 0.67763480823487032 0.62697957549244154 0.46033437317236803 0.46942326752469021 0.37431904720142473 0.53573496663011111 0.49092940613627423 0.32479727221652899 0.3360971100628376 0.27712427359074354 0.24934824928641308 0.41849815566092718 0.26325647416524589 0.33231106190942117 0.29401294514536858 0.29825991671532393 0.62193652940914024 0.99183861049823363 2.9252837765961948 0.91777902143076939 0.5045988073106854 0.59272419847547997 4.8398251726757735 1.6980582901742334 1.3921088455244897 2.5321165935602035 4.0028320190031073 1.9050768665038047 0.44164892472326744 0.37920477148145415 0.65873640356585383 0.84277733322232951 1.3179506091400988 0.49432942038401961 1.8193644527345869 12.1658511206042 0.64683390012942188 1.8893905309960244 0.19867261638864875 1.3435136829502878 274.16640900587663 10.926317754201589
leaf_count=74 94 58 70 61 109 52 94 58 69 53 59 49 71 78 31 115 50 58 52 1423 64 53 57 69 64 55 36 44 58 57 54 71 45 64 91 64 93 66 331 139 64 67 502 467 163 270 369 286 44 53 94 130 207 46 313 936 50 367 49 169 13917 888
internal_value=0 23.4248 -0.0465678 7.41591 -0.085157 2.95299 -2.23292 -7.4068 0.0412076 1.85991 0.838728 6.9781 9.83519 0.333044 -1.90449 -6.31605 0.627512 0.382383 13.3822 -0.0463712 4.30465 -5.56127 0.00594691 -0.644362 2.02847 -0.258044 0.248035 -2.73863 4.95238 -6.45794 -11.0199 -2.19293 -0.0198754 3.06519 0.294339 3.69872 -0.0312219 0.0227301 -0.673869 -0.153069 0.81274 -2.33772 0.473028 -0.817872 0.218846 -1.15105 -0.949013 -1.79836 -2.91656 -2.42302 0.448534 -3.62216 -1.96623 -4.0164 0.980734 0.00828594 2.01277 -5.55888 -13.3248 -1.01788 -0.0220895 -1.34859
internal_weight=0 0.917802 356.066 1.83178 354.235 1.45752 10.0459 4.65778 344.189 16.0289 13.3628 2.66615 0.796705 12.9996 5.38809 4.23677 12.6048 12.1781 0.78521 328.16 1.88094 3.82486 11.2513 8.51383 2.73748 8.04441 7.08974 4.80556 0.926782 3.19788 0.526473 4.00121 324.159 1.18784 0.924584 0.592273 322.971 297.956 25.0143 6.59881 4.158 4.55784 5.46176 19.5525 3.6534 2.95061 16.6272 2.44081 3.96512 3.52347 1.03794 2.48553 1.64275 0.954664 2.36316 296.965 1.2033 2.67141 0.411906 2.26129 284.799 12.6244
internal_count=23804 152 23652 254 23398 193 1591 827 21807 2101 1833 268 123 1774 764 753 1705 1655 101 19706 167 646 1519 1084 435 1015 912 670 136 593 111 450 19256 264 219 155 18992 16342 2650 876 535 639 595 2055 471 341 1724 341 572 528 147 381 251 103 371 16276 103 482 107 308 15340 1355
cat_boundaries=0 22 43
cat_threshold=524288 0 3581935616 50 24608 0 4 0 0 1342178304 0 0 0 0 0 67108864 50332160 131076 130 98305 16 2621440 36864 1075871744 0 0 268435456 512 0 1140850688 0 8388624 512 0 0 0 1 3242198532 0 134283778 536870976 0 224
is_linear=0
shrinkage=0.05


Tree=24
num_leaves=63
num_cat=0
split_feature=50 70 71 53 58 1 53 54 57 81 70 58 51 60 52 58 59 8 85 1 50 81 51 64 38 65 56 3 3 71 63 63 70 50 53 51 89 3 50 42 49 50 70 10 70 50 70 51 3 8 3 54 64 71 50 23 65 70 54 5 3 63
split_gain=128205 231277 32704.3 29845 66686.9 263395 29358 27601.3 26190.4 18188.6 13919 51169.9 39624 24549.1 22045.5 18705 16144.2 13891.8 15104.7 13136.5 12067.3 11510.7 10898.2 10542.2 12383.7 9986.79 9754.08 7733.37 7580.87 7100.41 6854.32 6396.98 11031.4 6174.44 5430.2 5232.86 4595.8 4844.53 4608.83 4563.94 5011.04 3990 3976.44 3912.29 3888.24 3637.52 3609.43 3562.97 3244.93 3168.76 3036.11 4556.67 3630.09 2927.18 2851.55 3938.79 2739.63 2670.75 2625.92 2581.8 2552.98 2373.11
threshold=1322.7572202140752 2.060700679306612 -134.03426924863845 728.54895991942055 1023.0943537561496 9.5000000000000018 -364.82265330720094 212.4760135078578 17.696280104433281 1.0000000180025095e-35 1.4195799490320871 271.63268407851945 122.2797615482359 -253.44781549387719 -80.564763928850326 694.31641913482292 12.241078704757454 2.5000000000000004 1.0000000180025095e-35 4.5000000000000009 -93.298877643281728 1.0000000180025095e-35 -211.00776974587447 967.59500000000014 1.0000000180025095e-35 0.57500000000000007 114.22410695703128 2016.5000000000002 2018.5000000000002 -20.091610476610917 444.12607142857149 135.03375000000003 6.9526834182103094 -251.85848374526458 -231.65976978532021 -40.561658710245503 1.5000000000000002 2016.5000000000002 -279.38051576702804 -1.0000000180025095e-35 -56.787080019616532 84.038992744217893 0.093095478838653781 -11.500000000000002 0.74483244692701234 -115.84450749213109 126.00000000000001 -224.82254080594348 2018.5000000000002 3.5000000000000004 2019.5000000000002 14.123196692978846 405.68000000000006 5.5361583795177411 133.34042086293169 1.0000000180025095e-35 93.02500000000002 1.0871066174796196 4.3506716218645094 0.6830127018922193 2018.5000000000002 498.68231060606064
decision_type=2 2 2 2 2 2 2 2 2 2 2 2 2 2 2 2 2 2 2 2 2 2 2 2 2 2 2 2 2 2 2 2 2 2 2 2 2 2 2 2 2 2 2 2 2 2 2 2 2 2 2 2 2 2 2 2 2 2 2 2 2 2
left_child=2 7 19 4 6 8 9 -2 -6 22 15 29 13 -13 21 20 -14 -17 48 26 25 -15 -4 39 27 -8 -1 -25 33 -12 -16 45 41 -5 59 -34 37 42 44 56 60 43 -36 -33 -39 58 53 -44 -19 -43 54 -52 -53 -47 -42 -56 -22 -54 -31 -27 -41 -62
right_child=1 -3 3 28 5 -7 10 -9 -10 -11 11 12 16 14 30 17 -18 18 -20 -21 23 -23 -24 24 -26 34 -28 -29 -30 31 -32 32 35 -35 36 -37 -38 38 -40 40 50 49 47 -45 -46 46 -48 -49 -50 -51 51 52 57 -55 55 -57 -58 -59 -60 -61 61 -63
leaf_value=-6.9143374516128109 -5.6786989536432779 59.812188145243503 0.40839945367440589 -6.9930500873092782 -15.109156518470753 51.59816800114001 4.6455911112131547 13.398769805490145 4.5553059475383986 -17.705613165118027 -3.9583397569265055 -0.87519028527745313 -11.051678345824676 11.609953551753868 3.4548720971641922 0.92257170740676109 2.978399612795458 -0.72754854938581026 -20.268368369247057 -0.17468142003658768 0.019937805206987624 23.09975197968393 -11.463037647993399 13.023587239032507 -2.5573800284127923 -3.4137153521830008 -18.882012146385787 3.874668030452769 -11.297970047363169 -5.8941869097304984 9.8067595528826494 2.5590631223507594 8.0321622907882233 3.557904936835758 -2.5131762983782302 2.4100861971384719 2.467930358111567 -7.1550011101080191 -1.7824720006377957 -0.086465448624113261 0.085072485233118222 1.3346580108740858 7.6788242778103424 -0.36081076300169224 -1.9842624331485581 0.10423707578407784 2.316833792280073 0.83135506118381552 -9.3731465357171135 5.2797004917052988 -0.17108763955092751 -0.81976809636782377 -5.353710860058646 1.6494457610777982 1.0870344599961117 8.0667617827087241 0.75497003886583025 -0.80802068410148087 -1.0998020766809276 -8.2927726170286178 -1.6128056210638555 -4.4419783288302943
leaf_weight=0.33487865421920915 0.36816882458515354 0.2474023224785924 0.52592627471312881 0.44261034252122045 0.30657450435683031 0.30524624744430184 0.6207779161632051 0.39089316688477993 0.3782162987627089 0.33835553284734488 0.99833850236609478 0.57922529149800572 0.39969304436817754 0.46645573759451586 0.70466057304292773 0.37937854137271532 0.42101637180894613 0.21041466388851404 0.26866635261103511 0.28250327194109559 47.038760616676882 0.4092080183327198 0.30569735029712208 0.37144138454459497 0.46675513358786702 0.8331169020384539 0.34634507214650512 0.6107921227812767 0.66470075119286776 0.37033700197935004 1.0690717273391781 1.4149724040180434 0.81332675111480057 0.20191787602379807 0.79798832070082193 0.84275784296914824 0.68016731459647495 0.80128736607729922 8.8356424008961785 2.387729663634671 36.697301136096939 1.6772133526392283 0.22370434785261761 6.0623170600738367 0.66555279167369008 100.38923216052353 1.9608311387710262 1.2598966630175705 0.22414468321949244 0.73079489730298508 73.838933947263286 21.839938854798678 0.79333174345083424 3.1614096681587389 0.97748885978944489 0.2548201868776232 17.354013254866004 0.54518250189721584 1.2481572453398255 0.40195338008925319 5.1842415402643383 0.86485832324251521
leaf_count=76 75 61 85 118 68 60 8 53 90 51 79 66 49 89 35 38 54 67 45 41 1572 96 62 95 90 129 83 90 99 93 96 152 75 44 242 27 59 92 786 573 6286 93 51 610 64 5324 85 321 46 132 1478 1024 72 238 213 56 1112 48 99 50 457 92
internal_value=0 17.8292 -0.0414509 -0.0163116 0.0117699 12.9702 -0.0248521 4.1456 -4.24829 -7.93196 0.0016443 0.427787 5.95568 8.44938 10.488 -0.23223 -3.85438 -6.78868 -10.9488 -9.23965 -0.200592 16.9793 -3.95543 -0.102012 4.14803 -1.56469 -12.9989 7.33442 -7.55144 0.240737 7.28331 0.276062 1.3945 -3.68765 -1.83058 5.17117 -1.53532 -1.75169 -2.21336 -0.131651 -0.288691 0.761792 0.33298 0.191735 -4.80887 0.15557 0.191655 1.86385 -5.18693 2.53192 -0.214783 -0.363073 -0.974676 0.151412 0.164517 2.53032 0.218031 -3.50223 -2.19683 -5.0016 -1.47085 -2.0173
internal_weight=0 1.00646 353.58 352.617 351.307 0.990037 350.317 0.759062 0.684791 1.16998 349.147 123.719 4.04933 3.22862 2.6494 225.428 0.820709 1.0826 0.703226 0.963727 224.346 0.875664 0.831624 209.226 1.44899 15.1201 0.681224 0.982234 1.30923 119.67 1.77373 118.671 11.5414 0.644528 14.4993 1.65608 13.2642 12.5841 10.3025 207.777 143.384 9.8853 2.28159 7.47729 1.46684 107.13 105.511 1.4836 0.434559 2.40801 134.947 97.0174 23.1785 103.551 37.9296 1.23231 64.3928 1.33851 1.61849 1.23507 8.43683 6.0491
internal_count=23814 189 23625 23425 23164 218 22946 128 158 198 22748 7492 485 382 316 15256 103 196 158 200 15060 185 147 13258 275 1802 159 185 261 7007 131 6928 1089 162 1794 102 1615 1556 942 12983 10299 987 614 762 156 5839 5647 372 113 225 9177 2622 1144 5562 6555 269 2684 120 192 179 1122 549
is_linear=0
shrinkage=0.05


Tree=25
num_leaves=63
num_cat=3
split_feature=66 70 48 3 66 50 53 66 51 70 3 54 48 53 58 76 48 57 68 0 1 79 67 33 58 66 1 58 3 60 25 21 67 59 51 66 67 54 0 3 70 67 52 0 57 48 56 49 49 56 57 9 59 66 49 31 51 57 60 66 70 54
split_gain=143668 206966 39828.5 36393.9 53724 29805.6 26848.4 23042.1 28697.1 23331.1 34947.8 30499.7 29202.2 18962.8 15624.6 12747.7 11968.2 11867 11387.7 9287.9 9009.37 8759.43 8718.53 10694.4 8414.61 6672.2 6624.02 5715 7539.57 5633.81 5630.88 5476.22 5991.6 5076.03 6403.82 4547.18 4448.08 6809.31 5237.64 4946.13 6703.33 5770.29 4055.87 3811.66 3378.88 3357.56 3042.36 3042.17 2950.75 2800.57 2759.59 2955.72 2581.8 2442.22 2356.32 2299.51 2421.98 2265.65 2200.39 2452.11 2172.19 2108.1
threshold=1880.1466666666668 3.6765424909626359 -443.0134977639359 2018.5000000000002 752.93666666666672 48.73059362752636 728.54895991942055 543.85666666666668 114.59911846271886 2.0001643115346703 2016.5000000000002 176.66947487774624 -68.962828194721467 -250.86813321987665 659.40560350143551 1.0000000180025095e-35 -658.16047855304294 107.2916613940382 0.83333333333333337 0 5.5000000000000009 1.0000000180025095e-35 570.47500000000014 -0.6830127018922193 104.40580147742293 376.19500000000011 9.5000000000000018 557.04426868202984 2016.5000000000002 -377.75707648688024 1.0000000180025095e-35 1.0000000180025095e-35 665.53500000000008 -18.679605833193573 -88.753250872480336 384.76500000000004 154.50000000000003 1.9738004194473862 1 2017.5000000000002 0.94014206371045284 472.40000000000003 -464.71163378402758 2 -27.398441995809211 -20.291235133996206 383.91228179797895 958.787348124044 -16.740701281633754 123.87023829556786 33.041918185357019 3.2320508075688781 180.55960127493864 152.19333333333336 -627.09499814798244 -1.0000000180025095e-35 -187.23512550270058 -2.7965962172887093 -62.756912017600023 173.89166666666668 12.063439767779391 55.25938727898312
decision_type=2 2 2 2 2 2 2 2 2 2 2 2 2 2 2 2 2 2 2 9 2 2 2 2 2 2 2 2 2 2 2 2 2 2 2 2 2 2 9 2 2 2 2 9 2 2 2 2 2 2 2 2 2 2 2 2 2 2 2 2 2 2
left_child=2 -2 3 4 5 18 7 13 9 17 21 12 26 29 20 16 -5 33 -1 24 -10 -11 27 -24 48 -26 -12 36 -29 -4 31 32 57 34 -9 -31 43 45 -39 41 44 50 -8 -21 -41 -38 -18 53 -15 -35 55 -52 -46 -44 -20 -40 -57 -25 -42 60 -60 -45
right_child=1 -3 6 15 -6 -7 42 8 14 10 11 -13 -14 19 -16 -17 46 -19 54 22 -22 -23 23 30 25 -27 -28 28 -30 35 -32 -33 -34 49 -36 -37 37 38 39 40 58 -43 47 61 52 -47 -48 -49 -50 -51 51 -53 -54 -55 -56 56 -58 -59 59 -61 -62 -63
leaf_value=-0.78187878762217655 0.85507840569862192 50.978744372641735 -10.451331033045907 -18.088474382715848 23.295014452974943 11.713960410159657 -11.795880094929496 -5.7537335598093939 6.0896224359416111 -8.2669999724157339 8.626923692729914 22.619297243886304 -2.4972008133996866 -2.383064547218106 -10.569976347997297 -2.7233733430470717 -5.7380844057649405 9.3396501609125835 -17.091792371581999 -0.63984657119955435 -3.2480428613341021 5.5078638396065367 9.4911291408452865 -0.00030734231392801623 -4.1617524537390649 0.10433857847051482 17.114809113488491 2.7738200202205809 -7.4410027532974894 -4.4189042136121408 5.2218801606348419 4.2432200276873893 -3.6646738503584988 -1.0471907133129954 2.1574003461279601 1.5491776696002975 3.8861055944647278 -0.52441143942116475 5.4285723499914607 -4.0161472596174752 -0.20605725431852454 9.3991014176755225 -4.8068956710747592 0.049565882012070517 0.2016627316126281 0.35076106143386193 -11.706686524274678 -1.3152685103287636 -0.22554096474507479 3.9751806840447155 2.6035049184383503 8.8976195316211726 -4.4342209149657839 -11.091127530364659 -10.169288392548841 4.5676250938260763 0.022392705696563195 4.7746688347107868 0.45312355740307808 2.4256755655821767 3.2141342329237852 -0.59800732563498438
leaf_weight=0.30414823116734557 0.53105938248336215 0.33640314731746912 0.32557371724396977 0.5662754364311694 0.22007358632981766 0.23722352227196097 0.35484681185334921 0.60049594799056649 0.41581334918737389 0.32073028711602125 0.44951164769008733 0.46726237051188935 0.4568909527733922 2.048861431889236 0.47445252956822503 0.44136497983708967 0.42814304307103146 0.41879739938303817 0.2087924857623874 13.898004936752839 0.68201501853764057 0.18028008914552629 0.46472691558301438 0.70415913965553101 4.1493029035627833 1.1763851600699124 0.47040042956359684 0.26692264992743631 0.5588677916675806 1.9129703878425055 0.76620465260930348 0.69082482904195774 1.0091180736199019 0.4129619663581241 0.44563211360946364 0.38307653926312912 2.184532285202295 7.4385717031545937 0.28396214963868383 0.92377614416182074 2.673223656369383 0.28341677505522955 0.3656902853399504 264.23909950628877 2.0875235861167343 0.96969362767413514 0.4258786104619503 0.29480249714106321 6.9960424415767175 0.84660168224945664 0.68276331922970701 0.25663370662368834 0.3507979093119501 0.26783951139077544 0.29891245439648639 0.3418053765781236 2.0563660268671864 0.38383627077564564 5.5207598628476138 3.7260118604172021 0.81790204346179951 13.195225669071077
leaf_count=81 64 78 52 99 54 63 87 73 58 100 45 56 34 203 60 74 73 56 54 1258 96 49 68 76 366 137 58 72 88 314 99 73 95 47 58 37 149 867 62 103 245 61 63 14113 309 48 54 51 99 100 182 66 38 43 72 77 484 64 434 342 21 1208
internal_value=0 20.2931 -0.0798754 -5.69441 0.834631 -3.87707 -0.0298939 -0.00345741 2.91351 4.74381 8.3999 11.5814 7.83537 -0.0598154 -2.98803 -10.1455 -12.4519 1.59688 -8.43277 -0.0272614 0.28869 -3.31035 0.0424794 2.35825 -0.96863 -3.21942 12.9672 0.0149601 -4.13924 -4.29599 1.42559 0.382257 -0.88961 0.19051 -2.38373 -3.42318 0.0256162 0.599105 0.346232 0.621458 0.544915 2.5285 -7.24915 -0.0346156 -1.44093 2.79925 -8.71447 -5.5112 -0.714266 2.32854 1.99082 4.32299 -0.465295 -7.4637 -13.0162 1.17399 0.670213 1.68427 1.06907 1.40775 0.809387 0.0181134
internal_weight=0 0.867463 354.823 3.13081 1.26915 1.04908 351.692 350.409 6.64185 5.06956 2.34508 1.84407 1.3768 343.767 1.57228 1.86166 1.4203 2.72449 0.811853 341.145 1.09783 0.50101 326.775 4.01887 14.3706 5.32569 0.919912 322.756 0.82579 2.62162 3.55414 2.78794 2.09711 2.30569 1.04613 2.29605 321.93 30.5977 27.4435 20.0049 16.1 3.90495 1.28318 291.332 3.3621 3.15423 0.854022 0.928332 9.0449 1.25956 3.62153 0.939397 2.43832 0.63353 0.507705 2.68213 2.39817 1.088 12.7379 10.0647 6.33866 277.434
internal_count=23810 142 23668 624 324 270 23044 22800 890 676 342 193 137 21910 214 300 226 334 207 21507 154 149 20702 475 805 503 103 20227 160 403 407 308 235 278 131 351 20067 3488 3291 2424 1492 932 244 16579 450 197 127 157 302 147 871 248 347 106 126 623 561 140 1042 797 455 15321
cat_boundaries=0 22 41 61
cat_threshold=1046 256 536872960 524306 32 16 133 0 0 1610612736 0 0 0 0 64 67108864 912 1048708 2 5 0 2621440 2147485768 0 524288 0 0 0 16384 0 0 2148803197 0 0 0 302514176 0 0 4195361 4227080 37781568 0 67108864 1028 17345 33658000 8 262202 0 1048576 16384 0 0 1 0 1 16777344 262144 524288 0 16
is_linear=0
shrinkage=0.05


Tree=26
num_leaves=63
num_cat=3
split_feature=67 52 50 70 54 1 52 50 67 54 47 1 50 55 50 35 67 64 55 47 8 50 54 0 64 47 55 57 59 59 52 67 5 54 33 63 54 56 50 0 63 56 53 49 52 3 58 70 79 45 58 54 5 42 59 74 53 3 64 51 56 57
split_gain=136483 361922 27594.2 49966.6 19086.2 19058.6 16124.3 19559.5 14871.4 25606.9 20308.6 18026.6 19880.6 13381.6 11346.4 9268.43 8370.2 17287.6 8002.84 9035 7663.14 9291.86 9579.28 7568.55 7532.77 7331.57 7066.9 6498.4 10277.2 6361.98 5588.2 6524.76 7221.75 5525.06 6573.6 4525.34 4288.45 4615.5 4215.07 4195.06 4096.16 3695.23 3455.28 3173.78 3640.1 3105.69 4752.43 2828.69 2811.89 2705.83 4420.11 2876.05 2653.03 2574.05 2424.31 3077.76 2737.14 2380.41 2877.19 2353.12 2820.4 2315.46
threshold=2625.9500000000003 -257.21972887194727 -408.8410536728926 0.98008159606991729 130.94853362968175 5.5000000000000009 -645.95659466098698 -634.99286900830236 1177.3350000000003 5.7411543899170807 -194.21486999755547 6.5000000000000009 500.74582338961085 -147.61569848737972 -690.39038114173616 -1.0000000180025095e-35 865.75000000000011 33.117500000000007 -45.539983348828478 85.850556678757997 4.5000000000000009 22.062885371384166 176.66947487774624 0 835.79750000000013 -481.78901990205912 -129.83367009106436 210.81593865271228 -80.859246170149262 3.7590606252082499 301.25552829237876 223.70000000000002 0.93301270189221952 1.1277219093604407 -0.6830127018922193 1286.9591666666668 58.181267362575873 462.51841872838514 -174.0802629927307 1 1398.221666666667 162.79966901093488 -45.282270413243687 124.38440015980187 -207.79227387913491 2016.5000000000002 263.78056928422563 0.70257086354647347 1.0000000180025095e-35 0.68301270189221941 271.63268407851945 108.20647735498942 0.6830127018922193 -4.592425496802573e-16 3.7590606252082499 2 -9.309325528881546 2019.5000000000002 166.63500000000002 89.693446873159743 91.0147780103771 21.213251209746129
decision_type=2 2 2 2 2 2 2 2 2 2 2 2 2 2 2 2 2 2 2 2 2 2 2 9 2 2 2 2 2 2 2 2 2 2 2 2 2 2 2 9 2 2 2 2 2 2 2 2 2 2 2 2 2 2 2 1 2 2 2 2 2 2
left_child=2 -2 3 5 -5 14 -7 -8 10 -10 20 18 15 -6 40 -13 23 -18 -11 -20 21 47 -23 -12 29 -22 -17 30 -29 -19 31 36 33 -33 41 -30 38 57 -25 52 -1 -35 -31 44 -41 48 -47 -4 -32 50 51 59 -36 -45 56 -56 -40 61 -59 60 -46 -38
right_child=1 -3 8 4 13 6 7 -9 9 11 16 12 -14 -15 -16 26 17 24 19 -21 25 22 -24 27 -26 -27 -28 28 35 42 45 32 -34 34 39 -37 37 -39 54 43 -42 -43 -44 53 49 46 -48 -49 -50 -51 -52 -53 -54 -55 55 -57 -58 58 -60 -61 -62 -63
leaf_value=-14.495073098910186 53.793275426859736 -8.8142449600224673 -4.3606451841932463 13.601064999816565 -6.1335081446416524 -12.624176800746479 9.9192618807582846 -6.7053006337199426 13.880297508875589 -7.3144186698420164 -0.8973275631653499 -4.894703409932621 14.750320759051831 5.8615560655156598 -8.66789004601325 11.575759812778259 12.587388556859647 7.6695418226316265 4.9549309203271088 -5.4996913385095958 -11.8589633884057 -1.5901745888546932 5.4040135233946991 2.5932462040148301 -4.9178620783064106 -3.8178650477866749 1.5574258757000887 -3.1480935934404579 4.5291647184816339 -2.8770953231338119 6.1208350254033741 3.7889626501715647 -2.1882293960908568 2.4372242231280365 -0.55243428012038198 13.506299662614897 -0.43576528380950869 -4.795601754640443 -0.31764783893306137 4.9642788374059776 -23.134842407194643 7.5960916104629277 3.4509599253581236 7.3304248200670488 0.97570665628278774 -1.7177036621207205 -7.2903368968534537 -1.3789701576669078 -2.5472826059997291 -1.8132313528630979 4.5053872571764026 -1.628906200927887 -3.0357854965773066 2.438559818750186 0.17737819997602486 1.1918306945647863 0.072423454470201071 -0.45029233996845774 -2.1239589811358357 -1.2847533121792725 3.6147087757978884 1.844550934598904
leaf_weight=0.29145626630634092 0.41647713631391525 0.51786646666005154 1.9833234106190496 0.34174734726548173 0.4713306175544858 0.37410914991050959 0.3007897799834609 0.42965655680745818 0.4883255972526962 0.54888486629351974 11.794448571279643 0.35197694133967194 0.40461775241419662 0.45888201985508204 0.61168371839448765 0.26198053825646661 0.39545585168525521 0.44922359148040392 0.47899169428274058 0.36347715836018324 0.32960896845907006 1.2688917769119146 0.79706792440265406 1.6291824413929124 0.41030988958664227 2.025029961951077 0.53651256533339542 0.300000861287117 0.3380285045132031 0.42532666912302375 0.18965440290048663 1.8055776078254044 1.7616370504256327 1.3769524940289617 4.5945057258941233 0.24009477905929089 3.2731840757187518 0.67590603092685242 62.021700688172132 0.60351248225197807 0.25918259471654892 0.4641120173037051 0.43771539512090385 0.37051048828288913 4.5878094083163781 1.5316640697419646 0.50997665897011746 1.3280771174468098 0.18465086491778493 0.80517931049689728 0.91406361991539586 1.0316417638678101 1.4041811749339101 0.98064700025133678 56.794601478846744 8.6102169041987491 163.60435778135434 8.4225486835930479 3.6941156561952075 0.83061721897684027 1.2991422710474578 1.6870012122672049
leaf_count=65 95 55 258 55 82 95 49 77 82 62 1001 34 71 74 137 42 23 70 62 62 84 102 74 78 53 463 88 65 71 44 51 71 197 181 496 50 661 91 3930 80 65 77 62 53 477 185 76 125 54 94 80 138 116 157 4956 75 6266 378 195 119 166 376
internal_value=0 19.0926 -0.0416309 -4.43537 3.49616 -8.8858 -4.18284 0.140512 0.00136697 3.27571 -0.0300322 1.51817 5.21747 -0.216238 -13.355 1.86479 0.0258909 3.15958 -2.61646 0.444359 -2.56473 -1.52312 1.10825 0.00683654 0.99521 -4.94348 4.84438 0.0633068 4.36083 2.84407 0.05395 0.0713208 0.887128 1.14427 0.896378 8.25737 0.0113202 -0.743249 0.0570923 0.596117 -18.5618 3.73772 0.332351 0.802236 1.19927 -2.34209 -3.10968 -3.16481 1.84471 0.959293 1.21698 0.82909 -0.425095 3.77999 0.042895 0.310926 -0.0348021 -0.582856 -0.960558 1.20657 1.55809 0.33979
internal_weight=0 0.934344 365.155 3.53884 1.27196 2.26688 1.10456 0.730446 361.616 3.43477 358.181 2.94644 1.55509 0.930213 1.16232 1.15047 350.449 2.11803 1.39135 0.842469 7.732 5.37736 2.06596 348.331 1.72258 2.35464 0.798493 336.537 0.878124 1.31227 335.659 333.243 22.8301 21.0685 19.2629 0.578123 310.413 17.7528 292.66 17.4218 0.550639 1.84106 0.863042 11.4231 10.072 2.41595 2.04164 3.3114 0.374305 9.46845 8.66327 7.74921 5.99869 1.35116 291.031 65.4048 225.626 17.0768 12.1167 6.71757 5.88695 4.96019
internal_count=23771 150 23621 699 211 488 221 126 22922 503 22419 421 235 156 267 164 21313 252 186 124 1106 559 176 21061 229 547 130 20060 186 176 19874 19508 2502 2305 2234 121 17006 1701 15305 1976 130 258 106 1364 1154 366 261 383 105 1074 980 900 612 210 15227 5031 10196 1610 573 762 643 1037
cat_boundaries=0 22 43 44
cat_threshold=524288 0 536872964 524419 5136 0 129 0 2148532224 1610629153 0 0 0 0 64 0 624 128 2 17 0 2621440 2147484700 256 524288 0 0 0 0 0 0 2416452700 0 0 0 524288 0 0 671090048 16777233 4227072 67108864 512 1
is_linear=0
shrinkage=0.05


Tree=27
num_leaves=63
num_cat=2
split_feature=66 67 71 65 66 54 55 47 50 50 2 47 66 66 54 71 22 65 54 60 64 0 63 13 2 8 66 34 67 70 66 54 24 54 57 58 54 44 67 57 49 0 50 64 9 59 65 56 53 70 66 54 53 56 63 87 47 59 58 55 57 64
split_gain=168409 365044 34460.5 29498.3 33245.9 40399.5 36989.5 26142.1 17709.6 12953.2 12877 15207.7 11797.8 9226.87 12198.3 9535.9 11018.3 12443.3 10637 9173.84 16151.6 8993.23 10189.8 8159.11 6959.33 6261.97 14489.6 6103.38 5631.36 5246.26 9144.84 10247.3 4988.4 4818.41 5477.88 5579.31 4818.31 4771.86 4410.31 4263.19 4203.72 3382.4 3798.96 3654.28 3607.84 3205.76 3185.26 6901.1 3784.97 3518.96 3852.07 3177.4 3099.22 3628.85 2881.46 2753.98 2734.14 2711.72 2504.48 2637.27 2973.38 2866.01
threshold=1880.1466666666668 4214.1650000000009 -101.20630813724632 2671.0000000000005 1079.0400000000002 64.733186735373991 -48.607995376791685 -321.69577624677328 -565.09865005264203 -830.57410843034938 3.5000000000000004 -657.61063708756421 356.51500000000004 399.25000000000006 5.0778650440383943 56.648264311609523 -2.7554552980815443e-16 1206.7100000000003 249.29019409021876 675.0328419670069 761.75000000000011 0 332.27791666666673 -0.68301270189221919 2.5000000000000004 9.5000000000000018 180.16666666666671 -0.5 841.08500000000015 1.4195799490320871 152.19333333333336 1.7735613441331426 1.0000000180025095e-35 47.591157645305344 210.81593865271228 391.99937649424294 41.467463074280012 0.25000000000000017 491.50000000000006 -155.90602995347754 -53.845677223247378 1 -174.0802629927307 435.10250000000002 1.1634144591899857e-15 -43.59450539209535 346.04000000000002 117.82608626757759 -58.003172245862565 2.4400361605357008 714.5100000000001 235.90702760610219 -17.377092211676331 97.484029505529506 668.8183333333335 1.0000000180025095e-35 -13.611190336932346 2.066339869281046 38.224993551589947 -58.687857967785305 14.25397161520416 226.77250000000004
decision_type=2 2 2 2 2 2 2 2 2 2 2 2 2 2 2 2 2 2 2 2 2 9 2 2 2 2 2 2 2 2 2 2 2 2 2 2 2 2 2 2 2 9 2 2 2 2 2 2 2 2 2 2 2 2 2 2 2 2 2 2 2 2
left_child=2 -2 9 4 7 -6 -7 10 -5 -1 11 -4 -12 19 -15 16 18 32 -16 21 -21 22 40 -10 36 27 -27 -13 54 33 -31 -32 46 39 38 -36 -11 55 41 -23 -9 43 -43 -35 -45 -46 47 48 -18 50 51 52 -48 -54 -29 -24 57 -41 -33 -60 61 -61
right_child=1 -3 3 8 5 6 -8 13 23 24 12 25 -14 14 15 -17 17 -19 -20 20 -22 29 37 -25 -26 26 -28 28 -30 30 31 58 -34 34 35 -37 -38 -39 -40 56 -42 42 -44 44 45 -47 49 -49 -50 -51 -52 -53 53 -55 -56 -57 -58 -59 59 60 -62 -63
leaf_value=-16.365127241766555 -3.0376645573175747 64.36818626846879 -14.70110122912407 -18.710167275025352 21.89224207673503 -5.5301933595800206 12.205876449772973 -2.6331245763240951 3.218751575800495 -3.9014890637704145 -5.135020448672388 -0.39458606953730174 5.6401726576127702 7.4232898002749721 2.3349531500432077 8.5531966829684904 2.1121890039709927 -7.965141297287464 12.388847318371045 -0.47927266159857906 13.614801928849989 3.220482207538065 -3.7075723957112943 -8.5294280587893603 0.92536451332136238 -8.3917817705380635 13.053578795220274 -3.1698269949675986 -12.51052578114825 0.18271326470037483 7.4401424434912462 -1.2919989104466543 4.9108853801770849 0.45779576563198071 0.20307054503175934 11.295998406942735 -12.360183625682138 -0.035868937975855379 -4.1538070480963052 -0.67990098853652858 -0.45832126830395864 -3.3469344521601911 -0.94623098779358539 1.1338414851470193 3.2508497202060713 10.961409481945864 -2.0015267388488964 5.8799701704923102 -4.3037382637516597 -4.1624573558143441 3.6799491658650121 -4.8750934470370737 -2.4678884611622216 3.0510098425998327 -8.1508141672383942 -7.1499024014378678 0.061476190795270218 0.1796974440287836 -0.043396693764909511 2.0442708867749326 0.28422131313520677 5.1762047574675023
leaf_weight=0.34747401438653469 0.53830130957066913 0.32041659811511636 0.42162674991413984 0.30803789431229234 0.36360268574207921 0.62368112476542581 0.55607471195980895 2.8238469245843598 0.23813123907893896 0.34475279925390967 0.47619474213570379 0.465819663833828 0.54450781224295497 0.80349424900486965 1.4081847369670848 0.39891359768807966 0.48922068369574845 0.48548922408372153 0.32352147111669172 0.5075727126095434 0.3390626844484359 1.0055231442674983 1.3889730717055497 0.38955254061147471 0.31972748367115855 0.15986637165769924 0.15525837894529104 0.6830146112479254 0.34911591466516245 103.12590488838032 0.77109866915270586 0.78732865280471731 0.54537749616429199 3.5441949283704162 0.28666322352364559 0.18748785275965929 0.3290367042645812 0.56449654977768648 0.96341349231079121 28.121885125990957 10.42445159284398 1.8013181639835334 19.34672080422752 0.64949488686397649 0.30621365224942565 0.24081634543836117 1.2894854936748723 0.63182834186591208 0.43361309915780821 0.6544212526641785 0.54898673435673107 0.42587084043771017 0.42636471893638661 0.98820857750251889 0.50504374271258712 0.99886819627135981 140.36564304842614 13.617423035204409 1.593227536883205 2.0992701065260921 1.2788451362866906 1.1202490739524362
leaf_count=80 81 68 91 75 63 77 87 285 54 64 84 86 96 93 239 50 53 70 41 56 80 39 160 92 60 52 50 84 61 5384 78 140 84 466 80 48 68 37 106 2703 344 226 1971 143 58 52 142 80 56 61 84 43 59 163 96 96 6939 851 180 206 106 83
internal_value=0 22.1137 -0.0555366 -0.0252613 -0.00178767 7.32065 2.82966 -0.0339047 -8.89112 -8.05568 -4.18046 -5.96634 0.613154 0.0108879 1.51916 0.994934 0.646392 -0.246348 4.21325 -0.0330455 5.16516 -0.0460888 -0.936048 -4.07239 -5.14952 -4.37763 2.1741 -5.4084 -6.92776 0.0270946 0.306445 1.97441 0.336144 -0.118671 -0.738008 4.58941 -8.03219 -4.17018 -0.832078 -0.0262446 -0.921876 -0.708465 -0.781281 0.406634 3.65355 6.64523 -0.0875921 1.85397 -0.902471 -0.784163 -0.183218 -0.860814 -0.228592 1.38757 -5.28725 -5.14755 -0.044172 -0.399458 1.36173 1.70472 2.32386 3.13404
internal_weight=0 0.858718 355.693 354.353 353.417 1.54336 1.17976 351.873 0.935722 1.34099 3.76045 2.73975 1.0207 348.113 9.85298 9.04949 8.65057 6.91887 1.73171 338.26 0.846635 337.413 16.2006 0.627684 0.993517 2.31812 0.315125 2.00299 1.53717 321.213 110.776 7.65002 6.43338 210.437 27.3263 0.474151 0.67379 2.95234 26.8522 183.11 13.2483 25.8888 21.148 4.74072 1.19652 0.54703 5.888 1.55466 0.922834 4.33334 3.67892 3.12993 2.70406 1.41457 1.18806 2.38784 182.105 41.7393 6.87892 6.09159 4.49836 3.21952
internal_count=23804 149 23655 23383 23162 227 164 22935 221 272 700 520 180 22235 1318 1225 1175 895 280 20917 136 20781 922 146 192 429 102 327 241 19859 6177 793 825 13682 3150 128 132 293 3022 10532 629 2916 2197 719 253 110 741 189 109 552 491 407 364 222 180 256 10493 3554 715 575 395 289
cat_boundaries=0 22 45
cat_threshold=557062 524416 536879108 34 16384 512 134 0 1048576 1 0 2097152 0 0 64 0 720 1048716 33554432 5 0 2097152 4096 1075871808 262144 0 0 4096 0 1073741832 0 0 3584 0 1048576 0 1 1 4 50430528 537002048 131072 32 0 1
is_linear=0
shrinkage=0.05


Tree=28
num_leaves=63
num_cat=4
split_feature=66 64 0 67 47 6 67 58 47 31 50 71 0 67 70 50 54 53 9 1 48 47 55 0 67 54 50 66 63 70 51 48 60 56 71 64 66 51 3 49 70 3 66 66 51 85 54 70 70 59 50 74 49 66 55 56 82 63 54 66 50 7
split_gain=129276 227625 29320.4 60677.9 36345 34952.1 38670.3 28490 18584.6 18420.9 11076.2 8824.16 8384.13 16307.5 49258.7 12488.6 6876.99 7414.92 7153.02 5996.69 5976.2 5955.89 5848.26 4324.56 6567.61 8031.03 5466.21 3764.25 6984.44 3973.71 4237.97 3527.23 3408.79 3284.18 7275.93 4116.32 4546.39 4114.94 2985.38 3853.69 3060.35 3564.35 2836.5 2831.3 2826.05 2933.82 2769.55 3711.16 2574.09 2297.74 3806.29 2899.3 2481.54 2218.41 5371.97 2700.4 2110.9 2066.21 2053.99 1972.04 1921.14 1903.44
threshold=1880.1466666666668 1156.0650000000003 0 1177.3350000000003 -657.61063708756421 0.50000000000000022 1839.6750000000002 348.27579927087419 -299.22080424964292 0.68301270189221941 -82.60315686971316 35.054218221280465 1 521.50000000000011 0.54679901648301621 -164.68402237888355 3.6197245019665982 103.26028807393133 5.0980762113533169 11.500000000000002 -443.0134977639359 -255.0576305151564 -147.61569848737972 2 222.18000000000004 1.3916068098799965 -279.38051576702804 440.5216666666667 407.53625000000005 0.90922208626592493 -296.25299092963377 -173.98663564811716 -46.450677490046004 309.40999481370505 1.10145279017636 374.50500000000005 676.48500000000001 -509.54685785157545 2017.5000000000002 241.20522021034159 0.96878910792867889 2019.5000000000002 310.68833333333339 369.48500000000007 -37.38402101792456 1.0000000180025095e-35 475.13761884562081 0.27477720024190738 1.1081416940892035 3.7590606252082499 -207.79140438784535 3 -94.793174649276935 384.76500000000004 25.999667547622433 145.45097176683547 1.0000000180025095e-35 3.0416666666666674 84.854446535444779 242.40250000000006 -221.70900247705023 -0.5
decision_type=2 2 9 2 2 2 2 2 2 2 2 2 9 2 2 2 2 2 2 2 2 2 2 9 2 2 2 2 2 2 2 2 2 2 2 2 2 2 2 2 2 2 2 2 2 2 2 2 2 2 2 1 2 2 2 2 2 2 2 2 2 2
left_child=2 -2 4 12 22 6 7 -5 -8 10 19 21 15 23 -15 20 -16 27 -19 33 -4 -12 -1 26 31 -26 -14 28 -18 -29 -31 61 43 35 -35 42 -37 -36 39 44 41 -40 60 -17 45 -27 -39 -48 59 52 -51 57 -33 55 -55 -34 -57 -52 -43 -28 -6 -25
right_child=1 -3 3 5 9 -7 8 -9 -10 -11 11 -13 13 14 16 32 17 18 -20 -21 -22 -23 -24 24 25 38 48 29 -30 30 -32 49 53 34 37 36 -38 46 40 -41 -42 58 -44 -45 -46 -47 47 -49 -50 50 51 -53 -54 54 -56 56 -58 -59 -60 -61 -62 -63
leaf_value=-18.993098106004958 49.24665535807025 -2.3346143383574307 -10.904816883268323 7.6039837954579914 -7.0855881185682996 -2.6871498964073464 11.280000003768846 24.476832536514664 -4.8043874200674406 -11.71023745086084 -6.0501275378769819 4.6736459618889743 -6.0087306766500053 18.757689321406207 6.8178446799616026 -4.1795065971853598 0.90951327181211716 0.5142716382634942 9.9107746464619151 1.3373277646270627 -3.7057917696876448 -0.77856472119552422 -9.9459775010506739 0.66892271423931082 4.5699352606472301 1.5452456699304367 -1.4353298785159696 -3.4468817457605292 -4.8213766724708185 6.0135654569176902 1.0741566122898121 -1.6901569438240338 -0.33390853965504219 -13.759105403612679 -10.001236411542255 -3.3961541051699342 3.5307100623842467 -6.7293419662546983 1.1905829343613976 7.6125854806677555 0.79865794692691894 -1.0303891340373177 -9.8986138510900012 -0.23113050390246587 0.044518029041257401 6.9078293774497102 -4.2175323882401585 4.2246520568006281 -0.23404436699754921 4.5132433906086709 2.0595113853435643 1.0792261604186888 -0.024152066195298881 -1.1617812693185741 6.8995092671795719 -4.5547353617688442 -0.13838781388260876 0.088710013543037536 -4.479414274121825 -4.7634897461341392 -2.6788005892005327 -3.1168805674757563
leaf_weight=0.35615851078182459 0.36657678289338846 0.51347572030499578 0.33106505731120739 0.41650727298110657 0.39454407384618873 0.56706195883452881 0.33606782136484981 0.6264987769536674 0.38571012672036875 0.54772384231910187 0.62108270311728109 0.66314690699800838 0.55975735932588477 0.43410196574404736 0.53764590760692943 1.2225728053599585 1.3736918768845501 0.39036052068695415 0.42092538997530937 0.4538163375109433 2.2307901638559988 3.9023554394952935 0.35835381504148145 0.44015776226297032 1.4706645046826476 0.73299110145308144 5.0064914459362608 0.38079481571912799 0.86732963798567642 0.53283394826576147 2.347313467413187 2.2578020829241714 8.1801569014787621 0.2862651883624493 0.29478539898991574 0.86018905648961641 0.32690834067761898 0.34119562618434418 1.0940683500375592 0.29190566623583425 9.6576917534694058 1.0620430451817808 0.29088522773236025 0.72226857859641302 1.3991283094510425 0.39115604292601347 0.34142608800902963 0.21039947075769305 6.0119434907101095 0.52745408681221206 1.3588733170181502 9.2205533087253553 222.87074908590876 0.52881198795512396 0.33924244670197368 0.72790623456239767 0.4306477690115571 62.434140630299225 0.72725561819970597 0.48851941339671601 0.66277165664360016 1.3514295364730047
leaf_count=69 81 54 82 61 62 71 60 92 52 82 100 76 79 76 55 122 104 64 41 78 290 250 87 84 53 187 631 44 99 51 285 234 283 57 52 144 55 55 208 72 767 92 62 88 322 71 85 34 480 29 9 104 10483 86 58 72 97 5659 82 72 100 151
internal_value=0 19.151 -0.0355687 0.0709836 -1.85463 8.11194 11.5819 17.7389 2.68468 -2.79041 -2.28412 -0.712714 0.0196381 0.0820271 2.42437 -0.871344 1.38942 0.927126 5.38953 -4.11022 -4.63611 -1.50237 -14.4556 0.0327074 0.0765559 1.04022 -0.647288 0.269127 -1.30848 1.35331 1.98796 0.025135 -0.7947 -4.72682 -6.60355 -3.63566 -1.4886 -4.87904 0.702184 2.17362 0.37188 -1.05759 -5.52616 -2.71317 1.54441 3.4112 -3.1882 -0.998705 -0.948999 0.0384033 0.28105 0.250477 -0.0408603 -0.429147 1.98863 -0.653885 -2.91313 0.130691 -2.43224 -1.73121 -4.32322 -2.18678
internal_weight=0 0.880053 364.597 353.685 10.912 2.33185 1.76478 1.04301 0.721778 10.1975 9.64977 5.18659 351.353 336.64 7.285 14.7135 6.8509 6.31325 0.811286 4.46319 2.56186 4.52344 0.714512 329.355 317.288 16.8269 12.0667 5.50196 2.24102 3.26094 2.88015 300.461 12.1516 4.00937 1.47407 2.5353 1.1871 1.18781 15.3562 2.81518 12.5411 2.88337 1.3482 1.94484 2.52328 1.12415 0.893021 0.551826 11.507 298.67 73.541 73.0136 225.129 10.2068 0.868054 9.33871 1.15855 63.793 1.7893 5.49501 1.05732 1.79159
internal_count=23785 135 23650 22202 1448 336 265 153 112 1292 1210 426 21866 20688 819 1178 743 688 105 784 372 350 156 19869 18607 1854 1262 583 203 380 336 16753 806 706 283 423 199 226 1801 652 1149 382 224 210 580 258 174 119 1183 16518 5801 5772 10717 596 144 452 169 5668 174 703 162 235
cat_boundaries=0 22 43 64 65
cat_threshold=4 524288 897589252 34 24576 0 1 0 0 268436480 0 0 0 0 0 67108868 16777218 131200 272629888 32768 8 2621440 18 256 3221229568 0 1072 0 132 0 0 1610629152 0 0 0 0 64 0 33556352 5767172 2 65537 16 2048 16777216 0 537396496 36864 0 2 0 1048576 73 0 1075838976 0 0 0 327155840 272891953 67108872 0 0 128 1
is_linear=0
shrinkage=0.05


Tree=29
num_leaves=63
num_cat=4
split_feature=66 70 0 67 47 64 63 25 51 50 31 52 0 30 64 21 65 22 67 60 67 56 66 48 66 63 57 57 56 48 58 58 9 18 48 53 54 70 66 30 0 71 70 42 71 54 42 67 66 65 67 70 57 66 63 50 54 33 0 64 71 60
split_gain=187533 208020 22966 51712.9 37437.5 31070.6 28263.1 21561.2 16428.9 14042.5 11537.7 9342.99 9048.24 9016.06 8575.89 21010.6 17309.7 15726.8 20638.5 11402.1 8572.7 7959.6 7757.78 7359.44 6605.74 7050.59 6011.73 5097.02 10509.3 5034.76 4674.67 3877.23 3842.11 4487.16 3731.22 3471.99 3363.36 2942.64 4320.62 3660.16 3224.24 2688.89 2630 2516.28 2512.87 4407.37 3930.05 4239.56 3538.35 2498.14 2365.24 2333.4 2182.27 2127 2019.98 1953.81 1863.55 1829.58 1833.7 2422.55 1956.62 1822.42
threshold=1880.1466666666668 3.4286290535576227 0 865.75000000000011 -614.17902541573642 366.47500000000008 287.71333333333337 1.0000000180025095e-35 -49.517186719152967 -71.097613830873868 0.25000000000000022 -1.0000000180025095e-35 1 0.6830127018922193 939.02250000000015 -0.6830127018922193 880.25000000000011 -1.0000000180025095e-35 559.97500000000014 384.1816660906299 1735.2800000000002 188.39234890728514 476.54166666666674 -443.0134977639359 384.76500000000004 332.27791666666673 -205.29706799711474 69.938055838711179 407.85177413489868 -286.16824943844546 659.40560350143551 235.56783018008187 8.8301270189221963 1.0000000180025095e-35 -44.957188008160152 110.04087565811115 108.20647735498942 1.7143736263736267 156.9916666666667 1.0000000180025095e-35 2 32.292939705921633 1.6890049585416367 -1.0000000180025095e-35 -20.091610476610917 68.348803327177436 -1.0000000180025095e-35 1177.3350000000003 291.8033333333334 96.930000000000021 491.50000000000006 2.247933105347705 16.454293943401336 21.116666666666671 64.675833333333358 -68.943196065204816 191.45084248617914 -1.5000000000000007 3 91.555000000000021 -3.1394676642265256 -36.168813852279385
decision_type=2 2 9 2 2 2 2 2 2 2 2 2 9 2 2 2 2 2 2 2 2 2 2 2 2 2 2 2 2 2 2 2 2 2 2 2 2 2 2 2 9 2 2 2 2 2 2 2 2 2 2 2 2 2 2 2 2 2 9 2 2 2
left_child=2 -2 4 12 26 6 -5 8 11 10 13 -7 24 23 22 16 -16 35 19 21 -10 -19 29 -6 25 -4 -1 31 -29 -14 -23 -11 53 -34 42 -17 -26 40 -39 52 -31 43 -33 49 45 -25 -46 48 -48 -42 57 -24 54 -27 -40 -56 -43 -45 59 -59 -60 -57
right_child=1 -3 3 5 9 7 -8 -9 20 27 -12 -13 14 -15 15 17 -18 18 -20 -21 -22 30 51 44 36 32 -28 28 -30 37 -32 34 33 -35 -36 -37 -38 38 39 -41 41 56 -44 50 46 -47 47 -49 -50 -51 -52 -53 -54 -55 55 61 -58 58 60 -61 -62 -63
leaf_value=-20.374991160306195 3.790651693691423 54.882780648280814 -1.1980198041903152 5.3769965841228009 -11.00964492371326 9.1499973809963269 20.024151813584485 11.732758539765742 -7.1649469276293871 -0.55356993958532241 -12.153635981756919 1.554993095456799 -3.1582333817511112 4.7569972154315652 2.8022263223830204 12.252018836092736 16.951204883394634 4.5426719634725679 -12.485507040374641 9.9412754999281425 1.657199603788027 -1.8037503076802943 2.2469851182617306 -3.2416510949102624 3.8866012915537427 -3.3748418380605174 -10.596370106675941 -2.8563633720672019 8.7522500237494842 -0.69077846120442432 -11.288009097105704 -4.7181001982111326 -3.8871395004603992 2.0127949858476475 -9.1563444368224562 3.5178319143496646 -1.0093110525841442 0.1667149722608402 -1.2586785712586415 4.5397861612838257 0.04837654347640389 4.2903936477717766 1.9803984741970819 2.2194542745278896 1.410110755114244 -9.5228851892143851 -3.7961950683318948 -8.5268864277780292 0.32857790748261784 0.75674129249315858 -2.7676428715500365 6.3693730005154841 -1.2319186307570271 -6.1812877476201731 0.5409272400091204 0.67561596687787562 0.684805052330135 0.090262564331658524 -0.69150785250987756 1.508442376240231 -0.14258767656633284 3.9154605259993676
leaf_weight=0.22297730669379234 0.51304565696045656 0.32569252606481314 4.863176776096223 0.77269024052657076 0.33050331566482594 0.58860998135060105 0.57400816143490374 0.55978535627946246 0.69264513859525345 5.6239905473776153 0.39262365037575353 1.2975169806741176 1.24699500016868 0.32807870302349318 0.47406649403274093 0.23682927899062645 0.39733948139473796 0.3049867046065613 0.38761461153626453 0.26599713647738099 0.45707987481728196 0.32899933774024248 1.3275740519165982 0.92667058948427283 0.63162098871543892 1.1245159693062308 0.53260496072471042 0.3712623007595538 0.41056985454633832 9.5468496577814204 0.2147129662334919 0.36106360796838999 0.94803865207359173 0.4882332724519074 0.26005508052185167 0.21899623330682516 0.7889618375338614 97.504447088111192 0.56029601255431671 0.88076810678467143 52.597221007104963 0.58623799355700501 0.24662654101848602 0.81977991433814068 0.52481404552236099 0.39974634442478418 1.7736201900988859 0.34126526257023204 0.73554504895582784 16.304667683783919 0.85884623043239017 0.46297675557434548 0.87009483110159624 1.689469762612134 1.4124571648426352 0.61792260827496659 0.92196849384345114 13.732301863841714 19.200310948072001 3.8570666513405731 105.08388706343248 1.4586707749404018
leaf_count=44 60 78 524 56 70 96 65 55 97 218 90 100 175 56 18 51 89 65 47 52 37 89 195 142 83 151 128 88 72 781 44 58 119 66 46 52 84 4515 90 76 1658 51 47 118 66 68 235 58 111 1021 124 45 73 208 137 64 77 547 1760 712 7279 149
internal_value=0 23.6304 -0.0396204 0.0623889 -1.54256 5.14225 11.6201 2.71605 1.05345 -2.0342 -3.88011 3.92519 -0.00894397 -3.27409 0.0526395 2.79514 9.25381 -0.079078 -2.54733 0.90849 -3.65765 -1.92254 0.0307095 -3.79769 -1.02796 -2.49816 -13.4821 -0.574215 3.23976 0.0127953 -5.5491 -1.03355 -3.98578 -1.88157 -4.14438 8.05578 1.16751 0.0248947 0.245582 1.57137 -0.0771054 -0.0166601 -1.99956 -0.032373 -3.29073 -5.13465 -2.5661 -3.29819 -2.58705 0.216001 -0.151587 3.3129 1.03991 -5.05978 1.52806 1.97558 2.08629 -0.135842 -0.149451 0.255811 -0.210455 2.95139
internal_weight=0 0.838738 361.939 348.157 13.782 4.94234 1.3467 3.59564 3.03585 13.0264 5.75287 1.88613 343.215 5.36024 332.681 2.82954 0.871406 1.95814 1.50231 1.1147 1.14973 0.848699 329.851 5.03216 10.534 9.11343 0.755582 7.27357 0.781832 328.061 0.543712 6.49174 4.25026 1.43627 0.867745 0.455826 1.42058 326.814 103.305 5.80021 223.509 213.962 0.60769 212.454 4.70166 1.32642 3.37524 2.85043 2.50917 68.9019 143.552 1.79055 4.91944 2.81399 4.04935 3.48905 1.50821 142.693 141.874 17.5894 124.284 2.07659
internal_count=23630 138 23492 21895 1597 506 121 385 330 1425 896 196 21389 806 20154 507 107 400 297 250 134 198 19647 750 1235 1068 172 529 160 19407 133 369 544 185 151 103 167 19232 5104 589 14128 13347 105 13219 680 210 470 404 346 2679 10540 240 513 359 440 350 128 10416 10298 1259 9039 213
cat_boundaries=0 22 44 66 87
cat_threshold=0 524544 897581060 48 24576 0 0 0 2147483648 1342178304 0 0 1 0 2147483712 0 285213314 131072 130 32768 4 2097152 6 0 3221749760 3 1056 512 133 0 1048576 24576 0 2097152 0 0 0 67109184 8388912 133 0 65553 0 524288 1024 134217728 11264 541568 69632 67108864 26 0 16384 537133097 0 0 0 0 1 301989888 0 8 65536 4 0 134217728 8388736 1075838976 0 0 512 2149580800 16777216 3257401344 0 0 512 8193 18434 0 2097152 43 134217728 1224753664 536870912 0 64
is_linear=0
shrinkage=0.05


Tree=30
num_leaves=63
num_cat=2
split_feature=67 52 67 58 33 58 54 63 9 9 63 57 60 54 58 63 1 3 57 47 67 59 52 0 67 3 49 67 67 42 14 49 60 20 20 7 16 58 60 58 71 3 23 63 82 74 65 47 54 55 49 55 57 54 58 55 52 57 1 71 91 58
split_gain=112295 274102 27000.2 32189.4 53542 26731.1 16961 15425.3 19530.3 19249.4 16442.1 14944.4 13751 17095.2 11303.9 10022 17223.6 18819.3 18235.7 7938.32 9921.24 8324.28 6269.52 5827.88 5583.81 9801.38 5237.25 4896.15 4325.03 6057.93 4259.82 3923.96 3771.92 3435.83 2829.28 2790.47 2774.44 3193.92 3871.8 3440.33 3189.9 2689.71 3909.53 2793.07 2684.38 3832.34 2483.88 2394.02 2312.78 2264.73 2216.26 2094.12 2093.49 2205.49 2158.54 2065.03 1986.46 2090.38 3080.87 1860.62 1859.22 1808.29
threshold=2625.9500000000003 -257.21972887194727 1177.3350000000003 557.04426868202984 -1.0000000000000002 1110.4375263745417 5.7411543899170807 344.95890151515158 8.5801270189221945 3.0003846579110155e-15 600.03458333333344 -176.60825860141884 384.1816660906299 277.62680109672903 628.28001626122034 1557.5404166666669 4.5000000000000009 2019.5000000000002 83.686655273440621 -255.0576305151564 865.75000000000011 3.7590606252082499 -645.95659466098698 0 165.27500000000003 2019.5000000000002 -53.845677223247378 1009.9950000000001 203.89500000000001 0.6830127018922193 -0.25000000000000006 -39.440784277182168 -113.25537806304618 9.1848509936051497e-17 -1.0000000180025095e-35 -0.5 -2.7554552980815443e-16 51.323631835115748 -1.0000000180025095e-35 175.98077299377613 -26.434981038379107 2017.5000000000002 1.0000000180025095e-35 583.49404761904771 1.0000000180025095e-35 1 0.57500000000000007 -396.55851247732602 4.4547499085408946 -56.554737938657844 200.33860471474514 109.05893297739816 7.8387660600237803 51.303356867527981 104.40580147742293 13.287988233387752 228.12648098108775 40.924761028668257 5.5000000000000009 -5.166017352197783 1.0000000180025095e-35 132.42691376921456
decision_type=2 2 2 2 2 2 2 2 2 2 2 2 2 2 2 2 2 2 2 2 2 2 2 9 2 2 2 2 2 2 2 2 2 2 2 2 2 2 2 2 2 2 2 2 2 1 2 2 2 2 2 2 2 2 2 2 2 2 2 2 2 2
left_child=2 -2 3 19 -5 6 -4 -8 9 10 -9 -6 13 -12 -10 22 -17 18 -18 34 23 -22 -13 26 47 30 35 -23 31 32 -26 44 55 36 -1 -21 61 -38 39 48 -40 42 49 51 45 46 -25 -24 -39 -42 -51 52 53 54 -43 60 57 58 -36 -60 -30 -34
right_child=1 -3 5 4 11 -7 7 8 14 -11 12 15 -14 -15 -16 16 17 -19 -20 20 21 27 24 28 25 -27 -28 -29 29 -31 -32 -33 33 -35 56 -37 37 38 40 -41 41 43 -44 -45 -46 -47 -48 -49 -50 50 -52 -53 -54 -55 -56 -57 -58 -59 59 -61 -62 -63
leaf_value=1.7655233563111392 48.948187145580334 -7.5882342666000291 11.968448988960299 14.39666337676211 -16.147020740581539 17.004134501981209 -8.4273183618031631 12.48398233858272 1.5834587507836815 14.45637061245839 3.0870196606261904 -9.1120421100296891 7.3614331314966641 -10.812916581873374 -9.3787075915214295 -17.802628715224394 -7.823252672171904 -15.738088990087888 11.824353008863429 -0.47124960714988706 7.8022672969416975 3.7968159778300015 -7.7436052900094836 3.5063475352074067 9.8188095722689201 -4.3303699789374628 -0.73744154312116439 -1.7406223993983916 -0.28139562502490428 -1.1313010900224689 1.0742484520710356 0.028699038883791841 0.21624004515825429 3.1546838220846931 -5.3464714618966758 -3.6509684782443736 -0.70165291775151095 5.351008439403877 -2.9917329517153148 6.1207012534237402 5.7789306893448424 1.1263127490891587 8.5143110537037536 -2.8161769426295331 -1.3222656416887211 2.3163383736928185 -0.58886410847653747 -3.342354309257705 1.5631061340905668 -0.0069325907680525866 5.4080048882599243 3.7314925624498692 -0.62720573518703249 0.27796557101596431 4.5747698912349657 1.6208354726701835 -6.5444572593736723 0.77450324105467683 0.40748414420321089 -3.8371942995928303 -2.9917184050174161 -3.6319235730788479
leaf_weight=0.33638327335938845 0.39157890947535634 0.47377074509858985 0.43977481126785223 0.36781609617173661 0.30280529614537943 0.35755428625270713 0.34877594746649299 0.35209679370746094 0.52743147313594807 0.45290042273700226 0.4834343399852512 0.4164563976228236 0.46132062515243888 0.40779488626867533 0.42438765382394195 0.36028139945119597 0.25181292416527867 0.24226226657629013 0.22240372328087687 0.9032875145785505 0.70207889913581256 0.87751491880044319 0.39048813609406341 0.38059902423993008 0.24521791329607368 0.59546656580641866 10.438615939114241 0.73232918605208397 2.420424377545721 4.1073003918863824 0.32233775919303276 272.20328535372391 0.84174205781893252 2.1252514093648633 0.91837014397606243 2.9219377967528999 1.9080370534211315 0.47621047496796531 0.48764317203313723 0.66040926729328919 0.30652472190558899 1.0376458403188737 0.26278645289130498 0.51743997773155559 8.9548496061470342 1.344969406723975 13.641878071939571 1.4800031790509818 2.620288492878899 1.0293572230730026 0.23144935956224788 0.63366914307698596 1.9666143727954475 2.1513594281859696 0.80647553014568973 0.98508232296444465 0.36189835797995318 0.39077992271631945 0.6102931201457984 0.44746054382994682 0.85670596384443332 0.4790083784610033
leaf_count=41 90 47 79 36 64 59 64 48 81 46 59 98 62 78 66 80 65 33 57 102 94 95 108 12 55 62 379 54 212 432 65 14744 100 124 123 322 260 28 39 88 75 88 59 57 1085 8 1725 281 337 223 57 43 169 211 72 153 74 46 95 76 94 50
internal_value=0 17.995 -0.0387604 -0.0871294 -3.99258 3.91985 2.71963 1.54345 2.66187 5.29387 2.85952 -5.39309 0.354072 -3.2731 -3.30424 -4.67374 -8.88491 -4.40063 1.39131 -0.0279651 -0.00512918 3.25913 -3.3594 -0.0274765 -2.56964 0.150838 -0.774463 1.2778 0.0285289 0.636332 4.85242 -0.0256707 0.954705 1.26301 -2.56109 -2.90011 1.01812 1.21039 1.48702 2.8444 0.946297 1.16102 2.87051 0.721196 -0.63415 -0.233174 -0.477712 -4.26117 2.14565 1.92424 0.987101 0.998704 0.708255 1.36558 2.6344 -0.386528 -3.09444 -2.56693 -3.22771 -1.38814 -0.989927 -1.17941
internal_weight=0 0.86535 352.531 348.275 5.19735 4.25547 3.89792 3.45814 3.10937 2.15755 1.70465 4.82954 1.35255 0.891229 0.951819 4.52673 1.07676 0.716479 0.474217 343.078 340.013 2.31192 3.44997 337.701 3.03351 1.16302 14.2638 1.60984 323.437 26.9114 0.567556 296.526 22.8041 18.5419 3.06519 3.82523 16.4167 15.0959 13.1879 3.75691 9.43097 8.94332 1.83012 7.1132 24.3223 15.3674 14.0225 1.87049 3.0965 1.56733 1.26081 6.59576 5.9621 3.99548 1.84412 4.26221 2.7288 2.3669 1.97612 1.05775 3.27713 1.32075
internal_count=23829 137 23692 23050 1004 642 583 504 440 293 247 968 199 137 147 904 235 155 122 22046 21591 243 669 21348 571 182 803 149 20545 2971 120 17574 2539 2080 455 424 1956 1806 1546 453 1093 1054 414 640 2830 1745 1737 389 365 355 280 583 540 371 160 459 414 340 294 171 306 150
cat_boundaries=0 22 23
cat_threshold=2066 0 536879108 2 0 0 129 0 2147483649 268436577 0 0 1 0 64 0 4457120 141 2 0 0 524288 1
is_linear=0
shrinkage=0.05


Tree=31
num_leaves=63
num_cat=1
split_feature=66 58 57 66 6 53 55 58 67 54 60 56 57 65 58 48 3 47 3 66 51 10 67 59 66 71 51 58 67 58 66 56 42 55 37 64 60 65 24 14 71 56 67 10 58 49 57 26 43 55 64 64 47 57 66 0 47 60 66 57 54 57
split_gain=66890 222781 27538.5 29486.8 27159.6 20705.8 20791.3 17104.2 14800 25180.8 22558.7 12631.4 11389.5 37005.6 13880.8 11020.7 10910.5 8653.07 8462.76 8388.74 7833.11 6486.98 6427.97 6221.51 5956.67 6401.5 6159.01 7038.23 4158.03 3998.23 4513.26 4974.36 3989.96 5336.3 3509.5 3294.71 3256.64 3618.99 3207.98 3338.05 3058.06 2980.48 2931.66 3297.48 3777.04 2836.13 2820.6 2699.55 2595.81 2424.75 2407.81 2241.62 2150.07 3791.69 2083.71 3884.02 2827.19 2136.5 2862.82 3049.16 2079.95 2001.55
threshold=1880.1466666666668 1110.4375263745417 -275.36833938588364 1079.0400000000002 -1.0000000180025095e-35 728.54895991942055 -248.47478701901954 526.92356030001145 960.48000000000013 4.9600557603016799 -574.73966483126151 188.39234890728514 210.81593865271228 1499.7750000000003 735.05283137586525 24.255815851655218 2018.5000000000002 96.741047166305592 2016.5000000000002 356.51500000000004 -91.559745541331409 -1.9288187086570806e-15 521.50000000000011 52.27533270201625 492.94666666666672 -14.82180430590879 -60.917864585328694 164.90526549104234 783.1450000000001 526.92356030001145 220.73333333333335 157.85964468905919 0.6830127018922193 154.39786535368117 -0.6830127018922193 457.23000000000008 30.477968645571373 480.55500000000006 -0.25000000000000006 -0.68301270189221908 46.116940609661434 345.32963975902857 733.35500000000013 -11.750000000000002 190.5516581272872 -5.8916527891657386 22.887873843308686 1.0000000180025095e-35 0.25000000000000017 -453.70761827739608 1113.1650000000002 627.69000000000017 -116.81170287210959 -155.90602995347754 33.683333333333337 0 -16.151779945805437 -55.917735032758991 159.7416666666667 -33.598269917082725 17.227556957901687 -57.698547771237038
decision_type=2 2 2 2 2 2 2 2 2 2 2 2 2 2 2 2 2 2 2 2 2 2 2 2 2 2 2 2 2 2 2 2 2 2 2 2 2 2 2 2 2 2 2 2 2 2 2 2 2 2 2 2 2 2 2 9 2 2 2 2 2 2
left_child=2 -2 7 5 -5 6 11 28 12 -10 -11 19 14 16 24 21 41 -6 -16 49 -17 23 50 -12 25 38 27 -26 -1 30 31 52 33 34 -32 -29 -34 -38 -8 60 -20 -14 43 44 -36 -28 -31 51 -33 -4 -7 -41 -27 -54 56 -56 -55 -57 -59 -60 -40 -13
right_child=1 -3 3 4 17 22 8 -9 9 10 15 61 13 -15 18 20 -18 -19 40 -21 -22 -23 -24 -25 26 29 45 35 -30 46 32 48 36 -35 42 -37 37 -39 39 47 -42 -43 -44 -45 -46 -47 -48 -49 -50 -51 -52 -53 53 54 55 57 -58 58 59 -61 -62 -63
leaf_value=-4.4661915649414068 -3.8818625011319954 48.133660121434581 -7.8430878265332584 17.361538807868396 5.9819422214586844 -5.9081159687721057 -4.6949724480022939 -13.013006571838558 14.931401128311663 11.934993917775838 -4.1614783599282026 -8.8300965112817487 1.5371330368216212 22.649758871574338 -0.15063538788697606 10.569897234884806 -7.4314380159743898 -3.6290099926375916 -14.049382131656976 4.8304560171999187 0.13023110142347386 -5.3772779655719205 -12.370888202158318 3.8846439888139765 0.43142760639094313 -1.510506013895885 -1.5896651777835806 10.327058305230496 2.673013123667193 -5.3239729601758468 3.30489370760414 -0.88691500800678547 -3.251616869112496 5.9938237799010095 1.6376465771909154 4.5619310083581821 3.6863128326060739 -2.4215716187758467 -1.0949339131133871 -1.274780019933861 -6.4253468215236653 9.1753731435259027 -2.7496307876825057 0.35920738774853755 7.2418088630106316 2.6359195277152789 -0.12365572536459309 1.8536384382567963 -4.0101585298934967 -3.224208430417427 -0.098867262931322697 0.76756314612378029 3.6263379010019032 -0.44557859702419106 -0.45301516865745556 -0.36296839220667659 0.031568821425196528 0.62420040903411445 -0.05000330406729353 3.8390769114021523 -3.8250550413888202 -15.345590063908261
leaf_weight=0.74460609536617883 0.61921473685651918 0.30836221436038613 0.35727512510493431 0.44595939200371493 0.66108784405514487 0.63621295057237037 0.60838862671516736 0.62332682171836484 0.40910960268229191 0.45785174798220474 0.40789929963648397 0.25026498641818762 0.33360803127288707 0.23535437555983663 0.33465011883526941 0.34480452118441463 0.29981816187500954 0.36267499066889286 0.2688833549618721 0.30399765959009517 0.37520059384405602 0.84819975774735112 0.33978283638134599 0.58453815663233399 0.79355550324544344 2.2847149828448883 1.1441806354559956 0.38743127090856411 0.28088890900835395 0.59800452971830853 1.4783835648559005 9.4353213054127956 0.94393684482201823 0.5770942694507547 1.5401367153972341 0.68773149838671088 0.52551876567304134 0.45034736627712846 1.3773636014666402 6.0277936321217549 0.25747336260974407 0.20693506160750985 0.58456602692604143 6.2412227375898519 0.37358579970896233 0.60815621353685756 0.4623444452881813 1.0753529237117616 0.71573978266678828 1.3880794402211898 0.24786050990223885 1.7288619149476288 0.73077295045368273 36.014901368413121 7.6324922363273799 4.9762246902100733 224.96252197842114 31.259052375331521 0.77388891507871482 1.4451515618711699 1.4136468314100055 0.22281687008216966
leaf_count=130 89 59 91 79 81 141 66 83 55 64 45 50 89 53 99 43 36 54 55 55 66 85 50 84 102 314 148 43 53 86 178 1078 128 81 199 105 53 65 122 568 48 54 56 838 50 96 50 103 69 203 57 156 26 2659 960 564 9267 2989 66 162 163 51
internal_value=0 13.4101 -0.0339829 -0.00449086 7.06323 -0.0334281 -0.0112173 -6.48105 0.0209034 3.29055 1.71281 -4.53462 -0.0109534 5.12603 -0.0267094 -0.114946 0.218271 2.5772 -6.36744 -2.83463 5.1297 -2.1665 -6.52588 0.577627 -0.0111047 -0.0322035 2.00631 4.00316 -2.51072 0.0089385 0.0187011 -0.0179808 0.94256 1.31608 1.05189 6.63938 -1.15775 0.867617 -1.15568 -0.970418 -10.32 4.46127 0.670769 0.915951 2.73166 -0.123157 -3.05648 -0.494087 -1.10713 -4.1697 -4.27942 -0.819567 0.0176747 0.0290181 0.020457 0.330404 -0.0342776 0.479112 0.747392 2.48276 -2.47774 -11.8988
internal_weight=0 0.927577 362.088 360.439 1.46972 358.969 357.745 1.64882 355.223 3.4276 3.01849 2.52243 351.795 1.07572 350.719 2.56064 0.840361 1.02376 0.861007 2.04935 0.720005 1.84064 1.22386 0.992437 349.858 346.237 3.62106 1.86872 1.0255 334.006 332.946 320.231 12.7148 10.795 10.2179 1.07516 1.9198 0.975866 12.2314 11.623 0.526357 0.540543 8.73951 8.15495 1.91372 1.75234 1.06035 8.83201 10.1511 1.74535 0.884073 7.75666 310.08 307.795 307.064 46.0868 260.977 38.4543 33.4781 2.21904 2.79101 0.473082
internal_count=23812 148 23664 23398 214 23184 22936 266 22486 442 387 450 22044 232 21812 323 179 135 202 349 109 214 248 129 21610 21116 494 250 183 19938 19802 18154 1648 1402 1321 148 246 118 1178 1112 103 143 1143 1087 249 244 136 827 1147 294 198 724 17007 16693 16667 4741 11926 3781 3217 228 285 101
cat_boundaries=0 19
cat_threshold=32768 128 129 0 0 8192 278560 0 16384 2155872280 0 2097152 0 806879232 131136 50331776 17 16777250 671154180
is_linear=0
shrinkage=0.05


Tree=32
num_leaves=63
num_cat=2
split_feature=50 66 65 54 0 66 54 53 77 49 67 30 53 65 51 1 54 50 64 53 82 55 59 50 50 47 63 66 67 0 66 55 54 70 47 15 52 64 70 71 70 59 63 65 66 34 37 42 41 68 70 51 56 55 70 51 50 55 59 53 55 60
split_gain=122196 195801 27546.5 22486.2 17827 86987.8 48015.8 19401.9 17542.3 17127.3 15535.9 39106.3 15114.8 14366.6 13161 12541 11797.4 14693.6 13881.5 10378.3 10220.8 9733.84 9295.81 10466.8 6671.1 5329.87 5287.68 4597.4 5711.5 4221.56 6452.19 5830.8 5040.87 3809.29 3682.28 3622.99 3185.84 3350.92 3408.5 3182.49 3028.25 2911.14 2776.76 2661.51 2640.84 2624.91 2612.46 2581.8 2558.2 2695.1 2532.38 2237.25 2138.31 2252.62 2122.24 2072.54 2041.6 2041.49 1980.84 1930.33 1765.9 2097.15
threshold=1322.7572202140752 1391.45 2671.0000000000005 235.90702760610219 0 1079.0400000000002 163.48259827999644 -343.78143315018315 1.0000000180025095e-35 -197.06201354955772 644.2700000000001 1.0000000180025095e-35 -309.04289373112857 187.03000000000003 567.38372753546344 3.5000000000000004 212.4760135078578 -565.09865005264203 835.79750000000013 -231.65976978532021 1.0000000180025095e-35 154.39786535368117 -71.872559513132146 114.19036118762772 -71.097613830873868 244.02486774223846 583.49404761904771 509.56666666666666 841.08500000000015 1 38.361666666666672 -24.152812200993903 277.62680109672903 0.66426071587717239 -358.55946546546545 1.0000000180025095e-35 154.58868985468715 939.02250000000015 0.2426530926092049 -9.6476113499892637 1.5005366834170857 27.158322302211385 274.12500000000006 194.07000000000002 228.465 0.6830127018922193 -0.6830127018922193 1.0000000180025095e-35 1.0000000180025095e-35 0.83333333333333337 0.37088500903070448 -239.82416309950625 157.85964468905919 14.377146695302645 0.3049020131361137 567.38372753546344 -164.68402237888355 -129.83367009106436 -31.403786347880519 -14.261577248076319 37.542549373587711 130.71859062772225
decision_type=2 2 2 2 9 2 2 2 2 2 2 2 2 2 2 2 2 2 2 2 2 2 2 2 2 2 2 2 2 9 2 2 2 2 2 2 2 2 2 2 2 2 2 2 2 2 2 2 2 2 2 2 2 2 2 2 2 2 2 2 2 2
left_child=2 3 4 -2 7 10 -7 8 -1 14 12 13 43 20 -4 -10 24 -18 26 -15 -12 22 40 48 45 -20 -19 -26 -29 30 -14 33 36 -32 -34 51 37 39 41 55 -21 -39 -35 54 52 47 -46 58 49 -24 -33 -36 56 -54 -6 -31 -41 -38 -9 -52 -48 -62
right_child=1 -3 9 -5 5 6 -8 16 15 -11 11 -13 29 19 -16 -17 17 18 25 21 -22 -23 23 -25 27 -27 -28 28 -30 32 31 50 34 42 35 -37 57 38 -40 44 -42 -43 -44 -45 46 -47 60 -49 -50 -51 59 -53 53 -55 -56 -57 -58 -59 -60 -61 61 -63
leaf_value=-14.637533612664271 -2.753391578420505 53.959449167288462 3.3766144709343267 14.795375105054882 -4.9790856988634173 27.484372870275156 5.0636436839320176 -5.1830160045814297 -10.54572970113613 -15.362892055132887 9.5190692054923609 16.541924493025675 0.14456847806061998 -4.9627473641069226 -11.203972937459492 4.2842377833007577 4.4222268658945589 -4.9508675422126194 -7.6313519011408317 -1.6114646032437046 0.59265826391080612 7.1616124402973576 -3.9756553421768674 7.8271136700646444 -0.67377893223422258 -15.300734061432662 2.0545730290751041 -1.2469368515333383 6.7915218213883781 -1.0056752017253077 -4.6447986022565972 5.9668290744690609 -6.0556303981159152 -0.25992302966940739 -4.1320861035797476 3.3420643420814984 -4.5362825974183139 -2.078755083820393 6.6342672308123127 2.1320781759145535 -7.2441025498022107 3.6268510000463543 3.8821947429032471 -7.6790181060171978 3.4423039632051715 0.35651393654989955 0.14214243390069417 -6.4966376489299522 2.8526487917002354 0.47196476511515845 4.8440792220504623 -1.0681596386660572 -3.2270807960848824 -0.54037148623504383 1.0187457553434112 0.78744189262091524 -0.013827556416687346 -1.0218962846328614 -1.3652929150799387 2.0779967119665765 0.77486104613278328 5.0378735739006606
leaf_weight=0.58980398112907895 0.45711941551417001 0.26787148881703615 0.37246869830414653 0.30389788188040257 0.50457840273156651 0.4298808490857472 0.53720927657559514 0.52788700396195098 0.25863182963803411 0.45737520186230429 0.80770105263218173 0.4538736562244593 11.974097277969124 0.828751674387603 0.26479420205578208 0.31764608714729548 0.37476144544780288 1.0057053128257387 0.51365326531231392 0.56869279872626055 0.53182683512568474 0.58181938948109735 0.49556896742433498 0.55565013177692879 5.9292643326334655 0.40527119394391775 0.36789488838985551 0.4017258584499358 0.49113007169216871 12.251181948464362 0.36928199511021498 0.6418826454319041 0.45687040034681548 1.476333355298266 0.79590228805318508 0.37775721354410041 0.46419529058039177 0.42938700271770247 0.36319196154363453 1.1128299308475096 0.41112826205790043 0.46639275504276156 0.55735859600827087 0.63385997992008924 0.91969394125044335 0.44081359775736917 4.7954267652239642 0.65448569925501932 0.62774298712611187 1.0893105580471456 0.77497434336692173 2.3697088013868775 0.94297500606626172 4.5186726194806397 0.20839685713872313 1.8555535008199502 277.16444686916657 3.7634252721909425 0.95342132588848316 3.3885579577181479 0.84480419568717458 0.43810144579038024
leaf_count=76 92 55 92 48 109 64 62 82 55 93 92 63 353 79 53 64 53 125 70 51 40 70 47 76 215 54 65 70 77 1244 88 156 98 137 115 52 90 89 66 67 73 19 71 122 102 49 596 84 64 121 46 326 68 525 43 59 15486 571 111 278 123 66
internal_value=0 17.1951 -0.0608608 4.25438 -0.0365103 0.0538057 15.0299 -1.37653 -8.57561 -7.98042 0.013008 2.35249 -0.0355623 1.36141 -2.68188 -2.37141 -1.82162 -4.75644 -6.25688 0.163408 5.97506 1.14456 0.210531 1.69195 -0.988747 -11.0138 -3.07458 -0.170097 3.17475 -0.0142151 0.562712 2.03794 -0.065249 0.026967 -1.83092 -1.2862 -0.0445917 -0.0257645 2.54848 -0.0363959 -3.97489 0.891901 0.875276 -5.3217 -0.000809941 -3.1563 0.958728 -3.88132 0.151239 -0.918742 3.04354 -1.8385 -0.0244756 -1.00424 -3.22597 -0.769814 -0.00524609 -1.40778 -2.7258 2.59286 0.582946 2.23064
internal_weight=0 1.02889 357.106 0.761017 356.011 342.779 0.96709 13.2321 1.16608 1.09464 341.812 6.95207 334.86 6.49819 0.637263 0.576278 12.066 2.66729 2.29252 5.15866 1.33953 4.32991 3.74809 2.76827 9.39873 0.918924 1.3736 6.82212 0.892856 333.513 19.1825 7.20839 314.331 2.40297 4.00024 3.54337 310.33 306.103 1.25897 304.844 0.979821 0.89578 2.03369 1.34684 290.737 2.57661 6.99803 2.13579 2.21262 1.58488 4.80541 3.16561 283.739 5.46165 0.712975 14.1067 278.277 4.22762 1.48131 4.16353 6.07833 1.28291
internal_count=23750 195 23555 140 23317 22067 126 1250 195 238 21941 776 21165 713 145 119 1055 367 314 581 132 502 432 308 688 124 190 362 147 20891 1129 776 19762 296 591 493 19171 18510 174 18336 124 108 208 274 17033 326 887 277 232 168 480 441 16146 593 152 1303 15553 661 193 324 785 189
cat_boundaries=0 21 43
cat_threshold=2 524544 1694501380 0 0 0 132 33554432 0 268436480 0 0 1 0 0 67108864 130 4325377 272629890 32769 8 0 1073741856 8192 524288 0 67289104 8192 0 0 524288 2048 2147483652 2050 0 0 3 150994944 1140851202 64 256 96 402653184
is_linear=0
shrinkage=0.05


Tree=33
num_leaves=63
num_cat=5
split_feature=50 66 57 66 18 64 89 60 0 54 54 70 57 50 1 65 53 67 54 70 64 54 67 66 53 67 63 54 5 52 48 15 28 57 23 66 63 48 51 0 66 54 52 56 22 1 0 24 53 64 50 52 57 73 48 53 53 22 38 0 70 70
split_gain=92516.7 121292 33596.1 28134.8 49400.8 22378 25923 20238.1 19399.5 17057.1 14628.3 24461.1 18384 14229.9 11392.3 10266.7 7722.17 8946.01 19458 17819.4 10271.2 8448.99 7531.39 7489.1 7422.09 7009.56 6875.32 5431.13 5093.32 4125.86 4117.77 9673.95 10965.6 3603.31 3291.53 3964.88 3828.7 3189.05 3042.93 2754.41 3127.3 7086.66 3093.47 3107.79 2734.38 2717.67 2487.28 2445.61 2287.76 2203.69 2185.14 2181.56 2165.97 2068.27 2933.74 1883.16 1849.26 1818.96 1805.71 1781.05 1749.73 1683.46
threshold=1322.7572202140752 1250.1550000000002 -275.36833938588364 714.5100000000001 0.6830127018922193 448.08000000000004 1.0000000180025095e-35 -278.19354200896203 0 212.4760135078578 235.90702760610219 1.3233504798050657 98.511586443207293 -565.09865005264203 9.5000000000000018 910.07500000000016 579.30471047726178 454.89000000000004 3.6197245019665982 0.51970247286151749 382.40000000000003 168.92769984177448 1009.9950000000001 300.00500000000005 -309.04289373112857 1636.1500000000003 1483.3636363636367 13.378455629778445 -0.93301270189221919 -106.14198181759318 -195.60033532223119 1.0000000180025095e-35 -1.0000000180025095e-35 130.61482054981983 1.0000000180025095e-35 236.31500000000003 263.0266666666667 -376.84636285535777 -335.67134640315447 1 92.551666666666691 1.1277219093604407 301.25552829237876 298.3621454882163 -2.7554552980815443e-16 8.5000000000000018 2 -1.0000000180025095e-35 -79.511645655573062 18.020000000000003 -23.657175698639939 -98.787474056402871 11.535376718841524 3 -43.773735609386307 -6.1684213036158075 -33.599034139100802 1.0000000180025095e-35 -1.0000000180025095e-35 4 0.5829807765844035 13.375851996105164
decision_type=2 2 2 2 2 2 2 2 9 2 2 2 2 2 2 2 2 2 2 2 2 2 2 2 2 2 2 2 2 2 2 2 2 2 2 2 2 2 2 9 2 2 2 2 2 2 9 2 2 2 2 2 2 9 2 2 2 2 2 9 2 2
left_child=2 9 7 8 5 6 -5 -1 13 -2 15 -12 -13 26 24 25 17 30 -19 -20 21 27 28 -18 -9 -7 -4 -21 -22 -29 31 37 -33 44 36 -36 56 -10 -32 50 53 -42 43 46 48 51 -43 -38 -30 -48 -40 -46 -47 54 -41 -53 61 -31 -39 -55 -49 -15
right_child=1 -3 3 4 -6 10 -8 14 16 -11 11 12 -14 34 -16 -17 23 18 19 20 22 -23 -24 -25 -26 -27 -28 29 33 57 38 32 -34 -35 35 -37 47 58 39 40 41 42 -44 -45 45 52 49 60 -50 -51 -52 55 -54 59 -56 -57 -58 -59 -60 -61 -62 -63
leaf_value=-14.695006384319925 -2.8739938826629956 43.499427443950793 -6.8087305610542579 16.62167525189572 20.445601315264497 4.7444180796170681 -1.5232269348552552 -12.021591932536358 -6.9308748179239474 12.763970009771915 4.1590558988815038 -3.1529699106858997 -18.59985720173017 -1.9728222474521815 4.8015255601625455 10.438485875222108 -1.2469615067667981 9.2374240021634435 10.044266910699859 -2.4800870941487618 4.5472503610134636 7.8296759816371768 -6.8451052751901251 -11.068446670926887 -2.6025725287028507 -3.4229583985503105 -17.590569031433599 6.1773508371344725 -0.33745036841261139 0.60751408355744729 3.0072657294961553 -1.8287849972225481 11.915004799746487 -4.8078112652871896 -2.8746321594733506 2.1865567808549229 -7.570537744827444 0.38705138852250442 -1.6449090589472108 -1.8438572097872035 3.8506239361912957 -0.3217334366502389 -3.1295513372902839 4.5028831058533365 -5.278516078861923 -1.3482939223270187 4.4246070332459118 -4.7033475442032922 5.5355147114572212 0.90344249075881045 -0.39366423244519944 0.84175992850560633 2.4621194666471991 -0.28685969275535417 -0.24742518844826011 -2.6197137123994345 -0.23321420161421319 3.779864360787041 -2.878592542539709 0.10089734333064791 -2.6114899085582692 -5.6368601371922686
leaf_weight=0.56860892614349712 0.37893583183176716 0.27494391705840826 0.47954182466491957 0.50207185163162593 0.41471277363598336 0.58689190261065982 0.32378187123686075 0.3371777650900184 0.41394165763631541 0.32302045915275812 0.60559195932000853 0.49896674696356058 0.31372776720672846 1.4669852405786517 0.3218154851347208 0.40571220265701402 0.54344752244651218 0.7426080540753891 0.50320096639916201 0.73221629019826506 0.47031263727694472 0.58775492105633009 0.49905098741874088 0.30193224223330617 0.55081415548920531 0.47558268718421459 0.21377173252403736 0.56393694551661688 0.34016909264028072 1.7654609326273201 0.83926315372809668 0.33390525775030255 0.25670982571318735 0.52653120225295413 0.86714726034551837 0.69879066245630383 0.44913555402308603 0.53364196070470038 5.5068710953928521 3.1050662400666615 1.5686033426318342 6.9241058328188956 0.61530594108626147 0.46655987668782373 0.43528153141960357 0.70711604133248307 0.46207934222185088 2.0421439148485669 0.32352707721292784 11.576511432416735 9.5237195473164302 0.63399042608216216 0.78917955886572599 24.594572960399091 39.318132325075567 1.0333475079387509 1.1898458241485039 0.60728894220665086 2.0472404875326884 213.60481425607577 1.9582058126106856 0.39868625951930869
leaf_count=79 78 56 122 70 76 92 58 56 83 48 92 86 56 184 53 60 98 94 87 49 71 44 68 42 79 31 62 80 46 146 77 61 75 67 40 84 62 55 605 306 63 897 96 57 79 118 33 343 58 1364 459 81 67 1462 1267 135 113 64 263 12820 170 71
internal_value=0 15.3484 -0.060116 -0.0250544 4.07868 2.2503 9.50784 -6.91483 -0.0743506 4.32216 0.173829 -3.4477 -9.11599 -1.59521 -3.25816 3.67227 0.0174058 0.0300454 1.41529 0.863035 0.401734 2.26413 -0.974938 -4.75476 -6.17905 1.08855 -10.1331 1.37253 -0.417938 2.33312 -0.0184458 -1.70343 4.14493 -0.905539 -2.70123 -0.616106 -3.13629 -2.8568 0.000546049 -0.00740761 0.0334916 0.61414 0.360867 0.471405 -0.423518 -0.967345 0.372214 -4.07214 2.5254 0.567334 -0.511672 -2.12642 0.661403 -0.0100357 -0.294785 -1.30352 -1.77349 1.41946 -2.20336 0.0509161 -3.67937 -2.75581
internal_weight=0 0.9769 349.467 347.689 4.12704 3.71233 0.825854 1.77842 343.562 0.701956 2.88647 1.41829 0.812695 9.76425 1.20981 1.46819 333.797 332.952 11.261 10.5184 10.0152 4.25666 5.75851 0.84538 0.887992 1.06247 0.693314 3.6689 5.25946 2.93669 321.691 3.58544 0.590615 4.78914 9.07094 1.56594 7.505 2.99482 318.106 317.266 302.236 21.6132 20.0446 19.4293 4.26261 3.59892 18.9627 4.44949 0.663696 12.0386 15.0306 2.10262 1.4963 280.623 42.4232 1.66734 3.05552 2.37275 2.58088 238.199 4.00035 1.86567
internal_count=23858 182 23676 23409 621 545 128 267 22788 126 417 234 142 1251 188 183 21537 21397 1354 1260 1173 383 790 140 135 123 184 339 722 290 20043 537 136 651 1067 124 943 401 19506 19429 18365 2510 2447 2351 584 480 2294 575 104 1397 1064 295 185 15855 1573 216 368 210 318 14282 513 255
cat_boundaries=0 22 44 65 66 86
cat_threshold=2 256 3036676100 50 8192 0 5 0 2147483648 1073758240 0 0 0 0 0 67108928 41944208 128 4194306 196608 0 2097152 2147485700 0 0 525312 33555472 67108864 154 0 1064960 1 1024 2097152 0 524288 64 33554560 289 1060864 0 0 0 524288 104 0 0 0 0 1073766400 0 0 0 2149321304 16384 0 0 839909376 32 0 134218244 50331672 33554436 67108864 512 29380674 4194304 1048576 0 0 134320512 24 274464 4194304 1 0 524288 2113929216 1 0 2048 2432696320 1310720 524288 0 16
is_linear=0
shrinkage=0.05


Tree=34
num_leaves=63
num_cat=4
split_feature=66 58 0 48 67 58 54 56 52 54 58 47 47 3 57 66 68 57 3 59 57 63 54 9 70 0 63 3 83 55 64 52 64 86 65 51 54 14 48 66 0 70 3 57 48 68 58 51 55 58 67 70 9 55 58 84 91 51 0 22 51 65
split_gain=36492.2 128903 19221.2 29727.7 27532.7 49451.7 16567.9 23413.5 32995.7 13187.8 12397.1 10312.9 9844.48 9529.54 9314.38 8539.46 6521.24 6193.19 6103.05 5866.65 5863.1 7712.76 5820.61 6101.94 5516.23 4720.29 5630.05 8239.34 5318.09 4439.02 4575.52 4379.14 4071.7 4042.61 3966.06 2973.62 2916.1 2898.27 2637.67 2717.22 4476.48 4246.56 2571.36 3302.25 2889.13 2491.9 2446.77 2414.06 2250.86 2443.08 2338.88 2028.6 1988.96 2179.7 1977.27 1970.35 1929.16 2150.22 1873.19 1797.02 1666.93 1650.51
threshold=1880.1466666666668 1023.0943537561496 0 -658.16047855304294 594.5350000000002 1023.0943537561496 4.9600557603016799 620.42010147658175 -314.05771196650301 1.1277219093604407 628.28001626122034 616.19492989174194 -299.22080424964292 2014.5000000000002 69.938055838711179 867.34833333333347 0.58333333333333337 15.311862911864168 2018.5000000000002 57.454921727333435 210.81593865271228 1037.2954545454547 90.13514156341256 -1.0000000180025095e-35 1.7940103187002345 1 969.40909090909111 2016.5000000000002 1.0000000180025095e-35 -94.937890364034629 352.71000000000009 -352.3709377579234 474.35750000000007 1.0000000180025095e-35 125.04500000000002 80.101105829741002 156.67252337209956 -0.86602540378443849 -135.78060895057237 92.551666666666691 2 5.3862268822707602 2016.5000000000002 -89.097247332612724 -208.46705163568157 0.83333333333333337 161.06154991376434 15.50784674263592 103.23897825903177 278.19115962179598 432.04000000000002 1.4022668117245161 -6.7141016151377553 -45.539983348828478 190.5516581272872 1.0000000180025095e-35 1.0000000180025095e-35 -5.0633391600183666 3 -0.5 89.693446873159743 653.04000000000008
decision_type=2 2 9 2 2 2 2 2 2 2 2 2 2 2 2 2 2 2 2 2 2 2 2 2 2 9 2 2 2 2 2 2 2 2 2 2 2 2 2 2 9 2 2 2 2 2 2 2 2 2 2 2 2 2 2 2 2 2 9 2 2 2
left_child=2 -2 3 18 12 6 9 10 -9 -6 13 20 16 33 -13 17 -4 19 -1 34 21 31 -23 -24 -21 35 38 28 -28 54 -31 -5 -19 36 -15 -14 -8 -33 42 58 -41 48 43 -27 -45 -43 -36 -34 49 60 -50 55 -39 -54 -18 56 57 -44 -40 -60 -42 -61
right_child=1 -3 4 11 5 -7 7 8 -10 -11 -12 14 25 15 -16 -17 29 32 -20 24 -22 22 23 -25 -26 26 27 -29 -30 30 -32 37 47 -35 46 -37 -38 52 39 40 41 45 51 44 -46 -47 -48 -49 50 -51 -52 -53 53 -55 -56 -57 -58 -59 59 61 -62 -63
leaf_value=-8.1369341388108207 -4.5862472360653257 33.715756034601945 -7.9848112397962101 2.6463197948368293 0.39982330509346564 17.168185369094036 1.7072968684937679 -5.7772966114343509 15.070540229572565 12.108339387098518 -6.7120892177029958 -2.8310328109991145 -0.94097498787593603 3.4061042696035857 -14.538844140608809 5.7735982687606553 -0.81851664011515135 -4.5591324446085197 -18.262320268549555 0.43362477425069063 2.9541119063167436 -1.0716220799934493 -3.6743156365420391 -13.84420569033953 6.8186234919296584 -2.9106000722349594 11.467754853248252 -0.47277238966411583 2.7402528143012974 -3.7222732449075737 4.0126721318156475 -4.4080045510266253 1.6770955977801529 -12.11677671095935 0.52105095615796626 -3.1830519505609765 -6.8268992063397551 -3.0018127220843165 -0.36921678805721625 -0.43026740499852656 0.83423116916852502 5.3174634478314369 -3.6730837652416639 8.1329501986197741 0.73061856932876401 1.9121948737724672 -3.2810995176355338 -2.5937032415370425 1.6956558170148366 4.4636365962154283 6.761403271927418 0.53099256134666017 -2.8824535125635595 -0.30583460053823752 -6.0687470859163648 -0.25054816622021925 -5.227540046013508 -0.3615291388218429 0.38290194595042215 -0.021544702085187523 -0.69865290912105971 1.0877990710841416
leaf_weight=0.26674263412132759 0.58293928345665236 0.35249216808006167 0.5687148515135042 0.53582484275102338 0.38235346111468682 0.54884320870041925 0.19049599394201866 0.27256263280287385 0.62496856972575265 0.64822683203965425 0.59590517031028856 0.36536517040804106 11.449005228001623 0.74022612441331226 0.31750926095992327 0.9192031007260083 0.26656611310318123 0.74153015250340137 0.33663702988997102 0.55264881718903758 0.58148461626842696 0.31596777774393547 0.25954586267471313 0.34164312155917287 0.87201395956799388 0.27959930989891291 0.3457223514560599 0.7555053848773241 0.35253825876861811 0.31985437916591752 0.47529352549463511 1.0937931877560876 0.85583715001121141 0.16286426060833037 1.0959314657375214 1.6982058489229519 0.21092855930328369 1.7863780353218279 20.398793901316822 6.7252590106800199 11.010720595717432 0.86959178606048149 0.99208998074755084 0.22387434495612979 0.32056337874382634 1.4056681599467993 0.6892429944127797 0.53943046554923058 0.92497807601466664 0.41947139706462699 0.30233185878023505 0.95022836001589883 1.1271714614704214 3.019779282156386 0.54796325974166393 1.0630240337923167 0.62464777450077225 0.96892132284119781 34.44291311269626 222.41279275179841 2.1140524526126692 3.404270989354699
leaf_count=69 78 61 115 65 83 92 56 69 75 59 60 56 845 65 56 96 51 49 69 68 90 80 53 61 81 78 87 90 108 69 75 84 77 53 111 201 68 179 1222 872 1379 39 101 65 85 124 81 78 160 33 44 118 113 131 117 93 46 90 1025 13472 250 161
internal_value=0 9.84683 -0.0420588 -1.5339 0.0477742 2.55181 1.7571 1.07406 8.73946 7.76439 0.231573 -2.34936 -0.0323563 0.778148 -8.2747 1.2816 -3.38236 0.603248 -13.7861 1.77628 -1.90283 -2.23588 -6.56598 -9.45365 4.34178 -0.00986433 0.0403918 3.14598 7.06141 -1.75627 0.901231 -1.71077 -1.56521 -5.47263 0.328997 -0.698948 -2.777 -2.043 0.0271246 0.046595 0.559863 0.758146 -1.0659 1.5062 3.77448 3.21367 -0.946932 0.0259435 0.893169 0.707375 2.94354 -1.52677 -1.60701 -1.00618 -4.35054 -2.06267 -2.80768 -2.03687 0.00312073 0.0447702 0.587324 -0.00482096
internal_weight=0 0.935431 347.624 10.3478 337.276 10.6432 10.0944 9.06379 0.897531 1.03058 8.16626 9.74446 326.633 7.57035 0.682874 7.00606 2.17839 6.08686 0.60338 3.95006 9.06159 8.4801 0.917157 0.601189 1.42466 324.455 311.308 1.45377 0.698261 1.60968 0.795148 7.56295 2.1368 0.564289 2.5254 13.1472 0.401425 7.02712 309.854 304.431 23.7721 17.0468 5.42295 0.824037 0.544438 2.27526 1.78517 1.39527 14.7716 13.5442 1.22731 4.59891 5.93333 4.14695 0.814529 3.64868 2.58566 1.96101 280.659 260.26 13.1248 225.817
internal_count=23781 139 23642 1106 22536 1321 1229 1087 144 142 943 968 21215 883 112 706 427 610 138 406 856 766 194 114 149 20788 19742 285 195 312 144 572 204 177 257 1046 124 507 19457 18781 2901 2029 676 228 150 163 192 155 1866 1662 204 448 423 244 168 330 237 191 15880 14658 1629 13633
cat_boundaries=0 22 44 65 88
cat_threshold=524288 256 1962938372 32 8192 0 129 0 2147483648 1024 0 0 1 0 0 0 17301650 67108865 33554432 32769 16 2097152 2147485698 0 533504 540803 82976 16 4 0 1048576 536870953 0 0 0 0 64 75498496 1568 136 0 0 0 524288 1144 0 0 0 0 0 49152 0 16384 1075314708 3072 2097152 0 303562752 0 0 1 22024210 131074 67108864 512 134217728 83886080 2048 832 134221952 33554440 270394 33554432 0 0 0 1912602624 0 0 1 2164260992 262144 524288 0 16 0 0 1
is_linear=0
shrinkage=0.05


Tree=35
num_leaves=63
num_cat=3
split_feature=50 67 0 66 64 57 56 60 63 63 3 1 67 54 40 58 10 68 22 1 51 67 59 0 63 47 70 59 59 52 47 82 63 66 53 54 23 71 57 47 67 64 66 66 70 73 71 59 70 65 47 58 27 10 65 55 22 51 3 63 55 49
split_gain=61127.4 107957 29836.8 85936.7 55767.2 26906.7 21454.6 20375.9 14994.2 20952.3 12725.5 10859.1 8869.49 24448 15713.6 13235.8 9626.85 11798.6 9195.56 6144.03 8933.57 7961.05 6567.47 4098.91 5831.72 9431.11 9190.15 3918.99 4814.21 4171.69 3788.31 3730.69 3674.18 3460.46 3378.83 3378.3 3180.47 3283.63 3105.51 2677.59 4421.41 2604.42 2479.46 2317.37 3914.67 1958.07 2295.42 2270.25 2486.87 2339.64 2122.41 1951.15 1851.93 1794.57 1870.46 1773.96 1765.49 1718.95 1693.15 2422.71 1905.11 1516.28
threshold=1322.7572202140752 1636.1500000000003 0 1079.0400000000002 1068.5700000000002 -275.36833938588364 977.26799773800906 -232.13355744966 2088.2825000000007 1353.0833333333335 2018.5000000000002 5.5000000000000009 594.5350000000002 1.9738004194473862 0.6830127018922193 773.93887067132903 8.8301270189221963 0.83333333333333337 -0.68301270189221941 11.500000000000002 -59.075197108278424 1369.8900000000001 3.469001100857025 1 969.40909090909111 508.63478772619334 0.33805423465995149 -96.445343765044541 1.2832917507149129 -12.864796457989943 -206.62597819697882 1.0000000180025095e-35 373.46666666666675 529.38999999999999 -132.35657838590552 80.525385182382578 1.0000000180025095e-35 50.128396242218052 -7.9076816345408316 764.03443805012739 176.08500000000001 1156.0650000000003 166.91166666666672 220.73333333333335 2.060700679306612 2 -5.166017352197783 3.469001100857025 1.8505599272434237 2.9750000000000005 5.0107313872308383 240.42869848734151 1.8369701987210299e-16 -11.500000000000002 266.56000000000006 -6.3355118185621695 0.6830127018922193 -38.397202760030311 2017.5000000000002 431.60416666666669 -5.3610574117221264 -40.589838854567041
decision_type=2 2 9 2 2 2 2 2 2 2 2 2 2 2 2 2 2 2 2 2 2 2 2 9 2 2 2 2 2 2 2 2 2 2 2 2 2 2 2 2 2 2 2 2 2 9 2 2 2 2 2 2 2 2 2 2 2 2 2 2 2 2
left_child=2 6 5 12 -5 7 -2 -1 9 19 11 -11 15 -14 16 23 18 -18 -15 21 -21 30 -23 32 34 26 31 33 -29 -30 -7 41 61 -20 35 42 37 53 -31 40 -17 -26 -25 45 58 47 52 48 -36 -49 -51 -19 56 -32 -55 -50 -47 -46 -45 -60 -61 -4
right_child=1 -3 3 4 -6 8 -8 -9 -10 10 -12 -13 13 14 -16 39 17 51 27 20 -22 22 -24 24 25 -27 -28 28 29 38 36 -33 -34 -35 43 -37 -38 -39 -40 -41 -42 -43 -44 44 57 46 -48 49 55 50 -52 -53 -54 54 -56 -57 -58 -59 59 60 -62 -63
leaf_value=-21.724659021522754 -6.1715122082082772 37.778337032863782 -1.7084252347058169 30.929088866911577 5.7681931172331771 -4.2833012549575242 11.443278184844312 -5.514890018578865 7.0632262046945655 -12.101730201438214 -15.908844015494559 3.9512271710762157 12.789395372339106 5.5163400650038792 -7.0393745762215847 -4.6021552852983341 11.626417519289888 0.19131578119709486 -6.2078028272470878 8.063259257041766 -3.5188896085646864 -3.1663145456478805 -12.082454087681281 -1.5126399283942824 8.87768894060601 -4.8750889210485138 13.99151379342478 3.4703688486040165 3.290902643337406 0.38231065332416336 -0.68002923853580821 -2.5009592802808198 -2.8099802193005132 -0.41854037110132236 -0.14864014113389137 -4.3255756522008024 1.9717936210114031 2.1819031490216831 -3.3947561058153952 -0.95655720831456037 -12.760297324148127 2.5206353616300863 1.7199937562599594 1.8764232104777396 4.2907442735824839 -0.16878337202172544 -0.018091128274275236 2.6544017705386178 0.092466713671515224 0.86447701289786216 -0.23716181085028426 4.5127095851760446 -1.7958360037032979 -1.5954106202205405 -4.0823308547800776 1.3416711601183477 -1.8458066440353971 0.92921209937799554 0.58242894614567697 -4.378072845003798 -0.44599318971485263 -0.33394288754037343
leaf_weight=0.344186348374933 0.38831480895168979 0.29394151223823428 2.8813475319184354 0.35036742873489757 0.59288566745817661 2.0217047417536351 0.31156102707609534 0.44389681005850334 0.3571779169142254 0.21197604387998659 0.50184527551755309 0.20942841609939933 0.46276917401701023 0.82569305505603541 0.56899102451279748 0.78430177085101493 0.47777374787256088 0.5751800462603569 0.44998535700142317 0.31823065457865596 0.34916029032319773 0.41188224731013168 0.41424740059301257 2.359096254222095 0.24962309515103587 0.29163684230297793 0.23597172927111387 1.0321403064299381 0.56538455141708244 1.0751460257451981 0.97199653182178369 0.23501162673346698 2.8086534994654349 0.60539084300398827 34.827322685159743 0.80695217102766026 0.52208933141082514 0.39972398662939657 1.1020109341479842 0.30230761040002108 0.21069627115502954 0.45440900838002563 0.79242782108485688 1.2901836908422399 1.0412558773532508 11.99966369662434 232.86260597454384 1.3977405093610311 5.8157136223744601 14.943167305551471 6.1803776093292973 0.47851228481158614 2.8122357497923067 1.2230207747779798 1.980299891438335 5.5579416567925346 1.8055103213991959 0.59912441018968809 3.0406329473480582 0.51052014576271176 0.77670454001054146 6.6086561102420083
leaf_count=45 48 58 221 76 72 288 72 64 42 55 72 52 87 95 69 217 72 66 41 57 47 68 68 283 46 58 47 98 90 74 125 71 365 76 1140 127 80 45 60 76 40 96 118 298 117 1179 14343 15 142 288 440 39 165 209 293 112 221 69 292 56 124 321
internal_value=0 12.3498 -0.0675037 0.0411314 15.1141 -1.91242 1.67 -12.5943 -2.99462 -3.37136 -10.5297 -4.12378 0.00198685 1.62526 0.959154 -0.0367427 1.59237 5.10898 0.640148 -2.60397 2.0038 -2.99104 -7.63715 -0.0176872 0.0262603 3.17292 5.17042 -0.193432 0.559654 -0.535778 -2.45186 2.95377 -0.673661 -2.88693 0.0130478 -1.43894 -1.72545 -2.14737 -1.52953 -5.0776 -6.32969 4.77461 -0.699818 0.0307079 0.914091 0.0105573 -0.0563474 0.228403 0.0609933 0.673249 0.542157 2.15379 -0.626348 -2.56183 -3.13283 0.702913 -0.388113 3.06299 0.286645 -0.187286 -2.00548 -0.751262
internal_weight=0 0.993817 364.325 353.644 0.943253 10.6809 0.699876 0.788083 9.89278 9.53561 0.92325 0.421404 352.701 8.21898 7.75621 344.482 7.18722 1.53147 5.65575 8.61236 0.667391 7.94496 0.82613 343.184 330.886 1.46665 1.17502 4.83006 3.77468 2.74254 7.11884 0.939044 12.2987 1.05538 329.419 3.95848 5.09713 4.57504 2.17716 1.29731 0.994998 0.704032 3.15152 325.461 7.25842 318.202 249.48 68.7223 46.201 22.5213 21.1235 1.05369 16.6174 4.17532 3.20332 11.3737 13.8052 1.64038 5.61804 4.32786 1.28722 9.49
internal_count=23890 178 23712 22102 148 1610 120 109 1501 1459 179 107 21954 867 780 21087 711 177 534 1280 104 1176 136 20754 19847 318 260 439 322 224 1040 213 907 117 19529 528 752 672 134 333 257 142 401 19001 956 18045 15908 2137 1394 743 728 105 1565 627 502 254 1400 186 770 472 180 542
cat_boundaries=0 22 44 45
cat_threshold=524290 256 1694502912 18 0 0 4 0 0 17408 0 0 0 0 16384 67108868 17039490 131073 272629890 32773 8 2097152 2147484684 0 268437508 525344 16416 0 129 0 0 41 0 0 0 524288 0 1024 592 38797444 33554432 131072 0 524288 467456
is_linear=0
shrinkage=0.05


Tree=36
num_leaves=63
num_cat=3
split_feature=53 1 65 64 57 0 67 65 18 50 59 53 64 53 63 67 50 71 54 67 70 10 57 70 49 58 51 53 0 57 80 58 50 70 67 58 56 50 72 67 64 59 5 3 64 70 64 22 55 54 60 70 70 71 1 57 59 48 57 8 71 71
split_gain=77354.2 328088 38678.5 23403.1 16136.9 11890.3 40760.4 24360.7 20490 19274.7 15267 13343 13032.2 17626.1 11267.4 9970.59 9944.1 9760.84 7321.12 6262.78 13417.7 11103.6 6173.23 5157.4 5099.43 4783.14 4650.61 4165.31 3955.04 5303.03 12025.1 5270.25 3752.6 3382.81 2757.16 2731.06 2670.06 2623 2494.6 4997.6 4667.23 2454.8 2452.05 3190.67 3388.42 2700.59 2266.64 3910.38 3625.16 2525.41 2853.5 2414.99 2245.02 6592.89 2193.59 1970.01 2041.81 1856.92 1712.86 2477.83 1683.64 1655.63
threshold=-670.89790288451934 10.500000000000002 2671.0000000000005 1068.5700000000002 -63.827086919066041 0 1177.3350000000003 753.50000000000011 0.25000000000000017 114.19036118762772 1.4306920469525013 -309.04289373112857 835.79750000000013 -147.52173419665812 1249.4577272727274 1924.5000000000002 -565.09865005264203 35.054218221280465 529.82850149589683 594.5350000000002 2.1369979435878022 8.8301270189221963 -16.298588675137385 0.71102708158093042 330.37089295787285 134.79090693752389 -282.97680970777554 -25.716491173266178 1 144.90839303496952 1.0000000180025095e-35 526.92356030001145 -90.777049197475137 8.4251714400968165 559.97500000000014 432.86785813938349 201.9318420596781 122.14608181947442 2 154.50000000000003 96.237500000000011 108.29473636347028 0.6830127018922193 2018.5000000000002 549.6500000000002 1.187326720311632 672.4525000000001 -1.0000000180025095e-35 -99.625409574901127 55.25938727898312 112.1613420751069 1.1190260516685389 0.74483244692701234 14.387299156110432 10.500000000000002 53.965517955079598 78.46571675689826 -343.730447920872 0.5760555016040958 5.5000000000000009 -10.976880047160448 -9.1985807541972662
decision_type=2 2 2 2 2 9 2 2 2 2 2 2 2 2 2 2 2 2 2 2 2 2 2 2 2 2 2 2 9 2 2 2 2 2 2 2 2 2 9 2 2 2 2 2 2 2 2 2 2 2 2 2 2 2 2 2 2 2 2 2 2 2
left_child=1 3 5 -1 -4 12 11 8 9 22 15 14 27 -14 34 -9 -6 23 -18 28 24 25 -8 -15 26 -22 -21 33 32 31 35 38 -13 41 57 37 -33 -31 39 -30 -41 54 43 45 -45 -28 49 -48 -49 50 61 58 -29 -54 60 56 -38 -7 59 -51 -2 -40
right_child=2 -3 4 -5 16 6 7 10 -10 -11 -12 19 13 17 -16 -17 18 -19 -20 20 21 -23 -24 -25 -26 -27 42 52 29 30 -32 36 -34 -35 -36 -37 55 -39 46 40 -42 -43 -44 44 -46 -47 47 48 -50 51 -52 -53 53 -55 -56 -57 -58 -59 -60 -61 -62 -63
leaf_value=-11.425928887335822 -3.6731513634915127 61.822410430627571 -19.546357989985072 6.883512757580359 -14.799406448032133 -5.1152340656542297 6.2707133302506985 1.0888555121705583 21.421811477468378 17.290772051550586 -2.3350171120466245 -2.7755417581458581 -13.687755137967287 -4.0388602453818256 -13.159913383171238 13.452668412398737 -8.7436541678194768 -9.3035086708264654 2.5738410678644725 4.5413975859149636 -1.785122297857928 8.2565418269031259 -3.9012451277566393 4.5595674245438254 -5.4019053675968447 3.655291783858301 6.1718667797973552 -2.0879534068024266 0.39171102505600697 5.9082083141717092 11.304254904312691 1.4136672736768328 -0.68065833970049583 -6.4545951971779987 0.64625508199497572 -4.4549301493806501 -3.7993906141811125 -0.55171722847415727 -0.59091504991073052 6.1113752044691498 1.4311828654132368 -4.9937443064578781 -3.1179316954034877 1.0202388365928465 -3.2454419759901931 -0.13089734311429921 5.1521092901793981 4.9105355308991605 -0.5127509933303136 -1.0059199504537653 1.3139522159895536 0.26475682957442798 -0.92975446813357354 4.2392434144426216 1.5805452372074973 -0.46167014284679841 -9.3728925198287811 -0.3175009859291581 -0.32577840225683841 -3.5356231885660181 -1.1288999696117303 0.039194553088459268
leaf_weight=0.40580892888829012 1.0542123159393666 0.26273801783099771 0.28962661325931549 0.30622768262401223 0.22130209626629949 0.80841617379337527 0.3642437239177525 0.30655654007568933 0.35100558260455728 0.31602277280762792 0.91462558647617698 2.7214561812579623 0.53978040721267451 0.30974253779277094 0.29599551577121008 0.34836560394614935 0.25278028566390165 0.36043178755789995 0.32871552836149931 0.55640559457242522 0.61725408071652088 1.0489348219707606 0.25259345816448264 0.39909957628697157 0.43421467393636692 1.1694183254148809 0.36329943547025312 1.665696452371775 20.543241024017338 0.25243049860000499 0.34139367425814271 0.2425852664746333 9.9664798483718169 0.50911240279674519 0.47747761663049448 0.2275254875421524 0.46960275107994676 0.41626440500840545 10.872326505137606 0.72276524454355184 2.0255195265635848 0.621912078000605 0.66322090011090029 1.1168631189502773 0.79830079246312369 0.31935355812311172 0.56419846508652005 0.37560573918744999 1.7153850211761876 7.0937400043476426 4.2850757963024071 7.0534329868387422 3.0663218833506112 0.77224392164498556 0.47351214289665211 0.23291592113673687 0.25277309119701385 0.26871791249141008 8.0789008778519911 1.1209549214690921 1.6968321595340969 253.3058401804883
leaf_count=99 111 58 45 34 50 174 55 61 61 46 89 385 64 44 67 43 66 52 72 57 52 86 47 66 57 86 73 72 612 57 93 56 550 60 51 51 106 97 918 28 191 78 106 103 72 61 94 51 228 577 325 660 177 89 58 54 40 47 1016 243 170 14359
internal_value=0 14.0692 -0.0351238 -3.55153 -9.42898 -0.00630912 0.0631917 6.01619 11.1243 7.24966 1.83784 0.0153463 -1.1486 -6.32231 -4.21876 7.6654 -5.77892 -2.60416 -2.34595 0.0383946 1.50915 4.1731 2.10532 0.802315 -0.267553 1.77575 0.316453 -1.46922 0.00708118 0.0505598 3.31876 0.0394637 -0.631934 -2.6245 -2.51637 0.276876 -3.2708 1.88689 0.0519427 0.461469 2.66202 -2.11755 -0.404416 0.288343 -0.757832 3.22336 0.00375133 1.45815 0.461437 -0.00935376 0.0340232 -0.508137 -0.555041 0.110146 -1.56283 -4.46036 -5.74967 -3.91832 -0.84272 -1.35112 -2.10387 0.0132622
internal_weight=0 0.974775 357.233 0.712037 1.09242 356.141 344.672 2.85341 1.28387 0.93286 1.56955 341.818 11.4689 1.60905 1.85061 0.654922 0.802798 1.06927 0.581496 339.968 7.08727 2.83561 0.616837 0.708842 4.25166 1.78667 3.81744 9.85984 332.88 320.192 1.23761 318.955 12.6879 4.35558 1.55461 0.89622 1.19788 0.668695 317.757 23.2915 2.74828 3.84647 3.26104 2.59782 1.91516 0.682653 294.465 2.65519 2.09099 291.81 268.463 23.347 5.50426 3.83857 3.22456 0.955292 0.722376 1.07713 16.2936 8.21469 2.75104 264.178
internal_count=23750 191 23559 133 233 23326 22285 402 209 148 193 21883 1041 226 339 104 188 162 138 21544 753 224 102 110 529 138 472 815 20791 19856 298 19558 935 477 272 205 256 154 19302 831 219 417 415 309 175 134 18471 373 279 18098 15602 2496 338 266 339 200 146 221 1836 820 281 15277
cat_boundaries=0 22 44 67
cat_threshold=10 524288 1073750016 0 0 0 5 0 0 268436480 0 0 1 0 2147483648 1024 1666 67108868 339738754 20 4 2097152 1024 16777216 537395204 525363 36896 8192 128 0 0 536870913 0 0 0 0 0 67109248 16 1048712 33554432 1 0 524288 132096 0 3178496 0 0 0 1048576 0 268435456 0 1024 1073741824 256 3113 17303552 524290 2129920 0 0 1048608 268435456 512 24
is_linear=0
shrinkage=0.05


Tree=37
num_leaves=63
num_cat=3
split_feature=53 1 64 65 60 69 66 8 66 82 3 57 47 71 64 3 76 65 47 57 56 47 72 66 54 48 53 1 69 55 24 66 3 57 10 65 43 70 10 3 8 51 71 10 47 72 57 55 51 70 64 60 70 55 72 66 49 8 70 3 47 50
split_gain=121433 324001 25847.5 15346 17305.6 16144 14206.8 20947 31034.5 21547.5 26854.2 16608.2 13834.7 13040.8 12855.3 13009 19236.6 7953.33 11154.6 5279.73 13236.6 5211.6 5011.42 4725.8 12229 9646.79 6565.34 5234.74 5002.98 4291.98 3867.89 3889.47 6116.4 6126.49 3591.8 3754.28 3466.38 3724.43 5069.52 4162.86 3417.62 3082.14 2892.48 2848.21 2766.95 2582.28 4282.28 2537.85 2817.61 2466.46 2445.88 2398.77 2371.18 2310.1 2066.62 4913.33 2864.17 2424.88 1882.01 1880.39 1766.89 1741.79
threshold=-670.89790288451934 10.500000000000002 967.59500000000014 2671.0000000000005 1017.1433199216775 0.83333333333333337 634.05666666666673 6.5000000000000009 1250.1550000000002 1.0000000180025095e-35 2019.5000000000002 -57.698547771237038 -255.0576305151564 27.682747917131397 366.47500000000008 2018.5000000000002 1.0000000180025095e-35 346.04000000000002 -56.145640794038023 210.81593865271228 545.84459312072988 -542.52291159857157 0 149.6166666666667 5.2186824928013751 -397.98636618585385 244.54327418884688 5.5000000000000009 0.83333333333333337 -74.091854061667178 -2.7554552980815443e-16 82.291666666666671 2018.5000000000002 -95.094061312700731 8.2500000000000036 436.57000000000011 -1.0000000180025095e-35 2.2090809420832422 -1.5614246689128749e-15 2016.5000000000002 3.5000000000000004 -187.23512550270058 46.116940609661434 1.866025403784439 382.75296876585816 1 -155.90602995347754 -19.164173377379473 71.479824705441857 3.8168842291023286 900.0150000000001 -1.3933067396426198 1.6409803988101299 -14.370983045389336 2 24.131666666666671 -56.787080019616532 5.5000000000000009 0.96878910792867889 2020.5000000000002 -119.94784980856245 242.69500977074475
decision_type=2 2 2 2 2 2 2 2 2 2 2 2 2 2 2 2 2 2 2 2 2 2 9 2 2 2 2 2 2 2 2 2 2 2 2 2 2 2 2 2 2 2 2 2 2 9 2 2 2 2 2 2 2 2 9 2 2 2 2 2 2 2
left_child=1 2 -1 6 5 -5 12 9 13 14 11 -11 21 17 -8 16 -16 -9 -19 22 44 40 34 42 28 -26 27 47 -25 -17 -23 -32 33 -33 60 -36 -29 39 49 41 -2 -38 45 61 -21 53 -47 58 -49 -39 54 -42 -34 -24 55 -48 -56 -57 -27 -50 -14 -41
right_child=3 -3 -4 4 -6 -7 7 8 -10 10 -12 -13 19 -15 15 29 -18 18 -20 20 -22 30 23 24 25 26 -28 36 -30 -31 31 32 52 -35 35 -37 37 38 -40 43 51 -43 -44 -45 -46 46 50 48 59 -51 -52 -53 -54 -55 56 57 -58 -59 -60 -61 -62 -63
leaf_value=-10.236954236527129 -1.1115339086483844 64.98002845489566 10.897576466031115 -0.32200001928070304 4.8117711329206223 -15.236073969383384 10.360404873312772 8.4782061900023251 24.385587395007089 -20.377032234505577 1.8234833436378981 -4.9771689238790211 -2.3831520529316896 15.62310479044611 18.141343760726894 -2.9913999770729216 0.38082466580313867 -11.054630666273077 4.9838214034014054 -1.8494471256743958 14.053026934594484 -6.8387591135140386 -1.8528455298764439 8.9311716331311732 -7.1866214100890149 -3.7323692682339122 5.1204641274191136 -1.0062214086615835 3.0181037221544051 1.9507366406189766 -3.2453995054041509 -2.5635556944111286 -2.7681120754871831 7.7333039247685535 -1.9883775990805086 -6.4463821048735062 8.844556147236494 3.9202165916943188 6.9701026504661847 0.55206508051815983 -11.135036525606546 2.3552938575307816 -2.7205165769104682 -1.63050305702897 4.5628595567073402 3.2360509576820897 0.0073867804543348153 0.91180602755411355 -0.16187334563247283 0.18592183056864567 2.4909804288012181 -4.4279364874890614 1.3529268232535741 -0.4386270430512122 -0.83924833307844748 1.7728827969702523 0.010175279139148721 -0.85847096756924746 -0.9684194526018749 -4.0625101773967662 -0.57816647323109227 3.1805481052047475
leaf_weight=0.35265021771192451 0.22311118431389321 0.26351370336487889 0.24529737839475274 0.28547280933707841 0.27325616730377078 0.49796547275036573 0.57679113629274015 0.22345507424324729 0.24435707647353411 0.26843820977956045 1.1041788873262701 0.50339610129594803 1.706818354781716 0.19214928615838289 0.27610431564971838 0.74335360946133722 0.34045259654521942 0.21949956938624382 0.21420643618330359 0.47862214175984164 0.23394919373095036 0.36609991500154127 4.0237284102477124 0.52124573383480544 0.40900671575218694 0.80672679143026504 0.76266643032431503 1.7181230122223574 1.1402454562485218 1.0740484623238442 1.7910211188718665 0.22439078893512487 1.305791368242353 0.40553091838955913 1.8818822125904255 0.63048844132572401 0.23029633658006787 0.76932808943092856 0.6338431080803274 4.3257496994920075 0.33171718567609787 0.89057707320897683 0.97731356252916057 1.3757425644434986 0.25941730756312609 1.0479775140993286 15.30946155311541 3.4336866310332024 0.71209652093239106 1.0398257994092999 1.0093735097907472 0.22287751827389002 0.47639936534687866 10.226790447952224 10.332384872250257 7.9482283792458457 251.13974264217541 0.98391284095123399 2.6035408950410783 0.54577406169846654 6.5930190007202318 0.73776233755052079
leaf_count=88 39 60 36 87 49 97 61 62 62 65 84 96 149 49 52 37 84 60 57 105 48 71 452 70 67 106 87 276 115 66 287 48 149 95 171 79 51 73 71 501 85 207 146 152 61 58 297 458 135 88 101 58 47 612 1279 291 14357 253 259 40 411 61
internal_value=0 18.7892 -1.56689 -0.00627508 -6.02266 -9.80162 0.0119534 2.42795 8.68302 1.02805 -3.17802 -10.3331 -0.0301974 4.1652 3.64888 2.05841 8.33428 0.814988 -3.13327 0.00978771 3.68954 -2.55361 -0.000842386 0.0458873 0.743851 0.417064 0.568137 0.392993 4.87316 -0.0706956 -1.90961 -1.48027 -0.169639 4.06536 -0.753679 -3.10713 1.06851 1.42486 3.12207 0.876423 -6.33731 3.68859 -0.00478737 0.386913 0.404448 0.00400047 0.0441592 -0.584306 0.170173 1.7739 0.0340329 -8.43962 -1.66651 -0.492406 0.0253529 0.39016 -0.0225291 1.48303 -1.62225 -1.85431 -0.949352 0.93504
internal_weight=0 0.861461 0.597948 349.823 1.05669 0.783438 348.767 5.98043 1.09367 4.88676 1.87601 0.771834 342.786 0.84931 3.01075 2.43396 0.616557 0.657161 0.433706 337.439 0.971989 5.34694 336.467 325.655 22.6562 20.9947 20.5857 19.8231 1.66149 1.8174 4.56923 4.20313 2.41211 0.629922 10.8122 2.51237 11.7212 10.0031 2.443 7.56013 0.777706 1.12087 302.999 6.43925 0.738039 302.022 287.771 8.10182 4.69156 1.80915 286.723 0.554595 1.78219 14.2505 285.714 24.2416 261.472 8.93214 3.41027 1.25787 8.29984 5.06351
internal_count=23818 184 124 23634 233 184 23401 835 290 545 245 161 22566 228 300 239 136 179 117 21687 214 879 21473 20663 2817 2632 2565 2478 185 103 697 626 339 143 810 250 1480 1204 232 972 182 258 17846 714 166 17700 16636 998 633 161 16578 143 196 1064 16477 841 15636 544 365 175 560 562
cat_boundaries=0 23 46 69
cat_threshold=4132 0 16384 65536 0 8388608 0 0 0 302514176 285213696 0 102760480 8196 0 41944068 32 1024 0 8 21037056 8192 64 8 2147487744 2147483648 256 0 0 8192 0 0 2147483648 1076887552 8 2 65536 0 2048 8200 40 536870912 2944 263424 2147500032 1792 132097 0 3178496 0 0 0 1048576 0 268435456 16777216 4100 3221225472 256 1064 526336 0 2097152 4 0 131104 268435456 512 8
is_linear=0
shrinkage=0.05


Tree=38
num_leaves=63
num_cat=1
split_feature=50 67 57 66 58 54 3 66 5 56 53 47 72 67 30 54 60 53 10 64 57 63 49 68 65 58 52 63 9 3 68 21 57 55 66 70 3 90 57 70 5 10 58 56 10 60 47 66 55 70 66 56 42 21 63 49 3 53 43 3 4 22
split_gain=65141.6 148391 34448.5 22612.9 57698 23120.9 31589.6 22240.2 19524.8 16186.6 16011.7 12043.1 7775.07 12161.7 35566.8 15810.9 8413.86 16413.1 10890.8 7513.6 6650.9 7503.16 5579.94 4758.72 5840.94 4450.63 4261.71 3966.3 3769.41 7402.3 3701.18 3150.15 3312.93 2811.65 2898.51 5905.28 6046.79 3456.07 3596.46 3152.48 2848.18 2553.82 2470.89 2380.84 2752.04 2353.51 2323.54 2091.66 4645.66 2729.54 1986.56 1903.04 2024.6 1740.75 1691.01 1671.57 1612.83 1478.17 1464.38 1452.65 1446.64 1433.1
threshold=1322.7572202140752 1735.2800000000002 -314.4084160671278 967.9000000000002 1110.4375263745417 176.66947487774624 2019.5000000000002 1250.1550000000002 0.6830127018922193 977.26799773800906 -343.78143315018315 -542.52291159857157 0 644.2700000000001 0.25000000000000017 5.0778650440383943 -213.68820526430673 -58.003172245862565 -16.227241335952161 1113.1650000000002 73.590854753978746 1206.0714285714287 -44.151252115730962 0.83333333333333337 641.17000000000019 659.40560350143551 209.09062884440326 999.57916666666677 1.898202538678398e-15 2016.5000000000002 0.83333333333333337 -1.0000000180025095e-35 1.1087922189586203 -158.17112644733842 116.47333333333334 1.4195799490320871 2019.5000000000002 1.0000000180025095e-35 -21.597139414065097 0.79620098394846384 0.93301270189221952 21.325317547305485 180.05303505114614 170.74940437801419 -11.750000000000002 -107.77527568322297 -39.932125156665229 196.76000000000002 74.549282272956233 1.2966988085883981 73.618333333333354 107.06389828827653 -1.0000000180025095e-35 -0.6830127018922193 431.60416666666669 -118.42748976999182 2021.5000000000002 -21.105861932996081 1.0000000180025095e-35 2020.5000000000002 -0.6830127018922193 1.0000000180025095e-35
decision_type=2 2 2 2 2 2 2 2 2 2 2 2 9 2 2 2 2 2 2 2 2 2 2 2 2 2 2 2 2 2 2 2 2 2 2 2 2 2 2 2 2 2 2 2 2 2 2 2 2 2 2 2 2 2 2 2 2 2 2 2 2 2
left_child=2 9 8 11 5 7 -7 -5 10 -2 -1 20 22 25 15 -15 17 -17 -18 23 21 50 51 -20 31 26 27 33 53 -30 -27 -25 57 60 46 36 40 38 -37 -38 43 55 56 44 -36 -24 -35 -47 49 -49 -4 -13 -53 -29 -41 -28 61 -33 -54 -39 -14 -40
right_child=1 -3 3 4 -6 6 -8 -9 -10 -11 -12 12 13 14 -16 16 18 -19 19 -21 -22 -23 45 24 -26 30 41 28 29 -31 -32 32 -34 34 35 37 39 59 42 54 -42 -43 -44 -45 -46 47 -48 48 -50 -51 -52 52 58 -55 -56 -57 -58 -59 -60 -61 -62 -63
leaf_value=-10.166701210252873 -5.0377840461644432 43.517859586459778 -7.6334608596927893 -0.32709588721480531 23.433136766461597 -14.223229201900162 3.5625609028245244 15.805079478146579 -17.178289111679643 9.4181483188954189 2.8120635937910903 -1.8580807570875546 0.21719761865877218 8.4909250571128521 15.458857153275908 -1.1316979180976998 5.2866813817271039 11.539627085040884 -3.371327154287826 -7.239436288260757 -0.011040139361318251 -15.191107123434595 -3.1099651725500705 2.9858539944006819 5.2555140692366393 -0.34275504565899756 -3.1683436580585282 2.5148999944545491 11.371916865869794 0.076640117913754913 -6.3281671275487934 -1.9247799498401432 -5.2042964550385777 -0.55271326870625659 3.5856124222418071 0.67265362194673517 -3.3113936981463254 -0.85488477922867279 0.66581354126848247 -0.23398625470525658 -3.3146063316118886 -5.6085066950058824 5.6204276984736294 3.4592843969738647 0.089022944565454343 -0.81965195037418903 0.015852693497251616 -4.0886970822079141 5.8532303402807244 1.873325737819284 -1.264149564388368 -1.4082048202491757 -5.2094998177124587 -2.2552497040322743 -2.3452421766586737 -0.63571403058950526 3.523776416925358 1.9609532437080455 -1.6013821602954175 1.2756655107019719 -2.2821892928601835 3.1148767421525001
leaf_weight=0.50692407228052616 0.44863398652523645 0.28090408258140087 0.24524651560932287 0.43439650582149569 0.35648028180003155 0.41345666442066409 0.63015443738549948 0.42041350668296218 0.40559264505282044 0.34069946128875017 0.44733672915026435 2.6138662858866146 0.81301199388690326 0.65804301924072106 0.46512777730822552 0.58629932347685099 0.6802856782451262 0.45301868580281712 1.1623084913007926 0.50746792880818237 0.40067422389984131 0.24367795931175351 0.9589452724903812 0.43598675867542658 0.51330252271145571 0.52506604697555193 0.8463485355023298 0.44001247733831406 0.29224904580041766 0.28797589428722858 0.50832939054816961 0.54591442877426699 0.49163138680160046 19.21486763167195 0.71205096808262158 3.5789482395630321 1.3265838008373974 2.0311188881751145 1.6768762613646679 5.084901902358979 0.3313885312527417 0.36413819878362108 0.65251715923659492 1.1443953341804443 2.6835674287285678 6.9873747043311578 277.18424036470242 0.34698741789907195 0.39799688756465912 0.42972140992060304 0.24443908641114831 0.6776364105753595 1.6122012478299446 0.33829989121295401 1.1658907970413563 2.8300607826095066 1.6839155028574166 0.44364389078691624 0.34062386816367496 1.3199854306876657 2.0108521084766826 0.92785343946889032
leaf_count=74 56 63 62 59 63 92 60 73 51 73 68 359 93 75 60 62 93 57 62 66 98 60 98 58 84 84 155 52 78 47 96 76 49 2350 154 325 121 340 227 464 68 51 55 221 549 161 14286 42 59 66 56 51 262 72 113 440 43 37 54 116 231 111
internal_value=0 12.3085 -0.0456252 -0.0151714 4.97596 1.51013 -3.48379 7.60705 -7.9885 1.20182 -4.08254 -0.0471065 -0.0304994 0.0318086 2.10371 1.14478 0.31416 4.39149 -0.572275 -1.54435 -5.1914 -8.0217 -0.892616 -0.739943 0.518443 -0.0108224 -0.000530089 0.0195399 2.71552 5.76587 -3.28699 -0.749854 -1.84946 0.00821961 0.0220503 0.546799 -0.21404 1.34465 1.87969 -1.0976 1.16032 -1.61436 2.75397 1.48696 0.822247 -0.766762 -0.0210061 -0.491464 1.46066 -0.790152 -4.45406 -2.81356 -3.76302 0.441515 -0.627775 -1.21875 2.31784 -0.182708 -4.58015 -0.0156703 -1.5626 1.53822
internal_weight=0 1.07024 356.033 354.673 2.2549 1.89842 1.04361 0.85481 1.35985 0.789333 0.954261 352.418 351.284 336.918 6.94303 6.4779 5.81986 1.03932 4.78054 4.10026 1.13404 0.733364 14.3654 3.59279 2.43048 329.975 328.942 324.902 1.35854 0.580225 1.0334 1.91718 1.48119 323.543 320.719 24.32 12.4488 11.8712 8.52011 7.57738 4.8714 4.04055 4.94116 4.54001 3.39562 9.12103 296.399 8.16208 1.17471 0.776709 0.489686 5.24433 2.63046 0.778312 6.25079 3.67641 4.28865 0.989558 1.95283 3.3511 2.82386 2.60473
internal_count=23881 192 23689 23496 347 284 152 132 193 129 142 23149 22873 21721 779 719 644 119 525 432 276 178 1152 366 304 20942 20762 20116 249 125 180 220 162 19867 19543 2907 1690 1217 761 698 992 646 436 924 703 426 16636 328 167 108 118 726 367 124 577 595 381 113 316 456 324 338
cat_boundaries=0 23
cat_threshold=4128 0 536870912 0 0 0 0 0 384 839385088 285212672 1280 67108864 0 16 49156 527360 416 1073741824 32768 2293760 8224 64
is_linear=0
shrinkage=0.05


Tree=39
num_leaves=63
num_cat=3
split_feature=50 67 57 5 67 17 54 48 56 9 48 48 57 68 0 58 50 67 29 58 54 1 71 63 43 55 65 0 58 50 67 52 59 67 65 65 51 70 57 70 67 55 3 3 74 50 54 70 8 63 65 56 21 56 67 49 58 58 50 70 59 63
split_gain=64054.1 124718 20689.9 21895.4 16631.9 50980.2 41501.8 22812.9 15708.9 17139 18540.1 11078 10832.6 10178.6 9429.21 9032.62 7330.17 7004.43 29232.2 7759.99 5167.22 5779.04 4891.35 5726.46 4889.04 4383.9 3979.12 3329.18 3292.51 3087.6 3349.3 2679.08 2163.47 2121.13 2057.91 2045.32 1813.07 2801.29 2488 1862.87 2861.94 3165.47 2103.26 1817.81 3400.7 3016.26 2818.42 2208.02 2215.67 3516.75 2098.24 2048.52 1670.79 1670.25 2176.5 2017.23 1654.59 1622.53 1609.83 2211.59 1572.68 1977.15
threshold=1322.7572202140752 1636.1500000000003 -314.4084160671278 0.6830127018922193 960.48000000000013 -1.0000000180025095e-35 2.7590651874226206 -615.86582906699425 407.85177413489868 4.7500000000000009 -47.535714005561168 -443.0134977639359 78.442239120034515 0.83333333333333337 0 1313.2520600921755 -8.1299959213940589 454.89000000000004 -1.0000000180025095e-35 735.05283137586525 163.48259827999644 8.5000000000000018 -21.546627938055114 937.31250000000011 1.0000000180025095e-35 12.243171471844574 140.32000000000002 1 240.42869848734151 -107.66075893080743 229.14000000000001 -19.270272230624411 2.648558024401503 824.1350000000001 409.09000000000009 3844.1200000000003 -351.52852657900365 0.093095478838653781 -78.95741983350014 1.7940103187002345 286.99500000000006 -20.801145805658532 2018.5000000000002 2019.5000000000002 2 27.813355384768212 29.338560052783237 1.0344898053002443 5.5000000000000009 444.12607142857149 32.040000000000006 362.39918863964937 0.93301270189221952 188.39234890728514 92.765000000000015 156.5938303857115 147.52245431371293 104.40580147742293 200.4355048440278 1.4022668117245161 431.62257964457359 554.46791666666684
decision_type=2 2 2 2 2 2 2 2 2 2 2 2 2 2 9 2 2 2 2 2 2 2 2 2 2 2 2 9 2 2 2 2 2 2 2 2 2 2 2 2 2 2 2 2 1 2 2 2 2 2 2 2 2 2 2 2 2 2 2 2 2 2
left_child=2 13 3 11 14 -6 16 -8 12 10 -10 -1 20 -2 15 28 -7 27 -19 22 21 -9 32 24 26 -26 31 29 -4 30 -16 -24 -20 -28 -17 -36 37 -29 -39 43 42 57 -41 45 46 60 -45 48 -48 -50 -46 53 -44 54 -47 -55 -32 -42 59 -30 61 -38
right_child=1 -3 4 -5 5 6 7 8 9 -11 -12 -13 -14 -15 17 34 -18 18 19 -21 -22 -23 23 -25 25 -27 33 36 58 -31 56 -33 -34 -35 35 -37 39 38 -40 40 41 -43 52 44 50 51 47 -49 49 -51 -52 -53 -54 55 -56 -57 -58 -59 -60 -61 -62 -63
leaf_value=-7.8125660927831122 8.2361093770147349 38.938073450510309 -1.0038020755511088 -16.19051608544191 16.040716582779805 8.545636647856993 -10.838516780460692 -0.75539192401111821 9.6351596295678501 11.49441572875611 -5.4896330736767576 2.937374689650623 -8.02302474634436 -3.847386707989715 -3.6220221619523736 -3.9994455433446356 20.271657714136442 11.188168564148311 -4.8054951457606769 -5.9083381645663922 -3.7033466223674361 5.7404213118436962 6.1451928329677905 6.2605120757498645 1.1369803521087571 7.3351663580882231 0.30713458803638072 4.531256139930206 -3.0261058045874041 -0.62044087717949359 -1.9980848892760961 1.1837321876328739 -0.41888325857049857 -2.5183293370937241 -12.733407867726841 -5.7120518854435458 0.068883203019990832 -3.0970071613521473 3.3731834010930402 -0.37046132731759085 -0.72510590810231634 3.4317315419026286 0.21637260329496197 -0.15730553658356236 0.022450697667276712 0.51245083631833777 -0.86154645420177944 0.06625757576947125 -1.8318807138460078 -8.1765078436870144 0.7531698574815211 5.4519088214991642 1.2088654249332222 0.75825736831638191 2.3026906405057272 -5.1462586196789282 2.772473613027739 2.3493028035351298 -5.9018092027277014 0.86095864264162536 3.6073963114626375 -2.2329754803494506
leaf_weight=0.4539020867086947 0.29353104322217294 0.31084318831562996 6.1163242845796013 0.38935680035501719 0.63518178230151523 0.27575385803356767 0.47959989216178645 0.92903294553980298 0.33108386909589171 0.58428473584353924 0.52217659121379234 0.50773405609652289 0.52538641123101104 0.42896838067099452 1.8959031167905771 0.2361676446162172 0.25794557388871808 0.69710954418405791 0.45736998552456209 0.43788458872586566 0.65385664114728559 0.54223856050521135 0.4534743360709399 0.54811774753034104 0.61904841801151611 0.52911595045588911 4.8763663363642991 0.56520328624173888 2.8788419952616104 11.89920256170444 0.36621639458462585 0.68022146611474255 0.72924572508782148 0.76899498188868154 0.24961297446861863 0.17745541641488671 44.341270839096978 0.35088963992893696 0.25769618479534984 15.077001898549495 1.2583663722034546 1.4342279280535866 65.887478673830628 96.332038055406883 37.886200277600437 4.7992168732453102 15.062371917534625 5.7977666263468555 1.6393493157811452 0.25197893660515536 13.263379684649406 0.25971927959472019 4.5320914741605511 0.36397953960113216 2.6271174743305892 0.24005544371902943 0.36085050879046321 0.65124913002364326 0.39708708366379131 0.419220920652151 0.30765969376079638 0.9529222147539248
leaf_count=73 48 62 451 52 69 67 73 95 57 99 74 67 80 77 377 66 38 95 61 63 101 59 82 94 75 60 590 19 489 927 49 46 70 92 73 50 7386 61 48 2168 102 100 2054 2786 141 1135 461 447 321 54 69 66 75 80 544 57 53 63 51 29 67 201
internal_value=0 12.4555 -0.0111401 -6.18702 0.0123187 2.68277 1.01955 -0.522019 0.688284 4.89689 0.37912 -2.13671 -1.59431 1.0618 -0.0314588 -1.07305 14.213 0.0313685 1.2854 0.601888 -0.00497098 1.63865 0.896935 1.31788 0.976131 3.99333 0.46511 -0.00887347 -1.71573 -0.570139 -2.51558 3.1683 -2.10966 -0.077742 -7.74475 -9.81589 0.0341356 1.99664 -0.357306 0.0278658 0.221621 1.6566 0.165498 -0.0489364 -0.129056 0.204144 -0.275519 -0.776046 -1.06409 -2.67717 0.21193 1.08146 0.280248 0.940107 1.14576 -1.58831 0.369591 0.323381 -2.89414 -2.53202 0.0446554 0.0204555
internal_weight=0 1.03334 357.021 1.35099 355.67 5.73654 5.10136 4.56766 4.08806 1.43755 0.85326 0.961636 2.65051 0.722499 349.933 10.4747 0.533699 339.458 10.7969 10.0998 2.12513 1.47127 9.66195 8.47534 7.92722 1.14816 6.77906 328.661 9.81147 14.5222 2.62297 1.1337 1.18662 5.64536 0.663236 0.427068 314.139 1.17379 0.608586 312.965 88.8404 3.34384 85.4966 224.125 170.233 53.8919 119.084 22.7515 16.9537 1.89133 51.1496 8.29009 70.4196 8.03037 7.42633 0.604035 0.727067 1.90962 3.69515 3.29806 45.6019 45.2942
internal_count=23639 187 23452 192 23260 812 743 638 565 230 131 140 335 125 22448 1209 105 21239 1328 1233 255 154 1170 1039 945 135 810 19911 1020 1406 479 128 131 682 189 123 18505 128 109 18377 4562 265 4297 13815 4279 9536 4069 1283 836 375 210 1882 2129 1816 1679 137 102 165 569 518 7654 7587
cat_boundaries=0 22 42 43
cat_threshold=34 256 3036677120 32 25600 0 5 0 2147483649 268436480 0 0 0 0 0 67108928 8389329 132 2 0 0 524288 4 17301632 8388612 525456 102416 8216 154 0 0 1 524288 2097152 0 0 0 33554432 32 33562656 0 131076 1
is_linear=0
shrinkage=0.05


Tree=40
num_leaves=63
num_cat=2
split_feature=50 67 47 3 53 52 0 67 52 10 65 53 50 47 47 51 67 58 54 67 7 47 67 67 67 70 52 0 67 8 3 53 10 56 51 70 60 71 53 56 3 67 59 59 5 60 34 52 64 60 51 47 53 9 76 56 58 71 58 3 13 52
split_gain=43144.3 124597 18333.2 26578.2 14602.6 9066.49 8007.41 32933 38959.1 27766.3 25760.1 13625.5 9027.87 6864.9 13453.6 10531.1 6646.47 12569.2 7783.62 7304.93 9965.81 5882 8934.58 4934.97 3511.74 13818.4 3159.59 3353.97 8830.47 3266.37 3257.09 2969.08 4776.8 2946.53 4000.99 3534.35 2759.08 2692.88 2567.28 3176.88 2515.93 3023.77 2500.86 2480.07 2464.8 3209.16 2227.91 2232.45 2620.03 2199.15 2190.46 2663.56 1780.03 1603.08 1573.71 1793.03 1548.27 2003.67 2108.02 1540.91 2721.81 1477.38
threshold=1322.7572202140752 1839.6750000000002 -786.77919797774825 2018.5000000000002 728.54895991942055 -194.96253513139973 0 1177.3350000000003 -126.96035879365274 8.5801270189221945 1125.6350000000002 -343.78143315018315 -85.203427429694983 146.34272856179479 382.75296876585816 -417.69484913742502 629.79500000000019 773.93887067132903 4.9600557603016799 665.53500000000008 1.0000000180025095e-35 299.55771533088 665.53500000000008 176.08500000000001 1323.4600000000003 2.5980582165579604 209.09062884440326 1 123.03000000000002 4.5000000000000009 2020.5000000000002 20.378782794533304 2.7990381056766584 82.195345424885645 -255.90419382124335 1.0000519480519483 -37.210092428357569 17.965652916499163 -82.557885119070889 166.99602357398007 2019.5000000000002 181.05500000000004 48.004437426651016 -234.2576721040771 0.6830127018922193 425.20608445163947 0.6830127018922193 1087.5804112434673 866.70500000000015 30.477968645571373 101.79082638118388 60.885252606138501 13.055780864151279 -18.093266739736599 1.0000000180025095e-35 181.82184891606749 412.5647751510424 -9.1985807541972662 120.27277509764114 2019.5000000000002 -1.0000000180025095e-35 -528.30740437290581
decision_type=2 2 2 2 2 2 9 2 2 2 2 2 2 2 2 2 2 2 2 2 2 2 2 2 2 2 2 9 2 2 2 2 2 2 2 2 2 2 2 2 2 2 2 2 2 2 2 2 2 2 2 2 2 2 2 2 2 2 2 2 2 2
left_child=2 5 3 -1 6 -2 11 16 10 -10 -9 -4 13 15 -15 -13 17 26 -18 20 -20 -6 -23 61 50 -26 27 28 -8 30 36 38 -33 37 42 40 -30 56 39 -21 44 -42 59 -17 45 53 47 48 -28 -40 -14 -52 -31 -36 55 -45 57 -29 -59 60 -35 -19
right_child=1 -3 4 -5 21 -7 7 8 9 -11 -12 12 24 14 -16 43 18 23 19 31 -22 22 -24 -25 25 -27 46 33 29 52 -32 32 -34 34 35 -37 -38 -39 49 -41 41 -43 -44 54 -46 -47 -48 -49 -50 -51 51 -53 -54 -55 -56 -57 -58 58 -60 -61 -62 -63
leaf_value=2.5755242712312625 -6.0210444076769356 39.161346186707696 -8.3879526597148359 -15.91506094074548 -0.26521651785294381 5.2073886323186542 0.26255277375575042 25.46468725281526 -2.4234180233863341 10.36483832738921 4.1728586281403572 7.2006254464142536 -0.34409305316619559 -15.455354518735675 -1.8770091929647827 -6.4217499385442558 7.0935861571129921 -7.2624055095249034 10.639178431784204 3.2594692835051768 0.30694796213100317 -3.8670538831458225 -14.444419728516273 -11.909882919840493 9.0255679385500489 -6.017308680943005 -0.95415233323815396 -0.64055464765392012 9.7475882764206698 -1.466626595803304 2.4194943136399729 4.8829969622737668 -1.3245377981527477 4.2670334568562014 2.7657765360481807 0.54408759178747135 4.1822427103551716 2.7383223493995703 -3.8313051241731699 -1.0699335905799821 -0.86230456548780143 -3.1601705059942198 -5.3138870385141423 -2.3748073401947205 -1.8339761027629482 6.0671989475071149 -4.3654888827503617 -4.6525364248660228 3.859571865417271 0.064180956311750123 -5.2788856363702452 0.30992724340561811 3.1081768057372434 -0.083588473773265864 -0.33951042223648087 -6.4703966984517427 2.0610920348872344 0.017437116140857706 1.9689733182673479 -2.8311708045786457 -2.8817512851070486 -2.3115156997086141
leaf_weight=0.35088222147896786 0.36654783133417368 0.27296986896544695 0.69743171939626236 0.43561052763834596 0.38194352714344748 0.35283303796313603 20.497081248089675 0.35740181384608183 1.1599950077943493 0.6694023348391055 0.23576778965070844 0.27009953884407956 7.3593350457958842 0.31414996786043037 0.43506389623507857 0.47886101203039411 0.59438994852825899 0.20666819019243121 0.43356402637436975 0.72102553211152542 0.50546298921108246 0.54826012020930648 0.31397875724360347 0.23721254011616111 0.39478532085195261 0.24892104370519519 3.1560281980782747 11.716913290088995 0.31473526684567343 0.58658325951546419 2.0730628101155162 0.73726359056308843 0.53465835051611066 0.26001403760164965 0.56086973380297944 7.469829495297744 0.76157063059508723 0.90471286349929769 0.82436625892296456 1.0276391175575552 8.9401326801162195 1.7046354648191471 0.62419040547683824 1.1622781883925184 1.3851690364535896 0.25046827318146814 0.53220738051459182 0.361401613568887 0.31048136763274659 0.64638471510261297 0.51887136138975609 0.36187039781361818 0.33352873474359512 4.1173050918150702 0.62891272548586119 0.34702498745173205 0.91332601266913016 257.52200914011337 1.3912358847446729 0.83976677944883704 0.27288675354793923 0.5562462294474233
leaf_count=83 79 61 96 75 78 52 617 68 81 50 62 47 569 51 85 95 55 59 65 60 48 112 49 52 61 66 462 994 55 128 52 60 64 47 105 705 124 69 68 96 488 155 77 199 292 55 84 63 79 53 90 66 74 830 81 48 106 14686 132 66 58 148
internal_value=0 10.3998 -0.0404669 -7.66576 -0.0234153 -0.513861 -0.00421917 0.056117 5.86652 2.25599 17.0018 -0.902985 -1.20726 -3.30582 -7.57049 -2.19915 0.0157528 -0.0144022 1.66146 1.06688 5.07751 -5.43063 -7.71873 -5.61114 -0.348261 3.20849 0.00267358 0.0206968 0.486791 2.81243 3.5781 0.228356 2.27363 -0.0328047 -0.537999 -0.362097 5.80967 0.014991 -0.579688 0.715206 -0.761249 -1.23028 -2.68988 -3.16927 0.0295155 0.55324 -1.33432 -0.912884 -0.523006 -2.11927 -0.626111 -2.98261 0.191681 0.258024 -2.44087 -3.31648 0.00591755 -0.00101827 0.0279234 -1.49667 0.606298 -3.65268
internal_weight=0 0.992351 352.496 0.786493 351.709 0.719381 350.465 337.248 2.42257 1.8294 0.59317 13.2176 12.5202 3.63639 0.749214 2.88718 334.825 328.8 6.02475 5.43036 0.939027 1.24418 0.862239 1.00013 8.88378 0.643706 327.8 323.44 24.5666 4.06948 3.14937 4.49134 1.27192 298.873 26.4253 24.4284 1.07631 272.448 3.21942 1.74866 16.9586 10.6448 1.99686 2.61708 6.31381 4.92864 4.36012 3.82791 3.46651 1.47075 8.24008 0.880742 0.920112 4.67817 2.13822 1.5093 271.543 270.63 258.913 1.37267 0.532901 0.762914
internal_count=23835 192 23643 158 23485 131 23246 21692 261 131 130 1554 1458 606 136 470 21431 20862 569 514 113 239 161 259 852 127 20603 19915 1050 433 231 401 124 18865 2878 2630 179 15987 277 156 1925 643 248 423 1282 990 688 604 541 121 725 156 202 935 328 247 15918 15812 14818 171 105 207
cat_boundaries=0 22 44
cat_threshold=0 256 1073741824 2 0 0 4 0 0 25601 4096 2097152 0 0 2147500033 4 16777666 1179648 272629890 32784 0 2097152 4096 1612742656 0 0 0 67272720 8192 0 8192 0 2048 2147483652 3 0 0 1073741825 138412032 1174503936 536870976 0 160 536870912
is_linear=0
shrinkage=0.05


Tree=41
num_leaves=63
num_cat=3
split_feature=50 59 48 60 48 1 47 8 0 66 26 10 9 51 67 67 82 50 60 52 67 70 10 10 50 40 67 76 48 67 10 56 56 10 53 52 66 47 0 10 48 55 60 48 70 67 31 52 53 22 9 70 60 38 55 59 0 38 71 51 33 66
split_gain=55353.8 154472 17068.7 13455.5 12876 98269.9 20896.4 8324.5 8273.62 42477.5 14873.8 13086.9 13935.7 9280.39 22899.2 13045.6 8247.79 7219.36 7057.89 5558.58 7734.24 9445 5800.38 13590.9 8834.49 7319.5 9687.88 5288.5 4851.75 4845.93 4325.11 3381.16 3193.9 2856.16 2732.35 2814.18 2545.47 3398.57 3263.68 2536.68 2515.93 2113.52 2111.94 2093.28 1989.7 1891.34 1969.75 1822.62 1625.33 1604.89 1516.48 2102.05 1751.79 1589.67 1521.57 1515.92 1511.66 1521.99 1489.67 2108.36 1612.3 1383.79
threshold=1322.7572202140752 29.852060359731428 -788.77774275540287 154.25420482296789 -543.43576769491972 10.500000000000002 -542.52291159857157 3.5000000000000004 0 714.5100000000001 0.25000000000000017 10.446152422706634 10.446152422706634 -461.82289264873077 1101.6700000000003 2155.0000000000005 1.0000000180025095e-35 -34.335265704601454 -38.780756587046611 301.25552829237876 454.89000000000004 0.51212734275308847 8.8301270189221963 12.312177826491075 -65.049546681059439 -1.0000000180025095e-35 949.2700000000001 1.0000000180025095e-35 -324.95061510085219 841.08500000000015 21.325317547305485 226.13762193884375 876.88956155161952 -13.928203230275507 -155.97594394151903 -23.522891481561491 17.35166666666667 -104.12561466632103 1 9.4910126933919898e-16 90.171851459182548 -89.985310140307163 -49.750180698531615 -54.915971267227683 2.2090809420832422 223.70000000000002 -0.6830127018922193 1470.2195137111507 53.805154644239217 1.6160254037844388 1.5308084989341915e-15 27.416208791208792 214.85460684658753 1.0000000180025095e-35 13.832653099718437 8.6287966706791313 2 -1.25 4.7530944552590704 -12.604059062769688 0.25000000000000022 180.16666666666671
decision_type=2 2 2 2 2 2 2 2 9 2 2 2 2 2 2 2 2 2 2 2 2 2 2 2 2 2 2 2 2 2 2 2 2 2 2 2 2 2 9 2 2 2 2 2 2 2 2 2 2 2 2 2 2 2 2 2 9 2 2 2 2 2
left_child=2 18 3 7 5 27 16 -1 13 19 11 12 -11 -8 -15 17 32 31 -2 20 28 -22 25 24 -24 29 33 39 -10 -23 47 -16 -6 -27 -35 44 37 55 61 -4 -25 -39 49 -43 -36 56 -47 -21 -37 -40 52 53 -48 58 -55 -30 -44 -58 59 -52 -60 -38
right_child=1 -3 4 -5 6 -7 8 -9 9 10 -12 -13 -14 14 15 -17 -18 -19 -20 30 21 22 23 40 -26 26 -28 -29 36 -31 -32 -33 -34 34 35 48 38 41 42 -41 -42 43 45 -45 -46 46 50 -49 -50 -51 51 -53 -54 54 -56 -57 57 -59 60 -61 -62 -63
leaf_value=3.5518525876791971 -4.7815356193102989 45.753361972191598 -2.3986247214000604 -15.882809951515412 -1.3344591849601837 33.899356177907151 5.2944773266087237 -8.452890477870703 -3.1921377931405814 11.868428534176424 15.538526786612236 -1.998633785626829 0.093684535777460387 -1.1900289232546433 -5.1193633481076866 -16.968275204108505 -14.792935307767443 0.022938683326708315 5.2006255989120156 -0.98663516199176338 8.6118198599969968 1.5288357146522147 3.1451957847223402 -1.3643573845418728 11.797396013556128 2.7506852287023662 -6.774849754409896 4.1276678562896496 -2.3151018362567064 7.3725142593104245 -7.4175676273955649 -12.376786486090385 -9.0687923396288497 -2.9636224859987244 1.1096838852790503 0.24373461128568158 -1.5103889527152168 2.0659169517353217 -0.18758701474390327 -8.9727254749823935 2.9580784920135725 -1.1507656602203469 -0.21766704123234326 -0.055092501268965338 6.3581115905490826 3.7227376208229304 0.5824948634238345 -4.9730322498611024 -2.551388867564095 -3.4373047014139817 4.9271732457414812 -1.2427863033432074 -2.4177676380629913 -1.3072907718851052 2.51335958556127 0.73991305002724073 2.3395776620997277 0.40754791576768112 -0.161325081207778 1.7164162810981947 3.9168965957385282 -0.14112929823108344
leaf_weight=0.27999438485130568 0.36364992801100016 0.25055624591186643 0.37596327858045586 0.28700993396341801 0.34255641233175893 0.23677752912044525 0.4531517461873581 0.29821288306266069 1.1894692066125561 0.75661098887212508 0.42938959039747704 0.46572237508371461 0.37624259712174535 10.185941618867217 0.33148952340707172 0.31858595507219423 0.28497949428856373 0.38533447869121928 0.34514657291583617 2.6823292567860335 0.43192204926162858 1.3453337377868582 0.65511202835477889 1.0918141873553393 0.53676539217121921 0.85780621506273558 0.56655099801719178 0.21594533324241638 2.3887194481212641 0.48182770190760482 0.33313710568472732 0.31110730720683932 0.21869623754173517 0.84057522332295631 0.59862666297703926 1.6359744765795801 5.3784423111937922 1.1560991972219188 11.873498785542321 0.24066270422190428 0.48673203820362676 4.450741466600447 9.2621376160532218 211.9299806531053 0.25858394987881184 0.65615343023091455 3.1527571231126772 0.32105040922760952 0.76249219896271814 0.39248031936585981 0.95991401234641704 0.63102814927697171 0.57530279038473953 0.66249821288511135 0.42954911850392818 0.48922291095368553 1.0361583754420269 62.840260928263888 0.85445736628025748 1.0940099586732688 0.33830386213958263 2.8087939536198974
leaf_count=41 46 56 73 54 73 49 60 63 211 95 41 49 57 1085 52 43 42 83 80 433 73 173 63 123 61 91 67 63 359 41 46 58 53 66 111 139 519 61 1558 58 55 464 1166 8479 43 64 324 74 73 66 94 18 69 68 62 22 103 5349 128 66 50 312
internal_value=0 12.0081 -0.0184718 -7.03267 -0.00134601 5.47694 -0.0179276 -2.63965 0.000914681 0.0598899 7.27641 5.05714 7.95781 -0.940019 -2.0001 -8.12803 -7.8656 -5.38819 0.0792513 0.018417 0.0386366 1.37094 1.06185 3.01147 7.04174 0.326753 -0.581126 -2.6062 -0.00467256 3.06983 -2.01232 -8.63298 -4.3482 0.127194 -0.422197 0.233967 0.00705241 -0.0888201 0.212323 -4.96443 -0.031569 -0.0662376 0.289978 -0.0776294 2.69291 0.411602 1.08106 -1.41277 -0.644858 -0.29157 0.881774 1.45359 0.119504 1.84575 0.195535 -1.79578 0.325982 0.37948 2.40082 3.21698 0.995384 -0.468457
internal_weight=0 0.959353 355.231 0.865217 354.366 1.06935 353.296 0.578207 352.45 340.465 2.02797 1.59858 1.13285 11.9856 11.5325 1.34652 0.846232 1.02793 0.708797 338.437 335.1 10.5501 10.1182 2.77042 1.19188 7.34777 5.52061 0.832571 324.55 1.82716 3.33652 0.642597 0.561253 4.95406 4.09625 3.25568 323.361 220.415 102.946 0.616626 1.57855 217.537 94.7585 216.381 0.857211 82.4925 9.35397 3.00338 2.39847 12.266 8.69782 4.96976 3.72806 4.33873 1.09205 2.87794 73.1386 63.8764 3.24669 2.05392 1.19276 8.18724
internal_count=23718 182 23536 158 23378 243 23135 104 22967 21586 242 201 152 1381 1321 236 168 193 126 21344 20791 1179 1106 302 124 804 590 194 19612 214 553 110 126 523 432 366 19401 9385 10016 131 178 9004 9185 8943 154 7561 943 507 212 1624 879 486 393 468 130 381 6618 5452 338 160 178 831
cat_boundaries=0 22 42 65
cat_threshold=32776 0 1073742340 1024 16 16 4 0 2147483648 805332000 0 0 0 0 2147500032 0 402 135216 67108994 32772 0 2097152 2282225668 1048576 0 2 0 24576 262274 0 16384 2147745817 0 0 0 570949632 2 301990016 1121 0 65536 131072 0 0 0 1 0 33554432 134250544 0 262144 0 0 1476395008 1 269484168 232 16777216 0 16793600 324 272 128 0 128
is_linear=0
shrinkage=0.05


Tree=42
num_leaves=63
num_cat=3
split_feature=66 58 0 58 70 48 50 63 3 64 33 66 70 63 14 48 58 54 63 63 81 50 47 51 79 58 56 0 66 0 58 17 65 70 9 8 51 57 63 70 3 9 57 63 58 55 71 64 58 49 49 21 50 55 70 56 54 35 66 8 9 47
split_gain=49624.2 142171 12866.6 21581.3 56532.4 13054.8 8502.25 9203.97 14057 14062.1 12157.6 8292.86 9973.29 12435.5 9896.23 10803.9 9449.55 7867.84 6002.21 5565.52 10484.8 4665.95 4235.06 4903.5 3489.2 3285.09 3002.76 2876.85 2908.49 4875.68 3934.78 6441.64 4040.66 3095.1 3387.79 2794.43 2769.99 2536 2517.87 4013.3 2424.27 2341.35 2292.21 2324.37 2231.13 2310.51 2171.17 2165.24 1935.49 1902.77 1703.95 1778.65 1696.65 1661.98 1988.47 1603.9 2584.64 1500.92 1588.64 1437.22 1710.97 1368.21
threshold=1880.1466666666668 1023.0943537561496 0 1110.4375263745417 0.21995636457592302 -788.77774275540287 752.86082666397317 969.40909090909111 2016.5000000000002 1423.7750000000003 0.68301270189221941 405.185 3.1989847715736044 444.12607142857149 0.93301270189221952 339.16618760849445 628.28001626122034 59.64479378224825 688.81818181818187 1483.3636363636367 1.0000000180025095e-35 -251.85848374526458 -255.0576305151564 28.223314795393893 1.0000000180025095e-35 348.27579927087419 233.87959970075073 1 82.291666666666671 2 271.63268407851945 0.25000000000000017 653.04000000000008 6.9526834182103094 8.2500000000000018 5.5000000000000009 165.09768082045099 -155.90602995347754 820.65000000000009 1.0760602612167236 2021.5000000000002 9.7631397208144151 -140.06090329348299 360.27708333333345 304.71817924632256 37.542549373587711 41.944470796054759 627.69000000000017 391.99937649424294 -130.86144331638664 -39.440784277182168 1.6160254037844388 -36.140597885592953 -339.95217435483744 2.6659473586756373 97.484029505529506 95.692117811158226 -1.0000000180025095e-35 247.05000000000004 4.5000000000000009 10.446152422706634 -9.18891409891744
decision_type=2 2 9 2 2 2 2 2 2 2 2 2 2 2 2 2 2 2 2 2 2 2 2 2 2 2 2 9 2 9 2 2 2 2 2 2 2 2 2 2 2 2 2 2 2 2 2 2 2 2 2 2 2 2 2 2 2 2 2 2 2 2
left_child=2 -2 5 11 -5 47 7 38 9 46 19 22 14 24 15 16 21 -8 -15 35 -21 -13 23 41 -14 26 40 49 37 44 33 32 -32 57 -35 -10 -34 -29 42 -40 55 48 43 -7 45 -30 -9 -1 -4 -24 51 -39 53 -44 -55 -23 -57 58 -31 -54 -61 -52
right_child=1 -3 3 4 -6 6 17 8 10 -11 -12 12 13 18 -16 -17 -18 -19 -20 20 -22 25 27 -25 -26 -27 -28 28 29 30 31 -33 36 34 -36 -37 -38 50 39 -41 -42 -43 52 -45 -46 -47 -48 -49 -50 -51 61 -53 59 54 -56 56 -58 -59 -60 60 -62 -63
leaf_value=-6.6738960778590668 -4.1847688114840516 37.283622881225519 -0.028897618674568012 -5.4398737789812373 20.377642158876309 -8.1308995644732871 -1.6568118008791317 -9.3020956991515344 -6.6353704335740193 10.571026640773416 -17.095596593273854 4.0409584293820346 -0.5682656112056883 14.878114068005813 6.1026351027561176 6.2367640279830923 -5.8876879857436046 10.118965765724802 5.1098661770080618 -18.041758360179696 -3.3378852667548111 -2.629289565742944 -2.8826703654888099 -5.2196207925661513 4.5798699245396559 -3.0641382373639665 4.230790738785017 2.5181601116487604 -1.3080002200177532 1.1138278421059575 3.5268426513758828 8.1659588487540695 -5.0771318746786793 3.5235548357020217 0.19450854282725868 -0.044442750349034922 1.7509325589460556 -0.56989097884449602 -1.9109173034575109 5.9158862171617344 2.7913612537570351 2.840383651449069 1.0628558397127774 -2.0273187072233125 -4.4671306391506089 1.4403041430177019 -1.5569786567430435 -12.928640629120721 -4.1901730311023107 -0.8506182747908595 -0.15271501099680773 1.6559159069577953 -1.2574858912596558 -1.7621345302846114 -4.4487334268822902 2.824303890967907 -1.3223796123486327 0.36229509027300844 4.5221843307108474 -0.27581805523958547 5.3442161056995099 0.08857003396673449
leaf_weight=0.26497504580765863 0.53188994852825899 0.33805398037657142 0.74764583399519258 0.40717783104628225 0.44242659583687782 0.27975895069539269 0.30193371977657157 0.1663551791571084 0.27194743975996949 0.23615281097590923 0.29464144725352515 0.66449766186997195 0.68414718005806185 0.34531545592471946 0.74832114716991771 0.63444768730550993 0.74652094207704056 0.26752831181511283 0.28876725630834699 0.21490743430331349 0.27815559832379222 0.88985430728644166 1.3108135270886112 0.82802578760310996 0.63425563625060022 0.94734003860503424 0.41776475496590126 0.98773073358461161 5.435940969735384 1.9286417723633484 0.96767545118927889 0.47824537241831411 0.30131992185488343 1.9542683588806533 1.2549770262558011 0.39355435874313116 0.29293142072856426 19.06135421758518 0.39404715225100506 0.28028348367661238 0.53449047869071353 0.3989005684852599 0.35853937687352067 0.3525516758672893 0.47711500898003567 0.88995030196383584 0.19840104319155216 0.28957701707258821 0.44620223715901375 9.5090952068567258 85.550622258102521 0.94189560832455654 1.3616310893557977 2.455474751535804 0.95722838817164291 0.5476904660463332 1.197240801528096 15.813301339279858 0.41554430406540621 0.38781837187707413 0.20809372700750828 187.57137251622044
leaf_count=61 70 67 120 119 76 69 53 50 37 63 48 71 67 43 94 82 66 54 62 51 66 130 108 106 70 38 48 61 536 213 80 94 50 103 77 101 52 2296 71 53 42 59 52 56 64 130 58 61 64 656 5009 22 129 315 149 79 157 2088 69 111 51 8622
internal_value=0 11.9296 -0.0267915 0.0439955 8.00445 -1.25291 -2.0513 -2.42261 -5.36716 1.06509 -8.02694 0.0257646 1.50026 4.6757 0.65421 0.0345645 -0.627287 3.87535 10.4296 -5.72063 -9.74674 0.128068 -0.0147737 -2.09859 1.90839 -0.445352 0.246271 0.000277913 0.035775 0.504072 0.6941 3.08858 1.53394 0.790317 2.22173 -2.73773 -1.71129 -0.01111 -1.5629 1.34227 -0.278957 -0.476057 -1.87087 -4.72778 -0.47371 -0.921358 -5.08931 -9.94001 -1.58418 -0.569995 -0.0196328 -0.465084 -1.55554 -2.17548 -2.5157 -0.901799 -0.0208389 0.537322 1.71801 -0.361219 1.68671 0.0129918
internal_weight=0 0.869944 357.907 347.694 0.849604 10.2136 9.659 9.08954 2.05412 0.600909 1.45321 346.844 9.28065 1.95249 7.32817 6.57985 5.9454 0.569462 0.634083 1.15856 0.493063 5.19888 337.564 2.42077 1.3184 4.53438 3.58704 335.143 324.323 30.2099 23.4069 2.04017 1.56193 21.3667 3.20925 0.665502 0.594251 294.113 7.03543 0.674331 3.16928 1.59275 6.3611 0.632311 6.80301 6.32589 0.364756 0.554552 1.19385 10.8199 293.125 20.0032 5.72879 3.77124 3.4127 2.63479 1.74493 18.1575 2.34419 1.95754 0.595912 273.122
internal_count=23819 137 23682 21923 195 1759 1637 1530 474 171 303 21728 1049 242 807 713 631 107 105 255 117 565 20679 349 137 494 456 20330 19566 3556 2826 276 182 2550 180 138 102 16010 1056 124 408 243 932 125 730 666 108 122 184 764 15949 2318 807 516 464 366 236 2370 282 291 162 13631
cat_boundaries=0 22 43 64
cat_threshold=524288 256 1434451968 0 24576 0 4 0 0 17412 0 0 0 0 2147483648 8192 34078854 131076 71303298 32768 0 2621440 6 128 536872964 1312 0 0 8 0 16384 537133089 0 0 0 0 0 0 265776 524432 33619968 131073 512 2148565032 64 524288 0 0 0 0 0 65536 1073741912 0 2097152 0 570949632 0 67108864 138412289 638619657 0 0 16
is_linear=0
shrinkage=0.05


Tree=43
num_leaves=63
num_cat=3
split_feature=53 1 1 49 60 66 65 52 63 3 60 0 67 70 53 60 57 66 70 65 52 65 66 48 65 71 71 50 3 0 67 48 70 3 57 0 53 70 66 58 66 57 55 27 63 3 52 10 66 57 57 70 55 67 53 59 38 50 42 60 63 47
split_gain=32416.4 136767 23471.2 17532.6 15880.7 9974.82 9608.15 19562.3 9240.54 18248.4 7761.94 7286.35 15358.4 17086.5 12620.7 9316.68 8567.96 7266.72 6179.46 5838.85 5177.64 6779.83 3159.96 4819.5 4021.68 3096.22 2739.11 4886.52 2683.23 2625.69 8348.72 3534.55 4091.45 2351.11 2350.96 2125.38 2037.06 2012.54 4206.55 9674.04 3959.35 2103.6 2008.15 1955.22 1952.34 1869.51 1644.97 2706.35 2354.72 2194.32 2111.58 1713.45 2833.76 3478.84 1621.9 1568.17 1528.68 1893.36 1527.71 1608.71 1526.3 1508.21
threshold=-670.89790288451934 10.500000000000002 6.5000000000000009 -486.26970334303871 -278.19354200896203 967.9000000000002 2671.0000000000005 -240.75265523200196 1774.2777777777781 2018.5000000000002 675.0328419670069 0 916.84000000000003 7.8713567481029871 -33.599034139100802 -2.2603406383857947 -176.60825860141884 210.01333333333335 1.5624834044628118 989.71500000000015 -271.19620979081066 812.73500000000013 476.54166666666674 -270.17942492497281 402.22000000000008 -1.1220490475987681 38.292118490149207 -82.60315686971316 2018.5000000000002 1 154.50000000000003 -21.472722527257314 1.7143736263736267 2019.5000000000002 30.833712350673292 2 -250.86813321987665 6.4625440351115699 752.93666666666672 348.27579927087419 349.59833333333341 89.914294130903087 31.544512605904284 -1.0000000180025095e-35 344.95890151515158 2017.5000000000002 154.58868985468715 12.995190528383292 220.73333333333335 -155.90602995347754 73.590854753978746 1.2966988085883981 21.226624060767353 605.95000000000016 -10.623925703797466 180.55960127493864 -1.0000000180025095e-35 -7.6645619284499142 0.25000000000000022 -134.34884961509076 775.85454545454547 -172.35596269847329
decision_type=2 2 2 2 2 2 2 2 2 2 2 9 2 2 2 2 2 2 2 2 2 2 2 2 2 2 2 2 2 9 2 2 2 2 2 9 2 2 2 2 2 2 2 2 2 2 2 2 2 2 2 2 2 2 2 2 2 2 2 2 2 2
left_child=1 2 -1 4 -2 10 8 17 11 -10 19 16 22 14 15 -14 18 -8 -5 -6 21 42 23 33 25 -24 37 -28 -26 30 -25 44 45 34 36 58 -13 38 41 -40 -39 61 -18 -42 -32 60 48 50 49 -37 -48 56 53 -53 -30 -51 57 -50 59 -31 -33 -22
right_child=3 -3 -4 6 5 -7 7 -9 9 -11 -12 12 13 -15 -16 -17 20 -19 -20 -21 26 -23 24 29 28 -27 27 -29 54 35 31 32 -34 -35 -36 46 -38 40 39 -41 43 -43 -44 -45 -46 -47 47 -49 51 55 -52 52 -54 -55 -56 -57 -58 -59 -60 -61 -62 -63
leaf_value=-12.389834932370185 -12.757326737082913 40.592061668280252 6.2604917654223344 -2.7607348871441668 -4.023365666970693 6.7863585416649519 -3.7827984666051857 -13.770501811163397 13.671958382412598 -1.5153156547123308 3.5789574368613666 0.72336770272871931 -5.6473181662128429 10.037888988731773 5.4797027789256889 2.5167371159763388 -4.2228628333518108 9.2312571853087011 -14.218726601468706 -13.576202846643577 -2.6717104298044361 -10.567760017893008 6.096517481214291 0.21267980091730387 3.6011796025807445 0.76979571125016732 -2.0112927415274018 6.1043390241860669 -2.2420297444234065 -2.2143146739050081 -0.41724000741636519 1.2478040806489126 6.0892963074682598 -3.0455069448394507 3.9321422203882075 2.1969929241458575 -3.8533460646809274 -0.87410767115348043 -1.7532161237758186 10.497934377550232 -3.1813452964371933 -3.8352136789790059 1.7951560201386372 -9.4820031954214823 3.0510463861371311 -0.22266655637507557 -0.87137318700956767 -4.0225845805433771 -0.63480699872264912 0.0028543799183605345 3.5424772365032631 1.7315850518024374 4.8569413760769002 -2.6157213999516333 1.2688153441130767 -1.2505478276474502 -0.38911482440316547 3.7740948517724071 -2.1093335693141393 -0.40092852136857743 7.6143535953811012 -0.74500252330547456
leaf_weight=0.31569690443575282 0.47998885996639717 0.25401401147246361 0.36228527827188373 0.2532412903383382 0.58785627502947935 0.25332824233919371 0.25229379674419761 0.37776429858058591 0.36203344399109383 0.43598266132175922 0.2424199297092855 0.52851994382217526 0.71919966628775034 0.75851447205059219 1.0988420448265961 0.67972804605960857 0.31369398720562358 0.18659594003111124 0.2198100290261209 0.21975155966356397 1.1650178106501634 0.33285924606025219 0.68438674509525299 18.799410223029557 0.43747729202732433 0.45362408971413903 0.37806493975222111 0.36411448940634805 0.85369906993582834 1.3680163142271329 0.94993734732270263 0.19270742451772038 1.1876200702972708 1.911346888169646 0.26432726206257939 1.1324066610541184 0.45025448268279367 0.81987611530348548 0.42861942620948035 0.25820842897519469 0.23109790915623307 0.70065642613917667 0.24837945681065321 0.26355225453153253 0.70830206293612719 0.54495391063392162 2.6242355688009411 0.63243266777135421 0.43036329187452793 276.37493088142946 0.30216450453735877 2.9582570544444029 0.56994086690247048 0.54496051697060455 0.53517965087667096 2.5182107633445403 3.1789835020899755 0.56084501370787609 1.906755850650369 11.539765666238962 0.18404907546937466 7.9256221884861562
leaf_count=64 91 55 67 45 138 53 80 61 75 50 44 104 55 73 80 63 68 44 63 51 160 83 75 422 82 58 53 55 73 125 58 40 23 175 60 70 89 109 96 59 57 126 54 50 86 75 414 101 54 16479 72 326 54 40 58 269 424 73 145 624 60 684
internal_value=0 9.30004 -2.42388 -0.0370797 -4.98229 -2.11896 -0.0121744 -5.42931 0.000347837 5.37465 -4.26745 -0.0118194 0.0467276 3.46541 1.4695 -1.68047 -0.855744 1.75019 -8.08485 -6.62271 -1.23831 -4.91253 0.0149232 0.00042764 1.64016 3.97323 -0.975981 1.97025 0.186415 0.0190652 0.445705 2.79146 4.14933 -1.94466 -0.252031 -0.0260193 -1.38201 -1.1614 -0.930049 2.85252 -3.00554 -1.19538 -1.56351 -6.53837 1.06421 1.64969 0.0113939 -1.05661 0.0249742 0.000455764 -0.415622 0.857864 1.58726 1.05532 -0.889188 -0.00846297 0.145436 1.85984 -0.470604 -0.593118 4.35792 -0.991921
internal_weight=0 0.931996 0.677982 355.885 1.78334 1.30336 354.102 0.816654 353.285 0.798016 1.05003 352.487 338.584 3.25628 2.49777 1.39893 13.9028 0.43889 0.473051 0.807608 13.4298 0.894933 335.328 332.364 2.96437 1.13801 12.5348 0.742179 1.82636 329.209 22.567 3.76757 2.10933 3.15445 1.2431 306.642 0.978774 11.7927 10.4781 0.686828 1.31453 9.7913 0.562073 0.49465 1.65824 0.92171 291.828 3.55883 288.269 280.026 2.9264 8.24335 4.07316 3.50322 1.38888 278.893 4.17019 0.991208 14.8145 12.9078 0.376756 9.09064
internal_count=23714 186 131 23528 377 286 23151 185 22966 125 233 22841 21079 271 198 118 1762 124 108 189 1654 205 20808 20462 346 133 1449 108 213 20034 764 342 198 428 253 19270 193 1341 1125 155 216 970 122 107 144 175 18376 587 17789 16818 486 971 420 366 131 16748 551 127 894 749 100 844
cat_boundaries=0 22 45 67
cat_threshold=1048578 256 536870912 1058 16 0 4 0 0 2415944756 0 0 0 0 2147483648 4 262146 1179676 67108994 1 512 2097152 0 1073774624 8192 524288 0 67289616 0 0 0 0 2048 2147483652 3 0 0 4195328 150994944 134226434 32768 256 160 536870912 1 134218752 16777216 264192 17 33555488 0 128 0 135168 1074003969 4096 0 0 0 0 67117056 4049 16777344 134217728 131072 0 524288
is_linear=0
shrinkage=0.05


Tree=44
num_leaves=63
num_cat=4
split_feature=53 1 65 64 60 60 3 0 66 65 67 67 30 64 70 60 6 60 59 53 51 70 68 0 66 68 51 64 66 59 51 66 0 66 53 71 60 0 3 3 65 56 67 71 71 71 56 53 85 56 65 59 51 65 42 70 56 53 3 60 53 26
split_gain=19925.9 155294 19173.2 10803.3 15607 9884.96 13181.4 7314.19 20252.4 27485.5 13920.3 7397.81 23806.9 12531.9 7938.23 7497.55 9791.7 7310.63 6348.78 5358.8 4757.84 5658.53 5074.29 3445.59 3276.81 2885.68 2874.94 2548.52 2517.05 2643.43 2690.39 2392.29 3314.93 5920.96 4198.32 3311.65 2315.72 2232 2205.05 2187.41 2090.37 2044.65 3534.89 2007.11 2000.39 1827.43 1866.37 1825.93 1752.32 1617.06 2131.93 2128.55 1637.71 1598.49 1569.15 1831.13 1556.25 1412.6 1955.86 1574.77 1343.65 2936.02
threshold=-670.89790288451934 9.5000000000000018 2671.0000000000005 1642.0000000000002 39.76036031751449 1017.1433199216775 2017.5000000000002 0 967.9000000000002 480.55500000000006 2155.0000000000005 594.5350000000002 1.0000000180025095e-35 1068.5700000000002 3.4286290535576227 19.51650050927498 1.0000000180025095e-35 3.2933532809936588 -0.37120332932086336 -309.04289373112857 -187.23512550270058 1.6647123916614548 0.83333333333333337 1 405.185 0.83333333333333337 -509.54685785157545 1113.1650000000002 476.54166666666674 -55.043102644957159 -41.498992662917743 19.916666666666668 2 82.291666666666671 -39.186744333633136 41.944470796054759 384.1816660906299 3 2018.5000000000002 2018.5000000000002 66.02500000000002 502.3846845763635 1268.7300000000002 -45.544663389698599 -26.434981038379107 -12.649815911730505 166.99602357398007 -18.898959866095641 1.0000000180025095e-35 130.8385698818561 285.48500000000007 4.2572414930185802 -239.82416309950625 373.0800000000001 0.25000000000000022 1.1538939756415154 91.0147780103771 143.92821779437941 2017.5000000000002 -62.756912017600023 -41.467635814889356 1.0000000180025095e-35
decision_type=2 2 2 2 2 2 2 9 2 2 2 2 2 2 2 2 2 2 2 2 2 2 2 9 2 2 2 2 2 2 2 2 9 2 2 2 2 9 2 2 2 2 2 2 2 2 2 2 2 2 2 2 2 2 2 2 2 2 2 2 2 2
left_child=1 26 3 7 18 6 25 10 11 -10 27 19 13 14 20 16 -16 -11 -5 43 21 -13 -22 45 31 -4 -1 36 -24 -30 -31 49 33 47 -35 37 40 44 -37 -26 -2 42 54 53 -34 -21 -47 -33 -36 50 -25 -52 -51 -9 55 -42 -57 59 -59 -39 61 -61
right_child=2 -3 5 4 -6 -7 -8 8 9 17 -12 12 -14 -15 15 -17 -18 -19 -20 23 22 -23 28 24 39 -27 -28 -29 29 30 -32 32 35 34 48 38 -38 57 -40 -41 41 -43 -44 -45 -46 46 -48 -49 -50 52 51 -53 -54 -55 -56 56 -58 58 -60 60 -62 -63
leaf_value=-4.3573361959540096 -0.43241897037681271 36.828795911327369 -0.38602927426840639 -6.4318139434468904 12.331803488872502 1.2728778282306132 -17.22342806384091 -3.2139648642208289 17.836855001214712 -2.593879817373105 -10.165732687028534 -0.24662771453729473 12.61946492960365 -6.5749747956029694 9.4926940104674831 0.10247928544056469 1.1864074402816362 6.2354324222285822 5.024401496294705 -2.4864886242547612 -4.9449279360314016 5.7159888279683102 -2.2640554688090688 -0.06047914362642063 5.6629444346631841 -7.9170747118902689 -11.41377038190371 -4.7683339437316707 -1.4305871298693535 -0.30926391602949094 4.7415681274638324 -0.29736645973895198 -4.3515123838090082 0.36055649780924837 5.9392422191715148 -0.33163850767659142 1.7742999029622792 -0.46752914920684996 -5.7455085250817923 1.1605751788246448 -2.3296369844770148 1.0427564416726176 -6.3656394273094188 -1.2150779377512342 -0.66508245037155012 -0.41401586438928384 -2.0490335507185402 1.284029919655544 3.0461549443890097 -4.0429078441112152 -0.67884390790530902 0.94367193508801539 -0.6698625327357578 -8.3815211479100338 -3.671471219968494 -1.8124312297363254 0.86458576519239139 4.6841264696725409 0.45532780847143839 0.49050965824581949 0.20453917281014347 3.2290813626017796
leaf_weight=0.33040500339120626 4.5586999019142169 0.2990937945432961 0.24464809102937468 0.24314582906663418 0.43327061459422112 0.30064633209258318 0.32209680415689945 0.36966981459408998 0.36891780840232857 0.47896599536761642 0.45177443744614798 0.87748145917430498 0.45731237716972817 0.52576805022545148 0.84574094298295699 0.85156592726707447 0.61121346335858107 0.45922913448885083 0.24060299387201567 2.0810361495241514 0.61935986159369294 0.72801809385418892 0.76645677164197001 209.95534290419891 0.40144480345770606 0.26495020883157849 0.25632413756102224 0.48819486796856004 0.61660887813195575 0.44752395106479514 0.6416955655440687 2.5440646195784202 0.383277318906038 0.8053466523997489 1.1349385250359767 0.35331663675606151 0.66942988708615381 7.7441320412326524 0.40216021006926894 0.82243009423837066 2.4227827626746148 0.56649219151586283 0.44920709077268828 0.57967304857447632 9.2293069055303913 6.6555957468226534 2.3658142411150038 6.4610982560552648 0.97134771523997177 0.39060366339981545 2.5390560165978959 9.9139789063483459 4.5721164201386264 0.25143973436206579 0.89309920277446497 0.98427596478723023 1.2106662481091914 0.42041241866536327 0.78207904077135026 6.1995688732713381 56.307119739241912 1.1621708646416662
leaf_count=77 382 69 78 46 54 51 59 86 63 47 59 77 42 87 96 82 77 64 57 226 57 87 88 9012 82 59 35 61 73 49 89 152 37 114 104 74 71 1078 45 83 295 58 79 119 1107 412 231 196 79 57 219 73 532 51 123 115 149 100 91 782 5378 147
internal_value=0 7.50709 -0.00117561 0.0193305 5.43939 -6.49715 -9.30591 0.0054388 0.0607701 6.27447 -0.865102 0.0389126 1.54267 0.870078 1.42882 3.82963 6.00809 1.7279 -0.733816 0.00313789 0.248889 2.45714 -0.89786 0.0151035 0.0534677 -4.30157 -7.44008 -1.22852 0.116017 1.18542 2.66635 0.0453139 0.256177 0.799827 3.43104 0.0729332 -1.0815 0.111998 -3.21358 2.6374 -1.25396 -1.8278 -2.10064 -3.33108 -0.398014 -0.605505 -0.84279 0.837267 4.60505 -0.0426961 -0.0227779 0.612856 -0.935347 -5.30591 -1.75299 -1.38194 -0.335867 0.20596 1.93379 0.205706 0.287593 0.922838
internal_weight=0 0.885823 359.838 358.706 0.917019 1.13234 0.831695 357.789 345.094 1.30711 12.6946 343.787 7.98875 7.53143 7.00566 2.30852 1.45695 0.938195 0.483749 335.799 4.69714 1.6055 3.09165 334.598 323.495 0.509598 0.586729 12.2428 2.47229 1.70583 1.08922 322.271 94.9003 11.9168 2.91163 82.9835 11.7547 82.2281 0.755477 1.22387 11.0852 6.52652 5.96003 1.20078 9.61258 11.1024 9.02141 9.00516 2.10629 227.371 222.408 12.453 4.96272 0.62111 5.51082 4.61772 2.19494 72.6155 1.20249 71.413 63.6689 7.36174
internal_count=23722 181 23541 23294 157 247 196 23137 21745 174 1392 21571 904 862 775 255 173 111 103 20667 520 164 356 20411 19542 137 112 1333 299 211 138 19377 9484 645 297 8839 1272 8720 119 165 1201 819 761 256 1144 869 643 348 183 9893 9304 292 589 137 682 559 264 7576 191 7385 6307 929
cat_boundaries=0 22 44 67 86
cat_threshold=524290 256 1342181380 3 0 0 14 0 2147483648 268444708 0 0 0 0 0 0 594 2152726528 335544448 0 28 2097152 2147484676 0 536870912 524336 81920 8 129 0 0 536871505 4096 0 0 0 64 16777344 268435616 8324 134217728 1 512 524288 0 1746927648 9216 134217728 0 67272720 8192 0 13313 0 2048 0 3 0 0 1073742848 2048 0 536870976 0 32 939524096 1 135268416 1048576 524417 0 0 1073745920 0 0 0 2148794376 0 0 0 839385088 2 100664064 1029 50331672 65544
is_linear=0
shrinkage=0.05


Tree=45
num_leaves=63
num_cat=2
split_feature=58 1 57 60 58 51 58 67 52 58 66 51 52 67 66 58 55 0 66 49 55 60 67 51 55 48 67 0 67 8 57 86 52 64 9 48 71 49 54 70 21 52 10 10 26 71 66 50 47 51 35 65 55 51 66 47 57 58 22 67 66 54
split_gain=33957.9 244958 15312.4 13316.9 9079.68 8640.1 7105.88 45444.7 7358.53 12996.3 8430.75 15325.3 11987.6 7688.84 9831.19 8520.36 5523.97 4833.56 5820.82 9441.56 10582.5 5112.33 5071.06 4201.8 3442.15 3360.62 2634.45 2578.5 5623.98 2893.62 2406.64 4232.7 3503.51 2494.35 4013.8 2507.47 2151.68 2099.15 2070.41 1940.03 1845.66 1822.9 1643.62 1448.47 1426.07 1421.36 1406.3 1485.23 1507.91 1374.02 1366.61 1513.95 1786.93 2130.59 1461.88 1437.83 1272.65 1272.11 1245.49 1659.74 1273.46 3319.5
threshold=1592.0160164240208 9.5000000000000018 -314.4084160671278 -339.26307561739856 1862.7526704809745 -585.38826875298582 1110.4375263745417 481.65000000000003 550.01493339002548 773.93887067132903 1179.2833333333335 -104.61355300878883 -182.34297335369715 1585.1500000000003 834.94000000000017 278.19115962179598 -137.78764535091707 0 543.85666666666668 124.38440015980187 43.965545144118671 -17.412134708678103 916.84000000000003 -91.559745541331409 854.62899773242987 -270.17942492497281 138.07500000000002 1 244.34000000000003 2.5000000000000004 160.62956478505774 1.0000000180025095e-35 9.3863766053965296 967.59500000000014 2.5105259382520745e-15 -91.082853158874755 -3.5402037298048996 -40.589838854567041 121.94288983505898 2.247933105347705 -1.0000000180025095e-35 1087.5804112434673 -2.2962127484012868e-15 -20.39230484541326 1.0000000180025095e-35 -16.733580186359394 21.116666666666671 84.038992744217893 -20.574531480678576 -123.41445459940712 -0.6830127018922193 138.05500000000004 21.226624060767353 -1.2352045184382303 196.76000000000002 -221.13308721275405 -60.93146719254009 184.56652789487211 1.6160254037844388 80.030000000000015 232.2766666666667 293.3396883380637
decision_type=2 2 2 2 2 2 2 2 2 2 2 2 2 2 2 2 2 9 2 2 2 2 2 2 2 2 2 9 2 2 2 2 2 2 2 2 2 2 2 2 2 2 2 2 2 2 2 2 2 2 2 2 2 2 2 2 2 2 2 2 2 2
left_child=2 4 3 -1 -2 -5 8 26 10 16 13 12 -12 14 17 -16 -10 25 22 20 21 -20 27 -18 -6 39 -8 28 46 -30 33 32 -32 35 40 43 -23 42 -31 49 -35 -25 -27 -29 50 -46 -19 48 -48 -4 -45 54 55 -54 -52 -53 -44 -57 60 -60 -37 -62
right_child=1 -3 6 5 24 -7 7 -9 9 -11 11 -13 -14 -15 15 -17 23 18 19 -21 -22 36 -24 41 -26 37 -28 30 29 38 31 -33 -34 34 -36 58 -38 -39 -40 -41 -42 -43 56 44 45 -47 47 -49 -50 -51 51 52 53 -55 -56 57 -58 -59 59 -61 61 -63
leaf_value=-12.235618660738629 2.2438008329980055 49.488027601279803 -1.588940558268582 2.9716438353135923 -11.883897598843017 -6.698561388522478 -1.9584377947765466 15.652661620899778 -5.957730693744872 -12.0346738688123 13.694643103969794 -2.5597469648054729 1.0871160151171442 -4.9197939646707169 -0.90064963781547247 8.9228081738433485 5.1459490286059104 -0.014774637421831584 5.33668515393361 -3.1597553186614484 11.189795876494097 -2.1494842633326452 3.6449617902977347 0.1990583463591665 -3.6321881278122308 -1.0110677962052168 -8.3739972628691444 1.2619367162769883 4.0842354781457351 2.4138706835960382 -2.5959005114779337 -7.3546165127814183 4.4107588344440805 2.366551558794133 5.7485679198977282 -0.011703777320802125 2.2397219697000255 -0.63643705757559854 -1.8907338367628101 -8.2397105810234201 -2.490376914638242 -4.4305670458089716 -5.2081693853696889 0.62442361876713726 2.6891536226127051 -0.4296195775724192 -0.3978526048241165 2.8452205354076479 1.219438236597713 -6.0573192580859292 -0.81312528199471967 -4.1990256777247321 2.0555235176269853 -2.3893820515111601 2.2517105410380447 -2.4841286554479529 -2.3127213334952179 -0.77508822005016365 -0.071013214383759474 -2.1221995660408495 0.39742998417681119 5.0938885006067185
leaf_weight=0.45837437454611063 0.29092294955626019 0.2767100315541029 0.54042091639712453 0.46698157396167517 0.33069981494918466 0.45707281585782655 0.5240858788602043 0.48888646904379129 0.46299385861493658 0.33184413425624359 0.45610671536996961 0.52725872304290422 0.3214052370749414 0.79429802764207025 0.35929038748145004 0.57238568924367428 0.34350752946920693 11.392658646451315 0.76857662200927768 0.62913430389016856 0.39594376925379027 0.56016853312030468 0.96077104192227025 0.66412219777703196 0.20455426117405295 1.5527954823337486 0.2303445003926754 0.86883935891091724 1.6391799990087741 0.77474715327844002 0.59582307189702877 0.30606753891333938 0.25466761598363519 0.39585244748741388 0.48694095527753234 289.09421745524742 0.55672007892280717 6.3731036782264701 0.43684413377195597 0.22859026910737157 0.38665368990041205 0.31275292253121734 0.5614952193573105 1.0649597963783861 0.50805233744904388 1.3003947807010252 2.3012678185477888 0.84952909359708417 3.8565241247415498 0.25238797347992548 2.7088169779162858 0.70612337626516453 0.61897275829687715 0.47763012372888602 0.45433837710879732 2.6110335933044588 1.1708783009089541 1.8676749393343923 2.542718033771961 1.6110761798918245 7.357660620706155 0.39652320137247432
leaf_count=55 67 69 128 55 84 72 131 93 81 68 83 85 48 96 64 66 51 201 92 94 49 57 84 117 57 157 49 103 75 103 95 37 70 42 94 16866 78 304 84 42 81 49 53 83 36 165 175 106 218 43 328 75 60 53 68 395 107 172 131 141 957 35
internal_value=0 8.77118 -0.0157845 -5.26792 -4.86604 -1.81161 0.00445118 3.77786 -0.00866973 -2.94902 0.00882791 4.02061 8.48299 -0.00595273 0.00509318 5.1345 -1.2584 -0.00846732 0.0356668 2.26318 3.75864 2.19812 0.0175849 0.389431 -8.7304 -0.750947 -3.91725 0.0072699 0.440789 2.7147 -0.0346547 -2.3124 -0.497854 -0.0274023 2.1845 -0.0363393 0.0383429 -1.16567 0.861828 -4.18153 -0.0333648 -1.28315 -2.19236 -0.711188 -0.850361 0.446546 0.328044 0.885406 0.61503 -3.01143 -1.07353 -1.26499 -1.71421 0.119526 -0.372909 -2.10205 -3.25119 -1.77144 -0.00677432 -0.866579 0.00525691 0.637591
internal_weight=0 1.10289 360.188 1.38243 0.826177 0.924054 358.806 1.24332 357.563 2.11522 355.448 1.30477 0.777512 354.143 353.348 0.931676 1.78338 352.417 341.737 2.91054 2.28141 1.88547 338.827 1.32038 0.535254 10.6797 0.75443 337.866 21.2508 2.85077 316.615 1.15656 0.850491 315.458 1.26945 314.189 1.11689 9.65827 1.21159 1.0214 0.782506 0.976875 3.28517 13.1868 12.318 1.80845 18.4 7.00732 6.15779 0.792809 10.5095 9.44459 6.28143 1.0966 3.16316 5.18483 1.73237 4.47871 301.002 4.15379 296.848 7.75418
internal_count=23877 277 23600 182 208 127 23418 273 23145 366 22779 216 131 22563 22467 130 298 22337 21503 370 276 227 21133 217 141 834 180 21049 962 262 20087 202 165 19885 217 19668 135 621 187 213 123 166 317 1538 1435 201 700 499 393 171 1234 1151 755 113 396 642 160 567 18130 272 17858 992
cat_boundaries=0 22 45
cat_threshold=50 0 11268 32 24576 0 4 0 2147483648 0 0 0 1 0 2147483648 0 25166480 135296 4325378 65536 0 136314880 2048 1073741856 0 0 0 69370384 8192 0 1024 0 65536 2147483648 2050 0 1 8224 138412064 167772736 536870976 256 32 0 1
is_linear=0
shrinkage=0.05


Tree=46
num_leaves=63
num_cat=3
split_feature=53 1 1 65 57 66 8 60 70 48 64 56 67 56 59 16 67 64 25 51 49 9 0 34 51 66 49 57 64 3 71 28 51 53 48 63 0 67 8 51 56 52 65 71 42 60 66 0 37 64 67 66 59 65 51 87 60 65 48 8 64 80
split_gain=36916.3 164483 14798.8 13782 10565.6 9799.97 43374 22809.3 15426.2 8525.6 8548.26 15120.6 12088.1 26518.3 12249.3 8306.57 7352.82 9174.01 9039.15 6565.96 6732.37 5461.99 5409.53 4829.98 4805.15 6608.34 4126.75 3910.64 3862.37 3766.67 8787.75 3326.89 3469.9 3002.58 2838.21 2648.04 2565.72 3073.05 4038.62 3327.26 2424.95 2309.35 2210.09 1740.04 2365.68 2151.32 1859.87 2508.56 1717.41 2274.76 1661.29 1581.16 1803.44 3046.59 1544.71 1542.06 1519.24 1502.22 1469.32 1446.53 1436.68 3495.13
threshold=-670.89790288451934 10.500000000000002 6.5000000000000009 2671.0000000000005 -78.95741983350014 1079.0400000000002 6.5000000000000009 -74.147303929133599 2.3885999864928755 -443.0134977639359 1387.4100000000003 876.88956155161952 644.2700000000001 585.07962610983486 -125.97528710564086 -1.0000000180025095e-35 1268.7300000000002 33.117500000000007 0.68301270189221941 672.02194911611798 -130.86144331638664 -10.500000000000004 0 0.6830127018922193 -296.25299092963377 466.23500000000007 602.25024114084465 -8.5418609840328905 435.10250000000002 2019.5000000000002 -58.452981641891107 -1.0000000180025095e-35 -108.40168539706339 12.520347797493095 -135.78060895057237 688.81818181818187 1 113.89000000000001 5.5000000000000009 67.831304143038906 153.64826352339421 193.00352084365184 851.99500000000012 -1.8557087721274876 -0.68301270189221941 214.85460684658753 17.045000000000005 2 -1.0000000180025095e-35 395.04250000000008 223.70000000000002 399.25000000000006 -1.172627819076913 333.01500000000004 -16.9786111301079 1.0000000180025095e-35 146.14081140464677 187.03000000000003 -12.469487124088181 2.5000000000000004 241.12500000000003 1.0000000180025095e-35
decision_type=2 2 2 2 2 2 2 2 2 2 2 2 2 2 2 2 2 2 2 2 2 2 9 2 2 2 2 2 2 2 2 2 2 2 2 2 9 2 2 2 2 2 2 2 2 2 2 9 2 2 2 2 2 2 2 2 2 2 2 2 2 2
left_child=1 2 -1 5 -5 9 7 -7 -9 15 12 23 22 16 -15 -2 17 -14 24 20 -6 -17 34 31 -19 59 29 -8 -18 30 -23 -12 -33 35 -11 40 37 -24 39 60 -27 43 -43 44 -38 48 -45 -48 49 -46 -49 52 53 55 -52 -50 -35 -36 -56 -26 -39 -62
right_child=3 -3 -4 4 19 6 27 8 -10 10 11 -13 13 14 -16 21 28 18 -20 -21 -22 26 36 -25 25 33 -28 -29 -30 -31 -32 32 -34 56 57 -37 41 38 -40 -41 -42 42 -44 46 45 -47 47 50 51 -51 54 -53 -54 -55 58 -57 -58 -59 -60 -61 61 -63
leaf_value=-10.631698251217736 4.9346144198412363 45.193644639189138 4.5099800420367835 -14.220773252123999 4.7372438081350863 -8.9939354219585042 13.622039354529102 8.7609464847357525 -2.2858103158984062 -3.0613431690094348 -3.8554194572039493 -13.341771719054496 8.5539906048887868 15.827228256537158 4.4689442612608152 -9.6545654438223636 -6.902107980850694 4.0496272057996672 7.9107442630581453 -8.9908054358095431 -6.3778899433444245 -4.8792088901998731 0.30823314294615639 -7.1444716483740578 -4.1988735952916754 -0.28419895316358129 -9.0454451210660434 23.659037138054941 -0.58544472820068327 -5.1019360195190551 8.8929802618285105 7.0248825140308941 -0.59380160785946168 1.8094139247477654 -0.52661308085730296 -3.1310225381309174 0.2722158602129871 2.4854355298036226 -1.2660733365610048 -0.021666085377547984 3.4975110971043613 -0.86990341283075012 -4.8256167573918232 -0.053423068788610306 0.040030732220079898 -3.2867179564551581 -0.39505152162226359 0.28564048931248914 -0.50596896909292643 3.1872980985787733 0.58295486736136481 1.9433909224779435 -0.34161569608290682 -3.7465630271223298 3.1933004820388877 -1.8929978545208561 5.8238973741469007 -1.8902549524711443 0.84810224689137359 -1.0366027720774316 7.7248955382204549 2.0240083111350482
leaf_weight=0.32197521394118567 0.24903396097943176 0.24336004303768277 0.32350173173472285 0.26844323286786675 0.33928630268201232 0.50285096000880014 0.20124546717852354 0.67499015387147576 0.59426443325355649 2.5899554109200826 0.2844009578693657 0.32514195144176472 0.42752548051066508 0.44017091020941734 0.51520461542531837 0.43403641553595651 0.40359203889965989 0.79515912150964041 0.43661200441420067 0.28855517180636525 0.22763153864070662 0.2456686422228811 11.69617531495169 0.25903707602992654 0.88600883726030655 1.2746256266254938 0.22335763834416866 0.18743220204487432 0.60442955559119582 0.37899881461635232 0.21915375534444959 0.26291626435704518 0.34629840310662896 0.59165887441486109 4.3454161803238076 0.49475592141970981 15.358867361675946 1.9614239837974303 0.88368044793605793 1.009826192166656 0.63512799143791188 3.1186319445259865 0.3981867623515426 183.18640076601878 6.041713270591571 0.65573807992041011 6.8259214241988957 52.361166456947103 8.3007116962689818 0.63441351568326343 5.8311312475707382 0.63672678405418892 26.889787806896496 0.98310903273522932 1.3519116099923851 2.6415682805236438 0.39169088145717978 3.7734379433095455 1.3199897357262651 0.61103412136435509 0.5166381844319401 0.56057424237951636
leaf_count=65 52 55 62 45 84 64 48 61 80 301 58 64 32 62 43 71 46 91 52 61 54 67 599 49 52 148 53 52 96 69 53 54 65 102 185 82 639 74 211 97 68 474 92 7326 610 54 809 5088 907 62 640 63 2115 88 89 273 67 428 169 99 82 59
internal_value=0 10.164 -3.04295 -0.0384271 -5.56655 -0.0210608 3.33602 0.018378 3.58886 -0.0414594 -0.0242414 -3.81908 -0.00832684 1.8535 9.70206 -3.52252 0.860633 1.47294 0.978005 -2.8509 0.274243 -4.92546 -0.0543893 -1.1329 0.445103 -0.141638 -3.00206 18.4622 -3.11451 -1.40239 1.61408 0.609701 2.69416 1.08085 -0.837801 0.128936 -0.00394318 0.468112 1.79636 2.46481 0.973487 -0.0423175 -1.31778 -0.0293394 -0.266204 -0.442964 0.0293324 0.253289 -0.402539 0.339107 0.335745 -0.528041 -0.568583 -1.08036 1.03914 -0.840811 3.40848 -1.1604 2.03471 -2.90816 3.29114 4.75819
internal_weight=0 0.888837 0.645477 358.893 1.12392 357.77 2.16078 1.77211 1.26925 355.609 353.858 1.47779 352.381 8.5076 0.955376 1.75025 7.55222 6.5442 6.11667 0.855473 0.566918 1.50122 343.873 1.15265 5.68006 4.8849 1.06718 0.388678 1.00802 0.843821 0.464822 0.893616 0.609215 3.38786 10.7088 2.40451 333.164 16.6283 4.93214 4.04846 1.90975 316.536 3.51682 313.019 62.1426 46.7838 250.877 67.6901 46.128 6.67613 60.8642 39.4519 38.8152 11.9254 8.50303 10.9423 0.98335 8.11885 2.6719 1.49704 3.03864 1.07721
internal_count=23960 182 127 23778 244 23534 305 205 141 23229 22864 290 22574 1040 105 365 935 793 761 199 138 313 21534 226 709 618 242 100 142 189 120 177 119 467 914 298 20620 1122 523 312 216 19498 566 18932 4811 4172 14121 6795 4118 672 5986 3446 3383 1268 898 1180 169 613 258 151 215 141
cat_boundaries=0 20 41 62
cat_threshold=2147484690 524544 805311488 1072 16 0 5 0 0 2147491904 1024 0 0 0 0 8512 262784 1048705 0 131077 135168 1075871744 0 1073741824 0 49168 0 0 74752 0 2048 2147483652 2 0 0 1073741824 155322368 8706 131136 256 96 134807560 32 1073741824 2 0 0 130 0 16384 524801 0 270532608 0 570425344 32 268435456 1316 2164293632 65538 67108880 512
is_linear=0
shrinkage=0.05


Tree=47
num_leaves=63
num_cat=3
split_feature=53 3 70 65 3 71 0 53 58 1 70 70 70 51 58 48 71 8 70 50 57 56 52 63 49 52 71 10 70 65 73 58 71 0 54 28 18 70 70 28 57 10 65 3 50 65 60 33 65 64 51 50 3 70 1 52 3 58 65 70 29 3
split_gain=38441.7 133114 191998 13750.9 16474 7708.48 7693.49 11261 6785.77 36089.6 15877 6410.59 4855.31 13713.2 18907.5 10847.7 9868.26 4762.78 5252.55 4313.56 4299.53 4916.32 4460.73 4089.63 4088.03 3484.56 3337.67 3308.45 2895.47 4639.54 2781.15 3794.66 3620.21 2700.25 2775.56 2684.22 2645.02 2814.63 2536.65 2514.46 2184.12 2086.7 2068.55 2059.08 4245.07 2901.16 2027.69 2216.4 4024.37 1841.85 2033.89 1745.59 1689.36 1662.52 1655.76 1602 1904.52 2548.48 2483.56 1307.3 1527.81 1279.27
threshold=-670.89790288451934 2018.5000000000002 0.3523800865029097 2671.0000000000005 2018.5000000000002 50.128396242218052 0 -343.78143315018315 773.93887067132903 10.500000000000002 0.75357121645301695 0.20762527708353309 1.8505599272434237 -112.98556889952967 391.99937649424294 -1.0000000180025095e-35 4.91663233306656 9.5000000000000018 1.2966988085883981 -408.8410536728926 210.81593865271228 383.91228179797895 -3.8886609086452242 1774.2777777777781 64.093140930617992 -271.19620979081066 -10.053027217919764 3.367778697655222e-16 2.7940471959522926 109.03000000000002 1 213.03052953660185 -0.65703044861062321 2 135.44371334012831 1.0000000180025095e-35 -2.7554552980815443e-16 2.9384550071129589 3.3089268556899638 0.25000000000000022 51.615107546581442 -2.2962127484012868e-15 18.040000000000003 2019.5000000000002 22.062885371384166 965.12000000000012 -199.75668118318796 1.0000000180025095e-35 226.31000000000003 641.66250000000014 17.536590045297881 79.221414820268521 2018.5000000000002 0.96878910792867889 5.5000000000000009 116.36264821247573 2015.5000000000002 172.45617539872279 812.73500000000013 11.339952967720661 1.0000000180025095e-35 2020.5000000000002
decision_type=2 2 2 2 2 2 9 2 2 2 2 2 2 2 2 2 2 2 2 2 2 2 2 2 2 2 2 2 2 2 9 2 2 9 2 2 2 2 2 2 2 2 2 2 2 2 2 2 2 2 2 2 2 2 2 2 2 2 2 2 2 2
left_child=1 2 -1 6 5 -5 7 -2 12 10 23 -7 19 14 27 16 -16 20 -19 26 21 28 -23 25 30 -10 -8 36 40 -30 32 52 42 34 -21 -31 -14 -38 -26 -29 49 43 -15 44 -35 46 -46 -48 -49 -9 -51 53 -32 -36 -44 -43 57 -57 -58 -54 -61 -45
right_child=3 -3 -4 4 -6 11 8 17 9 -11 -12 -13 13 24 15 -17 -18 18 -20 33 -22 22 -24 -25 38 -27 -28 39 29 35 31 -33 -34 41 51 -37 37 -39 -40 -41 -42 55 54 61 45 -47 47 48 -50 50 -52 -53 59 -55 -56 56 58 -59 -60 60 -62 -63
leaf_value=-2.4719660787298703 -9.5607443059647235 -7.4681471462321118 63.281829070895554 -7.7738075366126269 -13.822687334637525 -2.3359961162860827 -7.6815747944102659 -1.0217278212293364 -3.5155935507104061 18.28382063852953 7.6970302138653999 9.5885110415665959 0.72655869690102892 1.0850701509678691 10.332537510648216 16.595745923915391 -1.4384578284499554 -1.4764944197792911 7.601098959633422 -0.61293467155028503 2.3662631482009306 -1.4077741135935666 -8.3139465174269578 -8.165500629785841 1.0649371137445438 2.8291701016891242 -1.145547739952584 -2.1944898867924243 -1.1649640430609087 -3.9105771042035933 -0.42923915151840242 -3.2844346711524999 0.41460570766455079 0.18016431117687978 -2.4892703649894745 -9.766309350012742 6.3146821796110064 1.6128961114319489 5.1995965566023319 2.0120107883006173 -3.1703265142079817 -0.13383467179298236 1.8161245308363914 -0.4924783873241893 -2.5620827448073413 6.0223081820190458 1.2237764063177141 1.295725653604598 8.791636604123763 3.863786951751591 -1.2337331394617634 -5.2558129756210707 0.056119689657319116 0.94427209702624482 4.2445539705106183 -1.1205015015646527 -1.2193440712380523 6.8615005338924639 -5.9612502848989672 0.32695376404234233 1.8524480911027297 0.090280393549686547
leaf_weight=0.22457179287448426 0.43722690641879935 0.50644694361835718 0.21955773700028658 0.27225770894437917 0.39116406813263893 0.25931672612205148 0.31970090931281447 5.197527740150683 0.63666691910475492 0.32247152598574746 0.49058112921193231 0.19935623183846474 1.1699659214355052 2.5903846810106188 0.43624951434321702 0.31644932227209188 0.30084444535896182 0.33757238835096437 0.30184773355722427 11.699360252823679 0.6317551261745401 0.41417469689622521 0.536926125641913 0.28616925608366728 0.90060838172212132 0.32782588806003266 0.50206611538305779 0.9064226208720354 1.1874527987092736 0.54876922024413932 15.673600578913463 0.87462508166208763 7.6836827655788493 20.477374378824596 1.8281033413950352 0.30417763534933329 0.65201671305112496 0.62189220846630633 0.63076351163908839 0.58423859439790249 1.0319574177265165 102.8827845780179 1.3880476893391462 10.534161557443438 0.30408096709288646 0.36270930804312218 4.6351225641556075 0.47265726258046914 0.28825509129092097 0.43462477531284083 0.35593397310003638 0.44397871382534493 47.097575997700915 0.43678627838380624 1.4199911784380672 0.27101599215529804 2.4449679430108522 0.15847293520346284 0.3112823599949478 6.1628071013838035 2.2370814089663327 88.822823155438527
leaf_count=56 60 79 56 68 58 74 53 494 159 64 68 42 39 105 76 51 47 92 88 588 81 67 61 65 92 71 96 102 109 68 2163 83 305 3424 263 80 61 56 28 59 152 7681 60 916 66 83 1007 111 50 73 47 35 1717 32 61 82 385 50 59 177 72 1151
internal_value=0 10.0535 30.0338 -0.0148537 -5.54111 -1.10915 0.00273143 -0.910609 0.0591084 2.91926 0.0738068 2.84684 0.0434332 0.354275 2.90357 8.85253 5.52821 -1.38248 2.80872 -0.0718109 -1.63428 -1.88672 -5.30652 -2.91646 0.207538 -1.35904 -3.68833 1.31063 -1.52774 -3.18567 0.161478 -0.00972922 0.630122 -0.0597482 -0.558935 -5.99885 2.443 4.01938 2.76798 -0.545826 -1.04585 -0.00445432 2.1041 0.133003 0.524246 1.68639 1.41049 1.63435 4.13539 -0.679731 1.56873 -2.38907 0.0291468 -1.82711 3.04415 -0.168028 -1.2723 1.8247 -1.75488 0.158604 0.733228 0.0284943
internal_weight=0 0.950576 0.44413 353.749 1.12209 0.730931 352.627 11.7199 340.907 2.06371 1.74124 0.458673 338.843 91.6472 4.98808 1.05354 0.737094 11.2827 0.63942 247.196 10.6433 10.0115 0.951101 1.25066 86.6592 0.964493 0.821767 3.93454 9.06044 2.0404 85.1278 72.0457 13.0821 246.374 14.4082 0.852947 2.44387 1.27391 1.53137 1.49066 7.02004 231.966 5.39842 125.897 26.5402 6.06283 5.70012 5.39603 0.760912 5.98809 0.790559 2.70887 71.1711 2.26489 2.80804 106.069 3.18574 0.429489 2.75625 55.4975 8.39989 99.357
internal_count=23818 191 112 23627 242 184 23385 1472 21913 427 363 116 21486 5354 491 174 123 1412 180 16132 1232 1151 128 295 4863 230 149 317 1023 257 4743 4212 531 15983 918 148 156 117 120 161 766 15065 226 6808 4741 1317 1234 1168 161 614 120 330 4129 295 121 8257 576 132 444 1966 249 2067
cat_boundaries=0 22 23 45
cat_threshold=2052 0 536879104 2 16 0 4 0 2147483648 268723200 0 0 0 0 2 0 658 4378624 272629890 98304 24 2097152 8679936 2 603979776 1073741828 16561 66560 67108864 155 0 0 1073741856 524288 0 0 0 2048 67108864 268435456 65 0 5 0 671612928
is_linear=0
shrinkage=0.05


Tree=48
num_leaves=63
num_cat=0
split_feature=50 58 57 60 66 17 54 8 54 57 52 54 67 58 3 53 66 53 56 57 47 1 16 49 53 70 66 52 56 58 8 67 51 70 67 81 66 55 10 64 57 63 70 67 67 64 56 8 50 48 50 47 66 60 3 8 60 51 54 47 48 55
split_gain=31984.3 81530.1 14890.7 14633.5 11635 49053.4 17051.8 19452.9 25065.9 18168 10346.5 8350.77 8992.49 8304.9 5234.19 4957.33 4825.23 3517.62 3198.79 23034.4 4101.94 9821.1 4130.39 3523.28 3472.35 3267.67 2872.07 2560.65 3100.46 5763 4918.99 3692.03 2924.98 4283.56 2697.83 2464.16 2262.2 4564.72 2069.73 4311.38 2236.43 2065.27 4948.24 2303.96 1948.55 5803.35 2748.3 2696.85 3230.5 2305.32 1891.82 1794.23 1659.43 2542.39 1849.98 2712.86 2219.62 2361.31 2176.65 1634.67 1748.84 1797.55
threshold=1322.7572202140752 1110.4375263745417 -275.36833938588364 -339.26307561739856 923.94166666666672 -1.0000000180025095e-35 176.66947487774624 3.5000000000000004 377.53363292797593 -17.710667111458697 -645.95659466098698 156.67252337209956 1177.3350000000003 225.90631729567937 2019.5000000000002 579.30471047726178 291.8033333333334 -309.04289373112857 585.07962610983486 117.47924095652459 -299.22080424964292 10.500000000000002 -0.25000000000000011 -486.26970334303871 125.85476840566814 0.71102708158093042 492.94666666666672 -352.3709377579234 345.32963975902857 507.63842160418329 6.5000000000000009 160.65000000000003 -351.52852657900365 0.75357121645301695 443.89500000000004 1.0000000180025095e-35 714.5100000000001 -68.258110332991151 12.995190528383292 590.11750000000006 -47.535022262539428 969.40909090909111 0.39035875813907295 1009.9950000000001 644.2700000000001 37.062500000000007 61.608008877862126 2.5000000000000004 122.14608181947442 -223.46062452747938 -194.67105393419689 -343.03332587425552 37.696666666666673 -62.756912017600023 2021.5000000000002 1.5000000000000002 384.1816660906299 89.693446873159743 27.595196135715483 -16.151779945805437 -28.608440092031937 -16.046376680007263
decision_type=2 2 2 2 2 2 2 2 2 2 2 2 2 2 2 2 2 2 2 2 2 2 2 2 2 2 2 2 2 2 2 2 2 2 2 2 2 2 2 2 2 2 2 2 2 2 2 2 2 2 2 2 2 2 2 2 2 2 2 2 2 2
left_child=2 35 3 -1 10 -6 9 -8 -9 -7 14 13 -13 -5 17 18 -17 -4 20 24 21 22 -12 -24 25 51 -25 34 32 30 50 -32 33 -29 -22 -2 38 -38 41 40 -40 43 -43 44 49 -46 -47 -48 -49 -34 -30 -20 59 -54 55 -55 57 -57 -56 -51 -61 -62
right_child=1 -3 4 11 5 6 7 8 -10 -11 15 12 -14 -15 -16 16 -18 -19 19 -21 27 -23 23 26 -26 -27 -28 28 29 -31 31 -33 36 -35 -36 -37 37 -39 39 -41 -42 42 -44 -45 45 46 47 48 -50 52 -52 -53 53 54 58 56 -58 -59 -60 60 61 -63
leaf_value=-11.993268445154143 -3.5388544372642046 29.543259942398823 -8.0842835077140762 -0.59652758069141043 21.426268017808976 -0.3131528252511141 2.3975776851121431 -22.891633062807234 -0.79423636380323615 14.929231671644073 -8.1220595538310345 -4.078190882884031 7.2788685615083057 -11.408203577772575 -11.174590322421722 -1.0667334557487493 -7.6264187655397366 -0.041198948653267481 -4.6305759723565263 11.097911248253816 -0.35525963905430652 5.9798840967585445 -6.7676419302024557 -2.2852320621916955 -4.3760137988720986 2.9742943363560133 2.8041561973892026 5.3213430584710091 -4.2545650754320947 -6.5495184907438517 0.70166999245021666 10.058177525777197 -1.9511699155007662 -0.71778662309722341 5.1803264340497428 2.2810340011908625 5.4411520647112868 -1.2048341552062924 -1.8997660556097147 -4.2705197105993031 -0.19953133964208547 0.067009808712285387 6.5904121234735715 -2.515269751299964 6.6358350360857319 -2.4682940163475133 -0.67345160824646633 1.3649033767405812 7.2038180888189407 -0.32537068377707579 -0.83327813320154509 1.075307768644161 -0.43816017407527807 1.3165450926367734 1.6499439615077431 0.15123165762788138 3.5018817866425067 -1.4643797803312142 0.13616346683580119 -1.0291395081851769 0.62863235315509691 0.0043170080172884101
leaf_weight=0.48086227057501663 0.36012948071583994 0.32432826980948448 0.20871548680588603 0.37585408333688863 0.32819298841059241 0.45579608483240008 0.67385324416682102 0.22819828940555453 0.29325361363589764 0.34232459170743723 0.34265977796167213 0.32663040840998292 0.3737214207649231 0.33676440129056573 0.27543090796098113 0.91008449997752794 0.40514724655076861 0.38985954271629353 0.32775648683309555 0.51956620486453164 0.40240006474777956 0.34486633632332075 0.35326254880055863 1.4321287390775963 0.5098620238713919 0.64533860143274069 0.34374227607622732 0.62530931131914147 0.52069720858708102 0.48962400201708067 0.29266765760257829 0.16480392310768366 1.4933740822598327 0.55356596084311604 0.48585682548582554 0.36745587992481887 0.55049234814941883 0.48687332682311424 2.0717885384801837 0.70355934696271916 29.100746776675805 1.0236883352044959 0.40598743688315142 0.89727367181330819 0.43000168632715885 0.64454401377588544 1.0655456611420961 1.0423209294676778 0.30656155012547959 40.513077680254355 1.803713459754362 0.23769240966066651 9.8830102831125242 5.0868686363101032 5.9865418195258808 22.295096460962675 0.45752790942788024 2.5169338793493798 3.9359281435608864 3.8828487209975711 12.27238007262349 190.48116714414209
leaf_count=67 55 81 56 68 60 59 65 45 69 65 83 62 49 46 44 182 58 99 69 86 66 48 89 196 89 56 55 49 56 54 89 48 189 58 61 53 46 77 220 120 1917 196 54 90 32 65 84 164 54 3161 175 52 1154 227 208 3450 63 360 226 465 338 8134
internal_value=0 8.69411 -0.0374659 -4.4592 -0.0137057 3.51424 0.565248 -3.21351 -10.4645 6.22451 -0.0370994 -1.89521 1.98216 -5.70584 -5.47045 -0.0235021 -3.0874 -2.84572 -0.0119201 1.87136 -0.0241246 -1.92442 -3.02723 -2.20728 -0.914681 0.542885 -1.30012 -0.00851385 -0.0154776 -1.54735 -0.666941 4.07235 -0.000681856 2.48554 2.67258 -0.599609 -0.00936526 2.32195 -0.0165523 -0.399892 -0.312532 0.023561 1.91947 0.014621 0.0221303 1.19691 0.432355 1.2067 2.69192 0.00841306 -1.59969 -2.23205 0.0182559 0.280458 0.456782 0.263051 0.0509778 -0.0126561 1.04948 -0.0349612 0.0219764 0.0421059
internal_weight=0 1.05191 354.334 1.89383 352.441 2.32162 1.99343 1.19531 0.521452 0.798121 350.119 1.41297 0.700352 0.712618 0.874006 349.245 1.31523 0.598575 347.93 2.24022 345.689 2.81666 2.47179 2.12913 1.72065 1.21079 1.77587 342.873 341.985 3.27151 2.78188 0.457472 338.713 1.17888 0.888257 0.727585 337.534 1.03737 336.497 31.8761 31.1725 304.621 1.42968 303.191 302.294 3.48897 3.05897 2.41443 1.34888 298.805 2.32441 0.565449 297.311 50.1619 40.2789 30.3564 25.2696 24.812 9.92247 247.149 206.636 202.754
internal_count=23856 189 23667 292 23375 363 303 179 114 124 23012 225 111 114 199 22813 240 155 22573 352 22221 471 423 340 266 177 251 21750 21623 422 368 137 21201 107 127 108 21094 123 20971 2257 2137 18714 250 18464 18374 399 367 302 218 17975 231 121 17786 5688 4534 4100 3873 3810 434 12098 8937 8472
is_linear=0
shrinkage=0.05


Tree=49
num_leaves=63
num_cat=4
split_feature=50 84 51 10 51 0 66 49 81 3 65 4 66 3 9 50 48 63 57 50 1 53 57 10 58 50 57 0 66 65 10 3 51 48 58 58 47 57 53 9 63 47 66 51 42 65 59 47 10 36 3 0 47 48 85 63 66 57 60 0 66 65
split_gain=19299.2 58642.4 25237 14231.4 12508.1 10218.2 22969 15566.4 21123.8 12371.9 23749.8 12674.9 12155.4 10045.2 9183.79 6219.44 6527.07 11112 5920.16 5821.86 22060.4 5576.31 5185.6 6373.94 4623.03 4051.35 3923.51 3241.99 4341.08 6051.91 6665.86 3804.48 3919.62 3163.26 3043.81 2953.56 2903.74 2432.18 2433.44 2691.18 2400.6 2360.46 2210.83 4087.83 2154.04 2038.75 1971.17 1852.96 1721.48 1668.42 1548.39 1440.32 1437.36 1432.91 1356.93 1492.14 1342.82 1957.18 1844.27 1756.81 1658.7 2902.05
threshold=956.31309389064745 1.0000000180025095e-35 -856.44155816897216 -1.3777276490407722e-15 -417.69484913742502 0 714.5100000000001 -444.97836756504029 1.0000000180025095e-35 2021.5000000000002 462.29500000000002 1.0000000180025095e-35 1079.0400000000002 2019.5000000000002 -3.4820508075688772 -73.165064641760665 -195.60033532223119 733.44852272727292 78.442239120034515 -634.99286900830236 7.5000000000000009 69.060209448575748 -155.90602995347754 3.2320508075688776 773.93887067132903 -382.28765368272678 130.61482054981983 1 220.73333333333335 140.32000000000002 8.8301270189221963 2016.5000000000002 -133.36311199906001 -376.84636285535777 256.53010532844291 348.27579927087419 -439.46835506411372 160.62956478505774 110.04087565811115 -12.745190528383292 999.57916666666677 -108.10476176929426 29.716666666666672 34.825020144567752 1.0000000180025095e-35 653.04000000000008 0.24128117391590556 -21.778512539824622 -10.000000000000002 0.25000000000000022 2021.5000000000002 2 -116.81170287210959 -49.003965265313035 1.0000000180025095e-35 649.18333333333351 17.35166666666667 -57.698547771237038 -46.450677490046004 3 92.551666666666691 230.30500000000004
decision_type=2 2 2 2 2 9 2 2 2 2 2 2 2 2 2 2 2 2 2 2 2 2 2 2 2 2 2 9 2 2 2 2 2 2 2 2 2 2 2 2 2 2 2 2 2 2 2 2 2 2 2 9 2 2 2 2 2 2 2 9 2 2
left_child=2 4 3 14 -2 7 19 8 12 10 -8 -12 -4 -6 -1 18 17 -17 22 20 36 -18 23 -9 27 -24 33 46 40 30 48 32 34 -26 -31 -23 -7 38 39 47 41 49 -42 -44 -40 50 -21 -33 -30 54 -41 -43 -34 -54 55 -29 57 -53 -58 -60 -61 -62
right_child=1 -3 5 -5 13 6 9 15 -10 -11 11 -13 -14 -15 -16 16 21 -19 -20 24 -22 35 25 -25 26 -27 -28 28 29 31 -32 37 52 -35 -36 -37 -38 -39 44 45 42 51 43 -45 -46 -47 -48 -49 -50 -51 -52 56 53 -55 -56 -57 58 -59 59 60 61 -63
leaf_value=-10.061050403262456 -7.7610004719223689 25.063822913135027 -9.6413938443645311 -15.451382676712576 9.5164872974685846 -4.7929854009133779 14.597301911632153 -1.4132873200708957 -19.957443474218447 -1.6310346160020459 -2.5118644658707945 8.8775734172301863 5.1752529640778286 -0.62339252249331745 1.3827889702537945 -2.5038037044974035 -0.43665423645799883 11.951284480957314 -8.1415554354567448 -0.67439107267483323 16.822441787923633 -2.3413918251334844 3.6398665688956502 -11.971586440416782 -4.9730842544978522 -2.1700979891340686 -8.3698742174888352 -1.4898519154428165 3.8433110202702161 3.1596416334152466 7.6056296377800283 0.67371441537698229 -2.1833490423813742 1.2501977610507891 11.215153037006473 -8.3312099124671199 2.7117313007335806 -3.2286612918675588 4.199862240755956 -0.4934679505697287 0.47305375781457493 -0.32484569008955799 10.622824759371627 1.1933543717944637 -0.26202803540523883 -2.7086352776094555 -2.121210327718841 4.4915277780360361 0.70927953213563821 0.9972243127885444 1.3702159917647545 1.2016899193534896 4.281901528144334 0.41520919836055659 -0.27282033308803438 -4.5976253589521354 -0.4110461237220242 -0.030815767904970249 -0.22906034781346932 0.34069004720532792 1.7183049682344955 -0.27367601630563498
leaf_weight=0.30464927526190877 0.32050461787730444 0.3078389624133705 0.31053366465493937 0.37913373159244546 0.41725511732511111 0.28724636835977435 0.66350404173135691 0.28634232701733653 0.27497098036110401 0.51072520576417435 0.56780890608206391 0.42870882526040077 0.24975226214155555 0.58907710015773773 0.41295598959550261 0.26570579968392838 5.2266217954456797 0.26609683409333229 0.50743759609758843 7.1871158569119853 0.24280504183843732 0.5007986333221196 0.34208661504089821 0.28542768675833941 0.36579126911237836 2.441719899419696 0.27739397762343287 2.9407495646737511 0.63273693667724784 0.29296916583552945 0.61501026735641051 0.9353316449560225 0.26264176703989495 0.46219651168212184 0.19552942784503102 0.34939080802723765 0.23380578262731333 0.53204592084512192 0.68100024340674348 5.4716681330464771 0.70804481697268673 17.342856739182025 0.18801784049719572 0.29569939244538546 0.44872725335881114 0.8507455252110957 3.5008752187713981 0.48138711694627534 1.4248528466559938 0.94203300587832917 1.399557893630117 3.2728623382281503 0.40158180496655393 0.59398891543969423 2.0694682346656919 0.44463130622170854 9.9452916723676008 203.34286712645553 10.447893694508819 53.519208457320929 5.824446043930946 2.6650201145093888
leaf_count=47 63 66 83 51 99 69 94 60 35 30 57 62 38 43 72 47 247 61 99 666 48 90 74 49 87 376 47 382 57 68 66 98 62 97 52 53 42 80 74 662 82 1115 49 88 55 98 389 52 153 69 125 83 95 141 277 83 1241 8622 1285 4446 391 324
internal_value=0 5.40276 -0.042492 -7.61549 0.841204 -0.0191094 0.0459422 -1.08165 -8.60713 5.17425 7.26798 2.38795 -3.03675 3.5809 -3.47553 -1.51432 -0.582681 4.72905 -3.10811 0.0147101 4.37493 -1.04753 -2.34694 -6.68399 0.00494187 -1.45614 -3.22334 0.0154418 0.0516587 0.877907 3.03823 0.41775 2.58274 -1.49915 6.38399 -4.80295 -1.42548 0.0676162 0.238409 -0.0322197 0.0132489 0.00471418 2.25305 4.85853 2.4276 -0.399737 -0.593244 1.97097 1.67304 -0.945883 -0.113866 0.0245629 1.10691 1.97491 -1.28145 -1.89802 0.0548707 -0.0112925 0.227428 0.315064 0.382069 1.09298
internal_weight=0 1.63468 356.3 1.09674 1.32684 355.204 343.897 11.3069 0.835257 2.17075 1.66002 0.996518 0.560286 1.00633 0.717605 10.4716 6.60861 0.531803 3.86301 341.726 0.763857 6.07681 3.35558 0.57177 340.962 2.78381 1.10538 339.857 329.169 15.2198 2.6726 12.5472 1.74671 0.827988 0.488499 0.850189 0.521052 10.8005 10.2684 9.13869 313.949 312.757 1.19176 0.483717 1.12973 7.72197 10.688 1.41672 2.05759 6.39688 6.87123 306.36 1.25821 0.995571 5.45485 3.38538 289.018 206.616 82.4019 72.4566 62.0087 8.48947
internal_count=23916 271 23645 170 205 23475 22163 1312 156 243 213 119 121 142 119 1156 498 108 658 21920 159 390 559 109 21761 450 231 21530 20475 1938 276 1662 418 184 120 143 111 1244 1164 1035 18537 18318 219 137 129 885 1055 150 210 811 787 17507 298 236 742 465 16392 8705 7687 6446 5161 715
cat_boundaries=0 22 42 65 86
cat_threshold=557056 256 16777728 0 8208 0 4 0 0 268436484 0 0 0 0 16384 4 4720770 1720320 130 32772 64 2097152 131074 0 537395200 524336 16384 512 1 0 2147483648 1073758208 0 69206016 0 0 0 67108864 8652096 152 134283328 196609 0 536871040 4 385 0 8192 4274 0 1048577 8388616 0 671088640 0 524288 66 50331648 1 8224 536870912 0 0 268959744 128 135266304 64 129 0 0 2147483648 134267904 0 0 0 0 3489660928 0 319815808 168 268435456 1048576 2164265024 268 16 512
is_linear=0
shrinkage=0.05


end of trees

feature_importances:
same_month_mean_3y=252
seasonal_amplitude_ratio=187
roll_std_3=149
same_month_max_3y=145
roll_std_12=143
lag_6=128
roll_mean_12=126
year=119
roll_mean_3=112
lag_12=105
last_nonzero_value=104
lag_1=99
mean_nonzero_12=95
rolling_12_slope=92
median_nonzero_12=88
roll_std_6=84
roll_mean_6=82
item_type_month_cos=75
diff12=74
unique_id=66
lag_24=64
lag_3=62
diff1=60
lag_2=57
month=49
year_idx=42
item_type_month_sin=38
name_tok_3_month_cos=23
month_cos=18
name_tok_13_month_cos=18
same_month_nonzero_rate_3y=17
name_tok_9_month_sin=15
name_tok_11_month_cos=15
name=14
name_tok_11=14
name_tok_1_month_cos=12
name_tok_9_month_cos=12
name_tok_13=12
name_cluster_id_month_cos=10
name_tok_3_month_sin=10
name_tok_7_month_sin=10
name_tok_6=10
name_tok_9=10
month_sin=9
name_tok_1_month_sin=8
name_tok_5_month_cos=8
name_tok_11_month_sin=8
name_tok_3=8
name_tok_5_month_sin=7
name_tok_6_month_cos=7
name_tok_13_month_sin=7
name_tok_5=7
name_tok_15=7
quarter_cos=6
name_tok_0_month_sin=6
name_tok_8_month_sin=6
quarter_sin=5
name_tok_0_month_cos=5
name_tok_4_month_sin=5
name_tok_4_month_cos=5
name_tok_7_month_cos=5
name_tok_8=5
name_cluster_id_month_sin=4
name_tok_8_month_cos=4
name_tok_14_month_sin=4
item_month_nonzero_rate=4
Status=4
name_tok_0=4
quarter=3
name_tok_6_month_sin=3
name_tok_10_month_sin=3
name_tok_12_month_cos=3
item_type=3
name_tok_4=3
name_tok_10=3
name_tok_2_month_cos=2
name_tok_10_month_cos=2
name_tok_14_month_cos=2
name_tok_7=2
name_tok_14=2
name_tok_15_month_sin=1
name_tok_15_month_cos=1
name_tok_1=1
name_tok_12=1

parameters:
[boosting: gbdt]
[objective: regression]
[metric: l2]
[tree_learner: serial]
[device_type: cpu]
[data_sample_strategy: bagging]
[data: ]
[valid: ]
[num_iterations: 2000]
[learning_rate: 0.05]
[num_leaves: 63]
[num_threads: 0]
[seed: 42]
[deterministic: 0]
[force_col_wise: 0]
[force_row_wise: 0]
[histogram_pool_size: -1]
[max_depth: -1]
[min_data_in_leaf: 50]
[min_sum_hessian_in_leaf: 0.001]
[bagging_fraction: 0.8]
[pos_bagging_fraction: 1]
[neg_bagging_fraction: 1]
[bagging_freq: 1]
[bagging_seed: 400]
[feature_fraction: 0.8]
[feature_fraction_bynode: 1]
[feature_fraction_seed: 30056]
[extra_trees: 0]
[extra_seed: 12879]
[early_stopping_round: 0]
[early_stopping_min_delta: 0]
[first_metric_only: 0]
[max_delta_step: 0]
[lambda_l1: 0]
[lambda_l2: 0]
[linear_lambda: 0]
[min_gain_to_split: 0]
[drop_rate: 0.1]
[max_drop: 50]
[skip_drop: 0.5]
[xgboost_dart_mode: 0]
[uniform_drop: 0]
[drop_seed: 17869]
[top_rate: 0.2]
[other_rate: 0.1]
[min_data_per_group: 100]
[max_cat_threshold: 32]
[cat_l2: 10]
[cat_smooth: 10]
[max_cat_to_onehot: 4]
[top_k: 20]
[monotone_constraints: ]
[monotone_constraints_method: basic]
[monotone_penalty: 0]
[feature_contri: ]
[forcedsplits_filename: ]
[refit_decay_rate: 0.9]
[cegb_tradeoff: 1]
[cegb_penalty_split: 0]
[cegb_penalty_feature_lazy: ]
[cegb_penalty_feature_coupled: ]
[path_smooth: 0]
[interaction_constraints: ]
[verbosity: -1]
[saved_feature_importance_type: 0]
[use_quantized_grad: 0]
[num_grad_quant_bins: 4]
[quant_train_renew_leaf: 0]
[stochastic_rounding: 1]
[linear_tree: 0]
[max_bin: 255]
[max_bin_by_feature: ]
[min_data_in_bin: 1]
[bin_construct_sample_cnt: 200000]
[data_random_seed: 175]
[is_enable_sparse: 1]
[enable_bundle: 1]
[use_missing: 1]
[zero_as_missing: 0]
[feature_pre_filter: 1]
[pre_partition: 0]
[two_round: 0]
[header: 0]
[label_column: ]
[weight_column: ]
[group_column: ]
[ignore_column: ]
[categorical_feature: 0,72,73,74]
[forcedbins_filename: ]
[precise_float_parser: 0]
[parser_config_file: ]
[objective_seed: 16083]
[num_class: 1]
[is_unbalance: 0]
[scale_pos_weight: 1]
[sigmoid: 1]
[boost_from_average: 1]
[reg_sqrt: 0]
[alpha: 0.9]
[fair_c: 1]
[poisson_max_delta_step: 0.7]
[tweedie_variance_power: 1.5]
[lambdarank_truncation_level: 30]
[lambdarank_norm: 1]
[label_gain: ]
[lambdarank_position_bias_regularization: 0]
[eval_at: ]
[multi_error_top_k: 1]
[auc_mu_weights: ]
[num_machines: 1]
[local_listen_port: 12400]
[time_out: 120]
[machine_list_filename: ]
[machines: ]
[gpu_platform_id: -1]
[gpu_device_id: -1]
[gpu_use_dp: 0]
[num_gpu: 1]

end of parameters

pandas_categorical:[]
